Name,TeamAbbreviation,Turnovers,LiveBallTurnovers,Fouls,Charge Fouls,FoulsDrawn,OnDefRtg,Blocks,Steals,Points,FG2A,Fg2Pct,FG3A,NonHeaveFg3Pct,FtPoints,PtsAssisted2s,PtsUnassisted2s,PtsAssisted3s,PtsUnassisted3s,Assisted2sPct,NonPutbacksAssisted2sPct,Assisted3sPct,FG3APct,ShotQualityAvg,EfgPct,TsPct,PtsPutbacks,Usage,Rebounds,DefRebounds,DefTwoPtRebounds,DefTwoPtReboundPct,DefThreePtRebounds,DefThreePtReboundPct,OffRebounds,OffTwoPtRebounds,OffTwoPtReboundPct,OffThreePtRebounds,OffThreePtReboundPct,OffFGReboundPct,DefAtRimReboundPct,OffAtRimReboundPct,Assists,AssistPoints,TwoPtAssists,ThreePtAssists,FTA,TwoPtShootingFoulsDrawn,2pt And 1 Free Throw Trips,ThreePtShootingFoulsDrawn,3pt And 1 Free Throw Trips,NonShootingFoulsDrawn,ShootingFoulsDrawnPct,AtRimFG3AFrequency,Avg2ptShotDistance,Avg3ptShotDistance,AtRimFGA,AtRimFrequency,AtRimAccuracy,AtRimPctAssisted,AtRimPctBlocked,ShortMidRangeFGA,ShortMidRangeFrequency,ShortMidRangeAccuracy,ShortMidRangePctBlocked,LongMidRangeFGA,LongMidRangeFrequency,LongMidRangeAccuracy,LongMidRangePctAssisted,Corner3FGA,Corner3Frequency,Corner3Accuracy,UnblockedCorner3Accuracy,Corner3PctAssisted,Arc3FGA,Arc3Accuracy,NonHeaveArc3FGM,NonHeaveArc3FGA,NonHeaveArc3Accuracy,Pos
Franz Wagner,ORL,2.671415850400710,1.6918967052537800,1.730257320319430,0.089047195013357,7.034728406055210,112.64367816092000,0.618921308576481,1.5030946065428800,30.45414069456810,15.494211932324100,0.5057471264367820,6.500445235975070,0.3424657534246580,8.103294746215500,8.192341941228850,7.479964381121990,5.609973285841500,1.068566340160290,0.5227272727272730,0.5476190476190480,0.84,0.2955465587044530,0.5457939271255060,0.5080971659919030,0.5721476510067110,0.7123775601068570,25.465838509316800,4.259094942324760,6.10079575596817,3.094606542882410,0.1151315789473680,2.475685234305920,0.1365853658536590,2.404274265360640,1.068566340160290,0.0481927710843373,1.2466607301870000,0.0598290598290598,0.0538302277432712,0.1313131313131310,0.0851063829787234,5.075690115761350,12.377560106856600,2.8495102404274300,2.226179875333930,9.70614425645592,4.007123775601070,0.4452359750667850,0.0,0.0,0.9795191451469280,0.156794425087108,0.6558704453441300,5.357471264367820,25.947945205479500,7.92520035618878,0.3603238866396760,0.6629213483146070,0.559322033898305,0.0337078651685393,6.233303650935000,0.2834008097165990,0.3428571428571430,0.1714285714285710,1.335707925200360,0.0607287449392712,0.3333333333333330,0.4,0.8904719501335710,0.0404858299595141,0.4,0.4,0.75,5.609973285841500,0.3333333333333330,21,63,0.3333333333333330,SF
Devin Booker,PHX,5.102954341987470,3.670546105640110,1.882563872702820,0.0895255147717099,8.236347358997310,112.38779174147200,0.3590664272890490,1.2567324955116700,37.33213965980300,18.442256042972200,0.5533980582524270,7.520143240823640,0.3452380952380950,9.131602506714410,6.624888093106540,13.786929274843300,5.102954341987470,2.6857654431513000,0.3245614035087720,0.3363636363636360,0.6551724137931030,0.2896551724137930,0.498395,0.5431034482758620,0.612759643916914,0.7162041181736800,30.307692307692300,2.823845809054240,4.21903052064632,1.526032315978460,0.0702479338842975,2.603231597845600,0.1062271062271060,1.432408236347360,0.6266786034019700,0.0284552845528455,0.8057296329453900,0.0321428571428571,0.0304182509505703,0.0588235294117647,0.032258064516129,9.221128021486120,23.545210384959700,4.118173679498660,5.102954341987470,10.116383169203200,3.939122649955240,1.1638316920322300,0.0895255147717099,0.0,1.3428827215756500,0.139751552795031,0.4379310344827590,10.233980582524300,26.62142857142860,3.849597135183530,0.1482758620689660,0.7906976744186050,0.3823529411764710,0.0232558139534883,9.042076991942700,0.3482758620689660,0.504950495049505,0.1188118811881190,5.550581915846020,0.2137931034482760,0.4677419354838710,0.2413793103448280,0.7162041181736800,0.0275862068965517,0.375,0.375,1.0,6.803939122649960,0.3421052631578950,26,76,0.3421052631578950,SG
Tyrese Maxey,PHI,3.1746031746031700,2.0541549953314700,1.5355979525360600,0.0933706816059757,6.2558356676003700,115.21335807050100,0.927643784786642,1.6697588126159600,39.49579831932770,17.366946778711500,0.4838709677419360,11.297852474323100,0.4132231404958680,8.683473389355740,6.349206349206350,10.45751633986930,9.803921568627450,4.201680672268910,0.3777777777777780,0.3820224719101120,0.7,0.3941368078175900,0.5231758957654720,0.5374592833876220,0.5909090909090910,0.1867413632119510,30.954290296712100,2.978129362494180,5.565862708719850,2.6901669758812600,0.1137254901960780,2.87569573283859,0.1143911439114390,0.3734827264239030,0.3734827264239030,0.014760147601476,0.0,0.0,0.0078431372549019,0.1078431372549020,0.0098039215686274,9.337068160597570,22.595704948646100,5.415499533146590,3.92156862745098,9.803921568627450,3.1746031746031700,0.3734827264239030,0.1867413632119510,0.1867413632119510,1.4005602240896400,0.1068249258160240,0.6286644951140070,7.743010752688170,26.663636363636400,6.722689075630250,0.2345276872964170,0.5972222222222220,0.3953488372093020,0.1111111111111110,6.816059757236230,0.2377850162866450,0.4383561643835620,0.0547945205479452,3.828197945845010,0.1335504885993490,0.3658536585365850,0.2666666666666670,0.9337068160597570,0.0325732899022801,0.4,0.4,0.75,10.364145658263300,0.4144144144144140,46,111,0.4144144144144140,PG
Cooper Flagg,DAL,3.0927835051546400,1.8744142455482700,1.6263940520446100,0.0,4.404873477038430,114.83870967741900,1.0138248847926300,1.7511520737327200,21.836925960637300,13.120899718837900,0.5214285714285720,5.435801312089970,0.293103448275862,3.373945641986880,4.498594189315840,9.184629803186500,3.655107778819120,1.1246485473289600,0.3287671232876710,0.3333333333333330,0.7647058823529410,0.2929292929292930,0.5183451530612250,0.4974747474747470,0.5344036697247710,0.1874414245548270,20.934111759799800,4.41449814126394,7.28110599078341,3.778801843317970,0.1453900709219860,2.3963133640553,0.1106382978723400,1.499531396438610,0.4686035613870670,0.0193798449612403,0.9372071227741330,0.040650406504065,0.0297619047619047,0.1136363636363640,0.0439560439560439,4.404873477038430,11.059044048734800,2.1555763823805100,2.24929709465792,4.311152764761010,1.9681349578256800,0.5623242736644800,0.0,0.0,0.4686035613870670,0.0985915492957746,0.5808080808080810,7.4,25.27586206896550,5.342080599812560,0.2878787878787880,0.631578947368421,0.3611111111111110,0.0701754385964912,5.342080599812560,0.2878787878787880,0.5087719298245610,0.1228070175438600,2.436738519212750,0.1313131313131310,0.3076923076923080,0.375,1.218369259606370,0.0656565656565656,0.0769230769230769,0.0769230769230769,0.0,4.217432052483600,0.3555555555555560,16,45,0.3555555555555560,PG
Lauri Markkanen,UTA,1.7958412098298700,1.3232514177693800,1.3757115749525600,0.0,8.790170132325140,118.28571428571400,0.6666666666666670,1.3333333333333300,40.54820415879020,15.689981096408300,0.5662650602409640,12.759924385633300,0.3851851851851850,8.034026465028360,13.799621928166400,3.9697542533081300,13.610586011342200,1.1342155009451800,0.776595744680851,0.8488372093023260,0.9230769230769230,0.4485049833887040,0.5221353820598010,0.5714285714285710,0.6228070175438600,1.5122873345935700,28.833865814696500,4.032258064516130,5.047619047619050,2.095238095238100,0.0944206008583691,2.761904761904760,0.1070110701107010,3.0245746691871500,1.3232514177693800,0.0600858369098712,1.7013232514177700,0.0618556701030927,0.0610687022900763,0.064516129032258,0.0806451612903225,2.74102079395085,6.899810964083180,1.3232514177693800,1.4177693761814700,9.073724007561440,3.119092627599240,0.8506616257088850,0.0945179584120983,0.0945179584120983,1.606805293005670,0.1046153846153850,0.6677740863787380,6.301807228915660,25.84,6.238185255198490,0.2192691029900330,0.7575757575757580,0.76,0.0303030303030303,7.466918714555770,0.2624584717607970,0.4683544303797470,0.1392405063291140,1.9848771266540600,0.0697674418604651,0.3333333333333330,0.4285714285714290,2.457466918714560,0.0863787375415282,0.5384615384615380,0.5384615384615380,0.9285714285714290,10.302457466918700,0.3486238532110090,38,109,0.3486238532110090,PF
Shai Gilgeous-Alexander,OKC,2.4975984630163300,1.633045148895290,1.348098218584500,0.0,9.029779058597500,106.08108108108100,1.351351351351350,2.123552123552120,46.01344860710860,20.65321805955810,0.5906976744186050,8.45341018251681,0.3863636363636360,11.81556195965420,4.226705091258410,20.172910662824200,2.3054755043227700,7.492795389048990,0.1732283464566930,0.1746031746031750,0.2352941176470590,0.2904290429042900,0.5101541254125410,0.5874587458745880,0.6606145251396650,0.1921229586935640,32.820512820512800,3.514684641309580,6.467181467181470,3.088803088803090,0.1216730038022810,2.9922779922779900,0.1341991341991340,0.5763688760806920,0.4803073967339100,0.0251256281407035,0.0960614793467819,0.0037878787878787,0.0129589632829373,0.1022727272727270,0.0175438596491228,9.702209414024980,25.072046109510100,4.034582132564840,5.667627281460140,13.064361191162300,5.379442843419790,1.440922190201730,0.2881844380403460,0.0,1.0566762728146000,0.170028818443804,0.5082508250825080,9.346976744186050,25.86704545454550,6.340057636887610,0.2178217821782180,0.7575757575757580,0.24,0.0757575757575757,8.93371757925072,0.3069306930693070,0.5268817204301080,0.043010752688172,5.379442843419790,0.1848184818481850,0.5,0.1071428571428570,0.4803073967339100,0.0165016501650165,0.4,0.4,0.5,7.973102785782900,0.3855421686746990,32,83,0.3855421686746990,PG
Trey Murphy III,NOP,2.909796314258000,1.7458777885548000,1.549636803874090,0.1939864209505330,4.073714839961200,121.37330754352000,0.1934235976789170,2.0309477756286300,26.77012609117360,9.50533462657614,0.5612244897959180,10.281280310378300,0.3773584905660380,4.461687681862270,6.789524733268670,3.879728419010670,9.602327837051410,2.0368574199806000,0.6363636363636360,0.7142857142857140,0.825,0.5196078431372550,0.5454059113300490,0.5637254901960780,0.609375,1.1639185257032000,21.308724832214800,4.552058111380150,6.769825918762090,1.7408123791102500,0.1016949152542370,4.932301740812380,0.2007874015748030,2.327837051406400,1.066925315227930,0.0391459074733096,1.2609117361784700,0.0560344827586206,0.0467836257309941,0.0649350649350649,0.0508474576271186,4.267701260911740,10.184287099903000,2.6188166828322000,1.6488845780795300,4.75266731328807,1.939864209505340,0.3879728419010670,0.0,0.0,0.3879728419010670,0.0909090909090909,0.7843137254901960,5.46734693877551,26.671698113207500,5.237633365664400,0.2647058823529410,0.6851851851851850,0.6756756756756760,0.074074074074074,3.685741998060140,0.1862745098039220,0.4210526315789470,0.1052631578947370,0.5819592628516000,0.0294117647058823,0.3333333333333330,1.0,0.8729388942774010,0.0441176470588235,0.4444444444444440,0.4444444444444440,1.0,9.408341416100870,0.3711340206185570,36,97,0.3711340206185570,SF
Dyson Daniels,ATL,3.073967339097020,2.3054755043227700,1.7694882831181300,0.0960614793467819,2.4975984630163300,114.0,0.6666666666666670,3.333333333333330,12.87223823246880,10.470701248799200,0.5137614678899080,1.2487992315081700,0.2307692307692310,1.2487992315081700,5.95581171950048,4.803073967339100,0.8645533141210370,0.0,0.5535714285714290,0.6078431372549020,1.0,0.1065573770491800,0.5437262295081970,0.4959016393442620,0.5114503816793890,0.9606147934678190,13.919726729291200,4.2563366810138700,5.904761904761910,2.857142857142860,0.1229508196721310,2.6666666666666700,0.1115537848605580,2.5936599423631100,1.440922190201730,0.0609756097560975,1.1527377521613800,0.0585365853658536,0.0598669623059867,0.1458333333333330,0.0588235294117647,8.45341018251681,20.172910662824200,5.187319884726230,3.266090297790590,2.0172910662824200,1.1527377521613800,0.2881844380403460,0.0,0.0,0.0,0.0916030534351145,0.5245901639344260,4.614678899082570,25.53076923076920,4.899135446685880,0.4180327868852460,0.6078431372549020,0.5806451612903230,0.0784313725490196,5.571565802113350,0.4754098360655740,0.4310344827586210,0.0517241379310344,0.0,0.0,0.0,0.0,0.3842459173871280,0.0327868852459016,0.5,0.5,1.0,0.8645533141210370,0.1111111111111110,1,9,0.1111111111111110,SG
Desmond Bane,ORL,3.498542274052480,1.554907677356660,2.4757281553398100,0.3887269193391640,3.206997084548110,113.57904946653700,0.4849660523763340,1.066925315227930,24.68415937803690,13.216715257531600,0.5073529411764710,7.288629737609330,0.3066666666666670,4.567541302235180,6.997084548104960,6.41399416909621,4.373177842565600,2.332361516034990,0.5217391304347830,0.5538461538461540,0.6521739130434780,0.3554502369668250,0.513995971563981,0.490521327014218,0.5413043478260870,0.7774538386783290,22.59983007646560,3.203883495145630,4.849660523763340,2.812803103782740,0.1074074074074070,1.6488845780795300,0.0833333333333333,1.554907677356660,0.6802721088435370,0.0294117647058823,0.7774538386783290,0.0373831775700934,0.0331858407079646,0.0833333333333333,0.0337078651685393,6.511175898931000,15.54907677356660,3.984450923226430,2.526724975704570,4.956268221574340,1.554907677356660,0.4859086491739550,0.0,0.0,0.7774538386783290,0.072072072072072,0.6255924170616110,7.333088235294120,25.674666666666700,5.539358600583090,0.2701421800947870,0.6140350877192980,0.5714285714285710,0.1403508771929820,5.150631681243930,0.2511848341232230,0.4339622641509430,0.1509433962264150,2.526724975704570,0.1232227488151660,0.4230769230769230,0.5454545454545450,1.749271137026240,0.0853080568720379,0.3333333333333330,0.3333333333333330,1.0,5.539358600583090,0.2982456140350880,17,57,0.2982456140350880,SG
Miles Bridges,CHA,2.217936354869820,1.5429122468659600,1.2025012025012000,0.0,3.953712632594020,119.67370441458700,0.5758157389635320,0.9596928982725530,29.797492767598800,11.378977820636500,0.4830508474576270,12.246865959498600,0.3622047244094490,5.496624879459980,5.400192864030860,5.593056894889100,12.15043394406940,1.1571841851494700,0.4912280701754390,0.5185185185185190,0.9130434782608700,0.5183673469387760,0.5215383673469390,0.5142857142857140,0.5597826086956520,0.5785920925747350,25.16835016835020,4.713804713804710,7.9654510556621900,3.3589251439539300,0.1411290322580650,3.742802303262960,0.193069306930693,1.446480231436840,0.2892960462873670,0.0133928571428571,1.0607521697203500,0.04296875,0.0291666666666666,0.16,0.0108695652173913,5.303760848601740,12.92189006750240,2.9893924783028000,2.314368370298940,6.171648987463840,2.1215043394406900,0.0,0.0964320154291224,0.0,0.7714561234329800,0.085820895522388,0.746938775510204,5.859322033898310,25.444881889763800,5.400192864030860,0.2285714285714290,0.5,0.5714285714285710,0.0714285714285714,5.400192864030860,0.2285714285714290,0.4821428571428570,0.0535714285714285,0.5785920925747350,0.0244897959183673,0.3333333333333330,0.5,3.278688524590160,0.1387755102040820,0.4117647058823530,0.4117647058823530,1.0,8.96817743490839,0.3440860215053760,32,93,0.3440860215053760,PF
Derrick White,BOS,2.138492871690430,1.323828920570270,1.3740458015267200,0.0,4.989816700611000,111.19023397762000,2.034587995930820,2.644964394710070,24.338085539714900,10.183299389002000,0.43,13.340122199592700,0.3053435114503820,3.360488798370670,4.684317718940940,4.073319755600820,7.942973523421590,4.276985743380860,0.5348837209302330,0.5609756097560980,0.65,0.5670995670995670,0.5183089130434780,0.4458874458874460,0.483739837398374,0.4073319755600820,23.19721980886190,3.053435114503820,4.781281790437440,2.2380467955239100,0.0901639344262295,2.136317395727370,0.0864197530864197,1.323828920570270,0.4073319755600820,0.0170212765957446,0.814663951120163,0.0293040293040293,0.0236220472440944,0.0895522388059701,0.044776119402985,8.146639511201630,19.85743380855400,4.582484725050920,3.564154786150710,4.073319755600820,1.8329938900203700,0.6109979633401220,0.2036659877800410,0.1018329938900200,0.2036659877800410,0.081967213114754,0.6796536796536800,9.474,25.980916030534400,2.6476578411405300,0.1125541125541130,0.5769230769230770,0.3333333333333330,0.1923076923076920,4.887983706720980,0.2077922077922080,0.3541666666666670,0.1041666666666670,2.6476578411405300,0.1125541125541130,0.4230769230769230,0.6363636363636360,2.443991853360490,0.1038961038961040,0.375,0.391304347826087,1.0,10.896130346232200,0.2897196261682240,31,107,0.2897196261682240,SG
VJ Edgecombe,PHI,2.414486921529180,1.8108651911468800,2.1052631578947400,0.0,2.515090543259560,114.7852147852150,0.4995004995005000,1.5984015984016000,20.22132796780680,11.066398390342100,0.4363636363636360,7.243460764587530,0.375,2.414486921529180,4.627766599597590,5.030181086519110,7.847082494969820,0.3018108651911470,0.4791666666666670,0.4893617021276600,0.9629629629629630,0.3956043956043960,0.5324914835164840,0.4862637362637360,0.5101522842639590,0.2012072434607650,18.921232876712300,3.709273182957390,4.995004995005000,1.998001998002000,0.0784313725490196,2.5974025974026000,0.1092436974789920,2.414486921529180,1.2072434607645900,0.0458015267175572,1.1066398390342100,0.0521327014218009,0.0486257928118393,0.1067961165048540,0.05,5.633802816901410,13.782696177062400,3.118712273641850,2.515090543259560,3.319919517102620,1.3078470824949700,0.1006036217303820,0.2012072434607650,0.2012072434607650,0.3018108651911470,0.0773195876288659,0.6648351648351650,6.87,25.681944444444400,4.929577464788730,0.2692307692307690,0.5714285714285710,0.6071428571428570,0.1020408163265310,4.527162977867200,0.2472527472527470,0.3333333333333330,0.0444444444444444,1.6096579476861200,0.0879120879120879,0.3125,0.4,0.9054325955734410,0.0494505494505494,0.3333333333333330,0.375,1.0,6.338028169014090,0.3809523809523810,24,63,0.3809523809523810,SG
Duncan Robinson,DET,1.0967098703888300,0.6979062811565300,1.998001998002000,0.0,2.4925224327018900,112.91291291291300,0.5005005005005010,1.3013013013013000,18.943170488534400,3.090727816550350,0.5483870967741940,10.967098703888300,0.4181818181818180,1.7946161515453600,2.3928215353938200,0.9970089730807580,13.45962113659020,0.2991026919242270,0.7058823529411770,0.75,0.9782608695652170,0.7801418439716310,0.544513475177305,0.6099290780141840,0.6266666666666670,0.1994017946161520,13.632514817950900,2.097902097902100,3.503503503503500,1.901901901901900,0.075098814229249,1.6016016016016000,0.0714285714285714,0.6979062811565300,0.0997008973080757,0.0038022813688212,0.3988035892323030,0.0189573459715639,0.010548523206751,0.0476190476190476,0.0,2.991026919242270,6.679960119641080,2.293120638085740,0.6979062811565300,2.3928215353938200,0.1994017946161520,0.0,0.2991026919242270,0.0,0.3988035892323030,0.0342465753424657,0.8723404255319150,4.641935483870970,25.575454545454500,1.296111665004990,0.0921985815602836,0.6923076923076920,0.7777777777777780,0.0769230769230769,1.7946161515453600,0.1276595744680850,0.4444444444444440,0.1666666666666670,0.0,0.0,0.0,0.0,2.093718843469590,0.1489361702127660,0.4761904761904760,0.4761904761904760,1.0,8.873379860418740,0.4044943820224720,36,89,0.4044943820224720,SF
Payton Pritchard,BOS,2.158273381294960,1.2332990750256900,1.491769547325100,0.0,3.28879753340185,113.49124613800200,0.0,1.132852729145210,25.79650565262080,8.324768756423430,0.6049382716049380,12.435765673175700,0.3305785123966940,3.3915724563206600,1.4388489208633100,8.633093525179860,10.483042137718400,1.8499486125385400,0.1428571428571430,0.1489361702127660,0.85,0.599009900990099,0.5076195544554460,0.5396039603960400,0.5684931506849320,0.4110996916752310,20.81526452732000,3.343621399176960,5.149330587023690,2.368692070030900,0.0916334661354581,2.677651905252320,0.1120689655172410,1.5416238437821200,0.8221993833504630,0.0365296803652968,0.7194244604316550,0.0248226950354609,0.029940119760479,0.054054054054054,0.015625,7.708119218910590,18.91058581706060,4.213771839671120,3.494347379239470,4.110996916752310,1.5416238437821200,0.3083247687564230,0.1027749229188080,0.0,0.4110996916752310,0.0744186046511627,0.6881188118811880,10.7,26.72396694214880,1.8499486125385400,0.0891089108910891,0.6111111111111110,0.1818181818181820,0.2777777777777780,4.316546762589930,0.2079207920792080,0.6428571428571430,0.0476190476190476,2.158273381294960,0.1039603960396040,0.5238095238095240,0.2727272727272730,0.8221993833504630,0.0396039603960396,0.375,0.375,1.0,11.613566289825300,0.3274336283185840,37,113,0.3274336283185840,PG
Keyonte George,UTA,4.667328699106260,2.9791459781529300,1.592039800995030,0.0993048659384309,7.149950347567030,124.02791625124600,0.3988035892323030,1.4955134596211400,31.976166832174800,13.704071499503500,0.5217391304347830,9.533267130089370,0.2916666666666670,9.334657398212510,6.355511420059580,7.944389275074480,5.958291956305860,2.383316782522340,0.4444444444444440,0.4444444444444440,0.7142857142857140,0.4102564102564100,0.4873974358974360,0.4871794871794870,0.579136690647482,0.0,27.68313458262350,2.736318407960200,4.586241276171490,1.89431704885344,0.0922330097087378,2.59222333000997,0.1056910569105690,0.8937437934458790,0.3972194637537240,0.0187793427230046,0.4965243296921550,0.0187265917602996,0.01875,0.0701754385964912,0.0204081632653061,9.831181727904670,23.33664349553130,6.156901688182720,3.674280039721950,10.02979145978150,4.1708043694141000,0.6951340615690170,0.3972194637537240,0.0,0.4965243296921550,0.1684981684981690,0.5042735042735040,9.12536231884058,25.391666666666700,2.184707050645480,0.094017094017094,0.7272727272727270,0.5,0.1363636363636360,8.738828202581930,0.376068376068376,0.5,0.1363636363636360,2.780536246276070,0.1196581196581200,0.4285714285714290,0.3333333333333330,1.3902681231380300,0.0598290598290598,0.3571428571428570,0.3571428571428570,1.0,8.14299900695134,0.2804878048780490,23,82,0.2804878048780490,PG
Toumani Camara,POR,2.9411764705882400,2.156862745098040,2.1442495126705700,0.0,4.313725490196080,119.96124031007800,0.5813953488372090,1.4534883720930200,16.274509803921600,5.784313725490200,0.5423728813559320,9.31372549019608,0.3052631578947370,1.4705882352941200,5.098039215686270,1.1764705882352900,7.0588235294117600,1.4705882352941200,0.8125,0.9629629629629630,0.8275862068965520,0.6168831168831170,0.5637461038961040,0.4902597402597400,0.5060975609756100,0.9803921568627450,16.234309623431000,3.4113060428849900,4.263565891472870,1.937984496124030,0.0847457627118644,1.937984496124030,0.09009009009009,2.549019607843140,0.8823529411764710,0.0414746543778801,1.6666666666666700,0.060931899641577,0.0524193548387096,0.0606060606060606,0.0192307692307692,4.019607843137260,9.31372549019608,2.7450980392156900,1.2745098039215700,2.0588235294117600,0.9803921568627450,0.0980392156862745,0.0,0.0,0.0980392156862745,0.0613496932515337,0.8766233766233770,3.923728813559320,24.967368421052600,3.92156862745098,0.2597402597402600,0.725,0.7931034482758620,0.1,1.568627450980390,0.1038961038961040,0.1875,0.5,0.2941176470588240,0.0194805194805194,0.0,0.0,3.1372549019607800,0.2077922077922080,0.28125,0.28125,0.8888888888888890,6.176470588235290,0.3174603174603170,20,63,0.3174603174603170,PF
Jaylen Brown,BOS,5.486542443064180,2.691511387163560,2.427685950413220,0.2070393374741200,9.213250517598340,117.62886597938100,0.4123711340206190,1.2371134020618600,42.7536231884058,23.18840579710150,0.5625,8.902691511387160,0.3488372093023260,7.349896480331260,9.523809523809520,16.563146997929600,5.279503105590060,4.037267080745340,0.365079365079365,0.3709677419354840,0.5666666666666670,0.2774193548387100,0.5044237096774190,0.5516129032258070,0.5922190201729110,0.4140786749482400,35.18029903254180,4.287190082644630,7.11340206185567,2.989690721649490,0.1178861788617890,2.989690721649490,0.1312217194570140,1.4492753623188400,0.9316770186335400,0.04,0.5175983436853000,0.018450184501845,0.0282258064516129,0.1285714285714290,0.0303030303030303,6.314699792960660,16.045548654244300,2.898550724637680,3.4161490683229800,9.523809523809520,4.865424430641820,1.3457556935817800,0.10351966873706,0.10351966873706,0.3105590062111800,0.1395348837209300,0.5032258064516130,9.98794642857143,26.248837209302300,7.246376811594200,0.2258064516129030,0.7142857142857140,0.36,0.0571428571428571,6.625258799171840,0.2064516129032260,0.421875,0.125,9.316770186335400,0.2903225806451610,0.5444444444444440,0.4285714285714290,0.6211180124223600,0.0193548387096774,0.3333333333333330,0.3333333333333330,1.0,8.281573498964800,0.35,28,80,0.35,SF
Evan Mobley,CLE,3.784860557768930,2.689243027888450,1.6815034619188900,0.0,5.9760956175298800,111.98428290766200,2.161100196463650,1.6699410609037300,26.29482071713150,13.247011952191200,0.518796992481203,6.573705179282870,0.3636363636363640,5.378486055776890,8.764940239043820,4.9800796812749,5.677290836653390,1.49402390438247,0.6376811594202900,0.7213114754098360,0.7916666666666670,0.3316582914572860,0.559054292929293,0.5276381909547740,0.5546218487394960,1.593625498007970,23.854796888504800,6.083086053412460,8.546168958742630,4.616895874263260,0.1857707509881420,3.732809430255400,0.1704035874439460,3.585657370517930,1.593625498007970,0.0833333333333333,1.6932270916334700,0.0592334494773519,0.068893528183716,0.2307692307692310,0.0675675675675675,5.9760956175298800,15.239043824701200,2.689243027888450,3.2868525896414300,8.565737051792830,3.98406374501992,0.796812749003984,0.0,0.0,0.6972111553784860,0.1731601731601730,0.6482412060301510,5.887218045112780,26.060606060606100,6.274900398406370,0.3165829145728640,0.6984126984126980,0.6590909090909090,0.0476190476190476,5.776892430278890,0.2914572864321610,0.396551724137931,0.0689655172413793,1.195219123505980,0.0603015075376884,0.1666666666666670,0.5,0.298804780876494,0.0150753768844221,0.3333333333333330,0.3333333333333330,1.0,6.274900398406370,0.365079365079365,23,63,0.365079365079365,PF
DeMar DeRozan,SAC,1.3916500994035800,1.0934393638171000,1.3882002974714900,0.099403578528827,5.069582504970180,123.04648862512400,0.1978239366963400,1.5825914935707200,26.143141153081500,16.40159045725650,0.5212121212121210,3.280318091451290,0.3939393939393940,5.168986083499010,8.946322067594430,8.151093439363820,3.8767395626242600,0.0,0.5232558139534880,0.5421686746987950,1.0,0.1666666666666670,0.4687436868686870,0.5328282828282830,0.5886363636363640,0.5964214711729620,20.689655172413800,2.280614774417450,3.956478733926810,1.8793273986152300,0.0979381443298969,1.8793273986152300,0.0837004405286343,0.5964214711729620,0.2982107355864810,0.0104166666666666,0.2982107355864810,0.0160427807486631,0.0126315789473684,0.1296296296296300,0.0129870129870129,4.870775347912530,12.127236580516900,2.485089463220680,2.3856858846918500,6.063618290258450,2.68389662027833,1.0934393638171000,0.0,0.0,0.5964214711729620,0.1261682242990650,0.3131313131313130,11.847878787878800,24.6030303030303,2.8827037773359800,0.1464646464646460,0.6896551724137930,0.4,0.1034482758620690,6.560636182902580,0.3333333333333330,0.5454545454545450,0.0303030303030303,6.958250497017890,0.3535353535353540,0.4285714285714290,0.6,2.087475149105370,0.106060606060606,0.4285714285714290,0.4285714285714290,1.0,1.1928429423459200,0.3333333333333330,4,12,0.3333333333333330,PF
Rui Hachimura,LAL,1.6016016016016000,0.6006006006006010,1.3026052104208400,0.0,1.901901901901900,116.34904714142400,0.3009027081243730,0.9027081243731190,21.22122122122120,9.10910910910911,0.6153846153846150,5.405405405405410,0.4814814814814810,2.2022022022022000,8.408408408408410,2.8028028028028000,7.807807807807810,0.0,0.75,0.7924528301886790,1.0,0.3724137931034480,0.5393675862068970,0.6551724137931030,0.6666666666666670,0.6006006006006010,15.583259127337500,2.655310621242490,4.212637913741220,1.60481444332999,0.0792079207920792,2.507522567703110,0.1041666666666670,1.1011011011011000,0.9009009009009010,0.0476190476190476,0.1001001001001000,0.0047619047619047,0.025062656641604,0.0704225352112676,0.1034482758620690,1.7017017017017000,4.104104104104100,1.001001001001000,0.7007007007007010,3.003003003003000,1.5015015015015000,0.2002002002002000,0.0,0.0,0.1001001001001000,0.0949367088607595,0.6551724137931030,8.523076923076920,24.883333333333300,4.104104104104100,0.2827586206896550,0.6097560975609760,0.84,0.048780487804878,2.4024024024024000,0.1655172413793100,0.5416666666666670,0.0416666666666666,2.6026026026026000,0.1793103448275860,0.6923076923076920,0.7222222222222220,2.5025025025025000,0.1724137931034480,0.4,0.4,1.0,2.9029029029029000,0.5517241379310350,16,29,0.5517241379310350,PF
Deni Avdija,POR,4.780876494023910,3.2868525896414300,2.384500745156480,0.398406374501992,7.768924302788850,119.82160555005000,1.0901883052527300,0.6937561942517340,35.55776892430280,14.342629482071700,0.5555555555555560,9.362549800796810,0.3723404255319150,9.163346613545820,6.772908366533870,9.163346613545820,9.262948207171320,1.195219123505980,0.425,0.4533333333333330,0.8857142857142860,0.3949579831932770,0.560965756302521,0.5567226890756300,0.6263157894736840,0.99601593625498,28.268251273344700,4.470938897168410,7.135777998017840,3.270564915758180,0.1416309012875540,2.67591674925669,0.1363636363636360,1.792828685258960,0.796812749003984,0.038647342995169,0.99601593625498,0.037037037037037,0.0377358490566037,0.1354166666666670,0.0515463917525773,6.673306772908370,16.733067729083700,3.2868525896414300,3.3864541832669300,10.657370517928300,5.378486055776890,1.294820717131470,0.0,0.0,0.5976095617529880,0.1935483870967740,0.7605042016806720,4.794444444444440,25.76595744680850,8.665338645418330,0.3655462184873950,0.6666666666666670,0.4482758620689660,0.057471264367816,4.681274900398410,0.1974789915966390,0.3829787234042550,0.1914893617021280,0.99601593625498,0.042016806722689,0.4,0.5,1.095617529880480,0.0462184873949579,0.5454545454545450,0.5454545454545450,0.8333333333333330,8.266932270916340,0.3493975903614460,29,83,0.3493975903614460,SF
James Harden,LAC,5.246589716684160,4.197271773347330,1.2611665790856500,0.0,7.76495278069255,122.52631578947400,0.7368421052631580,1.263157894736840,35.67681007345230,10.703043022035700,0.5098039215686270,13.116474291710400,0.376,9.968520461699900,0.8394543546694650,10.073452256033600,6.925498426023090,7.869884575026230,0.0769230769230769,0.0769230769230769,0.4680851063829790,0.5506607929515420,0.5085980088495580,0.539647577092511,0.6339622641509430,0.0,29.522024367385200,4.308985811875990,7.7894736842105300,3.789473684210530,0.16,3.263157894736840,0.1441860465116280,0.8394543546694650,0.3147953830010490,0.0160427807486631,0.5246589716684160,0.0222222222222222,0.0194174757281553,0.1184210526315790,0.0,11.85729275970620,27.597061909758700,7.974816369359920,3.882476390346280,10.80797481636940,3.3578174186778600,0.7345225603357820,1.4690451206715600,0.4197271773347320,0.3147953830010490,0.1755725190839690,0.7444933920704850,5.776470588235300,27.0536,4.616998950682060,0.1938325991189430,0.6818181818181820,0.1333333333333330,0.1590909090909090,5.141657922350470,0.2158590308370040,0.3673469387755100,0.0816326530612244,0.944386149003148,0.039647577092511,0.4444444444444440,0.0,0.5246589716684160,0.0220264317180616,0.4,0.5,0.0,12.591815320042000,0.375,45,120,0.375,PG
Jimmy Butler III,GSW,2.579979360165120,1.6511867905056800,0.9264024704065880,0.0,8.04953560371517,109.85626283367600,0.4106776180698150,2.6694045174538000,31.062951496388000,14.241486068111500,0.5579710144927540,3.4055727554179600,0.4545454545454550,10.526315789473700,7.223942208462330,8.6687306501548,3.4055727554179600,1.238390092879260,0.4545454545454550,0.4929577464788730,0.7333333333333330,0.1929824561403510,0.5297438596491230,0.5818713450292400,0.6704035874439460,1.238390092879260,22.773186409550000,4.220277920741120,5.13347022587269,2.566735112936350,0.1141552511415530,2.2587268993839800,0.0916666666666666,3.302373581011350,2.3735810113519100,0.1179487179487180,0.9287925696594430,0.0368852459016393,0.0728929384965831,0.1388888888888890,0.1194029850746270,7.327141382868940,18.88544891640870,3.095975232198140,4.231166150670800,12.17750257997940,5.469556243550050,1.1351909184726500,0.1031991744066050,0.0,0.9287925696594430,0.2523364485981310,0.5847953216374270,6.010144927536230,25.324242424242400,6.914344685242520,0.391812865497076,0.7313432835820900,0.5102040816326530,0.0149253731343283,5.572755417956660,0.3157894736842110,0.4814814814814810,0.0925925925925925,1.7543859649122800,0.0994152046783625,0.1176470588235290,1.0,1.547987616099070,0.087719298245614,0.4666666666666670,0.4666666666666670,1.0,1.8575851393188900,0.4444444444444440,8,18,0.4444444444444440,SF
Brandon Ingram,TOR,3.771661569826710,2.4464831804281300,1.6819571865443400,0.0,4.892966360856270,119.46992864424100,1.1213047910295600,1.4271151885830800,29.76554536187560,16.411824668705400,0.5652173913043480,6.218144750254840,0.2786885245901640,6.014271151885830,8.358817533129460,10.19367991845060,4.587155963302750,0.6116207951070340,0.4505494505494510,0.4767441860465120,0.8823529411764710,0.2747747747747750,0.5141414414414420,0.5247747747747750,0.5870445344129560,1.019367991845060,25.84167424931760,4.281345565749240,7.543323139653420,2.4464831804281300,0.1188118811881190,4.689092762487260,0.1991341991341990,1.019367991845060,0.6116207951070340,0.026431718061674,0.4077471967380220,0.0209424083769633,0.0239234449760765,0.075268817204301,0.0657894736842105,5.402650356778800,13.45565749235470,2.7522935779816500,2.650356778797150,6.829765545361880,3.1600407747196700,1.1213047910295600,0.2038735983690110,0.0,0.3058103975535170,0.1352459016393440,0.4639639639639640,10.093788819875800,25.140983606557400,4.281345565749240,0.1891891891891890,0.6190476190476190,0.5,0.2619047619047620,7.237512742099900,0.3198198198198200,0.5774647887323940,0.028169014084507,4.892966360856270,0.2162162162162160,0.5,0.5833333333333330,1.7329255861366000,0.0765765765765765,0.2941176470588240,0.2941176470588240,0.8,4.485219164118250,0.2727272727272730,12,44,0.2727272727272730,SF
Devin Vassell,SAS,1.654601861427090,1.034126163391930,1.550387596899230,0.2068252326783870,2.378490175801450,109.60743801652900,0.4132231404958680,1.6528925619834700,19.648397104446700,7.549120992761120,0.4657534246575340,10.13443640124100,0.3469387755102040,2.068252326783870,4.963805584281280,2.068252326783870,10.237849017580100,0.3102378490175800,0.7058823529411770,0.7058823529411770,0.9705882352941180,0.5730994152046780,0.5303991228070180,0.4970760233918130,0.5222222222222220,0.0,17.915904936014600,2.48062015503876,4.4421487603305800,1.756198347107440,0.0661478599221789,2.479338842975210,0.1132075471698110,0.5170630816959670,0.0,0.0,0.5170630816959670,0.0223214285714285,0.0123762376237623,0.0505050505050505,0.0,3.722854188210960,8.686659772492240,2.4819027921406400,1.240951396070320,2.5853154084798300,0.9307135470527410,0.1034126163391930,0.3102378490175800,0.2068252326783870,0.0,0.0666666666666666,0.6608187134502920,11.142465753424700,25.35408163265310,1.5511892450879000,0.087719298245614,0.6,0.5555555555555560,0.0,2.8955532574974100,0.1637426900584800,0.3214285714285710,0.0714285714285714,3.1023784901758000,0.175438596491228,0.5333333333333330,0.8125,2.5853154084798300,0.1461988304093570,0.32,0.32,1.0,7.549120992761120,0.3561643835616440,26,73,0.3561643835616440,SG
Ryan Rollins,MIL,3.8702928870292900,2.719665271966530,2.344971339239190,0.0,3.7656903765690400,116.82242990654200,0.3115264797507790,2.596053997923160,27.301255230125500,12.02928870292890,0.5478260869565220,8.368200836820080,0.4625,2.510460251046030,2.719665271966530,10.460251046025100,7.845188284518830,3.7656903765690400,0.2063492063492060,0.2096774193548390,0.6756756756756760,0.4102564102564100,0.568071282051282,0.6076923076923080,0.6256038647343000,0.209205020920502,23.084200567644300,2.918186555497660,4.672897196261680,2.1806853582554500,0.0945945945945946,2.4922118380062300,0.1076233183856500,1.1506276150627600,0.5230125523012550,0.0233644859813084,0.5230125523012550,0.0240384615384615,0.0236966824644549,0.1282051282051280,0.0459770114942528,8.368200836820080,20.397489539749000,4.707112970711300,3.6610878661087900,3.2426778242677800,1.2552301255230100,0.3138075313807530,0.0,0.0,0.3138075313807530,0.0588235294117647,0.7384615384615390,6.480869565217390,25.61875,6.694560669456070,0.3282051282051280,0.6875,0.2045454545454550,0.140625,3.1380753138075300,0.1538461538461540,0.4666666666666670,0.1333333333333330,2.196652719665270,0.1076923076923080,0.238095238095238,0.4,1.5690376569037700,0.0769230769230769,0.7333333333333330,0.7333333333333330,0.9090909090909090,6.799163179916320,0.4,26,65,0.4,PG
Julius Randle,MIN,3.593429158110880,1.540041067761810,1.8916155419222900,0.3080082135523610,6.365503080082140,114.969450101833,0.3054989816700610,1.8329938900203700,35.215605749486700,16.2217659137577,0.5822784810126580,7.084188911704310,0.3768115942028990,8.316221765913760,6.776180698151950,12.114989733059500,6.468172484599590,1.540041067761810,0.358695652173913,0.3975903614457830,0.8076923076923080,0.3039647577092510,0.5444548458149780,0.5770925110132160,0.6428571428571430,1.8480492813141700,27.28921124206710,5.214723926380370,8.35030549898167,3.258655804480650,0.1316872427983540,3.7678207739307500,0.1644444444444440,2.053388090349080,1.1293634496919900,0.055,0.6160164271047230,0.0297029702970297,0.0422885572139303,0.1553398058252430,0.054054054054054,8.726899383983570,21.86858316221770,4.312114989733060,4.414784394250510,9.75359342915811,4.722792607802880,1.6427104722792600,0.0,0.0,0.9240246406570840,0.178988326848249,0.6343612334801760,6.091139240506330,25.06086956521740,7.700205338809040,0.3303964757709250,0.7333333333333330,0.4,0.0533333333333333,6.878850102669400,0.2951541850220260,0.4477611940298510,0.0895522388059701,1.6427104722792600,0.0704845814977973,0.4375,0.5714285714285710,1.540041067761810,0.066079295154185,0.3333333333333330,0.3333333333333330,1.0,5.544147843942510,0.3888888888888890,21,54,0.3888888888888890,PF
Andrew Wiggins,MIA,2.8855721393034800,2.08955223880597,1.837140019860970,0.0,3.18407960199005,118.0376610505450,1.288404360753220,1.4866204162537200,23.28358208955220,12.139303482587100,0.5573770491803280,6.965174129353230,0.3571428571428570,2.288557213930350,6.169154228855720,7.36318407960199,6.865671641791050,0.5970149253731340,0.4558823529411760,0.5081967213114750,0.92,0.3645833333333330,0.5480669270833330,0.5494791666666670,0.5652173913043480,1.3930348258706500,21.01513802315230,3.3763654419066500,4.658077304261650,1.9821605550049600,0.0896860986547085,2.4777006937561900,0.0889679715302491,2.08955223880597,1.1940298507462700,0.047808764940239,0.8955223880597020,0.0430622009569378,0.0456521739130434,0.131578947368421,0.0459770114942528,4.079601990049750,10.049751243781100,2.189054726368160,1.890547263681590,3.482587064676620,1.492537313432840,0.3980099502487560,0.099502487562189,0.0,0.2985074626865670,0.0784313725490196,0.6458333333333330,6.755737704918030,25.197142857142900,5.373134328358210,0.28125,0.6481481481481480,0.5714285714285710,0.0925925925925925,5.074626865671640,0.265625,0.4705882352941180,0.0784313725490196,1.691542288557210,0.0885416666666666,0.5294117647058820,0.3333333333333330,2.189054726368160,0.1145833333333330,0.3636363636363640,0.3636363636363640,1.0,4.776119402985070,0.3541666666666670,17,48,0.3541666666666670,SF
Kon Knueppel,CHA,3.615702479338840,2.37603305785124,1.7598343685300200,0.0,2.789256198347110,116.07883817427400,0.3112033195020750,1.2448132780083000,25.516528925619800,7.541322314049590,0.5616438356164380,11.570247933884300,0.4017857142857140,3.0991735537190100,5.785123966942150,2.6859504132231400,13.016528925619800,0.9297520661157020,0.6829268292682930,0.7,0.9333333333333330,0.6054054054054050,0.5461204918032790,0.5864864864864870,0.6180904522613070,0.2066115702479340,21.024258760107800,4.3478260869565200,7.365145228215770,3.6307053941908700,0.1476793248945150,3.112033195020750,0.155440414507772,1.3429752066115700,0.7231404958677690,0.0346534653465346,0.6198347107438020,0.024390243902439,0.0290178571428571,0.1521739130434780,0.024390243902439,3.925619834710740,10.330578512396700,1.4462809917355400,2.479338842975210,3.512396694214880,1.4462809917355400,0.3099173553719010,0.2066115702479340,0.0,0.1033057851239670,0.0808080808080808,0.8108108108108110,6.17945205479452,25.604464285714300,3.925619834710740,0.2054054054054050,0.5789473684210530,0.5909090909090910,0.131578947368421,2.6859504132231400,0.1405405405405410,0.5769230769230770,0.0769230769230769,0.9297520661157020,0.0486486486486486,0.4444444444444440,1.0,3.409090909090910,0.1783783783783780,0.4545454545454550,0.4545454545454550,1.0,8.161157024793390,0.379746835443038,30,79,0.379746835443038,SF
Mikal Bridges,NYK,1.371308016877640,0.8438818565400840,1.3662637940094600,0.0,2.5316455696202500,116.54450261780100,1.5706806282722500,2.722513089005240,22.151898734177200,8.649789029535870,0.573170731707317,8.016877637130800,0.4210526315789470,2.109704641350210,5.274261603375530,4.641350210970460,9.810126582278480,0.3164556962025320,0.5319148936170210,0.5555555555555560,0.96875,0.4810126582278480,0.5771917721518990,0.6012658227848100,0.625,0.4219409282700420,16.380090497737600,2.9952706253284300,4.293193717277490,1.8848167539267000,0.0845070422535211,2.198952879581150,0.0921052631578947,1.6877637130801700,0.5274261603375530,0.0227272727272727,1.160337552742620,0.0438247011952191,0.0339702760084925,0.0824742268041237,0.0185185185185185,6.6455696202531600,17.19409282700420,2.742616033755270,3.9029535864978900,2.637130801687760,1.0548523206751100,0.4219409282700420,0.1054852320675110,0.0,0.3164556962025320,0.0609756097560975,0.7468354430379750,6.242682926829270,24.782894736842100,4.430379746835440,0.2658227848101270,0.6904761904761910,0.6551724137931030,0.0476190476190476,3.481012658227850,0.2088607594936710,0.3939393939393940,0.0303030303030303,0.7383966244725740,0.0443037974683544,0.7142857142857140,0.4,3.3755274261603400,0.2025316455696200,0.5625,0.5625,1.0,4.641350210970460,0.3181818181818180,14,44,0.3181818181818180,SF
Scottie Barnes,TOR,2.722513089005240,1.675392670157070,2.4594453165881700,0.1047120418848170,4.50261780104712,114.85355648535600,2.6150627615062800,2.092050209205020,28.48167539267020,16.649214659685900,0.5345911949685540,5.445026178010470,0.4038461538461540,4.0837696335078500,10.261780104712000,7.539267015706810,5.654450261780110,0.9424083769633510,0.5764705882352940,0.6282051282051280,0.8571428571428570,0.2464454976303320,0.5473781990521330,0.5521327014218010,0.5887445887445890,1.4659685863874300,23.491773308958000,5.65149136577708,8.472803347280340,3.4518828451882800,0.1571428571428570,3.7656903765690400,0.1531914893617020,2.8272251308900500,1.675392670157070,0.0672268907563025,0.9424083769633510,0.0476190476190476,0.0585480093676815,0.1237113402061860,0.0641025641025641,7.748691099476440,17.905759162303700,5.340314136125650,2.408376963350790,5.026178010471200,2.6178010471204200,0.837696335078534,0.0,0.0,0.3141361256544500,0.1096491228070180,0.5687203791469190,6.793081761006290,25.657692307692300,7.12041884816754,0.3222748815165880,0.7352941176470590,0.68,0.0441176470588235,6.9109947643979100,0.3127962085308060,0.3484848484848490,0.0303030303030303,2.6178010471204200,0.1184834123222750,0.48,0.9166666666666670,1.4659685863874300,0.0663507109004739,0.2857142857142860,0.2857142857142860,1.0,3.979057591623040,0.4473684210526320,17,38,0.4473684210526320,PF
Wendell Carter Jr.,ORL,3.2769556025370000,1.0570824524312900,3.278688524590160,0.1057082452431290,5.179704016913320,111.21693121693100,1.3756613756613800,1.058201058201060,20.19027484143760,7.822410147991540,0.5945945945945950,4.545454545454550,0.4418604651162790,4.862579281183930,6.765327695560250,2.536997885835100,6.025369978858350,0.0,0.7272727272727270,0.9142857142857140,1.0,0.3675213675213680,0.5647901709401710,0.6196581196581200,0.6678321678321680,1.9027484143763200,16.036866359447000,6.081438392384980,7.301587301587300,4.232804232804230,0.1581027667984190,2.2222222222222200,0.1193181818181820,4.862579281183930,2.854122621564480,0.1279620853080570,1.9027484143763200,0.0886699507389162,0.108695652173913,0.1578947368421050,0.1375,2.854122621564480,6.765327695560250,1.7970401691331900,1.0570824524312900,6.025369978858350,2.854122621564480,0.5285412262156450,0.0,0.0,0.4228329809725160,0.1942446043165470,0.7692307692307690,5.66081081081081,24.74186046511630,4.968287526427060,0.4017094017094020,0.7021276595744680,0.6666666666666670,0.1489361702127660,1.5856236786469300,0.1282051282051280,0.4666666666666670,0.0666666666666666,1.2684989429175500,0.1025641025641030,0.3333333333333330,0.75,1.9027484143763200,0.1538461538461540,0.4444444444444440,0.4444444444444440,1.0,2.6427061310782200,0.44,11,25,0.44,C
Pascal Siakam,IND,3.361344537815130,1.7857142857142900,2.204724409448820,0.2100840336134450,8.298319327731090,123.50472193074500,0.5246589716684160,1.5739769150052500,34.03361344537820,18.907563025210100,0.4888888888888890,7.2478991596638700,0.3623188405797100,7.668067226890760,6.932773109243700,11.554621848739500,5.6722689075630300,2.2058823529411800,0.375,0.3928571428571430,0.72,0.2771084337349400,0.4926419678714860,0.5040160642570280,0.5454545454545450,0.8403361344537820,29.63963963963960,4.829396325459320,7.240293809024130,3.2528856243441800,0.1557788944723620,3.04302203567681,0.1374407582938390,2.4159663865546200,1.2605042016806700,0.0465116279069767,1.1554621848739500,0.0482456140350877,0.0473251028806584,0.15625,0.050632911392405,6.512605042016810,16.491596638655500,3.046218487394960,3.466386554621850,11.344537815126100,5.2521008403361300,1.1554621848739500,0.1050420168067230,0.0,0.8403361344537820,0.1764705882352940,0.4819277108433740,8.670555555555560,26.02898550724640,5.357142857142860,0.2048192771084340,0.5882352941176470,0.4333333333333330,0.0980392156862745,9.978991596638660,0.3815261044176710,0.4842105263157900,0.0,3.571428571428570,0.1365461847389560,0.3529411764705880,0.25,0.315126050420168,0.0120481927710843,0.3333333333333330,0.3333333333333330,1.0,6.932773109243700,0.3636363636363640,24,66,0.3636363636363640,PF
Brandin Podziemski,GSW,2.025586353944560,0.8528784648187630,1.9271948608137000,0.1066098081023450,3.7313432835820900,109.78494623655900,0.5376344086021510,2.043010752688170,19.616204690831600,7.995735607675910,0.5066666666666670,7.995735607675910,0.3866666666666670,2.238805970149250,5.330490405117270,2.771855010660980,7.67590618336887,1.5991471215351800,0.6578947368421050,0.6578947368421050,0.8275862068965520,0.5,0.5207776666666670,0.5433333333333330,0.5609756097560980,0.0,17.44518589132510,3.961456102783730,7.204301075268820,3.4408602150537600,0.1502347417840380,3.655913978494620,0.1658536585365850,0.746268656716418,0.2132196162046910,0.0106951871657754,0.5330490405117270,0.02,0.0160183066361556,0.1290322580645160,0.0166666666666666,5.0106609808102300,13.219616204690800,1.812366737739870,3.1982942430703600,2.985074626865670,0.9594882729211090,0.0,0.0,0.0,0.5330490405117270,0.0566037735849056,0.68,8.277333333333330,25.677333333333300,2.878464818763330,0.18,0.8148148148148150,0.6818181818181820,0.1111111111111110,3.304904051172710,0.2066666666666670,0.2903225806451610,0.0,1.812366737739870,0.1133333333333330,0.4117647058823530,0.7142857142857140,1.812366737739870,0.1133333333333330,0.5294117647058820,0.5294117647058820,0.8888888888888890,6.183368869936030,0.3448275862068970,20,58,0.3448275862068970,SG
Myles Turner,MIL,2.238805970149250,1.0660980810234500,2.1299254526091600,0.0,3.1982942430703600,114.8936170212770,2.765957446808510,2.021276595744680,19.722814498933900,6.3965884861407200,0.45,8.84861407249467,0.4337349397590360,2.4520255863539400,3.624733475479740,2.1321961620469100,11.513859275053300,0.0,0.6296296296296300,0.7391304347826090,1.0,0.5804195804195800,0.5259153846153850,0.5664335664335670,0.5854430379746840,0.8528784648187630,17.311411992263100,5.005324813631520,8.085106382978720,4.25531914893617,0.1834862385321100,3.5106382978723400,0.1563981042654030,1.9189765458422200,0.6396588486140730,0.0297029702970297,1.1727078891258000,0.0558375634517766,0.0426065162907268,0.1688311688311690,0.0375,2.985074626865670,7.67590618336887,1.279317697228150,1.7057569296375300,3.518123667377400,1.812366737739870,0.3198294243070360,0.0,0.0,0.1066098081023450,0.10828025477707,0.7412587412587410,8.288333333333330,26.11084337349400,2.4520255863539400,0.1608391608391610,0.5652173913043480,0.6153846153846150,0.1739130434782610,2.55863539445629,0.1678321678321680,0.3333333333333330,0.0833333333333333,1.3859275053304900,0.0909090909090909,0.4615384615384620,0.6666666666666670,1.492537313432840,0.0979020979020979,0.5714285714285710,0.5714285714285710,1.0,7.356076759061830,0.4057971014492750,28,69,0.4057971014492750,C
Nikola Jokić,DEN,4.311251314405890,3.259726603575180,1.7923036373220900,0.0,8.096740273396420,110.2536997885840,1.162790697674420,2.431289640591970,39.95793901156680,16.61409043112510,0.7468354430379750,6.414300736067300,0.3934426229508200,7.570977917981070,14.511041009463700,10.304942166140900,6.94006309148265,0.6309148264984230,0.5847457627118640,0.6699029126213590,0.9166666666666670,0.2785388127853880,0.5167557339449540,0.7031963470319630,0.7364341085271320,3.154574132492110,27.38970588235290,9.172377438060100,14.16490486257930,7.928118393234670,0.3504672897196260,5.919661733615220,0.2333333333333330,4.206098843322820,2.944269190325970,0.1443298969072160,1.1566771819137700,0.0536585365853658,0.0977443609022556,0.3582089552238810,0.180722891566265,15.141955835962100,34.49001051524710,10.935856992639300,4.206098843322820,8.832807570977920,3.3648790746582500,0.6309148264984230,0.1051524710830700,0.0,1.2618296529968500,0.1341463414634150,0.5799086757990870,5.692405063291140,25.988524590163900,6.94006309148265,0.3013698630136990,0.8333333333333330,0.5818181818181820,0.0151515151515151,8.201892744479500,0.3561643835616440,0.6538461538461540,0.0512820512820512,1.4721345951629900,0.0639269406392694,0.8571428571428570,0.4166666666666670,0.3154574132492110,0.0136986301369863,0.6666666666666670,0.6666666666666670,1.0,6.098843322818090,0.3793103448275860,22,58,0.3793103448275860,C
Max Christie,DAL,1.7130620985010700,0.8565310492505350,1.4384656366542400,0.0,2.569593147751610,113.89183457052000,0.848356309650053,0.848356309650053,19.379014989293400,5.139186295503210,0.5,8.886509635974310,0.4578313253012050,2.034261241970020,3.640256959314780,1.4989293361884400,12.205567451820100,0.0,0.7083333333333330,0.7083333333333330,1.0,0.6335877862595420,0.557643893129771,0.6183206106870230,0.6328671328671330,0.0,15.128449096099000,2.6638252530634000,5.196182396606580,2.3329798515376500,0.0916666666666666,2.4390243902439000,0.1116504854368930,0.1070663811563170,0.1070663811563170,0.0045454545454545,0.0,0.0,0.002375296912114,0.1111111111111110,0.0125,4.17558886509636,9.957173447537470,2.569593147751610,1.6059957173447500,2.78372591006424,1.177730192719490,0.2141327623126340,0.0,0.0,0.3211991434689510,0.0785714285714285,0.8320610687022900,4.435416666666670,24.612048192771100,2.78372591006424,0.1984732824427480,0.6923076923076920,0.7222222222222220,0.1153846153846150,2.355460385438970,0.1679389312977100,0.2727272727272730,0.1363636363636360,0.0,0.0,0.0,0.0,4.0685224839400400,0.2900763358778630,0.5789473684210530,0.5789473684210530,1.0,4.817987152034260,0.3555555555555560,16,45,0.3555555555555560,SG
Royce O'Neale,PHX,2.3655913978494600,1.5053763440860200,2.045209903121640,0.0,1.075268817204300,116.81034482758600,0.2155172413793100,2.0474137931034500,18.27956989247310,2.4731182795698900,0.4782608695652170,12.150537634408600,0.4247787610619470,0.4301075268817200,1.2903225806451600,1.075268817204300,14.516129032258100,0.967741935483871,0.5454545454545450,0.6,0.9375,0.8308823529411770,0.5414100000000000,0.6102941176470590,0.6115107913669060,0.2150537634408600,15.103189493433400,4.41334768568353,7.219827586206900,3.0172413793103400,0.1290322580645160,3.663793103448280,0.160377358490566,1.6129032258064500,0.3225806451612900,0.0149253731343283,1.1827956989247300,0.0466101694915254,0.0320366132723112,0.0675675675675675,0.0181818181818181,4.731182795698930,11.612903225806500,2.5806451612903200,2.150537634408600,0.6451612903225810,0.2150537634408600,0.0,0.0,0.0,0.1075268817204300,0.0144927536231884,0.9044117647058820,6.639130434782610,26.49646017699120,1.075268817204300,0.0735294117647058,0.4,0.25,0.1,1.1827956989247300,0.0808823529411764,0.4545454545454550,0.0909090909090909,0.2150537634408600,0.0147058823529411,1.0,1.0,2.150537634408600,0.1470588235294120,0.55,0.55,1.0,10.0,0.3978494623655910,37,93,0.3978494623655910,SF
Onyeka Okongwu,ATL,2.8969957081545100,0.7510729613733910,2.947481243301180,0.0,4.506437768240340,112.20556745182000,1.820128479657390,1.4989293361884400,25.858369098712400,10.1931330472103,0.6105263157894740,7.4034334763948500,0.4057971014492750,4.399141630901290,10.515021459227500,1.931330472103000,9.012875536480690,0.0,0.8448275862068970,0.9074074074074070,1.0,0.4207317073170730,0.5624539634146340,0.6097560975609760,0.6451612903225810,0.8583690987124460,20.36328871892930,5.948553054662380,9.207708779443260,4.282655246252680,0.184331797235023,4.603854389721630,0.1829787234042550,2.682403433476390,1.8240343347639500,0.0858585858585858,0.8583690987124460,0.0384615384615384,0.0615763546798029,0.1764705882352940,0.088235294117647,4.07725321888412,9.871244635193130,2.360515021459230,1.7167381974248900,5.686695278969960,2.7896995708154500,0.8583690987124460,0.0,0.0,0.4291845493562230,0.1428571428571430,0.75,4.267368421052630,24.808695652173900,5.793991416309010,0.3292682926829270,0.7592592592592590,0.8536585365853660,0.074074074074074,4.399141630901290,0.25,0.4146341463414630,0.1219512195121950,0.0,0.0,0.0,0.0,2.7896995708154500,0.1585365853658540,0.5,0.5,1.0,4.613733905579400,0.3488372093023260,15,43,0.3488372093023260,C
Donovan Mitchell,CLE,4.416403785488960,2.5236593059936900,1.583949313621960,0.0,7.04521556256572,111.34676564156900,0.6362672322375400,2.014846235418880,42.27129337539430,13.774973711882200,0.6335877862595420,14.09043112513140,0.3880597014925370,8.412197686645640,3.575184016824400,13.8801261829653,9.14826498422713,7.255520504731860,0.2048192771084340,0.2073170731707320,0.5576923076923080,0.5056603773584910,0.5338360377358490,0.6075471698113210,0.6540983606557380,0.2103049421661410,31.92272309107640,3.167898627243930,5.408271474019090,2.4390243902439000,0.1,2.9692470837751900,0.1414141414141410,0.946372239747634,0.3154574132492110,0.0169491525423728,0.6309148264984230,0.0241935483870967,0.0211764705882352,0.0714285714285714,0.0,7.570977917981070,18.61198738170350,4.100946372239750,3.470031545741330,10.199789695057800,3.154574132492110,0.6309148264984230,0.6309148264984230,0.1051524710830700,1.1566771819137700,0.1194539249146760,0.690566037735849,8.213740458015270,26.002985074626900,5.152471083070450,0.1849056603773580,0.6938775510204080,0.2352941176470590,0.0408163265306122,5.573080967402730,0.2,0.5849056603773590,0.0566037735849056,3.0494216614090400,0.1094339622641510,0.6206896551724140,0.3333333333333330,1.5772870662460600,0.0566037735849056,0.5333333333333330,0.5333333333333330,0.875,12.513144058885400,0.3697478991596640,44,119,0.3697478991596640,SG
RJ Barrett,TOR,2.38353196099675,1.408450704225350,2.1528525296017200,0.0,4.7670639219935,117.54010695187200,0.427807486631016,1.2834224598930500,28.927410617551500,13.867822318526500,0.59375,8.017334777898160,0.3378378378378380,4.333694474539550,9.100758396533040,7.367280606717230,7.8006500541711800,0.3250270855904660,0.5526315789473690,0.5915492957746480,0.96,0.3663366336633660,0.5789170792079210,0.5618811881188120,0.5933333333333330,1.0834236186348900,23.841698841698800,3.713670613562970,6.2032085561497300,1.497326203208560,0.0707070707070707,3.5294117647058800,0.1486486486486490,1.191765980498380,0.7583965330444200,0.0336538461538461,0.4333694474539550,0.0209424083769633,0.0275689223057644,0.0444444444444444,0.0266666666666666,5.958829902491880,13.867822318526500,4.008667388949080,1.9501625135428000,6.175514626218850,3.5752979414951200,1.191765980498380,0.0,0.0,0.1083423618634890,0.1473214285714290,0.7128712871287130,4.38359375,25.12837837837840,7.583965330444200,0.3465346534653470,0.6571428571428570,0.5652173913043480,0.1428571428571430,6.175514626218850,0.2821782178217820,0.5263157894736840,0.0701754385964912,0.1083423618634890,0.0049504950495049,0.0,0.0,2.058504875406280,0.094059405940594,0.3684210526315790,0.4117647058823530,1.0,5.958829902491880,0.3272727272727270,18,55,0.3272727272727270,SF
Alperen Sengun,HOU,4.479283314669650,3.135498320268760,2.1922428330522800,0.1119820828667410,8.174692049272120,112.4153498871330,1.3544018058690700,1.693002257336340,30.907054871220600,18.365061590145600,0.4878048780487810,4.25531914893617,0.4473684210526320,7.278835386338190,6.047032474804030,11.87010078387460,5.039193729003360,0.671892497200448,0.3375,0.375,0.8823529411764710,0.1881188118811880,0.5106160891089110,0.5222772277227720,0.5726141078838170,1.7917133258678600,26.63507109004740,6.970207982012370,9.706546275395030,5.191873589164790,0.2180094786729860,3.386004514672690,0.1395348837209300,4.25531914893617,2.463605823068310,0.0916666666666666,1.6797312430011200,0.0961538461538461,0.0934343434343434,0.1830985915492960,0.1538461538461540,9.966405375139980,23.96416573348260,5.93505039193729,4.031354983202690,9.854423292273240,4.143337066069430,1.007838745800670,0.1119820828667410,0.0,1.1198208286674100,0.1645021645021650,0.5346534653465350,6.7317073170731700,26.73157894736840,7.838745800671890,0.3465346534653470,0.6428571428571430,0.4222222222222220,0.0857142857142857,7.838745800671890,0.3465346534653470,0.3714285714285710,0.1285714285714290,2.687569988801790,0.1188118811881190,0.375,0.2222222222222220,0.4479283314669650,0.0198019801980198,0.75,0.75,1.0,3.807390817469210,0.4117647058823530,14,34,0.4117647058823530,C
Ivica Zubac,LAC,3.2768361581920900,1.694915254237290,2.0454545454545500,0.0,4.632768361581920,121.25714285714300,1.6,0.9142857142857140,25.31073446327680,17.627118644067800,0.6217948717948720,0.0,0.0,3.389830508474580,13.559322033898300,8.361581920903960,0.0,0.0,0.6185567010309280,0.7692307692307690,0.0,0.0,0.5418544871794870,0.6217948717948720,0.6473988439306360,4.293785310734460,20.240480961923800,8.579545454545460,11.885714285714300,5.714285714285710,0.2314814814814810,5.257142857142860,0.233502538071066,5.3107344632768400,3.5028248587570600,0.1565656565656570,1.807909604519770,0.0796019900497512,0.1177944862155390,0.2,0.2592592592592590,3.389830508474580,8.700564971751410,1.4689265536723200,1.92090395480226,4.519774011299440,1.92090395480226,0.6779661016949150,0.0,0.0,0.6779661016949150,0.1017964071856290,0.5064102564102560,4.292948717948720,0.0,8.926553672316380,0.5064102564102560,0.7341772151898730,0.5689655172413790,0.0886075949367088,8.700564971751410,0.4935897435897440,0.5064935064935060,0.0649350649350649,0.0,0.0,0.0,0.0,0.0,0.0,0.0,0.0,0.0,0.0,0.0,0,0,0.0,C
Cade Cunningham,DET,4.684095860566450,3.812636165577340,2.457673402512290,0.1089324618736380,7.734204793028320,111.61007667031800,0.9857612267250820,1.8619934282584900,35.62091503267970,20.26143790849670,0.5053763440860220,8.714596949891070,0.275,7.952069716775600,5.228758169934640,15.250544662309400,2.287581699346410,4.901960784313730,0.2553191489361700,0.2553191489361700,0.3181818181818180,0.3007518796992480,0.5090776315789470,0.4774436090225560,0.5380794701986760,0.0,31.564501372369600,3.5499726925177500,5.805038335158820,3.176341730558600,0.1330275229357800,2.190580503833520,0.0892857142857142,1.30718954248366,1.0893246187363800,0.0396825396825396,0.2178649237472770,0.0102564102564102,0.0268456375838926,0.0694444444444444,0.02803738317757,12.962962962963000,30.93681917211330,7.952069716775600,5.010893246187360,9.803921568627450,4.793028322440090,1.4161220043573000,0.0,0.0,0.5446623093681920,0.1481481481481480,0.5526315789473690,6.947849462365590,26.52375,7.298474945533770,0.2518796992481200,0.5671641791044780,0.3157894736842110,0.044776119402985,10.239651416122000,0.3533834586466170,0.4787234042553190,0.0851063829787234,2.7233115468409600,0.093984962406015,0.44,0.0909090909090909,0.2178649237472770,0.0075187969924812,0.0,0.0,0.0,8.49673202614379,0.282051282051282,22,78,0.282051282051282,PG
Rudy Gobert,MIN,2.6607538802660800,1.441241685144120,2.202643171806170,0.0,5.986696230598670,107.65864332603900,2.735229759299780,0.87527352297593,16.62971175166300,9.312638580931260,0.7619047619047620,0.0,0.0,2.4390243902439000,9.312638580931260,4.878048780487810,0.0,0.0,0.65625,0.9545454545454550,0.0,0.0,0.6537428571428570,0.7619047619047620,0.7211538461538460,4.434589800443460,12.427184466019400,7.378854625550660,10.065645514223200,4.814004376367620,0.176,4.3763676148796500,0.1801801801801800,4.656319290465630,2.4390243902439000,0.1116751269035530,2.217294900221730,0.1,0.105793450881612,0.1318681318681320,0.2222222222222220,2.328159645232820,5.875831485587580,1.1086474501108600,1.2195121951219500,4.988913525498890,2.217294900221730,0.5543237250554320,0.0,0.0,0.5543237250554320,0.202020202020202,0.8571428571428570,1.9416666666666700,0.0,7.982261640798230,0.8571428571428570,0.8055555555555560,0.6379310344827590,0.0416666666666666,1.3303769401330400,0.1428571428571430,0.5,0.0833333333333333,0.0,0.0,0.0,0.0,0.0,0.0,0.0,0.0,0.0,0.0,0.0,0,0,0.0,C
Immanuel Quickley,TOR,2.741228070175440,1.644736842105260,1.6866158868335100,0.0,4.276315789473680,112.41900647948200,0.0,1.9438444924406000,24.12280701754390,8.662280701754390,0.569620253164557,9.649122807017550,0.375,3.399122807017540,3.508771929824560,6.359649122807020,8.881578947368420,1.973684210526320,0.3555555555555560,0.3902439024390240,0.8181818181818180,0.5269461077844310,0.5461092814371260,0.5658682634730540,0.5978260869565220,0.8771929824561400,20.45009784735810,3.5908596300326400,6.263498920086390,2.4838012958963300,0.1133004926108370,3.4557235421166300,0.135593220338983,0.8771929824561400,0.4385964912280700,0.0182648401826484,0.4385964912280700,0.0213903743315508,0.0197044334975369,0.0888888888888888,0.0136986301369863,9.320175438596490,22.36842105263160,5.592105263157900,3.728070175438600,4.495614035087720,2.083333333333330,0.6578947368421050,0.1096491228070180,0.0,0.3289473684210530,0.1104972375690610,0.7005988023952100,7.29367088607595,26.002272727272700,3.179824561403510,0.1736526946107780,0.7241379310344830,0.2857142857142860,0.1379310344827590,4.605263157894740,0.2514970059880240,0.4761904761904760,0.1666666666666670,0.8771929824561400,0.0479041916167664,0.5,0.5,1.0964912280701800,0.059880239520958,0.1,0.1,1.0,8.552631578947370,0.4102564102564100,32,78,0.4102564102564100,PG
Jaden McDaniels,MIN,3.0033370411568400,1.3348164627363700,2.6607538802660800,0.1112347052280310,3.8932146829810900,114.25414364640900,1.988950276243090,1.5469613259668500,27.25250278086760,13.5706340378198,0.5655737704918030,5.339265850945500,0.5208333333333330,3.5595105672970000,10.233592880978900,5.116796440489430,7.675194660734150,0.6674082313681870,0.6666666666666670,0.71875,0.92,0.2823529411764710,0.5445023529411760,0.6264705882352940,0.6586021505376340,1.1123470522803100,21.17296222664020,3.547671840354770,5.524861878453040,2.541436464088400,0.0966386554621848,2.8729281767955800,0.1232227488151660,1.557285873192440,1.1123470522803100,0.0518134715025906,0.3337041156840930,0.0165745856353591,0.03475935828877,0.0631578947368421,0.1016949152542370,3.670745272525030,8.78754171301446,2.2246941045606200,1.4460511679644000,4.226918798665180,2.335928809788650,0.6674082313681870,0.0,0.0,0.1112347052280310,0.1135135135135140,0.6,5.8754098360655700,24.585416666666700,6.0066740823136800,0.3176470588235290,0.7407407407407410,0.675,0.0925925925925925,6.674082313681870,0.3529411764705880,0.4333333333333330,0.0833333333333333,0.8898776418242490,0.0470588235294117,0.375,0.3333333333333330,2.447163515016690,0.1294117647058820,0.5454545454545450,0.5454545454545450,0.9166666666666670,2.8921023359288100,0.5,13,26,0.5,PF
Jaren Jackson Jr.,MEM,3.5437430786268000,1.2181616832779600,3.427307904919850,0.4429678848283500,6.533776301218160,117.77041942604900,2.097130242825610,0.7726269315673290,29.678848283499400,14.839424141749700,0.5223880597014930,7.530454042081950,0.3676470588235290,5.869324473975640,8.859357696567000,6.644518272425250,8.305647840531560,0.0,0.5714285714285710,0.5970149253731340,1.0,0.3366336633663370,0.5075960396039600,0.5321782178217820,0.5826086956521740,0.6644518272425250,25.387596899224800,4.367053620784960,7.06401766004415,3.0905077262693200,0.1521739130434780,3.863134657836650,0.1489361702127660,1.6611295681063100,1.4396456256921400,0.0550847457627118,0.2214839424141750,0.0094339622641509,0.0334821428571428,0.2954545454545450,0.1076923076923080,2.4363233665559200,6.312292358803990,0.9966777408637870,1.4396456256921400,7.308970099667770,3.10077519379845,0.8859357696567000,0.2214839424141750,0.0,0.6644518272425250,0.1300448430493270,0.5247524752475250,7.056716417910450,25.413235294117600,4.208194905869320,0.1881188118811880,0.5789473684210530,0.5454545454545450,0.131578947368421,10.07751937984500,0.4504950495049510,0.5274725274725280,0.0659340659340659,0.5537098560354370,0.0247524752475247,0.0,0.0,1.6611295681063100,0.0742574257425742,0.4,0.4,1.0,5.869324473975640,0.3584905660377360,19,53,0.3584905660377360,C
Jalen Johnson,ATL,4.282655246252680,2.569593147751610,1.497326203208560,0.1070663811563170,4.925053533190580,114.31623931623900,0.4273504273504270,2.5641025641025600,30.62098501070660,15.845824411134900,0.6283783783783780,4.496788008565310,0.3809523809523810,5.56745182012848,11.77730192719490,8.137044967880090,4.817987152034260,0.3211991434689510,0.5913978494623660,0.632183908045977,0.9375,0.2210526315789470,0.5676865789473680,0.6157894736842110,0.6604651162790700,1.284796573875800,24.75728155339810,6.577540106951870,11.538461538461500,4.700854700854700,0.2018348623853210,5.128205128205130,0.2105263157894740,1.6059957173447500,0.9635974304068520,0.045,0.5353319057815850,0.0274725274725274,0.0366492146596858,0.1547619047619050,0.0533333333333333,9.100642398286940,21.62740899357600,5.674518201284800,3.426124197002140,6.745182012847970,3.1049250535331900,0.9635974304068520,0.0,0.0,0.5353319057815850,0.1380952380952380,0.6473684210526320,5.421621621621620,25.75238095238100,8.67237687366167,0.4263157894736840,0.7901234567901230,0.625,0.074074074074074,5.781584582441110,0.2842105263157890,0.4444444444444440,0.074074074074074,1.39186295503212,0.0684210526315789,0.3846153846153850,0.2,0.6423982869379020,0.031578947368421,0.1666666666666670,0.1666666666666670,1.0,3.854389721627410,0.4166666666666670,15,36,0.4166666666666670,SF
Kevin Durant,HOU,4.031354983202690,2.9115341545352700,1.853932584269660,0.1119820828667410,8.062709966405380,112.0631341600900,0.9019165727170240,1.3528748590755400,34.82642777155660,16.90929451287790,0.5496688741721860,6.159014557670770,0.4,8.846584546472570,8.286674132138860,10.302351623740200,5.039193729003360,2.351623740201570,0.4457831325301210,0.4457831325301210,0.6818181818181820,0.2669902912621360,0.4856097087378640,0.5631067961165050,0.6301652892561980,0.0,26.0543580131209,3.146067415730340,5.862457722660650,2.480270574971820,0.1023255813953490,2.931228861330330,0.1262135922330100,0.4479283314669650,0.335946248600224,0.0113207547169811,0.1119820828667410,0.0070921985815602,0.0098522167487684,0.072463768115942,0.025,4.591265397536390,10.526315789473700,3.2474804031355000,1.343784994400900,9.966405375139980,4.031354983202690,1.1198208286674100,0.0,0.0,1.1198208286674100,0.1551724137931030,0.3834951456310680,11.040397350993400,25.865454545454500,2.687569988801790,0.116504854368932,0.7916666666666670,0.5789473684210530,0.0416666666666666,8.51063829787234,0.3689320388349510,0.5131578947368420,0.0263157894736842,5.711086226203810,0.2475728155339810,0.4901960784313730,0.52,0.1119820828667410,0.0048543689320388,0.0,0.0,0.0,6.047032474804030,0.4074074074074070,22,54,0.4074074074074070,SF
Austin Reaves,LAL,4.5203969128996700,2.9768467475192900,1.654715940430230,0.0,8.820286659316430,111.25827814569500,0.1103752759381900,1.7660044150110400,37.15545755237050,12.458654906284500,0.6283185840707960,10.474090407938300,0.3263157894736840,11.245865490628400,5.2921719955898600,10.363836824696800,7.276736493936050,2.9768467475192900,0.3380281690140850,0.3478260869565220,0.7096774193548390,0.4567307692307690,0.5105836538461540,0.5649038461538460,0.6509803921568630,0.4410143329658210,29.048086359175700,3.364589078874790,5.849889624724060,2.6490066225165600,0.1212121212121210,3.200883002207510,0.1348837209302330,0.8820286659316430,0.2205071664829110,0.0125,0.6615214994487320,0.0295566502463054,0.0220385674931129,0.032258064516129,0.037037037037037,10.033076074972400,22.381477398015400,7.717750826901880,2.3153252480705600,12.899669239250300,4.189636163175300,1.1025358324145500,0.5512679162072770,0.1102535832414550,1.6538037486218300,0.1791666666666670,0.6153846153846150,8.064601769911510,26.49263157894740,3.6383682469680300,0.1586538461538460,0.8181818181818180,0.4074074074074070,0.0606060606060606,6.615214994487320,0.2884615384615380,0.6166666666666670,0.05,2.205071664829110,0.0961538461538461,0.35,0.1428571428571430,0.7717750826901880,0.0336538461538461,0.2857142857142860,0.3333333333333330,1.0,9.70231532524807,0.3295454545454550,29,88,0.3295454545454550,SG
Davion Mitchell,MIA,2.6652452025586400,1.812366737739870,2.232854864433810,0.0,2.55863539445629,116.43690349947000,0.1060445387062570,2.014846235418880,15.778251599147100,7.782515991471220,0.5753424657534250,4.690831556503200,0.3863636363636360,1.3859275053304900,2.771855010660980,6.183368869936030,4.797441364605540,0.6396588486140730,0.3095238095238100,0.3095238095238100,0.8823529411764710,0.376068376068376,0.5314893162393160,0.5769230769230770,0.578125,0.0,14.685990338164300,2.126528442317920,3.605514316012730,1.696712619300110,0.0784313725490196,1.8027571580063600,0.0651340996168582,0.6396588486140730,0.3198294243070360,0.0125523012552301,0.2132196162046910,0.0108695652173913,0.0118203309692671,0.1071428571428570,0.0,11.194029850746300,28.03837953091690,5.543710021321960,5.650319829424310,2.4520255863539400,1.0660980810234500,0.2132196162046910,0.0,0.0,0.3198294243070360,0.08,0.6581196581196580,5.942465753424660,25.545454545454500,3.518123667377400,0.282051282051282,0.696969696969697,0.3478260869565220,0.0606060606060606,3.7313432835820900,0.2991452991452990,0.5142857142857140,0.0571428571428571,0.5330490405117270,0.0427350427350427,0.2,0.0,0.5330490405117270,0.0427350427350427,0.0,0.0,0.0,4.157782515991470,0.4358974358974360,17,39,0.4358974358974360,PG
Karl-Anthony Towns,NYK,3.765227021040980,1.2181616832779600,2.728285077951000,0.6644518272425250,7.641196013289040,114.78163493841000,1.343784994400900,1.343784994400900,31.33997785160580,14.617940199335500,0.4924242424242420,8.416389811738650,0.3289473684210530,8.637873754152830,7.530454042081950,6.866002214839420,7.973421926910300,0.3322259136212620,0.5230769230769230,0.6181818181818180,0.96,0.3653846153846150,0.578721875,0.4927884615384620,0.5785123966942150,2.2148394241417500,26.48752399232250,9.187082405345210,13.885778275475900,6.382978723404260,0.285,6.4949608062710000,0.2735849056603770,4.540420819490590,2.6578073089701,0.1153846153846150,1.8826135105204900,0.0729613733905579,0.0929705215419501,0.2978723404255320,0.1320754716981130,4.651162790697680,11.074197120708700,2.8792912513842700,1.7718715393134000,9.523809523809520,4.4296788482835000,1.2181616832779600,0.3322259136212620,0.2214839424141750,0.4429678848283500,0.180672268907563,0.8413461538461540,3.5924242424242400,26.63157894736840,10.96345514950170,0.4759615384615380,0.5656565656565660,0.5714285714285710,0.101010101010101,2.8792912513842700,0.125,0.3076923076923080,0.1923076923076920,0.7751937984496120,0.0336538461538461,0.1428571428571430,0.0,0.4429678848283500,0.0192307692307692,0.5,0.5,0.5,7.973421926910300,0.3194444444444440,23,72,0.3194444444444440,C
P.J. Washington,DAL,4.18041804180418,2.64026402640264,1.7467248908296900,0.11001100110011,4.950495049504950,111.15926327193900,1.6251354279523300,1.408450704225350,23.102310231023100,12.211221122112200,0.5225225225225230,6.49064906490649,0.3050847457627120,4.400440044004400,7.48074807480748,5.2805280528052800,5.6105610561056100,0.33003300330033,0.5862068965517240,0.6538461538461540,0.9444444444444440,0.3470588235294120,0.520985294117647,0.5,0.5412371134020620,1.32013201320132,22.546161321671500,5.731441048034940,9.750812567713980,4.333694474539550,0.1746724890829690,4.658721560130010,0.2047619047619050,1.6501650165016500,1.21012101210121,0.0452674897119341,0.33003300330033,0.0154639175257731,0.0320366132723112,0.1,0.0581395348837209,3.5203520352035200,8.47084708470847,2.09020902090209,1.4301430143014300,6.710671067106710,3.41034103410341,1.21012101210121,0.22002200220022,0.0,0.22002200220022,0.171875,0.5823529411764710,6.6000000000000000,24.63728813559320,4.400440044004400,0.2352941176470590,0.6,0.5833333333333330,0.05,6.710671067106710,0.3588235294117650,0.4918032786885250,0.0983606557377049,1.1001100110011000,0.0588235294117647,0.4,0.75,2.5302530253025300,0.1352941176470590,0.391304347826087,0.391304347826087,1.0,3.96039603960396,0.25,9,36,0.25,PF
Jake LaRavia,LAL,2.027027027027030,1.463963963963960,2.068194522079370,0.0,3.3783783783783800,114.98335183129900,0.4439511653718090,2.4417314095449500,17.905405405405400,7.77027027027027,0.5942028985507250,5.63063063063063,0.34,2.927927927927930,6.306306306306310,2.927927927927930,5.743243243243240,0.0,0.6829268292682930,0.7777777777777780,1.0,0.4201680672268910,0.5684860169491530,0.5588235294117650,0.5845588235294120,1.1261261261261300,15.262636273538200,3.7451089994410300,5.327413984461710,2.6637069922308500,0.1304347826086960,2.5527192008879000,0.1040723981900450,2.13963963963964,0.9009009009009010,0.0427807486631016,1.2387387387387400,0.0591397849462365,0.0509383378016085,0.1129032258064520,0.0967741935483871,3.941441441441440,9.00900900900901,2.815315315315320,1.1261261261261300,4.391891891891890,2.2522522522522500,0.5630630630630630,0.0,0.0,0.2252252252252250,0.1492537313432840,0.8151260504201680,4.41159420289855,25.454,5.292792792792790,0.3949579831932770,0.7021276595744680,0.6666666666666670,0.0425531914893617,2.13963963963964,0.1596638655462180,0.3684210526315790,0.1052631578947370,0.3378378378378380,0.0252100840336134,0.3333333333333330,0.0,2.027027027027030,0.1512605042016810,0.3888888888888890,0.3888888888888890,1.0,3.603603603603600,0.3125,10,32,0.3125,PF
Isaiah Hartenstein,OKC,3.644646924829160,1.7084282460136700,2.44457077885162,0.2277904328018220,4.555808656036450,105.22133938706000,1.021566401816120,2.383654937570940,22.095671981776800,13.553530751708400,0.7142857142857140,0.4555808656036450,0.0,2.733485193621870,15.034168564920300,4.328018223234620,0.0,0.0,0.7764705882352940,0.8918918918918920,0.0,0.032520325203252,0.5991191056910570,0.6910569105691060,0.708029197080292,2.5056947608200500,16.79920477137180,9.32347924957362,12.599318955732100,5.902383654937570,0.244131455399061,5.675368898978430,0.2577319587628870,6.036446469248290,3.644646924829160,0.1523809523809520,2.277904328018220,0.1030927835051550,0.1287128712871290,0.2794117647058820,0.1492537313432840,5.580865603644650,12.75626423690210,3.9863325740318900,1.5945330296127600,4.100227790432800,2.5056947608200500,0.9111617312072890,0.0,0.0,0.0,0.1605839416058390,0.6341463414634150,4.060504201680670,24.3,8.428246013667430,0.6016260162601630,0.8513513513513510,0.7777777777777780,0.0405405405405405,5.011389521640090,0.3577235772357720,0.5,0.0681818181818181,0.1138952164009110,0.008130081300813,0.0,0.0,0.2277904328018220,0.016260162601626,0.0,0.0,0.0,0.2277904328018220,0.0,0,2,0.0,C
Amen Thompson,HOU,3.143189755529690,1.6298020954598400,1.5643105446118200,0.0,4.540162980209550,109.919261822376,0.6920415224913490,1.7301038062283700,24.09778812572760,16.41443538998840,0.524822695035461,3.3760186263096600,0.2068965517241380,4.772991850989520,9.31315483119907,7.916181606519210,2.0954598370197900,0.0,0.5405405405405410,0.5714285714285710,1.0,0.1705882352941180,0.5504276470588240,0.488235294117647,0.5390625,0.9313154831199070,21.30350194552530,4.2294322132097300,5.30565167243368,2.0761245674740500,0.0853080568720379,3.114186851211070,0.1227272727272730,3.143189755529690,1.8626309662398100,0.0658436213991769,1.1641443538998800,0.0632911392405063,0.0648379052369077,0.054054054054054,0.0779220779220779,7.217694994179280,18.160651920838200,3.492433061699650,3.725261932479630,6.286379511059370,2.7939464493597200,1.1641443538998800,0.0,0.0,0.9313154831199070,0.1304347826086960,0.6470588235294120,5.418439716312060,24.75172413793100,9.429569266589060,0.4764705882352940,0.7283950617283950,0.6610169491525420,0.0864197530864197,5.355064027939470,0.2705882352941180,0.2391304347826090,0.217391304347826,1.6298020954598400,0.0823529411764705,0.2857142857142860,0.25,1.7462165308498300,0.088235294117647,0.1333333333333330,0.1333333333333330,1.0,1.6298020954598400,0.2857142857142860,4,14,0.2857142857142860,SF
Dennis Schröder,SAC,3.0100334448160500,1.6722408026755900,1.4420410427066000,0.2229654403567450,2.6755852842809400,123.50993377483400,0.3311258278145700,1.6556291390728500,19.175027870680000,10.925306577480500,0.4387755102040820,7.134894091415830,0.34375,2.229654403567450,1.7837235228539600,7.803790412486070,4.682274247491640,2.6755852842809400,0.1860465116279070,0.1860465116279070,0.6363636363636360,0.3950617283950620,0.4989268518518520,0.4691358024691360,0.4971098265895950,0.0,19.880715705765400,2.8286189683860200,5.187637969094920,2.207505518763800,0.1183431952662720,2.980132450331130,0.1310679611650490,0.4459308807134890,0.0,0.0,0.4459308807134890,0.0231213872832369,0.0092165898617511,0.1063829787234040,0.0,9.253065774804910,22.1850613154961,5.574136008918620,3.678929765886290,2.898550724637680,1.226309921962100,0.334448160535117,0.1114827201783720,0.0,0.2229654403567450,0.0701754385964912,0.5679012345679010,8.433673469387760,25.91875,3.121516164994430,0.1728395061728400,0.6428571428571430,0.2777777777777780,0.1071428571428570,5.2396878483835,0.2901234567901230,0.2765957446808510,0.1489361702127660,2.5641025641025600,0.1419753086419750,0.5217391304347830,0.1666666666666670,0.8918617614269790,0.0493827160493827,0.375,0.375,1.0,6.243032329988850,0.3392857142857140,19,56,0.3392857142857140,PG
Donte DiVincenzo,MIN,2.2598870056497200,1.3559322033898300,1.8068887634105000,0.0,3.84180790960452,113.76975169300200,0.9029345372460500,1.580135440180590,22.25988700564970,3.84180790960452,0.5882352941176470,12.203389830508500,0.3796296296296300,3.84180790960452,3.1638418079096000,1.3559322033898300,13.559322033898300,0.3389830508474580,0.7,0.7777777777777780,0.975609756097561,0.7605633802816900,0.5561862676056340,0.573943661971831,0.6234177215189870,0.4519774011299440,17.74675972083750,3.1055900621118000,4.74040632054176,1.693002257336340,0.0652173913043478,2.8216704288939100,0.1231527093596060,1.4689265536723200,0.4519774011299440,0.0224719101123595,1.0169491525423700,0.0439024390243902,0.0339425587467362,0.0444444444444444,0.0,5.423728813559320,13.107344632768400,3.1638418079096000,2.2598870056497200,4.519774011299440,1.0169491525423700,0.4519774011299440,0.3389830508474580,0.0,0.903954802259887,0.0738255033557047,0.8732394366197180,5.676470588235290,25.68055555555560,1.807909604519770,0.1126760563380280,0.6875,0.6363636363636360,0.0625,1.694915254237290,0.1056338028169010,0.4,0.0,0.3389830508474580,0.0211267605633802,1.0,1.0,2.485875706214690,0.1549295774647890,0.2727272727272730,0.2727272727272730,1.0,9.717514124293780,0.4069767441860470,35,86,0.4069767441860470,SG
Draymond Green,GSW,5.47945205479452,3.1963470319634700,3.187250996015940,0.1141552511415530,2.625570776255710,105.90238365493800,1.362088535754820,1.2485811577752600,13.584474885844700,5.251141552511420,0.4347826086956520,7.30593607305936,0.359375,1.1415525114155300,4.109589041095890,0.45662100456621,7.876712328767120,0.0,0.9,0.9,1.0,0.5818181818181820,0.5591881818181820,0.4954545454545460,0.5042372881355930,0.0,16.956077630234900,5.008537279453620,8.399545970488080,4.0862656072644700,0.174757281553398,3.2917139614074900,0.1294642857142860,1.5981735159817400,0.7990867579908680,0.0432098765432098,0.7990867579908680,0.0309734513274336,0.0360824742268041,0.2258064516129030,0.0634920634920634,9.817351598173520,24.08675799086760,5.365296803652970,4.452054794520550,1.9406392694063900,0.7990867579908680,0.1141552511415530,0.0,0.0,0.228310502283105,0.0603448275862069,0.8545454545454550,5.015217391304350,25.1515625,3.4246575342465800,0.2727272727272730,0.5,0.8666666666666670,0.1,1.2557077625570800,0.1,0.3636363636363640,0.2727272727272730,0.5707762557077630,0.0454545454545454,0.2,1.0,2.625570776255710,0.209090909090909,0.4782608695652170,0.4782608695652170,1.0,4.680365296803650,0.2926829268292680,12,41,0.2926829268292680,PF
Deandre Ayton,LAL,4.072398190045250,2.1493212669683300,2.480270574971820,0.0,2.1493212669683300,116.29213483146100,1.4606741573033700,1.1235955056179800,26.131221719457000,17.647058823529400,0.6987179487179490,0.0,0.0,1.4705882352941200,19.90950226244340,4.751131221719460,0.0,0.0,0.8073394495412840,0.967032967032967,0.0,0.0,0.5463820512820510,0.6987179487179490,0.6957831325301210,4.072398190045250,20.321931589537200,6.93348365276212,9.213483146067420,3.4831460674157300,0.1731843575418990,4.157303370786520,0.1728971962616820,4.638009049773760,2.6018099547511300,0.132183908045977,2.0361990950226200,0.1011235955056180,0.1164772727272730,0.1311475409836070,0.2222222222222220,1.4705882352941200,3.3936651583710400,1.0180995475113100,0.4524886877828050,2.6018099547511300,0.9049773755656110,0.3393665158371040,0.0,0.0,0.5656108597285070,0.0496894409937888,0.5192307692307690,5.77051282051282,0.0,9.16289592760181,0.5192307692307690,0.7530864197530860,0.7213114754098360,0.074074074074074,6.67420814479638,0.3782051282051280,0.6440677966101690,0.0338983050847457,1.8099547511312200,0.1025641025641030,0.625,1.0,0.0,0.0,0.0,0.0,0.0,0.0,0.0,0,0,0.0,C
Jaime Jaquez Jr.,MIA,2.912621359223300,1.8338727076591200,1.618996222342150,0.0,4.638619201726000,106.15550755939500,0.4319654427645790,0.9719222462203020,25.88996763754050,16.50485436893200,0.5816993464052290,2.912621359223300,0.2222222222222220,4.746494066882420,9.70873786407767,9.492988133764830,1.941747572815530,0.0,0.5056179775280900,0.5487804878048780,1.0,0.15,0.5593502777777780,0.5444444444444440,0.5882352941176470,1.5102481121898600,22.063037249283700,5.180787911494870,8.531317494600430,3.023758099352050,0.1302325581395350,4.535637149028080,0.1453287197231830,1.8338727076591200,1.186623516720600,0.05,0.6472491909385110,0.0307692307692307,0.0409638554216867,0.0972222222222222,0.0789473684210526,7.766990291262140,18.985976267529700,4.314994606256740,3.451995685005390,6.040992448759440,2.481121898597630,0.8629989212513490,0.0,0.0,0.970873786407767,0.1179487179487180,0.5888888888888890,4.877777777777780,25.21481481481480,8.522114347357070,0.4388888888888890,0.7215189873417720,0.5964912280701750,0.0253164556962025,7.44336569579288,0.3833333333333330,0.4347826086956520,0.1014492753623190,0.5393743257820930,0.0277777777777777,0.4,0.5,0.6472491909385110,0.0333333333333333,0.1666666666666670,0.1666666666666670,1.0,2.26537216828479,0.238095238095238,5,21,0.238095238095238,SF
Michael Porter Jr.,BKN,3.3603707995365000,1.2746234067207400,1.6222479721900300,0.115874855156431,4.750869061413670,125.84009269988400,0.115874855156431,1.2746234067207400,36.50057937427580,13.904982618771700,0.5833333333333330,13.20973348783310,0.3596491228070180,6.025492468134420,10.196987253765900,6.025492468134420,12.862108922363800,1.3904982618771700,0.6285714285714290,0.7096774193548390,0.902439024390244,0.4871794871794870,0.5268799145299150,0.561965811965812,0.6082677165354330,1.853997682502900,28.600405679513200,5.793742757821550,9.84936268829664,3.8238702201622200,0.1709844559585490,5.5619930475086900,0.2474226804123710,1.7381228273464700,1.1587485515643100,0.0512820512820512,0.5793742757821550,0.0231481481481481,0.0364963503649635,0.1666666666666670,0.0684931506849315,4.866743916570100,11.12398609501740,3.4762456546929300,1.3904982618771700,6.952491309385860,2.317497103128620,0.9269988412514480,0.4634994206257240,0.0,0.4634994206257240,0.096,0.6923076923076920,8.738333333333330,25.33859649122810,5.5619930475086900,0.2051282051282050,0.8125,0.6410256410256410,0.0833333333333333,4.519119351100810,0.1666666666666670,0.4358974358974360,0.0769230769230769,3.8238702201622200,0.141025641025641,0.4242424242424240,0.5714285714285710,2.317497103128620,0.0854700854700854,0.3,0.3,1.0,10.89223638470450,0.3723404255319150,35,94,0.3723404255319150,SF
Herbert Jones,NOP,2.880184331797240,1.8433179723502300,2.7681660899654000,0.0,2.304147465437790,122.0554272517320,0.3464203233256350,2.193995381062360,15.66820276497700,7.027649769585250,0.4262295081967210,7.142857142857140,0.3709677419354840,1.728110599078340,2.7649769585253500,3.225806451612900,7.949308755760370,0.0,0.4615384615384620,0.4615384615384620,1.0,0.5040650406504070,0.5444170731707320,0.491869918699187,0.5151515151515150,0.0,15.6686626746507,2.883506343713960,4.387990762124710,0.8083140877598150,0.053030303030303,3.348729792147810,0.1380952380952380,1.3824884792626700,0.576036866359447,0.0203252032520325,0.8064516129032260,0.0382513661202185,0.0279720279720279,0.0655737704918032,0.0377358490566037,3.686635944700460,8.755760368663590,2.304147465437790,1.3824884792626700,2.419354838709680,1.036866359447010,0.3456221198156680,0.0,0.0,0.3456221198156680,0.0697674418604651,0.7723577235772360,6.844262295081970,24.788709677419400,3.80184331797235,0.2682926829268290,0.4545454545454550,0.6,0.2121212121212120,2.1889400921659000,0.1544715447154470,0.3684210526315790,0.1052631578947370,1.036866359447010,0.073170731707317,0.4444444444444440,0.5,2.419354838709680,0.1707317073170730,0.3809523809523810,0.3809523809523810,1.0,4.723502304147470,0.3658536585365850,15,41,0.3658536585365850,SF
AJ Green,MIL,1.25,0.9090909090909090,2.719546742209630,0.0,2.613636363636360,117.85310734463300,0.1129943502824860,0.6779661016949150,18.522727272727300,1.0227272727272700,0.5555555555555560,11.022727272727300,0.4742268041237110,1.7045454545454500,0.6818181818181820,0.4545454545454550,14.318181818181800,1.3636363636363600,0.6,0.6,0.9130434782608700,0.9150943396226420,0.5382066037735850,0.6981132075471700,0.7168141592920350,0.0,12.653061224489800,2.096317280453260,4.067796610169490,1.5819209039548000,0.0714285714285714,2.2598870056497200,0.1020408163265310,0.1136363636363640,0.0,0.0,0.1136363636363640,0.005524861878453,0.0026525198938992,0.075,0.0,3.1818181818181800,7.954545454545450,1.5909090909090900,1.5909090909090900,2.159090909090910,0.1136363636363640,0.0,0.3409090909090910,0.0,0.3409090909090910,0.0363636363636363,0.9339622641509430,9.033333333333330,25.57835051546390,0.2272727272727270,0.0188679245283018,0.5,1.0,0.5,0.6818181818181820,0.0566037735849056,0.6666666666666670,0.0,0.1136363636363640,0.0094339622641509,0.0,0.0,3.0681818181818200,0.2547169811320750,0.7037037037037040,0.7037037037037040,0.9473684210526320,7.954545454545450,0.3857142857142860,27,70,0.3857142857142860,SG
Ajay Mitchell,OKC,2.840909090909090,1.9318181818181800,2.0454545454545500,0.0,6.25,101.93181818181800,0.4545454545454550,2.9545454545454500,27.84090909090910,16.25,0.4965034965034970,6.477272727272730,0.3157894736842110,5.568181818181820,6.363636363636360,9.772727272727270,4.090909090909090,2.0454545454545500,0.3943661971830990,0.4057971014492750,0.6666666666666670,0.285,0.51852225,0.49,0.5518018018018020,0.4545454545454550,25.02532928064840,3.2954545454545500,5.340909090909090,2.272727272727270,0.0943396226415094,2.727272727272730,0.1126760563380280,1.25,0.3409090909090910,0.0150753768844221,0.9090909090909090,0.0382775119617224,0.0269607843137254,0.0735294117647058,0.0,6.25,15.454545454545500,3.2954545454545500,2.9545454545454500,6.136363636363640,2.727272727272730,0.9090909090909090,0.2272727272727270,0.2272727272727270,0.6818181818181820,0.1203703703703700,0.6,6.47972027972028,24.978947368421100,7.159090909090910,0.315,0.6507936507936510,0.4634146341463420,0.0317460317460317,7.272727272727270,0.32,0.4375,0.09375,1.818181818181820,0.08,0.125,0.5,1.818181818181820,0.08,0.375,0.375,1.0,4.659090909090910,0.2926829268292680,12,41,0.2926829268292680,SG
Harrison Barnes,SAS,2.2274325908558000,1.2895662368112500,1.4637002341920400,0.0,2.46189917936694,112.98245614035100,0.4678362573099420,1.7543859649122800,21.101992966002300,4.220398593200470,0.6944444444444440,8.675263774912080,0.4864864864864870,2.5791324736225100,3.048065650644780,2.8135990621336500,11.957796014068000,0.7033997655334110,0.52,0.5416666666666670,0.9444444444444440,0.6727272727272730,0.5645140909090910,0.7181818181818180,0.743801652892562,0.2344665885111370,14.752370916754500,2.400468384074940,3.8596491228070200,2.2222222222222200,0.0781893004115226,1.52046783625731,0.0714285714285714,0.9378663540445490,0.4689331770222740,0.0251572327044025,0.4689331770222740,0.0206185567010309,0.0226628895184136,0.1034482758620690,0.0377358490566037,3.5169988276670600,8.206330597889800,2.344665885111370,1.172332942555690,2.8135990621336500,1.172332942555690,0.2344665885111370,0.0,0.0,0.3516998827667060,0.0847457627118644,0.8545454545454550,4.438888888888890,24.73513513513510,2.344665885111370,0.1818181818181820,0.8,0.5,0.05,1.7584994138335300,0.1363636363636360,0.6,0.0666666666666666,0.1172332942555690,0.009090909090909,0.0,0.0,4.220398593200470,0.3272727272727270,0.4444444444444440,0.4444444444444440,1.0,4.454865181711610,0.5263157894736840,20,38,0.5263157894736840,PF
Kelly Oubre Jr.,PHI,2.0809248554913300,1.0404624277456600,1.8380241240666300,0.1156069364161850,4.624277456647400,115.4109589041100,1.1415525114155300,1.4840182648401800,23.23699421965320,9.479768786127170,0.6219512195121950,7.745664739884390,0.3432835820895520,3.468208092485550,6.473988439306360,5.317919075144510,7.630057803468210,0.3468208092485550,0.5490196078431370,0.6086956521739130,0.9565217391304350,0.4496644295302010,0.5449228187919460,0.5738255033557050,0.6090909090909090,1.1560693641618500,18.28171828171830,3.50373348650201,5.365296803652970,2.1689497716895000,0.0867579908675799,2.5114155251141600,0.1047619047619050,1.6184971098265900,0.9248554913294800,0.037037037037037,0.6936416184971100,0.0307692307692307,0.0340632603406326,0.0786516853932584,0.0344827586206896,1.8497109826589600,4.393063583815030,1.1560693641618500,0.6936416184971100,4.393063583815030,2.1965317919075100,0.6936416184971100,0.0,0.0,0.3468208092485550,0.1172839506172840,0.6778523489932890,5.986585365853660,25.51641791044780,3.930635838150290,0.2281879194630870,0.7647058823529410,0.6153846153846150,0.1176470588235290,4.393063583815030,0.2550335570469800,0.5263157894736840,0.131578947368421,1.1560693641618500,0.0671140939597315,0.5,0.6,2.0809248554913300,0.1208053691275170,0.4444444444444440,0.4444444444444440,1.0,5.664739884393060,0.3061224489795920,15,49,0.3061224489795920,SF
Grayson Allen,PHX,2.662037037037040,1.6203703703703700,1.7341040462427700,0.2314814814814810,4.282407407407410,113.27944572748300,0.4618937644341800,2.424942263279450,27.77777777777780,6.828703703703700,0.5084745762711860,13.194444444444400,0.4473684210526320,3.125,3.935185185185190,3.009259259259260,14.23611111111110,3.4722222222222200,0.5666666666666670,0.5666666666666670,0.803921568627451,0.6589595375722540,0.530314450867052,0.615606936416185,0.6390374331550800,0.0,21.126760563380300,2.3121387283237,3.9260969976905300,1.5011547344110900,0.065,2.3094688221709000,0.100502512562814,0.6944444444444440,0.3472222222222220,0.0161290322580645,0.2314814814814810,0.0092592592592592,0.0124378109452736,0.1186440677966100,0.0,6.481481481481480,15.97222222222220,3.4722222222222200,3.009259259259260,3.935185185185190,1.851851851851850,0.4629629629629630,0.0,0.0,0.2314814814814810,0.0864864864864864,0.791907514450867,5.47457627118644,26.647368421052600,2.662037037037040,0.1329479768786130,0.6956521739130440,0.5,0.1304347826086960,4.050925925925930,0.2023121387283240,0.3714285714285710,0.2285714285714290,0.1157407407407410,0.0057803468208092,1.0,1.0,2.083333333333330,0.1040462427745660,0.3333333333333330,0.3333333333333330,1.0,11.11111111111110,0.46875,45,96,0.46875,SG
Victor Wembanyama,SAS,5.0,2.558139534883720,2.561117578579740,0.6976744186046510,10.232558139534900,107.45920745920700,5.011655011655010,1.5151515151515200,36.51162790697670,18.953488372093000,0.558282208588957,6.744186046511630,0.3448275862068970,8.372093023255820,12.325581395348800,8.837209302325580,5.930232558139540,1.0465116279069800,0.5824175824175830,0.6385542168674700,0.85,0.2624434389140270,0.5417997737556560,0.5475113122171950,0.6003861003861000,1.8604651162790700,30.816326530612200,9.022118742724100,15.268065268065300,8.275058275058270,0.3127753303964760,6.0606060606060600,0.2524271844660190,2.7906976744186000,1.627906976744190,0.0804597701149425,0.9302325581395350,0.0423280423280423,0.0606060606060606,0.2658227848101270,0.1014492753623190,5.5813953488372100,13.953488372093000,2.7906976744186000,2.7906976744186000,9.767441860465120,3.372093023255810,0.4651162790697670,0.1162790697674420,0.1162790697674420,1.5116279069767400,0.1219512195121950,0.6018099547511310,7.431288343558280,26.412068965517200,8.720930232558140,0.3393665158371040,0.76,0.6666666666666670,0.0133333333333333,5.697674418604650,0.2217194570135750,0.3877551020408160,0.0408163265306122,4.534883720930230,0.1764705882352940,0.3846153846153850,0.7333333333333330,0.6976744186046510,0.0271493212669683,0.5,0.5,1.0,6.046511627906980,0.3269230769230770,17,52,0.3269230769230770,C
Stephon Castle,SAS,5.875576036866360,3.456221198156680,2.704257767548910,0.3456221198156680,7.71889400921659,108.62068965517200,0.5747126436781610,2.528735632183910,25.691244239631300,11.981566820276500,0.6153846153846150,5.76036866359447,0.24,6.797235023041480,4.608294930875580,10.138248847926300,4.147465437788020,0.0,0.3125,0.3571428571428570,1.0,0.3246753246753250,0.5619295454545450,0.5324675324675320,0.5807291666666670,1.8433179723502300,24.64503042596350,4.31530494821634,6.32183908045977,3.5632183908046000,0.1336206896551720,2.7586206896551700,0.1297297297297300,2.304147465437790,1.2672811059907800,0.0647058823529411,1.036866359447010,0.0436893203883495,0.0531914893617021,0.108695652173913,0.1194029850746270,11.40552995391710,27.649769585253500,6.566820276497700,4.838709677419360,9.7926267281106,4.953917050691250,1.036866359447010,0.0,0.0,0.4608294930875580,0.2287234042553190,0.6753246753246750,5.210576923076920,26.146,6.221198156682030,0.3506493506493510,0.6851851851851850,0.3513513513513510,0.1111111111111110,5.0691244239631300,0.2857142857142860,0.5454545454545450,0.0681818181818181,0.6912442396313360,0.0389610389610389,0.5,0.6666666666666670,0.9216589861751150,0.0519480519480519,0.375,0.375,1.0,4.838709677419360,0.2142857142857140,9,42,0.2142857142857140,PG
Gary Trent Jr.,MIL,1.2746234067207400,0.6952491309385860,1.786743515850140,0.0,1.969872537659330,122.82110091743100,0.1146788990825690,1.834862385321100,17.72885283893400,4.866743916570100,0.4523809523809520,10.544611819235200,0.3736263736263740,1.5063731170336000,2.549246813441480,1.853997682502900,10.428736964078800,1.3904982618771700,0.5789473684210530,0.5789473684210530,0.8823529411764710,0.6842105263157900,0.5324323308270680,0.5263157894736840,0.5464285714285710,0.0,15.811518324607300,1.38328530259366,2.6376146788990800,0.9174311926605500,0.0402010050251256,1.720183486238530,0.0833333333333333,0.115874855156431,0.115874855156431,0.0051020408163265,0.0,0.0,0.0025839793281653,0.0422535211267605,0.0,3.4762456546929300,7.879490150637310,2.549246813441480,0.9269988412514480,2.085747392815760,0.8111239860950170,0.2317497103128620,0.115874855156431,0.0,0.115874855156431,0.0575539568345323,0.7669172932330830,10.097619047619000,25.55494505494510,1.2746234067207400,0.0827067669172932,0.5454545454545450,0.6666666666666670,0.0909090909090909,1.853997682502900,0.1203007518796990,0.4375,0.0625,1.7381228273464700,0.112781954887218,0.4,0.5,2.549246813441480,0.1654135338345860,0.5454545454545450,0.5454545454545450,1.0,7.995365005793740,0.3188405797101450,22,69,0.3188405797101450,SG
Giannis Antetokounmpo,MIL,5.336426914153130,2.4361948955916500,1.916376306620210,0.3480278422273780,12.412993039443200,118.0232558139540,1.744186046511630,1.3953488372093000,46.98375870069610,26.682134570765700,0.6391304347826090,2.0881670533642700,0.5,9.74477958236659,15.31322505800460,18.79350348027840,2.4361948955916500,0.6960556844547560,0.4489795918367350,0.5196850393700790,0.7777777777777780,0.0725806451612903,0.6305290322580640,0.6471774193548390,0.6596091205211730,4.640371229698380,36.50465356773530,8.18815331010453,10.813953488372100,4.883720930232560,0.2110552763819100,4.186046511627910,0.1884816753926700,5.568445475638050,3.480278422273780,0.1775147928994080,1.8561484918793500,0.0909090909090909,0.1333333333333330,0.1333333333333330,0.2027027027027030,10.324825986078900,28.422273781902600,2.5522041763341100,7.77262180974478,15.31322505800460,7.192575406032480,1.6241299303944300,0.0,0.0,1.2761020881670500,0.2094594594594590,0.782258064516129,4.1839130434782600,26.066666666666700,20.417633410672900,0.7096774193548390,0.7556818181818180,0.4511278195488720,0.0511363636363636,2.4361948955916500,0.0846774193548387,0.3333333333333330,0.1428571428571430,3.82830626450116,0.1330645161290320,0.2121212121212120,0.2857142857142860,0.0,0.0,0.0,0.0,0.0,2.0881670533642700,0.5,9,18,0.5,PF
Zach LaVine,SAC,2.771362586605080,1.7321016166281800,1.663798049340220,0.115473441108545,3.810623556581990,126.5678449258840,0.2280501710376280,0.798175598631699,31.40877598152430,10.854503464203200,0.5957446808510640,10.392609699769100,0.4222222222222220,5.311778290993070,8.775981524249420,4.157043879907620,10.392609699769100,2.771362586605080,0.6785714285714290,0.6785714285714290,0.7894736842105260,0.4891304347826090,0.5427114130434780,0.6141304347826090,0.6609756097560980,0.0,23.583934088568500,2.409638554216870,4.561003420752570,1.1402508551881400,0.0602409638554216,3.192702394526800,0.1458333333333330,0.23094688221709,0.115473441108545,0.0044052863436123,0.115473441108545,0.0054945054945054,0.0048899755501222,0.0,0.0,3.117782909930720,7.159353348729790,2.193995381062360,0.9237875288683600,6.0046189376443400,2.655889145496540,0.5773672055427250,0.3464203233256350,0.115473441108545,0.115473441108545,0.1274509803921570,0.7336956521739130,7.324468085106380,25.973333333333300,5.196304849884530,0.2445652173913040,0.7111111111111110,0.78125,0.0666666666666666,3.348729792147810,0.1576086956521740,0.5862068965517240,0.0344827586206896,2.3094688221709000,0.108695652173913,0.35,0.2857142857142860,1.9630484988452700,0.092391304347826,0.5294117647058820,0.5294117647058820,1.0,8.429561200923790,0.3972602739726030,29,73,0.3972602739726030,SG
Jamal Murray,DEN,3.294117647058820,2.0,0.9994121105232220,0.0,4.470588235294120,113.51351351351400,0.3525264394829610,1.8801410105757900,32.588235294117600,15.294117647058800,0.5384615384615380,9.882352941176470,0.3571428571428570,5.529411764705880,4.705882352941180,11.764705882352900,4.941176470588240,5.647058823529410,0.2857142857142860,0.2898550724637680,0.4666666666666670,0.3925233644859810,0.508618779342723,0.5373831775700940,0.5836909871244640,0.2352941176470590,26.90721649484540,3.93885949441505,7.050528789659220,2.4676850763807300,0.1147540983606560,3.9952996474735600,0.1566820276497700,0.8235294117647060,0.5882352941176470,0.0256410256410256,0.1176470588235290,0.0057471264367816,0.016260162601626,0.0465116279069767,0.0461538461538461,8.588235294117650,20.58823529411770,5.176470588235290,3.411764705882350,5.882352941176470,2.4705882352941200,0.5882352941176470,0.0,0.0,0.3529411764705880,0.0913043478260869,0.5934579439252340,9.564615384615390,26.10833333333330,5.0588235294117600,0.2009345794392520,0.627906976744186,0.4444444444444440,0.0697674418604651,5.176470588235290,0.205607476635514,0.4772727272727270,0.0454545454545454,5.0588235294117600,0.2009345794392520,0.5116279069767440,0.1363636363636360,0.8235294117647060,0.0327102803738317,0.1428571428571430,0.1428571428571430,1.0,9.058823529411760,0.3766233766233770,29,77,0.3766233766233770,PG
Nic Claxton,BKN,2.406738868832730,1.083032490974730,2.2795440911817600,0.0,8.78459687123947,128.11004784689000,2.272727272727270,1.3157894736842100,24.548736462093900,15.16245487364620,0.6031746031746030,0.7220216606498200,0.0,6.257521058965100,10.58965102286400,7.701564380264740,0.0,0.0,0.5789473684210530,0.676923076923077,0.0,0.0454545454545454,0.5673295454545460,0.5757575757575760,0.6219512195121950,2.647412755716010,19.38883034773450,6.11877624475105,7.177033492822970,3.4688995215311000,0.1629213483146070,3.110047846889950,0.1382978723404260,5.054151624548740,3.489771359807460,0.1494845360824740,1.5643802647412800,0.0607476635514018,0.1029411764705880,0.0735294117647058,0.1428571428571430,6.498194945848380,15.403128760529500,4.091456077015640,2.406738868832730,8.904933814681110,4.332129963898920,1.203369434416370,0.0,0.0,0.7220216606498200,0.2278481012658230,0.6666666666666670,3.781746031746030,25.766666666666700,9.8676293622142,0.6212121212121210,0.6707317073170730,0.6,0.1097560975609760,4.9338146811071,0.3106060606060610,0.4634146341463420,0.0975609756097561,0.3610108303249100,0.0227272727272727,0.6666666666666670,0.5,0.0,0.0,0.0,0.0,0.0,0.7220216606498200,0.0,0,6,0.0,C
Nikola Vučević,CHI,2.5316455696202500,1.380897583429230,1.897642323174240,0.1150747986191020,2.991944764096660,118.96551724137900,0.6896551724137930,1.0344827586206900,23.705408515535100,12.197928653624900,0.5283018867924530,7.019562715765250,0.4098360655737710,2.186421173762950,10.817031070195600,2.071346375143840,8.285385500575380,0.3452243958573070,0.8392857142857140,0.9215686274509800,0.96,0.3652694610778440,0.5223652694610780,0.5598802395209580,0.5754189944134080,1.150747986191020,20.850622406639000,7.475560667050030,11.954022988505700,6.666666666666670,0.25,4.712643678160920,0.2192513368983960,2.991944764096660,1.9562715765247400,0.0845771144278607,0.8055235903337170,0.0378378378378378,0.0621761658031088,0.2183908045977010,0.099009900990099,5.523590333716920,13.003452243958600,3.567318757192180,1.9562715765247400,2.87686996547756,0.9205983889528190,0.1150747986191020,0.0,0.0,0.5753739930955120,0.0459770114942528,0.5868263473053890,6.806603773584910,26.011475409836100,4.25776754890679,0.2215568862275450,0.5945945945945950,0.7272727272727270,0.081081081081081,6.329113924050630,0.3293413173652690,0.5272727272727270,0.0727272727272727,1.6110471806674300,0.0838323353293413,0.3571428571428570,1.0,0.5753739930955120,0.029940119760479,0.2,0.2,1.0,6.444188722669740,0.4285714285714290,24,56,0.4285714285714290,C
Jarace Walker,IND,3.72093023255814,2.558139534883720,1.676300578034680,0.0,3.604651162790700,120.11494252873600,0.8045977011494250,1.0344827586206900,16.27906976744190,9.186046511627910,0.3291139240506330,8.372093023255820,0.2638888888888890,3.604651162790700,2.7906976744186000,3.255813953488370,5.5813953488372100,1.0465116279069800,0.4615384615384620,0.5217391304347830,0.8421052631578950,0.4768211920529800,0.508737417218543,0.3609271523178810,0.4142011834319530,0.6976744186046510,20.0,4.219653179190750,7.126436781609200,2.2988505747126400,0.1149425287356320,4.022988505747130,0.1741293532338310,1.2790697674418600,0.3488372093023260,0.0126050420168067,0.6976744186046510,0.0284360189573459,0.0200445434298441,0.0793650793650793,0.0117647058823529,4.883720930232560,11.744186046511600,2.9069767441860500,1.976744186046510,4.534883720930230,2.441860465116280,0.4651162790697670,0.0,0.0,0.1162790697674420,0.125,0.6622516556291390,7.008860759493670,25.694444444444400,3.255813953488370,0.1854304635761590,0.4642857142857140,0.7692307692307690,0.0714285714285714,5.232558139534880,0.2980132450331130,0.2666666666666670,0.0444444444444444,0.6976744186046510,0.0397350993377483,0.1666666666666670,0.0,1.0465116279069800,0.0596026490066225,0.3333333333333330,0.3333333333333330,1.0,7.325581395348840,0.2539682539682540,16,63,0.2539682539682540,PF
Quentin Grimes,PHI,4.513064133016630,2.6128266033254200,1.8923713778829100,0.1187648456057010,5.463182897862230,110.71849234393400,0.9422850412249710,1.413427561837460,25.890736342042800,7.719714964370550,0.5692307692307690,9.501187648456060,0.4,5.7007125890736300,5.7007125890736300,3.0878859857482200,9.97624703087886,1.4251781472684100,0.6486486486486490,0.6666666666666670,0.875,0.5517241379310350,0.5518861111111110,0.5862068965517240,0.6449704142011830,0.2375296912114010,21.29629629629630,2.9568302779420500,5.30035335689046,2.7090694935217900,0.1138613861386140,2.591283863368670,0.1047619047619050,0.5938242280285040,0.3562945368171020,0.013953488372093,0.2375296912114010,0.0114285714285714,0.0128205128205128,0.0649350649350649,0.0131578947368421,6.65083135391924,16.389548693586700,3.5629453681710200,3.0878859857482200,6.888361045130640,2.137767220902610,0.3562945368171020,0.7125890736342040,0.1187648456057010,0.4750593824228030,0.1454545454545450,0.8482758620689660,5.243076923076920,26.09375,5.10688836104513,0.296551724137931,0.6976744186046510,0.6333333333333330,0.0697674418604651,1.3064133016627100,0.0758620689655172,0.4545454545454550,0.2727272727272730,1.3064133016627100,0.0758620689655172,0.1818181818181820,0.5,1.4251781472684100,0.0827586206896551,0.3333333333333330,0.3333333333333330,0.75,8.076009501187650,0.4117647058823530,28,68,0.4117647058823530,SG
Cason Wallace,OKC,2.0214030915576700,1.5457788347205700,2.080856123662310,0.0,1.426872770511300,104.28061831153400,0.4756242568370990,3.923900118906060,14.030915576694400,5.58858501783591,0.4468085106382980,7.015457788347210,0.3728813559322030,1.1890606420927500,1.6646848989298500,3.329369797859690,7.847800237812130,0.0,0.3333333333333330,0.35,1.0,0.5566037735849060,0.5678792452830190,0.5094339622641510,0.5315315315315320,0.2378121284185490,13.459516298633000,2.5564803804994100,3.8049940546967900,1.426872770511300,0.0571428571428571,2.2592152199762200,0.1032608695652170,1.3079667063020200,0.2378121284185490,0.0113636363636363,1.070154577883470,0.045,0.0292553191489361,0.056338028169014,0.0169491525423728,4.756242568370990,11.296076099881100,2.972651605231870,1.78359096313912,1.3079667063020200,0.713436385255648,0.1189060642092750,0.0,0.0,0.0,0.054054054054054,0.8018867924528300,4.431914893617020,24.78813559322030,3.091557669441140,0.2452830188679250,0.6538461538461540,0.2941176470588240,0.0384615384615384,2.378121284185490,0.1886792452830190,0.2,0.2,0.1189060642092750,0.0094339622641509,0.0,0.0,2.0214030915576700,0.160377358490566,0.4705882352941180,0.4705882352941180,1.0,4.9940546967895400,0.3333333333333330,14,42,0.3333333333333330,SG
Luka Dončić,LAL,5.344418052256530,4.394299287410930,1.7241379310344800,0.0,12.232779097387200,116.3095238095240,0.7142857142857140,2.5,45.24940617577200,15.20190023752970,0.6171875,14.251781472684100,0.3166666666666670,12.945368171021400,3.800475059382420,14.964370546318300,4.98812351543943,8.551068883610450,0.2025316455696200,0.2105263157894740,0.3684210526315790,0.4838709677419360,0.5044123481781380,0.5483870967741940,0.6225490196078430,0.7125890736342040,36.98630136986300,5.58858501783591,10.11904761904760,4.166666666666670,0.21875,5.238095238095240,0.2105263157894740,1.0688836104513100,0.9501187648456060,0.0575539568345323,0.1187648456057010,0.0051020408163265,0.026865671641791,0.1521739130434780,0.0,11.75771971496440,27.315914489311200,7.957244655581950,3.800475059382420,16.389548693586700,6.65083135391924,2.019002375296910,0.5938242280285040,0.0,1.66270783847981,0.2089041095890410,0.6048387096774190,9.81953125,26.8875,3.5629453681710200,0.1209677419354840,0.9,0.2592592592592590,0.0,7.838479809976250,0.2661290322580650,0.5454545454545450,0.0303030303030303,3.800475059382420,0.1290322580645160,0.5,0.0625,1.187648456057010,0.0403225806451612,0.1,0.1,1.0,13.064133016627100,0.3363636363636360,37,110,0.3363636363636360,PG
Anthony Black,ORL,3.785103785103790,2.686202686202690,2.286401925391100,0.0,4.395604395604400,117.20047449584800,1.1862396204033200,2.1352313167259800,21.489621489621500,10.256410256410300,0.5952380952380950,6.349206349206350,0.2884615384615380,3.785103785103790,6.105006105006110,6.105006105006110,5.128205128205130,0.3663003663003660,0.5,0.5102040816326530,0.9333333333333330,0.3823529411764710,0.5638078358208960,0.5330882352941180,0.5714285714285710,0.2442002442002440,19.892473118279600,2.7677496991576400,4.6263345195729500,2.1352313167259800,0.0825688073394495,2.491103202846980,0.1265060240963860,0.8547008547008550,0.4884004884004880,0.0213903743315508,0.3663003663003660,0.0176470588235294,0.0196078431372549,0.0597014925373134,0.044776119402985,4.395604395604400,10.744810744810700,2.442002442002440,1.953601953601950,5.494505494505500,2.93040293040293,0.9768009768009770,0.0,0.0,0.2442002442002440,0.1578947368421050,0.7867647058823530,5.025,26.45576923076920,6.715506715506720,0.4044117647058820,0.6909090909090910,0.4736842105263160,0.1454545454545450,2.442002442002440,0.1470588235294120,0.6,0.2,1.098901098901100,0.0661764705882353,0.0,0.0,1.709401709401710,0.1029411764705880,0.3571428571428570,0.3571428571428570,1.0,4.63980463980464,0.2631578947368420,10,38,0.2631578947368420,PG
Nickeil Alexander-Walker,ATL,3.608847497089640,2.0954598370197900,1.3961605584642200,0.0,6.868451688009310,114.65116279069800,1.2790697674418600,1.5116279069767400,27.70663562281720,11.757857974388800,0.5544554455445550,9.31315483119907,0.3,6.286379511059370,6.752037252619330,6.286379511059370,7.334109429569270,1.0477299185099000,0.5178571428571430,0.5272727272727270,0.875,0.4419889502762430,0.5632104972375690,0.5082872928176800,0.5669856459330140,0.2328288707799770,25.15723270440250,2.152414194299010,3.372093023255810,1.162790697674420,0.0465116279069767,2.0930232558139500,0.0857142857142857,0.9313154831199070,0.4656577415599530,0.0228571428571428,0.4656577415599530,0.0227272727272727,0.0227920227920227,0.0689655172413793,0.0327868852459016,5.238649592549480,12.572759022118700,3.143189755529690,2.0954598370197900,7.450523864959260,3.2596041909196700,0.6984866123399300,0.1164144353899880,0.1164144353899880,0.6984866123399300,0.1428571428571430,0.7403314917127070,6.332673267326730,25.17,6.286379511059370,0.2983425414364640,0.7037037037037040,0.5526315789473690,0.037037037037037,3.841676367869620,0.1823204419889500,0.3939393939393940,0.0606060606060606,1.6298020954598400,0.0773480662983425,0.3571428571428570,0.6,2.328288707799770,0.1104972375690610,0.35,0.35,1.0,6.984866123399300,0.2833333333333330,17,60,0.2833333333333330,SG
Stephen Curry,GSW,4.282407407407410,2.430555555555560,1.676300578034680,0.0,7.638888888888890,115.24249422632800,0.5773672055427250,2.3094688221709000,42.013888888888900,11.689814814814800,0.5742574257425740,17.24537037037040,0.3892617449664430,8.449074074074070,6.481481481481480,6.944444444444450,14.23611111111110,5.902777777777780,0.4827586206896550,0.4827586206896550,0.7068965517241380,0.596,0.5373006048387100,0.58,0.6387900355871890,0.0,33.09053069719040,2.7167630057803500,5.080831408775980,2.540415704387990,0.1202185792349730,2.540415704387990,0.1083743842364530,0.3472222222222220,0.1157407407407410,0.0065359477124183,0.2314814814814810,0.0090497737556561,0.0080213903743315,0.074074074074074,0.0140845070422535,6.13425925925926,15.162037037037000,3.240740740740740,2.8935185185185200,9.25925925925926,2.662037037037040,0.5787037037037040,0.925925925925926,0.2314814814814810,0.8101851851851850,0.1131386861313870,0.784,7.197029702970300,26.81006711409400,5.439814814814820,0.188,0.6595744680851060,0.4516129032258060,0.0851063829787234,3.8194444444444400,0.132,0.5757575757575760,0.0303030303030303,2.430555555555560,0.084,0.3809523809523810,0.5,1.5046296296296300,0.052,0.4615384615384620,0.4615384615384620,1.0,15.74074074074070,0.3823529411764710,52,136,0.3823529411764710,PG
Jrue Holiday,POR,4.055619930475090,3.1286210892236400,1.391304347826090,0.0,2.433371958285050,116.12529002320200,0.3480278422273780,2.2041763341067300,23.17497103128620,9.385863267670920,0.5308641975308640,9.84936268829664,0.3647058823529410,2.433371958285050,3.707995365005790,6.257242178447280,4.866743916570100,5.909617612977980,0.3720930232558140,0.3902439024390240,0.4516129032258060,0.5120481927710840,0.5362027108433740,0.5391566265060240,0.5621468926553670,0.4634994206257240,21.178821178821200,3.652173913043480,5.452436194895590,3.132250580046400,0.1370558375634520,2.0881670533642700,0.0978260869565217,1.853997682502900,0.6952491309385860,0.0357142857142857,1.1587485515643100,0.042016806722689,0.0394088669950738,0.131578947368421,0.0263157894736842,11.471610660486700,27.230590961761300,7.184241019698730,4.287369640787950,2.8968713789107800,0.9269988412514480,0.115874855156431,0.0,0.0,0.4634994206257240,0.0462427745664739,0.7108433734939760,6.939506172839510,25.651764705882400,3.8238702201622200,0.1987951807228920,0.696969696969697,0.391304347826087,0.1515151515151520,4.287369640787950,0.2228915662650600,0.4054054054054050,0.027027027027027,1.2746234067207400,0.0662650602409638,0.4545454545454550,0.2,1.2746234067207400,0.0662650602409638,0.4545454545454550,0.4545454545454550,0.8,8.574739281575900,0.3513513513513510,26,74,0.3513513513513510,PG
Shaedon Sharpe,POR,4.534883720930230,3.255813953488370,1.740139211136890,0.2325581395348840,7.441860465116280,115.9722222222220,0.3472222222222220,2.314814814814820,36.74418604651160,19.186046511627900,0.5454545454545450,11.27906976744190,0.2577319587628870,7.093023255813950,10.0,10.930232558139500,6.27906976744186,2.441860465116280,0.4777777777777780,0.4777777777777780,0.72,0.3702290076335880,0.5594700381679390,0.4866412213740460,0.541095890410959,0.0,32.19844357976650,4.060324825986080,5.902777777777780,2.8935185185185200,0.1237623762376240,3.009259259259260,0.1444444444444440,2.2093023255814000,0.4651162790697670,0.0210526315789473,1.744186046511630,0.0632911392405063,0.0444964871194379,0.074074074074074,0.0106382978723404,3.372093023255810,8.604651162790700,1.5116279069767400,1.8604651162790700,8.837209302325580,4.767441860465120,1.8604651162790700,0.0,0.0,0.5813953488372090,0.1428571428571430,0.7022900763358780,6.88,26.12061855670100,10.116279069767400,0.3320610687022900,0.6436781609195400,0.5892857142857140,0.0919540229885057,4.418604651162790,0.1450381679389310,0.5,0.131578947368421,4.651162790697680,0.1526717557251910,0.375,0.2666666666666670,1.0465116279069800,0.0343511450381679,0.2222222222222220,0.2222222222222220,1.0,10.232558139534900,0.2613636363636360,23,88,0.2613636363636360,SG
Cedric Coward,MEM,2.331002331002330,1.7482517482517500,1.627906976744190,0.0,3.7296037296037300,114.50116009280700,0.6960556844547560,1.3921113689095100,25.058275058275100,9.324009324009320,0.5375,8.041958041958040,0.4057971014492750,5.244755244755250,6.526806526806530,3.4965034965035000,9.090909090909090,0.6993006993006990,0.6511627906976750,0.7,0.9285714285714290,0.4630872483221480,0.5550506711409400,0.5704697986577180,0.6213872832369940,0.6993006993006990,19.65376782077390,5.5813953488372100,8.236658932714620,2.668213457076570,0.1263736263736260,4.756380510440840,0.1933962264150940,2.913752913752910,1.2820512820512800,0.0558375634517766,1.3986013986014000,0.0555555555555555,0.0556900726392251,0.14,0.03125,5.011655011655010,11.538461538461500,3.4965034965035000,1.5151515151515200,5.827505827505830,2.5641025641025600,0.1165501165501170,0.1165501165501170,0.0,0.2331002331002330,0.1345029239766080,0.7449664429530200,5.3950000000000000,24.842028985507200,4.895104895104900,0.2818791946308720,0.6904761904761910,0.6896551724137930,0.119047619047619,4.07925407925408,0.2348993288590600,0.3428571428571430,0.0857142857142857,0.3496503496503500,0.0201342281879194,0.6666666666666670,0.0,2.331002331002330,0.1342281879194630,0.25,0.2631578947368420,1.0,5.710955710955710,0.4693877551020410,23,49,0.4693877551020410,SG
Russell Westbrook,SAC,5.214368482039400,3.2444959443800700,1.7411491584445700,0.115874855156431,3.939745075318660,121.39534883720900,0.2325581395348840,1.627906976744190,23.290845886442600,10.312862108922400,0.4606741573033710,8.574739281575900,0.4054054054054050,3.3603707995365000,3.0127462340672100,6.488991888760140,7.995365005793740,2.433371958285050,0.3170731707317070,0.3421052631578950,0.7666666666666670,0.4539877300613500,0.5257644171779140,0.5276073619631900,0.5491803278688530,0.6952491309385860,23.60248447204970,5.339524085896690,7.906976744186050,3.13953488372093,0.1551724137931030,3.8372093023255800,0.175531914893617,2.7809965237543500,1.969872537659330,0.0729613733905579,0.8111239860950170,0.0451612903225806,0.0618556701030927,0.0833333333333333,0.03125,10.428736964078800,24.21784472769410,7.068366164542300,3.3603707995365000,4.982618771726540,2.317497103128620,0.2317497103128620,0.115874855156431,0.0,0.115874855156431,0.1153846153846150,0.6993865030674850,6.319101123595510,25.16216216216220,4.634994206257240,0.2453987730061350,0.65,0.4230769230769230,0.125,4.519119351100810,0.2392638036809820,0.3333333333333330,0.1794871794871800,1.1587485515643100,0.0613496932515337,0.2,0.5,2.8968713789107800,0.1533742331288340,0.48,0.48,0.9166666666666670,5.677867902665120,0.3673469387755100,18,49,0.3673469387755100,SF
Naji Marshall,DAL,1.7814726840855100,1.187648456057010,1.824602707474990,0.0,4.038004750593820,113.06884480746800,0.0,2.2170361726954500,19.95249406175770,9.026128266033250,0.5657894736842110,4.869358669833730,0.2682926829268290,5.819477434679340,5.463182897862230,4.750593824228030,3.5629453681710200,0.3562945368171020,0.5348837209302330,0.5609756097560980,0.9090909090909090,0.3504273504273500,0.5439905982905980,0.5085470085470090,0.5874125874125870,0.4750593824228030,16.666666666666700,4.2377869334902900,7.001166861143520,3.38389731621937,0.1283185840707960,3.267211201866980,0.1538461538461540,1.4251781472684100,0.831353919239905,0.037037037037037,0.5938242280285040,0.0260416666666666,0.0314960629921259,0.1351351351351350,0.044776119402985,4.038004750593820,10.21377672209030,1.9002375296912100,2.137767220902610,7.363420427553440,2.375296912114010,0.5938242280285040,0.5938242280285040,0.0,0.7125890736342040,0.1824817518248180,0.6581196581196580,6.36578947368421,24.339024390243900,4.275534441805230,0.3076923076923080,0.6944444444444440,0.52,0.0833333333333333,3.919239904988120,0.282051282051282,0.5151515151515150,0.1818181818181820,0.831353919239905,0.0598290598290598,0.1428571428571430,0.0,2.8503562945368200,0.2051282051282050,0.2916666666666670,0.3043478260869570,1.0,2.019002375296910,0.2352941176470590,4,17,0.2352941176470590,SF
Paolo Banchero,ORL,3.860072376357060,2.0506634499396900,1.7438364401683700,0.120627261761158,9.047044632086850,112.82973621103100,1.3189448441247000,1.079136690647480,31.363088057901100,16.164053075995200,0.5298507462686570,5.307599517490950,0.25,10.253317249698400,6.031363088057900,11.097708082026500,3.618817852834740,0.3618817852834740,0.352112676056338,0.3787878787878790,0.9090909090909090,0.247191011235955,0.530664606741573,0.4915730337078650,0.5752212389380530,1.20627261761158,27.35949098621420,6.253758268190020,11.151079136690600,5.635491606714630,0.2270531400966180,4.07673860911271,0.2023809523809520,1.3268998793727400,0.8443908323281060,0.0364583333333333,0.4825090470446320,0.0251572327044025,0.0313390313390313,0.234375,0.0555555555555555,5.910735826296740,14.837153196622400,2.8950542822677900,3.0156815440289500,13.38962605548850,6.7551266586248500,1.6887816646562100,0.0,0.0,0.7237635705669480,0.2545454545454550,0.5730337078651690,7.552985074626870,26.00454545454550,6.996381182147170,0.3258426966292140,0.6724137931034480,0.4102564102564100,0.1379310344827590,6.634499396863690,0.3089887640449440,0.4,0.1454545454545450,2.5331724969843200,0.1179775280898880,0.4761904761904760,0.2,0.4825090470446320,0.0224719101123595,0.0,0.0,0.0,4.82509047044632,0.275,11,40,0.275,PF
Santi Aldama,MEM,2.317073170731710,1.4634146341463400,1.3414634146341500,0.1219512195121950,3.5365853658536600,117.6829268292680,1.0975609756097600,1.951219512195120,22.804878048780500,11.341463414634100,0.5698924731182800,8.048780487804880,0.303030303030303,2.5609756097561000,10.48780487804880,2.4390243902439000,7.317073170731710,0.0,0.8113207547169810,0.9347826086956520,1.0,0.4150943396226420,0.5469657232704400,0.5220125786163520,0.5436046511627910,1.7073170731707300,20.427807486631000,6.219512195121950,9.51219512195122,3.7804878048780500,0.1823529411764710,4.512195121951220,0.1796116504854370,2.926829268292680,1.3414634146341500,0.0611111111111111,1.5853658536585400,0.0610328638497652,0.0610687022900763,0.0869565217391304,0.0847457627118644,4.390243902439030,10.853658536585400,2.317073170731710,2.073170731707320,4.2682926829268300,1.5853658536585400,0.7317073170731710,0.3658536585365850,0.1219512195121950,0.4878048780487810,0.0898203592814371,0.7044025157232700,5.972043010752690,25.20757575757580,5.609756097560980,0.2893081761006290,0.6956521739130440,0.75,0.0217391304347826,4.512195121951220,0.2327044025157230,0.4864864864864870,0.054054054054054,1.2195121951219500,0.0628930817610062,0.3,0.6666666666666670,1.951219512195120,0.10062893081761,0.5,0.5333333333333330,1.0,6.097560975609760,0.24,12,50,0.24,PF
CJ McCollum,WAS,2.294685990338160,1.8115942028985500,1.815980629539950,0.0,3.3816425120772900,125.0,0.3640776699029130,1.2135922330097100,25.60386473429950,10.869565217391300,0.4111111111111110,10.869565217391300,0.3777777777777780,4.3478260869565200,2.657004830917870,6.280193236714980,8.333333333333330,3.985507246376810,0.2972972972972970,0.3055555555555560,0.6764705882352940,0.5,0.5204511111111110,0.4888888888888890,0.5355329949238580,0.2415458937198070,23.003194888178900,2.542372881355930,4.004854368932040,1.941747572815530,0.0784313725490196,1.941747572815530,0.0879120879120879,1.0869565217391300,0.1207729468599030,0.0047169811320754,0.8454106280193240,0.0393258426966292,0.0205128205128205,0.0493827160493827,0.0,5.193236714975850,12.92270531400970,2.657004830917870,2.536231884057970,5.314009661835750,2.1739130434782600,0.6038647342995170,0.4830917874396140,0.1207729468599030,0.1207729468599030,0.1122448979591840,0.6555555555555560,8.557777777777780,26.004444444444400,3.3816425120772900,0.1555555555555560,0.5714285714285710,0.4375,0.1071428571428570,5.314009661835750,0.2444444444444440,0.3409090909090910,0.0909090909090909,2.1739130434782600,0.1,0.3333333333333330,0.1666666666666670,2.0531400966183600,0.0944444444444444,0.3529411764705880,0.3529411764705880,1.0,8.816425120772950,0.3835616438356160,28,73,0.3835616438356160,SG
Julian Champagnie,SAS,2.386934673366830,1.256281407035180,1.005656819610310,0.0,1.884422110552760,109.43396226415100,0.5031446540880500,1.8867924528301900,17.08542713567840,2.8894472361809000,0.5652173913043480,9.673366834170860,0.3766233766233770,2.8894472361809000,2.512562814070350,0.7537688442211060,10.552763819095500,0.3768844221105530,0.7692307692307690,0.9090909090909090,0.9655172413793100,0.77,0.588587,0.565,0.6071428571428570,0.5025125628140700,14.459161147902900,3.959773727215590,6.540880503144650,3.018867924528300,0.1121495327102800,2.893081761006290,0.1352941176470590,1.3819095477386900,0.7537688442211060,0.0375,0.628140703517588,0.027027027027027,0.0318840579710144,0.1038961038961040,0.032258064516129,2.010050251256280,5.025125628140700,1.0050251256281400,1.0050251256281400,3.768844221105530,1.0050251256281400,0.0,0.5025125628140700,0.1256281407035180,0.1256281407035180,0.1081081081081080,0.95,2.847826086956520,24.784415584415600,2.2613065326633200,0.18,0.7222222222222220,0.7692307692307690,0.1111111111111110,0.628140703517588,0.05,0.0,0.4,0.0,0.0,0.0,0.0,4.522613065326630,0.36,0.4444444444444440,0.4444444444444440,0.9375,5.150753768844220,0.3170731707317070,13,41,0.3170731707317070,SF
Jaylen Wells,MEM,1.518987341772150,1.139240506329110,1.8856065367693300,0.0,3.5443037974683500,119.97503121098600,0.0,1.2484394506866400,17.974683544303800,8.227848101265820,0.4769230769230770,9.873417721518990,0.282051282051282,1.7721518987341800,5.316455696202530,2.5316455696202500,7.594936708860760,0.759493670886076,0.6774193548387100,0.75,0.9090909090909090,0.5454545454545450,0.5335283216783220,0.4475524475524480,0.4701986754966890,0.759493670886076,17.841409691630000,3.2055311125078600,4.2446941323345800,1.49812734082397,0.0764331210191082,2.3720349563046200,0.0964467005076142,2.151898734177220,1.139240506329110,0.0452261306532663,1.0126582278481000,0.04,0.0426065162907268,0.073170731707317,0.0535714285714285,2.911392405063290,6.962025316455700,1.7721518987341800,1.139240506329110,2.6582278481012700,0.8860759493670890,0.379746835443038,0.2531645569620250,0.1265822784810130,0.379746835443038,0.0608108108108108,0.7062937062937060,8.846153846153850,24.878205128205100,2.911392405063290,0.1608391608391610,0.6521739130434780,0.6666666666666670,0.1739130434782610,3.037974683544300,0.1678321678321680,0.375,0.2083333333333330,2.278481012658230,0.1258741258741260,0.3888888888888890,0.7142857142857140,3.1645569620253200,0.1748251748251750,0.24,0.24,1.0,6.708860759493670,0.3018867924528300,16,53,0.3018867924528300,SG
Terance Mann,BKN,1.556420233463040,1.0376134889753600,2.9182879377431900,0.0,3.2425421530479900,125.810635538262,0.3891050583657590,1.4267185473411200,17.120622568093400,8.171206225680930,0.5396825396825400,5.447470817120620,0.3571428571428570,2.464332036316470,3.631647211413750,5.188067444876780,4.669260700389110,1.1673151750972800,0.4117647058823530,0.5185185185185190,0.8,0.4,0.5373447619047620,0.5380952380952380,0.5689655172413790,1.8158236057068700,14.41543700340520,2.853437094682230,2.9831387808041500,1.556420233463040,0.0774193548387096,1.297016861219200,0.0609756097560975,2.723735408560310,1.297016861219200,0.057471264367816,1.4267185473411200,0.0536585365853658,0.0554089709762532,0.0535714285714285,0.0303030303030303,6.22568093385214,15.82360570687420,2.853437094682230,3.372243839169910,2.9831387808041500,1.556420233463040,0.2594033722438390,0.0,0.0,0.1297016861219200,0.1043478260869570,0.7238095238095240,5.384126984126980,25.13809523809520,4.409857328145270,0.3238095238095240,0.6176470588235290,0.2857142857142860,0.1470588235294120,3.2425421530479900,0.238095238095238,0.44,0.12,0.5188067444876780,0.0380952380952381,0.5,1.0,1.8158236057068700,0.1333333333333330,0.2857142857142860,0.2857142857142860,1.0,3.631647211413750,0.3928571428571430,11,28,0.3928571428571430,SG
Josh Giddey,CHI,4.86284289276808,3.2418952618453900,1.3673088875077700,0.1246882793017460,5.7356608478803,117.22428748451100,0.6195786864931850,1.3630731102850100,29.925187032419000,16.708229426433900,0.5149253731343280,5.985037406483790,0.3541666666666670,6.359102244389030,6.234413965087280,10.972568578553600,5.236907730673320,1.1221945137157100,0.3623188405797100,0.3676470588235290,0.8235294117647060,0.2637362637362640,0.5442585164835160,0.5192307692307690,0.5584112149532710,0.2493765586034910,28.04878048780490,7.085146053449350,11.895910780669100,5.824039653035940,0.2126696832579190,4.83271375464684,0.217877094972067,2.244389027431420,1.2468827930174600,0.0543478260869565,0.9975062344139650,0.0462427745664739,0.0504201680672268,0.1333333333333330,0.0329670329670329,12.8428927680798,32.16957605985040,6.359102244389030,6.483790523690770,8.478802992518700,3.865336658354120,0.3740648379052370,0.0,0.0,0.4987531172069830,0.1476190476190480,0.6263736263736260,5.824626865671640,25.6125,8.229426433915210,0.3626373626373630,0.5909090909090910,0.4871794871794870,0.1363636363636360,7.107231920199500,0.3131868131868130,0.4912280701754390,0.0350877192982456,1.371571072319200,0.0604395604395604,0.1818181818181820,0.5,0.3740648379052370,0.0164835164835164,0.3333333333333330,0.3333333333333330,1.0,5.610972568578550,0.3555555555555560,16,45,0.3555555555555560,PG
Svi Mykhailiuk,UTA,1.2658227848101300,0.5063291139240510,1.266624445851810,0.0,1.0126582278481000,116.22306717363800,0.3802281368821290,0.8871989860583020,17.21518987341770,3.79746835443038,0.7333333333333330,9.49367088607595,0.3866666666666670,0.6329113924050630,4.050632911392410,1.518987341772150,10.253164556962000,0.759493670886076,0.7272727272727270,0.7272727272727270,0.9310344827586210,0.7142857142857140,0.5416409523809520,0.6238095238095240,0.6415094339622640,0.0,12.184873949579800,2.279924002533250,3.2953105196451200,1.0139416983523400,0.0451977401129943,1.9011406844106500,0.073170731707317,1.2658227848101300,0.5063291139240510,0.0210526315789473,0.759493670886076,0.0262008733624454,0.0238663484486873,0.0416666666666666,0.0576923076923076,3.5443037974683500,9.240506329113920,1.3924050632911400,2.151898734177220,0.759493670886076,0.379746835443038,0.2531645569620250,0.2531645569620250,0.2531645569620250,0.0,0.0471698113207547,0.8476190476190480,5.913333333333330,25.08533333333330,1.7721518987341800,0.1333333333333330,0.7142857142857140,0.9,0.0,1.7721518987341800,0.1333333333333330,0.7857142857142860,0.0714285714285714,0.2531645569620250,0.019047619047619,0.5,1.0,3.924050632911390,0.2952380952380950,0.4516129032258060,0.4516129032258060,1.0,5.569620253164560,0.3409090909090910,15,44,0.3409090909090910,SF
Matas Buzelis,CHI,3.082614056720100,2.096177558569670,2.639656230816450,0.1233045622688040,3.945745992601730,115.03667481662600,1.8337408312958400,1.2224938875305600,24.04438964241680,11.097410604192400,0.5222222222222220,7.398273736128240,0.4,3.5758323057953100,5.672009864364980,5.9186189889025900,8.508014796547470,0.3699136868064120,0.4893617021276600,0.5227272727272730,0.9583333333333330,0.4,0.5887063333333330,0.5533333333333330,0.5945121951219510,0.7398273736128240,20.58823529411770,4.419889502762430,6.845965770171150,3.7897310513447400,0.1476190476190480,2.93398533007335,0.1403508771929820,1.972872996300860,0.6165228113440200,0.0256410256410256,1.3563501849568400,0.0658682634730539,0.0441988950276243,0.1341463414634150,0.0272727272727272,1.972872996300860,4.808877928483350,1.1097410604192400,0.8631319358816280,4.192355117139330,1.8495684340320600,0.4932182490752160,0.2466091245376080,0.0,0.1233045622688040,0.0987654320987654,0.84,3.608888888888890,24.86,8.13810110974106,0.44,0.5909090909090910,0.4358974358974360,0.0757575757575757,2.466091245376080,0.1333333333333330,0.3,0.15,0.4932182490752160,0.0266666666666666,0.5,1.0,2.8360049321824900,0.1533333333333330,0.3478260869565220,0.3636363636363640,1.0,4.562268803945750,0.4324324324324320,16,37,0.4324324324324320,PF
Alex Sarr,WAS,3.934010152284260,2.918781725888330,1.7023959646910500,0.1269035532994920,4.949238578680200,124.31077694235600,3.508771929824560,1.1278195488721800,29.9492385786802,18.908629441624400,0.5637583892617450,5.076142131979700,0.35,3.299492385786800,15.228426395939100,6.091370558375630,5.32994923857868,0.0,0.7142857142857140,0.8450704225352110,1.0,0.2116402116402120,0.5207722222222220,0.5555555555555560,0.5756097560975610,3.299492385786800,26.6065388951522,6.683480453972260,9.398496240601510,4.636591478696740,0.1878172588832490,4.385964912280700,0.1871657754010700,3.934010152284260,3.4263959390862900,0.1391752577319590,0.5076142131979700,0.0242424242424242,0.0863509749303621,0.1794871794871800,0.1914893617021280,5.964467005076140,15.609137055837600,2.284263959390860,3.6802030456852800,4.568527918781730,2.1573604060913700,0.5076142131979700,0.0,0.0,0.3807106598984770,0.0841584158415841,0.5767195767195770,5.786577181208050,25.98,8.756345177664970,0.365079365079365,0.7681159420289860,0.7169811320754720,0.1159420289855070,8.756345177664970,0.365079365079365,0.3768115942028990,0.1304347826086960,1.3959390862944200,0.0582010582010582,0.4545454545454550,0.8,0.3807106598984770,0.0158730158730158,0.3333333333333330,0.5,1.0,4.695431472081220,0.3513513513513510,13,37,0.3513513513513510,C
Jalen Duren,DET,3.836317135549870,1.5345268542199500,2.816901408450700,0.0,8.823529411764710,109.74358974359000,1.794871794871800,1.794871794871800,34.271099744245500,18.414322250639400,0.6736111111111110,0.0,0.0,9.46291560102302,15.345268542199500,9.46291560102302,0.0,0.0,0.6185567010309280,0.759493670886076,0.0,0.0,0.5575520833333330,0.6736111111111110,0.7165775401069520,4.603580562659850,23.484848484848500,9.923175416133160,12.307692307692300,5.128205128205130,0.2150537634408600,5.256410256410260,0.211340206185567,7.544757033248080,4.987212276214830,0.1959798994974870,2.557544757033250,0.1257861635220130,0.164804469273743,0.1428571428571430,0.2682926829268290,3.0690537084399000,7.033248081841430,2.1739130434782600,0.8951406649616370,12.148337595907900,5.370843989769820,1.1508951406649600,0.0,0.0,1.278772378516620,0.2372881355932200,0.6875,3.396527777777780,0.0,12.659846547314600,0.6875,0.696969696969697,0.6666666666666670,0.0707070707070707,5.242966751918160,0.2847222222222220,0.6097560975609760,0.1219512195121950,0.5115089514066500,0.0277777777777777,0.75,0.0,0.0,0.0,0.0,0.0,0.0,0.0,0.0,0,0,0.0,C
Sion James,CHA,1.820546163849160,0.9102730819245770,1.4762516046213100,0.0,2.600780234070220,115.8428390367550,0.6337135614702160,1.394169835234470,13.784135240572200,4.031209362808840,0.4838709677419360,5.851755526658000,0.4444444444444440,2.080624187256180,2.080624187256180,1.820546163849160,7.802340702210660,0.0,0.5333333333333330,0.5714285714285710,1.0,0.5921052631578950,0.5815842105263160,0.5921052631578950,0.6309523809523810,0.2600780234070220,10.986547085201800,2.82413350449294,4.942965779467680,2.788339670468950,0.1105527638190950,1.6476552598225600,0.0833333333333333,0.6501950585175550,0.0,0.0,0.6501950585175550,0.0251256281407035,0.0139664804469273,0.16,0.0,2.730819245773730,6.8920676202860900,1.3003901170351100,1.4304291287386200,2.4707412223667100,1.0403120936280900,0.2600780234070220,0.130039011703511,0.0,0.130039011703511,0.108433734939759,0.9342105263157900,2.861290322580650,24.60222222222220,3.3810143042912900,0.3421052631578950,0.5384615384615380,0.5,0.1923076923076920,0.6501950585175550,0.0657894736842105,0.2,0.2,0.0,0.0,0.0,0.0,2.730819245773730,0.2763157894736840,0.3809523809523810,0.3809523809523810,1.0,3.120936280884270,0.5,12,24,0.5,SG
Jalen Brunson,NYK,3.821656050955410,2.4203821656051000,1.9157088122605400,0.0,8.789808917197450,113.82842509603100,0.0,1.1523687580025600,39.23566878980890,18.471337579617800,0.5241379310344830,10.70063694267520,0.369047619047619,8.02547770700637,5.350318471337580,14.012738853503200,6.496815286624200,5.350318471337580,0.2763157894736840,0.2763157894736840,0.5483870967741940,0.3668122270742360,0.5352458515283840,0.5349344978165940,0.5945945945945950,0.0,31.55021834061140,2.490421455938700,4.353393085787450,1.6645326504481400,0.0855263157894736,2.6888604353393100,0.1088082901554400,0.6369426751592360,0.2547770700636940,0.0108108108108108,0.3821656050955410,0.0147783251231527,0.0128865979381443,0.0757575757575757,0.0,9.171974522292990,23.18471337579620,4.3312101910828000,4.840764331210190,9.29936305732484,3.949044585987260,1.019108280254780,0.5095541401273890,0.1273885350318470,0.5095541401273890,0.1372549019607840,0.5982532751091700,7.89448275862069,25.78690476190480,6.751592356687900,0.2314410480349350,0.6226415094339620,0.303030303030303,0.0566037735849056,8.662420382165610,0.296943231441048,0.4411764705882350,0.0735294117647058,3.0573248407643300,0.1048034934497820,0.5416666666666670,0.1538461538461540,1.5286624203821700,0.0524017467248908,0.5,0.5,1.0,9.171974522292990,0.3472222222222220,25,72,0.3472222222222220,PG
OG Anunoby,NYK,2.82413350449294,1.925545571245190,1.7994858611825200,0.128369704749679,3.337612323491660,109.3951093951090,1.0296010296010300,2.9601029601029600,24.390243902439000,8.729139922978180,0.5735294117647060,10.141206675224600,0.3924050632911390,2.4390243902439000,6.161745827984600,3.851091142490370,11.553273427471100,0.3851091142490370,0.6153846153846150,0.7058823529411770,0.967741935483871,0.5374149659863950,0.6194972789115650,0.5816326530612250,0.6012658227848100,1.2836970474967900,19.672131147541000,4.305912596401030,6.177606177606180,2.702702702702700,0.1320754716981130,3.346203346203350,0.1354166666666670,2.4390243902439000,1.4120667522464700,0.0594594594594594,1.0269576379974300,0.0382775119617224,0.0482233502538071,0.0714285714285714,0.0714285714285714,3.337612323491660,8.34403080872914,1.668806161745830,1.668806161745830,3.209242618741980,1.1553273427471100,0.3851091142490370,0.0,0.0,0.6418485237483950,0.0588235294117647,0.9183673469387760,3.0426470588235300,24.82405063291140,7.188703465982030,0.3809523809523810,0.6607142857142860,0.5945945945945950,0.1428571428571430,1.2836970474967900,0.0680272108843537,0.1,0.1,0.2567394094993580,0.0136054421768707,0.5,1.0,5.006418485237480,0.2653061224489800,0.4871794871794870,0.5,1.0,5.134788189987160,0.3,12,40,0.3,PF
Kyshawn George,WAS,4.918032786885250,3.0264817150063100,3.587161736941470,0.1261034047919290,4.918032786885250,120.85427135678400,1.3819095477386900,1.3819095477386900,25.598991172761700,9.709962168978560,0.5584415584415580,8.701134930643130,0.4492753623188410,3.0264817150063100,2.522068095838590,8.32282471626734,9.836065573770490,1.8915510718789400,0.2325581395348840,0.238095238095238,0.8387096774193550,0.4726027397260270,0.5222417808219180,0.613013698630137,0.634375,0.2522068095838590,22.56235827664400,4.594084329767150,8.291457286432160,3.0150753768844200,0.1297297297297300,4.0201005025125600,0.1711229946524060,0.8827238335435060,0.6305170239596470,0.0246305418719211,0.1261034047919290,0.0059880239520958,0.0162162162162162,0.1428571428571430,0.0576923076923076,6.935687263556120,16.51954602774280,4.287515762925600,2.648171500630520,4.287515762925600,1.639344262295080,0.5044136191677180,0.1261034047919290,0.1261034047919290,0.6305170239596470,0.0903225806451612,0.7054794520547950,7.740259740259740,26.57246376811590,4.287515762925600,0.2328767123287670,0.7647058823529410,0.3461538461538460,0.0588235294117647,3.278688524590160,0.1780821917808220,0.3846153846153850,0.1923076923076920,2.1437578814628,0.1164383561643840,0.4117647058823530,0.0,1.639344262295080,0.0890410958904109,0.6923076923076920,0.6923076923076920,1.0,7.061790668348050,0.3928571428571430,22,56,0.3928571428571430,SF
Jeremiah Fears,NOP,4.74934036939314,2.9023746701847000,2.05706702057067,0.2638522427440630,5.408970976253300,126.96929238985300,0.1335113484646190,3.204272363150870,28.232189973614800,17.810026385224300,0.4814814814814810,6.332453825857520,0.3541666666666670,4.353562005277050,6.332453825857520,10.817941952506600,4.353562005277050,2.37467018469657,0.3692307692307690,0.3934426229508200,0.6470588235294120,0.2622950819672130,0.5341898907103830,0.494535519125683,0.5376884422110550,1.0554089709762500,26.67423382519860,2.7206370272063700,4.005340453938590,1.7356475300400500,0.0948905109489051,2.2696929238985300,0.0994152046783625,1.4511873350923500,0.7915567282321900,0.027906976744186,0.6596306068601580,0.029940119760479,0.0287958115183246,0.0714285714285714,0.0357142857142857,5.145118733509240,12.532981530343000,2.9023746701847000,2.242744063324540,5.277044854881270,2.9023746701847000,1.0554089709762500,0.0,0.0,0.2638522427440630,0.1116751269035530,0.6120218579234970,6.542962962962960,26.039583333333300,8.443271767810030,0.3497267759562840,0.625,0.45,0.09375,6.728232189973620,0.2786885245901640,0.3725490196078430,0.1764705882352940,2.638522427440630,0.1092896174863390,0.3,0.3333333333333330,1.0554089709762500,0.0437158469945355,0.375,0.375,1.0,5.277044854881270,0.35,14,40,0.35,PG
Anfernee Simons,BOS,2.7247956403269800,1.9073569482288800,2.1843003412969300,0.0,2.4523160762942800,117.23666210670300,0.4103967168262650,0.8207934336525310,27.111716621253400,9.264305177111720,0.4264705882352940,13.487738419618500,0.404040404040404,2.861035422343320,0.8174386920980930,7.084468664850140,11.852861035422300,4.4959128065395100,0.1034482758620690,0.1071428571428570,0.725,0.592814371257485,0.5056703592814370,0.5329341317365270,0.5625,0.2724795640326980,22.977725674091400,2.252559726962460,3.830369357045140,1.231190150478800,0.0542168674698795,2.5991792065663500,0.1091954022988510,0.6811989100817440,0.1362397820163490,0.0064935064935064,0.5449591280653950,0.0168067226890756,0.0127551020408163,0.0566037735849056,0.0217391304347826,5.177111716621250,13.35149863760220,2.1798365122615800,2.997275204359670,3.4059945504087200,1.4986376021798400,0.5449591280653950,0.2724795640326980,0.0,0.0,0.0738636363636363,0.6706586826347310,11.20441176470590,26.104040404040400,1.771117166212530,0.0778443113772455,0.5384615384615380,0.0,0.3076923076923080,3.8147138964577700,0.1676646706586830,0.5,0.1071428571428570,3.678474114441420,0.1616766467065870,0.2962962962962960,0.0,1.2261580381471400,0.0538922155688622,0.3333333333333330,0.3333333333333330,1.0,12.26158038147140,0.4111111111111110,37,90,0.4111111111111110,SG
Neemias Queta,BOS,1.7881705639614900,0.5502063273727650,3.312629399585920,0.1375515818431910,5.226960110041270,102.49307479224400,3.0470914127423800,1.5235457063711900,18.707015130674,13.067400275103200,0.631578947368421,0.4126547455295740,0.0,2.200825309491060,12.379642365887200,4.126547455295740,0.0,0.0,0.75,0.9782608695652170,0.0,0.0306122448979591,0.5802377551020410,0.6122448979591840,0.6238532110091740,3.8514442916093500,14.269005847953200,8.350586611456180,10.387811634349000,5.124653739612190,0.185929648241206,4.847645429362880,0.1955307262569830,6.327372764786800,3.8514442916093500,0.1564245810055870,2.4759284731774400,0.09375,0.1239892183288410,0.1320754716981130,0.1320754716981130,3.576341127922970,8.803301237964240,1.9257221458046800,1.6506189821182900,3.713892709766160,1.6506189821182900,0.687757909215956,0.0,0.0,0.5502063273727650,0.1142857142857140,0.6938775510204080,3.5347368421052600,24.866666666666700,8.940852819807430,0.6632653061224490,0.7384615384615390,0.7083333333333330,0.0307692307692307,3.576341127922970,0.2653061224489800,0.4615384615384620,0.0384615384615384,0.5502063273727650,0.0408163265306122,0.0,0.0,0.1375515818431910,0.010204081632653,0.0,0.0,0.0,0.2751031636863820,0.0,0,2,0.0,C
Collin Gillespie,PHX,3.0707610146862500,1.8691588785046700,1.4056224899598400,0.0,3.7383177570093500,110.87248322147700,0.8053691275167790,2.0134228187919500,21.09479305740990,5.473965287049400,0.4146341463414630,12.283044058745000,0.391304347826087,2.136181575433910,1.6021361815754300,2.937249666221630,10.81441922563420,3.6048064085447300,0.3529411764705880,0.3529411764705880,0.75,0.6917293233082710,0.5205981203007520,0.5338345864661650,0.5602836879432620,0.0,18.678815489749400,4.0829986613119100,6.174496644295300,2.8187919463087200,0.1220930232558140,3.355704697986580,0.1445086705202310,2.0026702269692900,0.6675567423230980,0.029585798816568,1.335113484646200,0.0518134715025906,0.0414364640883977,0.074074074074074,0.0222222222222222,10.280373831775700,25.367156208277700,5.473965287049400,4.806408544726300,2.67022696929239,1.335113484646200,0.4005340453938580,0.1335113484646190,0.1335113484646190,0.1335113484646190,0.0785714285714285,0.7593984962406020,10.03658536585370,26.316304347826100,1.2016021361815800,0.0676691729323308,0.3333333333333330,0.0,0.4444444444444440,2.937249666221630,0.1654135338345860,0.4090909090909090,0.0454545454545454,1.335113484646200,0.075187969924812,0.5,0.6,2.0026702269692900,0.112781954887218,0.8,0.8,1.0,10.280373831775700,0.3116883116883120,24,77,0.3116883116883120,PG
Domantas Sabonis,SAC,3.612903225806450,1.5483870967741900,2.82413350449294,0.1290322580645160,5.161290322580650,126.30906768837800,0.2554278416347380,1.6602809706258000,24.387096774193500,16.129032258064500,0.56,2.5806451612903200,0.2,4.774193548387100,12.903225806451600,5.161290322580650,1.5483870967741900,0.0,0.7142857142857140,0.8620689655172410,1.0,0.1379310344827590,0.5468803448275860,0.5241379310344830,0.5591715976331360,3.096774193548390,22.722029988466000,8.664955070603340,12.515964240102200,6.768837803320560,0.381294964028777,4.342273307790550,0.2011834319526630,4.774193548387100,3.4838709677419400,0.1244239631336410,1.2903225806451600,0.0636942675159235,0.0989304812834224,0.4545454545454550,0.1857142857142860,5.290322580645160,11.35483870967740,4.516129032258070,0.7741935483870970,6.580645161290320,2.7096774193548400,0.3870967741935480,0.0,0.0,0.7741935483870970,0.1288343558282210,0.6758620689655170,4.0872,25.555,10.064516129032300,0.5379310344827590,0.6410256410256410,0.68,0.1153846153846150,5.548387096774190,0.296551724137931,0.3953488372093020,0.0930232558139534,0.5161290322580650,0.0275862068965517,0.75,1.0,0.3870967741935480,0.0206896551724137,0.3333333333333330,0.3333333333333330,1.0,2.193548387096770,0.1764705882352940,3,17,0.1764705882352940,C
Aaron Gordon,DEN,2.248677248677250,1.4550264550264600,1.6545334215751200,0.2645502645502650,5.555555555555560,107.01986754966900,0.3973509933774830,1.3245033112582800,32.142857142857100,12.037037037037000,0.5934065934065930,8.201058201058200,0.4516129032258060,6.746031746031750,8.201058201058200,6.084656084656090,8.73015873015873,2.380952380952380,0.5740740740740740,0.6739130434782610,0.7857142857142860,0.4052287581699350,0.5636140522875820,0.6274509803921570,0.6825842696629210,2.1164021164021200,22.43958573072500,4.963600264725350,7.417218543046360,2.781456953642380,0.1242603550295860,4.503311258278150,0.1650485436893200,2.513227513227510,1.5873015873015900,0.0714285714285714,0.7936507936507940,0.036144578313253,0.0538922155688622,0.1276595744680850,0.078125,2.248677248677250,5.423280423280420,1.3227513227513200,0.925925925925926,7.671957671957670,3.835978835978840,0.925925925925926,0.1322751322751320,0.0,0.2645502645502650,0.1704545454545450,0.7581699346405230,5.585714285714290,25.333870967741900,7.142857142857140,0.3529411764705880,0.7962962962962960,0.627906976744186,0.0185185185185185,3.1746031746031700,0.1568627450980390,0.2916666666666670,0.0833333333333333,1.7195767195767200,0.0849673202614379,0.3076923076923080,0.5,2.248677248677250,0.1111111111111110,0.3529411764705880,0.3529411764705880,0.8333333333333330,5.9523809523809500,0.4888888888888890,22,45,0.4888888888888890,PF
Jabari Smith Jr.,HOU,1.4965986394557800,0.54421768707483,2.031144211239000,0.0,2.5850340136054400,111.99460916442000,1.2129380053908400,1.2129380053908400,21.632653061224500,9.523809523809520,0.5285714285714290,8.02721088435374,0.3728813559322030,2.5850340136054400,5.98639455782313,4.081632653061230,8.571428571428570,0.4081632653061220,0.5945945945945950,0.6875,0.9545454545454550,0.4573643410852710,0.5356430232558140,0.5426356589147290,0.5760869565217390,1.3605442176870700,17.365967365967400,4.739336492891000,7.681940700808630,4.043126684636120,0.1546391752577320,2.964959568733150,0.1325301204819280,1.7687074829932000,0.9523809523809520,0.0338164251207729,0.6802721088435370,0.0458715596330275,0.0379746835443038,0.15625,0.0483870967741935,2.4489795918367300,6.394557823129250,0.9523809523809520,1.4965986394557800,3.129251700680270,1.4965986394557800,0.54421768707483,0.1360544217687080,0.0,0.1360544217687080,0.0875912408759124,0.6511627906976750,8.128571428571430,24.837288135593200,3.401360544217690,0.1937984496124030,0.72,0.4444444444444440,0.12,3.945578231292520,0.2248062015503880,0.4827586206896550,0.1724137931034480,2.17687074829932,0.1240310077519380,0.3125,0.8,3.945578231292520,0.2248062015503880,0.4827586206896550,0.4827586206896550,1.0,4.081632653061230,0.2666666666666670,8,30,0.2666666666666670,PF
Kyle Kuzma,MIL,2.230971128608920,1.5748031496063000,2.4246395806028800,0.0,3.937007874015750,114.79057591623000,1.0471204188481700,1.4397905759162300,24.40944881889760,12.46719160104990,0.6,6.036745406824150,0.2826086956521740,4.330708661417320,8.923884514435700,6.036745406824150,4.724409448818900,0.3937007874015750,0.5964912280701750,0.6538461538461540,0.9230769230769230,0.3262411347517730,0.5550578014184400,0.5425531914893620,0.5886075949367090,1.3123359580052500,20.933014354067000,4.062909567496720,6.806282722513090,2.6178010471204200,0.1212121212121210,3.926701570680630,0.1612903225806450,1.3123359580052500,1.0498687664042000,0.0457142857142857,0.2624671916010500,0.0119760479041916,0.0292397660818713,0.064516129032258,0.0677966101694915,3.1496062992126000,7.874015748031500,1.5748031496063000,1.5748031496063000,5.511811023622050,3.1496062992126000,1.0498687664042000,0.0,0.0,0.1312335958005250,0.1528662420382170,0.7163120567375890,4.688421052631580,25.3,7.217847769028870,0.3900709219858160,0.6545454545454550,0.6388888888888890,0.0545454545454545,4.461942257217850,0.2411347517730500,0.5294117647058820,0.1470588235294120,0.7874015748031500,0.0425531914893617,0.5,0.0,2.230971128608920,0.1205673758865250,0.2941176470588240,0.2941176470588240,1.0,3.8057742782152200,0.2758620689655170,8,29,0.2758620689655170,PF
Jerami Grant,POR,2.7096774193548400,1.4193548387096800,2.8223220012828700,0.2580645161290320,6.32258064516129,123.46938775510200,0.6377551020408160,1.530612244897960,30.70967741935480,10.838709677419400,0.5119047619047620,8.64516129032258,0.4029850746268660,9.161290322580650,4.387096774193550,6.709677419354840,10.451612903225800,0.0,0.3953488372093020,0.4358974358974360,1.0,0.4437086092715230,0.5649890728476820,0.5529801324503310,0.6413043478260870,1.032258064516130,22.502744237102100,2.5016035920461800,3.571428571428570,1.020408163265310,0.0476190476190476,2.0408163265306100,0.1059602649006620,1.4193548387096800,0.9032258064516130,0.0388888888888888,0.5161290322580650,0.0204081632653061,0.0292553191489361,0.0727272727272727,0.0588235294117647,3.870967741935480,10.32258064516130,1.2903225806451600,2.5806451612903200,10.838709677419400,4.258064516129030,1.1612903225806500,0.9032258064516130,0.3870967741935480,0.6451612903225810,0.2234636871508380,0.8278145695364240,4.123809523809520,25.05373134328360,7.483870967741940,0.3841059602649010,0.6206896551724140,0.3888888888888890,0.1206896551724140,2.838709677419360,0.1456953642384110,0.3181818181818180,0.2727272727272730,0.5161290322580650,0.0264900662251655,0.0,0.0,3.225806451612900,0.1655629139072850,0.52,0.52,1.0,5.419354838709680,0.3333333333333330,14,42,0.3333333333333330,PF
Ryan Dunn,PHX,2.0408163265306100,1.08843537414966,2.5658338960162100,0.1360544217687080,1.4965986394557800,111.93029490616600,1.3404825737265400,2.680965147453080,17.687074829932000,8.843537414965990,0.5846153846153850,6.122448979591840,0.3333333333333330,1.2244897959183700,6.530612244897960,3.809523809523810,6.122448979591840,0.0,0.631578947368421,0.8275862068965520,1.0,0.4090909090909090,0.5899427272727270,0.55,0.5603448275862070,2.4489795918367300,15.28588098016340,4.9966239027684,6.032171581769440,2.949061662198390,0.1341463414634150,2.546916890080430,0.0989583333333333,3.945578231292520,1.3605442176870700,0.0581395348837209,2.312925170068030,0.096590909090909,0.0775862068965517,0.0784313725490196,0.0,3.945578231292520,9.523809523809520,2.312925170068030,1.6326530612244900,1.7687074829932000,0.9523809523809520,0.1360544217687080,0.0,0.0,0.0,0.0603448275862069,0.8,3.684615384615380,24.20888888888890,5.850340136054420,0.3909090909090910,0.7209302325581400,0.5806451612903230,0.0930232558139534,2.857142857142860,0.1909090909090910,0.3333333333333330,0.0476190476190476,0.1360544217687080,0.009090909090909,0.0,0.0,4.489795918367350,0.3,0.3333333333333330,0.3333333333333330,1.0,1.6326530612244900,0.3333333333333330,4,12,0.3333333333333330,SF
Jonathan Kuminga,GSW,4.685408299866130,2.409638554216870,1.6589250165892500,0.0,4.551539491298530,116.97368421052600,0.5263157894736840,0.6578947368421050,23.96251673360110,13.25301204819280,0.5353535353535350,4.953145917001340,0.3243243243243240,4.953145917001340,6.42570281124498,7.764390896921020,4.417670682730920,0.4016064257028110,0.4528301886792450,0.4705882352941180,0.9166666666666670,0.2720588235294120,0.5370426470588240,0.5220588235294120,0.5664556962025320,0.535475234270415,23.197115384615400,5.70670205706702,8.552631578947370,3.421052631578950,0.1645569620253160,4.473684210526320,0.2,2.8112449799196800,1.07095046854083,0.0625,1.7402945113788500,0.0631067961165048,0.0628742514970059,0.1666666666666670,0.0666666666666666,4.953145917001340,12.048192771084300,2.8112449799196800,2.14190093708166,6.42570281124498,3.3467202141900900,0.535475234270415,0.0,0.0,0.1338688085676040,0.1592356687898090,0.6397058823529410,5.3969696969697000,25.32702702702700,6.693440428380190,0.3676470588235290,0.64,0.5625,0.04,5.622489959839360,0.3088235294117650,0.5,0.1666666666666670,0.9370816599732260,0.0514705882352941,0.0,0.0,2.275769745649260,0.125,0.2941176470588240,0.2941176470588240,1.0,2.677376171352080,0.35,7,20,0.35,PF
Kris Dunn,LAC,2.7816411682892900,1.8080667593880400,2.627939142461960,0.0,1.8080667593880400,120.4951856946360,0.5502063273727650,2.8885832187070200,14.047287899860900,6.536856745479830,0.5531914893617020,4.589707927677330,0.3636363636363640,1.8080667593880400,3.6161335187760800,3.6161335187760800,5.006954102920720,0.0,0.5,0.5416666666666670,1.0,0.4125,0.545608125,0.55,0.5738636363636360,0.5563282336578580,13.449564134495600,2.420470262793910,3.1636863823934000,0.9628610729023380,0.0411764705882352,2.063273727647870,0.0903614457831325,1.6689847009735700,0.8344923504867870,0.0392156862745098,0.8344923504867870,0.0357142857142857,0.0373831775700934,0.0377358490566037,0.0416666666666666,4.728789986091790,11.404728789986100,2.7816411682892900,1.9471488178025000,2.503477051460360,1.2517385257301800,0.278164116828929,0.0,0.0,0.1390820584144650,0.1034482758620690,0.7,6.200000000000000,24.73939393939390,3.198887343532680,0.2875,0.6956521739130440,0.4375,0.1739130434782610,2.364394993045900,0.2125,0.4705882352941180,0.1764705882352940,0.9735744089012520,0.0875,0.2857142857142860,0.5,2.086230876216970,0.1875,0.4666666666666670,0.4666666666666670,1.0,2.503477051460360,0.2777777777777780,5,18,0.2777777777777780,PG
Jock Landale,MEM,2.380952380952380,0.925925925925926,2.9781601588352100,0.1322751322751320,3.968253968253970,119.47019867549700,0.9271523178807950,1.3245033112582800,19.576719576719600,9.92063492063492,0.56,4.894179894179890,0.4324324324324320,2.1164021164021200,7.671957671957670,3.439153439153440,6.349206349206350,0.0,0.6904761904761910,0.935483870967742,1.0,0.3303571428571430,0.541496875,0.5892857142857140,0.592,2.9100529100529100,16.247139588100700,5.493050959629380,6.357615894039740,3.443708609271520,0.1688311688311690,2.5165562913907300,0.1172839506172840,4.62962962962963,2.513227513227510,0.0974358974358974,1.984126984126980,0.0717703349282296,0.0841584158415841,0.1851851851851850,0.1578947368421050,3.439153439153440,8.201058201058200,2.1164021164021200,1.3227513227513200,3.439153439153440,1.3227513227513200,0.1322751322751320,0.0,0.0,0.5291005291005290,0.0826446280991735,0.6964285714285710,4.870666666666670,25.30540540540540,5.423280423280420,0.3660714285714290,0.6341463414634150,0.5769230769230770,0.1707317073170730,3.968253968253970,0.2678571428571430,0.4333333333333330,0.1333333333333330,0.5291005291005290,0.0357142857142857,0.75,1.0,0.7936507936507940,0.0535714285714285,0.3333333333333330,0.3333333333333330,1.0,4.1005291005291000,0.4516129032258060,14,31,0.4516129032258060,C
Ronald Holland II,DET,3.571428571428570,2.1164021164021200,2.8382838283828400,0.0,3.439153439153440,108.43214756258200,0.6587615283267460,3.2938076416337300,17.063492063492100,9.788359788359790,0.4594594594594600,6.349206349206350,0.2916666666666670,2.513227513227510,4.761904761904760,4.232804232804230,5.555555555555560,0.0,0.5294117647058820,0.5625,1.0,0.3934426229508200,0.5421229508196720,0.4508196721311480,0.4923664122137400,0.5291005291005290,18.057142857142900,3.828382838283830,5.928853754940710,2.1080368906455900,0.0930232558139534,3.5573122529644300,0.1578947368421050,1.7195767195767200,0.925925925925926,0.0368421052631578,0.7936507936507940,0.0379746835443038,0.0373563218390804,0.0923076923076923,0.0142857142857142,3.571428571428570,8.73015873015873,1.984126984126980,1.5873015873015900,2.9100529100529100,1.5873015873015900,0.5291005291005290,0.0,0.0,0.1322751322751320,0.0923076923076923,0.7131147540983610,5.447297297297300,24.60625,5.158730158730160,0.319672131147541,0.6153846153846150,0.5,0.1794871794871800,3.703703703703700,0.2295081967213110,0.3214285714285710,0.0714285714285714,0.925925925925926,0.0573770491803278,0.1428571428571430,1.0,4.1005291005291000,0.2540983606557380,0.2903225806451610,0.2903225806451610,1.0,2.248677248677250,0.2941176470588240,5,17,0.2941176470588240,SF
Saddiq Bey,NOP,1.2195121951219500,0.8130081300813010,0.8748317631224770,0.2710027100271000,2.5745257452574500,122.19251336898400,0.0,1.3368983957219300,21.81571815718160,8.536585365853660,0.4603174603174600,9.48509485094851,0.4,2.5745257452574500,2.710027100271000,5.149051490514910,10.975609756097600,0.4065040650406500,0.3448275862068970,0.4347826086956520,0.9642857142857140,0.5263157894736840,0.5420203007518800,0.5338345864661650,0.5513698630136990,1.6260162601626000,18.10747663551400,4.172274562584120,5.213903743315510,1.4705882352941200,0.0846153846153846,3.609625668449200,0.1363636363636360,3.116531165311650,2.032520325203250,0.0757575757575757,1.084010840108400,0.0465116279069767,0.0621621621621621,0.0392156862745098,0.0975609756097561,3.523035230352300,8.536585365853660,2.032520325203250,1.4905149051490500,3.658536585365850,1.6260162601626000,0.1355013550135500,0.0,0.0,0.2710027100271000,0.0833333333333333,0.7819548872180450,5.433333333333330,25.164285714285700,4.607046070460700,0.2556390977443610,0.5588235294117650,0.4210526315789470,0.1176470588235290,3.3875338753387500,0.18796992481203,0.4,0.2,0.5420054200542010,0.0300751879699248,0.0,0.0,3.116531165311650,0.1729323308270680,0.217391304347826,0.2272727272727270,1.0,6.368563685636860,0.4893617021276600,23,47,0.4893617021276600,SF
John Collins,LAC,3.818953323903820,2.263083451202260,2.1141649048625800,0.0,4.101838755304100,116.15168539325800,0.9831460674157300,1.6853932584269700,23.62093352192360,13.154172560113200,0.5698924731182800,5.091937765205090,0.3333333333333330,3.536067892503540,11.032531824611000,3.96039603960396,5.091937765205090,0.0,0.7358490566037740,0.8666666666666670,1.0,0.2790697674418600,0.5326143410852710,0.5503875968992250,0.5964285714285710,2.263083451202260,20.642768850432600,4.721634954193090,6.741573033707870,2.808988764044940,0.125,3.51123595505618,0.1275510204081630,2.6874115983026900,0.7072135785007070,0.032051282051282,1.6973125884017000,0.0718562874251497,0.0526315789473684,0.1320754716981130,0.0454545454545454,1.272984441301270,3.253182461103250,0.5657708628005660,0.7072135785007070,4.384724186704390,2.4045261669024000,1.272984441301270,0.0,0.0,0.4243281471004240,0.1240875912408760,0.627906976744186,5.721505376344090,24.62222222222220,6.364922206506370,0.3488372093023260,0.7777777777777780,0.7142857142857140,0.0666666666666666,5.657708628005660,0.3100775193798450,0.425,0.1,1.1315417256011300,0.0620155038759689,0.125,1.0,2.828854314002830,0.1550387596899220,0.45,0.45,1.0,2.263083451202260,0.1875,3,16,0.1875,PF
Ben Sheppard,IND,1.2032085561497300,0.8021390374331550,2.347417840375590,0.0,1.8716577540107000,121.5343203230150,0.4037685060565280,0.9421265141318980,11.898395721925100,6.283422459893050,0.425531914893617,7.754010695187170,0.2241379310344830,1.3368983957219300,3.7433155080213900,1.60427807486631,4.81283422459893,0.4010695187165780,0.7,0.7368421052631580,0.9230769230769230,0.5523809523809520,0.5552428571428570,0.3761904761904760,0.4009009009009010,0.267379679144385,13.574660633484200,4.225352112676060,6.864064602960970,2.826379542395690,0.1354838709677420,3.2301480484522200,0.1387283236994220,1.60427807486631,0.6684491978609630,0.0228310502283105,0.9358288770053480,0.0364583333333333,0.0291970802919708,0.0816326530612244,0.0131578947368421,3.342245989304810,8.02139037433155,2.005347593582890,1.3368983957219300,1.7379679144385000,0.8021390374331550,0.1336898395721930,0.0,0.0,0.1336898395721930,0.0545454545454545,0.819047619047619,5.561702127659570,25.58620689655170,3.7433155080213900,0.2666666666666670,0.5,0.5714285714285710,0.1071428571428570,1.8716577540107000,0.1333333333333330,0.2857142857142860,0.2142857142857140,0.6684491978609630,0.0476190476190476,0.4,1.0,2.5401069518716600,0.1809523809523810,0.2631578947368420,0.2777777777777780,1.0,5.213903743315510,0.2051282051282050,8,39,0.2051282051282050,SG
Tristan da Silva,ORL,1.9471488178025000,1.2517385257301800,0.8327550312283140,0.1390820584144650,1.8080667593880400,108.17174515235500,0.4155124653739610,1.9390581717451500,24.75660639777470,7.788595271210010,0.5892857142857140,10.570236439499300,0.4078947368421050,2.642559109874830,4.728789986091790,4.450625869262870,12.517385257301800,0.4172461752433940,0.5151515151515150,0.6071428571428570,0.967741935483871,0.5757575757575760,0.5496844696969700,0.6022727272727270,0.6180555555555560,1.3908205841446500,19.105199516324100,4.02498265093685,5.955678670360110,3.4626038781163400,0.1184834123222750,2.21606648199446,0.1045751633986930,2.086230876216970,0.8344923504867870,0.0387096774193548,1.2517385257301800,0.0559006211180124,0.0474683544303797,0.1643835616438360,0.0508474576271186,2.2253129346314300,5.285118219749650,1.3908205841446500,0.8344923504867870,3.3379694019471500,1.2517385257301800,0.0,0.0,0.0,0.4172461752433940,0.0638297872340425,0.7878787878787880,5.453571428571430,24.935526315789500,3.894297635605010,0.2121212121212120,0.6785714285714290,0.5789473684210530,0.0357142857142857,3.477051460361610,0.1893939393939390,0.52,0.08,0.4172461752433940,0.0227272727272727,0.3333333333333330,0.0,3.6161335187760800,0.1969696969696970,0.4615384615384620,0.4615384615384620,1.0,6.954102920723230,0.38,19,50,0.38,SF
Donovan Clingan,POR,1.4804845222072700,0.6729475100942130,2.479892761394100,0.0,3.095558546433380,114.28571428571400,3.0707610146862500,1.2016021361815800,16.689098250336500,8.613728129205920,0.640625,5.383580080753700,0.2,2.4226110363391700,6.191117092866760,4.845222072678330,3.2301480484522200,0.0,0.5609756097560980,0.9583333333333330,1.0,0.3846153846153850,0.573689423076923,0.5096153846153850,0.5585585585585590,4.576043068640650,13.49557522123890,8.646112600536190,8.544726301735650,4.539385847797060,0.1942857142857140,3.7383177570093500,0.1696969696969700,8.748317631224770,5.383580080753700,0.2453987730061350,2.960969044414540,0.0969162995594713,0.1589743589743590,0.2083333333333330,0.3076923076923080,2.288021534320320,5.114401076716020,1.749663526244950,0.5383580080753700,2.557200538358010,1.6150740242261100,0.6729475100942130,0.0,0.0,0.0,0.1081081081081080,0.9230769230769230,2.240625,25.21,7.537012113055180,0.5384615384615380,0.6785714285714290,0.5789473684210530,0.0892857142857142,1.0767160161507400,0.0769230769230769,0.375,0.125,0.0,0.0,0.0,0.0,0.9421265141318980,0.0673076923076923,0.0,0.0,0.0,4.441453566621800,0.2424242424242420,8,33,0.2424242424242420,C
Javonte Green,DET,1.6304347826087000,1.358695652173910,1.6096579476861200,0.0,3.668478260869570,107.68211920529800,0.9271523178807950,2.251655629139070,16.57608695652170,6.385869565217390,0.5106382978723400,6.657608695652170,0.3061224489795920,3.940217391304350,5.434782608695650,1.0869565217391300,6.114130434782610,0.0,0.8333333333333330,0.8333333333333330,1.0,0.5104166666666670,0.5442635416666670,0.484375,0.5398230088495580,0.0,14.534883720930200,3.8229376257545300,5.695364238410600,2.6490066225165600,0.119047619047619,2.6490066225165600,0.1117318435754190,1.9021739130434800,0.9510869565217390,0.0384615384615384,0.8152173913043480,0.0428571428571428,0.0403726708074534,0.0961538461538461,0.0641025641025641,2.4456521739130400,5.842391304347830,1.4945652173913000,0.9510869565217390,5.163043478260870,2.1739130434782600,0.2717391304347830,0.2717391304347830,0.1358695652173910,0.2717391304347830,0.1621621621621620,0.8020833333333330,4.953191489361700,25.302040816326500,3.804347826086960,0.2916666666666670,0.6785714285714290,0.7894736842105260,0.1071428571428570,2.1739130434782600,0.1666666666666670,0.25,0.0625,0.4076086956521740,0.03125,0.3333333333333330,1.0,2.3097826086956500,0.1770833333333330,0.2941176470588240,0.2941176470588240,1.0,4.3478260869565200,0.3125,10,32,0.3125,SG
Bub Carrington,WAS,4.318488529014850,3.238866396761130,2.2222222222222200,0.0,2.294197031039140,126.74731182795700,0.2688172043010750,1.2096774193548400,11.201079622132300,6.207827260458840,0.2391304347826090,5.2631578947368400,0.4358974358974360,1.349527665317140,0.8097165991902830,2.1592442645074200,5.2631578947368400,1.6194331983805700,0.2727272727272730,0.2727272727272730,0.7647058823529410,0.4588235294117650,0.5035741176470590,0.4294117647058820,0.4555555555555560,0.0,14.734299516908200,3.5016835016835000,6.586021505376340,3.091397849462370,0.1256830601092900,2.956989247311830,0.1333333333333330,0.4048582995951420,0.2699055330634280,0.0109289617486338,0.1349527665317140,0.0060975609756097,0.0086455331412103,0.0684931506849315,0.0196078431372549,7.6923076923076900,17.54385964912280,5.53306342780027,2.1592442645074200,1.889338731444000,0.4048582995951420,0.1349527665317140,0.2699055330634280,0.0,0.1349527665317140,0.0561797752808988,0.5529411764705880,10.041304347826100,25.866666666666700,1.0796221322537100,0.0941176470588235,0.25,1.0,0.125,3.373819163292850,0.2941176470588240,0.24,0.12,1.7543859649122800,0.1529411764705880,0.2307692307692310,0.3333333333333330,1.214574898785430,0.1058823529411760,0.3333333333333330,0.3333333333333330,1.0,4.048582995951420,0.4666666666666670,14,30,0.4666666666666670,PG
Noah Clowney,BKN,3.0,1.5714285714285700,2.1291696238467,0.2857142857142860,5.142857142857140,125.95204513399200,0.846262341325811,1.2693935119887200,19.428571428571400,4.142857142857140,0.4482758620689660,11.0,0.3246753246753250,5.0,2.0,1.7142857142857100,10.714285714285700,0.0,0.5384615384615380,0.5384615384615380,1.0,0.7264150943396230,0.5448735849056600,0.4764150943396230,0.5271317829457370,0.0,18.633540372670800,3.69056068133428,5.923836389280680,3.5260930888575500,0.1724137931034480,1.9746121297602300,0.0909090909090909,1.4285714285714300,0.2857142857142860,0.0133333333333333,1.0,0.0376344086021505,0.0267857142857142,0.140625,0.0,3.2857142857142900,8.285714285714290,1.5714285714285700,1.7142857142857100,6.857142857142860,2.571428571428570,0.1428571428571430,0.0,0.0,0.8571428571428570,0.1463414634146340,0.8773584905660380,5.3,25.353246753246800,2.2857142857142900,0.1509433962264150,0.5,0.75,0.0625,1.7142857142857100,0.1132075471698110,0.4166666666666670,0.3333333333333330,0.1428571428571430,0.0094339622641509,0.0,0.0,2.857142857142860,0.1886792452830190,0.4,0.4705882352941180,1.0,8.142857142857140,0.2982456140350880,17,57,0.2982456140350880,PF
Kentavious Caldwell-Pope,MEM,2.188782489740080,1.5047879616963100,1.2933968686181100,0.0,3.967168262653900,117.20867208672100,0.5420054200542010,1.6260162601626000,15.73187414500680,7.797537619699040,0.4210526315789470,6.839945280437760,0.28,3.4199726402188800,5.198358413132700,1.3679890560875500,5.33515731874145,0.4103967168262650,0.7916666666666670,0.7916666666666670,0.9285714285714290,0.4672897196261680,0.5224906542056080,0.4205607476635510,0.475,0.0,16.24850657108720,2.6548672566371700,4.471544715447160,1.4905149051490500,0.063953488372093,2.845528455284550,0.1372549019607840,0.8207934336525310,0.5471956224350210,0.0205128205128205,0.2735978112175100,0.0109289617486338,0.0158730158730158,0.0961538461538461,0.0185185185185185,6.292749658002740,15.18467852257180,3.693570451436390,2.5991792065663500,3.830369357045140,1.5047879616963100,0.0,0.0,0.0,0.2735978112175100,0.0932203389830508,0.6448598130841120,9.72982456140351,25.284,2.5991792065663500,0.1775700934579440,0.5789473684210530,0.7272727272727270,0.0,2.5991792065663500,0.1775700934579440,0.3157894736842110,0.2105263157894740,2.5991792065663500,0.1775700934579440,0.3684210526315790,0.7142857142857140,1.3679890560875500,0.0934579439252336,0.0,0.0,0.0,5.471956224350210,0.35,14,40,0.35,SG
Ryan Kalkbrenner,CHA,3.009575923392610,0.6839945280437760,1.9297036526533400,0.1367989056087550,2.462380300957590,115.55555555555600,4.027777777777780,1.6666666666666700,17.647058823529400,9.30232558139535,0.8235294117647060,0.1367989056087550,0.0,2.3255813953488400,10.39671682626540,4.924760601915180,0.0,0.0,0.6785714285714290,0.95,0.0,0.0144927536231884,0.6569500000000000,0.8115942028985510,0.8269230769230770,4.377564979480160,12.106537530266300,6.340454858718130,6.944444444444450,4.166666666666670,0.1570680628272250,2.361111111111110,0.1089743589743590,5.745554035567720,2.735978112175100,0.1360544217687080,3.009575923392610,0.1139896373056990,0.1235294117647060,0.2121212121212120,0.2,0.6839945280437760,1.915184678522570,0.1367989056087550,0.5471956224350210,2.8727770177838600,1.5047879616963100,0.4103967168262650,0.0,0.0,0.1367989056087550,0.1428571428571430,0.9130434782608700,1.8558823529411800,24.6,8.481532147742820,0.8985507246376810,0.8387096774193550,0.6538461538461540,0.0806451612903225,0.8207934336525310,0.0869565217391304,0.6666666666666670,0.0,0.0,0.0,0.0,0.0,0.0,0.0,0.0,0.0,0.0,0.1367989056087550,0.0,0,1,0.0,C
De'Andre Hunter,CLE,2.7210884353741500,1.6326530612244900,2.0974289580514200,0.0,7.074829931972790,112.51682368775200,0.4037685060565280,1.0767160161507400,28.435374149659900,11.700680272108800,0.5930232558139540,10.748299319727900,0.2784810126582280,5.578231292517010,8.16326530612245,5.714285714285710,6.938775510204080,2.0408163265306100,0.5882352941176470,0.6122448979591840,0.7727272727272730,0.4787878787878790,0.5254248484848490,0.509090909090909,0.5679347826086960,0.54421768707483,23.72093023255810,3.8565629228687400,6.729475100942130,2.288021534320320,0.0918918918918919,4.172274562584120,0.2012987012987010,0.9523809523809520,0.1360544217687080,0.0064935064935064,0.8163265306122450,0.0285714285714285,0.0192307692307692,0.0886075949367088,0.0,4.761904761904760,12.244897959183700,2.0408163265306100,2.7210884353741500,6.666666666666670,2.312925170068030,0.9523809523809520,0.54421768707483,0.4081632653061220,1.08843537414966,0.1193181818181820,0.6060606060606060,8.867441860465120,25.588607594936700,2.857142857142860,0.1272727272727270,0.7142857142857140,0.6,0.1428571428571430,6.394557823129250,0.2848484848484850,0.574468085106383,0.1063829787234040,2.4489795918367300,0.109090909090909,0.5,0.4444444444444440,2.312925170068030,0.103030303030303,0.3529411764705880,0.3529411764705880,1.0,8.435374149659860,0.2580645161290320,16,62,0.2580645161290320,SF
Ja Morant,MEM,6.024096385542170,4.149933065595720,1.74146014735432,0.0,6.291834002677380,117.02412868632700,0.1340482573726540,1.6085790884718500,28.781793842034800,18.072289156626500,0.4444444444444440,8.032128514056230,0.1666666666666670,8.701472556894240,4.551539491298530,11.512717536813900,2.409638554216870,1.606425702811250,0.2833333333333330,0.288135593220339,0.6,0.3076923076923080,0.5078280927835050,0.3846153846153850,0.473568281938326,0.2677376171352080,31.887456037514700,2.813127930341590,4.825737265415550,2.412868632707770,0.109090909090909,2.1447721179624700,0.1052631578947370,0.8032128514056230,0.2677376171352080,0.0114285714285714,0.535475234270415,0.0212765957446808,0.0165289256198347,0.0784313725490196,0.0,12.182061579651900,29.31726907630520,7.228915662650600,4.953145917001340,9.236947791164660,4.016064257028110,0.535475234270415,0.1338688085676040,0.0,0.6693440428380190,0.1396396396396400,0.5025641025641030,8.565925925925930,25.83,5.087014725568940,0.1948717948717950,0.5526315789473690,0.3333333333333330,0.1052631578947370,10.040160642570300,0.3846153846153850,0.4133333333333330,0.08,2.9451137884872800,0.1128205128205130,0.3636363636363640,0.25,1.2048192771084300,0.0461538461538461,0.5555555555555560,0.5555555555555560,1.0,6.827309236947790,0.0980392156862745,5,51,0.0980392156862745,PG
Norman Powell,MIA,3.145478374836170,1.5727391874180900,1.7015706806282700,0.2621231979030140,6.553079947575360,113.8562091503270,0.261437908496732,1.699346405228760,36.69724770642200,14.15465268676280,0.4907407407407410,9.960681520314550,0.4605263157894740,9.043250327654000,7.077326343381390,6.815203145478380,11.795543905635600,1.965923984272610,0.5094339622641510,0.5192307692307690,0.8571428571428570,0.4130434782608700,0.5399467391304350,0.5733695652173910,0.6587677725118480,0.2621231979030140,27.810650887574000,2.74869109947644,5.098039215686270,2.2222222222222200,0.0982658959537572,2.6143790849673200,0.0952380952380952,0.3931847968545220,0.2621231979030140,0.0103092783505154,0.1310615989515070,0.0072463768115942,0.0090361445783132,0.0851063829787234,0.0,3.4076015727391900,7.863695937090430,2.3591087811271300,1.0484927916120600,9.698558322411530,2.8833551769331600,0.7863695937090430,0.9174311926605500,0.0,0.5242463958060290,0.1400966183574880,0.6847826086956520,6.151851851851850,25.64210526315790,6.553079947575360,0.2717391304347830,0.6,0.5333333333333330,0.1,6.159895150720840,0.2554347826086960,0.4042553191489360,0.1276595744680850,1.4416775884665800,0.0597826086956521,0.3636363636363640,0.5,2.2280471821756200,0.092391304347826,0.3529411764705880,0.3529411764705880,1.0,7.732634338138930,0.4915254237288140,29,59,0.4915254237288140,SG
Moses Moody,GSW,2.4759284731774400,1.6506189821182900,1.7869415807560100,0.0,3.0261348005502100,107.14285714285700,1.510989010989010,1.9230769230769200,24.34662998624480,4.951856946354880,0.4166666666666670,12.379642365887200,0.4444444444444440,3.713892709766160,2.200825309491060,1.9257221458046800,16.09353507565340,0.4126547455295740,0.5333333333333330,0.6153846153846150,0.975,0.7142857142857140,0.5391650793650790,0.5952380952380950,0.6285714285714290,0.5502063273727650,19.38650306748470,2.7491408934707900,4.532967032967030,2.4725274725274700,0.0927835051546391,2.06043956043956,0.1027397260273970,0.9628610729023380,0.2751031636863820,0.0142857142857142,0.687757909215956,0.026595744680851,0.0213414634146341,0.0461538461538461,0.0217391304347826,2.8885832187070200,7.565337001375520,1.1004126547455300,1.7881705639614900,4.53920220082531,1.6506189821182900,0.2751031636863820,0.2751031636863820,0.1375515818431910,0.4126547455295740,0.1021897810218980,0.8333333333333330,6.713888888888890,25.46555555555560,2.063273727647870,0.119047619047619,0.6,0.6666666666666670,0.2,2.200825309491060,0.1269841269841270,0.3125,0.1875,0.687757909215956,0.0396825396825396,0.2,0.0,2.6134800550206300,0.1507936507936510,0.5263157894736840,0.5263157894736840,0.9,9.766162310866580,0.4225352112676060,30,71,0.4225352112676060,SG
Kevin Huerter,CHI,2.8225806451612900,2.0161290322580600,2.1592442645074200,0.0,3.4946236559139800,116.80216802168000,1.6260162601626000,1.6260162601626000,25.134408602150500,9.946236559139780,0.6621621621621620,8.736559139784950,0.3230769230769230,3.4946236559139800,8.870967741935480,4.301075268817200,8.46774193548387,0.0,0.673469387755102,0.75,1.0,0.4676258992805760,0.5790838129496400,0.579136690647482,0.6151315789473690,1.3440860215053800,20.76830732292920,3.5762483130904200,5.9620596205962100,2.5745257452574500,0.1016042780748660,2.9810298102981000,0.1383647798742140,1.2096774193548400,0.8064516129032260,0.0346820809248554,0.4032258064516130,0.0196078431372549,0.0276073619631901,0.0897435897435897,0.0439560439560439,4.838709677419360,11.021505376344100,3.4946236559139800,1.3440860215053800,4.166666666666670,2.0161290322580600,0.6720430107526880,0.0,0.0,0.4032258064516130,0.1006711409395970,0.8201438848920860,3.586486486486490,25.29230769230770,6.586021505376340,0.3525179856115110,0.7551020408163270,0.6756756756756760,0.1224489795918370,3.360215053763440,0.1798561151079140,0.48,0.04,0.0,0.0,0.0,0.0,2.419354838709680,0.1294964028776980,0.4444444444444440,0.4444444444444440,1.0,6.317204301075270,0.2765957446808510,13,47,0.2765957446808510,SF
Jusuf Nurkić,UTA,5.525606469002700,3.0997304582210200,2.702702702702700,0.1347708894878710,4.851752021563340,116.93766937669400,0.8130081300813010,3.3875338753387500,14.016172506738500,9.973045822102430,0.4729729729729730,3.3692722371967700,0.16,2.964959568733150,5.121293800539080,4.31266846361186,1.6172506738544500,0.0,0.5428571428571430,0.76,1.0,0.2525252525252530,0.5082469696969700,0.4141414141414140,0.4482758620689660,2.6954177897574100,18.04597701149430,9.054054054054050,13.956639566395700,6.368563685636860,0.3092105263157900,6.775067750677510,0.2604166666666670,4.177897574123990,2.6954177897574100,0.1098901098901100,1.482479784366580,0.056701030927835,0.0824468085106382,0.3555555555555560,0.1063829787234040,7.142857142857140,16.307277628032300,5.121293800539080,2.0215633423180600,4.716981132075470,1.482479784366580,0.1347708894878710,0.0,0.0,0.9433962264150940,0.1009174311926610,0.5656565656565660,4.551351351351350,26.048,4.177897574123990,0.3131313131313130,0.5806451612903230,0.4444444444444440,0.1290322580645160,5.660377358490570,0.4242424242424240,0.4047619047619050,0.119047619047619,0.1347708894878710,0.0101010101010101,0.0,0.0,0.0,0.0,0.0,0.0,0.0,3.3692722371967700,0.16,4,25,0.16,C
Kel'el Ware,MIA,1.742627345844500,0.938337801608579,1.9307589880159800,0.2680965147453080,2.949061662198390,120.5026455026460,2.7777777777777800,1.851851851851850,21.0455764075067,10.455764075067000,0.6153846153846150,4.825737265415550,0.3888888888888890,2.546916890080430,9.115281501340480,3.753351206434320,5.630026809651480,0.0,0.7083333333333330,0.9444444444444440,1.0,0.3157894736842110,0.5828074561403510,0.6052631578947370,0.6330645161290320,3.2171581769437,16.466346153846200,8.921438082556590,12.433862433862400,5.158730158730160,0.217877094972067,6.216931216931220,0.2206572769953050,5.361930294906170,4.021447721179630,0.15625,1.3404825737265400,0.0709219858156028,0.1201201201201200,0.1964285714285710,0.144927536231884,1.3404825737265400,3.351206434316350,0.6702412868632710,0.6702412868632710,3.2171581769437,1.4745308310992000,0.5361930294906170,0.0,0.0,0.4021447721179620,0.0909090909090909,0.7807017543859650,3.355128205128210,24.5,7.10455764075067,0.4649122807017540,0.7358490566037740,0.6666666666666670,0.0188679245283018,3.2171581769437,0.2105263157894740,0.3333333333333330,0.1666666666666670,0.1340482573726540,0.0087719298245614,1.0,1.0,2.1447721179624700,0.1403508771929820,0.4375,0.4375,1.0,2.680965147453080,0.35,7,20,0.35,C
Collin Sexton,CHA,5.20393811533052,3.094233473980310,2.09351011863224,0.140646976090014,8.29817158931083,115.78947368421100,0.0,1.2465373961218800,28.41068917018280,12.236286919831200,0.5057471264367820,7.032348804500700,0.42,7.172995780590720,5.063291139240510,7.313642756680730,6.751054852320680,2.109704641350210,0.4090909090909090,0.4186046511627910,0.7619047619047620,0.364963503649635,0.5400773722627740,0.551094890510949,0.6134969325153370,0.2812939521800280,24.721878862793600,2.1632937892533100,3.739612188365650,1.8005540166205000,0.0734463276836158,1.5235457063711900,0.0763888888888889,0.5625879043600560,0.4219409282700420,0.0198675496688741,0.140646976090014,0.0063291139240506,0.0129449838187702,0.1014492753623190,0.0178571428571428,8.720112517580870,20.675105485232100,5.485232067510550,3.234880450070320,8.438818565400840,3.3755274261603400,0.7032348804500700,0.140646976090014,0.0,0.8438818565400840,0.1592356687898090,0.6715328467153280,6.49080459770115,25.7,5.907172995780590,0.3065693430656930,0.7380952380952380,0.4193548387096770,0.0952380952380952,4.781997187060480,0.2481751824817520,0.2941176470588240,0.1764705882352940,1.5471167369901500,0.0802919708029197,0.2727272727272730,0.3333333333333330,1.1251758087201100,0.0583941605839416,0.5,0.5,1.0,5.907172995780590,0.4047619047619050,17,42,0.4047619047619050,SG
Naz Reid,MIN,2.9702970297029700,1.555869872701560,2.77975766215253,0.0,3.111739745403110,116.95402298850600,1.7241379310344800,1.867816091954020,24.328147100424300,9.75954738330976,0.5652173913043480,10.608203677510600,0.36,1.8387553041018400,5.657708628005660,5.374823196605380,10.183875530410200,1.272984441301270,0.5128205128205130,0.5714285714285710,0.8888888888888890,0.5208333333333330,0.5347346153846150,0.5520833333333330,0.5620915032679740,1.1315417256011300,21.375921375921400,6.058446186742690,9.770114942528740,5.890804597701150,0.239766081871345,2.8735632183908000,0.131578947368421,2.4045261669024000,1.1315417256011300,0.0516129032258064,1.1315417256011300,0.0481927710843373,0.0498442367601246,0.2608695652173910,0.0526315789473684,4.101838755304100,10.042432814710000,2.263083451202260,1.8387553041018400,2.828854314002830,1.4144271570014100,0.2828854314002830,0.0,0.0,0.1414427157001410,0.0657894736842105,0.7152777777777780,5.831884057971010,25.476,3.96039603960396,0.1944444444444440,0.75,0.5714285714285710,0.0714285714285714,5.091937765205090,0.25,0.4722222222222220,0.1944444444444440,0.7072135785007070,0.0347222222222222,0.2,1.0,3.536067892503540,0.1736111111111110,0.44,0.44,0.9090909090909090,7.072135785007070,0.32,16,50,0.32,C
Marcus Smart,LAL,3.64656381486676,2.1037868162692800,2.524544179523140,0.0,4.908835904628330,109.81767180925700,0.2805049088359050,3.3660589060308600,16.40953716690040,5.049088359046280,0.6666666666666670,7.854137447405330,0.2321428571428570,4.207573632538570,3.3660589060308600,3.3660589060308600,4.207573632538570,1.262272089761570,0.5,0.5217391304347830,0.7692307692307690,0.6086956521739130,0.545104347826087,0.4728260869565220,0.5467289719626170,0.2805049088359050,16.729559748427700,2.0336605890603100,3.085553997194950,1.262272089761570,0.0633802816901408,1.82328190743338,0.0706521739130434,0.9817671809256660,0.1402524544179520,0.0075187969924812,0.8415147265077140,0.0377358490566037,0.023972602739726,0.048780487804878,0.0,5.329593267882190,12.201963534361900,3.786816269284710,1.5427769985974800,4.488078541374470,1.5427769985974800,0.2805049088359050,0.0,0.0,0.8415147265077140,0.1089108910891090,0.7608695652173910,7.5,25.491071428571400,1.9635343618513300,0.1521739130434780,0.7857142857142860,0.5454545454545450,0.0714285714285714,2.3842917251051900,0.1847826086956520,0.6470588235294120,0.0,0.7012622720897620,0.0543478260869565,0.4,0.5,1.5427769985974800,0.1195652173913040,0.2727272727272730,0.2727272727272730,1.0,6.311360448807860,0.2222222222222220,10,45,0.2222222222222220,SG
Jarrett Allen,CLE,2.8846153846153800,1.510989010989010,1.237964236588720,0.0,8.104395604395600,111.5702479338840,1.6528925619834700,1.9283746556473800,27.33516483516480,17.032967032967000,0.6048387096774190,0.5494505494505500,0.0,6.730769230769230,16.483516483516500,4.12087912087912,0.0,0.0,0.8,0.9090909090909090,0.0,0.03125,0.5508171875,0.5859375,0.629746835443038,2.4725274725274700,21.46282973621100,6.8088033012379600,9.366391184573000,3.581267217630850,0.1502890173410400,4.820936639118460,0.2243589743589740,4.258241758241760,2.4725274725274700,0.119205298013245,1.7857142857142900,0.0773809523809523,0.0971786833855799,0.1159420289855070,0.1395348837209300,3.159340659340660,7.417582417582420,2.06043956043956,1.098901098901100,8.791208791208790,2.8846153846153800,0.5494505494505500,0.0,0.0,1.7857142857142900,0.1448275862068970,0.5234375,4.687903225806450,24.825,8.653846153846150,0.4921875,0.6984126984126980,0.75,0.1587301587301590,7.829670329670330,0.4453125,0.4912280701754390,0.087719298245614,0.5494505494505500,0.03125,0.75,1.0,0.412087912087912,0.0234375,0.0,0.0,0.0,0.1373626373626370,0.0,0,1,0.0,C
Aaron Nesmith,IND,1.1510791366906500,0.4316546762589930,1.931330472103000,0.0,5.467625899280580,117.7809388335700,0.4267425320056900,1.2802275960170700,24.46043165467630,9.20863309352518,0.359375,11.942446043165500,0.3734939759036140,4.460431654676260,5.467625899280580,1.1510791366906500,12.517985611510800,0.8633093525179860,0.8260869565217390,0.8260869565217390,0.935483870967742,0.564625850340136,0.5310017006802720,0.4727891156462590,0.5185185185185190,0.0,20.581113801452800,3.5050071530758200,4.551920341394030,2.275960170697010,0.1073825503355700,2.1337126600284500,0.0961538461538461,2.446043165467630,0.8633093525179860,0.0284360189573459,1.4388489208633100,0.0613496932515337,0.0427807486631016,0.0434782608695652,0.0266666666666666,2.446043165467630,5.899280575539570,1.4388489208633100,1.0071942446043200,5.611510791366910,2.158273381294960,0.5755395683453240,0.1438848920863310,0.0,0.4316546762589930,0.10062893081761,0.7619047619047620,7.525,25.42168674698800,4.172661870503600,0.1972789115646260,0.4827586206896550,0.9285714285714290,0.2068965517241380,3.4532374100719400,0.1632653061224490,0.2916666666666670,0.0833333333333333,1.5827338129496400,0.0748299319727891,0.1818181818181820,1.0,3.021582733812950,0.1428571428571430,0.3809523809523810,0.4,0.875,8.920863309352520,0.3709677419354840,23,62,0.3709677419354840,SF
Keldon Johnson,SAS,1.6152716593245200,0.7342143906020560,1.9033674963396800,0.1468428781204110,2.936857562408220,109.63503649635000,0.145985401459854,1.7518248175182500,23.788546255506600,12.62848751835540,0.6744186046511630,4.845814977973570,0.2424242424242420,3.2305433186490500,9.397944199706310,7.63582966226138,3.0837004405286300,0.4405286343612330,0.5517241379310350,0.6808510638297870,0.875,0.2773109243697480,0.622531512605042,0.5882352941176470,0.6183206106870230,3.2305433186490500,17.99746514575410,6.44216691068814,8.321167883211680,3.795620437956200,0.1485714285714290,4.087591240875910,0.1707317073170730,4.552129221732750,2.055800293685760,0.0915032679738562,2.202643171806170,0.0955414012738853,0.0935483870967742,0.1147540983606560,0.0895522388059701,3.524229074889870,8.223201174743030,2.3494860499265800,1.1747430249632900,3.9647577092511000,1.4684287812041100,0.4405286343612330,0.0,0.0,0.7342143906020560,0.0793650793650793,0.8571428571428570,2.4383720930232600,23.845454545454500,10.13215859030840,0.5798319327731090,0.7101449275362320,0.5306122448979590,0.1739130434782610,2.3494860499265800,0.134453781512605,0.5,0.0625,0.1468428781204110,0.0084033613445378,1.0,1.0,3.524229074889870,0.2016806722689080,0.25,0.2608695652173910,1.0,1.3215859030837000,0.2222222222222220,2,9,0.2222222222222220,SF
Isaac Okoro,CHI,2.1802325581395300,1.162790697674420,2.896451846488050,0.1453488372093020,3.052325581395350,120.92352092352100,1.443001443001440,0.8658008658008660,14.680232558139500,6.25,0.5116279069767440,5.668604651162790,0.358974358974359,2.1802325581395300,4.3604651162790700,2.0348837209302300,6.104651162790700,0.0,0.6818181818181820,0.75,1.0,0.4756097560975610,0.6185371951219510,0.524390243902439,0.5611111111111110,0.5813953488372090,13.583441138421700,2.6792179580014500,3.0303030303030300,1.443001443001440,0.0523560209424083,1.443001443001440,0.0684931506849315,2.3255813953488400,1.744186046511630,0.0685714285714285,0.5813953488372090,0.0287769784172661,0.0509554140127388,0.0789473684210526,0.0777777777777777,3.488372093023260,8.13953488372093,2.3255813953488400,1.162790697674420,2.4709302325581400,1.0174418604651200,0.1453488372093020,0.0,0.0,0.2906976744186050,0.0795454545454545,0.951219512195122,2.2,24.0,5.668604651162790,0.4756097560975610,0.5384615384615380,0.6666666666666670,0.2051282051282050,0.5813953488372090,0.048780487804878,0.25,0.25,0.0,0.0,0.0,0.0,4.069767441860470,0.3414634146341460,0.3571428571428570,0.3571428571428570,1.0,1.5988372093023300,0.3636363636363640,4,11,0.3636363636363640,SG
D'Angelo Russell,DAL,5.043227665706050,3.170028818443800,1.5151515151515200,0.0,6.484149855907780,111.9942196531790,0.2890173410404620,1.1560693641618500,25.792507204611000,12.680115273775200,0.5113636363636360,10.806916426513000,0.2266666666666670,5.475504322766570,4.322766570605190,8.645533141210380,6.051873198847260,1.2968299711815600,0.3333333333333330,0.3409090909090910,0.8235294117647060,0.4601226993865030,0.5017815950920250,0.4325153374233130,0.4734042553191490,0.2881844380403460,28.8860103626943,3.0303030303030300,5.057803468208090,2.4566473988439300,0.0913978494623656,2.023121387283240,0.0869565217391304,1.0086455331412100,0.4322766570605190,0.0186335403726708,0.5763688760806920,0.0256410256410256,0.0220820189274447,0.1785714285714290,0.0188679245283018,10.518731988472600,24.78386167146970,6.772334293948130,3.746397694524500,7.780979827089340,2.44956772334294,0.0,0.2881844380403460,0.0,0.8645533141210370,0.1043956043956040,0.5766871165644170,8.729545454545460,25.82933333333330,2.7377521613832900,0.1165644171779140,0.631578947368421,0.4166666666666670,0.0526315789473684,7.348703170028820,0.3128834355828220,0.4705882352941180,0.0392156862745098,2.5936599423631100,0.1104294478527610,0.5,0.3333333333333330,1.7291066282420700,0.0736196319018405,0.1666666666666670,0.1666666666666670,0.5,9.077809798270890,0.238095238095238,15,63,0.238095238095238,PG
Tre Jones,CHI,2.5531914893617000,0.851063829787234,1.55257586450247,0.1418439716312060,6.808510638297870,117.97752808988800,0.2808988764044940,3.230337078651690,20.70921985815600,11.347517730496500,0.525,2.4113475177305000,0.3529411764705880,6.24113475177305,4.822695035460990,7.092198581560280,2.5531914893617000,0.0,0.4047619047619050,0.4358974358974360,1.0,0.1752577319587630,0.5961711340206190,0.5257731958762890,0.5934959349593500,0.851063829787234,17.581047381546100,3.10515172900494,4.915730337078650,1.8258426966292100,0.0710382513661202,2.949438202247190,0.1521739130434780,1.2765957446808500,0.851063829787234,0.0342857142857142,0.425531914893617,0.0209790209790209,0.0283018867924528,0.0389610389610389,0.0471698113207547,8.51063829787234,20.56737588652480,4.964539007092200,3.5460992907801400,7.375886524822700,2.269503546099290,0.0,0.0,0.0,1.4184397163120600,0.1415929203539820,0.7319587628865980,3.60875,25.076470588235300,7.659574468085110,0.5567010309278350,0.6111111111111110,0.4242424242424240,0.1666666666666670,3.404255319148940,0.2474226804123710,0.375,0.1666666666666670,0.2836879432624110,0.0206185567010309,0.0,0.0,0.425531914893617,0.0309278350515463,0.6666666666666670,0.6666666666666670,1.0,1.9858156028368800,0.2857142857142860,4,14,0.2857142857142860,PG
Chet Holmgren,OKC,3.5294117647058800,1.7647058823529400,2.9411764705882400,0.1470588235294120,7.0588235294117600,100.44117647058800,2.0588235294117600,1.0294117647058800,32.205882352941200,12.5,0.6941176470588240,6.911764705882350,0.4042553191489360,6.470588235294120,11.764705882352900,5.588235294117650,7.5,0.8823529411764710,0.6779661016949150,0.7547169811320760,0.8947368421052630,0.3560606060606060,0.5432575757575760,0.6628787878787880,0.7019230769230770,1.7647058823529400,23.346303501945500,6.691176470588240,10.735294117647100,5.294117647058820,0.2105263157894740,4.852941176470590,0.2115384615384620,2.647058823529410,2.2058823529411800,0.09375,0.4411764705882350,0.0220588235294117,0.0608108108108108,0.12,0.1764705882352940,2.647058823529410,6.029411764705880,1.911764705882350,0.7352941176470590,7.5,3.5294117647058800,0.4411764705882350,0.0,0.0,0.4411764705882350,0.1568627450980390,0.6893939393939390,6.5,25.48936170212770,6.470588235294120,0.3333333333333330,0.7727272727272730,0.7058823529411770,0.1136363636363640,4.705882352941180,0.2424242424242420,0.625,0.09375,1.3235294117647100,0.0681818181818181,0.5555555555555560,0.6,0.8823529411764710,0.0454545454545454,0.1666666666666670,0.1666666666666670,1.0,6.029411764705880,0.4390243902439020,18,41,0.4390243902439020,PF
Tre Johnson,WAS,2.8208744710860400,1.5514809590973200,1.7556179775280900,0.0,1.9746121297602300,121.1188811188810,0.8391608391608390,0.5594405594405600,21.15655853314530,9.16784203102962,0.4769230769230770,9.449929478138220,0.373134328358209,1.833568406205920,3.1029619181946400,5.6417489421720700,8.46262341325811,2.1156558533145300,0.3548387096774190,0.3666666666666670,0.8,0.5075757575757580,0.5025666666666670,0.5189393939393940,0.5434782608695650,0.2820874471086040,20.0507614213198,2.949438202247190,4.895104895104900,2.237762237762240,0.0975609756097561,2.097902097902100,0.0872093023255814,0.9873060648801130,0.4231311706629060,0.0189873417721519,0.5641748942172070,0.0254777070063694,0.0222222222222222,0.1186440677966100,0.025,2.538787023977430,6.346967559943580,1.2693935119887200,1.2693935119887200,2.2566995768688300,0.9873060648801130,0.4231311706629060,0.0,0.0,0.2820874471086040,0.0514705882352941,0.5833333333333330,9.344615384615380,26.070149253731300,1.4104372355430200,0.0757575757575757,0.7,0.5714285714285710,0.0,5.923836389280680,0.3181818181818180,0.3809523809523810,0.0238095238095238,1.833568406205920,0.0984848484848484,0.6153846153846150,0.375,2.397743300423130,0.1287878787878790,0.4117647058823530,0.4117647058823530,0.7142857142857140,7.052186177715090,0.36,18,50,0.36,SG
Mark Williams,PHX,1.749271137026240,0.5830903790087460,2.7007299270073000,0.0,4.810495626822160,108.33333333333300,1.7543859649122800,2.4853801169590600,22.157434402332400,14.1399416909621,0.6288659793814430,0.0,0.0,4.373177842565600,13.411078717201200,4.373177842565600,0.0,0.0,0.7540983606557380,0.9387755102040820,0.0,0.0,0.5531432989690720,0.6288659793814430,0.6608695652173910,3.498542274052480,16.116751269035500,7.737226277372260,9.941520467836260,4.385964912280700,0.2054794520547950,4.5321637426900600,0.1812865497076020,5.539358600583090,3.3527696793002900,0.1464968152866240,2.186588921282800,0.0909090909090909,0.1180124223602480,0.1224489795918370,0.217391304347826,1.749271137026240,4.227405247813410,1.020408163265310,0.7288629737609330,5.685131195335280,3.061224489795920,0.4373177842565600,0.0,0.0,0.0,0.1826086956521740,0.5773195876288660,4.0237113402061900,0.0,8.16326530612245,0.5773195876288660,0.7321428571428570,0.6829268292682930,0.0714285714285714,5.685131195335280,0.4020618556701030,0.4871794871794870,0.1282051282051280,0.2915451895043730,0.0206185567010309,0.5,1.0,0.0,0.0,0.0,0.0,0.0,0.0,0.0,0,0,0.0,C
Christian Braun,DEN,2.061855670103090,1.1782032400589100,1.7712177121771200,0.1472754050073640,2.945508100147280,109.02366863905300,0.4437869822485210,1.331360946745560,18.40942562592050,10.1620029455081,0.6086956521739130,4.123711340206190,0.2142857142857140,3.3873343151693700,9.425625920471280,2.945508100147280,2.650957290132550,0.0,0.7619047619047620,0.8648648648648650,1.0,0.2886597938144330,0.5776206185567010,0.5257731958762890,0.5681818181818180,1.4727540500736400,15.95881595881600,3.5424354243542400,4.437869822485210,0.8875739644970410,0.0392156862745098,3.4023668639053300,0.1345029239766080,2.650957290132550,1.4727540500736400,0.0746268656716417,1.1782032400589100,0.0533333333333333,0.0633802816901408,0.04,0.087719298245614,4.860088365243000,11.782032400589100,2.7982326951399100,2.061855670103090,4.270986745213550,1.7673048600883700,0.5891016200294550,0.0,0.0,0.7363770250368190,0.1142857142857140,0.8247422680412370,4.286956521739130,25.792857142857100,7.658321060382920,0.5360824742268040,0.6730769230769230,0.7714285714285720,0.0961538461538461,1.6200294550810000,0.1134020618556700,0.4545454545454550,0.0909090909090909,0.8836524300441830,0.0618556701030927,0.3333333333333330,0.5,0.5891016200294550,0.0412371134020618,0.5,0.5,1.0,3.5346097201767300,0.1666666666666670,4,24,0.1666666666666670,SG
Derrick Jones Jr.,LAC,1.5197568389057800,0.7598784194528880,1.9771863117870700,0.303951367781155,3.64741641337386,124.8097412480970,2.2831050228310500,1.67427701674277,20.66869300911850,6.990881458966570,0.717391304347826,6.990881458966570,0.3478260869565220,3.3434650455927100,7.29483282674772,2.735562310030400,7.29483282674772,0.0,0.7272727272727270,0.8888888888888890,1.0,0.5,0.5663766304347830,0.6195652173913040,0.6666666666666670,1.82370820668693,15.217391304347800,2.3574144486692000,3.0441400304414,1.36986301369863,0.0569620253164556,1.67427701674277,0.0774647887323943,1.6717325227963500,0.7598784194528880,0.036231884057971,0.9118541033434650,0.0402684563758389,0.0383275261324041,0.0697674418604651,0.025,2.127659574468090,5.167173252279640,1.21580547112462,0.9118541033434650,4.25531914893617,2.43161094224924,1.0638297872340400,0.1519756838905780,0.0,0.0,0.1666666666666670,0.8369565217391310,4.054347826086960,24.945652173913000,4.711246200607900,0.3369565217391300,0.8387096774193550,0.6923076923076920,0.064516129032258,1.975683890577510,0.1413043478260870,0.4615384615384620,0.3076923076923080,0.303951367781155,0.0217391304347826,0.5,1.0,3.191489361702130,0.2282608695652170,0.2857142857142860,0.2857142857142860,1.0,3.7993920972644400,0.4,10,25,0.4,SF
Sam Hauser,BOS,1.51285930408472,1.059001512859300,1.070336391437310,0.0,0.75642965204236,116.38330757341600,0.6182380216383310,1.3910355486862400,14.97730711043870,1.966717095310140,0.2307692307692310,13.61573373676250,0.3333333333333330,0.453857791225416,0.907715582450832,0.0,12.254160363086200,1.361573373676250,1.0,1.0,0.9,0.8737864077669900,0.5251830097087380,0.4660194174757280,0.4714285714285710,0.0,14.99348109517600,3.9755351681957200,6.33693972179289,2.7820710973724900,0.1304347826086960,2.627511591962910,0.1055900621118010,1.6641452344931900,0.6051437216338880,0.0289855072463768,1.059001512859300,0.0341463414634146,0.032069970845481,0.1162790697674420,0.0256410256410256,3.177004538577910,8.018154311649020,1.51285930408472,1.6641452344931900,0.6051437216338880,0.302571860816944,0.0,0.0,0.0,0.0,0.019047619047619,0.883495145631068,14.846153846153800,26.065555555555600,0.151285930408472,0.0097087378640776,0.0,0.0,0.0,0.453857791225416,0.029126213592233,0.3333333333333330,0.0,1.361573373676250,0.087378640776699,0.2222222222222220,1.0,1.966717095310140,0.1262135922330100,0.3076923076923080,0.3076923076923080,1.0,11.649016641452300,0.3376623376623380,26,77,0.3376623376623380,PF
Moussa Diabaté,CHA,1.694915254237290,0.1540832049306630,2.577710386656560,0.0,7.395993836671800,121.7910447761190,3.1343283582089600,1.3432835820895500,22.18798151001540,12.01848998459170,0.6794871794871800,0.0,0.0,5.855161787365180,11.093990755007700,5.238828967642530,0.0,0.0,0.6792452830188680,0.8780487804878050,0.0,0.0,0.5900038461538460,0.6794871794871800,0.7058823529411770,3.697996918335900,14.637305699481900,8.415466262319940,8.35820895522388,4.477611940298510,0.1986754966887420,3.283582089552240,0.1818181818181820,8.474576271186440,5.546995377503850,0.2337662337662340,2.773497688751930,0.1161290322580650,0.174757281553398,0.0909090909090909,0.2537313432835820,2.3112480739599400,5.701078582434520,1.2326656394453000,1.078582434514640,8.320493066255780,4.160246533127890,0.9244992295839750,0.0,0.0,0.4622496147919880,0.2727272727272730,0.7564102564102560,3.214102564102560,0.0,9.090909090909090,0.7564102564102560,0.711864406779661,0.6428571428571430,0.0508474576271186,2.773497688751930,0.2307692307692310,0.6111111111111110,0.1666666666666670,0.1540832049306630,0.0128205128205128,0.0,0.0,0.0,0.0,0.0,0.0,0.0,0.0,0.0,0,0,0.0,C
Derik Queen,NOP,4.9306625577812000,2.9275808936825900,3.2899770466717700,0.4622496147919880,5.855161787365180,115.95744680851100,1.6717325227963500,2.127659574468090,22.34206471494610,16.178736517719600,0.5047619047619050,1.5408320493066300,0.1,5.546995377503850,6.779661016949150,9.553158705701080,0.0,0.4622496147919880,0.4150943396226420,0.5,0.0,0.0869565217391304,0.5280865217391310,0.4739130434782610,0.5291970802919710,2.773497688751930,22.68456375838930,6.656465187452180,9.270516717325230,4.25531914893617,0.2434782608695650,4.5592705167173300,0.1630434782608700,4.006163328197230,2.6194144838212600,0.095505617977528,1.386748844375960,0.0789473684210526,0.0890410958904109,0.2452830188679250,0.0759493670886076,5.701078582434520,13.097072419106300,4.006163328197230,1.694915254237290,7.24191063174114,3.389830508474580,0.4622496147919880,0.0,0.0,0.4622496147919880,0.1641791044776120,0.591304347826087,5.459047619047620,25.42,8.936825885978430,0.5043478260869570,0.6724137931034480,0.4358974358974360,0.0517241379310344,6.00924499229584,0.3391304347826090,0.3333333333333330,0.1282051282051280,1.2326656394453000,0.0695652173913043,0.125,1.0,0.3081664098613250,0.017391304347826,0.0,0.0,0.0,1.2326656394453000,0.125,1,8,0.125,C
Ausar Thompson,DET,2.19435736677116,1.09717868338558,2.4786986831913200,0.0,5.172413793103450,111.1791730474730,1.531393568147010,2.909647779479330,22.727272727272700,16.771159874608200,0.5327102803738320,2.0376175548589300,0.3076923076923080,2.9780564263322900,9.717868338557990,8.150470219435740,1.8808777429467100,0.0,0.543859649122807,0.5961538461538460,1.0,0.1083333333333330,0.5423383333333330,0.525,0.5291970802919710,1.567398119122260,20.268456375838900,5.267234701781570,7.350689127105670,3.062787136294030,0.1219512195121950,3.8284839203675400,0.1677852348993290,3.134796238244510,2.0376175548589300,0.0755813953488372,0.7836990595611290,0.0434782608695652,0.0627177700348432,0.1612903225806450,0.1029411764705880,5.329153605015670,13.322884012539200,2.664576802507840,2.664576802507840,6.112852664576800,2.5078369905956100,0.7836990595611290,0.0,0.0,0.9404388714733540,0.1221374045801530,0.5583333333333330,5.176635514018690,25.430769230769200,8.463949843260190,0.45,0.6111111111111110,0.6363636363636360,0.037037037037037,7.523510971786830,0.4,0.4791666666666670,0.0625,0.7836990595611290,0.0416666666666666,0.2,1.0,0.7836990595611290,0.0416666666666666,0.6,0.6,1.0,1.2539184952978100,0.125,1,8,0.125,SF
Bobby Portis,MIL,2.7993779160186600,1.7107309486780700,1.924557351809080,0.0,2.021772939346810,116.92073170731700,0.1524390243902440,0.7621951219512200,22.70606531881800,11.9751166407465,0.4935064935064940,7.309486780715400,0.425531914893617,1.5552099533437000,9.331259720062210,2.488335925349920,9.331259720062210,0.0,0.7894736842105260,0.8571428571428570,1.0,0.3790322580645160,0.5126145161290320,0.5483870967741940,0.5572519083969470,0.9331259720062210,20.467032967033000,6.389530408006160,9.908536585365850,4.573170731707320,0.2127659574468090,4.420731707317070,0.1801242236024840,2.7993779160186600,1.5552099533437000,0.0625,1.244167962674960,0.0575539568345323,0.060200668896321,0.1851851851851850,0.108695652173913,2.6438569206842900,6.842923794712290,1.088646967340590,1.5552099533437000,2.177293934681180,0.6220839813374810,0.0,0.0,0.0,0.4665629860031100,0.03125,0.5483870967741940,9.318181818181820,25.529787234042600,3.265940902021770,0.1693548387096770,0.7142857142857140,0.6666666666666670,0.0476190476190476,5.287713841368590,0.2741935483870970,0.4411764705882350,0.1470588235294120,3.421461897356140,0.1774193548387100,0.3636363636363640,0.875,1.8662519440124400,0.0967741935483871,0.4166666666666670,0.4166666666666670,1.0,5.443234836702960,0.4285714285714290,15,35,0.4285714285714290,PF
Dean Wade,CLE,0.6116207951070340,0.1529051987767580,1.7202692595362800,0.0,2.140672782874620,110.39531478770100,1.171303074670570,1.610541727672040,11.773700305810400,2.7522935779816500,0.5555555555555560,7.64525993883792,0.32,1.3761467889908300,2.4464831804281300,0.6116207951070340,6.8807339449541300,0.4587155963302750,0.8,0.8888888888888890,0.9375,0.7352941176470590,0.5880757352941180,0.5,0.5273972602739730,0.3058103975535170,10.266666666666700,3.889304412864620,5.856515373352860,3.806734992679360,0.155688622754491,1.9033674963396800,0.0962962962962963,1.834862385321100,0.764525993883792,0.0413223140495867,1.070336391437310,0.0364583333333333,0.0383386581469648,0.140625,0.075,3.058103975535170,8.103975535168200,1.070336391437310,1.9877675840978600,1.834862385321100,0.764525993883792,0.3058103975535170,0.0,0.0,0.3058103975535170,0.0704225352112676,0.9411764705882350,3.861111111111110,24.728,2.140672782874620,0.2058823529411760,0.6428571428571430,0.7777777777777780,0.2142857142857140,0.3058103975535170,0.0294117647058823,0.0,0.0,0.3058103975535170,0.0294117647058823,0.5,1.0,2.90519877675841,0.2794117647058820,0.2631578947368420,0.2631578947368420,1.0,4.740061162079510,0.3548387096774190,11,31,0.3548387096774190,PF
Sam Merrill,CLE,1.4771048744460900,0.5908419497784340,2.526002971768200,0.0,3.840472673559820,113.00448430493300,0.4484304932735430,0.8968609865470850,24.667651403249600,2.511078286558350,0.5882352941176470,14.623338257016200,0.4444444444444440,2.2156573116691300,2.363367799113740,0.5908419497784340,17.725258493353000,1.7725258493353000,0.8,1.0,0.9090909090909090,0.853448275862069,0.5500969827586210,0.6551724137931030,0.6747967479674800,0.5908419497784340,17.02944942381560,1.8573551263001500,2.391629297458890,1.345291479820630,0.0505617977528089,1.046337817638270,0.0522388059701492,1.329394387001480,0.2954209748892170,0.0153846153846153,1.03397341211226,0.0368421052631578,0.028125,0.0441176470588235,0.0,3.988183161004430,9.30576070901034,2.658788774002950,1.329394387001480,2.363367799113740,0.4431314623338260,0.1477104874446090,0.0,0.0,0.7385524372230430,0.0254237288135593,0.9224137931034480,7.970588235294120,25.52020202020200,1.1816838995568700,0.0689655172413793,0.875,0.7142857142857140,0.0,0.5908419497784340,0.0344827586206896,0.25,0.0,0.7385524372230430,0.043103448275862,0.4,1.0,2.2156573116691300,0.1293103448275860,0.5333333333333330,0.5333333333333330,0.875,12.40768094534710,0.4285714285714290,36,84,0.4285714285714290,SG
Tre Mann,CHA,4.265402843601900,2.3696682464455000,2.5196850393700800,0.315955766192733,2.3696682464455000,124.33281004709600,0.3139717425431710,1.7268445839874400,22.432859399684000,12.006319115323900,0.4210526315789470,11.374407582938400,0.3055555555555560,1.895734597156400,2.843601895734600,7.2669826224328600,8.530805687203790,1.895734597156400,0.28125,0.28125,0.8181818181818180,0.4864864864864870,0.5288823129251700,0.4391891891891890,0.461038961038961,0.0,24.133333333333300,3.4645669291338600,5.337519623233910,3.1397174254317100,0.136986301369863,2.0408163265306100,0.104,1.5797788309636700,0.631911532385466,0.0264900662251655,0.9478672985781990,0.0368098159509202,0.0318471337579617,0.0793650793650793,0.0307692307692307,6.79304897314376,16.903633491311200,3.4755134281200600,3.3175355450237000,2.0537124802527600,0.4739336492891000,0.0,0.0,0.0,0.4739336492891000,0.0198675496688741,0.6756756756756760,7.261842105263160,26.166666666666700,4.423380726698260,0.1891891891891890,0.5,0.2142857142857140,0.0714285714285714,6.161137440758290,0.2635135135135140,0.3846153846153850,0.0769230769230769,1.4218009478673000,0.0608108108108108,0.3333333333333330,0.3333333333333330,2.527646129541860,0.1081081081081080,0.5,0.5,1.0,8.846761453396530,0.25,14,56,0.25,PG
Cameron Johnson,DEN,0.9448818897637800,0.9448818897637800,1.894238358326760,0.0,2.5196850393700800,111.5506329113920,0.1582278481012660,0.9493670886075950,15.433070866141700,7.086614173228350,0.4888888888888890,7.086614173228350,0.2888888888888890,2.3622047244094500,4.409448818897640,2.5196850393700800,5.669291338582680,0.4724409448818900,0.6363636363636360,0.6666666666666670,0.9230769230769230,0.5,0.5723522222222220,0.4611111111111110,0.5,0.3149606299212600,14.227086183310500,2.604577742699290,3.79746835443038,1.4240506329113900,0.0638297872340425,2.2151898734177200,0.0809248554913294,1.4173228346456700,0.1574803149606300,0.0074626865671641,1.1023622047244100,0.047945205479452,0.0285714285714285,0.1162790697674420,0.0192307692307692,3.622047244094490,8.503937007874020,2.3622047244094500,1.2598425196850400,2.8346456692913400,1.2598425196850400,0.3149606299212600,0.0,0.0,0.3149606299212600,0.0833333333333333,0.7666666666666670,6.364444444444440,25.242222222222200,3.779527559055120,0.2666666666666670,0.5833333333333330,0.7857142857142860,0.2083333333333330,1.889763779527560,0.1333333333333330,0.25,0.1666666666666670,1.4173228346456700,0.1,0.5555555555555560,0.2,2.047244094488190,0.1444444444444440,0.3076923076923080,0.3076923076923080,1.0,5.039370078740160,0.28125,9,32,0.28125,SF
Josh Hart,NYK,3.912363067292650,1.8779342723004700,1.870615744349180,0.1564945226917060,3.129890453834120,119.72049689441000,0.3105590062111800,1.708074534161490,17.21439749608760,8.450704225352110,0.5740740740740740,5.790297339593110,0.3243243243243240,1.8779342723004700,6.259780907668230,3.442879499217530,4.694835680751170,0.9389671361502350,0.6451612903225810,0.6451612903225810,0.8333333333333330,0.4065934065934070,0.5741659340659340,0.5384615384615380,0.5670103092783510,0.0,16.245006657789600,6.157443491816060,9.316770186335400,4.3478260869565200,0.2276422764227640,4.192546583850930,0.1764705882352940,2.97339593114241,0.9389671361502350,0.0441176470588235,2.0344287949921800,0.0734463276836158,0.060702875399361,0.238095238095238,0.0303030303030303,8.763693270735530,21.752738654147100,4.538341158059470,4.225352112676060,2.503912363067290,1.408450704225350,0.6259780907668230,0.0,0.0,0.1564945226917060,0.09375,0.7582417582417580,5.0814814814814800,24.6027027027027,5.007824726134590,0.3516483516483520,0.6875,0.7272727272727270,0.0625,2.660406885759000,0.1868131868131870,0.4705882352941180,0.0588235294117647,0.7824726134585290,0.0549450549450549,0.2,0.0,2.190923317683880,0.1538461538461540,0.3571428571428570,0.3846153846153850,1.0,3.599374021909230,0.3043478260869570,7,23,0.3043478260869570,SF
Pelle Larsson,MIA,2.537313432835820,1.791044776119400,1.9388516032811300,0.0,6.119402985074630,121.9076005961250,0.2980625931445600,0.8941877794336810,21.19402985074630,7.313432835820900,0.673469387755102,6.567164179104480,0.3863636363636360,3.7313432835820900,5.970149253731340,3.880597014925370,7.611940298507460,0.0,0.6060606060606060,0.6451612903225810,1.0,0.4731182795698930,0.5507720430107530,0.6290322580645160,0.6698113207547170,0.5970149253731340,16.84931506849320,2.8337061894108900,4.918032786885250,1.4903129657228000,0.0689655172413793,3.427719821162440,0.1256830601092900,0.746268656716418,0.1492537313432840,0.0066666666666666,0.5970149253731340,0.0289855072463768,0.0173611111111111,0.048780487804878,0.0,5.82089552238806,13.73134328358210,3.7313432835820900,2.08955223880597,4.626865671641790,2.388059701492540,0.5970149253731340,0.0,0.0,0.1492537313432840,0.1523809523809520,0.7311827956989250,4.773469387755100,25.097727272727300,3.582089552238810,0.2580645161290320,0.875,0.6190476190476190,0.0,3.582089552238810,0.2580645161290320,0.5,0.2083333333333330,0.1492537313432840,0.010752688172043,0.0,0.0,1.791044776119400,0.1290322580645160,0.4166666666666670,0.4166666666666670,1.0,4.776119402985070,0.375,12,32,0.375,SG
Anthony Edwards,MIN,3.7267080745341600,2.484472049689440,1.317829457364340,0.0,6.521739130434780,113.62229102167200,0.9287925696594430,1.8575851393188900,40.21739130434780,16.149068322981400,0.5288461538461540,12.422360248447200,0.3875,8.695652173913040,6.211180124223600,10.869565217391300,7.919254658385090,6.521739130434780,0.3636363636363640,0.3703703703703700,0.5483870967741940,0.4347826086956520,0.5269304347826090,0.5516304347826090,0.6076555023923440,0.3105590062111800,31.700680272108800,3.488372093023260,5.572755417956660,1.8575851393188900,0.072289156626506,3.7151702786377700,0.1589403973509930,1.3975155279503100,0.9316770186335400,0.0428571428571428,0.4658385093167700,0.0205479452054794,0.0314685314685314,0.0845070422535211,0.0212765957446808,5.590062111801240,13.819875776397500,2.950310559006210,2.639751552795030,10.093167701863400,4.192546583850930,0.9316770186335400,0.3105590062111800,0.15527950310559,0.4658385093167700,0.1407766990291260,0.6521739130434780,8.209615384615380,25.8975,6.211180124223600,0.217391304347826,0.7,0.4642857142857140,0.1,5.900621118012420,0.2065217391304350,0.3684210526315790,0.0526315789473684,4.037267080745340,0.1413043478260870,0.5,0.2307692307692310,0.3105590062111800,0.0108695652173913,0.5,0.5,1.0,12.111801242236000,0.3846153846153850,30,78,0.3846153846153850,SG
Peyton Watson,DEN,2.090032154340840,0.6430868167202570,1.909307875894990,0.3215434083601290,3.054662379421220,117.16535433070900,2.5196850393700800,2.3622047244094500,13.344051446945300,7.877813504823150,0.5102040816326530,3.054662379421220,0.2631578947368420,2.893890675241160,6.752411575562700,1.2861736334405100,2.4115755627009600,0.0,0.84,0.9130434782608700,1.0,0.2794117647058820,0.6017345588235290,0.4779411764705880,0.5253164556962030,0.6430868167202570,12.994350282485900,3.739061256961020,5.196850393700790,1.1023622047244100,0.0482758620689655,3.307086614173230,0.1372549019607840,2.2508038585209000,1.4469453376205800,0.0616438356164383,0.8038585209003220,0.0462962962962962,0.0551181102362204,0.0227272727272727,0.0862068965517241,2.733118971061090,6.270096463022510,1.929260450160770,0.8038585209003220,4.019292604501610,1.7684887459807100,0.4823151125401930,0.0,0.0,0.4823151125401930,0.1447368421052630,0.8382352941176470,3.13469387755102,24.931578947368400,6.109324758842440,0.5588235294117650,0.5789473684210530,0.8181818181818180,0.1052631578947370,1.607717041800640,0.1470588235294120,0.2,0.2,0.1607717041800640,0.0147058823529411,1.0,1.0,1.2861736334405100,0.1176470588235290,0.5,0.5,1.0,1.7684887459807100,0.0909090909090909,1,11,0.0909090909090909,SF
Nikola Jović,MIA,3.765060240963860,2.2590361445783100,2.767389678384440,0.1506024096385540,4.216867469879520,108.7667161961370,0.8915304606240710,1.337295690936110,18.52409638554220,7.680722891566270,0.5098039215686270,7.680722891566270,0.2941176470588240,3.9156626506024100,5.120481927710840,2.710843373493980,6.77710843373494,0.0,0.6538461538461540,0.7391304347826090,1.0,0.5,0.5471445544554460,0.4754901960784310,0.5256410256410260,0.9036144578313250,19.18918918918920,4.56245325355273,7.578008915304610,3.1203566121842500,0.1390728476821190,4.011887072808320,0.1317073170731710,1.5060240963855400,0.3012048192771080,0.015625,1.2048192771084300,0.0533333333333333,0.0359712230215827,0.1052631578947370,0.0,6.475903614457830,15.210843373494000,4.216867469879520,2.2590361445783100,5.271084337349400,2.560240963855420,0.7530120481927710,0.0,0.0,0.4518072289156630,0.1491228070175440,0.7450980392156860,5.007843137254900,25.89411764705880,3.765060240963860,0.2450980392156860,0.6,0.6,0.08,3.463855421686750,0.2254901960784310,0.4782608695652170,0.0434782608695652,0.4518072289156630,0.0294117647058823,0.0,0.0,1.2048192771084300,0.0784313725490196,0.125,0.125,1.0,6.475903614457830,0.3255813953488370,14,43,0.3255813953488370,PF
Kris Murray,POR,1.10062893081761,0.6289308176100630,1.8067556952081700,0.0,0.7861635220125790,117.58241758241800,0.3139717425431710,2.0408163265306100,10.534591194968600,5.9748427672956000,0.5526315789473690,3.459119496855350,0.3181818181818180,0.6289308176100630,5.031446540880500,1.572327044025160,3.30188679245283,0.0,0.7619047619047620,0.8,1.0,0.3666666666666670,0.5942616666666670,0.525,0.5317460317460320,0.3144654088050310,9.162303664921470,3.2992930086410100,3.924646781789640,2.197802197802200,0.1,1.7268445839874400,0.0852713178294573,2.672955974842770,1.10062893081761,0.0421686746987951,1.572327044025160,0.0578034682080924,0.0501474926253687,0.0588235294117647,0.075,2.0440251572327000,4.716981132075470,1.4150943396226400,0.6289308176100630,0.9433962264150940,0.4716981132075470,0.0,0.0,0.0,0.0,0.0476190476190476,0.9,2.5473684210526300,24.55454545454550,5.031446540880500,0.5333333333333330,0.625,0.75,0.125,0.9433962264150940,0.1,0.1666666666666670,0.1666666666666670,0.0,0.0,0.0,0.0,1.8867924528301900,0.2,0.3333333333333330,0.3333333333333330,1.0,1.572327044025160,0.3,3,10,0.3,SF
Klay Thompson,DAL,2.48062015503876,1.550387596899230,0.774593338497289,0.0,0.4651162790697670,107.12074303405600,0.7739938080495360,0.7739938080495360,20.46511627906980,5.5813953488372100,0.4166666666666670,15.968992248062000,0.3106796116504850,0.9302325581395350,4.0310077519379800,0.6201550387596900,13.488372093023300,1.3953488372093000,0.8666666666666670,0.8666666666666670,0.90625,0.7410071942446040,0.5282330935251800,0.4532374100719420,0.4571428571428570,0.0,21.08108108108110,2.78853601859024,5.108359133126940,2.321981424148610,0.0833333333333333,2.7863777089783300,0.1353383458646620,0.4651162790697670,0.1550387596899220,0.0063291139240506,0.3100775193798450,0.0120481927710843,0.0092592592592592,0.078125,0.0,3.875968992248060,8.527131782945740,3.10077519379845,0.7751937984496120,0.9302325581395350,0.0,0.0,0.0,0.0,0.1550387596899220,0.0,0.7841726618705040,13.18611111111110,24.88640776699030,0.9302325581395350,0.0431654676258992,0.3333333333333330,1.0,0.1666666666666670,1.3953488372093000,0.0647482014388489,0.4444444444444440,0.2222222222222220,3.255813953488370,0.1510791366906480,0.4285714285714290,0.7777777777777780,3.875968992248060,0.1798561151079140,0.28,0.28,0.8571428571428570,12.093023255814000,0.3205128205128210,25,78,0.3205128205128210,SF
Zaccharie Risacher,ATL,1.5625,0.78125,1.644479248238060,0.15625,2.1875,110.20408163265300,1.098901098901100,2.197802197802200,24.21875,10.9375,0.5857142857142860,9.0625,0.3448275862068970,2.03125,9.6875,3.125,8.4375,0.9375,0.7560975609756100,0.8378378378378380,0.9,0.453125,0.586152734375,0.5546875,0.5740740740740740,1.25,20.110957004160900,2.505873140172280,3.924646781789640,1.5698587127158600,0.0632911392405063,2.3547880690737800,0.0993377483443708,1.09375,0.78125,0.0328947368421052,0.3125,0.0157480314960629,0.025089605734767,0.0178571428571428,0.0615384615384615,2.8125,6.71875,1.71875,1.09375,2.96875,1.40625,0.625,0.15625,0.0,0.15625,0.0746268656716417,0.796875,5.357142857142860,25.894827586206900,6.875,0.34375,0.6363636363636360,0.75,0.0909090909090909,2.8125,0.140625,0.6111111111111110,0.1111111111111110,1.25,0.0625,0.25,1.0,2.1875,0.109375,0.4285714285714290,0.4285714285714290,1.0,6.875,0.3181818181818180,14,44,0.3181818181818180,SF
Tim Hardaway Jr.,DEN,0.4807692307692310,0.0,1.3545816733067700,0.0,2.5641025641025600,111.72741679873200,0.1584786053882730,1.2678288431061800,23.71794871794870,5.769230769230770,0.4444444444444440,11.217948717948700,0.4714285714285710,2.7243589743589700,3.8461538461538500,1.2820512820512800,14.903846153846200,0.9615384615384620,0.75,0.8,0.9393939393939390,0.660377358490566,0.5456716981132080,0.6179245283018870,0.6491228070175440,0.3205128205128210,16.40953716690040,1.99203187250996,3.328050713153720,0.9508716323296360,0.0405405405405405,2.3771790808240900,0.09375,0.6410256410256410,0.3205128205128210,0.0127388535031847,0.3205128205128210,0.0166666666666666,0.0144404332129963,0.04,0.03125,3.0448717948717900,7.532051282051280,1.6025641025641000,1.4423076923076900,2.8846153846153800,0.9615384615384620,0.1602564102564100,0.1602564102564100,0.1602564102564100,0.4807692307692310,0.063063063063063,0.7924528301886790,7.977777777777780,25.41,2.243589743589740,0.1320754716981130,0.5,0.7142857142857140,0.1428571428571430,2.083333333333330,0.1226415094339620,0.3846153846153850,0.0,1.4423076923076900,0.0849056603773584,0.4444444444444440,1.0,2.5641025641025600,0.1509433962264150,0.5,0.5,1.0,8.653846153846150,0.4629629629629630,25,54,0.4629629629629630,SG
Tyrese Martin,BKN,2.393162393162390,1.5384615384615400,1.100762066045720,0.0,2.051282051282050,116.94630872483200,0.5033557046979870,1.5100671140939600,17.60683760683760,7.35042735042735,0.4883720930232560,10.256410256410300,0.3,1.1965811965812000,3.076923076923080,4.102564102564100,8.717948717948720,0.5128205128205130,0.4285714285714290,0.4736842105263160,0.9444444444444440,0.5825242718446600,0.5393233009708740,0.4660194174757280,0.4858490566037740,0.6837606837606840,17.54385964912280,3.5563082133784900,4.697986577181210,1.6778523489932900,0.078125,2.8523489932885900,0.1297709923664120,2.393162393162390,1.0256410256410300,0.0465116279069767,1.0256410256410300,0.036144578313253,0.0406779661016949,0.0638297872340425,0.0714285714285714,5.811965811965810,14.188034188034200,3.247863247863250,2.5641025641025600,1.8803418803418800,0.6837606837606840,0.5128205128205130,0.1709401709401710,0.0,0.1709401709401710,0.0476190476190476,0.7961165048543690,4.609302325581400,25.886666666666700,3.7606837606837600,0.2135922330097090,0.7727272727272730,0.5294117647058820,0.0,3.247863247863250,0.1844660194174760,0.2105263157894740,0.0526315789473684,0.3418803418803420,0.0194174757281553,0.0,0.0,2.5641025641025600,0.145631067961165,0.2666666666666670,0.2666666666666670,1.0,7.6923076923076900,0.3111111111111110,14,45,0.3111111111111110,SG
Bruce Brown,DEN,1.6474464579901200,0.8237232289950580,2.4630541871921200,0.0,1.9769357495881400,114.4026186579380,0.3273322422258590,1.4729950900163700,13.179571663920900,7.907742998352550,0.4166666666666670,3.624382207578250,0.4090909090909090,2.1416803953871500,3.9538714991762800,2.6359143327841800,4.448105436573310,0.0,0.6,0.7058823529411770,1.0,0.3142857142857140,0.5500635714285710,0.4785714285714290,0.5194805194805190,0.9884678747940690,12.554112554112600,4.597701149425290,6.873977086743040,3.7643207855973800,0.1666666666666670,2.454991816693940,0.0909090909090909,2.306425041186160,1.812191103789130,0.0705128205128205,0.4942339373970350,0.0252100840336134,0.0509090909090909,0.1702127659574470,0.064516129032258,2.6359143327841800,6.589785831960460,1.317957166392090,1.317957166392090,2.471169686985170,1.1532125205930800,0.1647446457990120,0.0,0.0,0.1647446457990120,0.0921052631578947,0.7,5.172916666666670,25.027272727272700,4.448105436573310,0.3857142857142860,0.5185185185185190,0.7857142857142860,0.1851851851851850,2.9654036243822100,0.2571428571428570,0.3333333333333330,0.2222222222222220,0.4942339373970350,0.0428571428571428,0.0,0.0,1.1532125205930800,0.1,0.4285714285714290,0.4285714285714290,1.0,2.471169686985170,0.4,6,15,0.4,SG
Luke Kennard,ATL,2.622950819672130,1.639344262295080,1.4851485148514900,0.0,1.475409836065570,111.29568106312300,0.1661129568106310,2.159468438538210,16.885245901639300,4.918032786885250,0.5666666666666670,7.213114754098360,0.4318181818181820,1.9672131147541000,3.60655737704918,1.9672131147541000,9.344262295081970,0.0,0.6470588235294120,0.7333333333333330,1.0,0.5945945945945950,0.5550277027027030,0.6148648648648650,0.6392405063291140,0.6557377049180330,13.848396501457700,2.31023102310231,3.3222591362126200,2.159468438538210,0.099236641221374,0.9966777408637870,0.036144578313253,1.3114754098360700,0.819672131147541,0.04,0.4918032786885250,0.0211267605633802,0.0299625468164794,0.0612244897959183,0.0454545454545454,4.262295081967210,10.98360655737710,1.8032786885245900,2.459016393442620,2.1311475409836100,0.3278688524590160,0.0,0.1639344262295080,0.1639344262295080,0.4918032786885250,0.0394736842105263,0.7702702702702700,7.026666666666670,24.975,2.1311475409836100,0.1756756756756760,0.6153846153846150,0.75,0.1538461538461540,1.8032786885245900,0.1486486486486490,0.4545454545454550,0.1818181818181820,0.9836065573770490,0.081081081081081,0.6666666666666670,0.75,2.459016393442620,0.2027027027027030,0.5333333333333330,0.5333333333333330,1.0,4.754098360655740,0.3793103448275860,11,29,0.3793103448275860,SG
Landry Shamet,NYK,0.9884678747940690,0.8237232289950580,1.3968775677896500,0.0,3.459637561779240,114.59016393442600,0.3278688524590160,0.819672131147541,21.4168039538715,3.9538714991762800,0.5416666666666670,10.378912685337700,0.4126984126984130,4.283360790774300,2.6359143327841800,1.6474464579901200,12.8500823723229,0.0,0.6153846153846150,0.6666666666666670,1.0,0.7241379310344830,0.5707413793103450,0.5977011494252870,0.65,0.329489291598023,14.950634696756000,2.218570254724730,3.442622950819670,1.147540983606560,0.047945205479452,2.1311475409836100,0.0928571428571428,0.9884678747940690,0.329489291598023,0.0139860139860139,0.6589785831960460,0.024390243902439,0.019543973941368,0.0161290322580645,0.0140845070422535,2.471169686985170,6.589785831960460,0.8237232289950580,1.6474464579901200,5.107084019769360,1.317957166392090,0.1647446457990120,0.6589785831960460,0.0,0.329489291598023,0.1224489795918370,0.8850574712643680,6.5,24.63174603174600,2.306425041186160,0.160919540229885,0.5714285714285710,0.625,0.2142857142857140,0.8237232289950580,0.057471264367816,0.2,0.0,0.8237232289950580,0.057471264367816,0.8,0.5,4.777594728171340,0.3333333333333330,0.4827586206896550,0.5,1.0,5.601317957166390,0.3529411764705880,12,34,0.3529411764705880,SG
Cam Spencer,MEM,2.1922428330522800,1.349072512647560,1.761744966442950,0.0,3.204047217537940,114.52420701168600,0.1669449081803010,1.669449081803010,23.10286677908940,4.8903878583473900,0.4137931034482760,11.298482293423300,0.4477611940298510,3.87858347386172,2.360876897133220,1.6863406408094400,12.647554806070800,2.5295109612141700,0.5833333333333330,0.5833333333333330,0.8333333333333330,0.6979166666666670,0.5218380208333330,0.59375,0.6296296296296300,0.0,17.872968980797600,2.5167785234899300,4.674457429048410,2.504173622704510,0.1260504201680670,2.1702838063439100,0.0878378378378378,0.3372681281618890,0.1686340640809440,0.0069930069930069,0.1686340640809440,0.006060606060606,0.0064935064935064,0.1142857142857140,0.0208333333333333,7.588532883642500,18.54974704890390,4.2158516020236100,3.372681281618890,4.3844856661045500,1.854974704890390,0.1686340640809440,0.0,0.0,0.3372681281618890,0.1037735849056600,0.7604166666666670,9.389655172413790,25.86268656716420,1.011804384485670,0.0625,0.5,0.6666666666666670,0.3333333333333330,2.866779089376050,0.1770833333333330,0.4117647058823530,0.0,1.011804384485670,0.0625,0.3333333333333330,0.0,1.349072512647560,0.0833333333333333,0.625,0.625,1.0,9.949409780775720,0.423728813559322,25,59,0.423728813559322,SG
Ace Bailey,UTA,3.1509121061359900,1.658374792703150,2.887788778877890,0.0,2.321724709784410,126.76518883415400,0.3284072249589490,1.477832512315270,20.23217247097840,10.77943615257050,0.5076923076923080,7.628524046434490,0.3043478260869570,2.321724709784410,7.960199004975130,2.985074626865670,5.970149253731340,0.9950248756218910,0.7272727272727270,0.9230769230769230,0.8571428571428570,0.4144144144144140,0.5369581081081080,0.4864864864864870,0.5126050420168070,2.321724709784410,19.327731092437000,3.96039603960396,3.4482758620689700,1.9704433497536900,0.1132075471698110,1.1494252873563200,0.0489510489510489,4.477611940298510,2.155887230514100,0.0878378378378378,2.321724709784410,0.0838323353293413,0.0857142857142857,0.1,0.088235294117647,3.482587064676620,9.286898839137640,1.1608623548922100,2.321724709784410,2.8192371475953600,1.1608623548922100,0.165837479270315,0.0,0.0,0.3316749585406300,0.0598290598290598,0.7027027027027030,8.470769230769230,24.817391304347800,5.306799336650080,0.2882882882882880,0.71875,0.7391304347826090,0.0625,1.824212271973470,0.0990990990990991,0.2727272727272730,0.0909090909090909,3.648424543946930,0.1981981981981980,0.3181818181818180,0.8571428571428570,2.6533996683250400,0.1441441441441440,0.375,0.375,0.8333333333333330,4.975124378109450,0.2666666666666670,8,30,0.2666666666666670,SF
Patrick Williams,CHI,2.283849918433930,1.468189233278960,1.7959183673469400,0.1631321370309950,2.6101141924959200,115.84967320261400,0.8169934640522880,2.450980392156860,16.965742251223500,5.220228384991840,0.46875,7.993474714518760,0.4081632653061220,2.283849918433930,1.6313213703099500,3.2626427406199000,8.809135399673740,0.9787928221859710,0.3333333333333330,0.3846153846153850,0.9,0.6049382716049380,0.5452314814814820,0.5555555555555560,0.5777777777777780,0.6525285481239800,15.028901734104000,3.020408163265310,4.57516339869281,2.450980392156860,0.0974025974025974,1.6339869281045800,0.08130081300813,1.468189233278960,0.3262642740619900,0.0147058823529411,1.1419249592169700,0.0510948905109489,0.0329670329670329,0.0983606557377049,0.028169014084507,3.2626427406199000,7.993474714518760,1.7944535073409500,1.468189233278960,3.2626427406199000,1.3050570962479600,0.3262642740619900,0.0,0.0,0.4893964110929850,0.0919540229885057,0.8024691358024690,5.815625,25.646938775510200,2.6101141924959200,0.1975308641975310,0.5625,0.3333333333333330,0.0625,2.283849918433930,0.1728395061728400,0.2857142857142860,0.0714285714285714,0.3262642740619900,0.0246913580246913,1.0,0.5,2.283849918433930,0.1728395061728400,0.5,0.5,1.0,5.709624796084830,0.3714285714285710,13,35,0.3714285714285710,PF
Jaylon Tyson,CLE,1.8487394957983200,1.3445378151260500,3.508771929824560,0.1680672268907560,2.016806722689080,114.95016611295700,1.495016611295680,2.3255813953488400,20.50420168067230,6.38655462184874,0.5263157894736840,8.739495798319330,0.4615384615384620,1.680672268907560,4.369747899159660,2.3529411764705900,12.100840336134500,0.0,0.65,0.8125,1.0,0.5777777777777780,0.5771727777777780,0.6222222222222220,0.6421052631578950,1.3445378151260500,15.164520743919900,3.675856307435260,4.8172757475083100,3.3222591362126200,0.131578947368421,1.495016611295680,0.0714285714285714,2.5210084033613400,0.6722689075630250,0.0327868852459016,1.680672268907560,0.0564971751412429,0.0468227424749163,0.0862068965517241,0.0232558139534883,3.361344537815130,8.235294117647060,1.8487394957983200,1.512605042016810,2.184873949579830,1.0084033613445400,0.5042016806722690,0.0,0.0,0.3361344537815130,0.064516129032258,0.8333333333333330,3.642105263157900,24.86730769230770,3.865546218487400,0.2555555555555560,0.7391304347826090,0.5882352941176470,0.1304347826086960,2.3529411764705900,0.1555555555555560,0.2142857142857140,0.0714285714285714,0.1680672268907560,0.0111111111111111,0.0,0.0,3.361344537815130,0.2222222222222220,0.45,0.45,1.0,5.378151260504200,0.46875,15,32,0.46875,SG
Josh Minott,BOS,1.4625228519195600,1.0968921389396700,2.7927927927927900,0.0,2.5594149908592300,113.3214920071050,0.8880994671403200,2.4866785079929000,19.56124314442410,6.946983546617920,0.5789473684210530,7.678244972577700,0.3809523809523810,2.742230347349180,5.484460694698350,2.5594149908592300,8.226691042047530,0.5484460694698350,0.6818181818181820,0.8333333333333330,0.9375,0.525,0.5732700000000000,0.575,0.601123595505618,1.4625228519195600,14.78658536585370,6.486486486486490,7.992895204262880,3.019538188277090,0.1214285714285710,4.795737122557730,0.173076923076923,4.936014625228520,1.6453382084095100,0.0714285714285714,2.9250457038391200,0.0935672514619883,0.0841750841750841,0.088235294117647,0.1481481481481480,3.473491773308960,8.592321755027420,1.828153564899450,1.6453382084095100,3.473491773308960,1.6453382084095100,0.1828153564899450,0.0,0.0,0.1828153564899450,0.1022727272727270,0.825,3.960526315789470,25.01904761904760,4.387568555758680,0.3,0.7916666666666670,0.6842105263157900,0.0833333333333333,2.376599634369290,0.1625,0.2307692307692310,0.3076923076923080,0.1828153564899450,0.0125,0.0,0.0,3.473491773308960,0.2375,0.4210526315789470,0.4210526315789470,1.0,4.204753199268740,0.3478260869565220,8,23,0.3478260869565220,PF
Mike Conley,MIN,2.364864864864870,1.0135135135135100,2.1867115222876400,0.0,2.027027027027030,113.06532663316600,0.5025125628140700,1.8425460636515900,14.527027027027000,3.3783783783783800,0.35,6.925675675675680,0.4634146341463420,2.533783783783780,2.027027027027030,0.3378378378378380,8.614864864864870,1.0135135135135100,0.8571428571428570,0.8571428571428570,0.8947368421052630,0.6721311475409840,0.5496852459016390,0.5819672131147540,0.6194029850746270,0.0,12.01780415430270,2.3549201009251500,3.852596314907870,1.5075376884422100,0.0652173913043478,1.8425460636515900,0.0833333333333333,0.8445945945945950,0.3378378378378380,0.0155038759689922,0.5067567567567570,0.0232558139534883,0.0193798449612403,0.0612244897959183,0.0217391304347826,8.277027027027030,19.594594594594600,5.236486486486490,3.0405405405405400,2.533783783783780,0.5067567567567570,0.0,0.0,0.0,0.5067567567567570,0.046875,0.8688524590163930,5.42,24.990243902439000,2.027027027027030,0.1967213114754100,0.4166666666666670,0.8,0.0,1.1824324324324300,0.1147540983606560,0.2857142857142860,0.0,0.1689189189189190,0.0163934426229508,0.0,0.0,1.1824324324324300,0.1147540983606560,0.4285714285714290,0.4285714285714290,1.0,5.743243243243240,0.4705882352941180,16,34,0.4705882352941180,PG
Ayo Dosunmu,CHI,2.380952380952380,1.7006802721088400,1.6088060965283700,0.0,3.571428571428570,116.6947723440140,0.1686340640809440,1.1804384485666100,29.421768707483000,11.73469387755100,0.6086956521739130,7.312925170068030,0.4651162790697670,4.931972789115650,6.122448979591840,8.16326530612245,10.20408163265310,0.0,0.4285714285714290,0.4285714285714290,1.0,0.3839285714285710,0.5909892857142860,0.6428571428571430,0.688,0.0,20.87087087087090,2.286198137171890,4.0472175379426600,1.5177065767285000,0.0604026845637583,2.023608768971330,0.0967741935483871,0.5102040816326530,0.3401360544217690,0.0153846153846153,0.1700680272108840,0.0078125,0.0116279069767441,0.0677966101694915,0.032258064516129,6.292517006802720,16.496598639455800,2.380952380952380,3.91156462585034,5.442176870748300,2.5510204081632700,0.6802721088435370,0.0,0.0,0.3401360544217690,0.1219512195121950,0.8125,3.8492753623188400,24.6046511627907,8.16326530612245,0.4285714285714290,0.6041666666666670,0.4482758620689660,0.0833333333333333,3.2312925170068000,0.1696428571428570,0.631578947368421,0.0526315789473684,0.3401360544217690,0.0178571428571428,0.5,1.0,3.2312925170068000,0.1696428571428570,0.4736842105263160,0.4736842105263160,1.0,4.081632653061230,0.4583333333333330,11,24,0.4583333333333330,SG
Ziaire Williams,BKN,1.763668430335100,1.2345679012345700,2.546093064091310,0.0,3.527336860670190,118.7062937062940,0.8741258741258740,1.9230769230769200,21.516754850088200,4.585537918871250,0.6153846153846150,12.522045855379200,0.3098591549295770,4.232804232804230,3.1746031746031700,2.469135802469140,11.11111111111110,0.5291005291005290,0.5625,0.6,0.9545454545454550,0.7319587628865980,0.5643190721649490,0.5051546391752580,0.5648148148148150,0.3527336860670190,18.18181818181820,2.809482001755930,4.195804195804200,1.2237762237762200,0.0619469026548672,2.272727272727270,0.0962962962962963,1.4109347442680800,0.1763668430335100,0.0097087378640776,1.2345679012345700,0.0411764705882352,0.0293040293040293,0.025,0.0285714285714285,1.4109347442680800,3.527336860670190,0.7054673721340390,0.7054673721340390,4.938271604938270,1.5873015873015900,0.3527336860670190,0.7054673721340390,0.3527336860670190,0.3527336860670190,0.1226415094339620,0.9072164948453610,3.8307692307692300,24.935211267605600,2.998236331569670,0.1752577319587630,0.7647058823529410,0.6153846153846150,0.1176470588235290,1.5873015873015900,0.0927835051546391,0.3333333333333330,0.1111111111111110,0.0,0.0,0.0,0.0,4.409171075837740,0.2577319587628870,0.12,0.125,1.0,8.112874779541450,0.4130434782608700,19,46,0.4130434782608700,SF
Isaiah Stewart,DET,2.4866785079929000,1.2433392539964500,3.333333333333330,0.0,4.618117229129660,110.2253032928940,4.15944540727903,0.3466204506065860,23.623445825932500,11.190053285968000,0.5555555555555560,6.394316163410300,0.3888888888888890,3.730017761989340,9.591474245115450,2.841918294849020,7.460035523978690,0.0,0.7714285714285720,0.9642857142857140,1.0,0.3636363636363640,0.5493161616161620,0.5656565656565660,0.5990990990990990,2.4866785079929000,19.17177914110430,6.842105263157900,9.01213171577123,3.292894280762570,0.1292517006802720,4.506065857885620,0.1793103448275860,4.618117229129660,3.374777975133220,0.1338028169014080,0.5328596802841920,0.0241935483870967,0.0827067669172932,0.1020408163265310,0.1224489795918370,3.197158081705150,7.63765541740675,1.9538188277087000,1.2433392539964500,4.973357015985790,1.5985790408525800,0.7104795737122560,0.0,0.0,1.2433392539964500,0.0865384615384615,0.7777777777777780,3.242857142857140,24.869444444444400,7.282415630550620,0.4141414141414140,0.6829268292682930,0.75,0.024390243902439,3.730017761989340,0.2121212121212120,0.3333333333333330,0.1428571428571430,0.1776198934280640,0.0101010101010101,0.0,0.0,2.664298401420960,0.1515151515151520,0.4,0.4,1.0,3.730017761989340,0.3809523809523810,8,21,0.3809523809523810,C
Lonzo Ball,CLE,4.440789473684210,2.960526315789470,1.9950124688279300,0.0,1.644736842105260,114.28571428571400,0.3361344537815130,2.184873949579830,12.5,2.3026315789473700,0.4285714285714290,9.703947368421050,0.3220338983050850,1.1513157894736800,0.6578947368421050,1.3157894736842100,6.907894736842110,2.4671052631578900,0.3333333333333330,0.4,0.7368421052631580,0.8082191780821920,0.5638184931506850,0.4726027397260270,0.4935064935064940,0.3289473684210530,14.89971346704870,4.073150457190360,5.882352941176470,2.184873949579830,0.104,2.689075630252100,0.1212121212121210,2.3026315789473700,1.1513157894736800,0.0666666666666666,1.1513157894736800,0.0382513661202185,0.0486111111111111,0.1071428571428570,0.0588235294117647,10.526315789473700,25.164473684210500,6.414473684210530,4.1118421052631600,1.644736842105260,0.1644736842105260,0.0,0.3289473684210530,0.0,0.1644736842105260,0.0266666666666666,0.9178082191780820,5.642857142857140,25.97627118644070,1.3157894736842100,0.1095890410958900,0.5,0.5,0.125,0.8223684210526320,0.0684931506849315,0.4,0.2,0.1644736842105260,0.0136986301369863,0.0,0.0,1.3157894736842100,0.1095890410958900,0.25,0.2857142857142860,1.0,8.388157894736840,0.3333333333333330,17,51,0.3333333333333330,PG
Reed Sheppard,HOU,2.636203866432340,1.5817223198594000,2.131438721136770,0.0,1.9332161687170500,113.2854578096950,0.718132854578097,3.4111310592459600,26.5377855887522,7.908611599297010,0.5111111111111110,12.126537785588800,0.4782608695652170,1.054481546572940,2.81195079086116,5.272407732864680,13.181019332161700,4.21792618629174,0.3478260869565220,0.3478260869565220,0.7575757575757580,0.6052631578947370,0.5133521929824560,0.6359649122807020,0.6452991452991450,0.0,19.526627218934900,2.841918294849020,5.206463195691200,2.5134649910233400,0.1102362204724410,2.692998204667860,0.0993377483443708,0.5272407732864680,0.0,0.0,0.5272407732864680,0.0283018867924528,0.0113636363636363,0.1627906976744190,0.0,6.502636203866430,16.695957820738100,2.81195079086116,3.690685413005270,1.5817223198594000,0.70298769771529,0.5272407732864680,0.0,0.0,0.351493848857645,0.0347826086956521,0.6754385964912280,10.324444444444400,26.48550724637680,1.40597539543058,0.0701754385964912,0.625,0.4,0.0,4.042179261862920,0.2017543859649120,0.4782608695652170,0.0869565217391304,2.460456942003520,0.1228070175438600,0.5,0.4285714285714290,2.2847100175746900,0.1140350877192980,0.4615384615384620,0.4615384615384620,1.0,9.84182776801406,0.4821428571428570,27,56,0.4821428571428570,PG
Andre Drummond,PHI,1.275045537340620,0.3642987249544630,2.16998191681736,0.0,3.6429872495446300,112.74685816876100,1.7953321364452400,1.615798922800720,18.5792349726776,9.289617486338800,0.6470588235294120,2.914389799635700,0.4375,2.73224043715847,6.557377049180330,5.46448087431694,3.8251366120218600,0.0,0.5454545454545450,0.9,1.0,0.2388059701492540,0.5927865671641790,0.6492537313432840,0.6538461538461540,4.735883424408020,13.178294573643400,10.397830018083200,13.824057450628400,6.1041292639138200,0.2446043165467630,7.001795332136450,0.2888888888888890,6.921675774134790,4.918032786885250,0.184931506849315,1.275045537340620,0.0573770491803278,0.126865671641791,0.2,0.2280701754385960,1.639344262295080,3.6429872495446300,1.275045537340620,0.3642987249544630,4.371584699453550,1.092896174863390,0.3642987249544630,0.0,0.0,1.275045537340620,0.0845070422535211,0.8805970149253730,1.9686274509803900,23.425,7.832422586520950,0.6417910447761190,0.6976744186046510,0.5,0.0697674418604651,1.4571948998178500,0.1194029850746270,0.375,0.0,0.0,0.0,0.0,0.0,2.550091074681240,0.208955223880597,0.5,0.5,1.0,0.3642987249544630,0.0,0,2,0.0,C
Cole Anthony,MIL,5.06993006993007,3.4965034965035000,3.3707865168539300,0.0,4.195804195804200,115.8974358974360,0.8547008547008550,1.709401709401710,21.503496503496500,15.20979020979020,0.4712643678160920,6.468531468531470,0.2972972972972970,1.3986013986014000,2.797202797202800,11.538461538461500,3.6713286713286700,2.097902097902100,0.1951219512195120,0.1951219512195120,0.6363636363636360,0.2983870967741940,0.4999193548387100,0.4637096774193550,0.473076923076923,0.0,24.57496136012370,3.975799481417460,6.495726495726500,3.076923076923080,0.1384615384615380,3.247863247863250,0.1417910447761190,1.3986013986014000,0.1748251748251750,0.0072992700729927,1.2237762237762200,0.0564516129032258,0.0306513409961685,0.1372549019607840,0.0,12.762237762237800,30.594405594405600,7.6923076923076900,5.06993006993007,2.6223776223776200,1.048951048951050,0.5244755244755250,0.0,0.0,0.5244755244755250,0.0472440944881889,0.4838709677419360,8.848275862068970,26.035135135135100,4.020979020979020,0.1854838709677420,0.5652173913043480,0.4615384615384620,0.0434782608695652,8.041958041958040,0.3709677419354840,0.4130434782608700,0.0434782608695652,3.1468531468531500,0.1451612903225810,0.5,0.1111111111111110,1.7482517482517500,0.0806451612903225,0.3,0.3,1.0,4.72027972027972,0.2962962962962960,8,27,0.2962962962962960,PG
Luguentz Dort,OKC,1.0909090909090900,0.5454545454545450,2.260397830018080,0.0,3.8181818181818200,103.05755395683500,0.3597122302158270,1.618705035971220,12.727272727272700,4.181818181818180,0.4782608695652170,8.0,0.2727272727272730,2.1818181818181800,2.1818181818181800,1.818181818181820,6.545454545454550,0.0,0.5454545454545450,0.6,1.0,0.6567164179104480,0.5740708955223880,0.4328358208955220,0.4794520547945210,0.3636363636363640,12.53968253968250,3.616636528028930,4.676258992805760,2.697841726618710,0.1056338028169010,1.9784172661870500,0.0827067669172932,2.5454545454545500,0.7272727272727270,0.0310077519379844,1.818181818181820,0.0746268656716417,0.053231939163498,0.0588235294117647,0.0,2.363636363636360,5.454545454545450,1.6363636363636400,0.7272727272727270,2.363636363636360,1.2727272727272700,0.1818181818181820,0.0,0.0,0.0,0.0958904109589041,0.8507462686567160,5.086956521739130,25.24318181818180,2.363636363636360,0.1940298507462690,0.6923076923076920,0.5555555555555560,0.0769230769230769,1.6363636363636400,0.1343283582089550,0.2222222222222220,0.2222222222222220,0.1818181818181820,0.0149253731343283,0.0,0.0,2.1818181818181800,0.1791044776119400,0.1666666666666670,0.1666666666666670,1.0,5.818181818181820,0.3125,10,32,0.3125,SF
Brandon Williams,DAL,4.109589041095890,2.73972602739726,1.8867924528301900,0.0,8.047945205479450,109.10652920962200,0.3436426116838490,3.7800687285223400,24.315068493150700,14.383561643835600,0.5357142857142860,5.308219178082190,0.1612903225806450,6.335616438356170,4.794520547945210,10.616438356164400,2.568493150684930,0.0,0.3111111111111110,0.3181818181818180,1.0,0.2695652173913040,0.5592313043478260,0.4565217391304350,0.5182481751824820,0.3424657534246580,24.210526315789500,2.9159519725557500,4.639175257731960,2.233676975945020,0.0822784810126582,2.061855670103090,0.0983606557377049,1.1986301369863000,0.8561643835616440,0.037593984962406,0.3424657534246580,0.0150375939849624,0.0263157894736842,0.0689655172413793,0.0,7.191780821917810,16.78082191780820,4.794520547945210,2.3972602739726000,8.047945205479450,3.767123287671230,0.5136986301369860,0.0,0.0,0.5136986301369860,0.1641791044776120,0.7043478260869570,4.992857142857140,24.82903225806450,8.561643835616440,0.4347826086956520,0.62,0.2903225806451610,0.08,4.794520547945210,0.2434782608695650,0.3928571428571430,0.1785714285714290,1.0273972602739700,0.0521739130434782,0.5,0.3333333333333330,1.5410958904109600,0.0782608695652174,0.2222222222222220,0.2222222222222220,1.0,3.767123287671230,0.1363636363636360,3,22,0.1363636363636360,PG
Josh Okogie,HOU,1.3059701492537300,0.9328358208955220,2.2747952684258400,0.0,4.664179104477610,116.696269982238,0.3552397868561280,3.374777975133220,17.91044776119400,5.223880597014930,0.5357142857142860,6.529850746268660,0.4571428571428570,3.3582089552238800,2.985074626865670,2.611940298507460,8.955223880597010,0.0,0.5333333333333330,0.6666666666666670,1.0,0.5555555555555560,0.6061269841269840,0.6190476190476190,0.6486486486486490,1.1194029850746300,12.695924764890300,2.456778889899910,2.841918294849020,1.0657193605683800,0.0451127819548872,1.5985790408525800,0.079646017699115,2.0522388059701500,0.9328358208955220,0.0306748466257668,1.1194029850746300,0.074074074074074,0.0450819672131147,0.0444444444444444,0.0612244897959183,2.798507462686570,6.529850746268660,1.8656716417910400,0.9328358208955220,4.104477611940300,1.6791044776119400,0.0,0.0,0.0,0.373134328358209,0.125,0.9206349206349210,2.507142857142860,24.61714285714290,4.291044776119400,0.365079365079365,0.5652173913043480,0.4615384615384620,0.1739130434782610,0.9328358208955220,0.0793650793650793,0.4,0.0,0.0,0.0,0.0,0.0,3.544776119402990,0.3015873015873020,0.4736842105263160,0.4736842105263160,1.0,2.985074626865670,0.4375,7,16,0.4375,SG
Egor Dëmin,BKN,4.021937842778790,2.5594149908592300,1.996370235934660,0.0,2.376599634369290,126.48648648648600,0.5405405405405410,1.981981981981980,17.550274223034700,4.021937842778790,0.3636363636363640,11.517367458866500,0.3809523809523810,1.4625228519195600,1.4625228519195600,1.4625228519195600,10.420475319926900,2.742230347349180,0.5,0.5,0.7916666666666670,0.7411764705882350,0.5376217647058820,0.5176470588235300,0.5393258426966290,0.0,17.61904761904760,3.5390199637023600,5.7657657657657700,2.1621621621621600,0.116504854368932,3.603603603603600,0.1666666666666670,1.279707495429620,0.3656307129798900,0.0178571428571428,0.9140767824497260,0.0303030303030303,0.0252707581227436,0.0833333333333333,0.0,8.043875685557590,21.937842778793400,2.1937842778793400,5.850091407678250,1.6453382084095100,0.1828153564899450,0.0,0.1828153564899450,0.0,0.3656307129798900,0.0116279069767441,0.8941176470588240,7.2,26.03809523809520,2.376599634369290,0.1529411764705880,0.3846153846153850,0.4,0.1538461538461540,0.5484460694698350,0.0352941176470588,0.3333333333333330,0.3333333333333330,1.0968921389396700,0.0705882352941176,0.3333333333333330,0.5,1.4625228519195600,0.0941176470588235,0.5,0.5,1.0,10.054844606947000,0.3636363636363640,20,55,0.3636363636363640,PG
Isaiah Jackson,IND,2.841918294849020,0.8880994671403200,4.049295774647890,0.1776198934280640,5.328596802841920,121.64048865619500,0.8726003490401400,1.7452006980802800,21.492007104795700,14.38721136767320,0.5802469135802470,0.0,0.0,4.795737122557730,9.591474245115450,7.104795737122560,0.0,0.0,0.574468085106383,0.8181818181818180,0.0,0.0,0.5762185185185190,0.5802469135802470,0.6302083333333330,4.973357015985790,16.766467065868300,7.834507042253520,8.726003490401400,2.7923211169284500,0.1428571428571430,5.4101221640488700,0.2183098591549300,6.927175843694490,4.440497335701600,0.1479289940828400,2.131438721136770,0.0967741935483871,0.1262798634812290,0.025,0.2075471698113210,2.664298401420960,6.039076376554170,1.9538188277087000,0.7104795737122560,6.039076376554170,2.4866785079929000,0.7104795737122560,0.0,0.0,0.8880994671403200,0.1538461538461540,0.7160493827160490,3.425925925925930,0.0,10.301953818827700,0.7160493827160490,0.6551724137931030,0.5263157894736840,0.0344827586206896,3.374777975133220,0.2345679012345680,0.4736842105263160,0.0,0.7104795737122560,0.0493827160493827,0.0,0.0,0.0,0.0,0.0,0.0,0.0,0.0,0.0,0,0,0.0,C
Buddy Hield,GSW,2.816901408450700,1.408450704225350,1.6695957820738100,0.0,1.056338028169010,120.52631578947400,0.0,2.280701754385970,18.66197183098590,5.809859154929580,0.6060606060606060,10.035211267605600,0.3157894736842110,2.112676056338030,4.577464788732390,2.464788732394370,8.450704225352110,1.056338028169010,0.65,0.65,0.8888888888888890,0.6333333333333330,0.5441094444444440,0.5222222222222220,0.5526315789473690,0.0,17.370892018779300,2.10896309314587,3.333333333333330,1.7543859649122800,0.0793650793650793,1.4035087719298200,0.072072072072072,0.8802816901408450,0.176056338028169,0.0096153846153846,0.704225352112676,0.0254777070063694,0.0191570881226053,0.0444444444444444,0.0285714285714285,4.225352112676060,10.73943661971830,1.9366197183098600,2.288732394366200,2.288732394366200,0.704225352112676,0.176056338028169,0.176056338028169,0.0,0.176056338028169,0.0531914893617021,0.8555555555555560,5.563636363636360,26.12982456140350,3.5211267605633800,0.2222222222222220,0.65,0.6923076923076920,0.1,1.5845070422535200,0.1,0.6666666666666670,0.0,0.704225352112676,0.0444444444444444,0.25,1.0,1.5845070422535200,0.1,0.4444444444444440,0.5,1.0,8.450704225352110,0.2916666666666670,14,48,0.2916666666666670,SG
Malik Monk,SAC,1.9197207678883100,1.7452006980802800,1.6564952048823000,0.0,3.8394415357766200,110.45296167247400,0.8710801393728220,1.7421602787456400,25.130890052356000,11.169284467713800,0.46875,8.726003490401400,0.44,3.141361256544500,5.235602094240840,5.235602094240840,9.424083769633510,2.094240837696340,0.5,0.5,0.8181818181818180,0.4385964912280700,0.5120478070175440,0.5526315789473690,0.5806451612903230,0.0,21.360759493670900,1.4821272885789000,2.4390243902439000,0.8710801393728220,0.0384615384615384,1.56794425087108,0.0687022900763358,0.5235602094240840,0.3490401396160560,0.0147058823529411,0.1745200698080280,0.0091743119266055,0.0122448979591836,0.0256410256410256,0.0,4.013961605584640,9.075043630017450,2.966841186736480,1.0471204188481700,3.4904013961605600,1.3961605584642200,0.0,0.0,0.0,0.3490401396160560,0.0655737704918032,0.5614035087719300,8.63125,26.256,2.443280977312390,0.1228070175438600,0.6428571428571430,0.4444444444444440,0.0714285714285714,6.631762652705060,0.3333333333333330,0.3947368421052630,0.131578947368421,2.094240837696340,0.1052631578947370,0.5,0.5,1.9197207678883100,0.0964912280701754,0.2727272727272730,0.2727272727272730,1.0,6.806282722513090,0.4871794871794870,19,39,0.4871794871794870,SG
Miles McBride,NYK,1.624548736462090,0.7220216606498200,1.53015301530153,0.0,1.8050541516245500,116.69658886894100,0.1795332136445240,1.615798922800720,19.85559566787000,6.67870036101083,0.4324324324324320,11.1913357400722,0.3870967741935480,1.083032490974730,2.166064981949460,3.610108303249100,10.830324909747300,2.166064981949460,0.375,0.4,0.8333333333333330,0.6262626262626260,0.5487378787878790,0.5252525252525250,0.5339805825242720,0.3610108303249100,17.151607963246600,2.6102610261026100,3.5906642728904800,1.615798922800720,0.0769230769230769,1.7953321364452400,0.0793650793650793,1.624548736462090,0.7220216606498200,0.0327868852459016,0.9025270758122740,0.0328947368421052,0.0328467153284671,0.087719298245614,0.0344827586206896,4.873646209386280,12.274368231046900,2.3465703971119100,2.527075812274370,1.8050541516245500,0.9025270758122740,0.3610108303249100,0.0,0.0,0.1805054151624550,0.0490196078431372,0.7878787878787880,8.732432432432430,25.15,2.888086642599280,0.1616161616161620,0.6875,0.2727272727272730,0.1875,1.8050541516245500,0.101010101010101,0.1,0.0,1.985559566787000,0.1111111111111110,0.3636363636363640,0.75,3.4296028880866400,0.1919191919191920,0.3684210526315790,0.3684210526315790,1.0,7.76173285198556,0.3953488372093020,17,43,0.3953488372093020,SG
Simone Fontecchio,MIA,2.051282051282050,1.1965811965812000,2.8253424657534200,0.1709401709401710,2.051282051282050,112.17838765008600,0.5145797598627790,1.37221269296741,27.521367521367500,5.641025641025640,0.4848484848484850,12.649572649572600,0.5,3.076923076923080,4.444444444444450,1.0256410256410300,18.46153846153850,0.5128205128205130,0.8125,0.8666666666666670,0.972972972972973,0.6915887850467290,0.5625915887850470,0.6682242990654210,0.7079646017699120,0.3418803418803420,18.76876876876880,3.1678082191780800,5.145797598627790,2.74442538593482,0.1167883211678830,2.229845626072040,0.0751445086705202,1.1965811965812000,0.1709401709401710,0.0081967213114754,1.0256410256410300,0.0419580419580419,0.0264150943396226,0.1186440677966100,0.0212765957446808,2.735042735042740,6.837606837606840,1.3675213675213700,1.3675213675213700,3.58974358974359,0.5128205128205130,0.0,0.8547008547008550,0.3418803418803420,0.0,0.0707964601769911,0.8878504672897200,5.242424242424240,25.37027027027030,3.58974358974359,0.1962616822429910,0.5238095238095240,0.8181818181818180,0.1904761904761900,1.1965811965812000,0.0654205607476635,0.4285714285714290,0.2857142857142860,0.8547008547008550,0.0467289719626168,0.4,0.5,3.418803418803420,0.1869158878504670,0.65,0.65,0.9230769230769230,9.23076923076923,0.4444444444444440,24,54,0.4444444444444440,SF
Jaylin Williams,OKC,2.5044722719141300,1.2522361359570700,2.072072072072070,0.0,2.146690518783540,104.90018148820300,1.4519056261343000,1.4519056261343000,12.52236135957070,1.6100178890876600,0.7777777777777780,11.449016100178900,0.265625,0.8944543828264760,2.5044722719141300,0.0,9.123434704830050,0.0,1.0,1.0,1.0,0.8767123287671230,0.5534027397260270,0.4452054794520550,0.4605263157894740,0.0,14.634146341463400,6.036036036036040,10.707803992740500,4.900181488203270,0.1764705882352940,4.718693284936480,0.1969696969696970,1.4311270125223600,0.5366726296958860,0.03,0.8944543828264760,0.0306748466257668,0.0304182509505703,0.14,0.0,5.724508050089450,13.953488372093000,3.2200357781753100,2.5044722719141300,1.2522361359570700,0.3577817531305900,0.1788908765652950,0.0,0.0,0.3577817531305900,0.027027027027027,0.958904109589041,5.966666666666670,25.521875,1.073345259391770,0.0821917808219178,0.8333333333333330,1.0,0.0,0.1788908765652950,0.0136986301369863,1.0,0.0,0.3577817531305900,0.0273972602739726,0.5,1.0,2.146690518783540,0.1643835616438360,0.0833333333333333,0.0833333333333333,1.0,9.30232558139535,0.3076923076923080,16,52,0.3076923076923080,PF
Dillon Brooks,PHX,3.4296028880866400,1.444043321299640,2.862254025044720,0.0,4.873646209386280,116.66666666666700,0.3546099290780140,3.368794326241140,33.935018050541500,14.07942238267150,0.5769230769230770,12.274368231046900,0.3235294117647060,5.776173285198560,5.415162454873650,10.830324909747300,10.288808664259900,1.624548736462090,0.3333333333333330,0.3488372093023260,0.8636363636363640,0.4657534246575340,0.5337565068493150,0.5342465753424660,0.5838509316770190,0.7220216606498200,28.081123244929800,2.5044722719141300,3.723404255319150,1.2411347517730500,0.0608695652173913,2.127659574468090,0.0916030534351145,1.263537906137180,0.7220216606498200,0.0330578512396694,0.5415162454873650,0.0225563909774436,0.0275590551181102,0.0454545454545454,0.03125,3.4296028880866400,7.581227436823110,2.707581227436820,0.7220216606498200,6.317689530685920,1.8050541516245500,0.5415162454873650,0.3610108303249100,0.0,1.083032490974730,0.0774193548387096,0.6232876712328770,8.612820512820510,25.64558823529410,4.151624548736460,0.1575342465753420,0.6956521739130440,0.625,0.0869565217391304,7.03971119133574,0.2671232876712330,0.4871794871794870,0.0256410256410256,2.888086642599280,0.1095890410958900,0.625,0.2,2.527075812274370,0.0958904109589041,0.2142857142857140,0.2307692307692310,1.0,9.747292418772560,0.3518518518518520,19,54,0.3518518518518520,SF
Keon Ellis,SAC,1.073345259391770,0.7155635062611810,2.949061662198390,0.0,2.146690518783540,119.46428571428600,0.7142857142857140,3.571428571428570,17.71019677996420,3.756708407871200,0.4761904761904760,9.66010733452594,0.4444444444444440,1.2522361359570700,2.146690518783540,1.4311270125223600,12.343470483005400,0.5366726296958860,0.6,0.6,0.9583333333333330,0.72,0.5462633333333330,0.6133333333333330,0.61875,0.0,13.64365971107540,1.876675603217160,3.0357142857142900,1.6071428571428600,0.081081081081081,1.4285714285714300,0.0701754385964912,0.7155635062611810,0.1788908765652950,0.0066666666666666,0.5366726296958860,0.0283018867924528,0.015625,0.0303030303030303,0.03125,1.6100178890876600,4.293381037567080,0.5366726296958860,1.073345259391770,1.7889087656529500,0.5366726296958860,0.0,0.0,0.0,0.3577817531305900,0.0384615384615384,0.8266666666666670,8.614285714285710,25.135185185185200,1.4311270125223600,0.1066666666666670,0.75,0.5,0.0,1.4311270125223600,0.1066666666666670,0.5,0.0,0.8944543828264760,0.0666666666666666,0.0,0.0,3.756708407871200,0.28,0.4761904761904760,0.4761904761904760,1.0,5.903398926654740,0.4242424242424240,14,33,0.4242424242424240,SG
Craig Porter Jr.,CLE,2.385321100917430,2.018348623853210,1.3711151736745900,0.0,2.568807339449540,113.66120218579200,1.4571948998178500,2.914389799635700,16.146788990825700,7.155963302752290,0.5897435897435900,4.954128440366970,0.4444444444444440,1.1009174311926600,4.036697247706420,4.403669724770640,4.954128440366970,1.651376146788990,0.4782608695652170,0.5238095238095240,0.75,0.4090909090909090,0.5739378787878790,0.6212121212121210,0.6197183098591550,0.7339449541284400,13.375796178343900,3.839122486288850,4.007285974499090,2.3679417122040100,0.1192660550458720,1.4571948998178500,0.0714285714285714,3.669724770642200,1.651376146788990,0.0818181818181818,1.834862385321100,0.072463768115942,0.0766129032258064,0.0833333333333333,0.0476190476190476,6.7889908256880700,16.880733944954100,3.486238532110090,3.302752293577980,2.201834862385320,0.5504587155963300,0.3669724770642200,0.0,0.0,0.7339449541284400,0.044776119402985,0.6818181818181820,5.98974358974359,25.15185185185190,3.302752293577980,0.2727272727272730,0.7777777777777780,0.5,0.0,3.302752293577980,0.2727272727272730,0.4444444444444440,0.0555555555555555,0.5504587155963300,0.0454545454545454,0.3333333333333330,1.0,1.651376146788990,0.1363636363636360,0.3333333333333330,0.3333333333333330,1.0,3.302752293577980,0.5,9,18,0.5,PG
Isaiah Joe,OKC,2.0146520146520100,1.6483516483516500,1.6483516483516500,0.0,4.761904761904760,102.56410256410300,0.1831501831501830,1.2820512820512800,26.923076923076900,3.663003663003660,0.55,15.384615384615400,0.4047619047619050,4.212454212454210,3.663003663003660,0.3663003663003660,17.582417582417600,1.098901098901100,0.9090909090909090,1.0,0.9411764705882350,0.8076923076923080,0.5436274038461540,0.5961538461538460,0.6336206896551720,0.3663003663003660,20.717781402936400,3.021978021978020,4.761904761904760,1.6483516483516500,0.0708661417322834,2.7472527472527500,0.1111111111111110,1.2820512820512800,0.3663003663003660,0.0196078431372549,0.9157509157509160,0.0314465408805031,0.0268199233716475,0.0476190476190476,0.0,2.93040293040293,6.95970695970696,1.8315018315018300,1.098901098901100,4.761904761904760,1.2820512820512800,0.0,0.3663003663003660,0.0,0.5494505494505500,0.0714285714285714,0.8846153846153850,9.725,25.384523809523800,1.465201465201470,0.0769230769230769,0.75,0.8333333333333330,0.125,0.9157509157509160,0.048076923076923,0.4,0.0,1.2820512820512800,0.0673076923076923,0.4285714285714290,1.0,4.212454212454210,0.2211538461538460,0.4347826086956520,0.4545454545454550,1.0,11.172161172161200,0.3934426229508200,24,61,0.3934426229508200,SG
Kyle Filipowski,UTA,2.97951582867784,1.303538175046560,3.339517625231910,0.0,3.910614525139670,117.00554528650600,1.2939001848428800,0.9242144177449170,18.808193668528900,9.31098696461825,0.48,6.517690875232770,0.3142857142857140,3.7243947858473,6.70391061452514,2.23463687150838,6.145251396648050,0.0,0.75,0.8181818181818180,1.0,0.4117647058823530,0.5116505882352940,0.4764705882352940,0.5153061224489800,0.74487895716946,18.037974683544300,6.771799628942490,9.79667282809612,3.696857670979670,0.2040816326530610,5.545286506469500,0.1948051948051950,3.7243947858473,1.11731843575419,0.0576923076923076,2.23463687150838,0.0805369127516778,0.0711462450592885,0.1666666666666670,0.0588235294117647,5.58659217877095,13.780260707635000,2.97951582867784,2.60707635009311,5.400372439478590,1.86219739292365,0.37243947858473,0.186219739292365,0.0,0.74487895716946,0.1170212765957450,0.6352941176470590,5.06,24.545714285714300,3.538175046554940,0.2235294117647060,0.5789473684210530,0.7272727272727270,0.1052631578947370,5.58659217877095,0.3529411764705880,0.4333333333333330,0.2,0.186219739292365,0.0117647058823529,0.0,0.0,2.60707635009311,0.1647058823529410,0.5,0.5384615384615380,1.0,3.910614525139670,0.1904761904761900,4,21,0.1904761904761900,C
Jose Alvarado,NOP,2.6717557251908400,1.5267175572519100,1.9848771266540600,0.0,4.00763358778626,117.22846441947600,0.0,2.4344569288389500,18.893129770992400,5.7251908396946600,0.4666666666666670,9.732824427480920,0.392156862745098,2.099236641221370,1.9083969465648900,3.435114503816790,5.7251908396946600,5.7251908396946600,0.3571428571428570,0.3846153846153850,0.5,0.6296296296296300,0.5161086419753090,0.5432098765432100,0.5689655172413790,0.3816793893129770,16.833333333333300,2.9300567107750500,4.681647940074910,0.9363295880149810,0.0588235294117647,3.3707865168539300,0.1097560975609760,1.1450381679389300,0.3816793893129770,0.0158730158730158,0.7633587786259540,0.032258064516129,0.024,0.0606060606060606,0.0,6.106870229007630,14.50381679389310,3.816793893129770,2.2900763358778600,2.480916030534350,1.1450381679389300,0.1908396946564890,0.0,0.0,0.1908396946564890,0.0697674418604651,0.7407407407407410,5.976666666666670,25.523529411764700,1.717557251908400,0.1111111111111110,0.6666666666666670,0.5,0.0,3.816793893129770,0.2469135802469140,0.35,0.15,0.1908396946564890,0.0123456790123456,1.0,0.0,2.2900763358778600,0.1481481481481480,0.25,0.25,1.0,7.442748091603050,0.4358974358974360,17,39,0.4358974358974360,PG
Jarred Vanderbilt,LAL,4.127579737335840,1.876172607879930,2.5210084033613400,0.1876172607879920,3.189493433395870,113.94052044609700,0.929368029739777,2.6022304832713800,12.00750469043150,6.75422138836773,0.5,2.626641651031900,0.2857142857142860,3.00187617260788,3.75234521575985,3.00187617260788,2.25140712945591,0.0,0.5555555555555560,0.625,1.0,0.28,0.622881,0.48,0.5423728813559320,0.7504690431519700,13.213703099510600,7.282913165266110,10.966542750929400,4.4609665427509300,0.2033898305084750,5.947955390334570,0.2644628099173550,3.5647279549718600,2.063789868667920,0.102803738317757,1.3133208255159500,0.0603448275862069,0.0807174887892376,0.175,0.125,3.9399624765478400,9.380863039399630,2.4390243902439000,1.50093808630394,3.5647279549718600,0.9380863039399620,0.1876172607879920,0.0,0.0,0.9380863039399620,0.0925925925925925,0.9,2.6722222222222200,23.55,5.816135084427770,0.62,0.5806451612903230,0.5555555555555560,0.1612903225806450,0.7504690431519700,0.08,0.0,0.75,0.1876172607879920,0.02,0.0,0.0,2.626641651031900,0.28,0.2857142857142860,0.2857142857142860,1.0,0.0,0.0,0,0,0.0,PF
Tari Eason,HOU,3.5984848484848500,1.7045454545454500,1.6775396085740900,0.1893939393939390,0.946969696969697,109.3577981651380,0.9174311926605500,1.651376146788990,23.863636363636400,7.954545454545450,0.4761904761904760,10.037878787878800,0.5094339622641510,0.946969696969697,2.272727272727270,5.303030303030300,14.772727272727300,0.5681818181818180,0.3,0.4,0.9629629629629630,0.5578947368421050,0.5673351063829790,0.6368421052631580,0.6428571428571430,1.893939393939390,18.425196850393700,5.312208760484620,7.522935779816510,2.568807339449540,0.1261261261261260,4.036697247706420,0.1617647058823530,3.0303030303030300,2.462121212121210,0.0855263157894736,0.3787878787878790,0.0202020202020202,0.0597609561752988,0.0952380952380952,0.1136363636363640,3.409090909090910,8.143939393939390,2.083333333333330,1.3257575757575800,1.3257575757575800,0.3787878787878790,0.1893939393939390,0.0,0.0,0.3787878787878790,0.0208333333333333,0.8315789473684210,6.011904761904760,25.260377358490600,4.924242424242420,0.2736842105263160,0.7307692307692310,0.3157894736842110,0.1153846153846150,1.7045454545454500,0.0947368421052631,0.1111111111111110,0.2222222222222220,1.3257575757575800,0.0736842105263157,0.0,0.0,4.924242424242420,0.2736842105263160,0.6153846153846150,0.6153846153846150,1.0,5.113636363636360,0.4074074074074070,11,27,0.4074074074074070,PF
LaMelo Ball,CHA,4.891304347826090,2.898550724637680,2.374429223744290,0.181159420289855,6.521739130434780,116.94290976058900,0.1841620626151010,2.0257826887661100,31.88405797101450,13.58695652173910,0.4933333333333330,13.22463768115940,0.3150684931506850,5.978260869565220,1.4492753623188400,11.956521739130400,9.23913043478261,3.260869565217390,0.1081081081081080,0.1290322580645160,0.7391304347826090,0.4932432432432430,0.5151868243243240,0.4831081081081080,0.5303030303030300,2.1739130434782600,30.47619047619050,5.0228310502283100,8.287292817679560,3.6832412523020300,0.1550387596899220,4.051565377532230,0.1964285714285710,1.8115942028985500,1.4492753623188400,0.0707964601769911,0.3623188405797100,0.014388489208633,0.0396825396825396,0.0425531914893617,0.024390243902439,13.94927536231880,34.42028985507250,7.427536231884060,6.521739130434780,7.065217391304350,2.1739130434782600,0.3623188405797100,0.181159420289855,0.181159420289855,1.2681159420289900,0.0822784810126582,0.6351351351351350,7.752,27.08082191780820,3.804347826086960,0.1418918918918920,0.7142857142857140,0.1333333333333330,0.0,8.333333333333330,0.3108108108108110,0.391304347826087,0.1521739130434780,1.4492753623188400,0.054054054054054,0.5,0.25,1.6304347826087000,0.0608108108108108,0.4444444444444440,0.4444444444444440,1.0,11.594202898550700,0.296875,19,64,0.296875,PG
Jakob Poeltl,TOR,2.23463687150838,1.303538175046560,3.3488372093023300,0.186219739292365,4.655493482309130,117.1003717472120,1.1152416356877300,1.1152416356877300,21.042830540037200,12.104283054003700,0.7230769230769230,0.0,0.0,3.538175046554940,14.8975791433892,2.60707635009311,0.0,0.0,0.851063829787234,1.0,0.0,0.0,0.6084938461538460,0.7230769230769230,0.6890243902439020,2.60707635009311,15.384615384615400,6.976744186046510,8.736059479553900,3.717472118959110,0.1639344262295080,4.275092936802970,0.1825396825396830,5.21415270018622,3.35195530726257,0.1353383458646620,1.48975791433892,0.0842105263157894,0.1140350877192980,0.1636363636363640,0.0789473684210526,3.165735567970210,6.70391061452514,2.793296089385480,0.37243947858473,6.517690875232770,2.0484171322160100,0.186219739292365,0.0,0.0,1.303538175046560,0.1466666666666670,0.6923076923076920,3.8430769230769200,0.0,8.379888268156420,0.6923076923076920,0.8222222222222220,0.8108108108108110,0.0666666666666666,3.7243947858473,0.3076923076923080,0.5,0.05,0.0,0.0,0.0,0.0,0.0,0.0,0.0,0.0,0.0,0.0,0.0,0,0,0.0,C
Jamal Shead,TOR,3.3707865168539300,2.247191011235960,2.707749766573300,0.0,4.868913857677900,112.10428305400400,0.186219739292365,2.0484171322160100,16.292134831460700,5.430711610486890,0.4482758620689660,7.116104868913860,0.4210526315789470,2.4344569288389500,1.49812734082397,3.3707865168539300,7.303370786516850,1.6853932584269700,0.3076923076923080,0.3076923076923080,0.8125,0.5671641791044780,0.5543179104477610,0.5522388059701490,0.5878378378378380,0.0,14.98371335504890,2.334267040149390,3.7243947858473,1.86219739292365,0.091743119266055,1.86219739292365,0.08130081300813,0.9363295880149810,0.5617977528089890,0.024793388429752,0.3745318352059930,0.017094017094017,0.0210084033613445,0.1276595744680850,0.0,13.108614232209700,29.775280898876400,9.55056179775281,3.5580524344569300,2.9962546816479400,1.1235955056179800,0.1872659176029960,0.1872659176029960,0.1872659176029960,0.3745318352059930,0.0972222222222222,0.8059701492537310,4.475862068965520,25.75263157894740,2.9962546816479400,0.2388059701492540,0.5625,0.2222222222222220,0.1875,2.4344569288389500,0.1940298507462690,0.3076923076923080,0.2307692307692310,0.0,0.0,0.0,0.0,1.1235955056179800,0.0895522388059701,0.3333333333333330,0.3333333333333330,0.5,5.992509363295880,0.4375,14,32,0.4375,PG
Mouhamed Gueye,ATL,2.457466918714560,1.3232514177693800,2.827521206409050,0.0,1.890359168241970,108.45864661654100,1.6917293233082700,1.1278195488721800,18.525519848771300,8.128544423440450,0.6976744186046510,7.3724007561436700,0.282051282051282,0.945179584120983,9.829867674858230,1.5122873345935700,6.238185255198490,0.0,0.8666666666666670,1.0,1.0,0.4756097560975610,0.5799896341463420,0.5670731707317070,0.5764705882352940,1.5122873345935700,16.554054054054100,6.032045240339300,7.894736842105260,2.819548872180450,0.1339285714285710,4.699248120300750,0.1677852348993290,4.158790170132330,1.890359168241970,0.1041666666666670,2.0793950850661600,0.0846153846153846,0.0929203539823008,0.0612244897959183,0.0344827586206896,3.9697542533081300,9.640831758034030,2.268431001890360,1.7013232514177700,1.890359168241970,1.3232514177693800,0.7561436672967860,0.0,0.0,0.0,0.0823529411764705,0.7926829268292680,4.467441860465120,23.77692307692310,4.914933837429110,0.3170731707317070,0.9230769230769230,0.8333333333333330,0.0,3.0245746691871500,0.1951219512195120,0.375,0.0625,0.1890359168241970,0.0121951219512195,0.0,0.0,5.482041587901700,0.3536585365853660,0.3103448275862070,0.3103448275862070,1.0,1.890359168241970,0.2,2,10,0.2,PF
Jalen Suggs,ORL,6.099815157116450,3.512014787430680,3.604436229205180,0.5545286506469500,5.175600739371530,104.99075785582300,0.7393715341959340,3.3271719038817000,25.508317929759700,6.839186691312390,0.7567567567567570,9.611829944547140,0.3461538461538460,5.175600739371530,3.696857670979670,6.654343807763400,8.317929759704250,1.6635859519408500,0.3571428571428570,0.3846153846153850,0.8333333333333330,0.5842696629213480,0.5572275280898880,0.6179775280898880,0.6601941747572820,0.7393715341959340,21.93548387096770,4.066543438077630,6.839186691312390,2.2181146025878000,0.0909090909090909,4.621072088724580,0.2272727272727270,1.2939001848428800,0.7393715341959340,0.0373831775700934,0.5545286506469500,0.0256410256410256,0.03125,0.0652173913043478,0.0652173913043478,9.611829944547140,22.36598890942700,6.469500924214420,3.142329020332720,5.730129390018480,1.8484288354898300,0.0,0.1848428835489830,0.0,0.5545286506469500,0.11,0.8314606741573030,5.697297297297300,26.15,4.066543438077630,0.247191011235955,0.8181818181818180,0.4444444444444440,0.0,2.033271719038820,0.1235955056179780,0.6363636363636360,0.0909090909090909,0.7393715341959340,0.0449438202247191,0.75,0.0,1.8484288354898300,0.1123595505617980,0.5,0.5,1.0,7.763401109057300,0.3095238095238100,13,42,0.3095238095238100,PG
Will Richard,GSW,2.022058823529410,0.9191176470588240,2.859778597785980,0.0,3.125,117.2222222222220,0.1851851851851850,2.7777777777777800,23.529411764705900,6.066176470588240,0.7878787878787880,8.272058823529410,0.4222222222222220,3.492647058823530,6.25,3.3088235294117600,9.926470588235290,0.5514705882352940,0.6538461538461540,0.8947368421052630,0.9473684210526320,0.5769230769230770,0.5640544871794870,0.6987179487179490,0.7191011235955060,2.573529411764710,15.92356687898090,2.952029520295200,2.962962962962960,1.2962962962963000,0.0636363636363636,1.6666666666666700,0.0891089108910891,2.9411764705882400,1.286764705882350,0.0619469026548672,1.6544117647058800,0.0608108108108108,0.0613026819923371,0.054054054054054,0.073170731707317,3.492647058823530,8.455882352941180,2.022058823529410,1.4705882352941200,4.595588235294120,1.838235294117650,0.1838235294117650,0.1838235294117650,0.1838235294117650,0.3676470588235290,0.1264367816091950,0.8461538461538460,4.387878787878790,24.88,3.860294117647060,0.2692307692307690,0.9047619047619050,0.631578947368421,0.0476190476190476,1.6544117647058800,0.1153846153846150,0.5555555555555560,0.2222222222222220,0.5514705882352940,0.0384615384615384,0.6666666666666670,0.5,3.676470588235290,0.2564102564102560,0.4,0.4,1.0,4.595588235294120,0.44,11,25,0.44,SG
Nicolas Batum,LAC,1.593625498007970,1.195219123505980,2.8084252758274800,0.0,0.5976095617529880,123.23232323232300,1.616161616161620,2.4242424242424200,11.752988047808800,0.99601593625498,0.4,10.358565737051800,0.3269230769230770,0.796812749003984,0.398406374501992,0.398406374501992,10.159362549800800,0.0,0.5,0.5,1.0,0.912280701754386,0.5437070175438600,0.4824561403508770,0.5,0.0,11.858407079646000,4.112337011033100,7.070707070707070,5.05050505050505,0.2016129032258060,1.616161616161620,0.074074074074074,1.195219123505980,0.99601593625498,0.048076923076923,0.199203187250996,0.0074074074074074,0.0251046025104602,0.1463414634146340,0.12,2.191235059760960,5.378486055776890,1.195219123505980,0.99601593625498,0.796812749003984,0.199203187250996,0.0,0.0,0.0,0.199203187250996,0.0172413793103448,0.9473684210526320,10.6,24.58076923076920,0.398406374501992,0.0350877192982456,0.5,0.0,0.0,0.0,0.0,0.0,0.0,0.5976095617529880,0.0526315789473684,0.3333333333333330,1.0,5.179282868525900,0.4561403508771930,0.3846153846153850,0.3846153846153850,1.0,5.179282868525900,0.2692307692307690,7,26,0.2692307692307690,PF
Dalton Knecht,LAL,1.5473887814313300,0.5802707930367500,1.8286814244465800,0.0,1.1605415860735000,116.85823754789300,1.1494252873563200,1.3409961685823800,19.148936170212800,7.350096711798840,0.631578947368421,8.897485493230180,0.3260869565217390,1.1605415860735000,5.802707930367510,3.481624758220500,8.123791102514510,0.5802707930367500,0.625,0.6818181818181820,0.9333333333333330,0.5476190476190480,0.5309119047619050,0.5535714285714290,0.5625,0.7736943907156670,16.49484536082470,2.9836381135707400,4.406130268199230,1.5325670498084300,0.0655737704918032,2.490421455938700,0.1007751937984500,1.5473887814313300,0.7736943907156670,0.0384615384615384,0.7736943907156670,0.0338983050847457,0.036036036036036,0.075,0.032258064516129,1.5473887814313300,3.8684719535783400,0.7736943907156670,0.7736943907156670,1.7408123791102500,0.9671179883945840,0.1934235976789170,0.0,0.0,0.0,0.0568181818181818,0.7023809523809520,7.515789473684210,25.73913043478260,2.514506769825920,0.1547619047619050,0.7692307692307690,0.7,0.0769230769230769,3.67504835589942,0.2261904761904760,0.5789473684210530,0.1052631578947370,1.1605415860735000,0.0714285714285714,0.5,0.6666666666666670,2.3210831721470000,0.1428571428571430,0.25,0.25,1.0,6.576402321083170,0.3529411764705880,12,34,0.3529411764705880,SF
Goga Bitadze,ORL,1.556420233463040,0.9727626459143970,2.9013539651837500,0.0,3.891050583657590,114.23076923076900,3.6538461538461500,1.5384615384615400,17.315175097276300,7.782101167315180,0.775,1.1673151750972800,0.3333333333333330,4.085603112840470,7.782101167315180,4.280155642023350,1.1673151750972800,0.0,0.6451612903225810,0.9523809523809520,1.0,0.1304347826086960,0.5956782608695650,0.7391304347826090,0.7416666666666670,3.891050583657590,11.16751269035530,7.059961315280460,9.423076923076920,3.6538461538461500,0.1496062992125980,4.423076923076920,0.1900826446280990,4.669260700389110,3.11284046692607,0.1290322580645160,1.556420233463040,0.074074074074074,0.1034482758620690,0.1136363636363640,0.1923076923076920,3.696498054474710,8.171206225680930,2.9182879377431900,0.7782101167315180,5.642023346303500,1.556420233463040,0.5836575875486380,0.0,0.0,1.7509727626459100,0.1568627450980390,0.8260869565217390,2.705,25.1,6.22568093385214,0.6956521739130440,0.8125,0.5769230769230770,0.03125,1.3618677042801600,0.1521739130434780,0.7142857142857140,0.1428571428571430,0.1945525291828790,0.0217391304347826,0.0,0.0,0.3891050583657590,0.0434782608695652,0.5,0.5,1.0,0.7782101167315180,0.25,1,4,0.25,C
Aaron Wiggins,OKC,1.7341040462427700,1.1560693641618500,1.9342359767891700,0.0,1.1560693641618500,103.3009708737860,1.3592233009708700,0.7766990291262140,25.626204238921,9.826589595375720,0.5098039215686270,11.560693641618500,0.4166666666666670,1.1560693641618500,6.165703275529870,3.8535645472061700,13.294797687861300,1.1560693641618500,0.6153846153846150,0.6666666666666670,0.92,0.5405405405405410,0.5667157657657660,0.5720720720720720,0.5782608695652170,0.7707129094412330,21.05263157894740,3.191489361702130,4.660194174757280,1.3592233009708700,0.0526315789473684,2.912621359223300,0.125,1.7341040462427700,0.5780346820809250,0.027027027027027,1.1560693641618500,0.0465116279069767,0.0375,0.0714285714285714,0.0256410256410256,3.8535645472061700,8.477842003853570,3.0828516377649300,0.7707129094412330,1.7341040462427700,0.9633911368015410,0.1926782273603080,0.0,0.0,0.0,0.0434782608695652,0.8108108108108110,3.9352941176470600,24.965,5.780346820809250,0.2702702702702700,0.6,0.5555555555555560,0.1333333333333330,3.8535645472061700,0.1801801801801800,0.4,0.0,0.1926782273603080,0.009009009009009,0.0,0.0,3.8535645472061700,0.1801801801801800,0.4,0.4,1.0,7.707129094412330,0.425,17,40,0.425,SG
Khris Middleton,WAS,3.053435114503820,2.099236641221370,3.142857142857140,0.0,3.053435114503820,126.23574144486700,0.3802281368821290,1.7110266159695800,18.893129770992400,9.923664122137410,0.5576923076923080,5.343511450381680,0.3214285714285710,2.6717557251908400,6.106870229007630,4.961832061068700,4.00763358778626,1.1450381679389300,0.5517241379310350,0.5925925925925930,0.7777777777777780,0.35,0.5111975,0.53125,0.5568181818181820,0.7633587786259540,17.36930860033730,3.7142857142857100,4.942965779467680,2.091254752851710,0.0948275862068965,2.661596958174910,0.1157024793388430,2.480916030534350,1.1450381679389300,0.0428571428571428,0.9541984732824430,0.0462962962962962,0.0443548387096774,0.0925925925925925,0.0465116279069767,4.580152671755730,11.259541984732800,2.480916030534350,2.099236641221370,3.6259541984732800,0.7633587786259540,0.0,0.3816793893129770,0.0,0.3816793893129770,0.0697674418604651,0.55,9.78653846153846,25.557142857142900,3.053435114503820,0.2,0.5625,0.6666666666666670,0.125,4.00763358778626,0.2625,0.4761904761904760,0.1428571428571430,2.862595419847330,0.1875,0.6666666666666670,0.6,1.1450381679389300,0.075,0.3333333333333330,0.3333333333333330,1.0,4.198473282442750,0.3181818181818180,7,22,0.3181818181818180,SF
Corey Kispert,WAS,1.6605166051660500,1.2915129151291500,1.5755329008341100,0.0,2.7675276752767500,118.99441340782100,0.37243947858473,0.5586592178770950,19.18819188191880,4.612546125461260,0.72,8.671586715867160,0.3829787234042550,2.5830258302583000,4.797047970479710,1.845018450184500,9.40959409594096,0.5535055350553510,0.7222222222222220,0.7647058823529410,0.9444444444444440,0.6527777777777780,0.5527430555555560,0.625,0.6582278481012660,0.3690036900369000,14.521452145214500,2.7803521779425400,4.8417132216014900,2.0484171322160100,0.0738255033557047,2.4208566108007400,0.1101694915254240,0.7380073800738010,0.5535055350553510,0.024793388429752,0.1845018450184500,0.0078125,0.0160642570281124,0.0185185185185185,0.0277777777777777,3.874538745387450,9.40959409594096,2.2140221402214000,1.6605166051660500,3.505535055350550,1.845018450184500,0.922509225092251,0.0,0.0,0.3690036900369000,0.1298701298701300,0.9305555555555560,3.732,26.28085106382980,3.690036900369000,0.2777777777777780,0.75,0.6666666666666670,0.1,0.922509225092251,0.0694444444444444,0.6,0.2,0.0,0.0,0.0,0.0,2.029520295202950,0.1527777777777780,0.4545454545454550,0.5,1.0,6.642066420664210,0.3611111111111110,13,36,0.3611111111111110,SF
Vít Krejčí,ATL,1.5841584158415800,1.188118811881190,2.75049115913556,0.0,1.5841584158415800,108.18713450292400,0.5847953216374270,0.9746588693957110,23.76237623762380,3.96039603960396,0.65,12.277227722772300,0.4677419354838710,1.386138613861390,3.96039603960396,1.188118811881190,16.03960396039600,1.188118811881190,0.7692307692307690,0.7692307692307690,0.9310344827586210,0.7560975609756100,0.543370731707317,0.6890243902439020,0.6976744186046510,0.0,16.291161178509500,2.652259332023580,4.678362573099420,1.949317738791420,0.0806451612903225,2.53411306042885,0.1140350877192980,0.594059405940594,0.0,0.0,0.594059405940594,0.0218978102189781,0.0125523012552301,0.1041666666666670,0.0,3.96039603960396,9.702970297029700,2.1782178217821800,1.7821782178217800,1.98019801980198,0.396039603960396,0.0,0.396039603960396,0.0,0.0,0.0465116279069767,0.8902439024390240,5.48,25.646774193548400,2.1782178217821800,0.1341463414634150,0.8181818181818180,0.7777777777777780,0.0909090909090909,1.5841584158415800,0.0975609756097561,0.375,0.25,0.198019801980198,0.0121951219512195,1.0,1.0,2.9702970297029700,0.1829268292682930,0.3333333333333330,0.3333333333333330,1.0,9.306930693069310,0.5106382978723400,24,47,0.5106382978723400,PG
Al Horford,GSW,2.952755905511810,1.3779527559055100,1.762977473065620,0.0,0.984251968503937,116.76413255360600,2.1442495126705700,1.949317738791420,12.401574803149600,3.7401574803149600,0.3684210526315790,9.251968503937010,0.3191489361702130,0.7874015748031500,1.968503937007870,0.7874015748031500,8.858267716535430,0.0,0.7142857142857140,0.7142857142857140,1.0,0.7121212121212120,0.527340909090909,0.4469696969696970,0.4632352941176470,0.0,14.510489510489500,4.407443682664060,6.822612085769980,3.1189083820662800,0.1441441441441440,3.313840155945420,0.1559633027522940,1.968503937007870,0.7874015748031500,0.0380952380952381,1.1811023622047200,0.0416666666666666,0.0401606425702811,0.1428571428571430,0.0476190476190476,3.7401574803149600,10.236220472440900,0.984251968503937,2.755905511811020,0.7874015748031500,0.3937007874015750,0.0,0.0,0.0,0.0,0.0294117647058823,0.7727272727272730,7.331578947368420,25.20212765957450,0.7874015748031500,0.0606060606060606,0.5,1.0,0.25,2.559055118110240,0.1969696969696970,0.3846153846153850,0.1538461538461540,0.3937007874015750,0.0303030303030303,0.0,0.0,3.1496062992126000,0.2424242424242420,0.5625,0.5625,1.0,6.102362204724410,0.1935483870967740,6,31,0.1935483870967740,C
Bam Adebayo,MIA,3.0131826741996200,1.8832391713747600,1.2218045112782000,0.0,6.5913370998116800,108.06754221388400,0.3752345215759850,1.50093808630394,29.94350282485880,14.500941619585700,0.5194805194805190,8.851224105461390,0.3404255319148940,5.83804143126177,10.922787193973600,4.143126177024480,9.03954802259887,0.0,0.725,0.7435897435897440,1.0,0.3790322580645160,0.5394282258064520,0.5161290322580650,0.5602836879432620,0.3766478342749530,26.678141135972500,6.109022556390980,10.694183864915600,5.25328330206379,0.2545454545454550,4.878048780487810,0.1843971631205670,1.5065913370998100,0.5649717514124290,0.0265486725663716,0.9416195856873820,0.0458715596330275,0.036036036036036,0.1785714285714290,0.0689655172413793,4.331450094161960,10.169491525423700,2.824858757062150,1.5065913370998100,6.779661016949150,3.2015065913371,0.3766478342749530,0.0,0.0,0.3766478342749530,0.1223021582733810,0.5725806451612900,7.697402597402600,24.861702127659600,4.519774011299440,0.1935483870967740,0.75,0.8888888888888890,0.125,7.909604519774010,0.3387096774193550,0.4047619047619050,0.0476190476190476,2.071563088512240,0.0887096774193548,0.4545454545454550,0.6,4.331450094161960,0.1854838709677420,0.3478260869565220,0.3478260869565220,1.0,4.519774011299440,0.3333333333333330,8,24,0.3333333333333330,C
Steven Adams,HOU,2.4539877300613500,1.0224948875255600,2.466598150051390,0.0,4.08997955010225,108.88429752066100,1.6528925619834700,1.6528925619834700,13.701431492842500,10.020449897750500,0.5102040816326530,0.0,0.0,3.476482617586910,4.08997955010225,6.134969325153370,0.0,0.0,0.4,1.0,0.0,0.0,0.5968326530612250,0.5102040816326530,0.5583333333333330,6.134969325153370,12.12121212121210,10.585817060637200,9.710743801652890,4.338842975206610,0.1891891891891890,5.371900826446280,0.2,11.4519427402863,8.384458077709610,0.2733333333333330,3.067484662576690,0.1851851851851850,0.2424242424242420,0.1666666666666670,0.3617021276595750,3.2719836400818,6.952965235173820,2.8629856850715700,0.4089979550102250,4.703476482617590,1.8404907975460100,0.2044989775051120,0.0,0.0,0.6134969325153370,0.1578947368421050,0.8571428571428570,1.6224489795918400,0.0,8.588957055214720,0.8571428571428570,0.5476190476190480,0.391304347826087,0.0,1.4314928425357900,0.1428571428571430,0.2857142857142860,0.2857142857142860,0.0,0.0,0.0,0.0,0.0,0.0,0.0,0.0,0.0,0.0,0.0,0,0,0.0,C
Oso Ighodaro,PHX,3.97489539748954,1.4644351464435100,3.810504634397530,0.4184100418410040,3.97489539748954,109.33062880324500,2.028397565922920,1.2170385395537500,15.271966527196700,11.92468619246860,0.5614035087719300,0.0,0.0,1.8828451882845200,10.878661087866100,2.510460251046030,0.0,0.0,0.8125,0.8666666666666670,0.0,0.0,0.543342105263158,0.5614035087719300,0.5793650793650790,0.8368200836820080,14.882032667876600,5.0463439752832100,8.113590263691680,4.462474645030430,0.1692307692307690,3.6511156186612600,0.1636363636363640,1.8828451882845200,1.0460251046025100,0.048076923076923,0.8368200836820080,0.0333333333333333,0.0401785714285714,0.119047619047619,0.1304347826086960,3.7656903765690400,8.99581589958159,2.301255230125520,1.4644351464435100,3.3472803347280300,1.6736401673640200,0.8368200836820080,0.0,0.0,0.4184100418410040,0.1311475409836070,0.4736842105263160,5.114035087719300,0.0,5.648535564853560,0.4736842105263160,0.8518518518518520,0.782608695652174,0.074074074074074,6.276150627615060,0.5263157894736840,0.3,0.1666666666666670,0.0,0.0,0.0,0.0,0.0,0.0,0.0,0.0,0.0,0.0,0.0,0,0,0.0,PF
Gradey Dick,TOR,0.9881422924901180,0.1976284584980240,1.1904761904761900,0.0,3.7549407114624500,104.38247011952200,0.0,1.3944223107569700,21.34387351778660,6.324110671936760,0.53125,9.288537549407120,0.3617021276595750,4.545454545454550,5.533596837944660,1.1857707509881400,10.079051383399200,0.0,0.8235294117647060,0.8235294117647060,1.0,0.5949367088607590,0.5620632911392410,0.5379746835443040,0.5815217391304350,0.0,17.017543859649100,3.0753968253968300,4.9800796812749,2.589641434262950,0.1444444444444440,2.3904382470119500,0.0845070422535211,1.1857707509881400,0.5928853754940710,0.0265486725663716,0.5928853754940710,0.0285714285714285,0.0275229357798165,0.1176470588235290,0.0465116279069767,1.7786561264822100,4.3478260869565200,0.9881422924901180,0.7905138339920950,5.533596837944660,2.1739130434782600,0.1976284584980240,0.0,0.0,0.5928853754940710,0.1235955056179780,0.8227848101265820,6.15625,24.85531914893620,3.5573122529644300,0.2278481012658230,0.6111111111111110,0.7272727272727270,0.2222222222222220,1.976284584980240,0.1265822784810130,0.4,0.2,0.7905138339920950,0.050632911392405,0.5,1.0,3.7549407114624500,0.240506329113924,0.5263157894736840,0.5263157894736840,1.0,5.533596837944660,0.25,7,28,0.25,SG
Jordan Clarkson,NYK,2.484472049689440,1.4492753623188400,2.789256198347110,0.0,2.898550724637680,117.319587628866,0.4123711340206190,1.0309278350515500,28.571428571428600,10.973084886128400,0.5849056603773590,10.766045548654200,0.3653846153846150,3.9337474120082800,7.0393374741200800,5.797101449275360,10.559006211180100,1.2422360248447200,0.5483870967741940,0.5862068965517240,0.8947368421052630,0.4952380952380950,0.5622566666666670,0.5666666666666670,0.6052631578947370,0.8281573498964800,22.380106571936100,2.479338842975210,2.6804123711340200,0.4123711340206190,0.0206185567010309,2.268041237113400,0.0932203389830508,2.277432712215320,1.2422360248447200,0.0545454545454545,1.0351966873706000,0.037593984962406,0.0452674897119341,0.0357142857142857,0.0377358490566037,4.554865424430640,11.594202898550700,2.070393374741200,2.484472049689440,4.554865424430640,1.4492753623188400,0.2070393374741200,0.6211180124223600,0.0,0.0,0.087719298245614,0.7619047619047620,5.173584905660380,25.034615384615400,5.797101449275360,0.2666666666666670,0.6785714285714290,0.5789473684210530,0.0,4.554865424430640,0.2095238095238100,0.5,0.0454545454545454,0.6211180124223600,0.0285714285714285,0.3333333333333330,1.0,3.519668737060040,0.1619047619047620,0.2352941176470590,0.2352941176470590,1.0,7.246376811594200,0.4285714285714290,15,35,0.4285714285714290,SG
Kristaps Porziņģis,ATL,2.053388090349080,1.026694045174540,2.7663934426229500,0.2053388090349080,8.829568788501030,117.58691206544000,2.8629856850715700,1.0224948875255600,32.03285420944560,14.168377823408600,0.5072463768115940,9.240246406570840,0.3111111111111110,9.034907597535930,8.213552361396300,6.160164271047230,8.624229979466120,0.0,0.5714285714285710,0.6666666666666670,1.0,0.3947368421052630,0.528055701754386,0.4912280701754390,0.5693430656934310,2.053388090349080,26.344086021505400,5.225409836065570,6.952965235173820,3.2719836400818,0.1379310344827590,3.476482617586910,0.1491228070175440,3.490759753593430,2.053388090349080,0.0769230769230769,1.4373716632443500,0.0686274509803921,0.0732758620689655,0.15,0.1509433962264150,6.776180698151950,14.989733059548300,5.338809034907600,1.4373716632443500,10.472279260780300,4.312114989733060,0.8213552361396300,0.0,0.0,1.2320328542094500,0.1603053435114500,0.6140350877192980,8.62463768115942,26.306666666666700,5.13347022587269,0.219298245614035,0.52,0.5384615384615380,0.08,4.722792607802880,0.2017543859649120,0.5217391304347830,0.0434782608695652,4.312114989733060,0.1842105263157890,0.4761904761904760,0.5,1.026694045174540,0.043859649122807,0.6,0.6,1.0,8.213552361396300,0.275,11,40,0.275,C
Sandro Mamukelashvili,TOR,2.395209580838320,1.1976047904191600,2.293120638085740,0.0,2.9940119760479000,104.18326693227100,1.195219123505980,1.195219123505980,24.35129740518960,8.982035928143710,0.6666666666666670,6.187624750499000,0.4516129032258060,3.992015968063870,8.383233532934130,3.592814371257490,8.383233532934130,0.0,0.7,0.75,1.0,0.4078947368421050,0.6047072368421050,0.6710526315789470,0.7011494252873560,0.7984031936127750,17.584369449378300,4.685942173479560,6.772908366533870,1.792828685258960,0.09375,4.382470119521910,0.1654135338345860,2.594810379241520,0.5988023952095810,0.0265486725663716,1.996007984031940,0.0909090909090909,0.0582959641255605,0.075,0.025,4.790419161676650,12.375249500998000,1.996007984031940,2.7944111776447100,4.990019960079840,2.594810379241520,0.5988023952095810,0.0,0.0,0.1996007984031940,0.1511627906976740,0.8421052631578950,2.7777777777777800,25.80322580645160,6.586826347305390,0.4342105263157900,0.7575757575757580,0.76,0.0606060606060606,2.395209580838320,0.1578947368421050,0.4166666666666670,0.0833333333333333,0.0,0.0,0.0,0.0,0.998003992015968,0.0657894736842105,0.4,0.4,1.0,5.189620758483030,0.4615384615384620,12,26,0.4615384615384620,C
Dru Smith,MIA,2.348336594911940,1.9569471624266100,2.4390243902439000,0.0,2.544031311154600,108.36575875486400,0.3891050583657590,4.085603112840470,17.22113502935420,7.045009784735810,0.5555555555555560,6.066536203522510,0.3870967741935480,2.348336594911940,3.9138943248532300,3.9138943248532300,6.457925636007830,0.5870841487279840,0.5,0.5882352941176470,0.9166666666666670,0.4626865671641790,0.5423194029850750,0.5671641791044780,0.5958904109589040,1.1741682974559700,14.604810996563600,2.731707317073170,3.11284046692607,1.3618677042801600,0.0551181102362204,1.556420233463040,0.0512820512820512,2.348336594911940,1.1741682974559700,0.058252427184466,0.9784735812133070,0.0434782608695652,0.0504587155963302,0.037037037037037,0.0263157894736842,9.001956947162430,21.91780821917810,5.088062622309200,3.9138943248532300,2.73972602739726,1.36986301369863,0.1956947162426610,0.0,0.0,0.0,0.0958904109589041,0.7164179104477610,4.819444444444450,24.72903225806450,3.3268101761252400,0.2537313432835820,0.8235294117647060,0.4285714285714290,0.0588235294117647,3.522504892367910,0.2686567164179100,0.2777777777777780,0.3333333333333330,0.1956947162426610,0.0149253731343283,1.0,1.0,2.348336594911940,0.1791044776119400,0.3333333333333330,0.3333333333333330,1.0,3.718199608610570,0.4210526315789470,8,19,0.4210526315789470,SG
Quinten Post,GSW,1.991150442477880,1.106194690265490,1.8722466960352400,0.0,1.5486725663716800,107.4561403508770,1.973684210526320,1.3157894736842100,18.805309734513300,4.424778761061950,0.65,11.50442477876110,0.3461538461538460,1.106194690265490,3.0973451327433600,2.6548672566371700,11.946902654867300,0.0,0.5384615384615380,0.7,1.0,0.7222222222222220,0.5492284722222220,0.5555555555555560,0.5666666666666670,1.327433628318580,16.40625,6.607929515418500,10.087719298245600,4.824561403508770,0.1946902654867260,4.824561403508770,0.1864406779661020,3.0973451327433600,0.4424778761061950,0.0266666666666666,2.433628318584070,0.0887096774193548,0.0653266331658291,0.1818181818181820,0.0476190476190476,3.0973451327433600,7.079646017699120,2.2123893805309700,0.8849557522123890,1.5486725663716800,0.6637168141592920,0.2212389380530970,0.0,0.0,0.2212389380530970,0.0405405405405405,0.8333333333333330,6.595000000000000,25.534615384615400,1.7699115044247800,0.1111111111111110,0.75,0.5,0.0,1.991150442477880,0.125,0.6666666666666670,0.1111111111111110,0.6637168141592920,0.0416666666666666,0.3333333333333330,0.0,2.6548672566371700,0.1666666666666670,0.4166666666666670,0.4166666666666670,1.0,8.849557522123890,0.325,13,40,0.325,PF
Cam Thomas,BKN,3.4408602150537600,2.795698924731180,1.6198704103671700,0.2150537634408600,9.67741935483871,127.76572668112800,0.2169197396963120,0.8676789587852500,36.55913978494620,18.70967741935480,0.425287356321839,9.46236559139785,0.3636363636363640,10.32258064516130,6.881720430107530,9.03225806451613,5.806451612903230,4.516129032258070,0.4324324324324320,0.4444444444444440,0.5625,0.3358778625954200,0.4903015267175570,0.465648854961832,0.5487012987012990,0.4301075268817200,31.83520599250940,1.187904967602590,1.735357917570500,0.0,0.0,1.735357917570500,0.086021505376344,0.6451612903225810,0.4301075268817200,0.0175438596491228,0.2150537634408600,0.0087719298245614,0.0131578947368421,0.0,0.0294117647058823,4.516129032258070,10.96774193548390,2.5806451612903200,1.935483870967740,11.827956989247300,3.870967741935480,1.075268817204300,0.4301075268817200,0.0,1.7204301075268800,0.136986301369863,0.4732824427480920,10.227586206896600,25.547727272727300,3.870967741935480,0.1374045801526720,0.3888888888888890,0.4285714285714290,0.2222222222222220,9.67741935483871,0.3435114503816790,0.5555555555555560,0.0,5.161290322580650,0.183206106870229,0.2083333333333330,0.6,0.8602150537634410,0.0305343511450381,0.5,0.5,0.5,8.602150537634410,0.35,14,40,0.35,SG
Keaton Wallace,ATL,2.6373626373626400,1.978021978021980,2.1715526601520100,0.0,1.7582417582417600,110.08583690987100,0.4291845493562230,2.575107296137340,14.945054945054900,5.054945054945060,0.4347826086956520,7.6923076923076900,0.4285714285714290,0.6593406593406590,0.8791208791208790,3.5164835164835200,7.912087912087910,1.978021978021980,0.2,0.2,0.8,0.603448275862069,0.5010758620689660,0.5603448275862070,0.5573770491803280,0.0,14.341846758349700,2.7144408251900100,5.150214592274680,1.7167381974248900,0.0842105263157894,3.218884120171670,0.1260504201680670,0.2197802197802200,0.0,0.0,0.2197802197802200,0.008130081300813,0.0045662100456621,0.1333333333333330,0.0,9.010989010989010,22.417582417582400,4.615384615384620,4.395604395604400,1.3186813186813200,0.6593406593406590,0.0,0.0,0.0,0.0,0.0491803278688524,0.6551724137931030,9.643478260869570,25.97714285714290,0.6593406593406590,0.0517241379310344,0.6666666666666670,0.0,0.3333333333333330,3.736263736263740,0.293103448275862,0.4117647058823530,0.1176470588235290,0.6593406593406590,0.0517241379310344,0.3333333333333330,1.0,1.098901098901100,0.0862068965517241,0.6,0.6,1.0,6.593406593406590,0.4,12,30,0.4,PG
Cam Whitmore,WAS,2.73109243697479,2.100840336134450,1.7763845350052200,0.0,2.73109243697479,122.86902286902300,0.4158004158004160,2.286902286902290,24.369747899159700,13.655462184873900,0.5230769230769230,7.142857142857140,0.3235294117647060,3.1512605042016800,7.983193277310920,6.302521008403360,3.7815126050420200,3.1512605042016800,0.5588235294117650,0.6129032258064520,0.5454545454545450,0.3434343434343430,0.5587005050505050,0.51010101010101,0.5420560747663550,1.2605042016806700,22.5140712945591,3.134796238244510,4.573804573804570,1.4553014553014600,0.0573770491803278,2.9106029106029100,0.1372549019607840,1.680672268907560,1.050420168067230,0.0413223140495867,0.4201680672268910,0.0196078431372549,0.0313901345291479,0.0476190476190476,0.088235294117647,1.680672268907560,4.201680672268910,0.8403361344537820,0.8403361344537820,4.201680672268910,1.8907563025210100,0.8403361344537820,0.0,0.0,0.6302521008403360,0.0865384615384615,0.7474747474747480,5.349230769230770,26.538235294117600,8.403361344537820,0.404040404040404,0.675,0.5925925925925930,0.125,3.571428571428570,0.1717171717171720,0.3529411764705880,0.2941176470588240,1.680672268907560,0.0808080808080808,0.125,1.0,0.6302521008403360,0.0303030303030303,0.0,0.0,0.0,6.512605042016810,0.3548387096774190,11,31,0.3548387096774190,SF
Collin Murray-Boyles,TOR,2.690582959641260,0.8968609865470850,3.0,0.0,2.4663677130044800,113.87665198237900,1.1013215859030800,1.7621145374449300,20.85201793721970,11.210762331838600,0.5,4.035874439461880,0.5,3.587443946188340,8.52017937219731,2.690582959641260,6.053811659192830,0.0,0.76,0.8636363636363640,1.0,0.2647058823529410,0.5993330882352940,0.5661764705882350,0.5961538461538460,1.345291479820630,17.964071856287400,4.222222222222220,4.185022026431720,1.7621145374449300,0.0888888888888888,2.202643171806170,0.0892857142857142,4.260089686098660,2.242152466367710,0.0925925925925925,1.7937219730941700,0.0747663551401869,0.0837209302325581,0.1470588235294120,0.0638297872340425,2.914798206278030,7.3991031390134500,1.345291479820630,1.5695067264574000,4.708520179372200,2.0179372197309400,0.2242152466367710,0.0,0.0,0.4484304932735430,0.1184210526315790,0.8088235294117650,4.096,25.022222222222200,8.295964125560540,0.5441176470588240,0.6216216216216220,0.782608695652174,0.054054054054054,1.7937219730941700,0.1176470588235290,0.25,0.0,1.1210762331838600,0.0735294117647058,0.0,0.0,0.672645739910314,0.0441176470588235,0.3333333333333330,0.3333333333333330,1.0,3.363228699551570,0.5333333333333330,8,15,0.5333333333333330,PF
Daniss Jenkins,DET,3.4557235421166300,1.7278617710583200,1.7241379310344800,0.0,3.887688984881210,106.88172043010800,0.0,3.225806451612900,25.48596112311020,14.2548596112311,0.5151515151515150,6.263498920086390,0.4482758620689660,2.375809935205180,3.887688984881210,10.799136069114500,8.423326133909290,0.0,0.2647058823529410,0.28125,1.0,0.3052631578947370,0.5015234042553190,0.5631578947368420,0.5728155339805830,0.8639308855291580,21.755027422303500,2.2629310344827600,2.795698924731180,1.075268817204300,0.0485436893203883,1.5053763440860200,0.0686274509803921,1.7278617710583200,1.079913606911450,0.0416666666666666,0.6479481641468680,0.0329670329670329,0.0379146919431279,0.0303030303030303,0.0,9.503239740820740,22.03023758099350,6.479481641468680,3.023758099352050,3.4557235421166300,0.8639308855291580,0.0,0.0,0.0,0.8639308855291580,0.0404040404040404,0.5789473684210530,7.196969696969700,27.04137931034480,5.615550755939530,0.2736842105263160,0.7307692307692310,0.3157894736842110,0.0769230769230769,6.479481641468680,0.3157894736842110,0.4,0.1666666666666670,2.159827213822890,0.1052631578947370,0.3,0.3333333333333330,1.079913606911450,0.0526315789473684,0.6,0.6,1.0,5.183585313174950,0.4166666666666670,10,24,0.4166666666666670,PG
Trendon Watford,PHI,3.125,1.5625,3.125,0.2232142857142860,5.133928571428570,112.72321428571400,0.4464285714285710,0.8928571428571430,19.866071428571400,11.830357142857100,0.5660377358490570,2.6785714285714300,0.4166666666666670,3.125,7.142857142857140,6.25,3.3482142857142900,0.0,0.5333333333333330,0.5925925925925930,1.0,0.1846153846153850,0.5452276923076920,0.5769230769230770,0.6180555555555560,1.3392857142857100,16.475095785440600,5.245535714285710,7.589285714285710,2.232142857142860,0.1052631578947370,4.910714285714290,0.176,2.9017857142857100,1.1160714285714300,0.0427350427350427,1.5625,0.0795454545454545,0.0585365853658536,0.1,0.0588235294117647,8.258928571428570,20.089285714285700,4.6875,3.571428571428570,4.241071428571430,2.232142857142860,1.1160714285714300,0.0,0.0,0.4464285714285710,0.1428571428571430,0.676923076923077,4.607547169811320,25.166666666666700,7.142857142857140,0.4923076923076920,0.5625,0.6111111111111110,0.09375,4.017857142857140,0.2769230769230770,0.6111111111111110,0.2222222222222220,0.6696428571428570,0.0461538461538461,0.3333333333333330,0.0,0.8928571428571430,0.0615384615384615,0.25,0.25,1.0,1.7857142857142900,0.5,4,8,0.5,PF
Brook Lopez,LAC,3.080568720379150,1.4218009478673000,2.8135990621336500,0.0,4.028436018957350,117.86542923433900,2.5522041763341100,1.160092807424590,22.03791469194310,5.687203791469190,0.5833333333333330,12.796208530805700,0.3518518518518520,1.895734597156400,4.265402843601900,2.3696682464455000,13.507109004739300,0.0,0.6428571428571430,0.6428571428571430,1.0,0.6923076923076920,0.5004442307692310,0.5448717948717950,0.5602409638554220,0.0,20.38216560509550,3.634232121922630,6.264501160092810,3.94431554524362,0.1808510638297870,2.0881670533642700,0.0762711864406779,0.9478672985781990,0.4739336492891000,0.027027027027027,0.4739336492891000,0.018018018018018,0.0216216216216216,0.1470588235294120,0.0,1.895734597156400,5.687203791469190,0.0,1.895734597156400,2.6066350710900500,0.9478672985781990,0.2369668246445500,0.0,0.0,0.4739336492891000,0.0493827160493827,0.7692307692307690,8.233333333333330,27.135185185185200,1.4218009478673000,0.0769230769230769,0.6666666666666670,0.75,0.0,3.791469194312800,0.2051282051282050,0.625,0.0625,0.4739336492891000,0.0256410256410256,0.0,0.0,1.1848341232227500,0.0641025641025641,0.0,0.0,0.0,11.611374407582900,0.3877551020408160,19,49,0.3877551020408160,C
Jordan Poole,NOP,3.3707865168539300,2.02247191011236,2.027027027027030,0.0,8.764044943820220,128.6681715575620,0.4514672686230250,0.4514672686230250,27.191011235955100,8.98876404494382,0.375,13.258426966292100,0.3389830508474580,6.966292134831460,2.696629213483150,4.044943820224720,7.415730337078650,6.067415730337080,0.4,0.4285714285714290,0.55,0.5959595959595960,0.539510101010101,0.4545454545454550,0.5225225225225230,0.449438202247191,24.13793103448280,1.351351351351350,2.031602708803610,0.4514672686230250,0.0333333333333333,1.3544018058690700,0.0526315789473684,0.6741573033707870,0.6741573033707870,0.0227272727272727,0.0,0.0,0.0127118644067796,0.032258064516129,0.0158730158730158,5.393258426966290,12.359550561797800,3.820224719101120,1.5730337078651700,7.191011235955060,1.797752808988760,0.2247191011235960,0.2247191011235960,0.0,0.898876404494382,0.0841121495327102,0.8484848484848490,5.135,26.68983050847460,5.617977528089890,0.2525252525252530,0.4,0.5,0.24,2.9213483146067400,0.1313131313131310,0.3846153846153850,0.2307692307692310,0.449438202247191,0.0202020202020202,0.0,0.0,1.1235955056179800,0.0505050505050505,0.6,0.6,1.0,12.134831460674200,0.3148148148148150,17,54,0.3148148148148150,PG
Bogdan Bogdanović,LAC,2.9484029484029500,2.211302211302210,2.573529411764710,0.0,3.6855036855036900,108.55745721271400,0.2444987775061120,1.7114914425427900,18.91891891891890,6.142506142506140,0.48,10.073710073710100,0.3414634146341460,2.702702702702700,0.4914004914004910,5.405405405405410,6.6339066339066300,3.6855036855036900,0.0833333333333333,0.0833333333333333,0.6428571428571430,0.6212121212121210,0.5124462121212120,0.5,0.5347222222222220,0.0,18.625277161862500,3.676470588235290,6.845965770171150,1.7114914425427900,0.0686274509803921,4.88997555012225,0.1724137931034480,0.4914004914004910,0.0,0.0,0.4914004914004910,0.0198019801980198,0.0114285714285714,0.088235294117647,0.0,6.6339066339066300,17.1990171990172,2.702702702702700,3.9312039312039300,3.194103194103190,1.4742014742014700,0.2457002457002460,0.0,0.0,0.2457002457002460,0.0845070422535211,0.7727272727272730,8.412,26.41219512195120,2.457002457002460,0.1515151515151520,0.6,0.0,0.1,2.702702702702700,0.1666666666666670,0.4545454545454550,0.0,0.9828009828009830,0.0606060606060606,0.25,0.0,0.4914004914004910,0.0303030303030303,1.0,1.0,1.0,9.582309582309580,0.3076923076923080,12,39,0.3076923076923080,SG
Jalen Smith,CHI,2.927927927927930,1.351351351351350,3.013392857142860,0.0,4.72972972972973,115.04424778761100,0.8849557522123890,0.8849557522123890,29.954954954955000,10.135135135135100,0.6,12.387387387387400,0.4,2.927927927927930,8.558558558558560,3.603603603603600,14.864864864864900,0.0,0.7037037037037040,0.9047619047619050,1.0,0.55,0.571782,0.6,0.6214953271028040,2.702702702702700,23.21083172147000,9.151785714285710,12.389380530973500,5.3097345132743400,0.2242990654205610,5.9734513274336300,0.2903225806451610,5.855855855855860,3.828828828828830,0.1517857142857140,2.027027027027030,0.0947368421052631,0.1256038647343000,0.2291666666666670,0.1428571428571430,4.054054054054050,10.135135135135100,2.027027027027030,2.027027027027030,4.27927927927928,2.477477477477480,1.1261261261261300,0.0,0.0,0.2252252252252250,0.1037735849056600,0.92,3.344444444444450,25.50181818181820,8.333333333333330,0.37,0.6486486486486490,0.6666666666666670,0.1081081081081080,1.1261261261261300,0.05,0.4,0.0,0.6756756756756760,0.03,0.3333333333333330,1.0,2.2522522522522500,0.1,0.4,0.4,1.0,10.135135135135100,0.4,18,45,0.4,C
Daniel Gafford,DAL,2.331002331002330,1.3986013986014000,2.9342723004694800,0.0,6.0606060606060600,113.71158392435000,3.5460992907801400,1.8912529550827400,22.377622377622400,13.053613053613100,0.6607142857142860,0.0,0.0,5.128205128205130,10.722610722610700,6.526806526806530,0.0,0.0,0.6216216216216220,0.8518518518518520,0.0,0.0,0.5896821428571430,0.6607142857142860,0.7164179104477610,4.662004662004660,15.811088295687900,6.220657276995310,7.801418439716310,2.600472813238770,0.0982142857142857,4.728132387706860,0.2,4.662004662004660,3.962703962703960,0.1789473684210530,0.6993006993006990,0.029126213592233,0.101010101010101,0.0975609756097561,0.2413793103448280,2.331002331002330,4.895104895104900,2.097902097902100,0.2331002331002330,6.293706293706290,3.4965034965035000,1.1655011655011700,0.0,0.0,0.2331002331002330,0.2272727272727270,0.75,3.005357142857140,0.0,9.79020979020979,0.75,0.7380952380952380,0.5806451612903230,0.119047619047619,3.0303030303030300,0.2321428571428570,0.3846153846153850,0.1538461538461540,0.2331002331002330,0.0178571428571428,1.0,1.0,0.0,0.0,0.0,0.0,0.0,0.0,0.0,0,0,0.0,C
Day'Ron Sharpe,BKN,5.966587112171840,2.6252983293556100,3.823178016726400,0.2386634844868740,5.966587112171840,119.61722488038300,1.4354066985645900,3.110047846889950,22.19570405727920,10.26252983293560,0.7441860465116280,2.863961813842480,0.25,4.77326968973747,8.1145584725537,7.159904534606210,2.1479713603818600,0.0,0.53125,0.7083333333333330,1.0,0.2181818181818180,0.5586954545454550,0.6636363636363640,0.6838235294117650,3.818615751789980,18.940936863543800,8.363201911589010,9.330143540669860,4.30622009569378,0.2117647058823530,4.066985645933020,0.2073170731707320,7.398568019093080,3.102625298329360,0.1645569620253160,3.818615751789980,0.1290322580645160,0.1428571428571430,0.2222222222222220,0.125,5.966587112171840,15.035799522673000,2.863961813842480,3.102625298329360,7.159904534606210,3.102625298329360,0.954653937947494,0.0,0.0,0.954653937947494,0.203125,0.7272727272727270,3.0348837209302300,25.191666666666700,6.682577565632460,0.509090909090909,0.9285714285714290,0.5,0.0357142857142857,3.579952267303100,0.2727272727272730,0.4,0.0666666666666666,0.0,0.0,0.0,0.0,0.2386634844868740,0.0181818181818181,0.0,0.0,0.0,2.6252983293556100,0.2727272727272730,3,11,0.2727272727272730,C
Jordan Goodwin,PHX,3.0878859857482200,2.375296912114010,2.347417840375590,0.2375296912114010,1.4251781472684100,108.584686774942,0.4640371229698380,3.712296983758700,19.71496437054630,8.31353919239905,0.4571428571428570,9.026128266033250,0.3947368421052630,1.4251781472684100,3.32541567695962,4.275534441805230,9.263657957244660,1.4251781472684100,0.4375,0.6363636363636360,0.8666666666666670,0.5205479452054790,0.5339876712328770,0.5273972602739730,0.5460526315789470,2.375296912114010,17.693836978131200,5.28169014084507,6.0324825986078900,2.5522041763341100,0.1325301204819280,3.480278422273780,0.1415094339622640,4.513064133016630,2.137767220902610,0.09375,2.137767220902610,0.087378640776699,0.0904522613065326,0.1875,0.1153846153846150,5.463182897862230,13.30166270783850,3.0878859857482200,2.375296912114010,1.9002375296912100,0.4750593824228030,0.2375296912114010,0.2375296912114010,0.0,0.2375296912114010,0.04,0.726027397260274,7.991428571428570,25.294736842105300,3.5629453681710200,0.2054794520547950,0.7333333333333330,0.3636363636363640,0.0666666666666666,3.32541567695962,0.1917808219178080,0.2142857142857140,0.0714285714285714,1.4251781472684100,0.0821917808219178,0.3333333333333330,1.0,3.5629453681710200,0.2054794520547950,0.4666666666666670,0.4666666666666670,1.0,5.463182897862230,0.3478260869565220,8,23,0.3478260869565220,PG
Luka Garza,BOS,1.4492753623188400,0.2415458937198070,5.269461077844310,0.0,5.555555555555560,120.42755344418100,1.4251781472684100,1.187648456057010,24.15458937198070,9.903381642512080,0.6829268292682930,5.072463768115940,0.3809523809523810,4.830917874396140,7.729468599033820,5.797101449275360,5.797101449275360,0.0,0.5714285714285710,0.8888888888888890,1.0,0.3387096774193550,0.5474362903225810,0.6451612903225810,0.684931506849315,4.830917874396140,16.155419222903900,7.065868263473050,5.938242280285040,3.800475059382420,0.1758241758241760,2.137767220902610,0.088235294117647,8.21256038647343,3.6231884057971000,0.1630434782608700,4.5893719806763300,0.1347517730496450,0.1459227467811160,0.2413793103448280,0.1904761904761900,2.657004830917870,6.763285024154590,1.207729468599030,1.4492753623188400,6.280193236714980,2.657004830917870,0.966183574879227,0.0,0.0,0.966183574879227,0.1594202898550720,0.7419354838709680,4.487804878048780,25.63809523809520,6.038647342995170,0.4032258064516130,0.68,0.4117647058823530,0.16,3.6231884057971000,0.2419354838709680,0.6666666666666670,0.2,0.2415458937198070,0.0161290322580645,1.0,1.0,1.207729468599030,0.0806451612903225,0.4,0.4,1.0,3.864734299516910,0.375,6,16,0.375,C
Drew Eubanks,SAC,3.0232558139534900,1.627906976744190,2.2041763341067300,0.0,5.348837209302330,114.58333333333300,3.240740740740740,1.6203703703703700,20.69767441860470,12.790697674418600,0.6727272727272730,0.2325581395348840,0.0,3.488372093023260,15.813953488372100,1.3953488372093000,0.0,0.0,0.918918918918919,0.9714285714285710,0.0,0.0178571428571428,0.5198071428571430,0.6607142857142860,0.6357142857142860,0.9302325581395350,17.364016736401700,4.524361948955920,6.944444444444450,2.7777777777777800,0.1263157894736840,3.240740740740740,0.1320754716981130,2.0930232558139500,0.9302325581395350,0.0373831775700934,1.162790697674420,0.0694444444444444,0.0502793296089385,0.1739130434782610,0.0,0.9302325581395350,2.3255813953488400,0.4651162790697670,0.4651162790697670,7.209302325581400,2.7906976744186000,0.6976744186046510,0.0,0.0,1.162790697674420,0.1846153846153850,0.4642857142857140,5.265454545454550,24.3,5.813953488372090,0.4464285714285710,0.8,0.9,0.04,6.27906976744186,0.4821428571428570,0.5925925925925930,0.0,0.6976744186046510,0.0535714285714285,0.3333333333333330,1.0,0.2325581395348840,0.0178571428571428,0.0,0.0,0.0,0.0,0.0,0,0,0.0,C
De'Aaron Fox,SAS,5.152224824355970,3.747072599531620,1.8561484918793500,0.0,4.4496487119437900,112.41379310344800,0.4597701149425290,1.6091954022988500,31.85011709601870,14.988290398126500,0.59375,9.36768149882904,0.375,3.51288056206089,6.088992974238880,11.7096018735363,5.620608899297420,4.918032786885250,0.3421052631578950,0.3714285714285710,0.5333333333333330,0.3846153846153850,0.5356798076923080,0.5817307692307690,0.6126126126126130,1.405152224824360,28.059071729957800,2.2041763341067300,2.7586206896551700,1.839080459770120,0.0769230769230769,0.9195402298850580,0.0377358490566037,1.639344262295080,0.702576112412178,0.0416666666666666,0.936768149882904,0.0392156862745098,0.0402298850574712,0.0930232558139534,0.1111111111111110,8.665105386416860,21.77985948477750,4.215456674473070,4.4496487119437900,3.981264637002340,2.107728337236530,0.702576112412178,0.0,0.0,0.234192037470726,0.0818181818181818,0.5961538461538460,7.08125,25.5725,5.152224824355970,0.2115384615384620,0.8636363636363640,0.4210526315789470,0.0454545454545454,7.494145199063230,0.3076923076923080,0.5,0.125,2.34192037470726,0.0961538461538461,0.3,0.0,1.17096018735363,0.048076923076923,0.6,0.6,1.0,8.19672131147541,0.3428571428571430,12,35,0.3428571428571430,PG
Tony Bradley,IND,1.674641148325360,0.4784688995215310,4.285714285714290,0.0,3.827751196172250,122.98578199052100,0.7109004739336490,0.4739336492891000,18.89952153110050,13.157894736842100,0.6,0.2392344497607660,0.0,3.110047846889950,11.004784688995200,4.784688995215310,0.0,0.0,0.696969696969697,0.8846153846153850,0.0,0.0178571428571428,0.5458142857142860,0.5892857142857140,0.6076923076923080,3.349282296650720,14.229249011857700,5.714285714285710,4.502369668246450,0.7109004739336490,0.0410958904109589,3.3175355450237000,0.1346153846153850,6.937799043062200,5.502392344497610,0.1691176470588240,1.4354066985645900,0.06,0.1228813559322030,0.0,0.2244897959183670,2.631578947368420,6.220095693779900,1.674641148325360,0.9569377990430620,4.545454545454550,1.9138755980861200,0.2392344497607660,0.0,0.0,0.4784688995215310,0.1269841269841270,0.625,3.683636363636360,23.0,8.133971291866030,0.6071428571428570,0.5882352941176470,0.65,0.1470588235294120,4.545454545454550,0.3392857142857140,0.5789473684210530,0.1052631578947370,0.4784688995215310,0.0357142857142857,1.0,1.0,0.2392344497607660,0.0178571428571428,0.0,0.0,0.0,0.0,0.0,0,0,0.0,C
Vince Williams Jr.,MEM,4.491725768321510,2.127659574468090,2.4676850763807300,0.0,3.309692671394800,111.44859813084100,0.4672897196261680,1.6355140186915900,20.33096926713950,6.382978723404260,0.4814814814814810,10.401891252955100,0.3409090909090910,3.5460992907801400,1.8912529550827400,4.25531914893617,8.51063829787234,2.127659574468090,0.3076923076923080,0.3333333333333330,0.8,0.6197183098591550,0.54645,0.5,0.5379746835443040,0.4728132387706860,20.28985507246380,5.522914218566390,8.644859813084110,2.5700934579439300,0.141025641025641,5.841121495327100,0.1937984496124030,2.364066193853430,1.6548463356974000,0.0686274509803921,0.7092198581560280,0.0297029702970297,0.0492610837438423,0.2777777777777780,0.1379310344827590,8.037825059101660,19.62174940898350,4.491725768321510,3.5460992907801400,4.25531914893617,1.6548463356974000,0.2364066193853430,0.0,0.0,0.4728132387706860,0.0909090909090909,0.7746478873239440,5.688888888888890,25.222727272727300,2.600472813238770,0.1549295774647890,0.5454545454545450,0.3333333333333330,0.0,3.5460992907801400,0.2112676056338030,0.4666666666666670,0.0,0.2364066193853430,0.0140845070422535,0.0,0.0,2.364066193853430,0.1408450704225350,0.3,0.3,1.0,8.037825059101660,0.3529411764705880,12,34,0.3529411764705880,SG
Jay Huff,IND,1.839080459770120,0.4597701149425290,3.2110091743119300,0.4597701149425290,2.9885057471264400,107.09382151029700,5.720823798627000,0.2288329519450800,17.471264367816100,5.287356321839080,0.6086956521739130,11.264367816092000,0.2653061224489800,2.0689655172413800,4.597701149425290,1.839080459770120,8.96551724137931,0.0,0.7142857142857140,0.8333333333333330,1.0,0.6805555555555560,0.5445756944444440,0.4652777777777780,0.4871794871794870,0.9195402298850580,16.862745098039200,4.587155963302750,5.949656750572080,1.8306636155606400,0.0879120879120879,2.9748283752860400,0.1130434782608700,3.218390804597700,1.839080459770120,0.0677966101694915,1.1494252873563200,0.0364963503649635,0.0509803921568627,0.088235294117647,0.0888888888888888,2.2988505747126400,5.977011494252870,0.9195402298850580,1.3793103448275900,2.9885057471264400,1.3793103448275900,0.2298850574712640,0.0,0.0,0.2298850574712640,0.0779220779220779,0.8888888888888890,2.865217391304350,25.955102040816300,3.4482758620689700,0.2083333333333330,0.7333333333333330,0.8181818181818180,0.0666666666666666,1.839080459770120,0.1111111111111110,0.375,0.0,0.0,0.0,0.0,0.0,1.6091954022988500,0.0972222222222222,0.1428571428571430,0.1428571428571430,1.0,9.655172413793100,0.2857142857142860,12,42,0.2857142857142860,C
Kawhi Leonard,LAC,2.702702702702700,1.9656019656019700,0.8588957055214720,0.0,5.15970515970516,123.77450980392200,0.9803921568627450,3.676470588235290,35.87223587223590,17.1990171990172,0.5571428571428570,8.5995085995086,0.4,6.388206388206390,5.896805896805900,13.267813267813300,6.6339066339066300,3.6855036855036900,0.3076923076923080,0.3333333333333330,0.6428571428571430,0.3333333333333330,0.4898242857142860,0.5714285714285710,0.625,1.4742014742014700,27.429805615550800,4.171779141104290,7.107843137254900,3.1862745098039200,0.1477272727272730,2.9411764705882400,0.1318681318681320,1.2285012285012300,0.0,0.0,1.2285012285012300,0.0549450549450549,0.0273224043715847,0.1818181818181820,0.0,5.15970515970516,12.530712530712500,2.9484029484029500,2.211302211302210,6.6339066339066300,2.702702702702700,0.9828009828009830,0.0,0.0,0.9828009828009830,0.0982142857142857,0.4380952380952380,10.268571428571400,25.86857142857140,2.702702702702700,0.1047619047619050,0.6363636363636360,0.7142857142857140,0.0909090909090909,10.31941031941030,0.4,0.5952380952380950,0.0,4.176904176904180,0.1619047619047620,0.4117647058823530,0.4285714285714290,1.2285012285012300,0.0476190476190476,0.4,0.4,1.0,7.371007371007370,0.4,12,30,0.4,SF
Jaxson Hayes,LAL,1.45985401459854,0.48661800486618,2.176541717049580,0.0,6.569343065693430,114.90384615384600,1.2019230769230800,1.2019230769230800,15.571776155717800,9.002433090024330,0.7027027027027030,0.24330900243309,1.0,2.18978102189781,10.218978102189800,2.4330900243309000,0.7299270072992700,0.0,0.8076923076923080,1.0,1.0,0.0263157894736842,0.627471052631579,0.7236842105263160,0.7272727272727270,2.4330900243309000,10.72961373390560,5.92503022974607,8.173076923076920,4.5673076923076900,0.2235294117647060,2.8846153846153800,0.1176470588235290,3.6496350364963500,1.70316301703163,0.0909090909090909,1.9464720194647200,0.0761904761904762,0.0824175824175824,0.0769230769230769,0.0434782608695652,3.1630170316301700,8.27250608272506,1.2165450121654500,1.9464720194647200,3.40632603406326,1.45985401459854,0.48661800486618,0.0,0.0,0.48661800486618,0.1428571428571430,0.8421052631578950,2.2729729729729700,27.3,7.542579075425790,0.8157894736842110,0.7741935483870970,0.8333333333333330,0.032258064516129,1.45985401459854,0.1578947368421050,0.3333333333333330,0.5,0.0,0.0,0.0,0.0,0.0,0.0,0.0,0.0,0.0,0.24330900243309,1.0,1,1,1.0,C
Andrew Nembhard,IND,4.028436018957350,2.843601895734600,2.026221692491060,0.0,6.161137440758290,129.25659472422100,0.4796163069544360,0.4796163069544360,29.14691943127960,12.559241706161100,0.4528301886792450,9.47867298578199,0.325,8.530805687203790,2.843601895734600,8.530805687203790,5.687203791469190,3.5545023696682500,0.25,0.25,0.6153846153846150,0.4301075268817200,0.4918768817204300,0.4677419354838710,0.555045871559633,0.0,25.60975609756100,1.430274135876040,2.3980815347721800,0.2398081534772180,0.0140845070422535,1.6786570743405300,0.0721649484536082,0.4739336492891000,0.4739336492891000,0.017094017094017,0.0,0.0,0.0095238095238095,0.0,0.0303030303030303,10.18957345971560,24.170616113744100,6.398104265402840,3.791469194312800,8.76777251184834,3.5545023696682500,0.4739336492891000,0.0,0.0,0.7109004739336490,0.1415094339622640,0.5053763440860220,11.318867924528300,26.422500000000000,1.6587677725118500,0.075268817204301,0.7142857142857140,0.2,0.0,5.924170616113740,0.2688172043010750,0.52,0.04,4.976303317535550,0.2258064516129030,0.2857142857142860,0.3333333333333330,0.7109004739336490,0.032258064516129,0.0,0.0,0.0,8.76777251184834,0.3513513513513510,13,37,0.3513513513513510,PG
Caris LeVert,DET,4.028436018957350,1.895734597156400,1.4167650531286900,0.0,3.3175355450237000,108.47058823529400,0.9411764705882350,1.411764705882350,22.27488151658770,9.24170616113744,0.5897435897435900,7.109004739336490,0.4,2.843601895734600,6.161137440758290,4.739336492891000,4.265402843601900,4.265402843601900,0.5652173913043480,0.5652173913043480,0.5,0.4347826086956520,0.5251739130434780,0.5942028985507250,0.6025641025641030,0.0,20.0,2.007083825265640,3.5294117647058800,1.6470588235294100,0.0760869565217391,1.6470588235294100,0.0614035087719298,0.4739336492891000,0.2369668246445500,0.0106382978723404,0.2369668246445500,0.0112359550561797,0.0109289617486338,0.0476190476190476,0.0,8.293838862559240,18.95734597156400,5.924170616113740,2.3696682464455000,4.739336492891000,1.6587677725118500,0.4739336492891000,0.0,0.0,0.9478672985781990,0.0945945945945946,0.7101449275362320,6.989743589743590,26.05666666666670,4.502369668246450,0.2753623188405800,0.8421052631578950,0.6875,0.0526315789473684,3.3175355450237000,0.2028985507246380,0.3571428571428570,0.0714285714285714,1.4218009478673000,0.0869565217391304,0.3333333333333330,0.0,0.7109004739336490,0.0434782608695652,0.3333333333333330,0.3333333333333330,1.0,6.398104265402840,0.4074074074074070,11,27,0.4074074074074070,SG
Jaylen Clark,MIN,1.2406947890818900,0.4962779156327540,3.431372549019610,0.0,2.729528535980150,106.2953995157390,0.2421307506053270,2.4213075060532700,14.88833746898260,5.955334987593050,0.5416666666666670,5.459057071960300,0.3636363636363640,2.481389578163770,2.481389578163770,3.970223325062040,5.955334987593050,0.0,0.3846153846153850,0.5555555555555560,1.0,0.4782608695652170,0.5906065217391300,0.5434782608695650,0.5555555555555560,1.9851116625310200,12.215320910973100,3.553921568627450,3.389830508474580,1.452784503631960,0.0606060606060606,1.937046004842620,0.073394495412844,3.7220843672456600,1.488833746898260,0.0638297872340425,2.2332506203473900,0.0909090909090909,0.077720207253886,0.125,0.0769230769230769,2.2332506203473900,4.962779156327540,1.7369727047146400,0.4962779156327540,3.970223325062040,1.488833746898260,0.0,0.0,0.0,0.4962779156327540,0.1153846153846150,0.8260869565217390,3.6791666666666700,23.44545454545450,3.970223325062040,0.3478260869565220,0.625,0.4,0.0625,1.9851116625310200,0.1739130434782610,0.375,0.0,0.0,0.0,0.0,0.0,4.714640198511170,0.4130434782608700,0.4210526315789470,0.4210526315789470,1.0,0.7444168734491320,0.0,0,3,0.0,SG
Jordan Hawkins,NOP,1.0335917312661500,1.0335917312661500,1.0309278350515500,0.0,1.8087855297157600,119.28020565552700,0.0,0.5141388174807200,15.24547803617570,7.751937984496120,0.4,10.3359173126615,0.25,1.2919896640826900,4.134366925064600,2.0671834625323,6.976744186046510,0.7751937984496120,0.6666666666666670,0.7272727272727270,0.9,0.5714285714285710,0.5042028571428570,0.3857142857142860,0.4041095890410960,0.5167958656330750,17.46031746031750,3.2216494845360800,4.884318766066840,1.0282776349614400,0.0526315789473684,3.341902313624680,0.1074380165289260,1.550387596899230,0.5167958656330750,0.0212765957446808,1.0335917312661500,0.0481927710843373,0.0338983050847457,0.0833333333333333,0.0526315789473684,3.617571059431530,8.785529715762280,2.0671834625323,1.550387596899230,1.8087855297157600,0.2583979328165370,0.0,0.2583979328165370,0.0,0.2583979328165370,0.0140845070422535,0.6428571428571430,13.176666666666700,25.575,1.2919896640826900,0.0714285714285714,0.6,0.6666666666666670,0.2,1.8087855297157600,0.1,0.1428571428571430,0.0,4.651162790697680,0.2571428571428570,0.4444444444444440,0.75,1.0335917312661500,0.0571428571428571,0.5,0.5,1.0,9.30232558139535,0.2222222222222220,8,36,0.2222222222222220,SG
Tobias Harris,DET,1.9464720194647200,0.97323600973236,2.1712907117008400,0.0,3.1630170316301700,114.11483253588500,0.2392344497607660,1.1961722488038300,19.708029197080300,10.46228710462290,0.4651162790697670,6.81265206812652,0.2857142857142860,4.13625304136253,4.37956204379562,5.35279805352798,5.839416058394160,0.0,0.45,0.5294117647058820,1.0,0.3943661971830990,0.5189577464788730,0.4507042253521130,0.5192307692307690,1.45985401459854,17.479674796748000,4.342581423401690,7.416267942583730,4.784688995215310,0.1834862385321100,2.392344497607660,0.1333333333333330,1.2165450121654500,0.97323600973236,0.0305343511450381,0.24330900243309,0.0131578947368421,0.0241545893719806,0.1842105263157890,0.0217391304347826,4.13625304136253,9.002433090024330,3.40632603406326,0.7299270072992700,4.37956204379562,2.18978102189781,0.97323600973236,0.0,0.0,0.48661800486618,0.1184210526315790,0.6619718309859160,5.8930232558139500,24.985714285714300,4.622871046228710,0.2676056338028170,0.5263157894736840,0.4,0.0526315789473684,5.109489051094890,0.2957746478873240,0.3809523809523810,0.1428571428571430,0.7299270072992700,0.0422535211267605,0.6666666666666670,0.0,3.1630170316301700,0.1830985915492960,0.2307692307692310,0.2307692307692310,1.0,3.6496350364963500,0.3333333333333330,5,15,0.3333333333333330,PF
Tyus Jones,ORL,1.2594458438287200,1.0075566750629700,1.1464968152866200,0.0,1.0075566750629700,119.0721649484540,0.5154639175257730,2.8350515463917500,7.052896725440810,4.534005037783380,0.4444444444444440,5.289672544080610,0.1904761904761900,0.0,2.0151133501259400,2.0151133501259400,3.022670025188920,0.0,0.5,0.5714285714285710,1.0,0.5384615384615380,0.5461474358974360,0.358974358974359,0.358974358974359,0.5037783375314860,9.421841541755890,1.6560509554140100,2.577319587628870,1.5463917525773200,0.0652173913043478,1.0309278350515500,0.048780487804878,0.7556675062972290,0.5037783375314860,0.0186915887850467,0.2518891687657430,0.0093457943925233,0.014018691588785,0.0454545454545454,0.0,5.793450881612090,13.09823677581860,4.282115869017630,1.5113350125944600,0.0,0.0,0.0,0.0,0.0,0.0,0.0,0.717948717948718,6.505555555555560,25.31904761904760,1.7632241813602000,0.1794871794871800,0.4285714285714290,0.6666666666666670,0.2857142857142860,2.5188916876574300,0.2564102564102560,0.4,0.1,0.2518891687657430,0.0256410256410256,1.0,1.0,1.5113350125944600,0.1538461538461540,0.1666666666666670,0.1666666666666670,1.0,3.778337531486150,0.2,3,15,0.2,PG
Nique Clifford,SAC,1.6666666666666700,1.4285714285714300,2.738095238095240,0.0,1.6666666666666700,116.66666666666700,0.9523809523809520,0.9523809523809520,11.19047619047620,6.666666666666670,0.3928571428571430,5.476190476190480,0.2608695652173910,1.6666666666666700,2.857142857142860,2.380952380952380,3.571428571428570,0.7142857142857140,0.5454545454545450,0.6666666666666670,0.8333333333333330,0.4509803921568630,0.510257843137255,0.392156862745098,0.4196428571428570,0.9523809523809520,13.375796178343900,3.571428571428570,5.476190476190480,2.857142857142860,0.144578313253012,2.619047619047620,0.1111111111111110,1.6666666666666700,1.4285714285714300,0.0576923076923076,0.238095238095238,0.0128205128205128,0.0384615384615384,0.1764705882352940,0.0,5.238095238095240,13.333333333333300,2.380952380952380,2.857142857142860,2.380952380952380,1.1904761904761900,0.0,0.0,0.0,0.0,0.0892857142857142,0.6274509803921570,7.103571428571430,25.321739130434800,2.142857142857140,0.1764705882352940,0.8888888888888890,0.625,0.0,3.571428571428570,0.2941176470588240,0.2,0.2,0.9523809523809520,0.0784313725490196,0.0,0.0,1.4285714285714300,0.1176470588235290,0.1666666666666670,0.1666666666666670,1.0,4.047619047619050,0.2941176470588240,5,17,0.2941176470588240,SG
Brice Sensabaugh,UTA,2.657004830917870,1.932367149758450,2.754491017964070,0.0,3.140096618357490,121.85273159144900,0.2375296912114010,1.9002375296912100,27.05314009661840,5.555555555555560,0.6956521739130440,15.458937198067600,0.34375,3.3816425120772900,6.280193236714980,1.4492753623188400,15.217391304347800,0.7246376811594200,0.8125,0.8666666666666670,0.9545454545454550,0.735632183908046,0.5266241379310350,0.5632183908045980,0.6021505376344090,0.4830917874396140,22.317596566523600,4.07185628742515,6.413301662707840,1.9002375296912100,0.0975609756097561,4.038004750593820,0.1574074074074070,1.6908212560386500,0.7246376811594200,0.04,0.966183574879227,0.0384615384615384,0.0391061452513966,0.0769230769230769,0.0588235294117647,3.864734299516910,9.420289855072470,2.1739130434782600,1.6908212560386500,3.6231884057971000,2.1739130434782600,0.7246376811594200,0.0,0.0,0.0,0.0967741935483871,0.7701149425287360,9.252173913043480,25.7,0.7246376811594200,0.0344827586206896,1.0,0.6666666666666670,0.0,3.864734299516910,0.1839080459770120,0.625,0.1875,0.966183574879227,0.0459770114942528,0.75,0.6666666666666670,3.6231884057971000,0.1724137931034480,0.4666666666666670,0.4666666666666670,1.0,11.83574879227050,0.3061224489795920,15,49,0.3061224489795920,SF
Marvin Bagley III,WAS,2.8503562945368200,1.4251781472684100,3.2142857142857100,0.0,3.800475059382420,125.05966587112200,1.6706443914081100,1.431980906921240,22.327790973871700,12.351543942992900,0.6730769230769230,1.4251781472684100,0.5,3.5629453681710200,9.026128266033250,7.600950118764850,2.137767220902610,0.0,0.5428571428571430,0.8260869565217390,1.0,0.1034482758620690,0.5680431034482760,0.6810344827586210,0.7121212121212120,5.7007125890736300,16.455696202531600,6.547619047619050,7.398568019093080,3.818615751789980,0.1568627450980390,3.341288782816230,0.1573033707865170,5.7007125890736300,4.513064133016630,0.1775700934579440,1.187648456057010,0.0543478260869565,0.1206030150753770,0.1142857142857140,0.2258064516129030,3.800475059382420,9.026128266033250,2.375296912114010,1.4251781472684100,4.98812351543943,2.8503562945368200,1.187648456057010,0.0,0.0,0.2375296912114010,0.1846153846153850,0.7586206896551720,2.696153846153850,25.816666666666700,9.026128266033250,0.6551724137931030,0.7631578947368420,0.4827586206896550,0.0789473684210526,3.32541567695962,0.2413793103448280,0.4285714285714290,0.2142857142857140,0.0,0.0,0.0,0.0,0.2375296912114010,0.0172413793103448,1.0,1.0,1.0,1.187648456057010,0.4,2,5,0.4,PF
Jeremiah Robinson-Earl,IND,1.5584415584415600,1.2987012987013000,1.2755102040816300,0.0,2.857142857142860,124.31077694235600,0.0,1.2531328320802000,12.727272727272700,9.35064935064935,0.4444444444444440,4.415584415584420,0.1764705882352940,2.0779220779220800,3.636363636363640,4.675324675324680,2.3376623376623400,0.0,0.4375,0.875,1.0,0.320754716981132,0.5430962264150940,0.3867924528301890,0.4375,4.155844155844160,13.362068965517200,7.653061224489800,8.771929824561400,4.010025062656640,0.2051282051282050,3.2581453634085200,0.1413043478260870,6.493506493506490,3.636363636363640,0.1196581196581200,2.0779220779220800,0.0869565217391304,0.1052631578947370,0.1304347826086960,0.1363636363636360,1.818181818181820,3.896103896103900,1.5584415584415600,0.2597402597402600,2.3376623376623400,1.0389610389610400,0.5194805194805190,0.2597402597402600,0.0,0.0,0.0892857142857142,0.7924528301886790,4.641666666666670,24.564705882352900,6.493506493506490,0.4716981132075470,0.52,0.3846153846153850,0.16,2.0779220779220800,0.1509433962264150,0.25,0.375,0.7792207792207790,0.0566037735849056,0.3333333333333330,1.0,2.3376623376623400,0.1698113207547170,0.2222222222222220,0.2222222222222220,1.0,2.0779220779220800,0.125,1,8,0.125,PF
Jalen Wilson,BKN,2.191780821917810,1.643835616438360,2.1828103683492500,0.0,3.287671232876710,126.3586956521740,0.0,0.5434782608695650,18.63013698630140,4.657534246575340,0.2941176470588240,10.684931506849300,0.4102564102564100,2.73972602739726,1.643835616438360,1.095890410958900,13.150684931506800,0.0,0.6,0.6,1.0,0.6964285714285710,0.5260312500000000,0.5178571428571430,0.5483870967741940,0.0,16.317016317016300,1.6371077762619400,2.717391304347830,1.358695652173910,0.0581395348837209,1.0869565217391300,0.0526315789473684,0.547945205479452,0.0,0.0,0.547945205479452,0.0168067226890756,0.0104712041884816,0.0571428571428571,0.0,1.917808219178080,5.205479452054800,0.547945205479452,1.36986301369863,3.5616438356164400,1.36986301369863,0.273972602739726,0.0,0.0,0.547945205479452,0.0833333333333333,0.8214285714285710,5.870588235294120,25.056410256410300,1.917808219178080,0.125,0.2857142857142860,0.5,0.2857142857142860,2.4657534246575300,0.1607142857142860,0.3333333333333330,0.1111111111111110,0.273972602739726,0.0178571428571428,0.0,0.0,3.835616438356160,0.25,0.2857142857142860,0.2857142857142860,1.0,6.849315068493150,0.48,12,25,0.48,PF
Jordan Walsh,BOS,0.56657223796034,0.28328611898017,3.611111111111110,0.0,1.4164305949008500,109.26430517711200,1.6348773841961900,2.7247956403269800,14.1643059490085,6.798866855524080,0.5416666666666670,4.81586402266289,0.4117647058823530,0.8498583569405100,5.09915014164306,2.26628895184136,5.949008498583570,0.0,0.6923076923076920,0.8181818181818180,1.0,0.4146341463414630,0.5924975609756100,0.573170731707317,0.5813953488372090,1.13314447592068,10.66350710900470,6.25,8.719346049046320,3.8147138964577700,0.1443298969072160,3.8147138964577700,0.1917808219178080,3.68271954674221,1.4164305949008500,0.0568181818181818,2.26628895184136,0.0833333333333333,0.0706521739130434,0.1470588235294120,0.0689655172413793,2.8328611898017000,7.0821529745042500,1.4164305949008500,1.4164305949008500,1.13314447592068,0.56657223796034,0.0,0.0,0.0,0.0,0.0465116279069767,0.8536585365853660,2.3666666666666700,25.18235294117650,5.09915014164306,0.4390243902439020,0.6111111111111110,0.6363636363636360,0.2222222222222220,1.69971671388102,0.1463414634146340,0.3333333333333330,0.3333333333333330,0.0,0.0,0.0,0.0,1.69971671388102,0.1463414634146340,0.3333333333333330,0.3333333333333330,1.0,3.1161473087818700,0.4545454545454550,5,11,0.4545454545454550,PF
Alex Caruso,OKC,2.380952380952380,1.5873015873015900,0.9234828496042220,0.0,2.6455026455026500,97.63157894736840,0.7894736842105260,5.0,15.343915343915300,4.497354497354500,0.4117647058823530,9.25925925925926,0.3714285714285710,1.3227513227513200,2.6455026455026500,1.058201058201060,10.317460317460300,0.0,0.7142857142857140,0.7142857142857140,1.0,0.6730769230769230,0.5601326923076920,0.5096153846153850,0.5272727272727270,0.0,15.384615384615400,2.770448548812670,5.0,2.1052631578947400,0.0963855421686747,2.8947368421052600,0.1195652173913040,0.5291005291005290,0.0,0.0,0.2645502645502650,0.0104166666666666,0.0062111801242236,0.1176470588235290,0.0,6.349206349206350,14.814814814814800,4.232804232804230,2.1164021164021200,1.5873015873015900,0.5291005291005290,0.0,0.0,0.0,0.2645502645502650,0.037037037037037,0.8653846153846150,4.741176470588240,25.042857142857100,2.6455026455026500,0.1923076923076920,0.6,0.6666666666666670,0.2,1.851851851851850,0.1346153846153850,0.1428571428571430,0.1428571428571430,0.0,0.0,0.0,0.0,2.1164021164021200,0.1538461538461540,0.25,0.25,1.0,7.142857142857140,0.4074074074074070,11,27,0.4074074074074070,SG
Larry Nance Jr.,CLE,2.393617021276600,1.0638297872340400,4.503311258278150,0.0,1.8617021276595700,117.41424802110800,0.5277044854881270,1.5831134564643800,11.702127659574500,7.180851063829790,0.4074074074074070,6.914893617021280,0.2692307692307690,0.2659574468085110,4.787234042553190,1.0638297872340400,5.585106382978720,0.0,0.8181818181818180,0.8181818181818180,1.0,0.490566037735849,0.5938405660377360,0.4056603773584910,0.4074074074074070,0.0,14.788732394366200,5.033112582781460,7.387862796833770,3.430079155672820,0.1566265060240960,3.16622691292876,0.1363636363636360,2.6595744680851100,1.0638297872340400,0.0533333333333333,1.3297872340425500,0.045045045045045,0.0483870967741935,0.1875,0.0769230769230769,4.25531914893617,10.372340425531900,2.393617021276600,1.8617021276595700,0.7978723404255320,0.5319148936170210,0.2659574468085110,0.0,0.0,0.0,0.037037037037037,0.9056603773584910,2.6333333333333300,24.673076923076900,5.851063829787230,0.4150943396226420,0.4545454545454550,0.8,0.1818181818181820,1.3297872340425500,0.0943396226415094,0.2,0.0,0.0,0.0,0.0,0.0,3.723404255319150,0.2641509433962260,0.3571428571428570,0.3571428571428570,1.0,3.191489361702130,0.1666666666666670,2,12,0.1666666666666670,PF
Walter Clayton Jr.,UTA,3.937007874015750,2.6246719160105000,2.6041666666666700,0.0,3.4120734908136500,120.15503875969000,0.7751937984496120,1.2919896640826900,17.84776902887140,6.561679790026250,0.48,7.611548556430450,0.3448275862068970,3.674540682414700,1.0498687664042000,5.2493438320210000,6.299212598425200,1.5748031496063000,0.1666666666666670,0.1666666666666670,0.8,0.5370370370370370,0.5004675925925930,0.5,0.576271186440678,0.0,16.444444444444400,3.3854166666666700,5.167958656330750,1.8087855297157600,0.0958904109589041,3.10077519379845,0.12,1.5748031496063000,0.5249343832021000,0.0224719101123595,1.0498687664042000,0.0434782608695652,0.0331491712707182,0.05,0.0,9.186351706036750,22.04724409448820,5.511811023622050,3.674540682414700,3.674540682414700,1.3123359580052500,0.7874015748031500,0.2624671916010500,0.0,0.5249343832021000,0.1052631578947370,0.7037037037037040,7.48,26.54827586206900,2.3622047244094500,0.1666666666666670,0.5555555555555560,0.4,0.1111111111111110,3.1496062992126000,0.2222222222222220,0.5,0.1666666666666670,1.0498687664042000,0.074074074074074,0.25,0.0,0.2624671916010500,0.0185185185185185,0.0,0.0,0.0,7.349081364829400,0.3571428571428570,10,28,0.3571428571428570,PG
Adem Bona,PHI,1.897018970189700,0.8130081300813010,2.406417112299470,0.0,3.523035230352300,114.77572559366800,5.277044854881270,1.3192612137203200,7.046070460704610,5.149051490514910,0.4736842105263160,0.2710027100271000,0.0,2.168021680216800,1.6260162601626000,3.252032520325200,0.0,0.0,0.3333333333333330,0.75,0.0,0.05,0.598625,0.45,0.4482758620689660,2.710027100271000,7.6923076923076900,5.481283422459890,6.860158311345650,3.693931398416890,0.1428571428571430,1.8469656992084400,0.0786516853932584,4.065040650406500,3.523035230352300,0.1326530612244900,0.5420054200542010,0.0240963855421686,0.0828729281767955,0.1282051282051280,0.1463414634146340,0.8130081300813010,1.6260162601626000,0.8130081300813010,0.0,4.336043360433600,1.084010840108400,0.0,0.0,0.0,1.3550135501355000,0.1666666666666670,0.8,1.810526315789470,23.0,4.065040650406500,0.75,0.5333333333333330,0.375,0.2,1.084010840108400,0.2,0.25,0.0,0.0,0.0,0.0,0.0,0.2710027100271000,0.05,0.0,0.0,0.0,0.0,0.0,0,0,0.0,C
Yves Missi,NOP,3.0303030303030300,1.3774104683195600,1.9257221458046800,0.0,4.132231404958680,125.82417582417600,2.4725274725274700,0.8241758241758240,14.600550964187300,9.917355371900830,0.6111111111111110,0.0,0.0,2.479338842975210,8.81542699724518,3.3057851239669400,0.0,0.0,0.7272727272727270,0.8,0.0,0.0,0.6084,0.6111111111111110,0.6022727272727270,1.1019283746556500,12.88056206088990,5.914718019257220,4.945054945054950,2.197802197802200,0.1509433962264150,2.7472527472527500,0.1030927835051550,6.887052341597800,4.40771349862259,0.1632653061224490,2.203856749311300,0.0987654320987654,0.1340782122905030,0.125,0.1395348837209300,3.3057851239669400,8.81542699724518,1.1019283746556500,2.203856749311300,4.958677685950410,2.479338842975210,0.5509641873278240,0.0,0.0,0.2754820936639120,0.2093023255813950,0.75,2.8833333333333300,0.0,7.43801652892562,0.75,0.6666666666666670,0.6666666666666670,0.037037037037037,2.479338842975210,0.25,0.4444444444444440,0.1111111111111110,0.0,0.0,0.0,0.0,0.0,0.0,0.0,0.0,0.0,0.0,0.0,0,0,0.0,C
Taurean Prince,MIL,1.3812154696132600,1.1049723756906100,2.8846153846153800,0.0,1.1049723756906100,110.92896174863400,0.546448087431694,1.639344262295080,13.535911602209900,2.7624309392265200,0.5,7.734806629834250,0.4285714285714290,0.8287292817679560,2.209944751381220,0.5524861878453040,9.94475138121547,0.0,0.8,0.8,1.0,0.7368421052631580,0.5729960526315790,0.6052631578947370,0.6282051282051280,0.0,11.027568922305800,1.7857142857142900,3.551912568306010,1.639344262295080,0.0674157303370786,1.639344262295080,0.0714285714285714,0.0,0.0,0.0,0.0,0.0,0.0,0.03125,0.0,2.209944751381220,4.972375690607740,1.6574585635359100,0.5524861878453040,0.8287292817679560,0.5524861878453040,0.2762430939226520,0.0,0.0,0.0,0.0512820512820512,0.868421052631579,5.98,24.714285714285700,1.3812154696132600,0.131578947368421,0.6,1.0,0.0,0.8287292817679560,0.0789473684210526,0.3333333333333330,0.0,0.5524861878453040,0.0526315789473684,0.5,0.0,3.867403314917130,0.3684210526315790,0.3571428571428570,0.3571428571428570,1.0,3.867403314917130,0.5,7,14,0.5,SF
Paul Reed,DET,4.0,1.4285714285714300,3.404255319148940,0.2857142857142860,3.4285714285714300,105.91549295774600,3.0985915492957700,3.943661971830990,25.428571428571400,13.714285714285700,0.7291666666666670,2.2857142857142900,0.5,2.0,16.0,4.0,2.571428571428570,0.8571428571428570,0.8,0.9333333333333330,0.75,0.1428571428571430,0.5477116071428570,0.7321428571428570,0.7295081967213120,2.857142857142860,18.337408312958400,8.085106382978720,9.014084507042250,5.352112676056340,0.240506329113924,3.0985915492957700,0.1571428571428570,7.142857142857140,4.857142857142860,0.2,2.0,0.109375,0.1610738255033560,0.25,0.303030303030303,4.571428571428570,10.857142857142900,2.857142857142860,1.7142857142857100,3.4285714285714300,1.7142857142857100,0.5714285714285710,0.0,0.0,0.2857142857142860,0.1,0.75,4.172916666666670,25.4625,9.714285714285710,0.6071428571428570,0.7941176470588240,0.7777777777777780,0.0294117647058823,2.857142857142860,0.1785714285714290,0.6,0.0,1.1428571428571400,0.0714285714285714,0.5,0.5,0.5714285714285710,0.0357142857142857,0.0,0.0,0.0,1.7142857142857100,0.6666666666666670,4,6,0.6666666666666670,C
Luke Kornet,SAS,1.183431952662720,0.2958579881656810,1.908957415565350,0.0,5.325443786982250,107.5801749271140,2.0408163265306100,0.2915451895043730,18.047337278106500,9.467455621301780,0.78125,0.0,0.0,3.2544378698224900,11.242603550295900,3.5502958579881700,0.0,0.0,0.76,0.9047619047619050,0.0,0.0,0.71580625,0.78125,0.7625,2.366863905325440,11.139240506329100,6.31424375917768,6.41399416909621,4.956268221574340,0.1666666666666670,1.4577259475218700,0.0684931506849315,6.21301775147929,3.8461538461538500,0.1733333333333330,2.0710059171597600,0.0864197530864197,0.1282051282051280,0.2142857142857140,0.2413793103448280,4.142011834319530,11.242603550295900,1.183431952662720,2.9585798816568000,4.733727810650890,2.366863905325440,0.0,0.0,0.0,0.0,0.2,0.90625,1.49375,0.0,8.579881656804730,0.90625,0.8275862068965520,0.75,0.0,0.8875739644970410,0.09375,0.3333333333333330,0.6666666666666670,0.0,0.0,0.0,0.0,0.0,0.0,0.0,0.0,0.0,0.0,0.0,0,0,0.0,C
RayJ Dennis,IND,4.057971014492750,3.188405797101450,2.315484804630970,0.0,2.318840579710150,113.0057803468210,1.1560693641618500,0.8670520231213870,18.55072463768120,9.565217391304350,0.303030303030303,10.72463768115940,0.3243243243243240,2.318840579710150,3.4782608695652200,2.318840579710150,7.826086956521740,2.608695652173910,0.6,0.6,0.75,0.5285714285714290,0.50478,0.4,0.4256756756756760,0.0,21.256038647343,2.7496382054992800,3.179190751445090,1.7341040462427700,0.08,1.4450867052023100,0.0602409638554216,2.318840579710150,0.8695652173913040,0.0329670329670329,1.4492753623188400,0.0446428571428571,0.0394088669950738,0.125,0.0,7.246376811594200,16.231884057971000,5.507246376811590,1.7391304347826100,2.608695652173910,0.2898550724637680,0.0,0.0,0.0,0.8695652173913040,0.0140845070422535,0.6571428571428570,7.93030303030303,26.31081081081080,2.608695652173910,0.1285714285714290,0.4444444444444440,0.75,0.1111111111111110,6.376811594202900,0.3142857142857140,0.2727272727272730,0.0454545454545454,0.5797101449275360,0.0285714285714285,0.0,0.0,1.7391304347826100,0.0857142857142857,0.0,0.0,0.0,8.985507246376810,0.3870967741935480,12,31,0.3870967741935480,PG
Jabari Walker,PHI,1.557632398753890,0.9345794392523360,3.400309119010820,0.0,3.115264797507790,120.55214723926400,0.9202453987730060,0.6134969325153370,11.838006230529600,8.09968847352025,0.5384615384615380,3.7383177570093500,0.1666666666666670,1.2461059190031200,2.4922118380062300,6.230529595015580,1.8691588785046700,0.0,0.2857142857142860,0.6666666666666670,1.0,0.3157894736842110,0.5762776315789470,0.4473684210526320,0.475,4.984423676012460,11.904761904761900,5.71870170015456,6.441717791411040,3.067484662576690,0.1492537313432840,1.8404907975460100,0.0821917808219178,4.984423676012460,3.7383177570093500,0.1379310344827590,1.2461059190031200,0.0571428571428571,0.1019108280254780,0.1428571428571430,0.1935483870967740,1.557632398753890,3.7383177570093500,0.9345794392523360,0.6230529595015580,1.557632398753890,0.6230529595015580,0.3115264797507790,0.0,0.0,0.3115264797507790,0.0512820512820512,0.9210526315789470,2.9538461538461500,24.55,7.165109034267910,0.6052631578947370,0.5652173913043480,0.3076923076923080,0.2608695652173910,0.6230529595015580,0.0526315789473684,0.0,1.0,0.3115264797507790,0.0263157894736842,1.0,0.0,1.557632398753890,0.131578947368421,0.0,0.0,0.0,2.1806853582554500,0.2857142857142860,2,7,0.2857142857142860,PF
Zion Williamson,NOP,5.214723926380370,3.374233128834360,1.82648401826484,0.6134969325153370,11.349693251533700,119.33534743202400,0.3021148036253780,3.0211480362537800,34.96932515337420,23.92638036809820,0.4871794871794870,0.0,0.0,11.656441717791400,10.429447852760700,12.883435582822100,0.0,0.0,0.4473684210526320,0.5,0.0,0.0,0.5395153846153850,0.4871794871794870,0.5480769230769230,2.4539877300613500,32.09549071618040,5.175038051750380,5.438066465256800,1.2084592145015100,0.0677966101694915,3.625377643504530,0.1411764705882350,4.9079754601227,3.6809815950920200,0.1290322580645160,1.2269938650306700,0.0714285714285714,0.1073825503355700,0.0833333333333333,0.15,7.0552147239263800,18.404907975460100,2.7607361963190200,4.294478527607360,17.484662576687100,8.588957055214720,1.5337423312883400,0.0,0.0,0.9202453987730060,0.2772277227722770,0.5641025641025640,4.170512820512820,0.0,13.496932515337400,0.5641025641025640,0.5454545454545450,0.5416666666666670,0.1136363636363640,10.429447852760700,0.4358974358974360,0.4117647058823530,0.2352941176470590,0.0,0.0,0.0,0.0,0.0,0.0,0.0,0.0,0.0,0.0,0.0,0,0,0.0,PF
Nick Richards,PHX,4.088050314465410,1.8867924528301900,3.6163522012578600,0.0,6.289308176100630,119.49685534591200,2.5157232704402500,0.6289308176100630,20.75471698113210,13.522012578616400,0.5581395348837210,0.0,0.0,5.660377358490570,10.69182389937110,4.40251572327044,0.0,0.0,0.7083333333333330,0.8947368421052630,0.0,0.0,0.5305139534883720,0.5581395348837210,0.5909090909090910,3.1446540880503100,17.894736842105300,8.018867924528300,9.748427672955980,4.088050314465410,0.2063492063492060,5.031446540880500,0.1975308641975310,6.289308176100630,4.40251572327044,0.1794871794871800,1.8867924528301900,0.08,0.130718954248366,0.217391304347826,0.2777777777777780,1.572327044025160,3.7735849056603800,0.9433962264150940,0.6289308176100630,7.861635220125790,3.459119496855350,0.0,0.0,0.0,0.3144654088050310,0.2037037037037040,0.4418604651162790,5.558139534883720,0.0,5.9748427672956000,0.4418604651162790,0.631578947368421,0.75,0.1052631578947370,6.60377358490566,0.4883720930232560,0.5238095238095240,0.1904761904761900,0.9433962264150940,0.0697674418604651,0.3333333333333330,1.0,0.0,0.0,0.0,0.0,0.0,0.0,0.0,0,0,0.0,C
Jonas Valančiūnas,DEN,4.5602605863192200,2.280130293159610,4.220779220779220,0.0,9.446254071661240,120.06472491909400,2.912621359223300,0.3236245954692560,34.527687296416900,21.824104234527700,0.5671641791044780,1.954397394136810,0.3333333333333330,7.817589576547230,12.37785016286650,12.37785016286650,1.954397394136810,0.0,0.5,0.6785714285714290,1.0,0.0821917808219178,0.4993273972602740,0.5616438356164380,0.5955056179775280,6.514657980456030,29.26136363636360,9.902597402597400,13.268608414239500,7.119741100323620,0.3013698630136990,5.17799352750809,0.1975308641975310,6.514657980456030,4.234527687296420,0.1428571428571430,2.280130293159610,0.1272727272727270,0.136986301369863,0.1904761904761900,0.1034482758620690,4.88599348534202,11.726384364820800,2.931596091205210,1.954397394136810,10.749185667752400,3.908794788273620,0.3257328990228010,0.0,0.0,1.6286644951140100,0.1428571428571430,0.4520547945205480,6.335820895522390,25.916666666666700,8.794788273615640,0.3698630136986300,0.6296296296296300,0.4705882352941180,0.1111111111111110,11.074918566775200,0.4657534246575340,0.5882352941176470,0.088235294117647,1.954397394136810,0.0821917808219178,0.1666666666666670,1.0,0.0,0.0,0.0,0.0,0.0,1.954397394136810,0.3333333333333330,2,6,0.3333333333333330,C
Justin Edwards,PHI,1.5527950310559000,0.6211180124223600,3.3950617283950600,0.0,0.9316770186335400,126.99386503067500,0.6134969325153370,0.6134969325153370,20.80745341614910,4.658385093167700,0.5333333333333330,11.801242236024800,0.4210526315789470,0.9316770186335400,2.484472049689440,2.484472049689440,13.975155279503100,0.9316770186335400,0.5,0.5714285714285710,0.9375,0.7169811320754720,0.5114537735849060,0.6037735849056600,0.6203703703703700,0.6211180124223600,16.032608695652200,3.08641975308642,3.987730061349690,1.2269938650306700,0.0615384615384615,2.7607361963190200,0.1285714285714290,2.1739130434782600,0.0,0.0,1.5527950310559000,0.0704225352112676,0.0342465753424657,0.1052631578947370,0.0,4.037267080745340,10.869565217391300,1.2422360248447200,2.7950310559006200,0.9316770186335400,0.3105590062111800,0.3105590062111800,0.0,0.0,0.3105590062111800,0.0188679245283018,0.7924528301886790,8.353333333333330,25.676315789473700,1.2422360248447200,0.0754716981132075,1.0,0.25,0.0,2.484472049689440,0.1509433962264150,0.25,0.125,0.9316770186335400,0.0566037735849056,0.6666666666666670,1.0,3.1055900621118000,0.1886792452830190,0.4,0.4444444444444440,1.0,8.695652173913040,0.4285714285714290,12,28,0.4285714285714290,SF
Walker Kessler,UTA,5.161290322580650,2.5806451612903200,3.5541195476575100,0.0,3.870967741935480,116.1812297734630,2.912621359223300,2.26537216828479,23.225806451612900,9.35483870967742,0.6896551724137930,2.5806451612903200,0.75,4.516129032258070,7.741935483870970,5.161290322580650,5.806451612903230,0.0,0.6,1.0,1.0,0.2162162162162160,0.5767702702702700,0.7837837837837840,0.782608695652174,5.161290322580650,16.893732970027200,8.723747980613890,10.032362459546900,3.883495145631070,0.1764705882352940,5.501618122977350,0.1888888888888890,7.419354838709680,3.548387096774190,0.2,3.870967741935480,0.1379310344827590,0.1619718309859160,0.125,0.1666666666666670,4.838709677419360,11.612903225806500,2.903225806451610,1.935483870967740,6.451612903225810,3.548387096774190,0.6451612903225810,0.0,0.0,0.0,0.2391304347826090,0.7837837837837840,2.6724137931034500,25.05,6.774193548387100,0.5675675675675680,0.6666666666666670,0.5,0.1428571428571430,2.5806451612903200,0.2162162162162160,0.75,0.25,0.0,0.0,0.0,0.0,0.6451612903225810,0.054054054054054,1.0,1.0,1.0,1.935483870967740,0.6666666666666670,4,6,0.6666666666666670,C
Isaiah Collier,UTA,4.790419161676650,2.395209580838320,2.857142857142860,0.5988023952095810,4.790419161676650,126.28398791540800,0.6042296072507550,0.6042296072507550,19.161676646706600,9.281437125748500,0.6129032258064520,1.497005988023950,0.4,5.9880239520958100,4.790419161676650,6.586826347305390,1.7964071856287400,0.0,0.4210526315789470,0.4210526315789470,1.0,0.1388888888888890,0.4913819444444440,0.6111111111111110,0.6666666666666670,0.0,17.158176943699700,3.007518796992480,6.042296072507550,1.8126888217522700,0.0952380952380952,4.229607250755290,0.1917808219178080,0.0,0.0,0.0,0.0,0.0,0.0,0.0625,0.0,12.874251497006000,32.035928143712600,6.586826347305390,6.287425149700600,8.083832335329340,3.592814371257490,0.8982035928143710,0.0,0.0,0.8982035928143710,0.2666666666666670,0.4722222222222220,5.509677419354840,25.3,3.592814371257490,0.3333333333333330,0.75,0.5555555555555560,0.1666666666666670,5.389221556886230,0.5,0.5555555555555560,0.1666666666666670,0.2994011976047900,0.0277777777777777,0.0,0.0,0.2994011976047900,0.0277777777777777,0.0,0.0,0.0,1.1976047904191600,0.5,2,4,0.5,PG
John Konchar,MEM,1.2422360248447200,1.2422360248447200,1.557632398753890,0.0,0.3105590062111800,112.1875,1.5625,3.125,9.627329192546580,2.484472049689440,0.75,4.968944099378880,0.375,0.3105590062111800,3.1055900621118000,0.6211180124223600,5.590062111801240,0.0,0.8333333333333330,1.0,1.0,0.6666666666666670,0.59245625,0.625,0.6458333333333330,0.6211180124223600,7.446808510638300,4.672897196261680,8.125,3.75,0.1739130434782610,4.375,0.160919540229885,1.2422360248447200,0.6211180124223600,0.0235294117647058,0.6211180124223600,0.0222222222222222,0.0228571428571428,0.0909090909090909,0.0689655172413793,4.3478260869565200,10.559006211180100,2.484472049689440,1.8633540372670800,0.3105590062111800,0.3105590062111800,0.3105590062111800,0.0,0.0,0.0,0.0416666666666666,0.9166666666666670,2.15,24.75,1.8633540372670800,0.25,0.8333333333333330,0.8,0.1666666666666670,0.6211180124223600,0.0833333333333333,0.5,0.0,0.0,0.0,0.0,0.0,2.484472049689440,0.3333333333333330,0.375,0.375,1.0,2.484472049689440,0.375,3,8,0.375,SG
Anthony Davis,DAL,3.514376996805110,1.597444089456870,2.060221870047540,0.0,9.26517571884984,111.0062893081760,1.8867924528301900,2.5157232704402500,33.22683706070290,20.44728434504790,0.5625,3.514376996805110,0.2727272727272730,7.348242811501600,10.86261980830670,12.140575079872200,1.9169329073482400,0.9584664536741210,0.4722222222222220,0.5666666666666670,0.6666666666666670,0.1466666666666670,0.5257953333333330,0.54,0.5786516853932580,3.8338658146964900,28.490028490028500,8.082408874801900,10.69182389937110,5.345911949685540,0.2,3.7735849056603800,0.2033898305084750,5.431309904153360,4.472843450479230,0.1555555555555560,0.9584664536741210,0.0476190476190476,0.1111111111111110,0.0909090909090909,0.175,3.514376996805110,8.945686900958470,1.597444089456870,1.9169329073482400,9.904153354632590,4.15335463258786,0.3194888178913740,0.0,0.0,0.6389776357827480,0.1494252873563220,0.5733333333333330,7.1703125,25.372727272727300,10.22364217252400,0.4266666666666670,0.65625,0.4761904761904760,0.09375,6.389776357827480,0.2666666666666670,0.6,0.0,3.8338658146964900,0.16,0.25,0.3333333333333330,0.6389776357827480,0.0266666666666666,0.0,0.0,0.0,2.8753993610223600,0.3333333333333330,3,9,0.3333333333333330,PF
Drake Powell,BKN,3.6912751677852300,1.6778523489932900,2.857142857142860,0.0,1.342281879194630,120.2020202020200,0.3367003367003370,2.356902356902360,15.436241610738300,8.724832214765100,0.5384615384615380,4.362416107382550,0.3846153846153850,1.0067114093959700,3.355704697986580,6.040268456375840,4.026845637583890,1.0067114093959700,0.3571428571428570,0.3571428571428570,0.8,0.3333333333333330,0.4941782051282050,0.5512820512820510,0.575,0.0,15.454545454545500,2.857142857142860,4.713804713804710,2.6936026936026900,0.1379310344827590,2.0202020202020200,0.0833333333333333,1.0067114093959700,0.6711409395973160,0.0384615384615384,0.3355704697986580,0.0114942528735632,0.0215827338129496,0.1153846153846150,0.0555555555555555,5.033557046979870,13.758389261745000,1.342281879194630,3.6912751677852300,1.0067114093959700,0.3355704697986580,0.3355704697986580,0.0,0.0,0.3355704697986580,0.0256410256410256,0.5897435897435900,8.326923076923080,25.153846153846200,3.355704697986580,0.2564102564102560,0.7,0.5714285714285710,0.1,2.684563758389260,0.2051282051282050,0.5,0.125,2.684563758389260,0.2051282051282050,0.375,0.0,0.6711409395973160,0.0512820512820512,0.0,0.0,0.0,3.6912751677852300,0.4545454545454550,5,11,0.4545454545454550,SG
Taylor Hendricks,UTA,1.567398119122260,1.2539184952978100,0.6289308176100630,0.0,1.567398119122260,114.19558359621500,0.946372239747634,1.2618296529968500,12.539184952978100,7.210031347962380,0.4782608695652170,5.329153605015670,0.2352941176470590,1.8808777429467100,5.6426332288401300,1.2539184952978100,3.761755485893420,0.0,0.8181818181818180,0.9,1.0,0.425,0.55690125,0.425,0.4545454545454550,0.6269592476489030,12.860892388451400,5.9748427672956000,6.94006309148265,2.8391167192429000,0.1267605633802820,3.785488958990540,0.1348314606741570,5.015673981191220,2.8213166144200600,0.1022727272727270,2.19435736677116,0.0875,0.0952380952380952,0.0714285714285714,0.1153846153846150,1.2539184952978100,2.8213166144200600,0.9404388714733540,0.3134796238244510,2.5078369905956100,0.3134796238244510,0.0,0.0,0.0,0.9404388714733540,0.024390243902439,0.85,3.760869565217390,24.541176470588200,5.329153605015670,0.425,0.5294117647058820,0.7777777777777780,0.1176470588235290,1.567398119122260,0.125,0.2,0.4,0.3134796238244510,0.025,1.0,1.0,2.8213166144200600,0.225,0.4444444444444440,0.4444444444444440,1.0,2.5078369905956100,0.0,0,8,0.0,PF
Gary Payton II,GSW,2.622950819672130,0.6557377049180330,2.848101265822790,0.3278688524590160,0.3278688524590160,113.45565749235500,1.2232415902140700,2.7522935779816500,12.131147540983600,7.540983606557380,0.6086956521739130,5.245901639344260,0.1875,0.0,7.868852459016390,1.3114754098360700,2.950819672131150,0.0,0.8571428571428570,1.0,1.0,0.4102564102564100,0.5998474358974360,0.4743589743589740,0.4743589743589740,1.3114754098360700,13.202247191011200,6.012658227848100,7.64525993883792,3.9755351681957200,0.1830985915492960,3.669724770642200,0.1538461538461540,4.262295081967210,1.639344262295080,0.0943396226415094,2.622950819672130,0.0842105263157894,0.0878378378378378,0.074074074074074,0.12,5.245901639344260,13.442622950819700,2.295081967213110,2.950819672131150,0.0,0.0,0.0,0.0,0.0,0.0,0.0,0.9743589743589750,2.0826086956521700,25.1375,7.213114754098360,0.5641025641025640,0.6363636363636360,0.8571428571428570,0.0454545454545454,0.3278688524590160,0.0256410256410256,0.0,0.0,0.0,0.0,0.0,0.0,1.639344262295080,0.1282051282051280,0.4,0.4,1.0,3.60655737704918,0.0909090909090909,1,11,0.0909090909090909,SG
Tyrese Proctor,CLE,2.0905923344947700,1.0452961672473900,3.418803418803420,0.3484320557491290,2.787456445993030,112.41610738255000,0.0,1.342281879194630,20.90592334494770,7.317073170731710,0.4285714285714290,14.285714285714300,0.2926829268292680,2.0905923344947700,1.3937282229965200,4.878048780487810,10.452961672473900,2.0905923344947700,0.2222222222222220,0.2222222222222220,0.8333333333333330,0.6612903225806450,0.5441314516129030,0.4354838709677420,0.4615384615384620,0.0,21.19402985074630,2.051282051282050,3.355704697986580,2.0134228187919500,0.075,1.342281879194630,0.0615384615384615,0.6968641114982580,0.3484320557491290,0.0149253731343283,0.3484320557491290,0.010204081632653,0.0121212121212121,0.0967741935483871,0.0,4.878048780487810,11.846689895470400,2.787456445993030,2.0905923344947700,2.4390243902439000,0.6968641114982580,0.0,0.3484320557491290,0.0,0.0,0.0461538461538461,0.7741935483870970,7.776190476190480,25.682926829268300,2.4390243902439000,0.1129032258064520,0.5714285714285710,0.25,0.1428571428571430,3.484320557491290,0.1612903225806450,0.3,0.2,1.3937282229965200,0.064516129032258,0.5,0.0,1.7421602787456400,0.0806451612903225,0.4,0.4,1.0,12.54355400696860,0.2777777777777780,10,36,0.2777777777777780,PG
Dylan Harper,SAS,3.942652329749100,2.508960573476700,3.2085561497326200,0.0,4.301075268817200,109.21985815602800,0.0,1.4184397163120600,30.107526881720400,17.921146953405000,0.54,5.017921146953410,0.3571428571428570,5.376344086021510,4.301075268817200,15.053763440860200,5.376344086021510,0.0,0.2222222222222220,0.2307692307692310,1.0,0.21875,0.5788796875,0.5390625,0.5915492957746480,0.7168458781362010,24.773413897281000,4.278074866310160,6.73758865248227,2.127659574468090,0.0857142857142857,4.25531914893617,0.1846153846153850,1.7921146953405000,0.7168458781362010,0.0289855072463768,1.075268817204300,0.0555555555555555,0.040650406504065,0.0,0.0303030303030303,8.243727598566310,20.788530465949800,3.942652329749100,4.301075268817200,6.451612903225810,3.584229390681000,1.4336917562724000,0.0,0.0,0.3584229390681000,0.1428571428571430,0.78125,4.004,25.15714285714290,12.903225806451600,0.5625,0.5555555555555560,0.2,0.0555555555555555,3.942652329749100,0.171875,0.5454545454545450,0.1818181818181820,1.075268817204300,0.046875,0.3333333333333330,0.0,1.075268817204300,0.046875,0.6666666666666670,0.6666666666666670,1.0,3.942652329749100,0.2727272727272730,3,11,0.2727272727272730,SG
Joel Embiid,PHI,5.517241379310350,3.103448275862070,2.253032928942810,0.3448275862068970,10.0,125.4355400696860,3.1358885017421600,1.7421602787456400,40.689655172413800,20.344827586206900,0.5254237288135590,9.655172413793100,0.3214285714285710,10.0,11.724137931034500,9.655172413793100,8.275862068965520,1.0344827586206900,0.5483870967741940,0.6071428571428570,0.8888888888888890,0.3218390804597700,0.5091310344827590,0.5114942528735630,0.5784313725490200,2.0689655172413800,35.64954682779460,5.719237435008670,8.362369337979100,4.181184668989550,0.2105263157894740,3.1358885017421600,0.1285714285714290,3.103448275862070,2.0689655172413800,0.0909090909090909,1.0344827586206900,0.0491803278688524,0.0708661417322834,0.1935483870967740,0.1666666666666670,6.896551724137930,18.620689655172400,2.0689655172413800,4.827586206896550,12.06896551724140,5.862068965517240,1.3793103448275900,0.3448275862068970,0.0,0.3448275862068970,0.1782178217821780,0.5977011494252870,8.694915254237290,26.38214285714290,8.275862068965520,0.2758620689655170,0.6666666666666670,0.5625,0.125,5.172413793103450,0.1724137931034480,0.5333333333333330,0.0666666666666666,6.896551724137930,0.2298850574712640,0.35,0.5714285714285710,0.0,0.0,0.0,0.0,0.0,9.655172413793100,0.3214285714285710,9,28,0.3214285714285710,C
Trae Young,ATL,3.257328990228010,3.257328990228010,1.468189233278960,0.0,11.726384364820800,124.83660130719000,0.6535947712418300,0.9803921568627450,28.99022801302930,14.332247557003300,0.4772727272727270,8.469055374592830,0.1923076923076920,10.42345276872960,3.257328990228010,10.42345276872960,1.954397394136810,2.931596091205210,0.238095238095238,0.238095238095238,0.4,0.3714285714285710,0.5193621428571430,0.4071428571428570,0.5057471264367820,0.0,28.19767441860470,1.6313213703099500,3.2679738562091500,1.6339869281045800,0.0862068965517241,1.6339869281045800,0.0746268656716417,0.0,0.0,0.0,0.0,0.0,0.0,0.0769230769230769,0.0,12.703583061889300,29.64169381107490,8.469055374592830,4.234527687296420,12.703583061889300,4.5602605863192200,1.3029315960912100,0.0,0.0,2.280130293159610,0.175,0.5857142857142860,7.659090909090910,26.29230769230770,4.88599348534202,0.2142857142857140,0.5333333333333330,0.25,0.0666666666666666,7.166123778501630,0.3142857142857140,0.5,0.0,2.280130293159610,0.1,0.2857142857142860,0.5,1.6286644951140100,0.0714285714285714,0.4,0.4,1.0,6.840390879478830,0.1428571428571430,3,21,0.1428571428571430,PG
Karlo Matković,NOP,1.7793594306049800,0.7117437722419930,2.4734982332155500,0.0,2.846975088967970,112.98245614035100,2.1052631578947400,0.7017543859649120,20.99644128113880,9.9644128113879,0.7857142857142860,3.202846975088970,0.4444444444444440,1.0676156583629900,11.387900355871900,4.270462633451960,4.270462633451960,0.0,0.7272727272727270,0.8888888888888890,1.0,0.2432432432432430,0.6228635135135140,0.7567567567567570,0.7195121951219510,2.846975088967970,14.285714285714300,5.830388692579510,8.771929824561400,4.2105263157894700,0.2307692307692310,4.56140350877193,0.1604938271604940,2.846975088967970,2.846975088967970,0.1290322580645160,0.0,0.0,0.0634920634920634,0.2608695652173910,0.2058823529411760,3.5587188612099600,9.252669039145910,1.4234875444839900,2.1352313167259800,2.846975088967970,1.0676156583629900,0.0,0.0,0.0,0.3558718861209960,0.075,0.918918918918919,1.9607142857142900,25.55555555555560,8.896797153024910,0.6756756756756760,0.84,0.7142857142857140,0.04,1.0676156583629900,0.081081081081081,0.3333333333333330,0.0,0.0,0.0,0.0,0.0,0.7117437722419930,0.054054054054054,0.5,0.5,1.0,2.491103202846980,0.4285714285714290,3,7,0.4285714285714290,PF
Hugo González,BOS,2.255639097744360,1.1278195488721800,3.676470588235290,0.0,3.3834586466165400,106.11510791366900,0.7194244604316550,3.237410071942450,12.406015037594000,7.894736842105260,0.4285714285714290,3.7593984962406000,0.5,0.0,2.255639097744360,4.511278195488720,5.639097744360900,0.0,0.3333333333333330,0.4285714285714290,1.0,0.3225806451612900,0.5507290322580650,0.532258064516129,0.515625,1.5037593984962400,11.935483870967700,4.044117647058820,5.035971223021580,2.158273381294960,0.0952380952380952,2.8776978417266200,0.123076923076923,3.007518796992480,0.7518796992481200,0.0327868852459016,2.255639097744360,0.0681818181818181,0.0536912751677852,0.1304347826086960,0.0,2.631578947368420,7.142857142857140,0.7518796992481200,1.8796992481203000,0.3759398496240600,0.0,0.0,0.0,0.0,0.3759398496240600,0.0,0.6774193548387100,5.990476190476190,25.11,4.135338345864660,0.3548387096774190,0.5454545454545450,0.3333333333333330,0.1818181818181820,2.631578947368420,0.2258064516129030,0.2857142857142860,0.1428571428571430,1.1278195488721800,0.0967741935483871,0.3333333333333330,0.0,1.5037593984962400,0.1290322580645160,0.75,0.75,1.0,2.255639097744360,0.3333333333333330,2,6,0.3333333333333330,SF
Rob Dillingham,MIN,5.536332179930800,3.8062283737024200,2.413793103448280,0.0,2.422145328719720,116.49484536082500,0.0,3.0927835051546400,20.41522491349480,16.608996539792400,0.4375,4.498269896193770,0.2307692307692310,2.7681660899654000,5.536332179930800,8.996539792387540,2.0761245674740500,1.038062283737020,0.3809523809523810,0.3809523809523810,0.6666666666666670,0.2131147540983610,0.5335786885245900,0.4180327868852460,0.4538461538461540,0.0,24.770642201834900,2.2413793103448300,3.7800687285223400,1.718213058419240,0.0675675675675675,2.061855670103090,0.1071428571428570,0.6920415224913490,0.0,0.0,0.6920415224913490,0.03125,0.0150375939849624,0.0625,0.0,8.650519031141870,21.10726643598620,4.844290657439450,3.8062283737024200,3.8062283737024200,1.3840830449827000,0.3460207612456750,0.3460207612456750,0.0,0.0,0.0769230769230769,0.5573770491803280,7.704166666666670,25.200000000000000,7.26643598615917,0.3442622950819670,0.5238095238095240,0.4545454545454550,0.2857142857142860,5.536332179930800,0.2622950819672130,0.4375,0.0625,3.8062283737024200,0.180327868852459,0.2727272727272730,0.0,0.6920415224913490,0.0327868852459016,0.0,0.0,0.0,3.8062283737024200,0.2727272727272730,3,11,0.2727272727272730,PG
Ousmane Dieng,OKC,2.2304832713754600,1.486988847583640,1.8018018018018000,0.0,0.7434944237918220,105.5944055944060,1.7482517482517500,0.3496503496503500,10.780669144981400,7.063197026022310,0.4210526315789470,6.319702602230480,0.1764705882352940,1.486988847583640,2.973977695167290,2.973977695167290,2.2304832713754600,1.1152416356877300,0.5,0.5714285714285710,0.6666666666666670,0.4722222222222220,0.5305263888888890,0.3472222222222220,0.3815789473684210,0.7434944237918220,14.76510067114090,3.783783783783780,5.944055944055940,2.797202797202800,0.1159420289855070,3.1468531468531500,0.108433734939759,1.486988847583640,0.0,0.0,1.486988847583640,0.0588235294117647,0.0307692307692307,0.1304347826086960,0.0,2.973977695167290,7.434944237918220,1.486988847583640,1.486988847583640,1.486988847583640,0.7434944237918220,0.0,0.0,0.0,0.0,0.0526315789473684,0.6111111111111110,7.552631578947370,25.170588235294100,1.858736059479550,0.1388888888888890,0.6,0.6666666666666670,0.2,4.089219330855020,0.3055555555555560,0.2727272727272730,0.0,1.1152416356877300,0.0833333333333333,0.6666666666666670,0.5,1.858736059479550,0.1388888888888890,0.2,0.2,1.0,4.4609665427509300,0.1666666666666670,2,12,0.1666666666666670,C
Moussa Cisse,DAL,3.53356890459364,1.060070671378090,4.181184668989550,0.0,7.067137809187280,110.99656357388300,5.498281786941580,1.0309278350515500,17.314487632508800,10.60070671378090,0.6666666666666670,0.0,0.0,3.180212014134280,10.60070671378090,3.53356890459364,0.0,0.0,0.75,0.8823529411764710,0.0,0.0,0.6963266666666670,0.6666666666666670,0.5975609756097560,2.120141342756180,15.644171779141100,8.013937282229970,8.24742268041237,5.154639175257730,0.1948051948051950,2.7491408934707900,0.1212121212121210,7.773851590106010,4.593639575971730,0.1805555555555560,3.180212014134280,0.1666666666666670,0.1746031746031750,0.24,0.2307692307692310,0.3533568904593640,0.7067137809187280,0.3533568904593640,0.0,8.8339222614841,3.53356890459364,1.060070671378090,0.0,0.0,1.413427561837460,0.2702702702702700,0.9666666666666670,1.37,0.0,10.247349823321600,0.9666666666666670,0.6896551724137930,0.75,0.0344827586206896,0.3533568904593640,0.0333333333333333,0.0,0.0,0.0,0.0,0.0,0.0,0.0,0.0,0.0,0.0,0.0,0.0,0.0,0,0,0.0,C
Jonathan Isaac,ORL,1.4760147601476000,1.1070110701107000,1.8083182640144700,0.0,4.428044280442810,108.51063829787200,1.7730496453900700,2.127659574468090,12.546125461254600,4.428044280442810,0.5833333333333330,7.011070110701110,0.2105263157894740,2.952029520295200,2.2140221402214000,2.952029520295200,4.428044280442810,0.0,0.4285714285714290,0.6,1.0,0.6129032258064520,0.6099903225806450,0.4193548387096770,0.4594594594594600,1.4760147601476000,12.693498452012400,7.052441229656420,10.638297872340400,3.900709219858160,0.1641791044776120,5.673758865248230,0.2539682539682540,3.321033210332100,1.845018450184500,0.0657894736842105,1.4760147601476000,0.0533333333333333,0.0596026490066225,0.0526315789473684,0.1111111111111110,0.3690036900369000,1.1070110701107000,0.0,0.3690036900369000,4.428044280442810,1.845018450184500,0.0,0.0,0.0,0.3690036900369000,0.1388888888888890,0.967741935483871,2.333333333333330,23.71578947368420,4.059040590405900,0.3548387096774190,0.6363636363636360,0.4285714285714290,0.0,0.0,0.0,0.0,0.0,0.3690036900369000,0.032258064516129,0.0,0.0,5.535055350553510,0.4838709677419360,0.2,0.2,1.0,1.4760147601476000,0.25,1,4,0.25,PF
Jeremy Sochan,SAS,3.690036900369000,1.4760147601476000,4.166666666666670,0.3690036900369000,3.690036900369000,118.14946619217100,0.7117437722419930,1.0676156583629900,20.66420664206640,7.749077490774910,0.6666666666666670,4.797047970479710,0.5384615384615380,2.5830258302583000,8.118081180811810,2.2140221402214000,7.749077490774910,0.0,0.7857142857142860,0.8461538461538460,1.0,0.3823529411764710,0.6246397058823530,0.7205882352941180,0.7368421052631580,0.7380073800738010,15.9468438538206,4.528985507246380,7.473309608540930,2.846975088967970,0.1176470588235290,4.6263345195729500,0.2363636363636360,1.4760147601476000,0.0,0.0,1.4760147601476000,0.0655737704918032,0.0363636363636363,0.2058823529411760,0.0,4.428044280442810,11.808118081180800,1.4760147601476000,2.952029520295200,3.321033210332100,0.7380073800738010,0.3690036900369000,0.0,0.0,1.1070110701107000,0.0571428571428571,0.9117647058823530,2.1095238095238100,24.153846153846200,6.642066420664210,0.5294117647058820,0.6666666666666670,0.8333333333333330,0.0555555555555555,1.1070110701107000,0.088235294117647,0.6666666666666670,0.0,0.0,0.0,0.0,0.0,2.952029520295200,0.2352941176470590,0.625,0.625,1.0,1.845018450184500,0.4,2,5,0.4,PF
Jaden Hardy,DAL,4.545454545454550,3.8461538461538500,2.276707530647990,0.0,3.8461538461538500,102.4561403508770,0.3508771929824560,1.4035087719298200,24.825174825174800,7.3426573426573400,0.3333333333333330,11.538461538461500,0.4545454545454550,4.195804195804200,2.097902097902100,2.797202797202800,11.538461538461500,4.195804195804200,0.4285714285714290,0.5,0.7333333333333330,0.6111111111111110,0.524112962962963,0.5462962962962960,0.5819672131147540,0.6993006993006990,23.270440251572300,2.8021015761821400,4.56140350877193,3.1578947368421100,0.12,1.0526315789473700,0.0434782608695652,1.048951048951050,0.6993006993006990,0.0317460317460317,0.3496503496503500,0.0153846153846153,0.0234375,0.2,0.0344827586206896,1.3986013986014000,3.1468531468531500,1.048951048951050,0.3496503496503500,5.244755244755250,2.097902097902100,0.3496503496503500,0.0,0.0,0.6993006993006990,0.1016949152542370,0.7407407407407410,7.061904761904760,24.51212121212120,2.4475524475524500,0.1296296296296300,0.4285714285714290,0.3333333333333330,0.1428571428571430,4.195804195804200,0.2222222222222220,0.3333333333333330,0.1666666666666670,0.6993006993006990,0.037037037037037,0.0,0.0,3.1468531468531500,0.1666666666666670,0.4444444444444440,0.4444444444444440,1.0,8.391608391608390,0.4583333333333330,11,24,0.4583333333333330,SG
Caleb Martin,DAL,2.464788732394370,1.7605633802816900,4.18848167539267,0.0,1.7605633802816900,109.68858131487900,0.6920415224913490,1.7301038062283700,7.746478873239440,5.28169014084507,0.4,2.464788732394370,0.1428571428571430,2.464788732394370,3.5211267605633800,0.704225352112676,1.056338028169010,0.0,0.8333333333333330,0.8333333333333330,1.0,0.3181818181818180,0.5829931818181820,0.3409090909090910,0.44,0.0,9.846153846153850,3.8394415357766200,4.498269896193770,1.7301038062283700,0.0769230769230769,2.422145328719720,0.1076923076923080,3.1690140845070400,0.704225352112676,0.0350877192982456,2.112676056338030,0.0789473684210526,0.0601503759398496,0.08,0.0555555555555555,4.929577464788730,13.380281690140800,1.408450704225350,3.5211267605633800,2.816901408450700,1.7605633802816900,0.704225352112676,0.0,0.0,0.0,0.2,0.6818181818181820,7.393333333333330,23.571428571428600,2.816901408450700,0.3636363636363640,0.625,0.8,0.0,1.056338028169010,0.1363636363636360,0.0,0.6666666666666670,1.408450704225350,0.1818181818181820,0.25,1.0,1.7605633802816900,0.2272727272727270,0.2,0.2,1.0,0.704225352112676,0.0,0,2,0.0,SF
Amir Coffey,MIL,0.3846153846153850,0.3846153846153850,1.1342155009451800,0.0,1.1538461538461500,116.35687732342000,0.3717472118959110,0.0,8.076923076923080,4.230769230769230,0.5454545454545450,3.076923076923080,0.25,1.1538461538461500,1.5384615384615400,3.076923076923080,2.3076923076923100,0.0,0.3333333333333330,0.4,1.0,0.4210526315789470,0.5330315789473680,0.4736842105263160,0.525,0.7692307692307690,7.317073170731710,2.6465028355387500,3.717472118959110,1.486988847583640,0.0588235294117647,2.2304832713754600,0.0845070422535211,1.5384615384615400,0.3846153846153850,0.015625,1.1538461538461500,0.0555555555555555,0.0338983050847457,0.0769230769230769,0.0909090909090909,2.6923076923076900,6.153846153846150,1.9230769230769200,0.7692307692307690,1.1538461538461500,0.0,0.0,0.3846153846153850,0.0,0.0,0.05,0.631578947368421,7.127272727272730,23.8625,1.5384615384615400,0.2105263157894740,1.0,0.25,0.0,1.9230769230769200,0.2631578947368420,0.2,0.0,0.7692307692307690,0.1052631578947370,0.5,0.0,2.6923076923076900,0.3684210526315790,0.1428571428571430,0.1666666666666670,1.0,0.3846153846153850,1.0,1,1,1.0,SG
Chaz Lanier,DET,0.364963503649635,0.0,0.5474452554744530,0.0,1.094890510948910,113.86861313868600,0.0,1.094890510948910,15.693430656934300,1.45985401459854,0.5,13.138686131386900,0.3333333333333330,1.094890510948910,0.0,1.45985401459854,12.043795620438000,1.094890510948910,0.0,0.0,0.9166666666666670,0.9,0.534075,0.5,0.524390243902439,0.0,13.08411214953270,2.554744525547450,2.9197080291970800,0.0,0.0,2.554744525547450,0.1147540983606560,2.18978102189781,0.364963503649635,0.0166666666666666,1.094890510948910,0.0441176470588235,0.03125,0.0,0.0,3.6496350364963500,8.394160583941610,2.554744525547450,1.094890510948910,1.094890510948910,0.0,0.0,0.364963503649635,0.0,0.0,0.024390243902439,0.9,16.0,25.452777777777800,0.0,0.0,0.0,0.0,0.0,0.364963503649635,0.025,1.0,0.0,1.094890510948910,0.075,0.3333333333333330,0.0,2.554744525547450,0.175,0.1428571428571430,0.1428571428571430,1.0,10.583941605839400,0.3793103448275860,11,29,0.3793103448275860,SG
Ochai Agbaji,TOR,1.1194029850746300,0.373134328358209,2.97951582867784,0.0,2.611940298507460,110.40892193308600,0.3717472118959110,1.858736059479550,8.955223880597010,4.850746268656720,0.6153846153846150,4.477611940298510,0.0833333333333333,1.8656716417910400,5.223880597014930,0.746268656716418,1.1194029850746300,0.0,0.875,1.0,1.0,0.48,0.660222,0.38,0.4137931034482760,0.746268656716418,10.491803278688500,3.538175046554940,6.319702602230480,3.345724907063200,0.1578947368421050,2.6022304832713800,0.1111111111111110,0.746268656716418,0.0,0.0,0.373134328358209,0.0181818181818181,0.0086206896551724,0.1739130434782610,0.0,2.238805970149250,4.477611940298510,2.238805970149250,0.0,2.985074626865670,1.1194029850746300,0.0,0.0,0.0,0.373134328358209,0.1071428571428570,0.96,1.5,24.6,4.477611940298510,0.48,0.6666666666666670,0.875,0.1666666666666670,0.373134328358209,0.04,0.0,1.0,0.0,0.0,0.0,0.0,2.238805970149250,0.24,0.0,0.0,0.0,2.238805970149250,0.1666666666666670,1,6,0.1666666666666670,SG
Ja'Kobe Walter,TOR,3.585657370517930,2.7888446215139400,3.937007874015750,0.0,2.3904382470119500,115.95330739299600,0.3891050583657590,2.723735408560310,12.749003984063700,3.585657370517930,0.4444444444444440,8.764940239043820,0.2727272727272730,2.3904382470119500,3.187250996015940,0.0,7.171314741035860,0.0,1.0,1.0,1.0,0.7096774193548390,0.5265209677419360,0.4193548387096770,0.4705882352941180,0.0,15.302491103202800,2.559055118110240,2.723735408560310,0.7782101167315180,0.0357142857142857,1.9455252918287900,0.0943396226415094,2.3904382470119500,1.593625498007970,0.0689655172413793,0.796812749003984,0.03125,0.0491803278688524,0.0769230769230769,0.0526315789473684,2.3904382470119500,6.772908366533870,0.398406374501992,1.99203187250996,2.7888446215139400,1.195219123505980,0.398406374501992,0.0,0.0,0.398406374501992,0.0909090909090909,0.8387096774193550,6.511111111111110,26.018181818181800,1.593625498007970,0.1290322580645160,0.5,1.0,0.0,1.593625498007970,0.1290322580645160,0.5,0.25,0.398406374501992,0.032258064516129,0.0,0.0,0.796812749003984,0.064516129032258,0.5,0.5,1.0,7.968127490039840,0.25,5,20,0.25,SG
Bilal Coulibaly,WAS,3.875968992248060,2.713178294573640,2.123552123552120,0.3875968992248060,3.875968992248060,126.15384615384600,2.3076923076923100,2.3076923076923100,18.6046511627907,10.465116279069800,0.4074074074074070,6.589147286821710,0.2941176470588240,4.263565891472870,3.10077519379845,5.426356589147290,5.813953488372090,0.0,0.3636363636363640,0.4444444444444440,1.0,0.3863636363636360,0.5794784090909090,0.4204545454545450,0.4705882352941180,1.550387596899230,20.962199312714800,4.247104247104250,6.923076923076920,2.3076923076923100,0.1153846153846150,4.230769230769230,0.1692307692307690,1.550387596899230,1.162790697674420,0.044776119402985,0.0,0.0,0.0258620689655172,0.2222222222222220,0.0,6.589147286821710,16.27906976744190,3.488372093023260,3.10077519379845,5.813953488372090,2.713178294573640,0.0,0.3875968992248060,0.3875968992248060,0.0,0.1568627450980390,0.7272727272727270,4.551851851851850,25.258823529411800,5.813953488372090,0.3409090909090910,0.7333333333333330,0.3636363636363640,0.1333333333333330,4.263565891472870,0.25,0.0,0.0909090909090909,0.3875968992248060,0.0227272727272727,0.0,0.0,1.937984496124030,0.1136363636363640,0.4,0.4,1.0,4.651162790697680,0.25,3,12,0.25,SG
Bradley Beal,LAC,3.703703703703700,3.292181069958850,2.880658436213990,0.0,4.526748971193420,130.04115226337400,0.0,1.2345679012345700,20.16460905349790,11.934156378600800,0.3793103448275860,7.818930041152260,0.3684210526315790,2.469135802469140,6.584362139917700,2.469135802469140,8.641975308641980,0.0,0.7272727272727270,0.7272727272727270,1.0,0.3958333333333330,0.5163354166666670,0.4479166666666670,0.4711538461538460,0.0,22.761194029850700,1.02880658436214,1.2345679012345700,0.411522633744856,0.0185185185185185,0.823045267489712,0.0333333333333333,0.823045267489712,0.411522633744856,0.02,0.411522633744856,0.0196078431372549,0.0198019801980198,0.0,0.0,4.11522633744856,9.465020576131690,2.880658436213990,1.2345679012345700,3.292181069958850,1.646090534979420,0.0,0.0,0.0,0.0,0.0769230769230769,0.5833333333333330,10.134482758620700,25.310526315789500,3.703703703703700,0.1875,0.6666666666666670,0.6666666666666670,0.1111111111111110,4.938271604938270,0.25,0.1666666666666670,0.0,3.292181069958850,0.1666666666666670,0.375,1.0,1.646090534979420,0.0833333333333333,0.25,0.25,1.0,6.172839506172840,0.4,6,15,0.4,SG
Micah Peavy,NOP,0.819672131147541,0.819672131147541,3.0303030303030300,0.0,0.4098360655737710,127.49003984063700,0.398406374501992,0.398406374501992,12.295081967213100,8.19672131147541,0.5,4.918032786885250,0.25,0.4098360655737710,4.098360655737710,4.098360655737710,3.6885245901639300,0.0,0.5,0.625,1.0,0.375,0.5690578125,0.453125,0.4545454545454550,1.639344262295080,12.323943661971800,4.646464646464650,4.780876494023910,1.195219123505980,0.0789473684210526,2.7888446215139400,0.1029411764705880,4.508196721311480,2.8688524590163900,0.1044776119402990,1.639344262295080,0.0769230769230769,0.0924369747899159,0.0769230769230769,0.1612903225806450,4.098360655737710,9.42622950819672,2.8688524590163900,1.2295081967213100,0.819672131147541,0.0,0.0,0.0,0.0,0.4098360655737710,0.0,0.84375,3.325,24.90833333333330,6.147540983606560,0.46875,0.5333333333333330,0.375,0.0,1.639344262295080,0.125,0.5,0.0,0.4098360655737710,0.03125,0.0,0.0,2.459016393442620,0.1875,0.3333333333333330,0.3333333333333330,1.0,2.459016393442620,0.1666666666666670,1,6,0.1666666666666670,SG
Cody Williams,UTA,1.1494252873563200,1.1494252873563200,2.676864244741870,0.0,1.5325670498084300,117.93893129771000,0.7633587786259540,1.1450381679389300,9.578544061302690,6.130268199233720,0.5625,5.363984674329500,0.1428571428571430,0.3831417624521070,6.130268199233720,0.7662835249042150,2.2988505747126400,0.0,0.8888888888888890,0.8888888888888890,1.0,0.4666666666666670,0.5339633333333330,0.4,0.4032258064516130,0.0,11.683848797250900,1.5296367112810700,2.2900763358778600,1.9083969465648900,0.108695652173913,0.3816793893129770,0.0169491525423728,0.7662835249042150,0.3831417624521070,0.0222222222222222,0.3831417624521070,0.0166666666666666,0.019047619047619,0.1666666666666670,0.0,1.5325670498084300,3.4482758620689700,1.1494252873563200,0.3831417624521070,1.1494252873563200,0.7662835249042150,0.3831417624521070,0.0,0.0,0.0,0.064516129032258,0.6333333333333330,5.61875,24.00714285714290,1.9157088122605400,0.1666666666666670,1.0,0.8,0.0,3.8314176245210700,0.3333333333333330,0.4,0.5,0.3831417624521070,0.0333333333333333,0.0,0.0,3.8314176245210700,0.3333333333333330,0.1,0.1,1.0,1.5325670498084300,0.25,1,4,0.25,SG
Precious Achiuwa,SAC,1.1904761904761900,0.7936507936507940,1.3916500994035800,0.3968253968253970,5.158730158730160,123.50597609561800,1.195219123505980,1.99203187250996,16.26984126984130,9.126984126984130,0.7391304347826090,3.1746031746031700,0.0,2.7777777777777800,8.73015873015873,4.761904761904760,0.0,0.0,0.6470588235294120,0.8461538461538460,0.0,0.2580645161290320,0.5691596774193550,0.5483870967741940,0.5694444444444440,3.1746031746031700,13.87900355871890,5.7654075546719700,7.569721115537850,1.99203187250996,0.15625,5.179282868525900,0.1733333333333330,3.968253968253970,3.1746031746031700,0.1142857142857140,0.7936507936507940,0.0384615384615384,0.081967213114754,0.2,0.1052631578947370,1.984126984126980,4.761904761904760,1.1904761904761900,0.7936507936507940,5.158730158730160,2.7777777777777800,1.1904761904761900,0.0,0.0,0.3968253968253970,0.2,0.7096774193548390,3.8,24.2375,5.555555555555560,0.4516129032258060,0.8571428571428570,0.75,0.0,3.571428571428570,0.2903225806451610,0.5555555555555560,0.0,0.0,0.0,0.0,0.0,2.380952380952380,0.1935483870967740,0.0,0.0,0.0,0.7936507936507940,0.0,0,2,0.0,C
Sidy Cissoko,POR,1.6129032258064500,1.6129032258064500,3.629032258064520,0.0,4.838709677419360,115.72580645161300,0.0,1.6129032258064500,10.887096774193500,5.241935483870970,0.5384615384615380,3.629032258064520,0.2222222222222220,2.8225806451612900,2.419354838709680,3.225806451612900,2.419354838709680,0.0,0.4285714285714290,0.5,1.0,0.4090909090909090,0.5514136363636360,0.4545454545454550,0.5,0.8064516129032260,9.966777408637870,3.225806451612900,3.629032258064520,1.6129032258064500,0.0689655172413793,2.0161290322580600,0.0892857142857142,2.8225806451612900,0.4032258064516130,0.0163934426229508,2.0161290322580600,0.0694444444444444,0.0451127819548872,0.125,0.0,4.435483870967740,11.290322580645200,2.0161290322580600,2.419354838709680,4.032258064516130,2.0161290322580600,0.4032258064516130,0.0,0.0,0.4032258064516130,0.1923076923076920,0.7272727272727270,4.538461538461540,24.83333333333330,2.8225806451612900,0.3181818181818180,0.7142857142857140,0.6,0.0,2.419354838709680,0.2727272727272730,0.3333333333333330,0.1666666666666670,0.0,0.0,0.0,0.0,2.0161290322580600,0.2272727272727270,0.2,0.2,1.0,1.6129032258064500,0.25,1,4,0.25,SF
Guerschon Yabusele,NYK,0.8264462809917360,0.4132231404958680,2.6639344262295100,0.0,2.479338842975210,104.0650406504070,0.4065040650406500,0.8130081300813010,12.396694214876000,3.71900826446281,0.3333333333333330,9.090909090909090,0.3181818181818180,1.2396694214876000,1.6528925619834700,0.8264462809917360,7.43801652892562,1.2396694214876000,0.6666666666666670,1.0,0.8571428571428570,0.7096774193548390,0.5809661290322580,0.4354838709677420,0.4411764705882350,0.8264462809917360,12.99638989169680,6.147540983606560,7.317073170731710,1.2195121951219500,0.0681818181818181,6.097560975609760,0.2238805970149250,4.958677685950410,2.066115702479340,0.108695652173913,2.8925619834710700,0.0933333333333333,0.0991735537190082,0.0,0.1052631578947370,1.6528925619834700,4.132231404958680,0.8264462809917360,0.8264462809917360,2.479338842975210,0.8264462809917360,0.0,0.0,0.0,0.4132231404958680,0.0606060606060606,0.935483870967742,2.977777777777780,24.981818181818200,2.8925619834710700,0.2258064516129030,0.4285714285714290,0.6666666666666670,0.1428571428571430,0.8264462809917360,0.064516129032258,0.0,0.5,0.0,0.0,0.0,0.0,3.3057851239669400,0.2580645161290320,0.25,0.2857142857142860,1.0,5.785123966942150,0.3571428571428570,5,14,0.3571428571428570,C
Mitchell Robinson,NYK,2.1739130434782600,0.8695652173913040,4.112554112554110,0.0,2.608695652173910,118.96551724137900,3.0172413793103400,1.7241379310344800,11.73913043478260,9.565217391304350,0.5909090909090910,0.0,0.0,0.4347826086956520,4.3478260869565200,6.956521739130440,0.0,0.0,0.3846153846153850,1.0,0.0,0.0,0.6744818181818180,0.5909090909090910,0.5869565217391310,6.956521739130440,9.45945945945946,13.636363636363600,9.913793103448280,3.0172413793103400,0.1296296296296300,6.0344827586206900,0.2592592592592590,17.391304347826100,10.869565217391300,0.352112676056338,6.086956521739130,0.2372881355932200,0.3,0.0714285714285714,0.4375,3.0434782608695700,8.26086956521739,0.8695652173913040,2.1739130434782600,1.3043478260869600,0.4347826086956520,0.4347826086956520,0.0,0.0,0.4347826086956520,0.0454545454545454,1.0,0.4318181818181820,0.0,9.565217391304350,1.0,0.5909090909090910,0.3846153846153850,0.0454545454545454,0.0,0.0,0.0,0.0,0.0,0.0,0.0,0.0,0.0,0.0,0.0,0.0,0.0,0.0,0.0,0,0,0.0,C
Terrence Shannon Jr.,MIN,2.510460251046030,1.6736401673640200,2.268041237113400,0.0,4.602510460251050,122.76422764227600,0.0,1.6260162601626000,11.297071129707100,7.112970711297070,0.2941176470588240,4.602510460251050,0.3636363636363640,2.092050209205020,0.8368200836820080,3.3472803347280300,1.2552301255230100,3.7656903765690400,0.2,0.25,0.25,0.3928571428571430,0.5841035714285720,0.3928571428571430,0.4354838709677420,0.8368200836820080,13.454545454545500,3.5051546391752600,5.691056910569110,0.8130081300813010,0.0425531914893617,4.471544715447160,0.2156862745098040,1.2552301255230100,0.4184100418410040,0.0163934426229508,0.8368200836820080,0.0425531914893617,0.0277777777777777,0.0869565217391304,0.037037037037037,3.3472803347280300,8.368200836820080,1.6736401673640200,1.6736401673640200,2.928870292887030,1.2552301255230100,0.0,0.0,0.0,0.0,0.0967741935483871,0.7142857142857140,4.711764705882350,25.10909090909090,3.7656903765690400,0.3214285714285710,0.4444444444444440,0.25,0.1111111111111110,2.510460251046030,0.2142857142857140,0.1666666666666670,0.8333333333333330,0.8368200836820080,0.0714285714285714,0.0,0.0,2.092050209205020,0.1785714285714290,0.2,0.2,0.0,2.510460251046030,0.5,3,6,0.5,SG
Dwight Powell,DAL,1.968503937007870,1.5748031496063000,4.921259842519690,0.0,6.299212598425200,105.11811023622000,0.7874015748031500,1.5748031496063000,10.62992125984250,4.724409448818900,0.5,0.0,0.0,5.905511811023620,3.937007874015750,0.7874015748031500,0.0,0.0,0.8333333333333330,0.8333333333333330,0.0,0.0,0.5814666666666670,0.5,0.6428571428571430,0.0,8.602150537634410,5.118110236220470,5.511811023622050,4.330708661417320,0.1428571428571430,1.1811023622047200,0.0517241379310344,4.724409448818900,1.968503937007870,0.0961538461538461,2.755905511811020,0.1296296296296300,0.1132075471698110,0.0967741935483871,0.1739130434782610,3.1496062992126000,7.086614173228350,2.3622047244094500,0.7874015748031500,7.086614173228350,1.968503937007870,0.7874015748031500,0.0,0.0,2.3622047244094500,0.3333333333333330,1.0,2.6333333333333300,0.0,4.724409448818900,1.0,0.5,0.8333333333333330,0.1666666666666670,0.0,0.0,0.0,0.0,0.0,0.0,0.0,0.0,0.0,0.0,0.0,0.0,0.0,0.0,0.0,0,0,0.0,C
Chris Paul,LAC,3.111111111111110,2.6666666666666700,3.289473684210530,0.0,1.7777777777777800,109.52380952381000,0.0,3.896103896103900,9.333333333333330,3.111111111111110,0.1428571428571430,8.88888888888889,0.3,0.4444444444444440,0.0,0.8888888888888890,4.0,4.0,0.0,0.0,0.5,0.7407407407407410,0.5015944444444450,0.3703703703703700,0.3703703703703700,0.0,13.2295719844358,3.508771929824560,4.761904761904760,2.1645021645021600,0.1111111111111110,2.1645021645021600,0.0806451612903225,2.2222222222222200,0.4444444444444440,0.0185185185185185,1.7777777777777800,0.0666666666666666,0.043859649122807,0.2,0.1,12.88888888888890,30.22222222222220,8.444444444444450,4.444444444444450,0.4444444444444440,0.0,0.0,0.0,0.0,0.0,0.0,0.7777777777777780,12.885714285714300,26.255000000000000,0.4444444444444440,0.037037037037037,0.0,0.0,1.0,0.8888888888888890,0.074074074074074,0.5,0.0,1.7777777777777800,0.1481481481481480,0.0,0.0,0.8888888888888890,0.074074074074074,0.5,0.5,0.0,8.0,0.2777777777777780,5,18,0.2777777777777780,PG
Baylor Scheierman,BOS,0.9049773755656110,0.9049773755656110,2.2675736961451200,0.0,3.167420814479640,103.18181818181800,0.4545454545454550,1.3636363636363600,14.479638009049800,1.3574660633484200,0.6666666666666670,7.6923076923076900,0.5294117647058820,0.4524886877828050,0.0,1.8099547511312200,12.217194570135700,0.0,0.0,0.0,1.0,0.85,0.5587575,0.775,0.775,0.9049773755656110,8.333333333333330,5.215419501133790,8.181818181818180,2.727272727272730,0.1,3.636363636363640,0.1428571428571430,2.262443438914030,0.9049773755656110,0.0357142857142857,1.3574660633484200,0.044776119402985,0.040650406504065,0.0625,0.0588235294117647,2.262443438914030,5.882352941176470,0.9049773755656110,1.3574660633484200,0.4524886877828050,0.0,0.0,0.0,0.0,0.0,0.0,1.0,0.7666666666666670,24.54705882352940,1.3574660633484200,0.15,0.6666666666666670,0.0,0.0,0.0,0.0,0.0,0.0,0.0,0.0,0.0,0.0,3.167420814479640,0.35,0.7142857142857140,0.7142857142857140,1.0,4.524886877828050,0.4,4,10,0.4,SG
Kevin Love,UTA,3.004291845493560,2.145922746781120,2.145922746781120,0.0,4.291845493562230,142.4892703862660,1.2875536480686700,0.0,14.592274678111600,1.7167381974248900,0.75,9.871244635193130,0.2608695652173910,4.291845493562230,1.7167381974248900,0.8583690987124460,7.725321888412020,0.0,0.6666666666666670,1.0,1.0,0.8518518518518520,0.5413388888888890,0.4444444444444440,0.5151515151515150,0.8583690987124460,15.503875968992200,7.296137339055790,12.017167381974200,3.862660944206010,0.2142857142857140,7.725321888412020,0.3050847457627120,2.575107296137340,0.8583690987124460,0.0606060606060606,1.2875536480686700,0.0526315789473684,0.0555555555555555,0.2222222222222220,0.0,7.725321888412020,17.59656652360520,5.579399141630900,2.145922746781120,5.150214592274680,1.2875536480686700,0.0,0.0,0.0,1.2875536480686700,0.1,0.925925925925926,7.55,25.595652173913000,0.8583690987124460,0.074074074074074,0.5,0.0,0.0,0.4291845493562230,0.037037037037037,1.0,0.0,0.4291845493562230,0.037037037037037,1.0,1.0,1.7167381974248900,0.1481481481481480,0.5,0.5,1.0,8.15450643776824,0.2105263157894740,4,19,0.2105263157894740,PF
Liam McNeeley,CHA,2.127659574468090,0.851063829787234,2.9166666666666700,0.0,4.680851063829790,113.87755102040800,0.4081632653061220,0.8163265306122450,15.74468085106380,4.680851063829790,0.2727272727272730,7.659574468085110,0.3333333333333330,5.531914893617020,2.5531914893617000,0.0,7.659574468085110,0.0,1.0,1.0,1.0,0.6206896551724140,0.5005879310344830,0.4137931034482760,0.5138888888888890,0.0,15.185185185185200,3.5416666666666700,5.306122448979590,2.0408163265306100,0.0925925925925925,2.4489795918367300,0.125,1.702127659574470,0.425531914893617,0.02,1.2765957446808500,0.0517241379310344,0.037037037037037,0.1875,0.0526315789473684,4.680851063829790,11.48936170212770,2.5531914893617000,2.127659574468090,6.382978723404260,2.127659574468090,0.425531914893617,0.0,0.0,1.2765957446808500,0.1515151515151520,0.7241379310344830,5.572727272727270,25.72222222222220,1.2765957446808500,0.1034482758620690,0.6666666666666670,1.0,0.0,3.404255319148940,0.2758620689655170,0.125,0.25,0.0,0.0,0.0,0.0,2.978723404255320,0.2413793103448280,0.2857142857142860,0.2857142857142860,1.0,4.680851063829790,0.3636363636363640,4,11,0.3636363636363640,SF
Bronny James,LAL,3.524229074889870,1.7621145374449300,2.608695652173910,0.0,0.8810572687224670,112.44635193133000,0.4291845493562230,3.433476394849790,9.251101321585910,7.048458149779740,0.3125,4.845814977973570,0.2727272727272730,0.8810572687224670,3.524229074889870,0.8810572687224670,3.9647577092511000,0.0,0.8,0.8,1.0,0.4074074074074070,0.4991388888888890,0.3518518518518520,0.375,0.0,13.8996138996139,1.9565217391304300,2.145922746781120,1.2875536480686700,0.073170731707317,0.8583690987124460,0.0344827586206896,1.7621145374449300,0.0,0.0,1.7621145374449300,0.0784313725490196,0.043010752688172,0.0952380952380952,0.0,7.929515418502200,18.94273127753300,4.845814977973570,3.0837004405286300,0.8810572687224670,0.0,0.0,0.0,0.0,0.4405286343612330,0.0,0.5185185185185190,9.35625,25.454545454545500,1.3215859030837000,0.1111111111111110,0.6666666666666670,0.5,0.3333333333333330,4.405286343612330,0.3703703703703700,0.3,0.1,1.3215859030837000,0.1111111111111110,0.0,0.0,1.7621145374449300,0.1481481481481480,0.0,0.0,0.0,3.0837004405286300,0.4285714285714290,3,7,0.4285714285714290,SG
Bones Hyland,MIN,3.493449781659390,0.8733624454148470,2.765957446808510,0.4366812227074240,1.7467248908296900,109.95850622406600,0.0,2.489626556016600,21.397379912663800,6.11353711790393,0.7857142857142860,10.043668122270700,0.3478260869565220,1.310043668122270,3.493449781659390,6.11353711790393,5.240174672489080,5.240174672489080,0.3636363636363640,0.3636363636363640,0.5,0.6216216216216220,0.5767391891891890,0.6216216216216220,0.6282051282051280,0.0,18.43137254901960,2.5531914893617000,4.564315352697100,2.904564315352700,0.1320754716981130,1.2448132780083000,0.0638297872340425,0.4366812227074240,0.0,0.0,0.4366812227074240,0.0175438596491228,0.0096153846153846,0.125,0.0,6.986899563318780,15.720524017467200,5.240174672489080,1.7467248908296900,1.7467248908296900,0.4366812227074240,0.0,0.0,0.0,0.4366812227074240,0.0263157894736842,0.972972972972973,2.7,25.67391304347830,5.676855895196510,0.3513513513513510,0.7692307692307690,0.3,0.1538461538461540,0.0,0.0,0.0,0.0,0.4366812227074240,0.027027027027027,1.0,1.0,1.7467248908296900,0.1081081081081080,0.25,0.25,1.0,8.296943231441050,0.3684210526315790,7,19,0.3684210526315790,PG
Clint Capela,HOU,1.851851851851850,0.925925925925926,2.5462962962963000,0.0,3.240740740740740,121.75925925925900,2.7777777777777800,1.3888888888888900,18.51851851851850,11.574074074074100,0.64,0.0,0.0,3.703703703703700,9.25925925925926,5.555555555555560,0.0,0.0,0.625,0.9090909090909090,0.0,0.0,0.594884,0.64,0.6666666666666670,4.62962962962963,12.639405204461000,11.342592592592600,10.185185185185200,4.166666666666670,0.225,5.092592592592590,0.1692307692307690,12.5,8.796296296296300,0.2835820895522390,3.240740740740740,0.1555555555555560,0.2321428571428570,0.0,0.2222222222222220,1.851851851851850,5.555555555555560,0.0,1.851851851851850,4.62962962962963,1.851851851851850,0.0,0.0,0.0,0.4629629629629630,0.1379310344827590,0.8,2.12,0.0,9.25925925925926,0.8,0.75,0.6,0.0,2.314814814814820,0.2,0.2,0.0,0.0,0.0,0.0,0.0,0.0,0.0,0.0,0.0,0.0,0.0,0.0,0,0,0.0,C
Robert Williams III,POR,1.3392857142857100,0.8928571428571430,1.7699115044247800,0.0,0.8928571428571430,126.75438596491200,2.192982456140350,2.631578947368420,16.517857142857100,11.160714285714300,0.68,1.3392857142857100,0.3333333333333330,0.0,8.928571428571430,6.25,1.3392857142857100,0.0,0.5882352941176470,0.8333333333333330,1.0,0.1071428571428570,0.6460607142857140,0.6607142857142860,0.6607142857142860,4.464285714285710,11.877394636015300,7.300884955752210,7.456140350877190,3.0701754385964900,0.1272727272727270,3.0701754385964900,0.1521739130434780,7.142857142857140,4.017857142857140,0.1607142857142860,3.125,0.1272727272727270,0.1441441441441440,0.05,0.1739130434782610,2.6785714285714300,6.25,1.7857142857142900,0.8928571428571430,0.4464285714285710,0.4464285714285710,0.4464285714285710,0.0,0.0,0.0,0.0357142857142857,0.8214285714285710,2.3040000000000000,23.2,8.928571428571430,0.7142857142857140,0.75,0.5333333333333330,0.05,2.232142857142860,0.1785714285714290,0.4,0.2,0.0,0.0,0.0,0.0,0.8928571428571430,0.0714285714285714,0.0,0.0,0.0,0.4464285714285710,1.0,1,1,1.0,C
Isaiah Livers,PHX,0.45662100456621,0.45662100456621,2.031602708803610,0.0,1.36986301369863,102.23214285714300,1.3392857142857100,0.8928571428571430,12.32876712328770,0.91324200913242,1.0,7.762557077625570,0.3529411764705880,2.2831050228310500,0.91324200913242,0.91324200913242,8.219178082191780,0.0,0.5,0.5,1.0,0.8947368421052630,0.5667105263157890,0.5789473684210530,0.6190476190476190,0.0,8.527131782945740,3.611738148984200,5.357142857142860,1.7857142857142900,0.0701754385964912,3.125,0.14,1.82648401826484,0.0,0.0,1.36986301369863,0.0555555555555555,0.0306122448979591,0.1176470588235290,0.0,1.82648401826484,5.47945205479452,0.0,1.82648401826484,2.73972602739726,0.45662100456621,0.0,0.45662100456621,0.0,0.0,0.0952380952380952,1.0,2.55,24.929411764705900,0.91324200913242,0.1052631578947370,1.0,0.5,0.0,0.0,0.0,0.0,0.0,0.0,0.0,0.0,0.0,3.1963470319634700,0.3684210526315790,0.2857142857142860,0.2857142857142860,1.0,4.566210045662100,0.4,4,10,0.4,PF
Cam Christie,LAC,1.015228426395940,0.5076142131979700,0.7518796992481200,0.0,4.568527918781730,100.990099009901,0.99009900990099,0.99009900990099,23.3502538071066,7.614213197969540,0.4666666666666670,8.629441624365480,0.4117647058823530,5.583756345177670,4.060913705583760,3.045685279187820,10.65989847715740,0.0,0.5714285714285710,0.8,1.0,0.53125,0.5260129032258060,0.546875,0.5897435897435900,2.030456852791880,18.72146118721460,3.7593984962406000,5.9405940594059400,2.4752475247524800,0.1020408163265310,3.4653465346534700,0.106060606060606,1.5228426395939100,1.015228426395940,0.0571428571428571,0.5076142131979700,0.0204081632653061,0.0357142857142857,0.0833333333333333,0.0,4.060913705583760,9.64467005076142,2.538071065989850,1.5228426395939100,7.614213197969540,2.030456852791880,0.0,0.5076142131979700,0.0,1.015228426395940,0.1351351351351350,0.75,4.733333333333330,25.823529411764700,3.553299492385790,0.21875,0.8571428571428570,0.5,0.0,4.060913705583760,0.25,0.125,0.25,0.0,0.0,0.0,0.0,2.030456852791880,0.125,0.5,0.5,1.0,6.598984771573600,0.3846153846153850,5,13,0.3846153846153850,SG
Brooks Barnhizer,OKC,0.4807692307692310,0.4807692307692310,2.380952380952380,0.0,1.4423076923076900,115.56603773584900,0.9433962264150940,0.9433962264150940,7.6923076923076900,6.25,0.5384615384615380,0.4807692307692310,0.0,0.9615384615384620,2.8846153846153800,3.8461538461538500,0.0,0.0,0.4285714285714290,0.6,0.0,0.0714285714285714,0.5898464285714290,0.5,0.5,1.9230769230769200,7.488986784140970,6.428571428571430,10.37735849056600,5.188679245283020,0.1964285714285710,3.7735849056603800,0.1454545454545450,2.4038461538461500,1.4423076923076900,0.0769230769230769,0.9615384615384620,0.0350877192982456,0.0520833333333333,0.2,0.1666666666666670,1.9230769230769200,5.288461538461540,0.4807692307692310,1.4423076923076900,1.9230769230769200,0.9615384615384620,0.0,0.0,0.0,0.0,0.125,0.7142857142857140,3.0461538461538500,22.6,4.326923076923080,0.6428571428571430,0.5555555555555560,0.4,0.2222222222222220,1.9230769230769200,0.2857142857142860,0.5,0.25,0.0,0.0,0.0,0.0,0.4807692307692310,0.0714285714285714,0.0,0.0,0.0,0.0,0.0,0,0,0.0,SG
Justin Champagnie,WAS,0.966183574879227,0.966183574879227,2.8503562945368200,0.0,4.830917874396140,139.25233644859800,0.0,1.8691588785046700,15.458937198067600,7.246376811594200,0.4,4.830917874396140,0.2,6.763285024154590,0.966183574879227,4.830917874396140,2.898550724637680,0.0,0.1666666666666670,0.5,1.0,0.4,0.524768,0.36,0.4848484848484850,3.864734299516910,13.88888888888890,8.076009501187650,7.94392523364486,4.672897196261680,0.2222222222222220,2.336448598130840,0.108695652173913,8.21256038647343,4.830917874396140,0.1515151515151520,3.3816425120772900,0.1458333333333330,0.1491228070175440,0.1875,0.1739130434782610,1.932367149758450,5.314009661835750,0.4830917874396140,1.4492753623188400,8.21256038647343,4.3478260869565200,0.4830917874396140,0.0,0.0,0.0,0.2727272727272730,0.76,3.4866666666666700,25.55,4.3478260869565200,0.36,0.3333333333333330,0.0,0.2222222222222220,2.898550724637680,0.24,0.5,0.0,0.0,0.0,0.0,0.0,1.4492753623188400,0.12,0.0,0.0,0.0,3.3816425120772900,0.2857142857142860,2,7,0.2857142857142860,SF
Quenton Jackson,IND,2.7522935779816500,1.834862385321100,2.2988505747126400,0.0,8.715596330275230,102.3041474654380,0.4608294930875580,2.304147465437790,27.06422018348620,11.46788990825690,0.56,5.504587155963300,0.5,5.963302752293580,4.587155963302750,8.256880733944950,8.256880733944950,0.0,0.3571428571428570,0.3846153846153850,1.0,0.3243243243243240,0.550722972972973,0.6216216216216220,0.6555555555555560,0.9174311926605500,19.921875,3.9080459770114900,5.529953917050690,3.225806451612900,0.1627906976744190,2.304147465437790,0.081967213114754,2.293577981651380,0.9174311926605500,0.0338983050847457,1.3761467889908300,0.0588235294117647,0.0454545454545454,0.1875,0.0,8.256880733944950,19.72477064220180,5.045871559633030,3.2110091743119300,8.256880733944950,2.293577981651380,0.4587155963302750,0.4587155963302750,0.0,1.3761467889908300,0.1428571428571430,0.7027027027027030,5.436,26.175,6.422018348623850,0.3783783783783780,0.7142857142857140,0.4,0.1428571428571430,3.2110091743119300,0.1891891891891890,0.4285714285714290,0.2857142857142860,1.834862385321100,0.1081081081081080,0.25,1.0,0.9174311926605500,0.054054054054054,0.0,0.0,0.0,4.587155963302750,0.6,6,10,0.6,PG
Dominick Barlow,PHI,3.431372549019610,1.96078431372549,2.450980392156860,0.0,4.411764705882350,111.76470588235300,1.4705882352941200,1.4705882352941200,15.68627450980390,7.84313725490196,0.625,2.9411764705882400,0.3333333333333330,2.9411764705882400,6.862745098039220,2.9411764705882400,2.9411764705882400,0.0,0.7,0.875,1.0,0.2727272727272730,0.5806386363636360,0.5909090909090910,0.64,1.96078431372549,13.617021276595700,5.147058823529410,4.901960784313730,2.450980392156860,0.1,1.96078431372549,0.0727272727272727,5.392156862745100,1.4705882352941200,0.0625,3.92156862745098,0.1509433962264150,0.1089108910891090,0.0588235294117647,0.0,3.92156862745098,10.784313725490200,0.9803921568627450,2.9411764705882400,3.92156862745098,2.450980392156860,0.9803921568627450,0.0,0.0,0.0,0.2,0.7272727272727270,3.8875,23.71666666666670,4.901960784313730,0.4545454545454550,0.7,0.7142857142857140,0.2,2.450980392156860,0.2272727272727270,0.6,0.0,0.4901960784313730,0.0454545454545454,0.0,0.0,2.450980392156860,0.2272727272727270,0.2,0.2,1.0,0.4901960784313730,1.0,1,1,1.0,PF
Kobe Sanders,LAC,2.9702970297029700,0.99009900990099,3.4482758620689700,0.0,2.4752475247524800,121.5686274509800,0.0,1.96078431372549,20.792079207920800,6.435643564356440,0.4615384615384620,10.396039603960400,0.3809523809523810,2.9702970297029700,1.98019801980198,3.96039603960396,11.88118811881190,0.0,0.3333333333333330,0.4,1.0,0.6176470588235290,0.527114705882353,0.5294117647058820,0.5675675675675680,0.99009900990099,18.4549356223176,2.4630541871921200,2.450980392156860,0.4901960784313730,0.0192307692307692,1.96078431372549,0.0909090909090909,2.4752475247524800,0.0,0.0,2.4752475247524800,0.1162790697674420,0.0555555555555555,0.0,0.0,3.96039603960396,10.891089108910900,0.99009900990099,2.9702970297029700,3.4653465346534700,1.98019801980198,0.495049504950495,0.0,0.0,0.0,0.1081081081081080,0.7058823529411770,12.561538461538500,24.861904761904800,1.4851485148514900,0.088235294117647,1.0,0.3333333333333330,0.0,1.4851485148514900,0.088235294117647,0.0,0.0,3.4653465346534700,0.2058823529411760,0.4285714285714290,0.3333333333333330,4.950495049504950,0.2941176470588240,0.5,0.5,1.0,5.445544554455450,0.2727272727272730,3,11,0.2727272727272730,SG
Trayce Jackson-Davis,GSW,3.3980582524271800,1.941747572815530,4.047619047619050,0.0,3.3980582524271800,118.69158878504700,1.8691588785046700,1.4018691588785000,18.446601941747600,13.592233009708700,0.5357142857142860,0.0,0.0,3.883495145631070,10.679611650485400,3.883495145631070,0.0,0.0,0.7333333333333330,0.9166666666666670,0.0,0.0,0.5966964285714290,0.5357142857142860,0.59375,2.912621359223300,16.25,5.0,5.140186915887850,3.2710280373831800,0.1458333333333330,1.4018691588785000,0.088235294117647,4.854368932038840,2.912621359223300,0.125,1.941747572815530,0.0816326530612244,0.1030927835051550,0.2142857142857140,0.1333333333333330,5.339805825242720,14.07766990291260,1.941747572815530,3.3980582524271800,5.339805825242720,3.3980582524271800,1.4563106796116500,0.0,0.0,0.0,0.21875,0.7857142857142860,2.5928571428571400,0.0,10.679611650485400,0.7857142857142860,0.5909090909090910,0.6923076923076920,0.0909090909090909,2.912621359223300,0.2142857142857140,0.3333333333333330,0.0,0.0,0.0,0.0,0.0,0.0,0.0,0.0,0.0,0.0,0.0,0.0,0,0,0.0,C
Pat Spencer,GSW,2.4630541871921200,0.9852216748768470,1.9138755980861200,0.0,3.4482758620689700,113.48837209302300,0.4651162790697670,2.7906976744186000,21.67487684729060,13.300492610837400,0.3333333333333330,6.403940886699510,0.3846153846153850,5.41871921182266,1.9704433497536900,6.896551724137930,4.433497536945810,2.955665024630540,0.2222222222222220,0.25,0.6,0.325,0.471925,0.4125,0.4782608695652170,0.9852216748768470,21.42857142857140,3.110047846889950,4.186046511627910,1.8604651162790700,0.0888888888888888,2.3255813953488400,0.1428571428571430,1.9704433497536900,0.9852216748768470,0.0425531914893617,0.9852216748768470,0.0344827586206896,0.0380952380952381,0.1333333333333330,0.0714285714285714,7.881773399014780,18.7192118226601,4.926108374384240,2.955665024630540,5.911330049261080,2.955665024630540,0.0,0.0,0.0,0.0,0.1304347826086960,0.475,7.844444444444450,25.584615384615400,2.955665024630540,0.15,0.5,0.3333333333333330,0.5,7.881773399014780,0.4,0.1875,0.1875,2.4630541871921200,0.125,0.6,0.0,0.9852216748768470,0.05,0.0,0.0,0.0,5.41871921182266,0.4545454545454550,5,11,0.4545454545454550,PG
Javon Small,MEM,3.755868544600940,2.347417840375590,1.627906976744190,0.0,3.755868544600940,112.90322580645200,0.4608294930875580,0.0,15.96244131455400,4.225352112676060,0.4444444444444440,8.92018779342723,0.3157894736842110,3.755868544600940,2.816901408450700,0.9389671361502350,5.633802816901410,2.816901408450700,0.75,0.75,0.6666666666666670,0.6785714285714290,0.5199321428571430,0.4642857142857140,0.53125,0.0,16.736401673640200,1.8604651162790700,3.225806451612900,1.3824884792626700,0.0612244897959183,1.8433179723502300,0.0677966101694915,0.4694835680751170,0.4694835680751170,0.0227272727272727,0.0,0.0,0.010204081632653,0.0833333333333333,0.0,10.328638497652600,26.29107981220660,4.694835680751170,5.633802816901410,4.694835680751170,1.8779342723004700,0.4694835680751170,0.4694835680751170,0.0,0.0,0.15625,0.8214285714285710,6.188888888888890,25.83157894736840,1.8779342723004700,0.1428571428571430,0.75,0.6666666666666670,0.25,1.8779342723004700,0.1428571428571430,0.0,0.5,0.4694835680751170,0.0357142857142857,1.0,1.0,0.4694835680751170,0.0357142857142857,0.0,0.0,0.0,8.450704225352110,0.3333333333333330,6,18,0.3333333333333330,PG
Kevon Looney,NOP,2.4390243902439000,1.4634146341463400,3.414634146341460,0.0,1.4634146341463400,122.92682926829300,1.951219512195120,0.975609756097561,9.75609756097561,8.292682926829270,0.4117647058823530,2.926829268292680,0.1666666666666670,1.4634146341463400,2.926829268292680,3.902439024390240,1.4634146341463400,0.0,0.4285714285714290,1.0,1.0,0.2608695652173910,0.5348065217391310,0.3695652173913040,0.3846153846153850,3.902439024390240,13.135593220339000,6.585365853658540,6.829268292682930,4.390243902439030,0.2647058823529410,1.951219512195120,0.074074074074074,6.341463414634150,4.390243902439030,0.1698113207547170,1.951219512195120,0.0615384615384615,0.1101694915254240,0.25,0.3333333333333330,5.365853658536590,14.146341463414600,1.951219512195120,3.414634146341460,2.926829268292680,0.975609756097561,0.0,0.0,0.0,0.4878048780487810,0.08,0.782608695652174,5.047058823529410,25.35,5.853658536585370,0.5217391304347830,0.5833333333333330,0.4285714285714290,0.1666666666666670,0.4878048780487810,0.0434782608695652,0.0,0.0,1.951219512195120,0.1739130434782610,0.0,0.0,0.4878048780487810,0.0434782608695652,0.0,0.0,0.0,2.4390243902439000,0.2,1,5,0.2,C
Bennedict Mathurin,IND,4.3478260869565200,1.4492753623188400,2.66990291262136,0.0,12.560386473430000,126.34146341463400,0.0,0.4878048780487810,42.028985507246400,13.526570048309200,0.5714285714285710,9.178743961352660,0.4210526315789470,14.97584541062800,8.695652173913040,6.763285024154590,5.797101449275360,5.797101449275360,0.5625,0.5625,0.5,0.4042553191489360,0.5144925531914890,0.5957446808510640,0.671875,0.0,30.416666666666700,4.12621359223301,6.829268292682930,3.902439024390240,0.1777777777777780,2.926829268292680,0.1578947368421050,1.4492753623188400,0.966183574879227,0.0327868852459016,0.4830917874396140,0.0227272727272727,0.0285714285714285,0.0,0.0476190476190476,3.3816425120772900,9.178743961352660,0.966183574879227,2.415458937198070,19.32367149758450,9.178743961352660,1.932367149758450,0.4830917874396140,0.0,0.4830917874396140,0.3174603174603170,0.723404255319149,7.3428571428571400,26.78421052631580,7.246376811594200,0.3191489361702130,0.7333333333333330,0.6363636363636360,0.0,3.864734299516910,0.1702127659574470,0.375,0.25,2.415458937198070,0.1063829787234040,0.4,0.5,0.0,0.0,0.0,0.0,0.0,9.178743961352660,0.4210526315789470,8,19,0.4210526315789470,SF
Blake Wesley,POR,3.2710280373831800,1.8691588785046700,3.2110091743119300,0.0,6.074766355140190,114.86486486486500,0.4504504504504500,4.504504504504510,16.822429906542100,11.214953271028000,0.5,4.672897196261680,0.2,2.803738317757010,1.8691588785046700,9.345794392523370,2.803738317757010,0.0,0.1666666666666670,0.1666666666666670,1.0,0.2941176470588240,0.5899426470588240,0.4411764705882350,0.4736842105263160,0.0,17.578125,3.2110091743119300,5.405405405405410,1.351351351351350,0.075,4.054054054054050,0.1956521739130440,0.9345794392523360,0.0,0.0,0.9345794392523360,0.0377358490566037,0.018348623853211,0.0,0.0,8.878504672897200,22.429906542056100,4.205607476635510,4.672897196261680,4.672897196261680,1.8691588785046700,0.9345794392523360,0.0,0.0,0.9345794392523360,0.1111111111111110,0.7352941176470590,7.35,25.26,7.009345794392520,0.4411764705882350,0.6666666666666670,0.1,0.2,0.4672897196261680,0.0294117647058823,0.0,0.0,3.7383177570093500,0.2352941176470590,0.25,0.5,0.4672897196261680,0.0294117647058823,0.0,0.0,0.0,4.205607476635510,0.2222222222222220,2,9,0.2222222222222220,SG
Nigel Hayes-Davis,PHX,2.487562189054730,1.492537313432840,2.4213075060532700,0.0,0.4975124378109450,120.75471698113200,0.0,2.358490566037740,9.45273631840796,7.462686567164180,0.5333333333333330,4.477611940298510,0.1111111111111110,0.0,2.985074626865670,4.975124378109450,1.492537313432840,0.0,0.375,0.5,1.0,0.375,0.4667645833333330,0.3958333333333330,0.3958333333333330,1.9900497512437800,12.608695652173900,3.87409200968523,4.245283018867930,3.30188679245283,0.1346153846153850,0.9433962264150940,0.054054054054054,3.482587064676620,1.492537313432840,0.0714285714285714,1.9900497512437800,0.0727272727272727,0.0721649484536082,0.2352941176470590,0.0,2.487562189054730,6.965174129353230,0.4975124378109450,1.9900497512437800,0.0,0.0,0.0,0.0,0.0,0.0,0.0,0.4583333333333330,9.2,24.98888888888890,0.9950248756218910,0.0833333333333333,0.5,0.0,0.0,4.975124378109450,0.4166666666666670,0.5,0.0,1.492537313432840,0.125,0.6666666666666670,0.5,1.492537313432840,0.125,0.0,0.0,0.0,2.985074626865670,0.1666666666666670,1,6,0.1666666666666670,SF
Ben Saraf,BKN,4.545454545454550,3.5353535353535400,3.2581453634085200,0.0,3.0303030303030300,134.8258706467660,0.0,0.9950248756218910,11.616161616161600,7.070707070707070,0.2857142857142860,6.565656565656570,0.2307692307692310,3.0303030303030300,0.0,4.040404040404040,4.545454545454550,0.0,0.0,0.0,1.0,0.4814814814814810,0.5686537037037040,0.3148148148148150,0.3709677419354840,1.0101010101010100,17.69911504424780,3.2581453634085200,4.975124378109450,2.487562189054730,0.1111111111111110,1.9900497512437800,0.1142857142857140,1.5151515151515200,0.0,0.0,1.5151515151515200,0.0652173913043478,0.0333333333333333,0.1052631578947370,0.0,8.585858585858590,21.21212121212120,4.545454545454550,4.040404040404040,4.040404040404040,1.5151515151515200,0.0,0.0,0.0,0.5050505050505050,0.1,0.8148148148148150,3.9642857142857100,24.86923076923080,4.545454545454550,0.3333333333333330,0.2222222222222220,0.0,0.3333333333333330,2.525252525252530,0.1851851851851850,0.4,0.0,0.0,0.0,0.0,0.0,2.0202020202020200,0.1481481481481480,0.0,0.0,0.0,4.545454545454550,0.3333333333333330,3,9,0.3333333333333330,SG
Pat Connaughton,CHA,1.5873015873015900,0.5291005291005290,1.0309278350515500,0.0,4.761904761904760,103.01507537688400,0.5025125628140700,2.010050251256280,20.105820105820100,5.8201058201058200,0.6363636363636360,8.994708994709000,0.3529411764705880,3.1746031746031700,5.291005291005290,2.1164021164021200,9.523809523809520,0.0,0.7142857142857140,0.7142857142857140,1.0,0.6071428571428570,0.5526982142857140,0.5714285714285710,0.59375,0.0,15.981735159817400,4.896907216494850,8.040201005025130,6.030150753768850,0.2105263157894740,2.010050251256280,0.1052631578947370,1.5873015873015900,1.058201058201060,0.0416666666666666,0.5291005291005290,0.0208333333333333,0.03125,0.1052631578947370,0.0,3.1746031746031700,7.936507936507940,1.5873015873015900,1.5873015873015900,4.761904761904760,2.1164021164021200,0.5291005291005290,0.0,0.0,0.5291005291005290,0.1290322580645160,0.8214285714285710,4.545454545454550,25.447058823529400,3.1746031746031700,0.2142857142857140,0.5,0.6666666666666670,0.0,2.6455026455026500,0.1785714285714290,0.8,0.0,0.0,0.0,0.0,0.0,3.1746031746031700,0.2142857142857140,0.5,0.6,1.0,5.8201058201058200,0.2727272727272730,3,11,0.2727272727272730,SG
Nick Smith Jr.,LAL,5.235602094240840,4.18848167539267,1.0362694300518100,0.0,2.6178010471204200,109.23076923076900,0.5128205128205130,1.5384615384615400,21.98952879581150,9.947643979057590,0.4210526315789470,9.424083769633510,0.4444444444444440,1.0471204188481700,1.0471204188481700,7.329842931937170,7.853403141361260,4.712041884816750,0.125,0.125,0.625,0.4864864864864870,0.4828621621621620,0.5405405405405410,0.5526315789473690,0.0,22.966507177033500,1.5544041450777200,3.076923076923080,1.0256410256410300,0.0512820512820512,2.051282051282050,0.08,0.0,0.0,0.0,0.0,0.0,0.0,0.0555555555555555,0.0,6.806282722513090,15.706806282722500,4.712041884816750,2.094240837696340,1.5706806282722500,1.0471204188481700,0.5235602094240840,0.0,0.0,0.0,0.0526315789473684,0.5405405405405410,11.68421052631580,26.28333333333330,1.0471204188481700,0.054054054054054,0.5,0.0,0.0,5.7591623036649200,0.2972972972972970,0.4545454545454550,0.0909090909090909,3.141361256544500,0.1621621621621620,0.3333333333333330,0.0,0.5235602094240840,0.027027027027027,0.0,0.0,0.0,8.900523560209420,0.4705882352941180,8,17,0.4705882352941180,SG
KJ Simpson,CHA,5.494505494505500,4.395604395604400,2.1739130434782600,0.0,4.395604395604400,128.49462365591400,0.0,2.150537634408600,18.68131868131870,12.637362637362600,0.3478260869565220,7.6923076923076900,0.3571428571428570,1.6483516483516500,1.098901098901100,7.6923076923076900,8.241758241758240,0.0,0.125,0.1428571428571430,1.0,0.3783783783783780,0.5153229729729730,0.4189189189189190,0.4358974358974360,1.098901098901100,22.79069767441860,3.804347826086960,5.913978494623660,2.6881720430107500,0.1162790697674420,3.225806451612900,0.1935483870967740,1.6483516483516500,0.0,0.0,1.6483516483516500,0.0714285714285714,0.0352941176470588,0.1111111111111110,0.0,9.89010989010989,25.274725274725300,4.395604395604400,5.494505494505500,2.197802197802200,0.5494505494505500,0.0,0.0,0.0,0.5494505494505500,0.0263157894736842,0.5945945945945950,7.143478260869570,26.12857142857140,4.395604395604400,0.2162162162162160,0.5,0.25,0.125,6.593406593406590,0.3243243243243240,0.3333333333333330,0.0833333333333333,1.6483516483516500,0.081081081081081,0.0,0.0,0.5494505494505500,0.027027027027027,1.0,1.0,1.0,7.142857142857140,0.3076923076923080,4,13,0.3076923076923080,PG
Taelon Peter,IND,4.1450777202072500,2.0725388601036300,1.278772378516620,0.0,1.5544041450777200,112.62626262626300,1.0101010101010100,1.0101010101010100,10.362694300518100,1.0362694300518100,0.5,11.398963730569900,0.2272727272727270,1.5544041450777200,0.0,1.0362694300518100,6.217616580310880,1.5544041450777200,0.0,0.0,0.8,0.9166666666666670,0.5210729166666670,0.3541666666666670,0.4,0.0,14.93212669683260,3.580562659846550,5.05050505050505,3.5353535353535400,0.1666666666666670,1.0101010101010100,0.0384615384615384,2.0725388601036300,0.0,0.0,2.0725388601036300,0.0677966101694915,0.0388349514563106,0.0714285714285714,0.0,6.735751295336790,17.098445595854900,3.1088082901554400,3.626943005181350,1.5544041450777200,0.0,0.0,0.5181347150259070,0.0,0.0,0.04,0.9166666666666670,11.4,25.83636363636360,0.0,0.0,0.0,0.0,0.0,0.5181347150259070,0.0416666666666666,1.0,0.0,0.5181347150259070,0.0416666666666666,0.0,0.0,4.66321243523316,0.375,0.1111111111111110,0.1111111111111110,1.0,6.735751295336790,0.3076923076923080,4,13,0.3076923076923080,SG
Gabe Vincent,LAL,1.092896174863390,0.546448087431694,2.7247956403269800,0.0,2.185792349726780,121.19565217391300,0.0,1.6304347826087000,9.289617486338800,1.639344262295080,0.3333333333333330,7.103825136612020,0.3076923076923080,1.639344262295080,1.092896174863390,0.0,6.557377049180330,0.0,1.0,1.0,1.0,0.8125,0.523509375,0.4375,0.5,0.0,9.405940594059400,0.8174386920980930,1.0869565217391300,0.5434782608695650,0.0277777777777777,0.5434782608695650,0.0222222222222222,0.546448087431694,0.0,0.0,0.546448087431694,0.0277777777777777,0.0161290322580645,0.0909090909090909,0.0,4.371584699453550,9.289617486338800,3.8251366120218600,0.546448087431694,1.639344262295080,0.0,0.0,0.546448087431694,0.0,0.0,0.0588235294117647,0.8125,13.133333333333300,25.876923076923100,0.0,0.0,0.0,0.0,0.0,0.546448087431694,0.0625,0.0,1.0,1.092896174863390,0.125,0.5,1.0,2.185792349726780,0.25,0.5,0.5,1.0,4.918032786885250,0.2222222222222220,2,9,0.2222222222222220,PG
Branden Carlson,OKC,1.7341040462427700,0.5780346820809250,2.816901408450700,0.0,1.7341040462427700,105.49450549450500,3.2967032967033000,1.098901098901100,18.4971098265896,8.670520231213870,0.6,8.670520231213870,0.2666666666666670,1.1560693641618500,8.092485549132950,2.3121387283237,6.936416184971100,0.0,0.7777777777777780,1.0,1.0,0.5,0.5851583333333330,0.5,0.5,2.3121387283237,18.51851851851850,5.915492957746480,8.241758241758240,4.395604395604400,0.16,3.8461538461538500,0.1428571428571430,3.468208092485550,1.7341040462427700,0.0909090909090909,1.7341040462427700,0.0652173913043478,0.0759493670886076,0.2352941176470590,0.2,2.8901734104046200,7.514450867052020,1.1560693641618500,1.7341040462427700,2.3121387283237,0.5780346820809250,0.0,0.0,0.0,0.5780346820809250,0.032258064516129,0.9,3.1333333333333300,25.58,6.936416184971100,0.4,0.6666666666666670,0.75,0.0833333333333333,1.1560693641618500,0.0666666666666666,0.5,0.5,0.5780346820809250,0.0333333333333333,0.0,0.0,1.1560693641618500,0.0666666666666666,0.0,0.0,0.0,7.514450867052020,0.3076923076923080,4,13,0.3076923076923080,C
Julian Phillips,CHI,0.5747126436781610,0.0,1.971830985915490,0.0,1.1494252873563200,111.04972375690600,1.6574585635359100,2.7624309392265200,12.06896551724140,6.896551724137930,0.5,6.896551724137930,0.25,0.0,5.747126436781610,1.1494252873563200,5.172413793103450,0.0,0.8333333333333330,1.0,1.0,0.5,0.5866895833333330,0.4375,0.4375,1.1494252873563200,12.755102040816300,3.0985915492957700,2.209944751381220,0.0,0.0,2.209944751381220,0.0851063829787234,4.022988505747130,2.2988505747126400,0.1111111111111110,1.7241379310344800,0.0681818181818181,0.0875,0.0,0.1764705882352940,1.1494252873563200,3.4482758620689700,0.0,1.1494252873563200,0.0,0.0,0.0,0.0,0.0,0.0,0.0,0.875,2.9416666666666700,23.83333333333330,5.172413793103450,0.375,0.6666666666666670,0.8333333333333330,0.1111111111111110,1.7241379310344800,0.125,0.0,0.3333333333333330,0.0,0.0,0.0,0.0,6.32183908045977,0.4583333333333330,0.1818181818181820,0.1818181818181820,1.0,0.5747126436781610,1.0,1,1,1.0,SF
Jett Howard,ORL,0.6024096385542170,0.0,1.488095238095240,0.0,0.6024096385542170,120.0,1.7647058823529400,0.5882352941176470,16.867469879518100,4.216867469879520,0.2857142857142860,13.25301204819280,0.3636363636363640,0.0,1.2048192771084300,1.2048192771084300,14.457831325301200,0.0,0.5,0.5,1.0,0.7586206896551720,0.5079965517241380,0.4827586206896550,0.4827586206896550,0.0,15.306122448979600,1.7857142857142900,2.9411764705882400,1.1764705882352900,0.0392156862745098,1.7647058823529400,0.09375,0.6024096385542170,0.6024096385542170,0.0227272727272727,0.0,0.0,0.0116279069767441,0.05,0.0,4.216867469879520,10.240963855421700,2.409638554216870,1.8072289156626500,0.0,0.0,0.0,0.0,0.0,0.0,0.0,0.8620689655172410,6.7,25.477272727272700,1.8072289156626500,0.1034482758620690,0.3333333333333330,0.0,0.0,1.8072289156626500,0.1034482758620690,0.0,0.0,0.6024096385542170,0.0344827586206896,1.0,1.0,2.409638554216870,0.1379310344827590,0.25,0.25,1.0,10.843373493975900,0.3888888888888890,7,18,0.3888888888888890,SF
Tidjane Salaün,CHA,1.744186046511630,0.5813953488372090,2.2792022792022800,0.0,1.744186046511630,119.55307262569800,0.5586592178770950,1.11731843575419,12.790697674418600,4.069767441860470,0.4285714285714290,6.976744186046510,0.3333333333333330,2.3255813953488400,2.3255813953488400,1.162790697674420,6.976744186046510,0.0,0.6666666666666670,0.6666666666666670,1.0,0.631578947368421,0.5570552631578950,0.4736842105263160,0.5,0.0,12.254901960784300,7.122507122507120,11.1731843575419,3.910614525139670,0.1891891891891890,7.262569832402230,0.325,2.9069767441860500,1.162790697674420,0.064516129032258,1.744186046511630,0.081081081081081,0.0735294117647058,0.2307692307692310,0.1111111111111110,2.9069767441860500,8.13953488372093,0.5813953488372090,2.3255813953488400,3.488372093023260,1.162790697674420,0.0,0.0,0.0,0.5813953488372090,0.0952380952380952,0.8947368421052630,3.1142857142857100,25.633333333333300,2.9069767441860500,0.2631578947368420,0.6,0.6666666666666670,0.0,1.162790697674420,0.1052631578947370,0.0,0.5,0.0,0.0,0.0,0.0,1.162790697674420,0.1052631578947370,0.0,0.0,0.0,5.813953488372090,0.4,4,10,0.4,PF
Asa Newell,ATL,2.3391812865497100,1.1695906432748500,3.151862464183380,0.0,3.508771929824560,101.68539325842700,1.6853932584269700,2.247191011235960,27.485380116959100,9.35672514619883,0.5,9.35672514619883,0.5,4.093567251461990,4.678362573099420,4.678362573099420,14.035087719298200,0.0,0.5,0.6666666666666670,1.0,0.5,0.5846703125,0.625,0.6527777777777780,2.3391812865497100,20.304568527918800,4.871060171919770,4.49438202247191,3.3707865168539300,0.1276595744680850,1.1235955056179800,0.0625,5.2631578947368400,1.1695906432748500,0.0571428571428571,4.093567251461990,0.1186440677966100,0.0957446808510638,0.0588235294117647,0.0769230769230769,0.5847953216374270,1.7543859649122800,0.0,0.5847953216374270,5.2631578947368400,1.7543859649122800,0.5847953216374270,0.0,0.0,1.1695906432748500,0.088235294117647,0.90625,2.78125,23.91875,7.60233918128655,0.40625,0.5384615384615380,0.4285714285714290,0.3076923076923080,1.7543859649122800,0.09375,0.3333333333333330,0.0,0.0,0.0,0.0,0.0,7.017543859649120,0.375,0.5,0.5,1.0,2.3391812865497100,0.5,2,4,0.5,PF
Obi Toppin,IND,3.4482758620689700,0.5747126436781610,2.028985507246380,0.0,2.8735632183908000,120.46783625731000,0.0,1.7543859649122800,24.13793103448280,10.919540229885100,0.631578947368421,9.770114942528740,0.1764705882352940,5.172413793103450,5.747126436781610,8.045977011494250,5.172413793103450,0.0,0.4166666666666670,0.5,1.0,0.4722222222222220,0.5449875,0.4583333333333330,0.525,2.2988505747126400,23.58974358974360,5.797101449275360,9.941520467836260,4.678362573099420,0.1739130434782610,4.678362573099420,0.1860465116279070,1.7241379310344800,1.1494252873563200,0.0606060606060606,0.5747126436781610,0.0196078431372549,0.0357142857142857,0.1875,0.0666666666666666,2.8735632183908000,6.32183908045977,2.2988505747126400,0.5747126436781610,5.172413793103450,2.8735632183908000,0.5747126436781610,0.0,0.0,0.0,0.125,0.8055555555555560,5.473684210526320,25.294117647058800,6.896551724137930,0.3333333333333330,0.6666666666666670,0.375,0.0833333333333333,3.4482758620689700,0.1666666666666670,0.6666666666666670,0.1666666666666670,0.5747126436781610,0.0277777777777777,0.0,0.0,2.2988505747126400,0.1111111111111110,0.0,0.0,0.0,7.471264367816090,0.2307692307692310,3,13,0.2307692307692310,PF
Duop Reath,POR,0.5747126436781610,0.0,2.292263610315190,0.0,0.0,110.85714285714300,0.5714285714285710,0.0,23.5632183908046,1.1494252873563200,0.5,12.64367816091950,0.5909090909090910,0.0,1.1494252873563200,0.0,22.41379310344830,0.0,1.0,1.0,1.0,0.9166666666666670,0.5367645833333330,0.8541666666666670,0.8541666666666670,0.0,12.56281407035180,1.7191977077363900,2.857142857142860,1.7142857142857100,0.0769230769230769,1.1428571428571400,0.0512820512820512,0.5747126436781610,0.0,0.0,0.5747126436781610,0.0227272727272727,0.0119047619047619,0.0,0.0,2.2988505747126400,6.32183908045977,0.5747126436781610,1.7241379310344800,0.0,0.0,0.0,0.0,0.0,0.0,0.0,0.9583333333333330,5.15,24.91818181818180,0.5747126436781610,0.0416666666666666,1.0,1.0,0.0,0.5747126436781610,0.0416666666666666,0.0,0.0,0.0,0.0,0.0,0.0,4.597701149425290,0.3333333333333330,0.875,0.875,1.0,8.045977011494250,0.4285714285714290,6,14,0.4285714285714290,C
Dereck Lively II,DAL,4.651162790697680,1.162790697674420,4.335260115606940,0.0,2.9069767441860500,106.89655172413800,4.022988505747130,1.7241379310344800,12.790697674418600,8.13953488372093,0.6428571428571430,0.0,0.0,2.3255813953488400,9.30232558139535,1.162790697674420,0.0,0.0,0.8888888888888890,0.8888888888888890,0.0,0.0,0.6838142857142860,0.6428571428571430,0.6470588235294120,0.0,12.88659793814430,6.647398843930640,9.770114942528740,5.172413793103450,0.2045454545454550,4.022988505747130,0.2,3.488372093023260,2.9069767441860500,0.1041666666666670,0.5813953488372090,0.0294117647058823,0.073170731707317,0.1818181818181820,0.0555555555555555,5.813953488372090,12.790697674418600,4.651162790697680,1.162790697674420,3.488372093023260,1.162790697674420,0.0,0.0,0.0,0.5813953488372090,0.125,0.8571428571428570,2.207142857142860,0.0,6.976744186046510,0.8571428571428570,0.6666666666666670,0.875,0.0833333333333333,1.162790697674420,0.1428571428571430,0.5,0.0,0.0,0.0,0.0,0.0,0.0,0.0,0.0,0.0,0.0,0.0,0.0,0,0,0.0,C
Spencer Jones,DEN,3.636363636363640,2.4242424242424200,3.488372093023260,0.0,1.2121212121212100,97.7653631284916,0.5586592178770950,3.35195530726257,9.090909090909090,2.4242424242424200,0.75,3.0303030303030300,0.4,1.818181818181820,2.4242424242424200,1.2121212121212100,3.636363636363640,0.0,0.6666666666666670,1.0,1.0,0.5555555555555560,0.6226611111111110,0.6666666666666670,0.6818181818181820,1.2121212121212100,9.18918918918919,0.5813953488372090,0.0,0.0,0.0,0.0,0.0,1.2121212121212100,0.6060606060606060,0.0256410256410256,0.6060606060606060,0.0285714285714285,0.027027027027027,0.0,0.0588235294117647,2.4242424242424200,6.0606060606060600,1.2121212121212100,1.2121212121212100,2.4242424242424200,0.6060606060606060,0.0,0.0,0.0,0.6060606060606060,0.1,1.0,0.95,24.68,2.4242424242424200,0.4444444444444440,0.75,0.6666666666666670,0.0,0.0,0.0,0.0,0.0,0.0,0.0,0.0,0.0,1.818181818181820,0.3333333333333330,0.3333333333333330,0.3333333333333330,1.0,1.2121212121212100,0.5,1,2,0.5,SF
Caleb Love,POR,2.272727272727270,1.7045454545454500,0.8450704225352110,0.0,0.0,109.4972067039110,0.0,1.11731843575419,19.318181818181800,9.090909090909090,0.5,13.068181818181800,0.2608695652173910,0.0,2.272727272727270,6.818181818181820,8.522727272727270,1.7045454545454500,0.25,0.25,0.8333333333333330,0.5897435897435900,0.5152641025641030,0.4358974358974360,0.4358974358974360,0.0,21.182266009852200,4.788732394366200,8.379888268156420,3.910614525139670,0.1627906976744190,4.46927374301676,0.2,1.1363636363636400,0.0,0.0,1.1363636363636400,0.0392156862745098,0.0229885057471264,0.0588235294117647,0.0,6.25,15.340909090909100,3.409090909090910,2.840909090909090,0.0,0.0,0.0,0.0,0.0,0.0,0.0,0.8205128205128210,5.3125,26.339130434782600,5.113636363636360,0.2307692307692310,0.4444444444444440,0.25,0.2222222222222220,3.409090909090910,0.1538461538461540,0.5,0.0,0.5681818181818180,0.0256410256410256,1.0,0.0,1.7045454545454500,0.0769230769230769,0.3333333333333330,0.3333333333333330,1.0,11.363636363636400,0.25,5,20,0.25,SG
Gui Santos,GSW,3.1645569620253200,1.8987341772151900,4.62962962962963,0.0,2.5316455696202500,112.04819277108400,0.0,2.409638554216870,15.189873417721500,3.1645569620253200,0.8,10.126582278481000,0.3125,0.6329113924050630,5.063291139240510,0.0,9.49367088607595,0.0,1.0,1.0,1.0,0.7619047619047620,0.5367952380952380,0.5476190476190480,0.5454545454545450,0.0,13.846153846153800,4.938271604938270,4.819277108433740,0.6024096385542170,0.0303030303030303,3.0120481927710800,0.1923076923076920,5.063291139240510,1.8987341772151900,0.075,3.1645569620253200,0.1111111111111110,0.0941176470588235,0.0,0.0666666666666666,1.2658227848101300,3.79746835443038,0.0,1.2658227848101300,1.2658227848101300,0.6329113924050630,0.0,0.0,0.0,0.0,0.0454545454545454,0.9523809523809520,2.62,25.85,2.5316455696202500,0.1904761904761900,0.75,1.0,0.0,0.6329113924050630,0.0476190476190476,1.0,0.0,0.0,0.0,0.0,0.0,1.2658227848101300,0.0952380952380952,0.5,0.5,1.0,8.860759493670890,0.2857142857142860,4,14,0.2857142857142860,PF
Olivier-Maxence Prosper,MEM,2.4242424242424200,1.818181818181820,1.1695906432748500,0.0,6.0606060606060600,120.90395480226000,0.5649717514124290,0.5649717514124290,21.818181818181800,9.090909090909090,0.6666666666666670,3.0303030303030300,0.0,9.696969696969700,10.909090909090900,1.2121212121212100,0.0,0.0,0.9,0.9,0.0,0.25,0.5897575000000000,0.5,0.6428571428571430,0.0,17.02127659574470,5.2631578947368400,6.779661016949150,2.2598870056497200,0.125,2.824858757062150,0.125,3.636363636363640,1.2121212121212100,0.0666666666666666,1.818181818181820,0.0652173913043478,0.0657894736842105,0.2857142857142860,0.0,3.0303030303030300,6.666666666666670,2.4242424242424200,0.6060606060606060,9.696969696969700,4.242424242424240,0.0,0.0,0.0,0.6060606060606060,0.2592592592592590,0.7,4.3933333333333300,24.66,5.454545454545450,0.45,0.6666666666666670,1.0,0.0,3.0303030303030300,0.25,0.8,0.0,0.6060606060606060,0.05,0.0,0.0,1.2121212121212100,0.1,0.0,0.0,0.0,1.818181818181820,0.0,0,3,0.0,PF
Chris Boucher,BOS,0.6802721088435370,0.0,4.950495049504950,0.0,2.0408163265306100,107.05128205128200,3.2051282051282100,2.5641025641025600,11.564625850340100,6.802721088435370,0.6,8.16326530612245,0.0833333333333333,1.3605442176870700,5.442176870748300,2.7210884353741500,2.0408163265306100,0.0,0.6666666666666670,0.8,1.0,0.5454545454545450,0.5657409090909090,0.3409090909090910,0.3695652173913040,1.3605442176870700,13.953488372093000,5.6105610561056100,9.615384615384620,3.2051282051282100,0.1136363636363640,5.128205128205130,0.2352941176470590,1.3605442176870700,0.0,0.0,1.3605442176870700,0.037037037037037,0.0240963855421686,0.1666666666666670,0.0,1.3605442176870700,4.081632653061230,0.0,1.3605442176870700,1.3605442176870700,0.0,0.0,0.0,0.0,0.6802721088435370,0.0,0.8636363636363640,4.11,25.308333333333300,4.761904761904760,0.3181818181818180,0.7142857142857140,0.6,0.1428571428571430,1.3605442176870700,0.0909090909090909,0.5,0.0,0.6802721088435370,0.0454545454545454,0.0,0.0,2.0408163265306100,0.1363636363636360,0.0,0.0,0.0,6.122448979591840,0.1111111111111110,1,9,0.1111111111111110,PF
Nae'Qwan Tomlin,CLE,1.2422360248447200,0.6211180124223600,4.643962848297210,0.6211180124223600,5.590062111801240,100.61728395061700,3.08641975308642,3.703703703703700,22.981366459627300,11.801242236024800,0.7368421052631580,4.968944099378880,0.0,5.590062111801240,9.937888198757760,7.453416149068320,0.0,0.0,0.5714285714285710,0.8,0.0,0.2962962962962960,0.6592333333333330,0.5185185185185190,0.578125,4.968944099378880,17.80104712041890,6.191950464396290,4.938271604938270,1.851851851851850,0.073170731707317,2.469135802469140,0.1111111111111110,7.453416149068320,3.1055900621118000,0.1724137931034480,4.3478260869565200,0.1489361702127660,0.1578947368421050,0.0714285714285714,0.3636363636363640,2.484472049689440,5.590062111801240,1.8633540372670800,0.6211180124223600,6.211180124223600,1.2422360248447200,0.0,0.0,0.0,1.8633540372670800,0.0689655172413793,0.925925925925926,2.0157894736842100,24.8875,10.559006211180100,0.6296296296296300,0.7647058823529410,0.6153846153846150,0.0588235294117647,1.2422360248447200,0.074074074074074,0.5,0.0,0.0,0.0,0.0,0.0,1.8633540372670800,0.1111111111111110,0.0,0.0,0.0,3.1055900621118000,0.0,0,5,0.0,PF
Gary Harris,MIL,1.342281879194630,0.6711409395973160,1.96078431372549,0.0,0.0,122.29299363057300,1.2738853503184700,3.1847133757961800,13.422818791946300,4.697986577181210,0.5714285714285710,6.711409395973150,0.4,0.0,5.369127516778520,0.0,8.053691275167790,0.0,1.0,1.0,1.0,0.5882352941176470,0.5466970588235300,0.5882352941176470,0.5882352941176470,0.0,10.982658959537600,1.30718954248366,1.910828025477710,0.0,0.0,1.910828025477710,0.1034482758620690,0.6711409395973160,0.0,0.0,0.6711409395973160,0.03125,0.0149253731343283,0.0,0.0,2.684563758389260,6.711409395973150,1.342281879194630,1.342281879194630,0.0,0.0,0.0,0.0,0.0,0.0,0.0,0.7647058823529410,5.271428571428570,24.24,2.0134228187919500,0.1764705882352940,0.6666666666666670,1.0,0.0,2.684563758389260,0.2352941176470590,0.5,0.25,0.0,0.0,0.0,0.0,4.697986577181210,0.4117647058823530,0.4285714285714290,0.4285714285714290,1.0,2.0134228187919500,0.3333333333333330,1,3,0.3333333333333330,SG
Maxime Raynaud,SAC,3.614457831325300,3.0120481927710800,1.8018018018018000,0.0,4.819277108433740,117.36526946107800,1.1976047904191600,1.1976047904191600,15.662650602409600,12.048192771084300,0.45,1.8072289156626500,0.0,4.819277108433740,7.228915662650600,3.614457831325300,0.0,0.0,0.6666666666666670,0.8571428571428570,0.0,0.1304347826086960,0.4996391304347830,0.391304347826087,0.4814814814814810,2.409638554216870,18.0327868852459,6.606606606606610,8.982035928143710,4.790419161676650,0.2962962962962960,4.191616766467070,0.1707317073170730,4.216867469879520,1.8072289156626500,0.0666666666666666,2.409638554216870,0.1290322580645160,0.0921052631578947,0.5,0.2,2.409638554216870,6.024096385542170,1.2048192771084300,1.2048192771084300,5.421686746987950,2.409638554216870,0.6024096385542170,0.0,0.0,0.6024096385542170,0.1538461538461540,0.391304347826087,6.205,26.566666666666700,3.614457831325300,0.2608695652173910,0.5,0.0,0.0,7.831325301204820,0.5652173913043480,0.4615384615384620,0.1538461538461540,0.6024096385542170,0.0434782608695652,0.0,0.0,0.0,0.0,0.0,0.0,0.0,1.8072289156626500,0.0,0,3,0.0,C
Jordan McLaughlin,SAS,1.2738853503184700,1.2738853503184700,2.236421725239620,0.0,1.910828025477710,121.7948717948720,0.0,4.487179487179490,17.8343949044586,5.732484076433120,0.5555555555555560,9.554140127388540,0.3333333333333330,1.910828025477710,1.2738853503184700,5.095541401273890,9.554140127388540,0.0,0.2,0.25,1.0,0.625,0.5757645833333330,0.5208333333333330,0.56,1.2738853503184700,14.835164835164800,1.597444089456870,1.2820512820512800,0.0,0.0,1.2820512820512800,0.0689655172413793,1.910828025477710,1.2738853503184700,0.0555555555555555,0.6369426751592360,0.032258064516129,0.044776119402985,0.0,0.0,6.369426751592360,14.64968152866240,4.45859872611465,1.910828025477710,1.910828025477710,0.6369426751592360,0.6369426751592360,0.0,0.0,0.6369426751592360,0.0416666666666666,0.875,4.166666666666670,24.7,3.821656050955410,0.25,0.8333333333333330,0.2,0.0,1.2738853503184700,0.0833333333333333,0.0,0.0,0.6369426751592360,0.0416666666666666,0.0,0.0,5.095541401273890,0.3333333333333330,0.125,0.125,1.0,4.45859872611465,0.5714285714285710,4,7,0.5714285714285710,PG
Darius Garland,CLE,3.1645569620253200,1.8987341772151900,1.9047619047619000,0.0,5.063291139240510,114.6496815286620,0.0,1.910828025477710,24.68354430379750,10.759493670886100,0.2941176470588240,12.025316455696200,0.3684210526315790,5.063291139240510,2.5316455696202500,3.79746835443038,9.49367088607595,3.79746835443038,0.4,0.4,0.7142857142857140,0.5277777777777780,0.4914041666666670,0.4305555555555560,0.4875,0.0,23.93617021276600,2.857142857142860,3.821656050955410,1.2738853503184700,0.0526315789473684,2.5477707006369400,0.1,1.8987341772151900,1.2658227848101300,0.054054054054054,0.6329113924050630,0.024390243902439,0.0384615384615384,0.0666666666666666,0.0,9.49367088607595,22.151898734177200,6.329113924050630,3.1645569620253200,5.063291139240510,1.8987341772151900,0.0,0.0,0.0,0.6329113924050630,0.0769230769230769,0.6111111111111110,8.976470588235290,26.87894736842110,1.8987341772151900,0.0833333333333333,0.6666666666666670,0.0,0.3333333333333330,7.594936708860760,0.3333333333333330,0.1666666666666670,0.1666666666666670,1.2658227848101300,0.0555555555555555,0.5,0.0,2.5316455696202500,0.1111111111111110,0.25,0.25,1.0,9.49367088607595,0.4,6,15,0.4,PG
Jamison Battle,TOR,2.5806451612903200,2.5806451612903200,1.6129032258064500,0.0,0.6451612903225810,100.0,0.6451612903225810,1.2903225806451600,26.451612903225800,3.870967741935480,0.6666666666666670,9.67741935483871,0.7333333333333330,0.0,5.161290322580650,0.0,21.29032258064520,0.0,1.0,1.0,1.0,0.7142857142857140,0.5663285714285710,0.9761904761904760,0.9761904761904760,0.0,14.450867052023100,3.548387096774190,6.451612903225810,2.5806451612903200,0.0930232558139534,3.225806451612900,0.1388888888888890,0.6451612903225810,0.0,0.0,0.6451612903225810,0.0454545454545454,0.0192307692307692,0.2222222222222220,0.0,1.2903225806451600,3.225806451612900,0.6451612903225810,0.6451612903225810,0.0,0.0,0.0,0.0,0.0,0.0,0.0,0.9047619047619050,4.866666666666670,25.146666666666700,2.5806451612903200,0.1904761904761900,1.0,1.0,0.0,0.6451612903225810,0.0476190476190476,0.0,0.0,0.6451612903225810,0.0476190476190476,0.0,0.0,3.870967741935480,0.2857142857142860,0.6666666666666670,0.6666666666666670,1.0,5.806451612903230,0.7777777777777780,7,9,0.7777777777777780,SF
Jericho Sims,MIL,2.7210884353741500,0.6802721088435370,1.973684210526320,0.0,2.7210884353741500,121.01910828025500,1.2738853503184700,0.6369426751592360,7.482993197278910,4.081632653061230,0.6666666666666670,0.0,0.0,2.0408163265306100,4.081632653061230,1.3605442176870700,0.0,0.0,0.75,1.0,0.0,0.0,0.56985,0.6666666666666670,0.6875,1.3605442176870700,7.185628742514970,5.921052631578950,6.369426751592360,1.2738853503184700,0.08,3.821656050955410,0.1764705882352940,5.442176870748300,4.081632653061230,0.1276595744680850,1.3605442176870700,0.0689655172413793,0.1052631578947370,0.1,0.1,2.7210884353741500,6.802721088435370,1.3605442176870700,1.3605442176870700,2.7210884353741500,0.0,0.0,0.0,0.0,1.3605442176870700,0.0,0.8333333333333330,4.116666666666670,0.0,3.401360544217690,0.8333333333333330,0.8,0.75,0.0,0.6802721088435370,0.1666666666666670,0.0,0.0,0.0,0.0,0.0,0.0,0.0,0.0,0.0,0.0,0.0,0.0,0.0,0,0,0.0,C
Julian Strawther,DEN,2.0134228187919500,1.342281879194630,1.973684210526320,0.0,6.040268456375840,96.12903225806450,0.6451612903225810,0.0,22.14765100671140,9.395973154362420,0.6428571428571430,10.738255033557000,0.125,6.040268456375840,8.053691275167790,4.026845637583890,4.026845637583890,0.0,0.6666666666666670,0.6666666666666670,1.0,0.5333333333333330,0.529975,0.4,0.4583333333333330,0.0,23.63636363636360,4.605263157894740,9.03225806451613,3.870967741935480,0.15,5.161290322580650,0.1951219512195120,0.0,0.0,0.0,0.0,0.0,0.0,0.125,0.0,2.684563758389260,6.040268456375840,2.0134228187919500,0.6711409395973160,8.724832214765100,2.0134228187919500,0.6711409395973160,0.0,0.0,2.684563758389260,0.09375,0.7,7.371428571428570,25.375,3.355704697986580,0.1666666666666670,1.0,0.4,0.0,6.040268456375840,0.3,0.4444444444444440,0.2222222222222220,0.0,0.0,0.0,0.0,3.355704697986580,0.1666666666666670,0.0,0.0,0.0,7.382550335570470,0.1818181818181820,2,11,0.1818181818181820,SG
Kyle Anderson,UTA,2.097902097902100,0.0,2.826855123674910,0.0,5.594405594405590,115.0,0.0,2.142857142857140,18.181818181818200,15.384615384615400,0.4545454545454550,0.0,0.0,4.195804195804200,6.993006993006990,6.993006993006990,0.0,0.0,0.5,0.5555555555555560,0.0,0.0,0.5211727272727270,0.4545454545454550,0.5,1.3986013986014000,17.261904761904800,3.53356890459364,4.285714285714290,0.0,0.0,2.142857142857140,0.088235294117647,2.797202797202800,1.3986013986014000,0.054054054054054,1.3986013986014000,0.0555555555555555,0.0547945205479452,0.0,0.1428571428571430,9.79020979020979,21.67832167832170,7.6923076923076900,2.097902097902100,6.293706293706290,3.4965034965035000,0.6993006993006990,0.0,0.0,0.0,0.1923076923076920,0.4545454545454550,5.490909090909090,0.0,6.993006993006990,0.4545454545454550,0.5,0.6,0.2,7.6923076923076900,0.5,0.4545454545454550,0.0,0.6993006993006990,0.0454545454545454,0.0,0.0,0.0,0.0,0.0,0.0,0.0,0.0,0.0,0,0,0.0,SF
Tyler Kolek,NYK,4.651162790697680,3.10077519379845,3.3834586466165400,0.0,3.875968992248060,113.86861313868600,0.0,0.7299270072992700,17.829457364341100,8.527131782945740,0.6363636363636360,10.07751937984500,0.2307692307692310,0.0,4.651162790697680,6.2015503875969,4.651162790697680,2.3255813953488400,0.4285714285714290,0.4285714285714290,0.6666666666666670,0.5416666666666670,0.5757354166666670,0.4791666666666670,0.4791666666666670,0.0,18.987341772151900,1.8796992481203000,2.18978102189781,2.18978102189781,0.088235294117647,0.0,0.0,1.550387596899230,0.0,0.0,1.550387596899230,0.0465116279069767,0.0273972602739726,0.0833333333333333,0.0,10.07751937984500,25.58139534883720,4.651162790697680,5.426356589147290,0.0,0.0,0.0,0.0,0.0,0.0,0.0,0.8333333333333330,4.509090909090910,25.984615384615400,5.426356589147290,0.2916666666666670,0.7142857142857140,0.2,0.1428571428571430,2.3255813953488400,0.125,0.6666666666666670,0.0,0.7751937984496120,0.0416666666666666,0.0,0.0,0.7751937984496120,0.0416666666666666,0.0,0.0,0.0,9.30232558139535,0.25,3,12,0.25,PG
Chris Youngblood,OKC,0.0,0.0,4.119850187265920,0.0,3.7593984962406000,107.46268656716400,0.0,0.746268656716418,13.533834586466200,0.7518796992481200,0.0,10.526315789473700,0.2857142857142860,4.511278195488720,0.0,0.0,9.022556390977440,0.0,0.0,0.0,1.0,0.9333333333333330,0.5300833333333330,0.4,0.5,0.0,12.587412587412600,2.621722846441950,3.7313432835820900,1.492537313432840,0.0526315789473684,2.238805970149250,0.0789473684210526,1.5037593984962400,0.7518796992481200,0.05,0.7518796992481200,0.025,0.0333333333333333,0.1111111111111110,0.0,1.5037593984962400,3.7593984962406000,0.7518796992481200,0.7518796992481200,4.511278195488720,0.0,0.0,0.0,0.0,2.255639097744360,0.0,0.9333333333333330,6.2,25.27857142857140,0.0,0.0,0.0,0.0,0.0,0.7518796992481200,0.0666666666666666,0.0,0.0,0.0,0.0,0.0,0.0,3.007518796992480,0.2666666666666670,0.5,0.5,1.0,7.518796992481200,0.2,2,10,0.2,SG
Elijah Harkless,UTA,2.1739130434782600,1.4492753623188400,3.597122302158270,0.7246376811594200,6.521739130434780,107.14285714285700,0.0,2.857142857142860,12.318840579710100,2.898550724637680,0.5,5.072463768115940,0.2857142857142860,5.072463768115940,0.0,2.898550724637680,4.3478260869565200,0.0,0.0,0.0,1.0,0.6363636363636360,0.5420318181818180,0.4545454545454550,0.5666666666666670,1.4492753623188400,11.842105263157900,2.158273381294960,2.857142857142860,0.0,0.0,2.857142857142860,0.0952380952380952,1.4492753623188400,0.7246376811594200,0.05,0.7246376811594200,0.0344827586206896,0.0408163265306122,0.0,0.2,3.6231884057971000,9.420289855072470,1.4492753623188400,2.1739130434782600,6.521739130434780,1.4492753623188400,0.7246376811594200,0.0,0.0,2.1739130434782600,0.1666666666666670,0.8181818181818180,8.475,25.071428571428600,1.4492753623188400,0.1818181818181820,0.5,0.0,0.0,0.7246376811594200,0.0909090909090909,0.0,0.0,0.7246376811594200,0.0909090909090909,1.0,0.0,1.4492753623188400,0.1818181818181820,1.0,1.0,1.0,3.6231884057971000,0.0,0,5,0.0,SG
Xavier Tillman,BOS,0.8,0.8,2.7450980392156900,0.0,1.6,132.3076923076920,0.7692307692307690,2.3076923076923100,16.0,8.0,0.7,6.4,0.25,0.0,9.6,1.6,4.8,0.0,0.8571428571428570,1.0,1.0,0.4444444444444440,0.5406388888888890,0.5555555555555560,0.5555555555555560,1.6,13.013698630137000,6.666666666666670,7.6923076923076900,4.615384615384620,0.2307692307692310,3.076923076923080,0.1333333333333330,5.6,1.6,0.1052631578947370,4.0,0.1136363636363640,0.1111111111111110,0.0714285714285714,0.0,4.0,10.4,1.6,2.4,0.0,0.0,0.0,0.0,0.0,0.0,0.0,0.8333333333333330,4.64,24.95,5.6,0.3888888888888890,0.5714285714285710,0.75,0.1428571428571430,2.4,0.1666666666666670,1.0,0.0,0.0,0.0,0.0,0.0,1.6,0.1111111111111110,0.0,0.0,0.0,4.8,0.3333333333333330,2,6,0.3333333333333330,C
Monté Morris,IND,1.4492753623188400,1.4492753623188400,1.0676156583629900,0.0,2.1739130434782600,104.1958041958040,0.6993006993006990,0.6993006993006990,13.043478260869600,8.695652173913040,0.4166666666666670,5.797101449275360,0.25,1.4492753623188400,4.3478260869565200,2.898550724637680,4.3478260869565200,0.0,0.6,0.6,1.0,0.4,0.5476125,0.4,0.4090909090909090,0.0,14.723926380368100,2.491103202846980,4.195804195804200,1.3986013986014000,0.064516129032258,2.797202797202800,0.1052631578947370,0.7246376811594200,0.7246376811594200,0.0232558139534883,0.0,0.0,0.0126582278481012,0.0,0.0555555555555555,6.521739130434780,15.217391304347800,4.3478260869565200,2.1739130434782600,2.898550724637680,0.7246376811594200,0.0,0.0,0.0,0.7246376811594200,0.0476190476190476,0.7,6.416666666666670,24.8875,4.3478260869565200,0.3,0.6666666666666670,0.5,0.0,2.898550724637680,0.2,0.0,0.25,1.4492753623188400,0.1,0.5,1.0,2.1739130434782600,0.15,0.0,0.0,0.0,3.6231884057971000,0.4,2,5,0.4,PG
Devin Carter,SAC,4.137931034482760,1.3793103448275900,2.7681660899654000,0.6896551724137930,5.517241379310350,107.6388888888890,0.6944444444444440,4.166666666666670,11.724137931034500,6.896551724137930,0.3,6.896551724137930,0.2,3.4482758620689700,0.0,4.137931034482760,4.137931034482760,0.0,0.0,0.0,1.0,0.5,0.491235,0.3,0.3863636363636360,1.3793103448275900,17.5,4.1522491349481000,6.25,2.7777777777777800,0.1904761904761900,3.4722222222222200,0.1351351351351350,2.0689655172413800,1.3793103448275900,0.0625,0.6896551724137930,0.032258064516129,0.0476190476190476,0.0,0.0,6.206896551724140,15.172413793103400,3.4482758620689700,2.7586206896551700,3.4482758620689700,2.0689655172413800,0.6896551724137930,0.0,0.0,0.0,0.1363636363636360,0.6,6.3100000000000000,26.52,1.3793103448275900,0.1,0.5,0.0,0.5,5.517241379310350,0.4,0.25,0.0,0.0,0.0,0.0,0.0,0.0,0.0,0.0,0.0,0.0,6.896551724137930,0.2,2,10,0.2,PG
Will Riley,WAS,1.5267175572519100,1.5267175572519100,0.7490636704119850,0.0,2.2900763358778600,118.38235294117600,0.0,1.4705882352941200,15.267175572519100,10.687022900763400,0.5,3.053435114503820,0.25,2.2900763358778600,7.633587786259540,3.053435114503820,2.2900763358778600,0.0,0.7142857142857140,0.7142857142857140,1.0,0.2222222222222220,0.5027027777777780,0.4722222222222220,0.4761904761904760,0.0,15.333333333333300,5.243445692883900,8.088235294117650,3.676470588235290,0.1388888888888890,3.676470588235290,0.1724137931034480,2.2900763358778600,0.7633587786259540,0.0294117647058823,1.5267175572519100,0.0625,0.0454545454545454,0.2352941176470590,0.0,5.343511450381680,10.687022900763400,5.343511450381680,0.0,4.580152671755730,2.2900763358778600,0.0,0.0,0.0,0.0,0.1428571428571430,0.4444444444444440,7.107142857142860,27.7,3.053435114503820,0.2222222222222220,0.75,1.0,0.0,6.106870229007630,0.4444444444444440,0.5,0.125,1.5267175572519100,0.1111111111111110,0.0,0.0,0.0,0.0,0.0,0.0,0.0,3.053435114503820,0.25,1,4,0.25,SF
Carter Bryant,SAS,3.2,1.6,1.953125,0.0,1.6,104.58015267175600,0.7633587786259540,1.5267175572519100,17.6,9.6,0.4166666666666670,11.2,0.2142857142857140,2.4,3.2,4.8,7.2,0.0,0.4,0.5,1.0,0.5384615384615380,0.5876711538461540,0.3653846153846150,0.4074074074074070,1.6,22.30215827338130,3.90625,6.870229007633590,3.053435114503820,0.1052631578947370,3.816793893129770,0.1666666666666670,0.8,0.8,0.05,0.0,0.0,0.0196078431372549,0.0833333333333333,0.0,0.0,0.0,0.0,0.0,2.4,1.6,0.8,0.0,0.0,0.0,0.074074074074074,0.8076923076923080,5.233333333333330,25.228571428571400,5.6,0.2692307692307690,0.7142857142857140,0.4,0.0,2.4,0.1153846153846150,0.0,0.0,1.6,0.0769230769230769,0.0,0.0,4.0,0.1923076923076920,0.0,0.0,0.0,7.2,0.3333333333333330,3,9,0.3333333333333330,PF
Thomas Bryant,CLE,0.8064516129032260,0.0,2.380952380952380,0.0,4.032258064516130,99.21875,2.34375,2.34375,16.129032258064500,9.67741935483871,0.8333333333333330,8.870967741935480,0.0,0.0,11.290322580645200,4.838709677419360,0.0,0.0,0.7,0.875,0.0,0.4782608695652170,0.5720478260869570,0.4347826086956520,0.4347826086956520,3.225806451612900,16.0,6.746031746031750,9.375,6.25,0.2758620689655170,2.34375,0.1,4.032258064516130,1.6129032258064500,0.0909090909090909,2.419354838709680,0.0638297872340425,0.072463768115942,0.25,0.1111111111111110,0.8064516129032260,1.6129032258064500,0.8064516129032260,0.0,2.419354838709680,2.419354838709680,2.419354838709680,0.0,0.0,0.0,0.1304347826086960,0.8695652173913040,3.6166666666666700,25.90909090909090,7.258064516129030,0.391304347826087,0.8888888888888890,0.625,0.1111111111111110,1.6129032258064500,0.0869565217391304,1.0,0.0,0.8064516129032260,0.0434782608695652,0.0,0.0,0.0,0.0,0.0,0.0,0.0,8.870967741935480,0.0,0,11,0.0,C
Kobe Brown,LAC,2.702702702702700,2.702702702702700,0.8849557522123890,0.0,3.603603603603600,100.86956521739100,0.0,0.0,13.513513513513500,4.504504504504510,0.8,5.405405405405410,0.1666666666666670,3.603603603603600,7.207207207207210,0.0,2.702702702702700,0.0,1.0,1.0,1.0,0.5454545454545450,0.5501454545454550,0.5,0.5769230769230770,0.0,12.698412698412700,6.6371681415929200,9.565217391304350,2.608695652173910,0.125,4.3478260869565200,0.125,3.603603603603600,1.8018018018018000,0.0952380952380952,1.8018018018018000,0.0769230769230769,0.0851063829787234,0.1666666666666670,0.0,6.306306306306310,15.315315315315300,3.603603603603600,2.702702702702700,3.603603603603600,0.9009009009009010,0.0,0.0,0.0,0.9009009009009010,0.0833333333333333,1.0,2.84,24.98333333333330,4.504504504504510,0.4545454545454550,0.8,1.0,0.2,0.0,0.0,0.0,0.0,0.0,0.0,0.0,0.0,2.702702702702700,0.2727272727272730,0.0,0.0,0.0,2.702702702702700,0.3333333333333330,1,3,0.3333333333333330,PF
Dalen Terry,CHI,1.550387596899230,1.550387596899230,2.281368821292780,0.0,2.3255813953488400,97.01492537313430,1.492537313432840,0.746268656716418,13.178294573643400,6.2015503875969,0.5,3.875968992248060,0.4,2.3255813953488400,4.651162790697680,1.550387596899230,4.651162790697680,0.0,0.75,0.75,1.0,0.3846153846153850,0.6006423076923080,0.5384615384615380,0.53125,0.0,11.842105263157900,2.281368821292780,4.477611940298510,2.985074626865670,0.0975609756097561,1.492537313432840,0.0714285714285714,0.0,0.0,0.0,0.0,0.0,0.0,0.0,0.0,6.2015503875969,17.05426356589150,1.550387596899230,4.651162790697680,4.651162790697680,1.550387596899230,0.0,0.0,0.0,0.7751937984496120,0.1333333333333330,0.8461538461538460,2.575,24.22,4.651162790697680,0.4615384615384620,0.3333333333333330,1.0,0.1666666666666670,1.550387596899230,0.1538461538461540,1.0,0.0,0.0,0.0,0.0,0.0,1.550387596899230,0.1538461538461540,0.5,0.5,1.0,2.3255813953488400,0.3333333333333330,1,3,0.3333333333333330,SG
Tristan Vukcevic,WAS,4.0,3.2,2.3715415019762800,0.0,6.4,110.15625,3.125,0.78125,23.2,9.6,0.5833333333333330,8.0,0.3,4.8,9.6,1.6,7.2,0.0,0.8571428571428570,0.8571428571428570,1.0,0.4545454545454550,0.5095590909090910,0.5227272727272730,0.5384615384615380,0.0,21.58273381294960,3.5573122529644300,6.25,1.5625,0.064516129032258,4.6875,0.1764705882352940,0.8,0.0,0.0,0.8,0.03125,0.0158730158730158,0.0588235294117647,0.0,3.2,7.2,2.4,0.8,8.0,3.2,1.6,0.0,0.0,1.6,0.1666666666666670,0.6363636363636360,8.991666666666670,26.27,3.2,0.1818181818181820,0.5,1.0,0.5,4.0,0.2272727272727270,0.6,0.0,2.4,0.1363636363636360,0.6666666666666670,0.5,0.0,0.0,0.0,0.0,0.0,8.0,0.3,3,10,0.3,C
Aaron Holiday,HOU,4.3478260869565200,2.608695652173910,2.109704641350210,0.0,5.217391304347830,104.09836065573800,0.819672131147541,0.819672131147541,28.695652173913000,6.086956521739130,0.7142857142857140,9.565217391304350,0.4545454545454550,6.956521739130440,5.217391304347830,3.4782608695652200,13.043478260869600,0.0,0.6,0.6,1.0,0.6111111111111110,0.5340194444444440,0.6944444444444440,0.75,0.0,20.149253731343300,1.6877637130801700,3.278688524590160,0.819672131147541,0.0303030303030303,2.459016393442620,0.0909090909090909,0.0,0.0,0.0,0.0,0.0,0.0,0.1666666666666670,0.0,6.086956521739130,15.652173913043500,2.608695652173910,3.4782608695652200,7.826086956521740,2.608695652173910,0.8695652173913040,0.0,0.0,1.7391304347826100,0.15,0.7777777777777780,5.771428571428570,26.1,2.608695652173910,0.1666666666666670,0.6666666666666670,0.5,0.0,3.4782608695652200,0.2222222222222220,0.75,0.0,0.0,0.0,0.0,0.0,1.7391304347826100,0.1111111111111110,0.5,0.5,1.0,7.826086956521740,0.4444444444444440,4,9,0.4444444444444440,PG
T.J. McConnell,IND,0.8064516129032260,0.0,2.0161290322580600,0.0,3.225806451612900,144.3548387096770,0.0,2.419354838709680,20.967741935483900,23.387096774193500,0.3793103448275860,4.838709677419360,0.1666666666666670,0.8064516129032260,6.451612903225810,11.290322580645200,2.419354838709680,0.0,0.3636363636363640,0.3636363636363640,1.0,0.1714285714285710,0.4668657142857140,0.3571428571428570,0.3714285714285710,0.0,25.174825174825200,1.6129032258064500,2.419354838709680,1.6129032258064500,0.1111111111111110,0.0,0.0,0.8064516129032260,0.8064516129032260,0.0232558139534883,0.0,0.0,0.0128205128205128,0.0,0.0,7.258064516129030,16.93548387096770,4.838709677419360,2.419354838709680,0.8064516129032260,0.8064516129032260,0.8064516129032260,0.0,0.0,0.0,0.0285714285714285,0.3428571428571430,9.455172413793100,25.133333333333300,4.838709677419360,0.1714285714285710,0.5,0.0,0.1666666666666670,15.32258064516130,0.5428571428571430,0.3684210526315790,0.1052631578947370,3.225806451612900,0.1142857142857140,0.25,0.0,0.8064516129032260,0.0285714285714285,1.0,1.0,1.0,4.032258064516130,0.0,0,5,0.0,PG
Ariel Hukporti,NYK,4.201680672268910,1.680672268907560,3.673469387755100,0.0,0.8403361344537820,110.31746031746000,1.5873015873015900,0.7936507936507940,6.722689075630250,6.722689075630250,0.5,0.0,0.0,0.0,5.042016806722690,1.680672268907560,0.0,0.0,0.75,1.0,0.0,0.0,0.6443375,0.5,0.5,1.680672268907560,9.558823529411760,6.938775510204080,7.936507936507940,3.968253968253970,0.217391304347826,3.1746031746031700,0.1538461538461540,5.882352941176470,3.361344537815130,0.1290322580645160,2.5210084033613400,0.088235294117647,0.1076923076923080,0.375,0.1818181818181820,4.201680672268910,10.084033613445400,2.5210084033613400,1.680672268907560,0.0,0.0,0.0,0.0,0.0,0.0,0.0,0.75,2.9,0.0,5.042016806722690,0.75,0.6666666666666670,0.75,0.1666666666666670,1.680672268907560,0.25,0.0,0.5,0.0,0.0,0.0,0.0,0.0,0.0,0.0,0.0,0.0,0.0,0.0,0,0,0.0,C
Jevon Carter,CHI,1.680672268907560,0.8403361344537820,1.25,0.0,0.8403361344537820,108.26446280991700,0.0,1.6528925619834700,26.89075630252100,3.361344537815130,0.0,14.285714285714300,0.5882352941176470,1.680672268907560,0.0,0.0,17.647058823529400,7.563025210084030,0.0,0.0,0.7,0.8095238095238100,0.5596309523809520,0.7142857142857140,0.7272727272727270,0.0,17.39130434782610,2.9166666666666700,4.132231404958680,2.479338842975210,0.0967741935483871,1.6528925619834700,0.0869565217391304,1.680672268907560,0.8403361344537820,0.0357142857142857,0.8403361344537820,0.032258064516129,0.0338983050847457,0.25,0.0555555555555555,5.882352941176470,15.966386554621800,1.680672268907560,4.201680672268910,1.680672268907560,0.0,0.0,0.0,0.0,0.8403361344537820,0.0,0.9047619047619050,7.6,24.83529411764710,1.680672268907560,0.0952380952380952,0.0,0.0,0.5,0.8403361344537820,0.0476190476190476,0.0,0.0,0.8403361344537820,0.0476190476190476,0.0,0.0,6.722689075630250,0.3809523809523810,0.625,0.625,1.0,7.563025210084030,0.5555555555555560,5,9,0.5555555555555560,PG
Kelly Olynyk,SAS,3.5398230088495600,1.7699115044247800,3.9647577092511000,0.0,3.5398230088495600,114.03508771929800,0.0,1.7543859649122800,18.58407079646020,7.964601769911500,0.6666666666666670,4.424778761061950,0.4,2.6548672566371700,5.3097345132743400,5.3097345132743400,5.3097345132743400,0.0,0.5,0.6,1.0,0.3571428571428570,0.5951357142857140,0.6428571428571430,0.65625,1.7699115044247800,15.625,7.048458149779740,9.649122807017550,6.140350877192980,0.2592592592592590,2.631578947368420,0.1,4.424778761061950,1.7699115044247800,0.0833333333333333,2.6548672566371700,0.1153846153846150,0.1,0.2727272727272730,0.1666666666666670,14.15929203539820,33.6283185840708,8.849557522123890,5.3097345132743400,3.5398230088495600,1.7699115044247800,0.0,0.0,0.0,0.0,0.125,0.9285714285714290,2.2444444444444400,25.28,7.079646017699120,0.5714285714285710,0.625,0.6,0.25,0.8849557522123890,0.0714285714285714,1.0,0.0,0.0,0.0,0.0,0.0,1.7699115044247800,0.1428571428571430,1.0,1.0,1.0,2.6548672566371700,0.0,0,3,0.0,C
Cody Martin,IND,3.508771929824560,0.8771929824561400,2.1186440677966100,0.0,4.385964912280700,100.0,1.639344262295080,3.278688524590160,6.140350877192980,4.385964912280700,0.4,4.385964912280700,0.0,2.631578947368420,1.7543859649122800,1.7543859649122800,0.0,0.0,0.5,0.5,0.0,0.5,0.509745,0.2,0.2692307692307690,0.0,12.500000000000000,5.932203389830510,10.655737704918000,1.639344262295080,0.0714285714285714,9.01639344262295,0.2894736842105260,0.8771929824561400,0.8771929824561400,0.0333333333333333,0.0,0.0,0.0140845070422535,0.0833333333333333,0.1111111111111110,1.7543859649122800,4.385964912280700,0.8771929824561400,0.8771929824561400,5.2631578947368400,1.7543859649122800,0.0,0.0,0.0,0.8771929824561400,0.1666666666666670,0.6,5.98,24.94,0.8771929824561400,0.1,1.0,1.0,0.0,3.508771929824560,0.4,0.25,0.25,0.0,0.0,0.0,0.0,1.7543859649122800,0.2,0.0,0.0,0.0,2.631578947368420,0.0,0,3,0.0,SF
Bobi Klintman,DET,4.424778761061950,3.5398230088495600,3.9130434782608700,0.0,4.424778761061950,114.52991452991500,0.0,1.709401709401710,15.04424778761060,8.849557522123890,0.4,9.734513274336280,0.2727272727272730,0.0,5.3097345132743400,1.7699115044247800,7.964601769911500,0.0,0.75,0.75,1.0,0.5238095238095240,0.5572761904761910,0.4047619047619050,0.3863636363636360,0.0,19.852941176470600,6.956521739130440,9.401709401709400,0.8547008547008550,0.0555555555555555,6.837606837606840,0.2666666666666670,4.424778761061950,1.7699115044247800,0.0689655172413793,2.6548672566371700,0.1,0.0847457627118644,0.1111111111111110,0.0833333333333333,3.5398230088495600,7.079646017699120,3.5398230088495600,0.0,2.6548672566371700,0.8849557522123890,0.8849557522123890,0.0,0.0,0.8849557522123890,0.0476190476190476,0.7619047619047620,6.030000000000000,25.10909090909090,4.424778761061950,0.238095238095238,0.6,1.0,0.2,3.5398230088495600,0.1904761904761900,0.25,0.25,0.8849557522123890,0.0476190476190476,0.0,0.0,3.5398230088495600,0.1904761904761900,0.0,0.0,0.0,6.1946902654867300,0.4285714285714290,3,7,0.4285714285714290,SF
Jalen Pickett,DEN,3.508771929824560,1.7543859649122800,1.293103448275860,0.0,1.7543859649122800,111.01694915254200,0.0,0.0,15.789473684210500,7.017543859649120,0.5,6.140350877192980,0.4285714285714290,0.8771929824561400,3.508771929824560,3.508771929824560,7.894736842105260,0.0,0.5,0.5,1.0,0.4666666666666670,0.545,0.5666666666666670,0.6,0.0,14.285714285714300,3.0172413793103400,4.237288135593220,0.847457627118644,0.0357142857142857,3.389830508474580,0.1481481481481480,1.7543859649122800,0.8771929824561400,0.0454545454545454,0.8771929824561400,0.0303030303030303,0.0363636363636363,0.0833333333333333,0.0,6.140350877192980,13.157894736842100,5.2631578947368400,0.8771929824561400,0.8771929824561400,0.8771929824561400,0.8771929824561400,0.0,0.0,0.0,0.0666666666666666,0.8,6.35,26.214285714285700,4.385964912280700,0.3333333333333330,0.4,1.0,0.4,0.8771929824561400,0.0666666666666666,1.0,0.0,1.7543859649122800,0.1333333333333330,0.5,0.0,0.8771929824561400,0.0666666666666666,0.0,0.0,0.0,5.2631578947368400,0.5,3,6,0.5,SG
Maxi Kleber,LAL,0.0,0.0,2.955665024630540,0.0,1.96078431372549,95.04950495049500,1.98019801980198,0.99009900990099,6.862745098039220,0.9803921568627450,0.0,2.9411764705882400,0.6666666666666670,0.9803921568627450,0.0,0.0,5.882352941176470,0.0,0.0,0.0,1.0,0.75,0.57115,0.75,0.7,0.0,4.201680672268910,3.4482758620689700,4.950495049504950,3.96039603960396,0.1739130434782610,0.99009900990099,0.04,1.96078431372549,0.0,0.0,1.96078431372549,0.1176470588235290,0.048780487804878,0.25,0.0,3.92156862745098,10.784313725490200,0.9803921568627450,2.9411764705882400,1.96078431372549,0.9803921568627450,0.0,0.0,0.0,0.0,0.2,1.0,1.0,25.933333333333300,0.9803921568627450,0.25,0.0,0.0,1.0,0.0,0.0,0.0,0.0,0.0,0.0,0.0,0.0,0.0,0.0,0.0,0.0,0.0,2.9411764705882400,0.6666666666666670,2,3,0.6666666666666670,PF
Zach Edey,MEM,3.7383177570093500,1.8691588785046700,3.286384976525820,0.0,8.411214953271030,103.77358490566000,3.7735849056603800,1.8867924528301900,19.626168224299100,14.953271028037400,0.4375,0.9345794392523360,0.0,6.542056074766360,11.214953271028000,1.8691588785046700,0.0,0.0,0.8571428571428570,1.0,0.0,0.0588235294117647,0.5830352941176470,0.4117647058823530,0.5,1.8691588785046700,19.68503937007870,8.450704225352110,10.37735849056600,1.8867924528301900,0.1,8.49056603773585,0.2727272727272730,6.542056074766360,1.8691588785046700,0.0606060606060606,4.672897196261680,0.238095238095238,0.1296296296296300,0.0,0.0,1.8691588785046700,4.672897196261680,0.9345794392523360,0.9345794392523360,8.411214953271030,3.7383177570093500,0.9345794392523360,0.0,0.0,0.9345794392523360,0.2,0.5882352941176470,3.2375,24.7,8.411214953271030,0.5294117647058820,0.4444444444444440,0.75,0.1111111111111110,6.542056074766360,0.4117647058823530,0.4285714285714290,0.0,0.0,0.0,0.0,0.0,0.0,0.0,0.0,0.0,0.0,0.9345794392523360,0.0,0,1,0.0,C
Jordan Miller,LAC,3.225806451612900,1.075268817204300,1.0638297872340400,0.0,5.376344086021510,131.57894736842100,0.0,1.0526315789473700,30.107526881720400,7.526881720430110,0.4285714285714290,9.67741935483871,0.5555555555555560,7.526881720430110,2.150537634408600,4.301075268817200,16.129032258064500,0.0,0.3333333333333330,1.0,1.0,0.5625,0.52726,0.65625,0.7,4.301075268817200,22.54901960784310,4.25531914893617,5.2631578947368400,0.0,0.0,5.2631578947368400,0.2631578947368420,3.225806451612900,1.075268817204300,0.0625,1.075268817204300,0.0434782608695652,0.0512820512820512,0.0,0.2,3.225806451612900,9.67741935483871,0.0,3.225806451612900,8.602150537634410,4.301075268817200,0.0,0.0,0.0,0.0,0.2,0.875,3.914285714285710,27.522222222222200,5.376344086021510,0.3125,0.6,0.3333333333333330,0.2,2.150537634408600,0.125,0.0,1.0,0.0,0.0,0.0,0.0,1.075268817204300,0.0625,0.0,0.0,0.0,8.602150537634410,0.625,5,8,0.625,SF
Matisse Thybulle,POR,0.9009009009009010,0.9009009009009010,3.1531531531531500,0.0,4.504504504504510,91.89189189189190,0.0,9.00900900900901,18.01801801801800,3.603603603603600,0.5,5.405405405405410,0.6666666666666670,3.603603603603600,0.0,3.603603603603600,10.81081081081080,0.0,0.0,0.0,1.0,0.6,0.6488050000000000,0.8,0.8333333333333330,0.0,10.483870967741900,1.8018018018018000,3.603603603603600,2.702702702702700,0.125,0.9009009009009010,0.05,0.0,0.0,0.0,0.0,0.0,0.0,0.1,0.0,2.702702702702700,6.306306306306310,1.8018018018018000,0.9009009009009010,3.603603603603600,0.9009009009009010,0.0,0.0,0.0,0.9009009009009010,0.0909090909090909,1.0,1.75,25.616666666666700,3.603603603603600,0.4,0.5,0.0,0.25,0.0,0.0,0.0,0.0,0.0,0.0,0.0,0.0,0.0,0.0,0.0,0.0,0.0,5.405405405405410,0.6666666666666670,4,6,0.6666666666666670,SG
Rayan Rupert,POR,1.941747572815530,1.941747572815530,3.864734299516910,0.0,3.883495145631070,103.84615384615400,0.0,2.8846153846153800,8.737864077669900,3.883495145631070,0.5,6.796116504854370,0.1428571428571430,1.941747572815530,1.941747572815530,1.941747572815530,2.912621359223300,0.0,0.5,0.5,1.0,0.6363636363636360,0.5713045454545460,0.3181818181818180,0.3461538461538460,0.0,12.195121951219500,4.3478260869565200,7.6923076923076900,2.8846153846153800,0.1363636363636360,4.807692307692310,0.238095238095238,0.970873786407767,0.970873786407767,0.04,0.0,0.0,0.0178571428571428,0.2,0.0,1.941747572815530,4.854368932038840,0.970873786407767,0.970873786407767,3.883495145631070,0.970873786407767,0.0,0.0,0.0,0.970873786407767,0.0833333333333333,0.9090909090909090,2.6,24.87142857142860,2.912621359223300,0.2727272727272730,0.6666666666666670,0.5,0.3333333333333330,0.970873786407767,0.0909090909090909,0.0,1.0,0.0,0.0,0.0,0.0,0.970873786407767,0.0909090909090909,0.0,0.0,0.0,5.825242718446600,0.1666666666666670,1,6,0.1666666666666670,SG
Luke Travers,CLE,0.9803921568627450,0.0,0.9523809523809520,0.0,2.9411764705882400,109.25925925925900,3.703703703703700,2.7777777777777800,9.803921568627450,9.803921568627450,0.2,5.882352941176470,0.0,5.882352941176470,3.92156862745098,0.0,0.0,0.0,1.0,1.0,0.0,0.375,0.578503125,0.125,0.2631578947368420,0.0,16.528925619834700,5.238095238095240,6.481481481481480,5.555555555555560,0.2222222222222220,0.0,0.0,3.92156862745098,0.0,0.0,3.92156862745098,0.1212121212121210,0.0714285714285714,0.1428571428571430,0.0,3.92156862745098,9.803921568627450,1.96078431372549,1.96078431372549,5.882352941176470,2.9411764705882400,0.0,0.0,0.0,0.0,0.1578947368421050,0.8125,4.01,24.48333333333330,6.862745098039220,0.4375,0.1428571428571430,1.0,0.2857142857142860,1.96078431372549,0.125,0.5,0.0,0.9803921568627450,0.0625,0.0,0.0,1.96078431372549,0.125,0.0,0.0,0.0,3.92156862745098,0.0,0,4,0.0,SG
Noah Penda,ORL,3.191489361702130,1.0638297872340400,3.061224489795920,0.0,3.191489361702130,117.6470588235290,1.96078431372549,0.9803921568627450,18.08510638297870,9.574468085106380,0.4444444444444440,2.127659574468090,1.0,3.191489361702130,4.25531914893617,4.25531914893617,6.382978723404260,0.0,0.5,0.5,1.0,0.1818181818181820,0.5514636363636360,0.6363636363636360,0.6538461538461540,0.0,14.545454545454500,6.63265306122449,6.862745098039220,2.9411764705882400,0.1153846153846150,2.9411764705882400,0.1578947368421050,6.382978723404260,4.25531914893617,0.1904761904761900,2.127659574468090,0.1111111111111110,0.1538461538461540,0.1818181818181820,0.2857142857142860,6.382978723404260,13.829787234042600,5.319148936170210,1.0638297872340400,4.25531914893617,2.127659574468090,0.0,0.0,0.0,0.0,0.1538461538461540,0.7272727272727270,2.8,25.45,6.382978723404260,0.5454545454545450,0.5,0.6666666666666670,0.0,3.191489361702130,0.2727272727272730,0.3333333333333330,0.0,0.0,0.0,0.0,0.0,1.0638297872340400,0.0909090909090909,1.0,1.0,1.0,1.0638297872340400,1.0,1,1,1.0,SF
Bismack Biyombo,SAS,2.247191011235960,0.0,4.918032786885250,0.0,1.1235955056179800,135.10638297872300,1.0638297872340400,3.191489361702130,2.247191011235960,2.247191011235960,0.5,0.0,0.0,0.0,2.247191011235960,0.0,0.0,0.0,1.0,1.0,0.0,0.0,0.735,0.5,0.5,0.0,4.040404040404040,3.278688524590160,4.25531914893617,1.0638297872340400,0.0714285714285714,2.127659574468090,0.1,2.247191011235960,1.1235955056179800,0.05,0.0,0.0,0.025,0.0,0.0,2.247191011235960,6.741573033707870,0.0,2.247191011235960,0.0,0.0,0.0,0.0,0.0,0.0,0.0,1.0,1.6,0.0,2.247191011235960,1.0,0.5,1.0,0.0,0.0,0.0,0.0,0.0,0.0,0.0,0.0,0.0,0.0,0.0,0.0,0.0,0.0,0.0,0.0,0,0,0.0,C
Lindy Waters III,SAS,0.0,0.0,2.1739130434782600,0.0,1.0869565217391300,121.7391304347830,0.0,0.0,16.304347826087000,0.0,0.0,13.043478260869600,0.4166666666666670,0.0,0.0,0.0,16.304347826087000,0.0,0.0,0.0,1.0,1.0,0.5386875,0.625,0.625,0.0,11.538461538461500,3.804347826086960,7.608695652173910,3.260869565217390,0.1304347826086960,4.3478260869565200,0.1739130434782610,0.0,0.0,0.0,0.0,0.0,0.0,0.125,0.0,3.260869565217390,6.521739130434780,3.260869565217390,0.0,0.0,0.0,0.0,0.0,0.0,0.0,0.0,1.0,0.0,25.53333333333330,0.0,0.0,0.0,0.0,0.0,0.0,0.0,0.0,0.0,0.0,0.0,0.0,0.0,4.3478260869565200,0.3333333333333330,0.5,0.5,1.0,8.695652173913040,0.375,3,8,0.375,SG
Rasheer Fleming,PHX,3.0,2.0,2.4038461538461500,0.0,2.0,112.03703703703700,0.925925925925926,0.925925925925926,16.0,8.0,0.375,11.0,0.1818181818181820,4.0,4.0,2.0,6.0,0.0,0.6666666666666670,1.0,1.0,0.5789473684210530,0.5879552631578950,0.3157894736842110,0.3809523809523810,2.0,20.16806722689080,5.769230769230770,4.62962962962963,0.0,0.0,2.7777777777777800,0.1578947368421050,7.0,4.0,0.2105263157894740,3.0,0.1,0.1428571428571430,0.0,0.2,2.0,6.0,0.0,2.0,4.0,2.0,0.0,0.0,0.0,0.0,0.0952380952380952,0.9473684210526320,2.525,24.781818181818200,7.0,0.3684210526315790,0.4285714285714290,0.6666666666666670,0.0,1.0,0.0526315789473684,0.0,0.0,0.0,0.0,0.0,0.0,5.0,0.2631578947368420,0.2,0.2,1.0,6.0,0.1666666666666670,1,6,0.1666666666666670,PF
Ryan Nembhard,DAL,6.122448979591840,4.081632653061230,1.530612244897960,0.0,3.061224489795920,122.44897959183700,0.0,0.0,16.3265306122449,11.224489795918400,0.6363636363636360,4.081632653061230,0.0,2.0408163265306100,4.081632653061230,10.20408163265310,0.0,0.0,0.2857142857142860,0.2857142857142860,0.0,0.2666666666666670,0.4516233333333330,0.4666666666666670,0.5,0.0,19.819819819819800,0.5102040816326530,0.0,0.0,0.0,0.0,0.0,1.020408163265310,1.020408163265310,0.04,0.0,0.0,0.0232558139534883,0.0,0.125,9.183673469387760,21.428571428571400,6.122448979591840,3.061224489795920,3.061224489795920,1.020408163265310,1.020408163265310,0.0,0.0,1.020408163265310,0.0666666666666666,0.4,13.154545454545500,25.775,2.0408163265306100,0.1333333333333330,0.5,0.0,0.5,3.061224489795920,0.2,0.6666666666666670,0.0,6.122448979591840,0.4,0.6666666666666670,0.5,0.0,0.0,0.0,0.0,0.0,4.081632653061230,0.0,0,4,0.0,PG
Wendell Moore Jr.,DET,1.1494252873563200,1.1494252873563200,0.5747126436781610,0.0,2.2988505747126400,97.70114942528740,1.1494252873563200,2.2988505747126400,6.896551724137930,5.747126436781610,0.6,1.1494252873563200,0.0,0.0,2.2988505747126400,4.597701149425290,0.0,0.0,0.3333333333333330,0.3333333333333330,0.0,0.1666666666666670,0.585325,0.5,0.5,0.0,7.526881720430110,2.2988505747126400,3.4482758620689700,1.1494252873563200,0.05,2.2988505747126400,0.1,1.1494252873563200,0.0,0.0,1.1494252873563200,0.0476190476190476,0.03125,0.1666666666666670,0.0,3.4482758620689700,9.195402298850570,1.1494252873563200,2.2988505747126400,0.0,0.0,0.0,0.0,0.0,0.0,0.0,0.8333333333333330,3.08,23.4,4.597701149425290,0.6666666666666670,0.75,0.3333333333333330,0.0,1.1494252873563200,0.1666666666666670,0.0,1.0,0.0,0.0,0.0,0.0,1.1494252873563200,0.1666666666666670,0.0,0.0,0.0,0.0,0.0,0,0,0.0,SG
Bryce McGowens,NOP,1.0638297872340400,0.0,2.1164021164021200,0.0,7.446808510638300,114.73684210526300,0.0,2.1052631578947400,19.148936170212800,11.702127659574500,0.4545454545454550,2.127659574468090,0.0,8.51063829787234,6.382978723404260,4.25531914893617,0.0,0.0,0.6,0.6,0.0,0.1538461538461540,0.5775846153846150,0.3846153846153850,0.5,0.0,17.59259259259260,2.1164021164021200,4.2105263157894700,0.0,0.0,4.2105263157894700,0.125,0.0,0.0,0.0,0.0,0.0,0.0,0.0,0.0,3.191489361702130,7.446808510638300,2.127659574468090,1.0638297872340400,10.638297872340400,5.319148936170210,0.0,0.0,0.0,0.0,0.2777777777777780,0.9230769230769230,2.9454545454545500,24.7,10.638297872340400,0.7692307692307690,0.4,0.75,0.2,1.0638297872340400,0.0769230769230769,1.0,0.0,0.0,0.0,0.0,0.0,1.0638297872340400,0.0769230769230769,0.0,0.0,0.0,1.0638297872340400,0.0,0,1,0.0,SG
Yang Hansen,POR,6.382978723404260,5.319148936170210,2.1052631578947400,0.0,8.51063829787234,126.04166666666700,3.125,0.0,19.148936170212800,11.702127659574500,0.5454545454545450,5.319148936170210,0.0,6.382978723404260,8.51063829787234,4.25531914893617,0.0,0.0,0.6666666666666670,0.8,0.0,0.3125,0.562278125,0.375,0.4736842105263160,2.127659574468090,23.36448598130840,4.7368421052631600,5.208333333333330,3.125,0.1304347826086960,2.083333333333330,0.1111111111111110,4.25531914893617,4.25531914893617,0.1538461538461540,0.0,0.0,0.0909090909090909,0.1428571428571430,0.1428571428571430,3.191489361702130,7.446808510638300,2.127659574468090,1.0638297872340400,7.446808510638300,4.25531914893617,1.0638297872340400,0.0,0.0,0.0,0.2105263157894740,0.8125,4.7,26.6,8.51063829787234,0.5,0.75,0.6666666666666670,0.125,1.0638297872340400,0.0625,0.0,1.0,2.127659574468090,0.125,0.0,0.0,0.0,0.0,0.0,0.0,0.0,5.319148936170210,0.0,0,5,0.0,C
Brandon Miller,CHA,3.5294117647058800,2.3529411764705900,2.9411764705882400,0.0,7.0588235294117600,122.3529411764710,1.1764705882352900,1.1764705882352900,34.11764705882350,16.470588235294100,0.5714285714285710,12.941176470588200,0.1818181818181820,8.235294117647060,9.411764705882350,9.411764705882350,7.0588235294117600,0.0,0.5,0.5,1.0,0.44,0.564814,0.44,0.5,0.0,33.68421052631580,0.0,0.0,0.0,0.0,0.0,0.0,0.0,0.0,0.0,0.0,0.0,0.0,0.0,0.0,9.411764705882350,25.88235294117650,2.3529411764705900,7.0588235294117600,11.764705882352900,4.705882352941180,1.1764705882352900,1.1764705882352900,0.0,0.0,0.1724137931034480,0.76,6.021428571428570,25.44545454545450,9.411764705882350,0.32,0.75,0.6666666666666670,0.0,7.0588235294117600,0.24,0.3333333333333330,0.0,0.0,0.0,0.0,0.0,3.5294117647058800,0.12,0.3333333333333330,0.3333333333333330,1.0,9.411764705882350,0.125,1,8,0.125,SF
Jae'Sean Tate,HOU,1.3157894736842100,0.0,3.703703703703700,0.0,0.0,113.95348837209300,0.0,1.162790697674420,10.526315789473700,10.526315789473700,0.5,3.947368421052630,0.0,0.0,5.2631578947368400,5.2631578947368400,0.0,0.0,0.5,0.5,0.0,0.2727272727272730,0.4847227272727270,0.3636363636363640,0.3636363636363640,0.0,13.636363636363600,3.703703703703700,5.813953488372090,3.488372093023260,0.1428571428571430,1.162790697674420,0.0384615384615384,1.3157894736842100,1.3157894736842100,0.0666666666666666,0.0,0.0,0.032258064516129,0.1666666666666670,0.0,1.3157894736842100,3.947368421052630,0.0,1.3157894736842100,0.0,0.0,0.0,0.0,0.0,0.0,0.0,0.4545454545454550,5.7875,26.23333333333330,2.631578947368420,0.1818181818181820,0.5,1.0,0.0,7.894736842105260,0.5454545454545450,0.5,0.0,0.0,0.0,0.0,0.0,0.0,0.0,0.0,0.0,0.0,3.947368421052630,0.0,0,3,0.0,SF
AJ Johnson,WAS,1.3157894736842100,1.3157894736842100,1.96078431372549,0.0,3.947368421052630,128.57142857142900,0.0,0.0,9.210526315789470,11.842105263157900,0.2222222222222220,2.631578947368420,0.0,3.947368421052630,5.2631578947368400,0.0,0.0,0.0,1.0,1.0,0.0,0.1818181818181820,0.5483272727272730,0.1818181818181820,0.2692307692307690,0.0,15.730337078651700,3.2679738562091500,3.896103896103900,0.0,0.0,3.896103896103900,0.1363636363636360,2.631578947368420,1.3157894736842100,0.0476190476190476,1.3157894736842100,0.0714285714285714,0.0571428571428571,0.0,0.1,5.2631578947368400,13.157894736842100,2.631578947368420,2.631578947368420,5.2631578947368400,2.631578947368420,0.0,0.0,0.0,0.0,0.1538461538461540,0.7272727272727270,3.577777777777780,25.9,7.894736842105260,0.5454545454545450,0.1666666666666670,1.0,0.6666666666666670,3.947368421052630,0.2727272727272730,0.3333333333333330,0.0,0.0,0.0,0.0,0.0,1.3157894736842100,0.0909090909090909,0.0,0.0,0.0,1.3157894736842100,0.0,0,1,0.0,SG
Joan Beringer,MIN,2.3255813953488400,1.162790697674420,5.0,0.0,3.488372093023260,96.80851063829790,2.127659574468090,1.0638297872340400,20.930232558139500,12.790697674418600,0.7272727272727270,0.0,0.0,2.3255813953488400,16.27906976744190,2.3255813953488400,0.0,0.0,0.875,0.875,0.0,0.0,0.7649454545454550,0.7272727272727270,0.75,0.0,15.217391304347800,6.666666666666670,10.638297872340400,0.0,0.0,6.382978723404260,0.3157894736842110,2.3255813953488400,1.162790697674420,0.0714285714285714,1.162790697674420,0.0454545454545454,0.0555555555555555,0.0,0.0,0.0,0.0,0.0,0.0,3.488372093023260,2.3255813953488400,1.162790697674420,0.0,0.0,0.0,0.1666666666666670,1.0,1.0454545454545500,0.0,12.790697674418600,1.0,0.7272727272727270,0.875,0.0,0.0,0.0,0.0,0.0,0.0,0.0,0.0,0.0,0.0,0.0,0.0,0.0,0.0,0.0,0.0,0,0,0.0,PF
Leonard Miller,MIN,4.597701149425290,0.0,3.35195530726257,1.1494252873563200,4.597701149425290,102.17391304347800,0.0,2.1739130434782600,17.24137931034480,8.045977011494250,0.8571428571428570,5.747126436781610,0.0,3.4482758620689700,11.494252873563200,2.2988505747126400,0.0,0.0,0.8333333333333330,0.8333333333333330,0.0,0.4166666666666670,0.5639041666666670,0.5,0.5357142857142860,0.0,19.35483870967740,6.145251396648050,10.869565217391300,5.434782608695650,0.2941176470588240,4.3478260869565200,0.2352941176470590,1.1494252873563200,0.0,0.0,1.1494252873563200,0.0454545454545454,0.0277777777777777,0.1428571428571430,0.0,4.597701149425290,10.344827586206900,3.4482758620689700,1.1494252873563200,5.747126436781610,2.2988505747126400,1.1494252873563200,0.0,0.0,1.1494252873563200,0.1538461538461540,0.8333333333333330,3.4857142857142900,23.42,5.747126436781610,0.4166666666666670,1.0,1.0,0.0,2.2988505747126400,0.1666666666666670,0.5,0.0,0.0,0.0,0.0,0.0,5.747126436781610,0.4166666666666670,0.0,0.0,0.0,0.0,0.0,0,0,0.0,SF
Johnny Furphy,IND,3.75,1.25,2.5316455696202500,0.0,1.25,115.3846153846150,0.0,2.5641025641025600,10.0,3.75,0.3333333333333330,3.75,0.6666666666666670,0.0,2.5,0.0,7.5,0.0,1.0,1.0,1.0,0.5,0.533575,0.6666666666666670,0.6666666666666670,0.0,10.0,3.79746835443038,6.410256410256410,2.5641025641025600,0.125,3.8461538461538500,0.15,1.25,1.25,0.05,0.0,0.0,0.0277777777777777,0.0,0.1428571428571430,0.0,0.0,0.0,0.0,0.0,0.0,0.0,0.0,0.0,0.0,0.0,1.0,3.1666666666666700,25.166666666666700,3.75,0.5,0.3333333333333330,1.0,0.0,0.0,0.0,0.0,0.0,0.0,0.0,0.0,0.0,1.25,0.1666666666666670,1.0,1.0,1.0,2.5,0.5,1,2,0.5,SG
Jared McCain,PHI,1.4705882352941200,0.0,2.898550724637680,0.0,1.4705882352941200,94.28571428571430,0.0,1.4285714285714300,0.0,10.294117647058800,0.0,2.9411764705882400,0.0,0.0,0.0,0.0,0.0,0.0,0.0,0.0,0.0,0.2222222222222220,0.4951944444444450,0.0,0.0,0.0,12.34567901234570,1.4492753623188400,2.857142857142860,0.0,0.0,2.857142857142860,0.0869565217391304,0.0,0.0,0.0,0.0,0.0,0.0,0.0,0.0,5.882352941176470,14.705882352941200,2.9411764705882400,2.9411764705882400,0.0,0.0,0.0,0.0,0.0,0.0,0.0,0.3333333333333330,9.314285714285720,26.35,1.4705882352941200,0.1111111111111110,0.0,0.0,0.0,5.882352941176470,0.4444444444444440,0.0,0.5,2.9411764705882400,0.2222222222222220,0.0,0.0,1.4705882352941200,0.1111111111111110,0.0,0.0,0.0,1.4705882352941200,0.0,0,1,0.0,SG
Caleb Houstan,ATL,4.166666666666670,1.3888888888888900,3.3112582781457000,0.0,1.3888888888888900,106.32911392405100,1.2658227848101300,1.2658227848101300,19.444444444444400,4.166666666666670,0.3333333333333330,9.72222222222222,0.4285714285714290,4.166666666666670,2.7777777777777800,0.0,12.5,0.0,1.0,1.0,1.0,0.7,0.54964,0.55,0.6363636363636360,0.0,17.5,1.9867549668874200,0.0,0.0,0.0,0.0,0.0,4.166666666666670,0.0,0.0,4.166666666666670,0.1363636363636360,0.088235294117647,0.0,0.0,2.7777777777777800,5.555555555555560,2.7777777777777800,0.0,4.166666666666670,0.0,0.0,1.3888888888888900,0.0,0.0,0.0909090909090909,0.9,3.966666666666670,24.82857142857140,2.7777777777777800,0.2,0.5,1.0,0.0,1.3888888888888900,0.1,0.0,1.0,0.0,0.0,0.0,0.0,2.7777777777777800,0.2,0.5,0.5,1.0,6.944444444444450,0.4,2,5,0.4,SF
Nolan Traore,BKN,2.6666666666666700,2.6666666666666700,3.333333333333330,0.0,1.3333333333333300,126.66666666666700,0.0,2.6666666666666700,9.333333333333330,4.0,0.0,8.0,0.3333333333333330,1.3333333333333300,0.0,0.0,8.0,0.0,0.0,0.0,1.0,0.6666666666666670,0.5537277777777780,0.3333333333333330,0.35,0.0,13.186813186813200,0.6666666666666670,1.3333333333333300,1.3333333333333300,0.05,0.0,0.0,0.0,0.0,0.0,0.0,0.0,0.0,0.0,0.0,6.666666666666670,18.666666666666700,1.3333333333333300,5.333333333333330,2.6666666666666700,1.3333333333333300,0.0,0.0,0.0,0.0,0.1,0.8888888888888890,4.033333333333330,24.916666666666700,2.6666666666666700,0.2222222222222220,0.0,0.0,0.0,1.3333333333333300,0.1111111111111110,0.0,0.0,0.0,0.0,0.0,0.0,4.0,0.3333333333333330,0.0,0.0,0.0,4.0,0.6666666666666670,2,3,0.6666666666666670,PG
Jonathan Mogbo,TOR,1.2987012987013000,1.2987012987013000,2.5641025641025600,0.0,0.0,107.59493670886100,2.5316455696202500,1.2658227848101300,7.792207792207790,7.792207792207790,0.5,0.0,0.0,0.0,5.194805194805200,2.5974025974026000,0.0,0.0,0.6666666666666670,1.0,0.0,0.0,0.5469666666666670,0.5,0.5,2.5974025974026000,8.045977011494250,5.769230769230770,7.594936708860760,5.063291139240510,0.2222222222222220,1.2658227848101300,0.1111111111111110,3.896103896103900,2.5974025974026000,0.1,1.2987012987013000,0.0666666666666666,0.0857142857142857,0.1428571428571430,0.0,5.194805194805200,12.987012987013000,2.5974025974026000,2.5974025974026000,0.0,0.0,0.0,0.0,0.0,0.0,0.0,0.6666666666666670,3.35,0.0,5.194805194805200,0.6666666666666670,0.5,0.5,0.25,2.5974025974026000,0.3333333333333330,0.5,0.0,0.0,0.0,0.0,0.0,0.0,0.0,0.0,0.0,0.0,0.0,0.0,0,0,0.0,PF
Khaman Maluach,PHX,6.410256410256410,3.8461538461538500,4.9079754601227,0.0,7.6923076923076900,114.11764705882400,4.705882352941180,0.0,16.666666666666700,5.128205128205130,0.75,3.8461538461538500,0.0,8.974358974358970,7.6923076923076900,0.0,0.0,0.0,1.0,1.0,0.0,0.4285714285714290,0.6485000000000000,0.4285714285714290,0.5909090909090910,0.0,17.391304347826100,3.6809815950920200,5.882352941176470,4.705882352941180,0.2666666666666670,1.1764705882352900,0.0769230769230769,1.2820512820512800,0.0,0.0,1.2820512820512800,0.037037037037037,0.027027027027027,0.1666666666666670,0.0,1.2820512820512800,3.8461538461538500,0.0,1.2820512820512800,10.256410256410300,5.128205128205130,0.0,0.0,0.0,0.0,0.3636363636363640,1.0,1.375,25.433333333333300,5.128205128205130,0.5714285714285710,0.75,1.0,0.25,0.0,0.0,0.0,0.0,0.0,0.0,0.0,0.0,1.2820512820512800,0.1428571428571430,0.0,0.0,0.0,2.5641025641025600,0.0,0,2,0.0,C
Malaki Branham,WAS,1.5151515151515200,1.5151515151515200,1.4705882352941200,0.0,6.0606060606060600,118.57142857142900,0.0,0.0,28.78787878787880,9.090909090909090,0.8333333333333330,7.575757575757580,0.2,9.090909090909090,9.090909090909090,6.0606060606060600,4.545454545454550,0.0,0.6,0.75,1.0,0.4545454545454550,0.5455863636363640,0.5909090909090910,0.6333333333333330,3.0303030303030300,21.05263157894740,5.882352941176470,7.142857142857140,1.4285714285714300,0.0555555555555555,5.714285714285710,0.2222222222222220,4.545454545454550,1.5151515151515200,0.0769230769230769,3.0303030303030300,0.1176470588235290,0.1,0.0,0.0,4.545454545454550,12.12121212121210,1.5151515151515200,3.0303030303030300,12.12121212121210,4.545454545454550,0.0,0.0,0.0,1.5151515151515200,0.2142857142857140,0.7272727272727270,4.966666666666670,26.14,4.545454545454550,0.2727272727272730,1.0,0.3333333333333330,0.0,4.545454545454550,0.2727272727272730,0.6666666666666670,0.3333333333333330,0.0,0.0,0.0,0.0,1.5151515151515200,0.0909090909090909,0.0,0.0,0.0,6.0606060606060600,0.25,1,4,0.25,SG
Mac McClung,IND,2.73972602739726,2.73972602739726,4.081632653061230,0.0,4.109589041095890,118.91891891891900,1.351351351351350,6.756756756756760,26.02739726027400,10.95890410958900,0.625,13.6986301369863,0.2,4.109589041095890,10.95890410958900,2.73972602739726,4.109589041095890,4.109589041095890,0.8,0.8,0.5,0.5555555555555560,0.5676852941176470,0.4444444444444440,0.5,0.0,22.105263157894700,2.7210884353741500,5.405405405405410,2.702702702702700,0.125,2.702702702702700,0.1666666666666670,0.0,0.0,0.0,0.0,0.0,0.0,0.1666666666666670,0.0,1.36986301369863,2.73972602739726,1.36986301369863,0.0,5.47945205479452,2.73972602739726,1.36986301369863,1.36986301369863,1.36986301369863,0.0,0.1578947368421050,0.8333333333333330,4.0875,27.87,6.849315068493150,0.2777777777777780,0.8,0.75,0.0,4.109589041095890,0.1666666666666670,0.3333333333333330,0.3333333333333330,0.0,0.0,0.0,0.0,1.36986301369863,0.0555555555555555,0.0,0.0,0.0,12.32876712328770,0.2222222222222220,2,9,0.2222222222222220,SG
Dylan Cardwell,SAC,2.9411764705882400,1.4705882352941200,7.352941176470590,0.0,2.9411764705882400,133.8235294117650,4.411764705882350,2.9411764705882400,7.352941176470590,7.352941176470590,0.4,1.4705882352941200,0.0,1.4705882352941200,5.882352941176470,0.0,0.0,0.0,1.0,1.0,0.0,0.1666666666666670,0.5120416666666670,0.3333333333333330,0.3571428571428570,0.0,10.843373493975900,3.676470588235290,4.411764705882350,1.4705882352941200,0.0714285714285714,2.9411764705882400,0.1818181818181820,2.9411764705882400,2.9411764705882400,0.1,0.0,0.0,0.0606060606060606,0.0,0.1428571428571430,0.0,0.0,0.0,0.0,2.9411764705882400,0.0,0.0,0.0,0.0,1.4705882352941200,0.0,0.6666666666666670,3.5200000000000000,23.8,4.411764705882350,0.5,0.6666666666666670,1.0,0.0,2.9411764705882400,0.3333333333333330,0.0,1.0,0.0,0.0,0.0,0.0,1.4705882352941200,0.1666666666666670,0.0,0.0,0.0,0.0,0.0,0,0,0.0,C
Charles Bassey,MEM,1.492537313432840,0.0,3.7593984962406000,0.0,2.985074626865670,119.69696969697000,1.5151515151515200,1.5151515151515200,10.447761194029900,11.940298507462700,0.375,0.0,0.0,1.492537313432840,5.970149253731340,2.985074626865670,0.0,0.0,0.6666666666666670,1.0,0.0,0.0,0.556,0.375,0.3888888888888890,2.985074626865670,12.5,11.278195488721800,12.12121212121210,4.545454545454550,0.2142857142857140,7.575757575757580,0.4166666666666670,10.447761194029900,2.985074626865670,0.1176470588235290,7.462686567164180,0.2631578947368420,0.1944444444444440,1.0,0.0,2.985074626865670,7.462686567164180,1.492537313432840,1.492537313432840,4.477611940298510,2.985074626865670,1.492537313432840,0.0,0.0,0.0,0.2222222222222220,0.5,4.35,0.0,5.970149253731340,0.5,0.75,0.6666666666666670,0.0,5.970149253731340,0.5,0.0,0.25,0.0,0.0,0.0,0.0,0.0,0.0,0.0,0.0,0.0,0.0,0.0,0,0,0.0,C
Coby White,CHI,4.6875,3.125,2.34375,0.0,15.625,125.0,0.0,1.5625,42.1875,9.375,0.3333333333333330,12.5,0.375,21.875,0.0,6.25,14.0625,0.0,0.0,0.0,1.0,0.5714285714285710,0.4560428571428570,0.4642857142857140,0.65,0.0,31.944444444444400,3.125,6.25,3.125,0.1538461538461540,3.125,0.1176470588235290,0.0,0.0,0.0,0.0,0.0,0.0,1.0,0.0,12.5,31.25,6.25,6.25,21.875,4.6875,0.0,0.0,0.0,4.6875,0.1764705882352940,0.5714285714285710,9.75,25.9,0.0,0.0,0.0,0.0,0.0,7.8125,0.3571428571428570,0.4,0.0,1.5625,0.0714285714285714,0.0,0.0,1.5625,0.0714285714285714,1.0,1.0,1.0,10.9375,0.2857142857142860,2,7,0.2857142857142860,SG
Mason Plumlee,CHA,3.1746031746031700,1.5873015873015900,0.7633587786259540,0.0,6.349206349206350,110.2941176470590,0.0,0.0,9.523809523809520,3.1746031746031700,1.0,0.0,0.0,3.1746031746031700,6.349206349206350,0.0,0.0,0.0,1.0,1.0,0.0,0.0,0.73765,1.0,0.75,0.0,8.333333333333330,3.816793893129770,5.882352941176470,4.411764705882350,0.2727272727272730,1.4705882352941200,0.1,1.5873015873015900,1.5873015873015900,0.0769230769230769,0.0,0.0,0.04,0.2,0.5,3.1746031746031700,9.523809523809520,0.0,3.1746031746031700,6.349206349206350,1.5873015873015900,0.0,0.0,0.0,1.5873015873015900,0.3333333333333330,1.0,1.8,0.0,3.1746031746031700,1.0,1.0,1.0,0.0,0.0,0.0,0.0,0.0,0.0,0.0,0.0,0.0,0.0,0.0,0.0,0.0,0.0,0.0,0.0,0,0,0.0,C
Jalen Green,PHX,3.225806451612900,3.225806451612900,1.6260162601626000,0.0,6.451612903225810,95.08196721311480,0.0,3.278688524590160,50.0,14.516129032258100,0.5555555555555560,22.580645161290300,0.4285714285714290,4.838709677419360,0.0,16.129032258064500,29.032258064516100,0.0,0.0,0.0,1.0,0.6086956521739130,0.5445739130434780,0.6086956521739130,0.62,0.0,36.98630136986300,3.252032520325200,3.278688524590160,1.639344262295080,0.0769230769230769,1.639344262295080,0.0714285714285714,3.225806451612900,1.6129032258064500,0.0833333333333333,1.6129032258064500,0.0714285714285714,0.0769230769230769,0.3333333333333330,0.0,6.451612903225810,17.741935483871000,1.6129032258064500,4.838709677419360,8.064516129032260,4.838709677419360,1.6129032258064500,0.0,0.0,0.0,0.12,0.8260869565217390,7.200000000000000,25.9,8.064516129032260,0.217391304347826,0.4,0.0,0.0,1.6129032258064500,0.0434782608695652,0.0,0.0,4.838709677419360,0.1304347826086960,1.0,0.0,3.225806451612900,0.0869565217391304,1.0,1.0,1.0,19.35483870967740,0.3333333333333330,4,12,0.3333333333333330,SG
Jase Richardson,ORL,4.918032786885250,3.278688524590160,0.7936507936507940,0.0,6.557377049180330,112.3076923076920,0.0,0.0,4.918032786885250,3.278688524590160,0.5,4.918032786885250,0.0,1.639344262295080,3.278688524590160,0.0,0.0,0.0,1.0,1.0,0.0,0.6,0.49356,0.2,0.25,0.0,12.5,0.7936507936507940,1.5384615384615400,1.5384615384615400,0.0588235294117647,0.0,0.0,0.0,0.0,0.0,0.0,0.0,0.0,0.0,0.0,9.836065573770490,26.229508196721300,3.278688524590160,6.557377049180330,3.278688524590160,1.639344262295080,0.0,0.0,0.0,0.0,0.1666666666666670,1.0,3.3,23.6,3.278688524590160,0.4,0.5,1.0,0.0,0.0,0.0,0.0,0.0,0.0,0.0,0.0,0.0,1.639344262295080,0.2,0.0,0.0,0.0,3.278688524590160,0.0,0,2,0.0,SG
LeBron James,LAL,1.5873015873015900,1.5873015873015900,0.0,0.0,4.761904761904760,130.30303030303000,0.0,1.5151515151515200,17.46031746031750,6.349206349206350,0.5,4.761904761904760,0.6666666666666670,1.5873015873015900,6.349206349206350,0.0,9.523809523809520,0.0,1.0,1.0,1.0,0.4285714285714290,0.5671357142857140,0.7142857142857140,0.6111111111111110,0.0,14.084507042253500,2.3255813953488400,3.0303030303030300,1.5151515151515200,0.1428571428571430,1.5151515151515200,0.0588235294117647,1.5873015873015900,1.5873015873015900,0.125,0.0,0.0,0.0454545454545454,0.5,0.2,19.047619047619000,44.44444444444440,12.698412698412700,6.349206349206350,6.349206349206350,3.1746031746031700,0.0,0.0,0.0,0.0,0.2222222222222220,0.7142857142857140,5.925,26.566666666666700,3.1746031746031700,0.2857142857142860,0.5,1.0,0.0,1.5873015873015900,0.1428571428571430,0.0,0.0,1.5873015873015900,0.1428571428571430,1.0,1.0,0.0,0.0,0.0,0.0,0.0,4.761904761904760,0.6666666666666670,2,3,0.6666666666666670,SF
GG Jackson,MEM,0.0,0.0,2.272727272727270,0.0,6.25,125.0,0.0,4.411764705882350,18.75,12.5,0.5,9.375,0.0,6.25,9.375,3.125,0.0,0.0,0.75,0.75,0.0,0.4285714285714290,0.5240642857142860,0.2857142857142860,0.3529411764705880,0.0,22.97297297297300,2.272727272727270,2.9411764705882400,0.0,0.0,2.9411764705882400,0.0952380952380952,1.5625,0.0,0.0,1.5625,0.05,0.0277777777777777,0.0,0.0,1.5625,3.125,1.5625,0.0,10.9375,6.25,1.5625,0.0,0.0,0.0,0.2352941176470590,0.7857142857142860,4.2,25.85,7.8125,0.3571428571428570,0.6,0.6666666666666670,0.0,4.6875,0.2142857142857140,0.3333333333333330,0.3333333333333330,0.0,0.0,0.0,0.0,3.125,0.1428571428571430,0.0,0.0,0.0,6.25,0.0,0,4,0.0,PF
Dario Šarić,SAC,1.7857142857142900,1.7857142857142900,0.0,0.0,1.7857142857142900,107.27272727272700,0.0,0.0,8.928571428571430,5.357142857142860,0.0,3.571428571428570,0.5,3.571428571428570,0.0,0.0,5.357142857142860,0.0,0.0,0.0,1.0,0.4,0.5351900000000000,0.3,0.4166666666666670,0.0,11.864406779661000,4.504504504504510,7.272727272727270,5.454545454545450,0.2142857142857140,1.818181818181820,0.0666666666666666,1.7857142857142900,1.7857142857142900,0.0833333333333333,0.0,0.0,0.0526315789473684,0.0,0.0,3.571428571428570,8.928571428571430,1.7857142857142900,1.7857142857142900,3.571428571428570,1.7857142857142900,0.0,0.0,0.0,0.0,0.1666666666666670,0.8,6.466666666666670,22.9,3.571428571428570,0.4,0.0,0.0,0.0,0.0,0.0,0.0,0.0,1.7857142857142900,0.2,0.0,0.0,3.571428571428570,0.4,0.5,0.5,1.0,0.0,0.0,0,0,0.0,C
PJ Hall,MEM,1.639344262295080,1.639344262295080,2.3622047244094500,0.0,3.278688524590160,98.48484848484850,3.0303030303030300,0.0,21.311475409836100,9.836065573770490,0.6666666666666670,4.918032786885250,0.3333333333333330,3.278688524590160,13.114754098360700,0.0,4.918032786885250,0.0,1.0,1.0,1.0,0.3333333333333330,0.5086388888888890,0.6111111111111110,0.65,0.0,15.714285714285700,7.086614173228350,9.090909090909090,6.0606060606060600,0.3333333333333330,3.0303030303030300,0.1052631578947370,4.918032786885250,3.278688524590160,0.1538461538461540,1.639344262295080,0.0555555555555555,0.0967741935483871,0.0,0.0,3.278688524590160,6.557377049180330,3.278688524590160,0.0,4.918032786885250,3.278688524590160,1.639344262295080,0.0,0.0,0.0,0.2,0.7777777777777780,4.233333333333330,25.6,6.557377049180330,0.4444444444444440,0.75,1.0,0.25,3.278688524590160,0.2222222222222220,0.5,0.0,0.0,0.0,0.0,0.0,1.639344262295080,0.1111111111111110,0.0,0.0,0.0,3.278688524590160,0.5,1,2,0.5,C
Tyson Etienne,BKN,0.0,0.0,2.912621359223300,0.0,2.0,98.1132075471698,0.0,0.0,12.0,2.0,0.0,20.0,0.2,0.0,0.0,0.0,12.0,0.0,0.0,0.0,1.0,0.9090909090909090,0.5105863636363640,0.2727272727272730,0.2727272727272730,0.0,18.333333333333300,0.0,0.0,0.0,0.0,0.0,0.0,0.0,0.0,0.0,0.0,0.0,0.0,0.0,0.0,0.0,0.0,0.0,0.0,0.0,0.0,0.0,0.0,0.0,0.0,0.0,0.9090909090909090,20.7,26.18,0.0,0.0,0.0,0.0,0.0,0.0,0.0,0.0,0.0,2.0,0.0909090909090909,0.0,0.0,2.0,0.0909090909090909,0.0,0.0,0.0,18.0,0.2222222222222220,2,9,0.2222222222222220,PG
E.J. Liddell,BKN,0.0,0.0,3.92156862745098,0.0,6.0,92.3076923076923,0.0,0.0,24.0,6.0,0.6666666666666670,16.0,0.25,4.0,4.0,4.0,12.0,0.0,0.5,1.0,1.0,0.7272727272727270,0.4907227272727270,0.4545454545454550,0.5,4.0,19.047619047619000,6.862745098039220,11.538461538461500,1.9230769230769200,0.0909090909090909,7.6923076923076900,0.3076923076923080,2.0,0.0,0.0,2.0,0.0555555555555555,0.0357142857142857,0.3333333333333330,0.0,0.0,0.0,0.0,0.0,6.0,2.0,2.0,0.0,0.0,2.0,0.0909090909090909,0.8181818181818180,5.466666666666670,25.8625,2.0,0.0909090909090909,1.0,0.0,0.0,4.0,0.1818181818181820,0.5,0.5,0.0,0.0,0.0,0.0,4.0,0.1818181818181820,0.5,0.5,1.0,12.0,0.1666666666666670,1,6,0.1666666666666670,PF
Keshad Johnson,MIA,1.7543859649122800,1.7543859649122800,1.7391304347826100,0.0,0.0,120.6896551724140,1.7241379310344800,3.4482758620689700,12.280701754386000,12.280701754386000,0.2857142857142860,12.280701754386000,0.1428571428571430,0.0,0.0,7.017543859649120,5.2631578947368400,0.0,0.0,0.0,1.0,0.5,0.5302535714285710,0.25,0.25,0.0,21.73913043478260,6.956521739130440,12.06896551724140,1.7241379310344800,0.0833333333333333,6.896551724137930,0.3636363636363640,1.7543859649122800,1.7543859649122800,0.0555555555555555,0.0,0.0,0.0263157894736842,0.25,0.125,0.0,0.0,0.0,0.0,0.0,0.0,0.0,0.0,0.0,0.0,0.0,0.7142857142857140,5.4,24.557142857142900,5.2631578947368400,0.2142857142857140,0.3333333333333330,0.0,0.0,5.2631578947368400,0.2142857142857140,0.0,0.3333333333333330,1.7543859649122800,0.0714285714285714,1.0,0.0,5.2631578947368400,0.2142857142857140,0.0,0.0,0.0,7.017543859649120,0.25,1,4,0.25,SF
JD Davison,HOU,0.0,0.0,2.150537634408600,0.0,2.3255813953488400,128.0,2.0,2.0,25.58139534883720,4.651162790697680,0.5,13.953488372093000,0.5,0.0,4.651162790697680,0.0,20.930232558139500,0.0,1.0,1.0,1.0,0.75,0.4867642857142860,0.6875,0.6111111111111110,0.0,18.367346938775500,0.0,0.0,0.0,0.0,0.0,0.0,0.0,0.0,0.0,0.0,0.0,0.0,0.0,0.0,4.651162790697680,11.627906976744200,2.3255813953488400,2.3255813953488400,4.651162790697680,2.3255813953488400,0.0,0.0,0.0,0.0,0.1111111111111110,0.875,6.45,26.616666666666700,2.3255813953488400,0.125,1.0,1.0,0.0,2.3255813953488400,0.125,0.0,0.0,0.0,0.0,0.0,0.0,2.3255813953488400,0.125,0.0,0.0,0.0,11.627906976744200,0.6,3,5,0.6,PG
DeAndre Jordan,NOP,2.380952380952380,2.380952380952380,1.1764705882352900,0.0,7.142857142857140,130.2325581395350,0.0,0.0,21.428571428571400,11.904761904761900,0.8,0.0,0.0,2.380952380952380,9.523809523809520,9.523809523809520,0.0,0.0,0.5,1.0,0.0,0.0,0.65698,0.8,0.9,9.523809523809520,11.76470588235290,11.764705882352900,13.953488372093000,4.651162790697680,0.2222222222222220,9.30232558139535,0.2222222222222220,9.523809523809520,9.523809523809520,0.2666666666666670,0.0,0.0,0.1333333333333330,0.0,0.0,0.0,0.0,0.0,0.0,4.761904761904760,4.761904761904760,4.761904761904760,0.0,0.0,0.0,0.4,0.8,1.36,0.0,9.523809523809520,0.8,1.0,0.5,0.0,2.380952380952380,0.2,0.0,1.0,0.0,0.0,0.0,0.0,0.0,0.0,0.0,0.0,0.0,0.0,0.0,0,0,0.0,C
Joe Ingles,MIN,0.0,0.0,1.851851851851850,0.0,0.0,101.8181818181820,0.0,1.818181818181820,0.0,0.0,0.0,3.7735849056603800,0.0,0.0,0.0,0.0,0.0,0.0,0.0,0.0,0.0,1.0,0.503175,0.0,0.0,0.0,3.636363636363640,0.0,0.0,0.0,0.0,0.0,0.0,0.0,0.0,0.0,0.0,0.0,0.0,0.0,0.0,11.320754716981100,26.41509433962260,7.547169811320760,3.7735849056603800,0.0,0.0,0.0,0.0,0.0,0.0,0.0,1.0,0.0,27.35,0.0,0.0,0.0,0.0,0.0,0.0,0.0,0.0,0.0,0.0,0.0,0.0,0.0,0.0,0.0,0.0,0.0,0.0,3.7735849056603800,0.0,0,2,0.0,SF
Yanic Konan Niederhäuser,LAC,2.3255813953488400,2.3255813953488400,2.2988505747126400,0.0,9.30232558139535,84.0909090909091,2.272727272727270,0.0,44.18604651162790,18.6046511627907,0.875,0.0,0.0,11.627906976744200,27.906976744186000,4.651162790697680,0.0,0.0,0.8571428571428570,1.0,0.0,0.0,0.592075,0.875,0.7916666666666670,4.651162790697680,26.53061224489800,6.896551724137930,6.818181818181820,4.545454545454550,0.2222222222222220,2.272727272727270,0.0666666666666666,6.976744186046510,4.651162790697680,0.25,2.3255813953488400,0.125,0.1875,0.0,1.0,4.651162790697680,11.627906976744200,2.3255813953488400,2.3255813953488400,18.6046511627907,4.651162790697680,0.0,0.0,0.0,4.651162790697680,0.2,0.75,3.075,0.0,13.953488372093000,0.75,1.0,0.8333333333333330,0.0,4.651162790697680,0.25,0.5,0.0,0.0,0.0,0.0,0.0,0.0,0.0,0.0,0.0,0.0,0.0,0.0,0,0,0.0,C
Tolu Smith,DET,2.127659574468090,2.127659574468090,2.083333333333330,0.0,12.76595744680850,110.20408163265300,2.0408163265306100,2.0408163265306100,36.17021276595740,17.02127659574470,0.75,0.0,0.0,10.638297872340400,17.02127659574470,8.51063829787234,0.0,0.0,0.6666666666666670,0.8,0.0,0.0,0.56775,0.75,0.7727272727272730,4.25531914893617,21.428571428571400,11.458333333333300,14.285714285714300,8.16326530612245,0.4,2.0408163265306100,0.0909090909090909,8.51063829787234,4.25531914893617,0.1666666666666670,4.25531914893617,0.2,0.1818181818181820,0.25,0.0,4.25531914893617,12.76595744680850,0.0,4.25531914893617,14.893617021276600,8.51063829787234,2.127659574468090,0.0,0.0,0.0,0.3636363636363640,0.75,2.7875,0.0,12.76595744680850,0.75,0.8333333333333330,0.8,0.1666666666666670,4.25531914893617,0.25,0.5,0.0,0.0,0.0,0.0,0.0,0.0,0.0,0.0,0.0,0.0,0.0,0.0,0,0,0.0,PF
Andre Jackson Jr.,MIL,4.3478260869565200,4.3478260869565200,3.125,0.0,2.1739130434782600,106.0,2.0,4.0,0.0,2.1739130434782600,0.0,2.1739130434782600,0.0,0.0,0.0,0.0,0.0,0.0,0.0,0.0,0.0,0.5,0.40335,0.0,0.0,0.0,7.84313725490196,2.083333333333330,2.0,0.0,0.0,2.0,0.1666666666666670,2.1739130434782600,2.1739130434782600,0.1666666666666670,0.0,0.0,0.0625,0.0,0.0,13.043478260869600,32.608695652173900,6.521739130434780,6.521739130434780,0.0,0.0,0.0,0.0,0.0,0.0,0.0,0.5,22.0,26.0,0.0,0.0,0.0,0.0,0.0,0.0,0.0,0.0,0.0,2.1739130434782600,0.5,0.0,0.0,0.0,0.0,0.0,0.0,0.0,2.1739130434782600,0.0,0,1,0.0,SG
Eric Gordon,PHI,4.444444444444450,0.0,2.150537634408600,2.2222222222222200,0.0,135.41666666666700,0.0,2.083333333333330,17.77777777777780,2.2222222222222200,1.0,8.88888888888889,0.5,0.0,4.444444444444450,0.0,13.333333333333300,0.0,1.0,1.0,1.0,0.8,0.55885,0.8,0.8,0.0,12.962962962963000,0.0,0.0,0.0,0.0,0.0,0.0,0.0,0.0,0.0,0.0,0.0,0.0,0.0,0.0,2.2222222222222200,4.444444444444450,2.2222222222222200,0.0,0.0,0.0,0.0,0.0,0.0,0.0,0.0,1.0,2.6,27.6,2.2222222222222200,0.2,1.0,1.0,0.0,0.0,0.0,0.0,0.0,0.0,0.0,0.0,0.0,0.0,0.0,0.0,0.0,0.0,8.88888888888889,0.5,2,4,0.5,SG
Zeke Nnaji,DEN,4.444444444444450,4.444444444444450,7.142857142857140,0.0,6.666666666666670,88.67924528301890,0.0,0.0,24.444444444444400,6.666666666666670,1.0,8.88888888888889,0.25,4.444444444444450,8.88888888888889,4.444444444444450,6.666666666666670,0.0,0.6666666666666670,0.6666666666666670,1.0,0.5714285714285710,0.5545357142857140,0.6428571428571430,0.6875,0.0,20.0,2.0408163265306100,1.8867924528301900,0.0,0.0,1.8867924528301900,0.0625,2.2222222222222200,0.0,0.0,2.2222222222222200,0.0588235294117647,0.0434782608695652,0.0,0.0,4.444444444444450,13.333333333333300,0.0,4.444444444444450,6.666666666666670,4.444444444444450,2.2222222222222200,0.0,0.0,0.0,0.25,1.0,2.2666666666666700,25.6,6.666666666666670,0.4285714285714290,1.0,0.6666666666666670,0.0,0.0,0.0,0.0,0.0,0.0,0.0,0.0,0.0,0.0,0.0,0.0,0.0,0.0,8.88888888888889,0.25,1,4,0.25,PF
Mark Sears,MIL,9.523809523809520,9.523809523809520,3.3707865168539300,0.0,14.285714285714300,114.8936170212770,0.0,0.0,45.23809523809520,9.523809523809520,0.5,11.904761904761900,0.6,14.285714285714300,0.0,9.523809523809520,14.285714285714300,7.142857142857140,0.0,0.0,0.6666666666666670,0.5555555555555560,0.4998166666666670,0.7222222222222220,0.7307692307692310,0.0,36.95652173913040,1.1235955056179800,0.0,0.0,0.0,0.0,0.0,2.380952380952380,0.0,0.0,2.380952380952380,0.125,0.0769230769230769,0.0,0.0,2.380952380952380,4.761904761904760,2.380952380952380,0.0,19.047619047619000,2.380952380952380,0.0,0.0,0.0,7.142857142857140,0.1,0.6666666666666670,8.425,26.02,2.380952380952380,0.1111111111111110,1.0,0.0,0.0,7.142857142857140,0.3333333333333330,0.3333333333333330,0.0,0.0,0.0,0.0,0.0,0.0,0.0,0.0,0.0,0.0,11.904761904761900,0.6,3,5,0.6,PG
Paul George,PHI,2.4390243902439000,0.0,0.0,0.0,12.195121951219500,116.66666666666700,4.761904761904760,0.0,21.951219512195100,12.195121951219500,0.2,9.75609756097561,0.25,9.75609756097561,0.0,4.878048780487810,7.317073170731710,0.0,0.0,0.0,1.0,0.4444444444444440,0.5026166666666670,0.2777777777777780,0.375,0.0,27.659574468085100,8.433734939759040,16.666666666666700,9.523809523809520,0.2666666666666670,7.142857142857140,0.375,0.0,0.0,0.0,0.0,0.0,0.0,0.2,0.0,7.317073170731710,21.951219512195100,0.0,7.317073170731710,17.073170731707300,0.0,0.0,2.4390243902439000,0.0,4.878048780487810,0.1,0.5555555555555560,8.26,25.525,2.4390243902439000,0.1111111111111110,1.0,0.0,0.0,9.75609756097561,0.4444444444444440,0.0,0.25,0.0,0.0,0.0,0.0,2.4390243902439000,0.1111111111111110,0.0,0.0,0.0,7.317073170731710,0.3333333333333330,1,3,0.3333333333333330,PF
Antonio Reeves,CHA,0.0,0.0,1.2345679012345700,0.0,0.0,90.0,0.0,0.0,21.951219512195100,2.4390243902439000,0.0,12.195121951219500,0.6,0.0,0.0,0.0,21.951219512195100,0.0,0.0,0.0,1.0,0.8333333333333330,0.5393416666666670,0.75,0.75,0.0,11.538461538461500,2.469135802469140,2.5,0.0,0.0,2.5,0.1428571428571430,2.4390243902439000,0.0,0.0,2.4390243902439000,0.0833333333333333,0.0384615384615384,0.0,0.0,0.0,0.0,0.0,0.0,0.0,0.0,0.0,0.0,0.0,0.0,0.0,1.0,3.4,24.46,2.4390243902439000,0.1666666666666670,0.0,0.0,0.0,0.0,0.0,0.0,0.0,0.0,0.0,0.0,0.0,7.317073170731710,0.5,0.6666666666666670,0.6666666666666670,1.0,4.878048780487810,0.5,1,2,0.5,SG
Jamir Watkins,WAS,2.2222222222222200,0.0,4.301075268817200,0.0,2.2222222222222200,127.08333333333300,2.083333333333330,0.0,13.333333333333300,6.666666666666670,1.0,2.2222222222222200,0.0,0.0,8.88888888888889,4.444444444444450,0.0,0.0,0.6666666666666670,0.6666666666666670,0.0,0.25,0.6434625,0.75,0.75,0.0,9.25925925925926,6.451612903225810,10.416666666666700,4.166666666666670,0.1111111111111110,6.25,0.2142857142857140,2.2222222222222200,2.2222222222222200,0.0909090909090909,0.0,0.0,0.05,0.3333333333333330,0.0,0.0,0.0,0.0,0.0,0.0,0.0,0.0,0.0,0.0,0.0,0.0,1.0,1.8,23.8,6.666666666666670,0.75,1.0,0.6666666666666670,0.0,0.0,0.0,0.0,0.0,0.0,0.0,0.0,0.0,2.2222222222222200,0.25,0.0,0.0,0.0,0.0,0.0,0,0,0.0,SG
Jeff Green,HOU,0.0,0.0,2.409638554216870,0.0,0.0,128.88888888888900,2.2222222222222200,0.0,31.57894736842110,0.0,0.0,15.789473684210500,0.6666666666666670,0.0,0.0,0.0,31.57894736842110,0.0,0.0,0.0,1.0,1.0,0.52585,1.0,1.0,0.0,13.636363636363600,2.409638554216870,2.2222222222222200,0.0,0.0,2.2222222222222200,0.0909090909090909,2.631578947368420,0.0,0.0,2.631578947368420,0.1428571428571430,0.0588235294117647,0.0,0.0,0.0,0.0,0.0,0.0,0.0,0.0,0.0,0.0,0.0,0.0,0.0,1.0,0.0,24.98333333333330,0.0,0.0,0.0,0.0,0.0,0.0,0.0,0.0,0.0,0.0,0.0,0.0,0.0,5.2631578947368400,0.3333333333333330,1.0,1.0,1.0,10.526315789473700,0.5,2,4,0.5,PF
Johnny Juzang,MIN,2.1739130434782600,2.1739130434782600,3.061224489795920,0.0,2.1739130434782600,88.46153846153850,0.0,0.0,19.565217391304300,4.3478260869565200,0.5,15.217391304347800,0.2857142857142860,2.1739130434782600,0.0,4.3478260869565200,13.043478260869600,0.0,0.0,0.0,1.0,0.7777777777777780,0.4802333333333330,0.4444444444444440,0.45,0.0,22.0,3.061224489795920,3.8461538461538500,1.9230769230769200,0.1666666666666670,0.0,0.0,2.1739130434782600,0.0,0.0,2.1739130434782600,0.0714285714285714,0.0588235294117647,0.0,0.0,2.1739130434782600,4.3478260869565200,2.1739130434782600,0.0,4.3478260869565200,2.1739130434782600,0.0,0.0,0.0,0.0,0.1,0.7777777777777780,14.6,24.842857142857100,0.0,0.0,0.0,0.0,0.0,2.1739130434782600,0.1111111111111110,0.0,0.0,2.1739130434782600,0.1111111111111110,1.0,0.0,6.521739130434780,0.3333333333333330,0.3333333333333330,0.3333333333333330,1.0,8.695652173913040,0.25,1,4,0.25,SG
James Wiseman,IND,7.317073170731710,4.878048780487810,2.469135802469140,0.0,0.0,97.5,2.5,0.0,9.75609756097561,7.317073170731710,0.6666666666666670,0.0,0.0,0.0,4.878048780487810,4.878048780487810,0.0,0.0,0.5,1.0,0.0,0.0,0.5705333333333330,0.6666666666666670,0.6666666666666670,4.878048780487810,12.765957446808500,4.938271604938270,0.0,0.0,0.0,0.0,0.0,9.75609756097561,4.878048780487810,0.1538461538461540,4.878048780487810,0.1538461538461540,0.1538461538461540,0.0,0.3333333333333330,0.0,0.0,0.0,0.0,0.0,0.0,0.0,0.0,0.0,0.0,0.0,0.6666666666666670,3.1333333333333300,0.0,4.878048780487810,0.6666666666666670,1.0,0.5,0.0,2.4390243902439000,0.3333333333333330,0.0,0.0,0.0,0.0,0.0,0.0,0.0,0.0,0.0,0.0,0.0,0.0,0.0,0,0,0.0,C
Isaac Jones,DET,0.0,0.0,5.714285714285710,0.0,2.857142857142860,125.71428571428600,0.0,0.0,14.285714285714300,5.714285714285710,1.0,5.714285714285710,0.0,2.857142857142860,5.714285714285710,5.714285714285710,0.0,0.0,0.5,1.0,0.0,0.5,0.570625,0.5,0.5,5.714285714285710,12.5,2.857142857142860,0.0,0.0,0.0,0.0,0.0,5.714285714285710,5.714285714285710,0.1818181818181820,0.0,0.0,0.1,0.0,0.0,2.857142857142860,5.714285714285710,2.857142857142860,0.0,5.714285714285710,0.0,0.0,0.0,0.0,2.857142857142860,0.0,1.0,1.45,26.05,5.714285714285710,0.5,1.0,0.5,0.0,0.0,0.0,0.0,0.0,0.0,0.0,0.0,0.0,2.857142857142860,0.25,0.0,0.0,0.0,2.857142857142860,0.0,0,1,0.0,PF
David Jones Garcia,SAS,0.0,0.0,2.5974025974026000,0.0,7.6923076923076900,105.26315789473700,0.0,0.0,28.205128205128200,20.512820512820500,0.625,0.0,0.0,2.5641025641025600,0.0,25.64102564102560,0.0,0.0,0.0,0.0,0.0,0.0,0.6161875,0.625,0.6111111111111110,5.128205128205130,19.565217391304300,5.194805194805200,5.2631578947368400,0.0,0.0,5.2631578947368400,0.2222222222222220,5.128205128205130,0.0,0.0,5.128205128205130,0.2857142857142860,0.1538461538461540,0.0,0.0,15.384615384615400,41.02564102564100,5.128205128205130,10.256410256410300,7.6923076923076900,5.128205128205130,2.5641025641025600,0.0,0.0,0.0,0.2222222222222220,0.625,4.0,0.0,12.82051282051280,0.625,0.6,0.0,0.0,7.6923076923076900,0.375,0.6666666666666670,0.0,0.0,0.0,0.0,0.0,0.0,0.0,0.0,0.0,0.0,0.0,0.0,0,0,0.0,SF
Hunter Tyson,DEN,0.0,0.0,2.5316455696202500,0.0,0.0,78.57142857142860,0.0,2.380952380952380,0.0,8.108108108108110,0.0,10.81081081081080,0.0,0.0,0.0,0.0,0.0,0.0,0.0,0.0,0.0,0.5714285714285710,0.5095428571428570,0.0,0.0,0.0,16.666666666666700,12.658227848101300,21.428571428571400,4.761904761904760,0.1666666666666670,7.142857142857140,0.25,2.702702702702700,2.702702702702700,0.1666666666666670,0.0,0.0,0.0434782608695652,0.2,0.0,0.0,0.0,0.0,0.0,0.0,0.0,0.0,0.0,0.0,0.0,0.0,0.8571428571428570,7.633333333333330,25.025,5.405405405405410,0.2857142857142860,0.0,0.0,1.0,0.0,0.0,0.0,0.0,2.702702702702700,0.1428571428571430,0.0,0.0,2.702702702702700,0.1428571428571430,0.0,0.0,0.0,8.108108108108110,0.0,0,3,0.0,PF
Mohamed Diawara,NYK,2.857142857142860,2.857142857142860,2.631578947368420,0.0,2.857142857142860,102.43902439024400,0.0,2.4390243902439000,20.0,8.571428571428570,0.6666666666666670,2.857142857142860,1.0,0.0,11.428571428571400,0.0,8.571428571428570,0.0,1.0,1.0,1.0,0.25,0.5268625,0.875,0.7,0.0,15.0,2.631578947368420,4.878048780487810,2.4390243902439000,0.1111111111111110,2.4390243902439000,0.1428571428571430,0.0,0.0,0.0,0.0,0.0,0.0,0.0,0.0,2.857142857142860,8.571428571428570,0.0,2.857142857142860,5.714285714285710,2.857142857142860,0.0,0.0,0.0,0.0,0.2,0.5,14.9,25.6,2.857142857142860,0.25,1.0,1.0,0.0,0.0,0.0,0.0,0.0,5.714285714285710,0.5,0.5,1.0,0.0,0.0,0.0,0.0,0.0,2.857142857142860,1.0,1,1,1.0,SF
Drew Peterson,CHA,0.0,0.0,0.0,0.0,3.0303030303030300,119.35483870967700,3.225806451612900,0.0,3.0303030303030300,3.0303030303030300,0.0,6.0606060606060600,0.0,3.0303030303030300,0.0,0.0,0.0,0.0,0.0,0.0,0.0,0.6666666666666670,0.5311166666666670,0.0,0.125,0.0,10.526315789473700,1.5625,0.0,0.0,0.0,0.0,0.0,3.0303030303030300,0.0,0.0,3.0303030303030300,0.1111111111111110,0.0666666666666666,0.0,0.0,3.0303030303030300,9.090909090909090,0.0,3.0303030303030300,6.0606060606060600,3.0303030303030300,0.0,0.0,0.0,0.0,0.25,1.0,2.7,24.85,3.0303030303030300,0.3333333333333330,0.0,0.0,0.0,0.0,0.0,0.0,0.0,0.0,0.0,0.0,0.0,3.0303030303030300,0.3333333333333330,0.0,0.0,0.0,3.0303030303030300,0.0,0,1,0.0,PF
Jahmyl Telfort,LAC,3.225806451612900,0.0,3.1746031746031700,0.0,6.451612903225810,81.25,0.0,0.0,3.225806451612900,0.0,0.0,6.451612903225810,0.0,3.225806451612900,0.0,0.0,0.0,0.0,0.0,0.0,0.0,1.0,0.5454,0.0,0.125,0.0,15.15151515151520,3.1746031746031700,6.25,3.125,0.1111111111111110,3.125,0.1,0.0,0.0,0.0,0.0,0.0,0.0,0.0,0.0,3.225806451612900,9.67741935483871,0.0,3.225806451612900,12.903225806451600,6.451612903225810,0.0,0.0,0.0,0.0,0.5,1.0,0.0,24.0,0.0,0.0,0.0,0.0,0.0,0.0,0.0,0.0,0.0,0.0,0.0,0.0,0.0,3.225806451612900,0.5,0.0,0.0,0.0,3.225806451612900,0.0,0,1,0.0,PF
Ron Harper Jr.,BOS,0.0,0.0,3.076923076923080,0.0,0.0,105.71428571428600,2.857142857142860,0.0,26.666666666666700,3.333333333333330,1.0,20.0,0.3333333333333330,0.0,6.666666666666670,0.0,20.0,0.0,1.0,1.0,1.0,0.8571428571428570,0.5259857142857140,0.5714285714285710,0.5714285714285710,0.0,18.42105263157900,4.615384615384620,5.714285714285710,0.0,0.0,2.857142857142860,0.25,3.333333333333330,0.0,0.0,3.333333333333330,0.1111111111111110,0.0526315789473684,0.0,0.0,10.0,26.666666666666700,3.333333333333330,6.666666666666670,0.0,0.0,0.0,0.0,0.0,0.0,0.0,1.0,1.7,26.46666666666670,3.333333333333330,0.1428571428571430,1.0,1.0,0.0,0.0,0.0,0.0,0.0,0.0,0.0,0.0,0.0,3.333333333333330,0.1428571428571430,0.0,0.0,0.0,16.666666666666700,0.4,2,5,0.4,SF
N'Faly Dante,ATL,3.333333333333330,3.333333333333330,1.6129032258064500,0.0,6.666666666666670,81.25,0.0,6.25,10.0,13.333333333333300,0.25,0.0,0.0,3.333333333333330,6.666666666666670,0.0,0.0,0.0,1.0,1.0,0.0,0.0,0.53525,0.25,0.3,0.0,12.82051282051280,11.290322580645200,12.5,3.125,0.1111111111111110,6.25,0.4,10.0,6.666666666666670,0.1818181818181820,3.333333333333330,0.1428571428571430,0.1666666666666670,0.0,0.5,0.0,0.0,0.0,0.0,3.333333333333330,0.0,0.0,0.0,0.0,3.333333333333330,0.0,0.5,4.25,0.0,6.666666666666670,0.5,0.5,1.0,0.0,6.666666666666670,0.5,0.0,0.0,0.0,0.0,0.0,0.0,0.0,0.0,0.0,0.0,0.0,0.0,0.0,0,0,0.0,C
Pacôme Dadiet,NYK,0.0,0.0,1.5151515151515200,0.0,3.333333333333330,100.0,0.0,0.0,13.333333333333300,10.0,0.3333333333333330,3.333333333333330,0.0,6.666666666666670,6.666666666666670,0.0,0.0,0.0,1.0,1.0,0.0,0.25,0.520275,0.25,0.4,0.0,13.88888888888890,4.545454545454550,8.333333333333330,2.7777777777777800,0.125,5.555555555555560,0.3333333333333330,0.0,0.0,0.0,0.0,0.0,0.0,0.3333333333333330,0.0,6.666666666666670,13.333333333333300,6.666666666666670,0.0,6.666666666666670,0.0,0.0,0.0,0.0,3.333333333333330,0.0,0.5,14.266666666666700,25.7,3.333333333333330,0.25,1.0,1.0,0.0,0.0,0.0,0.0,0.0,6.666666666666670,0.5,0.0,0.0,0.0,0.0,0.0,0.0,0.0,3.333333333333330,0.0,0,1,0.0,SG
Daeqwon Plowden,SAC,0.0,0.0,0.0,0.0,0.0,150.0,0.0,0.0,7.142857142857140,7.142857142857140,0.5,10.714285714285700,0.0,0.0,0.0,7.142857142857140,0.0,0.0,0.0,0.0,0.0,0.6,0.58175,0.2,0.2,7.142857142857140,15.625,3.4482758620689700,0.0,0.0,0.0,0.0,0.0,7.142857142857140,3.571428571428570,0.125,3.571428571428570,0.2,0.1538461538461540,0.0,0.0,0.0,0.0,0.0,0.0,0.0,0.0,0.0,0.0,0.0,0.0,0.0,0.8,2.85,24.46666666666670,3.571428571428570,0.2,1.0,0.0,0.0,3.571428571428570,0.2,0.0,1.0,0.0,0.0,0.0,0.0,7.142857142857140,0.4,0.0,0.0,0.0,3.571428571428570,0.0,0,1,0.0,SG
Anthony Gill,WAS,7.142857142857140,3.571428571428570,1.7543859649122800,0.0,3.571428571428570,110.3448275862070,0.0,0.0,32.142857142857100,10.714285714285700,0.6666666666666670,3.571428571428570,1.0,7.142857142857140,7.142857142857140,7.142857142857140,10.714285714285700,0.0,0.5,0.5,1.0,0.25,0.5405625,0.875,0.9,0.0,21.875,7.017543859649120,10.344827586206900,3.4482758620689700,0.1666666666666670,3.4482758620689700,0.1428571428571430,3.571428571428570,3.571428571428570,0.0909090909090909,0.0,0.0,0.0714285714285714,0.3333333333333330,0.1666666666666670,0.0,0.0,0.0,0.0,7.142857142857140,3.571428571428570,0.0,0.0,0.0,0.0,0.2,0.75,4.066666666666670,23.4,7.142857142857140,0.5,0.5,1.0,0.5,3.571428571428570,0.25,1.0,0.0,0.0,0.0,0.0,0.0,3.571428571428570,0.25,1.0,1.0,1.0,0.0,0.0,0,0,0.0,PF
Miles Kelly,DAL,3.225806451612900,0.0,3.278688524590160,0.0,0.0,113.33333333333300,0.0,0.0,6.451612903225810,3.225806451612900,1.0,3.225806451612900,0.0,0.0,6.451612903225810,0.0,0.0,0.0,1.0,1.0,0.0,0.5,0.464975,0.5,0.5,0.0,8.571428571428570,6.557377049180330,10.0,0.0,0.0,10.0,0.5,3.225806451612900,0.0,0.0,0.0,0.0,0.0,0.0,0.0,0.0,0.0,0.0,0.0,0.0,0.0,0.0,0.0,0.0,0.0,0.0,0.5,7.5,22.8,0.0,0.0,0.0,0.0,0.0,3.225806451612900,0.5,1.0,0.0,0.0,0.0,0.0,0.0,3.225806451612900,0.5,0.0,0.0,0.0,0.0,0.0,0,0,0.0,PG
Harrison Ingram,SAS,0.0,0.0,3.92156862745098,0.0,0.0,88.46153846153850,0.0,0.0,20.0,8.0,0.5,4.0,1.0,0.0,0.0,8.0,12.0,0.0,0.0,0.0,1.0,0.3333333333333330,0.54015,0.8333333333333330,0.8333333333333330,8.0,9.375,5.882352941176470,0.0,0.0,0.0,0.0,0.0,12.0,12.0,0.6,0.0,0.0,0.3,0.0,0.0,0.0,0.0,0.0,0.0,0.0,0.0,0.0,0.0,0.0,0.0,0.0,0.6666666666666670,4.35,26.0,4.0,0.3333333333333330,1.0,0.0,0.0,4.0,0.3333333333333330,0.0,0.0,0.0,0.0,0.0,0.0,0.0,0.0,0.0,0.0,0.0,4.0,1.0,1,1,1.0,SF
Jahmir Young,MIA,4.0,4.0,3.92156862745098,0.0,0.0,130.76923076923100,0.0,0.0,8.0,8.0,0.5,4.0,0.0,0.0,0.0,8.0,0.0,0.0,0.0,0.0,0.0,0.3333333333333330,0.5428500000000000,0.3333333333333330,0.3333333333333330,0.0,14.814814814814800,1.96078431372549,3.8461538461538500,3.8461538461538500,0.3333333333333330,0.0,0.0,0.0,0.0,0.0,0.0,0.0,0.0,0.0,0.0,8.0,24.0,0.0,8.0,0.0,0.0,0.0,0.0,0.0,0.0,0.0,0.6666666666666670,3.75,24.4,4.0,0.3333333333333330,0.0,0.0,1.0,4.0,0.3333333333333330,1.0,0.0,0.0,0.0,0.0,0.0,0.0,0.0,0.0,0.0,0.0,4.0,0.0,0,1,0.0,PG
Kevin Porter Jr.,MIL,0.0,0.0,0.0,0.0,4.761904761904760,81.81818181818180,0.0,4.545454545454550,47.61904761904760,9.523809523809520,0.5,14.285714285714300,0.6666666666666670,9.523809523809520,0.0,9.523809523809520,28.571428571428600,0.0,0.0,0.0,1.0,0.6,0.59938,0.8,0.8333333333333330,0.0,26.08695652173910,0.0,0.0,0.0,0.0,0.0,0.0,0.0,0.0,0.0,0.0,0.0,0.0,0.0,0.0,9.523809523809520,23.80952380952380,4.761904761904760,4.761904761904760,9.523809523809520,4.761904761904760,0.0,0.0,0.0,0.0,0.1666666666666670,0.8,9.15,25.6,4.761904761904760,0.2,1.0,0.0,0.0,0.0,0.0,0.0,0.0,4.761904761904760,0.2,0.0,0.0,4.761904761904760,0.2,0.0,0.0,0.0,9.523809523809520,1.0,2,2,1.0,PG
Jacob Toppin,ATL,0.0,0.0,2.5641025641025600,0.0,0.0,66.66666666666670,0.0,0.0,33.333333333333300,22.22222222222220,0.75,0.0,0.0,0.0,11.11111111111110,22.22222222222220,0.0,0.0,0.3333333333333330,0.5,0.0,0.0,0.5481,0.75,0.75,11.11111111111110,19.047619047619000,5.128205128205130,4.761904761904760,0.0,0.0,4.761904761904760,0.3333333333333330,5.555555555555560,5.555555555555560,0.25,0.0,0.0,0.1111111111111110,0.0,0.0,0.0,0.0,0.0,0.0,0.0,0.0,0.0,0.0,0.0,0.0,0.0,0.5,5.9,0.0,11.11111111111110,0.5,1.0,0.5,0.0,11.11111111111110,0.5,0.5,0.0,0.0,0.0,0.0,0.0,0.0,0.0,0.0,0.0,0.0,0.0,0.0,0,0,0.0,SF
Thanasis Antetokounmpo,MIL,0.0,0.0,2.4390243902439000,0.0,0.0,78.26086956521740,8.695652173913040,4.3478260869565200,11.11111111111110,11.11111111111110,0.5,0.0,0.0,0.0,11.11111111111110,0.0,0.0,0.0,1.0,1.0,0.0,0.0,0.5967,0.5,0.5,0.0,9.523809523809520,2.4390243902439000,4.3478260869565200,4.3478260869565200,0.1666666666666670,0.0,0.0,0.0,0.0,0.0,0.0,0.0,0.0,0.0,0.0,0.0,0.0,0.0,0.0,0.0,0.0,0.0,0.0,0.0,0.0,0.0,1.0,2.3,0.0,11.11111111111110,1.0,0.5,1.0,0.0,0.0,0.0,0.0,0.0,0.0,0.0,0.0,0.0,0.0,0.0,0.0,0.0,0.0,0.0,0.0,0,0,0.0,SF
Riley Minix,SAS,0.0,0.0,2.380952380952380,0.0,0.0,81.81818181818180,0.0,4.545454545454550,45.0,15.0,1.0,15.0,0.3333333333333330,0.0,10.0,20.0,15.0,0.0,0.3333333333333330,0.5,1.0,0.5,0.658375,0.75,0.75,10.0,24.0,4.761904761904760,4.545454545454550,4.545454545454550,0.3333333333333330,0.0,0.0,5.0,5.0,0.25,0.0,0.0,0.125,0.5,0.5,5.0,10.0,5.0,0.0,0.0,0.0,0.0,0.0,0.0,0.0,0.0,1.0,0.7000000000000000,25.633333333333300,15.0,0.5,1.0,0.3333333333333330,0.0,0.0,0.0,0.0,0.0,0.0,0.0,0.0,0.0,5.0,0.1666666666666670,1.0,1.0,1.0,10.0,0.0,0,2,0.0,SF
Adou Thiero,LAL,0.0,0.0,5.555555555555560,0.0,5.882352941176470,142.10526315789500,0.0,0.0,35.294117647058800,11.764705882352900,1.0,0.0,0.0,11.764705882352900,23.529411764705900,0.0,0.0,0.0,1.0,1.0,0.0,0.0,0.6784,1.0,1.0,0.0,15.789473684210500,2.7777777777777800,0.0,0.0,0.0,0.0,0.0,5.882352941176470,0.0,0.0,5.882352941176470,0.5,0.3333333333333330,0.0,0.0,0.0,0.0,0.0,0.0,11.764705882352900,5.882352941176470,0.0,0.0,0.0,0.0,0.3333333333333330,1.0,2.35,0.0,11.764705882352900,1.0,1.0,1.0,0.0,0.0,0.0,0.0,0.0,0.0,0.0,0.0,0.0,0.0,0.0,0.0,0.0,0.0,0.0,0.0,0,0,0.0,SF
Doug McDermott,SAC,5.2631578947368400,5.2631578947368400,2.5641025641025600,0.0,0.0,80.0,0.0,0.0,31.57894736842110,0.0,0.0,15.789473684210500,0.6666666666666670,0.0,0.0,0.0,31.57894736842110,0.0,0.0,0.0,1.0,1.0,0.5106500000000000,1.0,1.0,0.0,20.0,0.0,0.0,0.0,0.0,0.0,0.0,0.0,0.0,0.0,0.0,0.0,0.0,0.0,0.0,0.0,0.0,0.0,0.0,0.0,0.0,0.0,0.0,0.0,0.0,0.0,1.0,0.0,25.96666666666670,0.0,0.0,0.0,0.0,0.0,0.0,0.0,0.0,0.0,0.0,0.0,0.0,0.0,10.526315789473700,0.6666666666666670,1.0,1.0,1.0,5.2631578947368400,0.0,0,1,0.0,SF
Trey Jemison III,NYK,0.0,0.0,0.0,0.0,0.0,126.66666666666700,0.0,0.0,0.0,0.0,0.0,0.0,0.0,0.0,0.0,0.0,0.0,0.0,0.0,0.0,0.0,0.0,0.0,0.0,0.0,0.0,0.0,6.25,6.666666666666670,0.0,0.0,6.666666666666670,0.25,5.882352941176470,0.0,0.0,5.882352941176470,0.1666666666666670,0.1428571428571430,0.0,0.0,0.0,0.0,0.0,0.0,0.0,0.0,0.0,0.0,0.0,0.0,0.0,0.0,0.0,0.0,0.0,0.0,0.0,0.0,0.0,0.0,0.0,0.0,0.0,0.0,0.0,0.0,0.0,0.0,0.0,0.0,0.0,0.0,0.0,0.0,0,0,0.0,C
Danny Wolf,BKN,0.0,0.0,0.0,0.0,6.25,83.33333333333330,0.0,0.0,12.5,6.25,0.0,0.0,0.0,12.5,0.0,0.0,0.0,0.0,0.0,0.0,0.0,0.0,0.7035,0.0,0.5,0.0,9.090909090909090,5.882352941176470,11.11111111111110,11.11111111111110,0.5,0.0,0.0,0.0,0.0,0.0,0.0,0.0,0.0,0.5,0.0,12.5,31.25,6.25,6.25,12.5,0.0,0.0,0.0,0.0,6.25,0.0,1.0,1.8,0.0,6.25,1.0,0.0,0.0,0.0,0.0,0.0,0.0,0.0,0.0,0.0,0.0,0.0,0.0,0.0,0.0,0.0,0.0,0.0,0.0,0,0,0.0,PF
Chris Mañon,LAL,0.0,0.0,7.407407407407410,0.0,0.0,106.66666666666700,6.666666666666670,0.0,0.0,0.0,0.0,8.333333333333330,0.0,0.0,0.0,0.0,0.0,0.0,0.0,0.0,0.0,1.0,0.57405,0.0,0.0,0.0,5.2631578947368400,7.407407407407410,13.333333333333300,13.333333333333300,0.4,0.0,0.0,0.0,0.0,0.0,0.0,0.0,0.0,1.0,0.0,0.0,0.0,0.0,0.0,0.0,0.0,0.0,0.0,0.0,0.0,0.0,1.0,0.0,24.8,0.0,0.0,0.0,0.0,0.0,0.0,0.0,0.0,0.0,0.0,0.0,0.0,0.0,0.0,0.0,0.0,0.0,0.0,8.333333333333330,0.0,0,1,0.0,SG
Amari Williams,BOS,0.0,0.0,3.333333333333330,0.0,0.0,62.5,0.0,6.25,14.285714285714300,14.285714285714300,0.5,0.0,0.0,0.0,14.285714285714300,0.0,0.0,0.0,1.0,1.0,0.0,0.0,0.4184,0.5,0.5,0.0,11.76470588235290,6.666666666666670,6.25,6.25,0.2,0.0,0.0,7.142857142857140,7.142857142857140,0.25,0.0,0.0,0.125,0.0,0.0,7.142857142857140,14.285714285714300,7.142857142857140,0.0,0.0,0.0,0.0,0.0,0.0,0.0,0.0,0.0,5.5,0.0,0.0,0.0,0.0,0.0,0.0,14.285714285714300,1.0,0.5,0.5,0.0,0.0,0.0,0.0,0.0,0.0,0.0,0.0,0.0,0.0,0.0,0,0,0.0,PF
Colby Jones,DET,0.0,0.0,3.333333333333330,0.0,0.0,50.0,0.0,0.0,14.285714285714300,7.142857142857140,1.0,14.285714285714300,0.0,0.0,0.0,14.285714285714300,0.0,0.0,0.0,0.0,0.0,0.6666666666666670,0.4800333333333330,0.3333333333333330,0.3333333333333330,0.0,16.666666666666700,13.333333333333300,25.0,6.25,0.3333333333333330,18.75,0.5,0.0,0.0,0.0,0.0,0.0,0.0,0.0,0.0,14.285714285714300,28.571428571428600,14.285714285714300,0.0,0.0,0.0,0.0,0.0,0.0,0.0,0.0,0.6666666666666670,4.5,23.05,0.0,0.0,0.0,0.0,0.0,7.142857142857140,0.3333333333333330,1.0,0.0,0.0,0.0,0.0,0.0,14.285714285714300,0.6666666666666670,0.0,0.0,0.0,0.0,0.0,0,0,0.0,SG
Hunter Sallis,PHI,13.333333333333300,13.333333333333300,3.225806451612900,0.0,0.0,125.0,0.0,0.0,13.333333333333300,6.666666666666670,1.0,0.0,0.0,0.0,0.0,13.333333333333300,0.0,0.0,0.0,0.0,0.0,0.0,0.4037,1.0,1.0,0.0,17.64705882352940,3.225806451612900,6.25,0.0,0.0,6.25,0.2,0.0,0.0,0.0,0.0,0.0,0.0,0.0,0.0,6.666666666666670,20.0,0.0,6.666666666666670,0.0,0.0,0.0,0.0,0.0,0.0,0.0,0.0,8.6,0.0,0.0,0.0,0.0,0.0,0.0,6.666666666666670,1.0,1.0,0.0,0.0,0.0,0.0,0.0,0.0,0.0,0.0,0.0,0.0,0.0,0.0,0,0,0.0,SG
Christian Koloko,LAL,0.0,0.0,4.0,0.0,0.0,121.42857142857100,0.0,0.0,0.0,0.0,0.0,0.0,0.0,0.0,0.0,0.0,0.0,0.0,0.0,0.0,0.0,0.0,0.0,0.0,0.0,0.0,0.0,4.0,7.142857142857140,0.0,0.0,7.142857142857140,0.25,0.0,0.0,0.0,0.0,0.0,0.0,0.0,0.0,0.0,0.0,0.0,0.0,0.0,0.0,0.0,0.0,0.0,0.0,0.0,0.0,0.0,0.0,0.0,0.0,0.0,0.0,0.0,0.0,0.0,0.0,0.0,0.0,0.0,0.0,0.0,0.0,0.0,0.0,0.0,0.0,0.0,0.0,0,0,0.0,C
Garrett Temple,TOR,0.0,0.0,0.0,0.0,0.0,135.7142857142860,7.142857142857140,0.0,0.0,0.0,0.0,7.142857142857140,0.0,0.0,0.0,0.0,0.0,0.0,0.0,0.0,0.0,1.0,0.4713,0.0,0.0,0.0,7.142857142857140,0.0,0.0,0.0,0.0,0.0,0.0,0.0,0.0,0.0,0.0,0.0,0.0,0.0,0.0,0.0,0.0,0.0,0.0,0.0,0.0,0.0,0.0,0.0,0.0,0.0,1.0,0.0,25.0,0.0,0.0,0.0,0.0,0.0,0.0,0.0,0.0,0.0,0.0,0.0,0.0,0.0,0.0,0.0,0.0,0.0,0.0,7.142857142857140,0.0,0,1,0.0,SG
Johni Broome,PHI,0.0,0.0,0.0,0.0,0.0,113.33333333333300,0.0,0.0,30.76923076923080,30.76923076923080,0.5,7.6923076923076900,0.0,0.0,15.384615384615400,15.384615384615400,0.0,0.0,0.5,1.0,0.0,0.2,0.48017,0.4,0.4,15.384615384615400,31.25,7.142857142857140,0.0,0.0,0.0,0.0,0.0,15.384615384615400,15.384615384615400,0.5,0.0,0.0,0.2857142857142860,0.0,0.0,7.6923076923076900,15.384615384615400,7.6923076923076900,0.0,0.0,0.0,0.0,0.0,0.0,0.0,0.0,0.4,4.15,23.9,7.6923076923076900,0.2,1.0,0.0,0.0,23.07692307692310,0.6,0.3333333333333330,0.0,0.0,0.0,0.0,0.0,7.6923076923076900,0.2,0.0,0.0,0.0,0.0,0.0,0,0,0.0,PF
Hunter Dickinson,NOP,20.0,10.0,10.0,0.0,0.0,180.0,10.0,0.0,20.0,20.0,0.5,0.0,0.0,0.0,20.0,0.0,0.0,0.0,1.0,1.0,0.0,0.0,0.43405,0.5,0.5,0.0,36.36363636363640,0.0,0.0,0.0,0.0,0.0,0.0,0.0,0.0,0.0,0.0,0.0,0.0,0.0,0.0,0.0,0.0,0.0,0.0,0.0,0.0,0.0,0.0,0.0,0.0,0.0,0.0,12.8,0.0,0.0,0.0,0.0,0.0,0.0,20.0,1.0,0.5,0.0,0.0,0.0,0.0,0.0,0.0,0.0,0.0,0.0,0.0,0.0,0.0,0,0,0.0,C
DaRon Holmes II,DEN,0.0,0.0,4.761904761904760,0.0,0.0,100.0,0.0,0.0,33.333333333333300,0.0,0.0,11.11111111111110,1.0,0.0,0.0,0.0,33.333333333333300,0.0,0.0,0.0,1.0,1.0,0.56865,1.5,1.5,0.0,11.11111111111110,0.0,0.0,0.0,0.0,0.0,0.0,0.0,0.0,0.0,0.0,0.0,0.0,0.0,0.0,0.0,0.0,0.0,0.0,0.0,0.0,0.0,0.0,0.0,0.0,0.0,1.0,0.0,24.1,0.0,0.0,0.0,0.0,0.0,0.0,0.0,0.0,0.0,0.0,0.0,0.0,0.0,11.11111111111110,1.0,1.0,1.0,1.0,0.0,0.0,0,0,0.0,PF
Pete Nance,MIL,0.0,0.0,0.0,0.0,0.0,55.55555555555560,0.0,0.0,111.11111111111100,22.22222222222220,1.0,33.333333333333300,0.6666666666666670,0.0,44.44444444444440,0.0,66.66666666666670,0.0,1.0,1.0,1.0,0.6,0.5120200000000000,1.0,1.0,0.0,55.55555555555560,5.555555555555560,11.11111111111110,11.11111111111110,0.25,0.0,0.0,0.0,0.0,0.0,0.0,0.0,0.0,0.0,0.0,0.0,0.0,0.0,0.0,0.0,0.0,0.0,0.0,0.0,0.0,0.0,0.8,4.55,25.166666666666700,11.11111111111110,0.2,1.0,1.0,0.0,11.11111111111110,0.2,1.0,0.0,0.0,0.0,0.0,0.0,0.0,0.0,0.0,0.0,0.0,33.333333333333300,0.6666666666666670,2,3,0.6666666666666670,PF
Koby Brea,PHX,0.0,0.0,0.0,0.0,10.0,175.0,0.0,0.0,40.0,10.0,1.0,10.0,0.0,20.0,0.0,20.0,0.0,0.0,0.0,0.0,0.0,0.5,0.6307,0.5,0.6666666666666670,0.0,25.0,0.0,0.0,0.0,0.0,0.0,0.0,0.0,0.0,0.0,0.0,0.0,0.0,0.0,0.0,10.0,20.0,10.0,0.0,20.0,0.0,0.0,0.0,0.0,10.0,0.0,1.0,1.3,26.8,10.0,0.5,1.0,0.0,0.0,0.0,0.0,0.0,0.0,0.0,0.0,0.0,0.0,0.0,0.0,0.0,0.0,0.0,10.0,0.0,0,1,0.0,SG
Sharife Cooper,WAS,14.285714285714300,14.285714285714300,0.0,0.0,0.0,137.5,0.0,0.0,0.0,0.0,0.0,0.0,0.0,0.0,0.0,0.0,0.0,0.0,0.0,0.0,0.0,0.0,0.0,0.0,0.0,0.0,14.285714285714300,0.0,0.0,0.0,0.0,0.0,0.0,0.0,0.0,0.0,0.0,0.0,0.0,0.0,0.0,0.0,0.0,0.0,0.0,0.0,0.0,0.0,0.0,0.0,0.0,0.0,0.0,0.0,0.0,0.0,0.0,0.0,0.0,0.0,0.0,0.0,0.0,0.0,0.0,0.0,0.0,0.0,0.0,0.0,0.0,0.0,0.0,0.0,0.0,0,0,0.0,PG
Jamaree Bouyea,PHX,0.0,0.0,0.0,0.0,0.0,100.0,11.11111111111110,0.0,37.5,12.5,0.0,12.5,1.0,0.0,0.0,0.0,0.0,37.5,0.0,0.0,0.0,0.5,0.435725,0.75,0.75,0.0,15.384615384615400,0.0,0.0,0.0,0.0,0.0,0.0,0.0,0.0,0.0,0.0,0.0,0.0,0.0,0.0,12.5,37.5,0.0,12.5,0.0,0.0,0.0,0.0,0.0,0.0,0.0,0.5,22.8,24.7,0.0,0.0,0.0,0.0,0.0,0.0,0.0,0.0,0.0,12.5,0.5,0.0,0.0,0.0,0.0,0.0,0.0,0.0,12.5,1.0,1,1,1.0,PG
Kyle Lowry,PHI,0.0,0.0,0.0,0.0,0.0,162.5,0.0,12.5,37.5,0.0,0.0,12.5,1.0,0.0,0.0,0.0,37.5,0.0,0.0,0.0,1.0,1.0,0.5628,1.5,1.5,0.0,11.11111111111110,0.0,0.0,0.0,0.0,0.0,0.0,0.0,0.0,0.0,0.0,0.0,0.0,0.0,0.0,12.5,25.0,12.5,0.0,0.0,0.0,0.0,0.0,0.0,0.0,0.0,1.0,0.0,24.2,0.0,0.0,0.0,0.0,0.0,0.0,0.0,0.0,0.0,0.0,0.0,0.0,0.0,12.5,1.0,1.0,1.0,1.0,0.0,0.0,0,0,0.0,PG
Myron Gardner,MIA,0.0,0.0,12.5,0.0,0.0,125.0,0.0,0.0,37.5,0.0,0.0,12.5,1.0,0.0,0.0,0.0,37.5,0.0,0.0,0.0,1.0,1.0,0.5043,1.5,1.5,0.0,12.5,6.25,12.5,0.0,0.0,12.5,1.0,0.0,0.0,0.0,0.0,0.0,0.0,0.0,0.0,12.5,37.5,0.0,12.5,0.0,0.0,0.0,0.0,0.0,0.0,0.0,1.0,0.0,25.0,0.0,0.0,0.0,0.0,0.0,0.0,0.0,0.0,0.0,0.0,0.0,0.0,0.0,0.0,0.0,0.0,0.0,0.0,12.5,1.0,1,1,1.0,SF
Orlando Robinson,ORL,0.0,0.0,12.5,0.0,25.0,175.0,0.0,0.0,0.0,0.0,0.0,0.0,0.0,0.0,0.0,0.0,0.0,0.0,0.0,0.0,0.0,0.0,0.0,0.0,0.0,0.0,0.0,0.0,0.0,0.0,0.0,0.0,0.0,0.0,0.0,0.0,0.0,0.0,0.0,0.0,0.0,0.0,0.0,0.0,0.0,0.0,0.0,0.0,0.0,0.0,0.0,0.0,0.0,0.0,0.0,0.0,0.0,0.0,0.0,0.0,0.0,0.0,0.0,0.0,0.0,0.0,0.0,0.0,0.0,0.0,0.0,0.0,0.0,0.0,0.0,0,0,0.0,C
Jamal Cain,ORL,0.0,0.0,0.0,0.0,0.0,250.0,0.0,0.0,0.0,0.0,0.0,0.0,0.0,0.0,0.0,0.0,0.0,0.0,0.0,0.0,0.0,0.0,0.0,0.0,0.0,0.0,0.0,0.0,0.0,0.0,0.0,0.0,0.0,0.0,0.0,0.0,0.0,0.0,0.0,0.0,0.0,0.0,0.0,0.0,0.0,0.0,0.0,0.0,0.0,0.0,0.0,0.0,0.0,0.0,0.0,0.0,0.0,0.0,0.0,0.0,0.0,0.0,0.0,0.0,0.0,0.0,0.0,0.0,0.0,0.0,0.0,0.0,0.0,0.0,0.0,0,0,0.0,SF