Name,TeamAbbreviation,Turnovers,LiveBallTurnovers,Fouls,Charge Fouls,FoulsDrawn,OnDefRtg,Blocks,Steals,Points,FG2A,Fg2Pct,FG3A,NonHeaveFg3Pct,FtPoints,PtsAssisted2s,PtsUnassisted2s,PtsAssisted3s,PtsUnassisted3s,Assisted2sPct,NonPutbacksAssisted2sPct,Assisted3sPct,FG3APct,ShotQualityAvg,EfgPct,TsPct,PtsPutbacks,Usage,Rebounds,DefRebounds,DefTwoPtRebounds,DefTwoPtReboundPct,DefThreePtRebounds,DefThreePtReboundPct,OffRebounds,OffTwoPtRebounds,OffTwoPtReboundPct,OffThreePtRebounds,OffThreePtReboundPct,OffFGReboundPct,DefAtRimReboundPct,OffAtRimReboundPct,Assists,AssistPoints,TwoPtAssists,ThreePtAssists,FTA,TwoPtShootingFoulsDrawn,2pt And 1 Free Throw Trips,ThreePtShootingFoulsDrawn,3pt And 1 Free Throw Trips,NonShootingFoulsDrawn,ShootingFoulsDrawnPct,AtRimFG3AFrequency,Avg2ptShotDistance,Avg3ptShotDistance,AtRimFGA,AtRimFrequency,AtRimAccuracy,AtRimPctAssisted,ShortMidRangeFGA,ShortMidRangeFrequency,ShortMidRangeAccuracy,LongMidRangeFGA,LongMidRangeFrequency,LongMidRangeAccuracy,LongMidRangePctAssisted,LongMidRangePctBlocked,Corner3FGA,Corner3Frequency,Corner3Accuracy,UnblockedCorner3Accuracy,Corner3PctAssisted,Arc3FGA,Arc3Accuracy,NonHeaveArc3FGA,NonHeaveArc3Accuracy
Bam Adebayo,MIA,3.0371627994718,1.50914921712884,1.52830188679245,0.0754574608564421,5.82908885116016,112.794866956029,1.00018871485186,1.84940554821664,26.5798905866818,16.8270137709866,0.516816143497758,4.16902471231843,0.359090909090909,4.71609130352764,10.5263157894737,6.86662893793624,3.96151669496322,0.509337860780985,0.605206073752712,0.661137440758294,0.886075949367089,0.198562443845463,0.510858957952468,0.520664869721474,0.557494052339413,1.47142048670062,23.8896366083446,7.06603773584906,10.6435176448387,5.05755802981695,0.216828478964401,4.92545763351576,0.20863309352518,3.48990756461045,1.92416525183928,0.0814696485623003,1.56574231277118,0.0660828025477707,0.0737639553429027,0.190594059405941,0.092391304347826,6.35729107715525,15.8837955102811,3.18807772118468,3.16921335597057,6.16864742501415,2.8673835125448,0.584795321637427,0.0,0.0,0.509337860780985,0.123176661264182,0.437556154537287,7.87656950672646,25.3677272727273,5.01792114695341,0.238993710691824,0.699248120300752,0.634408602150538,9.3001320505565,0.442946990116801,0.438133874239351,2.5089605734767,0.119496855345912,0.443609022556391,0.559322033898305,0.0225563909774436,1.22618373891719,0.0584007187780772,0.446153846153846,0.453125,1.0,2.94284097340125,0.320512820512821,155,0.32258064516129
Ivica Zubac,LAC,2.39081325301205,1.37424698795181,1.58326265196494,0.0753012048192771,4.55572289156627,108.85072655218,1.69843366672957,1.03793168522363,25.2259036144578,17.7334337349398,0.628450106157113,0.0,0.0,2.93674698795181,15.6626506024096,6.62650602409639,0.0,0.0,0.702702702702703,0.842105263157895,0.0,0.0,0.535950636942675,0.628450106157113,0.64299424184261,3.68975903614458,19.5583068428978,9.518424276694,13.3987544819777,6.37856199282884,0.279801324503311,6.37856199282884,0.266561514195584,5.64759036144578,4.06626506024096,0.16425855513308,1.5625,0.0825870646766169,0.128879310344828,0.259154929577465,0.197080291970803,4.02861445783133,9.61972891566265,2.46611445783133,1.5625,4.44277108433735,2.33433734939759,0.677710843373494,0.0,0.0,0.225903614457831,0.120388349514563,0.528662420382166,4.38885350318471,0.0,9.375,0.528662420382166,0.714859437751004,0.665730337078652,8.11370481927711,0.457537154989384,0.535962877030162,0.244728915662651,0.0138004246284501,0.384615384615385,1.0,0.0,0.0,0.0,0.0,0.0,0.0,0.0,0.0,0,0.0
Nikola Jokić,DEN,4.26716141001855,2.91280148423006,1.48533234311177,0.0556586270871985,7.60667903525046,116.629505759941,0.836120401337793,2.35971757710888,38.4230055658627,19.165120593692,0.62729912875121,6.12244897959184,0.441558441558442,6.69758812615955,15.69573283859,8.34879406307978,6.62337662337662,1.05751391465677,0.652777777777778,0.735652173913044,0.86231884057971,0.242112986060161,0.515262687125749,0.627292736610418,0.664198325820992,2.70871985157699,29.1612057667104,8.28072781284813,12.8576737272389,7.20921590486808,0.298921417565485,5.03530286138982,0.214908802537669,3.71057513914657,2.57884972170686,0.111467522052927,1.0760667903525,0.0609243697478991,0.0895861755343337,0.298329355608592,0.119842829076621,13.2838589981447,30.9461966604824,8.90538033395176,4.37847866419295,8.36734693877551,3.11688311688312,1.03896103896104,0.111317254174397,0.0,1.33580705009276,0.117488183659689,0.55465884079237,5.94472410454985,28.7139393939394,7.90352504638219,0.312545854732208,0.71830985915493,0.617647058823529,9.72170686456401,0.384446074834923,0.566793893129771,1.53988868274583,0.0608950843727072,0.542168674698795,0.644444444444445,0.0120481927710843,0.278293135435993,0.0110051357300073,0.533333333333333,0.533333333333333,1.0,5.84415584415584,0.412698412698413,291,0.439862542955326
Brook Lopez,MIL,1.60581150831581,0.688204932135347,1.63855883480261,0.0191168036704263,2.58076849550755,114.908741594621,2.84341978866475,0.960614793467819,19.9005926209138,7.66583827184095,0.635910224438903,7.13056776906901,0.372654155495979,2.1793156184286,7.264385394762,2.48518447715542,7.85700630854521,0.114700822022558,0.745098039215686,0.863636363636364,0.985611510791367,0.481912144702842,0.545802454780362,0.598837209302326,0.625600961538462,1.33817625692984,15.9916201117318,3.85205059409736,5.552353506244,3.32372718539866,0.135792778649922,2.09414024975985,0.0843000773395205,2.16019881475817,1.26170904224814,0.0576923076923076,0.707321735805773,0.0321739130434782,0.0448997384481255,0.139423076923077,0.0492227979274611,2.73370292487096,6.70999808831963,1.49111068629325,1.24259223857771,2.63811890651883,1.39552666794112,0.420569680749379,0.0,0.0,0.133817625692984,0.0884848484848484,0.737726098191215,6.04488778054863,26.7632707774799,3.78512712674441,0.255813953488372,0.777777777777778,0.701298701298701,3.11603899827949,0.210594315245478,0.515337423312884,0.764672146817052,0.0516795865633074,0.425,0.882352941176471,0.0,0.745555343146626,0.0503875968992248,0.564102564102564,0.564102564102564,0.954545454545455,6.38501242592239,0.350299401197605,334,0.350299401197605
Karl-Anthony Towns,NYK,3.75954572155865,1.68396318778148,2.44717444717445,0.195809672997846,6.75543371842569,115.430149960537,0.986582478295186,1.40094711917916,34.4429214803211,17.1725083219111,0.566704675028506,6.6183669473272,0.420118343195266,6.63794791462698,11.3961229684746,8.06735852751126,8.10652046211083,0.234971607597415,0.585513078470825,0.699519230769231,0.971830985915493,0.278189300411523,0.554913210702341,0.584362139917696,0.633598841419261,3.17211670256511,27.2160664819945,9.04176904176904,13.9700078926598,6.86661404893449,0.289758534554538,6.17600631412786,0.273840769903762,4.15116506755434,2.76091638926963,0.114634146341463,1.35108674368514,0.0660919540229885,0.0923482849604221,0.245977011494253,0.119675456389452,4.30781280595261,9.57509300959467,3.34834540826317,0.959467397689446,8.00861562561191,4.26865087135305,1.25318190718622,0.0195809672997846,0.0,0.215390640297631,0.15985401459854,0.698765432098765,4.73192702394527,26.4547337278107,10.0058742901899,0.420576131687243,0.669275929549902,0.596491228070175,5.91345212453495,0.248559670781893,0.443708609271523,1.25318190718622,0.0526748971193415,0.328125,0.80952380952381,0.015625,0.430781280595261,0.0181069958847736,0.318181818181818,0.318181818181818,1.0,6.18758566673194,0.427215189873418,316,0.427215189873418
Domantas Sabonis,SAC,4.05785456006428,2.26998794696665,2.30498238550579,0.120530333467256,5.56448372840498,115.91688521283,0.524510792818237,0.968327617510591,26.8581759742869,14.8051426275613,0.626865671641791,3.13378867014865,0.416666666666667,4.37926878264363,11.6914423463238,6.87022900763359,3.85697067095219,0.0602651667336279,0.62987012987013,0.773936170212766,0.984615384615385,0.174692049272116,0.557520261066969,0.626539753639418,0.65603532875368,3.455202892728,21.6619318181818,9.78359335681933,14.2223118821868,7.02037522695179,0.302345786272806,6.03187411740972,0.257093723129837,5.36359983929289,3.89714744877461,0.161263507896924,1.46645239051828,0.0674676524953789,0.116849015317287,0.291291291291291,0.194610778443114,8.49738850944154,20.148654077943,5.34351145038168,3.15387705905986,5.80554439533949,2.67175572519084,0.683005222981117,0.0,0.0,0.542386500602652,0.134072580645161,0.697648376259799,4.36689280868385,25.9711538461538,9.38127762153475,0.522956326987682,0.69593147751606,0.609230769230769,4.19847328244275,0.234042553191489,0.521531100478469,1.22539172358377,0.0683090705487122,0.459016393442623,0.821428571428571,0.0163934426229508,0.160707111289675,0.0089585666293393,0.5,0.5,1.0,2.97308155885898,0.412162162162162,148,0.412162162162162
Alperen Sengun,HOU,3.9770397703977,2.1320213202132,2.15552805280528,0.10250102501025,8.30258302583026,110.170195101702,1.26608551266086,1.74346201743462,29.7457974579746,21.5867158671587,0.518518518518519,1.8450184501845,0.235955056179775,6.06806068060681,10.5781057810578,11.8081180811808,1.230012300123,0.06150061500615,0.472527472527473,0.539748953974895,0.952380952380952,0.0787401574803149,0.518006812110418,0.505249343832021,0.543445692883895,2.7880278802788,26.5380604796663,8.11674917491749,10.8966376089664,5.97758405977584,0.222565687789799,4.25487754254878,0.195984703632887,5.371053710537111,3.30053300533005,0.11864406779661,1.9270192701927,0.0859232175502742,0.104039167686659,0.22883295194508,0.161157024793388,7.62607626076261,18.7576875768758,4.12054120541205,3.50553505535055,8.77408774087741,3.8950389503895,0.861008610086101,0.0,0.0,0.902009020090201,0.147172734314485,0.495188101487314,5.89078822412156,26.1224719101124,9.75809758097581,0.416447944006999,0.651260504201681,0.425806451612903,10.0861008610086,0.430446194225722,0.410569105691057,1.74251742517425,0.0743657042869641,0.4,0.764705882352941,0.0117647058823529,0.10250102501025,0.0043744531933508,0.4,0.4,1.0,1.74251742517425,0.223529411764706,84,0.226190476190476
Rudy Gobert,MIN,1.8650461022632,1.0896898575021,1.90835692565796,0.0,5.42749371332775,109.695697796432,2.18258132214061,1.17523609653725,18.1475272422464,10.6873428331936,0.668627450980392,0.0,0.0,3.8558256496228,10.1005867560771,4.19111483654652,0.0,0.0,0.706744868035191,0.923371647509579,0.0,0.0,0.641202941176471,0.668627450980392,0.681889763779528,3.35289186923722,13.2054794520548,8.23109992660166,10.912906610703,5.03672612801679,0.200333889816361,4.8688352570829,0.208820882088209,5.55322715842414,3.03855825649623,0.13016157989228,2.36797988264879,0.0994718309859155,0.114666666666667,0.184466019417476,0.149253731343284,2.66135792120704,6.85247275775356,1.13160100586756,1.52975691533948,5.720871751886,2.70326906957251,0.502933780385583,0.0,0.0,0.419111483654652,0.209756097560976,0.835294117647059,2.35823529411765,0.0,8.92707460184409,0.835294117647059,0.755868544600939,0.692546583850932,1.63453478625314,0.152941176470588,0.243589743589744,0.125733445096396,0.0117647058823529,0.0,0.0,0.166666666666667,0.0,0.0,0.0,0.0,0.0,0.0,0.0,0,0.0
Jarrett Allen,CLE,2.03910027328148,1.07210426739542,1.33277363836709,0.0630649569056127,5.40256464158083,113.181056160939,1.52975691533948,1.61357921207041,23.1868824889636,13.348749211688,0.711811023622047,0.105108261509355,0.0,4.18330880807231,15.6821526171957,3.32142106369561,0.0,0.0,0.825221238938053,0.946700507614213,0.0,0.0078125,0.621895310015898,0.70625,0.720915032679739,2.43851166701703,15.9179145867998,8.37443593241683,12.1961441743504,5.93042749371333,0.23563696919234,5.23889354568315,0.227894257064722,4.54067689720412,2.39646836241329,0.113320079522863,2.14420853479083,0.0896309314586994,0.100746268656716,0.180400890868597,0.131443298969072,3.32142106369561,8.03027117931469,1.93399201177212,1.38742905192348,5.82299768761825,2.64872819003574,0.588606264452386,0.0,0.0,0.567584612150515,0.170731707317073,0.6703125,3.39653543307087,25.42,8.91318057599327,0.6625,0.778301886792453,0.781818181818182,4.30943872188354,0.3203125,0.585365853658537,0.126129913811226,0.009375,0.333333333333333,1.0,0.0,0.0420433046037418,0.003125,0.0,0.0,0.0,0.0630649569056127,0.0,3,0.0
Nikola Vučević,CHI,2.4435318275154,1.43737166324435,1.67729985593744,0.0410677618069815,3.36755646817248,118.007425742574,1.07260726072607,1.25825082508251,27.700205338809,14.7227926078029,0.587168758716876,6.59137577002053,0.403125,2.46406570841889,13.1006160164271,4.18891170431212,7.88501026694045,0.0616016427104722,0.757719714964371,0.850666666666667,0.992248062015504,0.309248554913295,0.5240337512054,0.592003853564547,0.612624886466848,1.88911704312115,22.5341706686369,7.56328462646635,11.4892739273927,5.79620462046205,0.250892857142857,4.92986798679868,0.200335289186924,3.65503080082136,2.32032854209446,0.106003752345216,1.31416837782341,0.0557006092254134,0.0799097065462754,0.280285035629454,0.134736842105263,5.25667351129363,13.305954825462,2.46406570841889,2.79260780287474,3.05954825462012,1.43737166324435,0.431211498973306,0.0,0.0,0.287474332648871,0.0643974241030358,0.570327552986513,6.45620641562064,25.9619937694704,5.564681724846,0.261078998073218,0.660516605166052,0.653631284916201,7.74127310061602,0.363198458574181,0.56763925729443,1.41683778234086,0.0664739884393063,0.405797101449275,0.928571428571429,0.0144927536231884,0.554414784394251,0.0260115606936416,0.407407407407407,0.407407407407407,1.0,6.03696098562628,0.401360544217687,293,0.402730375426621
Jaren Jackson Jr.,MEM,3.24152542372881,1.75847457627119,2.7273692030139,0.190677966101695,7.07627118644068,112.056134382309,2.38145864341909,1.95619817137997,34.7245762711864,17.4576271186441,0.54004854368932,8.24152542372881,0.380208333333333,6.58898305084746,8.51694915254237,10.3389830508475,8.83474576271187,0.444915254237288,0.451685393258427,0.478571428571429,0.952054794520548,0.320692497938994,0.503153759398496,0.547403132728772,0.590843547224225,1.05932203389831,28.3425414364641,4.42534224769182,6.93174569423772,2.82798213906017,0.119389587073609,3.63597703593451,0.147668393782383,1.92796610169492,1.05932203389831,0.0436681222707423,0.826271186440678,0.0375722543352601,0.0407695831424645,0.109181141439206,0.0291545189504373,3.13559322033898,8.00847457627119,1.39830508474576,1.73728813559322,8.43220338983051,3.96186440677966,1.01694915254237,0.0635593220338983,0.0211864406779661,0.699152542372881,0.139689578713969,0.480626545754328,7.05995145631068,25.9560411311054,4.11016949152542,0.159934047815334,0.639175257731959,0.475806451612903,12.8601694915254,0.500412201154163,0.515650741350906,0.48728813559322,0.0189612530915086,0.347826086956522,0.5,0.130434782608696,1.77966101694915,0.0692497938994229,0.392857142857143,0.397590361445783,1.0,6.46186440677966,0.370491803278689,300,0.376666666666667
Naz Reid,MIN,2.41989693031593,1.36679363656733,2.11907164480323,0.156845171409366,2.66636791395922,111.131059245961,1.61579892280072,1.32405745062837,25.4985435805512,10.3293748599597,0.544468546637744,10.3517813130181,0.380434782608696,2.48711628949137,7.21487788483083,4.03316155052655,10.8223168272462,0.941071028456195,0.641434262948207,0.728506787330317,0.92,0.500541711809317,0.53847345276873,0.556338028169014,0.577235772357724,1.34438718350885,21.5697904310004,5.37055723735845,8.70736086175943,4.75763016157989,0.195752539242844,3.43357271095153,0.151936444885799,2.03898722832176,0.918664575397714,0.0434782608695652,1.00829038763164,0.039612676056338,0.0413660413660413,0.200956937799043,0.0718085106382978,4.05556800358503,10.2621555007842,1.90454850997087,2.15101949361416,3.20412278736276,1.5236388079767,0.448129061169617,0.0,0.0,0.291283889760251,0.0700308959835221,0.742145178764897,4.9119305856833,25.7887445887446,4.99663903204123,0.24160346695558,0.659192825112108,0.673469387755102,5.17589065650907,0.250270855904659,0.441558441558442,0.156845171409366,0.0075839653304442,0.285714285714286,0.5,0.0,2.48711628949137,0.120260021668472,0.378378378378378,0.378378378378378,0.952380952380952,7.86466502352678,0.378917378917379,349,0.3810888252149
Myles Turner,IND,2.76528776978417,1.32643884892086,2.0561797752809,0.0674460431654676,4.5863309352518,113.679245283019,3.2345013477089,1.21293800539084,25.1798561151079,9.375,0.561151079136691,8.85791366906475,0.395939086294416,4.13669064748201,8.90287769784173,1.61870503597122,10.3192446043165,0.202338129496403,0.846153846153846,0.938388625592417,0.980769230769231,0.485819975339088,0.533803699136868,0.577065351418002,0.610021786492375,1.0341726618705,21.2517897320515,5.29213483146067,8.55795148247979,4.85175202156334,0.194594594594595,3.45911949685535,0.152324431256182,2.02338129496403,1.21402877697842,0.0553846153846153,0.786870503597122,0.0359342915811088,0.0456644433042585,0.204597701149425,0.0608974358974358,2.4955035971223,5.64298561151079,1.84352517985612,0.651978417266187,5.35071942446043,2.60791366906475,0.56205035971223,0.0224820143884892,0.0,0.337230215827338,0.129568106312292,0.713933415536375,6.76882494004796,26.2195431472081,4.1591726618705,0.228113440197287,0.691891891891892,0.78125,3.70953237410072,0.203452527743527,0.418181818181818,1.50629496402878,0.0826140567200986,0.552238805970149,0.918918918918919,0.0,1.2589928057554,0.0690505548705302,0.5,0.5,1.0,7.59892086330935,0.378698224852071,338,0.378698224852071
Onyeka Okongwu,ATL,2.04220558202859,1.17994100294985,2.18969820739732,0.045382346267302,3.78942591331972,116.110732924892,1.52030859995462,1.56569094622192,22.4188790560472,12.1397776265033,0.635514018691589,3.35829362378035,0.326530612244898,3.7213523939187696,11.8447923757658,3.58520535511686,3.26752893124575,0.0,0.76764705882353,0.932142857142857,1.0,0.216691068814056,0.593172944693573,0.603221083455344,0.634146341463415,2.72294077603812,17.3280159521436,7.47674154753801,9.96142500567279,4.90129339686862,0.227368421052632,4.5382346267302,0.208986415882968,4.99205808940322,3.35829362378035,0.14726368159204,1.58838211935557,0.0711382113821138,0.109602815485168,0.221288515406162,0.135714285714286,3.8121170864533696,9.1218515997277,2.3144996596324,1.49761742682097,4.90129339686862,2.33719083276605,0.544588155207624,0.0,0.0,0.385749943272067,0.135170603674541,0.762811127379209,3.23102803738318,24.6210884353742,8.46380757885183,0.546120058565154,0.702412868632708,0.740458015267176,3.60789652825051,0.232796486090776,0.490566037735849,0.068073519400953,0.0043923865300146,0.0,0.0,0.0,1.81529385069208,0.117130307467057,0.3375,0.3375,1.0,1.54299977308827,0.308823529411765,67,0.313432835820896
Jalen Duren,DET,3.24118207816969,1.76358436606292,2.98702844222302,0.0953288846520495,4.8141086749285,116.75778464464,2.11552174946518,1.28357499405752,21.8779790276454,13.0123927550048,0.692307692307692,0.0,0.0,3.86081982840801,11.2488083889419,6.76835081029552,0.0,0.0,0.624338624338624,0.833922261484099,0.0,0.0,0.605254003724395,0.692307692307692,0.70398773006135,4.52812202097235,16.4235097957482,9.60371295965726,12.5980508676016,4.42120275730925,0.205752212389381,6.84573330164012,0.286852589641434,6.60152526215443,4.45662535748332,0.177587844254511,1.930409914204,0.0978260869565217,0.1424774056353,0.171617161716172,0.204081632653061,4.95710200190658,11.3918017159199,3.47950428979981,1.47759771210677,5.767397521449,2.83603431839848,0.667302192564347,0.0,0.0,0.357483317445186,0.186813186813187,0.785714285714286,2.51684981684982,0.0,10.2240228789323,0.785714285714286,0.734265734265734,0.6,2.76453765490944,0.212454212454212,0.53448275862069,0.0238322211630123,0.0018315018315018,1.0,1.0,0.0,0.0,0.0,0.0,0.0,0.0,0.0,0.0,0,0.0
Yves Missi,NOP,2.05668422372711,1.35440180586907,1.81977911646586,0.0,4.16353147730123,123.109771414218,2.46169304194926,0.929414719919618,16.6792074241284,12.2899423125157,0.548979591836735,0.0250815149235013,0.0,3.18535239528468,9.1296714321545,4.36418359668924,0.0,0.0,0.676579925650558,0.887804878048781,0.0,0.0020366598778004,0.600827142857143,0.54786150712831,0.57032590051458,3.21043391020818,14.4126571304725,7.54267068273092,8.69128359708616,3.79301682994223,0.178066037735849,4.49635769907059,0.17935871743487,6.39578630549285,4.21369450714823,0.15067264573991,2.08176573865061,0.0992822966507177,0.128651973347002,0.158038147138965,0.170560747663551,2.48306997742664,5.94431903686983,1.50489089541008,0.978179082016554,5.11662904439428,2.70880361173815,0.501630298470028,0.0,0.0,0.100326059694006,0.186528497409326,0.784114052953157,2.66816326530612,42.5,9.63130173062453,0.782077393075356,0.591145833333333,0.643171806167401,2.60847755204414,0.211812627291242,0.394230769230769,0.0501630298470027,0.0040733197556008,0.5,1.0,0.0,0.0,0.0,0.0,0.0,0.0,0.0250815149235013,0.0,0,0.0
Guerschon Yabusele,PHI,2.30953013007698,1.00876028670029,2.1765096217651,0.0796389700026546,3.47756835678259,118.975583864119,0.636942675159236,1.53927813163482,20.3875763206796,7.67188744358906,0.615916955017301,7.27369259357579,0.385185185185185,2.65463233342182,6.8489514202283,2.60153968675338,8.28245288027608,0.0,0.724719101123596,0.796296296296296,1.0,0.486678507992895,0.575583243727599,0.593250444049734,0.614583333333333,0.849482346694983,16.7451719265191,5.24220305242203,6.92675159235669,3.18471337579618,0.158311345646438,3.26433121019108,0.141216991963261,3.55720732678524,1.38040881337935,0.062575210589651,1.91133528006371,0.0771704180064308,0.0702947845804988,0.129682997118156,0.0782122905027933,3.9288558534643,9.4770374303159,2.30953013007698,1.61932572338731,3.66339262012211,1.64587204672153,0.345102203344837,0.0,0.0,0.318555880010619,0.101307189542484,0.870337477797513,3.31072664359862,26.0051094890511,5.73400584019113,0.383658969804618,0.712962962962963,0.74025974025974,1.67241837005575,0.11190053285968,0.333333333333333,0.265463233342182,0.0177619893428063,0.3,0.333333333333333,0.1,1.88478895672949,0.126110124333925,0.352112676056338,0.352112676056338,1.0,5.3889036368463,0.389162561576355,199,0.396984924623116
Nic Claxton,BKN,2.34185733512786,0.995962314939435,2.01531640467553,0.0269179004037685,4.81830417227456,118.991416309013,2.68240343347639,1.66309012875536,19.4885598923284,14.7240915208614,0.575868372943327,0.565275908479139,0.238095238095238,2.12651413189771,11.4131897711978,5.54508748317631,0.403768506056528,0.0,0.673015873015873,0.776556776556777,1.0,0.0369718309859154,0.564301320422535,0.567781690140845,0.570977917981073,2.26110363391655,17.113695703774,6.919252989386,9.60300429184549,4.21137339055794,0.183197199533256,4.64055793991416,0.206937799043062,4.22611036339166,2.42261103633917,0.101123595505618,1.80349932705249,0.0725108225108225,0.0865490628445424,0.150997150997151,0.128834355828221,4.22611036339166,10.228802153432,2.44952893674293,1.77658142664872,4.14535666218035,1.80349932705249,0.430686406460296,0.0,0.0,0.403768506056528,0.108239095315024,0.600352112676056,4.53162705667276,24.6047619047619,8.61372812920592,0.563380281690141,0.721875,0.666666666666667,5.54508748317631,0.362676056338028,0.383495145631068,0.565275908479139,0.0369718309859154,0.238095238095238,1.0,0.0,0.215343203230148,0.0140845070422535,0.25,0.25,1.0,0.349932705248991,0.230769230769231,13,0.230769230769231
Alex Sarr,WAS,2.9618082618862,1.89659651857625,1.89241736876215,0.103923096908288,3.19563522992985,118.804966373513,2.61251939989653,1.13812726332126,22.5772928033255,12.652637048584,0.453798767967146,8.85944401143154,0.30791788856305,2.90984671343206,8.05404001039231,3.4294621979735,7.79423226812159,0.38971161340608,0.701357466063348,0.798969072164949,0.952380952380952,0.411835748792271,0.52571461352657,0.457125603864734,0.480641592920354,1.40296180826189,23.5484617164007,5.63836681788723,8.04449042938438,4.47490946714951,0.190528634361234,3.20744956026901,0.132762312633833,3.22161600415692,1.97453884125747,0.0853932584269663,1.22109638867238,0.0442978322337417,0.0630445925166581,0.175718849840256,0.124161073825503,4.18290465055859,10.0025980774227,2.54611587425305,1.63678877630553,4.28682774746688,2.02650038971161,0.285788516497792,0.0,0.0,0.233826968043648,0.0871508379888268,0.642512077294686,6.35605749486653,25.9266862170088,4.96232787737075,0.230676328502415,0.638743455497382,0.713114754098361,6.54715510522214,0.304347826086957,0.321428571428571,1.14315406599117,0.0531400966183574,0.409090909090909,0.777777777777778,0.0227272727272727,1.37698103403481,0.0640096618357488,0.358490566037736,0.365384615384615,1.0,7.48246297739673,0.298611111111111,288,0.298611111111111
Wendell Carter Jr.,ORL,2.21137277426766,1.06260769672602,2.84855425135986,0.0861573808156232,5.08328546812177,109.817351598174,1.17009132420091,1.48401826484018,17.6909821941413,9.53475014359563,0.566265060240964,4.53762205628949,0.234177215189873,3.7047673750718,8.21367030442275,2.5847214244687,3.18782309017806,0.0,0.76063829787234,0.928571428571429,1.0,0.322448979591837,0.553102263374486,0.496938775510204,0.541300527240773,1.95290063182079,16.2884518406455,7.02834239908388,9.70319634703196,5.0513698630137,0.203448275862069,4.02397260273973,0.203463203463203,4.3365881677197,2.32624928202183,0.0923603192702394,1.95290063182079,0.0838471023427866,0.0882701421800947,0.172043010752688,0.0971223021582733,3.8483630097645,9.10396323951752,2.44112578977599,1.40723721998851,5.02584721424469,2.32624928202183,0.488225157955198,0.0,0.0,0.430786904078116,0.146209386281588,0.695918367346939,5.93072289156627,25.0301282051282,5.25560022975302,0.373469387755102,0.704918032786885,0.705426356589147,2.78575531303848,0.197959183673469,0.402061855670103,1.49339460080414,0.106122448979592,0.384615384615385,0.8,0.0,1.6082711085583,0.114285714285714,0.25,0.254545454545455,1.0,2.92935094773119,0.225490196078431,102,0.225490196078431
Walker Kessler,UTA,2.39687848383501,1.2263099219621,1.81033282272664,0.0,3.59531772575251,120.261619816309,3.84080155858614,0.974116337322572,17.8651059085842,10.7023411371237,0.708333333333333,0.975473801560758,0.176470588235294,2.20178372352285,9.36454849498328,5.79710144927536,0.501672240802676,0.0,0.617647058823529,0.903225806451613,1.0,0.0835322195704057,0.588249878934625,0.670644391408115,0.666320166320166,4.79375696767001,13.5645933014354,9.83149979111544,12.2460339549123,5.06540495407737,0.225247524752475,6.37350403562483,0.238541666666667,7.41360089186176,4.57079152731327,0.201722017220172,2.67558528428094,0.105960264900662,0.151250727166958,0.170940170940171,0.222222222222222,2.70345596432553,6.77257525083612,1.33779264214047,1.36566332218506,4.23634336677815,2.20178372352285,0.780379041248607,0.0,0.0,0.306577480490524,0.168085106382979,0.842482100238663,2.37135416666667,25.8885714285714,8.8628762541806,0.758949880668258,0.742138364779874,0.593220338983051,1.81159420289855,0.155131264916468,0.553846153846154,0.027870680044593,0.0023866348448687,0.0,0.0,1.0,0.222965440356745,0.0190930787589498,0.5,0.5,1.0,0.752508361204013,0.074074074074074,26,0.0769230769230769
Jakob Poeltl,TOR,3.18873886814134,1.95346164895145,2.52076768834145,0.0287273771904625,3.70583165756966,114.024564410169,2.02799200228506,1.88517566409597,23.6713588049411,16.5469692617064,0.628472222222222,0.0861821315713875,0.5,2.78655558747486,15.5127836828498,5.2858374030451,0.0861821315713875,0.0,0.74585635359116,0.912162162162162,1.0,0.005181347150259,0.56836929065744,0.627806563039724,0.64375,3.79201378914105,18.8347564038172,7.83443139501576,10.2256498143388,5.36989431590974,0.232098765432099,4.31305341331048,0.186650185414091,5.42947428899741,3.93565067509336,0.144667370644139,1.46509623671359,0.0783410138248847,0.117647058823529,0.236486486486486,0.183246073298429,4.53892559609308,10.2269462798047,3.38983050847458,1.1490950876185,4.1367423154266,1.98218902614191,0.603274920999713,0.0,0.0,0.373455903476013,0.110047846889952,0.538860103626943,4.79027777777778,38.0,8.87675955185292,0.533678756476684,0.73462783171521,0.66079295154185,7.09566216604424,0.426597582037997,0.518218623481781,0.57454754380925,0.0345423143350604,0.35,0.857142857142857,0.0,0.0287273771904625,0.001727115716753,1.0,1.0,1.0,0.057454754380925,0.0,1,0.0
Al Horford,BOS,1.39225181598063,0.786924939467312,1.22690093910936,0.0302663438256658,1.05932203389831,110.612492419648,1.54639175257732,1.09157064887811,16.2832929782082,4.44915254237288,0.551020408163265,9.50363196125908,0.364217252396166,1.02905569007264,4.05569007263923,0.847457627118644,10.2602905569007,0.0907990314769975,0.827160493827161,0.893333333333333,0.991228070175439,0.681127982646421,0.548632717391304,0.546637744034707,0.561586638830898,0.36319612590799,13.9850825785828,5.58921538927598,8.79320800485143,4.7301394784718,0.194029850746269,3.82049727107338,0.150717703349282,2.3910411622276,0.847457627118644,0.0450885668276972,1.54358353510896,0.0492277992277992,0.0476765238382619,0.180722891566265,0.0585365853658536,3.87409200968523,10.3208232445521,1.30145278450363,2.5726392251816,1.1501210653753,0.484261501210654,0.0605326876513317,0.0,0.0,0.121065375302663,0.0336842105263157,0.845986984815618,5.37959183673469,25.321974522293,2.30024213075061,0.164859002169197,0.697368421052632,0.849056603773585,1.84624697336562,0.132321041214751,0.426229508196721,0.302663438256659,0.0216919739696312,0.2,1.0,0.0,3.20823244552058,0.229934924078091,0.377358490566038,0.377358490566038,1.0,6.2953995157385,0.355769230769231,207,0.357487922705314
Isaiah Hartenstein,OKC,2.91616038882139,1.4277035236938,2.603928734582,0.0303766707168894,2.85540704738761,108.458015267176,1.89312977099237,1.43511450381679,19.3499392466586,14.003645200486,0.605206073752712,0.577156743620899,0.0,2.39975698663427,13.730255164034,3.21992709599028,0.0,0.0,0.810035842293907,0.904,0.0,0.0395833333333333,0.541862788259958,0.58125,0.598684210526316,1.76184690157959,16.8094218415418,9.30409623876961,13.6793893129771,6.62595419847328,0.284403669724771,5.83206106870229,0.228468899521531,4.95139732685298,3.00729040097205,0.115116279069767,1.82260024301337,0.0927357032457496,0.105507631055076,0.224066390041494,0.146341463414634,6.6221142162819,15.1579586877278,4.70838396111786,1.91373025516403,3.55407047387606,1.70109356014581,0.394896719319563,0.0,0.0,0.273390036452005,0.107074569789675,0.460416666666667,5.91822125813449,25.5947368421053,6.13608748481166,0.420833333333333,0.727722772277228,0.714285714285714,7.53341433778858,0.516666666666667,0.512096774193548,0.334143377885784,0.0229166666666666,0.454545454545455,0.8,0.0909090909090909,0.0911300121506683,0.00625,0.0,0.0,0.0,0.486026731470231,0.0,16,0.0
Victor Wembanyama,SAS,4.757343550447,2.96934865900383,1.67838874680307,0.159642401021711,7.21583652618135,112.80409731114,5.63380281690141,1.66453265044814,35.632183908046,14.4955300127714,0.585903083700441,12.8671775223499,0.357682619647355,5.04469987228608,11.941251596424,5.04469987228608,11.6858237547893,1.91570881226054,0.703007518796993,0.785714285714286,0.859154929577465,0.47024504084014,0.533422385428907,0.558926487747958,0.594249201277955,1.78799489144317,31.0108509423187,8.08823529411765,13.5723431498079,6.78617157490397,0.268694550063371,5.85787451984635,0.23828125,2.61813537675607,1.27713920817369,0.0666666666666666,1.24521072796935,0.046875,0.0551675977653631,0.200636942675159,0.0897435897435897,5.3639846743295,12.3563218390805,3.73563218390805,1.62835249042146,6.0344827586206895,2.55427841634738,0.670498084291188,0.191570881226054,0.0638569604086845,0.606641123882503,0.0934782608695652,0.70828471411902,7.70814977973568,27.3977667493797,6.51340996168582,0.23803967327888,0.759803921568627,0.683870967741936,4.27841634738187,0.156359393232205,0.477611940298507,3.7037037037037,0.135355892648775,0.405172413793103,0.808510638297872,0.0086206896551724,0.862068965517241,0.0315052508751458,0.333333333333333,0.346153846153846,1.0,12.0051085568327,0.353723404255319,370,0.359459459459459
Jonas Valančiūnas,SAC,3.82775119617225,1.81818181818182,2.89229785874081,0.0318979266347687,5.35885167464115,122.254242715338,1.47294268331732,1.18475824527698,26.8899521531101,18.8197767145136,0.571186440677966,1.18022328548644,0.216216216216216,4.62519936204147,12.3125996810207,9.1866028708134,0.76555023923445,0.0,0.572700296735905,0.728301886792453,1.0,0.0590111642743221,0.50295569823435,0.556618819776715,0.60042735042735,4.5933014354067,22.9137594194809,10.0191754554171,13.9929554915146,7.07652897854627,0.325,5.92379122638489,0.251700680272109,6.06060606060606,4.40191387559809,0.166666666666667,1.62679425837321,0.0798122065727699,0.128834355828221,0.284023668639053,0.226666666666667,5.23125996810207,12.3763955342903,3.31738437001595,1.91387559808612,5.26315789473684,2.51993620414673,0.5103668261563,0.0,0.0,0.382775119617225,0.114492753623188,0.472089314194577,6.34,25.8405405405405,8.2615629984051,0.413078149920255,0.67953667953668,0.465909090909091,8.07017543859649,0.403508771929825,0.494071146245059,2.48803827751196,0.124401913875598,0.461538461538462,0.833333333333333,0.0,0.0956937799043062,0.0047846889952153,0.0,0.0,0.0,1.08452950558214,0.235294117647059,34,0.235294117647059
Kyle Filipowski,UTA,3.22274881516588,1.8957345971564,2.6967355306734,0.0631911532385466,3.94944707740916,121.630982367758,0.692695214105794,1.51133501259446,21.8009478672986,9.41548183254344,0.614093959731544,6.95102685624013,0.351598173515982,2.93838862559242,6.69826224328594,4.86571879936809,6.824644549763031,0.4739336492891,0.579234972677596,0.666666666666667,0.935064935064935,0.424710424710425,0.529211154598826,0.576254826254826,0.594827586206897,1.51658767772512,18.9813526301141,6.93896861693739,10.3274559193955,4.65994962216625,0.234177215189873,4.50251889168766,0.183568677792041,3.53870458135861,1.57977883096367,0.0749625187406296,1.80094786729858,0.0703703703703703,0.0724441435341909,0.242152466367713,0.105527638190955,4.42338072669826,10.5845181674566,2.68562401263823,1.73775671406003,4.51816745655608,2.27488151658768,0.568720379146919,0.0315955766192733,0.0315955766192733,0.252764612954186,0.127622377622378,0.723938223938224,4.47181208053691,25.0931818181818,4.89731437598736,0.299227799227799,0.670967741935484,0.528846153846154,4.32859399684044,0.264478764478765,0.562043795620438,0.18957345971564,0.0115830115830115,0.333333333333333,1.0,0.166666666666667,2.40126382306477,0.146718146718147,0.368421052631579,0.368421052631579,1.0,4.54976303317536,0.340277777777778,143,0.342657342657343
Isaiah Stewart,DET,2.30899830220713,0.882852292020374,3.103272850602,0.135823429541596,3.05602716468591,111.957994579946,3.42140921409214,0.948509485094851,14.7028862478778,8.86247877758913,0.60536398467433,1.79966044142615,0.320754716981132,2.24108658743633,7.87775891341256,2.85229202037351,1.73174872665535,0.0,0.734177215189873,0.943089430894309,1.0,0.168789808917197,0.55461233974359,0.584394904458599,0.616809116809117,2.37691001697793,12.5449101796407,6.76615228082076,9.11246612466125,4.67479674796748,0.171641791044776,3.65853658536585,0.164634146341463,4.41426146010187,2.71646859083192,0.115440115440115,1.62988115449915,0.0679886685552408,0.091493924231594,0.126482213438735,0.145748987854251,4.17657045840408,10.5263157894737,2.00339558573854,2.17317487266554,2.95415959252971,1.35823429541596,0.373514431239389,0.0,0.0,0.271646859083192,0.116618075801749,0.745222929936306,3.50114942528736,25.3716981132075,6.14601018675722,0.576433121019108,0.679558011049724,0.691056910569106,2.58064516129032,0.24203821656051,0.447368421052632,0.135823429541596,0.0127388535031847,0.25,0.0,0.0,0.305602716468591,0.0286624203821656,0.333333333333333,0.333333333333333,1.0,1.49405772495756,0.318181818181818,44,0.318181818181818
Goga Bitadze,ORL,2.57695060844667,1.07372942018611,2.68720888570405,0.143163922691482,4.29491768074445,109.756097560976,3.51506456241033,1.75753228120517,17.967072297781,11.1309949892627,0.655948553054662,1.00214745884037,0.111111111111111,3.04223335719399,9.87831066571224,4.7244094488189,0.322118826055834,0.0,0.676470588235294,0.92,1.0,0.0825958702064896,0.596787164179105,0.615044247787611,0.630653266331658,3.8654259126700095,14.5736434108527,8.29451809387316,10.6169296987088,5.66714490674319,0.242703533026114,4.34002869440459,0.216457960644007,5.97709377236936,3.82963493199714,0.153735632183908,2.11166785969936,0.0927672955974842,0.124624624624625,0.201970443349754,0.2,4.9033643521832495,11.7036506800286,3.00644237652112,1.89692197566213,4.76020042949177,2.00429491768074,0.393700787401575,0.0,0.0,0.501073729420186,0.145833333333333,0.793510324483776,2.98102893890675,26.5214285714286,8.62562634216178,0.710914454277286,0.726141078838174,0.634285714285714,2.21904080171797,0.182890855457227,0.451612903225806,0.286327845382964,0.023598820058997,0.125,1.0,0.0,0.214745884037223,0.0176991150442477,0.0,0.0,0.0,0.78740157480315,0.136363636363636,21,0.142857142857143
Kel'el Ware,MIA,2.00562983814215,0.985221674876847,1.94566170026293,0.0,1.93525686136524,113.482361159623,2.47991617184771,1.36220747467691,20.935960591133,12.420830401126,0.628895184135977,3.9057002111189294,0.321100917431193,1.61857846586911,11.963406052076,3.65939479239972,3.5890218156228,0.105559465165377,0.765765765765766,0.92896174863388,0.971428571428571,0.239224137931034,0.568130155210643,0.591594827586207,0.602226720647773,2.74454609429979,17.4091627172196,8.29097283085013,12.4694376528117,5.55361508906741,0.236959761549925,6.00768424729305,0.235616438356164,4.08163265306123,2.77973258268825,0.120610687022901,1.30190007037298,0.0619765494137353,0.0926517571884984,0.218604651162791,0.143497757847534,2.11118930330753,5.03166783954961,1.30190007037298,0.809289232934553,2.35749472202674,1.1963406052076,0.246305418719212,0.0,0.0,0.105559465165377,0.0692464358452138,0.732758620689655,4.15212464589235,25.654954954955,8.05770584095707,0.493534482758621,0.707423580786026,0.740740740740741,3.9057002111189294,0.239224137931034,0.522522522522523,0.457424349049965,0.0280172413793103,0.153846153846154,1.0,0.0,0.738916256157636,0.0452586206896551,0.19047619047619,0.19047619047619,1.0,3.1667839549613,0.344444444444444,88,0.352272727272727
Zach Edey,MEM,2.9520295202952,1.4760147601476,3.04551539491299,0.0335457900033545,3.92485743039249,114.424040066778,2.83806343906511,1.20200333889816,20.4629319020463,12.7138544112714,0.614775725593668,1.74438108017444,0.346153846153846,3.01912110030191,9.92955384099296,5.70278430057028,1.81147266018115,0.0,0.63519313304721,0.870588235294118,1.0,0.120649651972158,0.577841529411765,0.603248259860789,0.634095634095634,4.22676954042268,16.0633484162896,9.15327978580991,10.550918196995,4.87479131886478,0.203626220362622,5.47579298831386,0.222523744911805,7.74907749077491,4.79704797047971,0.17964824120603,2.61657162026166,0.124401913875598,0.155305692199578,0.153191489361702,0.197424892703863,2.18047635021805,5.53505535055351,1.00637370010064,1.17410265011741,4.26031533042603,2.18047635021805,0.80509896008051,0.0,0.0,0.301912110030191,0.13771186440678,0.684454756380511,3.53087071240106,24.8365384615385,8.15162697081516,0.563805104408353,0.744855967078189,0.624309392265193,4.3609527004361,0.301624129930394,0.384615384615385,0.201274740020127,0.0139211136890951,0.333333333333333,1.0,0.0,0.536732640053673,0.037122969837587,0.25,0.25,1.0,1.20764844012076,0.388888888888889,36,0.388888888888889
Luke Kornet,BOS,1.17157974300831,0.529100529100529,2.24995273208546,0.0,3.93046107331822,109.421112372304,2.68634127884979,1.36208853575482,16.6666666666667,10.4686318972033,0.675090252707581,0.113378684807256,0.0,2.53212396069539,9.82615268329554,4.30839002267574,0.0,0.0,0.695187165775401,0.955882352941176,0.0,0.0107142857142857,0.611352321428571,0.667857142857143,0.680555555555556,3.85487528344671,11.4331723027375,7.33598033654755,7.49148694665153,4.42678774120318,0.164095371669004,2.83768444948922,0.118858954041204,7.1806500377929,3.59032501889645,0.191532258064516,3.36356764928194,0.106714628297362,0.138345864661654,0.163090128755365,0.251461988304094,4.42176870748299,11.6780045351474,1.58730158730159,2.83446712018141,3.66591080876795,1.8896447467876,0.340136054421769,0.0,0.0,0.113378684807256,0.155763239875389,0.810714285714286,2.56714801444043,27.2666666666667,8.46560846560847,0.8,0.732142857142857,0.689024390243902,1.8896447467876,0.178571428571429,0.4,0.113378684807256,0.0107142857142857,1.0,0.666666666666667,0.0,0.037792894935752,0.0035714285714285,0.0,0.0,0.0,0.0755857898715041,0.0,2,0.0
Donovan Clingan,POR,2.6344676180022,1.09769484083425,3.45521023765996,0.0,3.5492133186974,112.458896602119,4.01899890390939,1.24223602484472,15.8068057080132,10.3549213318697,0.579505300353357,1.79290157336261,0.285714285714286,2.26856933772411,7.31796560556165,4.68349798755946,1.53677277716795,0.0,0.609756097560976,0.91743119266055,1.0,0.147590361445783,0.590929783950617,0.557228915662651,0.576,4.02488108305891,13.7496155029222,9.63436928702011,11.3262696382901,5.62659846547315,0.216292134831461,4.96894409937888,0.219354838709677,7.93999268203439,4.97621661178193,0.18941504178273,2.78082693011343,0.112259970457903,0.151971326164875,0.16289592760181,0.213592233009709,2.81741675814124,7.061836809367,1.39041346505671,1.42700329308452,3.80534211489206,2.04903036955726,0.585437248444932,0.0,0.0,0.109769484083425,0.150537634408602,0.855421686746988,2.42650176678445,25.6591836734694,8.59860958653494,0.707831325301205,0.634042553191489,0.604026845637584,1.64654226125137,0.135542168674699,0.311111111111111,0.109769484083425,0.0090361445783132,0.333333333333333,1.0,0.0,0.182949140139041,0.0150602409638554,0.4,0.4,1.0,1.60995243322356,0.272727272727273,44,0.272727272727273
Mason Plumlee,PHX,2.23400227186672,1.1359333585763,2.93054234062797,0.11359333585763,4.16508898144642,118.362662586075,1.79801071155318,1.26243305279265,12.6088602801969,7.49716016660356,0.631313131313131,0.151457781143506,0.0,3.14274895872775,7.34570238546005,2.12040893600909,0.0,0.0,0.776,0.941747572815534,0.0,0.0198019801980198,0.58141325,0.618811881188119,0.635496183206107,1.66603559257857,10.8629441624365,8.65842055185538,12.9686304514155,6.08263198163734,0.24537037037037,5.92960979342005,0.25963149078727,4.39227565316168,2.46118894358198,0.117967332123412,1.9310867095797,0.0852842809364548,0.100957354221062,0.162162162162162,0.168,5.07383566830746,12.0030291556229,3.21847784929951,1.85535781900795,4.8466489965922,2.23400227186672,0.302915562287013,0.0,0.0,0.340780007572889,0.233201581027668,0.717821782178218,3.23282828282828,35.625,5.3388867853086,0.698019801980198,0.765957446808511,0.768518518518519,2.08254449072321,0.272277227722772,0.309090909090909,0.0757288905717531,0.0099009900990099,0.0,0.0,0.0,0.0757288905717531,0.0099009900990099,0.0,0.0,0.0,0.0757288905717531,0.0,1,0.0
Nick Richards,PHX,3.220675944334,1.47117296222664,2.7893175074184,0.0,4.69184890656064,123.031496062992,2.16535433070866,0.551181102362205,21.0337972166998,13.7176938369781,0.594202898550725,0.0795228628230616,0.0,4.73161033797217,11.1332007952286,5.16898608349901,0.0,0.0,0.682926829268293,0.903225806451613,0.0,0.0057636887608069,0.564606628242075,0.590778097982709,0.63126491646778,3.97614314115308,17.2950536146662,9.21859545004946,12.5196850393701,5.15748031496063,0.229020979020979,6.69291338582677,0.261136712749616,5.88469184890656,3.57852882703777,0.148760330578512,2.26640159045726,0.0966101694915254,0.123012552301255,0.187817258883249,0.174698795180723,1.94831013916501,4.7713717693837,1.07355864811133,0.874751491053678,6.36182902584493,3.02186878727634,0.636182902584493,0.0,0.0,0.47713717693837,0.186732186732187,0.631123919308357,4.1104347826087,23.4,8.62823061630219,0.62536023054755,0.714285714285714,0.632258064516129,4.57256461232604,0.331412103746398,0.382608695652174,0.516898608349901,0.0374639769452449,0.461538461538462,1.0,0.0,0.0795228628230616,0.0057636887608069,0.0,0.0,0.0,0.0,0.0,0,0.0
Moussa Diabaté,CHA,2.49590834697218,1.47299509001637,2.21950722867033,0.0409165302782324,4.70540098199673,113.254965545197,1.6214025131739,1.86461289014998,16.4893617021277,11.2111292962357,0.609489051094891,0.245499181669394,0.0,2.82324058919804,10.1472995090016,3.51882160392799,0.0,0.0,0.74251497005988,0.892086330935252,0.0,0.0214285714285714,0.598525535714286,0.596428571428571,0.605105105105105,2.29132569558101,13.3718952024498,8.91875381795968,10.1743007701662,5.26955816781516,0.25,4.29671665991082,0.181506849315069,7.6513911620294595,4.6644844517185,0.176197836166924,2.94599018003273,0.114285714285714,0.145653876272514,0.231075697211155,0.2,2.29132569558101,5.810147299509,1.06382978723404,1.22749590834697,4.74631751227496,2.08674304418985,0.490998363338789,0.0,0.0,0.572831423895254,0.15987460815047,0.732142857142857,3.15182481751825,26.25,8.14238952536825,0.710714285714286,0.663316582914573,0.71969696969697,3.0278232405892,0.264285714285714,0.472972972972973,0.0409165302782324,0.0035714285714285,0.0,0.0,0.0,0.0818330605564648,0.0071428571428571,0.0,0.0,0.0,0.16366612111293,0.0,4,0.0
Daniel Gafford,DAL,2.61075949367089,1.10759493670886,3.0057346252719,0.316455696202532,6.13132911392405,116.607354685647,4.03321470937129,0.909450375642546,27.7294303797468,15.9414556962025,0.702233250620347,0.0,0.0,5.34018987341772,16.1392405063291,6.25,0.0,0.0,0.720848056537103,0.902654867256637,0.0,0.0,0.621093548387097,0.702233250620347,0.72119341563786,4.50949367088608,19.1866527632951,7.67253312240459,9.2131277184658,4.54725187821273,0.162889518413598,3.91459074733096,0.168367346938776,6.13132911392405,4.23259493670886,0.173419773095624,1.85917721518987,0.094758064516129,0.138364779874214,0.122516556291391,0.204878048780488,3.16455696202532,7.3575949367088604,2.13607594936709,1.02848101265823,7.75316455696203,3.6392405063291102,1.02848101265823,0.0,0.0,0.67246835443038,0.196162046908316,0.789081885856079,2.56129032258065,0.0,12.5791139240506,0.789081885856079,0.742138364779874,0.711864406779661,3.32278481012658,0.208436724565757,0.547619047619048,0.0395569620253164,0.0024813895781637,1.0,1.0,0.0,0.0,0.0,0.0,0.0,0.0,0.0,0.0,0,0.0
Kristaps Porziņģis,BOS,2.14227970897332,0.848827809215845,2.35294117647059,0.0808407437348423,8.64995957962813,112.540716612378,2.56514657980456,1.26221498371336,33.0638641875505,13.0962004850445,0.537037037037037,10.1050929668553,0.412,6.50767987065481,10.8326596604689,3.23362974939369,12.2473726758286,0.242522231204527,0.770114942528736,0.853503184713376,0.980582524271845,0.435540069686411,0.528298949211909,0.572299651567944,0.611526946107785,1.37429264349232,25.9031791907514,5.7606490872211,8.79478827361564,4.72312703583062,0.178461538461538,3.8680781758957696,0.152979066022544,2.74858528698464,1.57639450282943,0.0833333333333333,1.13177041228779,0.038781163434903,0.0563025210084033,0.170305676855895,0.151724137931034,3.51657235246564,9.29668552950687,1.25303152789006,2.26354082457559,8.04365400161682,3.55699272433306,0.565885206143897,0.0,0.0,0.808407437348424,0.135802469135802,0.649825783972125,7.01327160493827,27.6128,4.97170573969281,0.214285714285714,0.682926829268293,0.773809523809524,6.18431689571544,0.266550522648084,0.483660130718954,1.94017784963622,0.0836236933797909,0.333333333333333,0.6875,0.0,0.68714632174616,0.0296167247386759,0.352941176470588,0.352941176470588,1.0,9.41794664510914,0.416309012875536,233,0.416309012875536
Deandre Ayton,POR,2.81747652102899,1.46998775010208,1.80032733224223,0.0,2.40914659044508,118.860188601886,1.5990159901599,1.2710127101271,23.5198040016333,17.8031849734586,0.594036697247707,1.30665577786852,0.1875,1.63331972233565,15.6798693344222,5.47162106982442,0.734993875051041,0.0,0.741312741312741,0.901408450704225,1.0,0.0683760683760683,0.544986752136752,0.572649572649573,0.581818181818182,3.75663536137199,20.1431127012522,8.30605564648118,11.5621156211562,5.82205822058221,0.262476894639556,5.00205002050021,0.221818181818182,5.06329113924051,3.38913842384647,0.130914826498423,1.63331972233565,0.07380073800738,0.104591836734694,0.254901960784314,0.170634920634921,2.61331155573704,6.4924458962842,1.34748877092691,1.26582278481013,2.44997958350347,1.06165781951817,0.285830951408738,0.0,0.0,0.326663944467129,0.0533880903490759,0.472222222222222,7.21422018348624,24.36875,7.71743568803593,0.403846153846154,0.740740740740741,0.664285714285714,6.41077991016742,0.335470085470085,0.509554140127389,3.6749693752552095,0.192307692307692,0.433333333333333,0.871794871794872,0.0222222222222222,0.653327888934259,0.0341880341880341,0.0625,0.0625,1.0,0.653327888934259,0.3125,16,0.3125
Clint Capela,ATL,1.87250996015936,0.836653386454183,2.10945273631841,0.0398406374501992,3.54581673306773,114.473161033797,2.0675944333996,1.35188866799205,19.4422310756972,15.4980079681275,0.560411311053985,0.0398406374501992,0.0,2.07171314741036,13.4661354581673,3.90438247011952,0.0,0.0,0.775229357798165,0.954802259887006,0.0,0.0025641025641025,0.611982051282051,0.558974358974359,0.5635103926097,3.26693227091634,16.5232358003442,9.33333333333333,11.7296222664016,6.24254473161034,0.270223752151463,4.61232604373758,0.194630872483221,6.93227091633466,4.8207171314741,0.181409295352324,2.03187250996016,0.0925589836660617,0.141215106732348,0.232931726907631,0.220973782771536,2.50996015936255,5.89641434262948,1.63346613545817,0.876494023904383,3.86454183266932,1.95219123505976,0.438247011952191,0.0,0.0,0.199203187250996,0.114485981308411,0.71025641025641,2.97249357326478,26.3,10.996015936255,0.707692307692308,0.626811594202899,0.734104046242775,4.46215139442231,0.287179487179487,0.401785714285714,0.0398406374501992,0.0025641025641025,0.0,0.0,0.0,0.0,0.0,0.0,0.0,0.0,0.0398406374501992,0.0,1,0.0
Mark Williams,CHA,2.94483616756533,1.49315636665284,2.18113834648941,0.0,5.2675238490253,121.514773200166,2.24719101123596,1.33166874739908,27.8307756117793,18.3326420572377,0.610859728506787,0.165906262961427,0.0,5.43343011198673,18.0837826627955,4.3135628369971,0.0,0.0,0.807407407407408,0.973214285714286,0.0,0.0089686098654708,0.578853636363636,0.605381165919283,0.651456310679612,3.81584404811282,21.3946695874407,9.28541753219776,13.1086142322097,5.90928006658344,0.276803118908382,6.28381190178943,0.230534351145038,5.47490667772708,3.6499377851513906,0.134351145038168,1.82496889257569,0.0787119856887298,0.108731466227348,0.265193370165746,0.165919282511211,4.52094566569888,11.4475321443385,2.11530485275819,2.40564081294069,6.76068021567814,3.6084612194110304,1.03691414350892,0.0,0.0,0.290335960182497,0.171259842519685,0.674887892376682,3.58099547511312,25.975,12.3185400248859,0.665919282511211,0.717171717171717,0.779342723004695,5.80671920364994,0.31390134529148,0.392857142857143,0.207382828701783,0.0112107623318385,0.4,1.0,0.0,0.0414765657403567,0.0022421524663677,0.0,0.0,0.0,0.12442969722107,0.0,3,0.0
Precious Achiuwa,NYK,1.90920661858294,0.890963088672041,1.70598146588037,0.127280441238863,2.16376750106067,114.13634462568,1.75658720200753,1.96570472605604,16.079762409843,12.3462028001697,0.529209621993127,1.52736529486636,0.277777777777778,1.73949936359779,9.07933814170556,3.98812049215104,1.27280441238863,0.0,0.694805194805195,0.804511278195489,1.0,0.110091743119266,0.5902546875,0.516819571865444,0.532303370786517,1.78192617734408,14.8189209164819,6.67649536647009,9.03387703889586,4.47511501463823,0.184165232358003,3.76411543287328,0.183673469387755,4.28510818837505,3.01230377598642,0.1136,1.18795078489605,0.056338028169014,0.088235294117647,0.158536585365854,0.126984126984127,2.33347475604582,5.47305897327111,1.52736529486636,0.806109461179466,2.92745014849385,1.52736529486636,0.381841323716589,0.0,0.0,0.0848536274925753,0.101694915254237,0.691131498470948,3.97079037800687,23.8194444444444,8.06109461179466,0.581039755351682,0.621052631578947,0.686440677966102,4.03054730589733,0.290519877675841,0.357894736842105,0.254560882477726,0.018348623853211,0.333333333333333,0.5,0.0,1.18795078489605,0.0856269113149847,0.285714285714286,0.285714285714286,1.0,0.339414509970301,0.25,8,0.25
Kevon Looney,GSW,1.68321104876996,0.776866637893828,3.31040412725709,0.0431592576607682,3.62537764350453,109.935760171306,1.58458244111349,1.97002141327623,14.8467846353043,11.7824773413897,0.516483516483517,0.215796288303841,0.5,2.41691842900302,6.90548122572292,5.26542943461373,0.258955545964609,0.0,0.567375886524823,0.860215053763441,1.0,0.0179856115107913,0.544272644927536,0.517985611510791,0.53416149068323,4.14328873543375,13.0057803468208,9.93121238177128,11.8629550321199,6.50963597430407,0.266199649737303,4.19700214132762,0.184905660377358,7.98446266724212,5.4380664652568,0.211409395973154,2.28744065602072,0.0857605177993527,0.147446457990115,0.267123287671233,0.23728813559322,5.09279240397065,12.9046180405697,2.37375917134225,2.7190332326284,4.27276650841606,1.8990073370738,0.517911091929219,0.0,0.0,0.517911091929219,0.141935483870968,0.683453237410072,4.08095238095238,32.2,7.98446266724212,0.665467625899281,0.643243243243243,0.521008403361345,2.89167026327147,0.241007194244604,0.26865671641791,0.906344410876133,0.0755395683453237,0.19047619047619,0.75,0.0,0.0863185153215364,0.0071942446043165,1.0,1.0,1.0,0.129477772982305,0.0,2,0.0
Jaxson Hayes,LAL,1.92738682205289,0.717167189601076,3.04727761595339,0.0896458987001344,5.02017032720753,111.917562724014,2.28494623655914,1.38888888888889,17.1671896010758,9.86104885701479,0.731818181818182,0.134468848050202,0.0,2.7341999103541,12.3711340206186,2.06185567010309,0.0,0.0,0.857142857142857,0.945205479452055,0.0,0.0134529147982062,0.62607668161435,0.721973094170404,0.719924812030075,1.34468848050202,12.5151883353584,6.02733587273135,8.5573476702509,4.03225806451613,0.158450704225352,4.03225806451613,0.17208413001912,3.49619004930524,1.65844912595249,0.0844748858447488,1.70327207530256,0.0708955223880597,0.0770020533880903,0.150837988826816,0.111111111111111,2.5997310623039,6.81308830121022,0.986104885701479,1.61362617660242,4.39264903630659,2.10667861945316,0.537875392200807,0.0,0.0,0.358583594800538,0.182170542635659,0.820627802690583,2.57909090909091,26.4,8.0681308830121,0.807174887892377,0.805555555555556,0.855172413793104,1.79291797400269,0.179372197309417,0.4,0.0,0.0,0.0,0.0,0.0,0.0448229493500672,0.0044843049327354,0.0,0.0,0.0,0.0896458987001344,0.0,2,0.0
Jusuf Nurkić,CHA,4.50534138411519,2.46168137482582,3.02044609665428,0.04644681839294,5.89874593590339,117.898651789865,1.58066015806602,1.85960018596002,21.0404087320019,11.4723641430562,0.550607287449393,4.87691593125871,0.307692307692308,3.9479795633999104,8.54621458430098,4.08732001857873,4.31955411054343,0.13934045517882,0.676470588235294,0.754098360655738,0.96875,0.298295454545455,0.541117151162791,0.522727272727273,0.555147058823529,1.30051091500232,20.8955223880597,9.24721189591078,14.5513714551371,7.25244072524407,0.305882352941177,6.92701069270107,0.28060263653484,3.9479795633999104,2.50812819321876,0.111801242236025,1.43985137018114,0.0565693430656934,0.0824442289039767,0.255952380952381,0.118881118881119,5.34138411518811,13.2837900603809,2.74036228518347,2.60102183000465,5.94519275429633,2.92614955875523,0.696702275894101,0.0,0.0,0.371574547143521,0.1575,0.678977272727273,4.23562753036437,26.2504761904762,6.22387366465397,0.380681818181818,0.626865671641791,0.678571428571429,5.1091500232234095,0.3125,0.472727272727273,0.13934045517882,0.0085227272727272,0.0,0.0,0.0,0.557361820715281,0.034090909090909,0.416666666666667,0.416666666666667,1.0,4.31955411054343,0.290322580645161,92,0.293478260869565
Trayce Jackson-Davis,GSW,2.26700251889169,0.856423173803526,1.83694011071968,0.100755667506297,3.77833753148615,114.177978883861,1.91050779286073,1.15635997988939,20.4030226700252,15.0125944584383,0.580536912751678,0.151133501259446,0.0,2.97229219143577,14.0050377833753,3.42569269521411,0.0,0.0,0.803468208092486,0.908496732026144,0.0,0.0099667774086378,0.560091333333333,0.574750830564784,0.588662790697675,2.01511335012594,16.9794849410738,7.82586814292904,9.50226244343891,4.4746103569633,0.194748358862144,4.62543991955757,0.195329087048832,6.14609571788413,4.08060453400504,0.162977867203219,2.01511335012594,0.0803212851405622,0.121608040201005,0.135338345864662,0.23841059602649,5.23929471032746,13.551637279597,2.16624685138539,3.07304785894207,5.13853904282116,2.87153652392947,0.806045340050378,0.0,0.0,0.100755667506297,0.166666666666667,0.700996677740864,3.15906040268456,24.5666666666667,10.4785894206549,0.691029900332226,0.677884615384615,0.794326241134752,4.43324937027708,0.292358803986711,0.363636363636364,0.100755667506297,0.0066445182724252,0.0,0.0,0.0,0.100755667506297,0.0066445182724252,0.0,0.0,0.0,0.0503778337531486,0.0,1,0.0
Thomas Bryant,IND,1.50753768844221,0.603015075376884,1.91098818204677,0.050251256281407,3.11557788944724,116.406643180674,2.06341217916457,1.40915953699044,21.5577889447236,8.69346733668342,0.664739884393064,7.43718592964824,0.324324324324324,2.76381909547739,7.73869346733668,3.81909547738694,7.08542713567839,0.150753768844221,0.669565217391304,0.927710843373494,0.979166666666667,0.461059190031153,0.561421962616822,0.582554517133956,0.618155619596542,3.21608040201005,16.8988764044944,6.31128991702288,8.45495722194263,4.02617010568697,0.170940170940171,4.12682435832914,0.18141592920354,4.17085427135678,2.96482412060302,0.122406639004149,1.20603015075377,0.0562060889929742,0.0913091309130913,0.174863387978142,0.167701863354037,2.66331658291457,5.92964824120603,2.06030150753769,0.603015075376884,3.21608040201005,1.65829145728643,0.452261306532663,0.0,0.0,0.100502512562814,0.0956521739130434,0.850467289719626,3.7196531791907503,25.0493243243243,6.28140703517588,0.389408099688474,0.672,0.619047619047619,1.90954773869347,0.118380062305296,0.605263157894737,0.50251256281407,0.0311526479750778,0.8,0.75,0.0,2.66331658291457,0.165109034267913,0.415094339622642,0.415094339622642,0.954545454545455,4.77386934673367,0.273684210526316,95,0.273684210526316
Jalen Smith,CHI,1.8057589067838,0.683260126891166,2.29635001208605,0.0976085895558809,4.099560761347,113.840996168582,2.10727969348659,0.814176245210728,25.5734504636408,9.07759882869692,0.634408602150538,10.8345534407028,0.321266968325792,3.51390922401171,8.10151293313812,3.41630063445583,10.3953147877013,0.146412884333821,0.703389830508475,0.943181818181818,0.986111111111111,0.544117647058824,0.579060687960688,0.553921568627451,0.586129753914989,2.92825768667643,20.8748375920312,8.62944162436548,12.8352490421456,5.84291187739464,0.23828125,6.17816091954023,0.251953125,4.3435822352367,2.73304050756467,0.14070351758794,1.56173743289409,0.0543293718166383,0.0891590678824721,0.224770642201835,0.172248803827751,3.17227916056613,7.66227428013665,1.85456320156174,1.31771595900439,4.3435822352367,2.09858467545144,0.634455832113226,0.0,0.0,0.439238653001464,0.0981735159817351,0.889705882352941,3.31182795698925,25.6031531531532,6.8814055636896,0.345588235294118,0.687943262411348,0.680412371134021,1.75695461200586,0.088235294117647,0.527777777777778,0.439238653001464,0.0220588235294117,0.222222222222222,1.0,0.0,1.85456320156174,0.0931372549019607,0.342105263157895,0.342105263157895,1.0,8.97999023914104,0.320652173913043,182,0.318681318681319
Day'Ron Sharpe,BKN,3.51170568561873,1.72798216276477,3.16526610644258,0.0,4.06911928651059,110.754504504505,2.36486486486487,2.30855855855856,22.1293199554069,15.1616499442586,0.566176470588235,2.50836120401338,0.244444444444444,3.12151616499443,10.2564102564103,6.91192865105909,1.83946488294314,0.0,0.597402597402597,0.884615384615385,1.0,0.141955835962145,0.56029905362776,0.537854889589905,0.565527065527066,5.57413600891862,19.3155180496953,9.2436974789916,10.1914414414414,4.84234234234234,0.224543080939948,4.4481981981982,0.181609195402299,8.30546265328874,5.12820512820513,0.204899777282851,3.01003344481605,0.114164904862579,0.158351409978308,0.146853146853147,0.227544910179641,5.07246376811594,11.984392419175,3.2329988851728,1.83946488294314,4.12486064659978,1.83946488294314,0.445930880713489,0.0,0.0,0.501672240802676,0.0964912280701754,0.735015772870662,3.57610294117647,24.9555555555556,10.479375696767,0.593059936908517,0.617021276595745,0.525862068965517,4.06911928651059,0.230283911671924,0.424657534246575,0.613154960981048,0.0347003154574132,0.636363636363636,0.714285714285714,0.0909090909090909,0.72463768115942,0.0410094637223974,0.384615384615385,0.384615384615385,1.0,1.78372352285396,0.1875,32,0.1875
Adem Bona,PHI,3.30802603036876,1.30151843817787,3.40785169029444,0.162689804772234,4.88069414316703,117.434210526316,3.83771929824561,1.42543859649123,18.2754880694143,10.3579175704989,0.706806282722513,0.054229934924078,0.0,3.63340563991323,10.1952277657267,4.4468546637744,0.0,0.0,0.696296296296296,0.886792452830189,0.0,0.0052083333333333,0.639920572916667,0.703125,0.713983050847458,3.14533622559653,14.0142517814727,6.6793893129771,8.38815789473684,4.22149122807018,0.175799086757991,3.67324561403509,0.155813953488372,4.98915401301519,3.19956616052061,0.136574074074074,1.62689804772234,0.068649885583524,0.102416570771001,0.19774011299435,0.146198830409357,1.46420824295011,3.470715835141,0.921908893709328,0.542299349240781,5.42299349240781,2.54880694143167,0.759219088937093,0.0,0.0,0.596529284164859,0.208888888888889,0.854166666666667,2.16753926701571,24.6,8.83947939262473,0.848958333333333,0.730061349693252,0.680672268907563,1.51843817787419,0.145833333333333,0.571428571428571,0.0,0.0,0.0,0.0,0.0,0.054229934924078,0.0052083333333333,0.0,0.0,0.0,0.0,0.0,0,0.0
Kelly Olynyk,NOP,4.16210295728368,2.30010952902519,3.38470005503577,0.0,5.25739320920044,116.924778761062,1.05088495575221,1.82522123893805,21.0295728368018,10.3504928806134,0.534391534391534,4.32639649507119,0.417721518987342,4.54545454545455,6.24315443592552,4.81927710843374,4.43592552026287,0.985761226725082,0.564356435643564,0.703703703703704,0.818181818181818,0.294776119402985,0.553383955223881,0.561567164179105,0.6,2.19058050383352,18.9202102245581,5.66868464501926,7.9646017699115,3.09734513274336,0.145077720207254,3.42920353982301,0.129166666666667,3.39539978094195,1.91675794085433,0.0746268656716417,1.36911281489595,0.0696378830083565,0.072463768115942,0.11875,0.0943396226415094,7.00985761226725,16.1007667031763,4.92880613362541,2.08105147864184,5.91456736035049,2.40963855421687,0.219058050383352,0.0,0.0,0.657174151150055,0.142857142857143,0.697761194029851,5.45132275132275,25.8379746835443,5.91456736035049,0.402985074626866,0.638888888888889,0.565217391304348,3.1763417305586,0.216417910447761,0.413793103448276,1.25958378970427,0.085820895522388,0.347826086956522,0.625,0.0,0.547645125958379,0.0373134328358208,0.6,0.6,0.833333333333333,3.77875136911282,0.391304347826087,69,0.391304347826087
Chet Holmgren,OKC,3.01399354144241,1.99138858988159,1.93913277673041,0.430570505920344,5.11302475780409,108.247978436658,3.8274932614555297,1.23989218328841,25.6727664155005,12.0559741657696,0.544642857142857,6.243272335845,0.382608695652174,5.43595263724435,8.39612486544672,4.73627556512379,7.10441334768568,0.0,0.639344262295082,0.772277227722772,1.0,0.341176470588235,0.558484969325153,0.552941176470588,0.597744360902256,2.26049515608181,21.8016291327264,6.92162671694048,11.266846361186,5.33692722371968,0.2,4.95956873315364,0.201754385964912,2.58342303552207,1.66846071044133,0.0687361419068736,0.914962325080732,0.045822102425876,0.0583941605839416,0.140449438202247,0.0827586206896551,3.39074273412271,7.58880516684607,2.58342303552207,0.807319698600646,7.21205597416577,3.44456404736276,0.645855758880517,0.107642626480086,0.0,0.269106566200215,0.16751269035533,0.694117647058824,5.51383928571429,25.926724137931,6.45855758880517,0.352941176470588,0.725,0.609195402298851,4.46716899892357,0.244117647058824,0.337349397590361,1.1302475780409,0.0617647058823529,0.333333333333333,1.0,0.0952380952380952,1.07642626480086,0.0588235294117647,0.45,0.5,1.0,5.16684607104413,0.364583333333333,95,0.368421052631579
Neemias Queta,BOS,2.39664469742361,0.659077291791492,3.16606929510155,0.0,3.47513481126423,110.839785586659,2.50148898153663,1.07206670637284,18.573996405033,11.983223487118,0.66,0.179748352306771,0.0,2.75614140203715,12.5823846614739,3.23547034152187,0.0,0.0,0.795454545454545,0.929203539823009,0.0,0.0147783251231527,0.585309900990099,0.650246305418719,0.670995670995671,2.27681246255243,14.0560165975104,7.04898446833931,8.7552114353782,4.88385944014294,0.197115384615385,3.57355568790947,0.15,5.33253445176753,2.4565608148592,0.131832797427653,2.75614140203715,0.0938775510204081,0.108614232209738,0.185714285714286,0.163636363636364,2.69622528460156,7.18993409227082,0.898741761533853,1.79748352306771,3.654883163571,1.67765128819652,0.299580587177951,0.0,0.0,0.299580587177951,0.123893805309735,0.729064039408867,3.1375,36.2,8.68783702816057,0.714285714285714,0.710344827586207,0.757281553398058,3.23547034152187,0.266009852216749,0.518518518518519,0.0599161174355901,0.0049261083743842,1.0,1.0,0.0,0.0599161174355901,0.0049261083743842,0.0,0.0,0.0,0.11983223487118,0.0,1,0.0
Dereck Lively II,DAL,2.41176470588235,1.23529411764706,2.93772032902468,0.0,3.0,109.800469483568,3.28638497652582,1.17370892018779,18.4705882352941,11.2352941176471,0.701570680628272,0.0,0.0,2.70588235294118,12.4705882352941,3.29411764705882,0.0,0.0,0.791044776119403,0.929824561403509,0.0,0.0,0.596586910994764,0.701570680628272,0.700892857142857,2.35294117647059,13.6387030365414,7.93184488836663,9.74178403755869,4.87089201877934,0.189931350114416,4.28403755868545,0.181592039800995,6.11764705882353,3.23529411764706,0.138888888888889,2.58823529411765,0.112244897959184,0.125634517766497,0.186206896551724,0.150943396226415,5.0,12.5882352941176,2.41176470588235,2.58823529411765,4.29411764705882,2.17647058823529,0.411764705882353,0.0,0.0,0.176470588235294,0.167420814479638,0.68586387434555,3.13717277486911,0.0,7.70588235294118,0.68586387434555,0.770992366412214,0.782178217821782,3.52941176470588,0.31413612565445,0.55,0.0,0.0,0.0,0.0,0.0,0.0,0.0,0.0,0.0,0.0,0.0,0.0,0,0.0
Steven Adams,HOU,3.36239103362391,1.93026151930262,1.8796992481203,0.0,6.4134495641345,109.962168978562,1.76544766708701,1.38713745271122,13.8854296388543,10.2117061021171,0.548780487804878,0.12453300124533,0.0,2.6774595267746,5.10585305105853,6.10211706102117,0.0,0.0,0.455555555555556,0.788461538461538,0.0,0.0120481927710843,0.576174233128834,0.542168674698795,0.533492822966507,4.73225404732254,13.1131131131131,10.2443609022556,10.1513240857503,5.67465321563682,0.218978102189781,4.22446406052963,0.185595567867036,10.3362391033624,6.10211706102117,0.200819672131148,3.98505603985056,0.184971098265896,0.194244604316547,0.237704918032787,0.220779220779221,4.10958904109589,9.58904109589041,2.73972602739726,1.36986301369863,5.79078455790785,2.24159402241594,0.560398505603985,0.0,0.0,0.99626400996264,0.186528497409326,0.674698795180723,3.17865853658537,80.6,6.84931506849315,0.662650602409639,0.609090909090909,0.373134328358209,3.36239103362391,0.325301204819277,0.425925925925926,0.0,0.0,0.0,0.0,0.0,0.0,0.0,0.0,0.0,0.0,0.12453300124533,0.0,1,0.0
Orlando Robinson,TOR,3.06633291614518,1.81476846057572,3.12304809494066,0.0,3.31664580725907,112.15710723192,0.997506234413965,1.05985037406484,18.9612015018773,13.0788485607009,0.473684210526316,3.2540675844806,0.326923076923077,3.37922403003755,8.1351689612015,4.25531914893617,3.19148936170213,0.0,0.656565656565657,0.902777777777778,1.0,0.199233716475096,0.539003461538462,0.477011494252874,0.513559322033898,3.37922403003755,18.2299947005829,6.87070580886946,8.16708229426434,4.23940149625935,0.194285714285714,3.30423940149626,0.130541871921182,5.56946182728411,3.31664580725907,0.110878661087866,2.25281602002503,0.0957446808510638,0.104215456674473,0.208333333333333,0.135135135135135,4.81852315394243,11.8898623279099,2.5657071339174,2.25281602002503,4.38047559449312,2.12765957446809,0.125156445556946,0.0,0.0,0.125156445556946,0.116040955631399,0.593869731800766,4.94736842105263,25.9519230769231,6.445556946182729,0.394636015325671,0.58252427184466,0.566666666666667,6.32040050062578,0.386973180076628,0.366336633663366,0.312891113892365,0.0191570881226053,0.4,1.0,0.0,0.438047559449312,0.0268199233716475,0.285714285714286,0.285714285714286,1.0,2.81602002503129,0.333333333333333,45,0.333333333333333
Andre Drummond,PHI,3.6912751677852302,1.2751677852349,3.13020313020313,0.268456375838926,4.63087248322148,121.612690019828,1.18968935888962,2.57766027759418,19.6644295302013,14.3624161073826,0.532710280373832,1.34228187919463,0.166666666666667,3.7583892617449695,9.79865771812081,5.50335570469799,0.402684563758389,0.201342281879195,0.640350877192982,0.858823529411765,0.666666666666667,0.0854700854700854,0.585931465517241,0.506410256410256,0.534671532846715,3.8926174496644306,18.9516129032258,10.3230103230103,13.2848645076008,5.61797752808989,0.26813880126183,6.54329147389293,0.28862973760933,7.31543624161074,4.63087248322148,0.163507109004739,2.3489932885906,0.103244837758112,0.136662286465177,0.233576642335766,0.137931034482759,2.28187919463087,5.36912751677852,1.47651006711409,0.805369127516779,6.04026845637584,2.61744966442953,0.671140939597316,0.0,0.0,0.738255033557047,0.14828897338403,0.730769230769231,3.1714953271028,28.605,10.1342281879195,0.645299145299145,0.589403973509934,0.584269662921348,4.09395973154362,0.260683760683761,0.39344262295082,0.134228187919463,0.0085470085470085,0.5,1.0,0.0,0.536912751677852,0.0341880341880341,0.25,0.25,0.5,0.805369127516779,0.0833333333333333,10,0.1
Jay Huff,MEM,2.09747069710056,0.801974090067859,2.40963855421687,0.0616903146206045,2.7143738433066,112.995049504951,3.46534653465347,0.99009900990099,27.0820481184454,6.47748303516348,0.723809523809524,12.3380629241209,0.405,2.7143738433066,7.89636027143738,1.48056755089451,14.8056755089451,0.185070943861814,0.842105263157895,0.941176470588235,0.987654320987654,0.655737704918033,0.583266780821918,0.647540983606557,0.663141993957704,0.987045033929673,19.9890470974808,3.98517145505097,6.12623762376238,3.52722772277228,0.144670050761421,2.28960396039604,0.0973684210526315,1.85070943861814,0.987045033929673,0.0522875816993464,0.863664404688464,0.0342298288508557,0.0419580419580419,0.129496402877698,0.0714285714285714,2.34423195558297,5.79888957433683,1.23380629241209,1.11042566317088,3.45465761875386,1.3571869216533,0.246761258482418,0.0,0.0,0.493522516964837,0.0681114551083591,0.911475409836066,3.74190476190476,25.346,4.81184454040716,0.255737704918033,0.820512820512821,0.84375,1.23380629241209,0.0655737704918032,0.6,0.431832202344232,0.0229508196721311,0.0,0.0,0.0,3.08451573103023,0.163934426229508,0.38,0.38,1.0,9.25354719309068,0.413333333333333,150,0.413333333333333
Drew Eubanks,LAC,2.64857881136951,1.42118863049096,2.02898550724638,0.0,4.06976744186047,117.597944765575,2.50481695568401,0.770712909441233,18.0878552971576,12.1447028423773,0.595744680851064,0.387596899224806,0.5,3.03617571059432,11.3695090439276,3.10077519379845,0.387596899224806,0.193798449612403,0.785714285714286,0.88,0.666666666666667,0.0309278350515463,0.521712113402062,0.600515463917526,0.611353711790393,1.55038759689923,15.4508902929351,7.27858293075684,10.6615285806037,4.75272960822094,0.224924012158055,5.00963391136802,0.198979591836735,3.87596899224806,2.77777777777778,0.119444444444444,1.09819121447028,0.0494186046511627,0.0852272727272727,0.178217821782178,0.117647058823529,3.48837209302326,8.72093023255814,1.74418604651163,1.74418604651163,4.58656330749354,2.00258397932817,0.129198966408269,0.0,0.0,0.387596899224806,0.139013452914798,0.520618556701031,4.51329787234043,23.8833333333333,6.13695090439277,0.489690721649485,0.715789473684211,0.808823529411765,6.0077519379845,0.479381443298969,0.473118279569893,0.0,0.0,0.0,0.0,0.0,0.322997416020672,0.0257731958762886,0.6,0.6,0.666666666666667,0.0645994832041343,0.0,1,0.0
Micah Potter,UTA,2.12328767123288,0.821917808219178,1.71585449553878,0.0684931506849315,1.78082191780822,118.638239339752,0.962861072902338,0.962861072902338,11.0958904109589,2.53424657534247,0.702702702702703,6.71232876712329,0.316326530612245,1.16438356164384,2.32876712328767,1.23287671232877,6.36986301369863,0.0,0.653846153846154,0.85,1.0,0.725925925925926,0.562674444444445,0.537037037037037,0.5625,0.821917808219178,10.4727707959306,5.62800274536719,8.32187070151307,3.78266850068776,0.171875,3.78266850068776,0.132211538461538,2.94520547945205,1.16438356164384,0.0544871794871794,1.71232876712329,0.0642673521850899,0.0599144079885877,0.18348623853211,0.0823529411764705,2.12328767123288,5.34246575342466,1.02739726027397,1.0958904109589,1.36986301369863,0.616438356164384,0.136986301369863,0.0,0.0,0.136986301369863,0.0633802816901408,0.911111111111111,3.64054054054054,24.5418367346939,1.71232876712329,0.185185185185185,0.76,0.578947368421053,0.753424657534247,0.0814814814814814,0.545454545454545,0.0684931506849315,0.0074074074074074,1.0,1.0,0.0,3.9726027397260304,0.42962962962963,0.327586206896552,0.333333333333333,1.0,2.73972602739726,0.3,40,0.3
DeAndre Jordan,DEN,2.86944045911047,1.506456241033,2.64097073518915,0.0,4.87804878048781,114.630681818182,1.91761363636364,1.13636363636364,14.9928263988522,10.0430416068867,0.65,0.0,0.0,1.93687230989957,9.32568149210904,3.73027259684362,0.0,0.0,0.714285714285714,0.942028985507247,0.0,0.0,0.619515,0.65,0.618343195266272,3.15638450502152,13.0380536494074,10.1356174161313,14.2045454545455,5.82386363636364,0.234957020057307,7.17329545454545,0.269333333333333,6.02582496413199,4.01721664275466,0.150537634408602,2.00860832137733,0.100719424460432,0.129230769230769,0.150943396226415,0.155737704918033,3.80200860832138,8.4648493543759,2.94117647058824,0.860832137733142,4.59110473457676,2.4390243902439,0.502152080344333,0.0,0.0,0.143472022955524,0.203592814371257,0.785714285714286,2.30142857142857,0.0,7.8909612625538,0.785714285714286,0.718181818181818,0.708860759493671,2.15208034433286,0.214285714285714,0.4,0.0,0.0,0.0,0.0,0.0,0.0,0.0,0.0,0.0,0.0,0.0,0.0,0,0.0
Jericho Sims,MIL,2.62321144674086,1.03338632750397,2.57936507936508,0.0,1.74880763116057,112.440570522979,1.50554675118859,0.792393026941363,7.79014308426073,5.64387917329094,0.633802816901409,0.0,0.0,0.635930047694754,5.72337042925278,1.4308426073132,0.0,0.0,0.8,1.0,0.0,0.0,0.650057746478873,0.633802816901409,0.636363636363636,1.4308426073132,7.66016713091922,7.81746031746032,9.98415213946117,4.51664025356577,0.191275167785235,4.91283676703645,0.210169491525424,5.64387917329094,3.25914149443561,0.140893470790378,2.30524642289348,0.0993150684931506,0.120068610634648,0.177570093457944,0.12,2.62321144674086,6.67726550079491,1.19236883942766,1.4308426073132,1.03338632750397,0.397456279809221,0.0794912559618442,0.0,0.0,0.158982511923688,0.0666666666666666,0.845070422535211,2.41549295774648,0.0,4.76947535771065,0.845070422535211,0.683333333333333,0.780487804878049,0.874403815580286,0.154929577464789,0.363636363636364,0.0,0.0,0.0,0.0,0.0,0.0,0.0,0.0,0.0,0.0,0.0,0.0,0,0.0
Daniel Theis,NOP,1.93498452012384,0.851393188854489,2.72055965798679,0.0,3.48297213622291,118.345042935207,1.56128024980484,1.40515222482436,12.5386996904025,7.12074303405573,0.565217391304348,2.86377708978328,0.243243243243243,2.39938080495356,6.03715170278638,2.01238390092879,2.08978328173375,0.0,0.75,0.975,1.0,0.286821705426357,0.537644921875,0.507751937984496,0.554794520547945,1.85758513931889,11.5540540540541,6.37388262728333,9.36768149882904,4.52771272443404,0.211678832116788,4.52771272443404,0.195286195286195,3.40557275541796,1.85758513931889,0.0701754385964912,1.47058823529412,0.0588235294117647,0.0646616541353383,0.224137931034483,0.107438016528926,4.64396284829721,11.0681114551084,2.86377708978328,1.78018575851393,2.86377708978328,1.1609907120743,0.232198142414861,0.0,0.0,0.386996904024768,0.106382978723404,0.697674418604651,5.29347826086957,25.6405405405405,4.10216718266254,0.410852713178295,0.660377358490566,0.685714285714286,2.55417956656347,0.255813953488372,0.454545454545455,0.464396284829721,0.0465116279069767,0.333333333333333,1.0,0.0,0.696594427244582,0.0697674418604651,0.0,0.0,0.0,2.1671826625387,0.321428571428571,28,0.321428571428571
Joel Embiid,PHI,5.27659574468085,2.72340425531915,1.78799489144317,0.595744680851064,9.95744680851064,111.158432708688,1.53321976149915,1.19250425894378,38.468085106383,20.2553191489362,0.491596638655462,6.5531914893617,0.298701298701299,12.6808510638298,10.7234042553192,9.19148936170213,5.61702127659575,0.25531914893617,0.538461538461538,0.588785046728972,0.956521739130435,0.244444444444444,0.501007936507937,0.480952380952381,0.573791348600509,1.70212765957447,35.0308641975309,6.59855257556407,10.1362862010221,4.0885860306644,0.192,5.70698466780239,0.224080267558528,3.06382978723404,1.87234042553192,0.0852713178294573,1.19148936170213,0.0472972972972973,0.0649819494584837,0.134146341463415,0.126315789473684,7.23404255319149,17.6170212765957,4.08510638297872,3.14893617021277,14.3829787234043,6.5531914893617,1.1063829787234,0.0,0.0,1.19148936170213,0.203166226912929,0.492063492063492,9.33865546218487,26.4428571428571,6.63829787234043,0.247619047619048,0.628205128205128,0.591836734693878,7.40425531914894,0.276190476190476,0.471264367816092,6.21276595744681,0.231746031746032,0.36986301369863,0.518518518518519,0.0273972602739726,0.0,0.0,0.0,0.0,0.0,6.5531914893617,0.298701298701299,77,0.298701298701299
Moritz Wagner,ORL,4.28696412948381,1.74978127734033,2.40594925634296,0.349956255468066,8.3989501312336,110.236220472441,1.0498687664042,2.0997375328084,33.7707786526684,15.2230971128609,0.649425287356322,6.56167979002625,0.36,6.91163604549431,13.6482939632546,6.12423447069116,7.08661417322835,0.0,0.690265486725664,0.757281553398058,1.0,0.301204819277108,0.590390361445783,0.616465863453815,0.652027027027027,1.74978127734033,26.2757044935263,6.47419072615923,9.44881889763779,4.54943132108487,0.203921568627451,4.02449693788276,0.195744680851064,3.49956255468067,2.18722659667542,0.099601593625498,1.31233595800525,0.0535714285714285,0.0753295668549905,0.197916666666667,0.0924369747899159,3.6745406824147,8.74890638670166,2.27471566054243,1.39982502187227,9.62379702537183,4.37445319335083,1.22484689413823,0.0,0.0,0.962379702537183,0.175438596491228,0.879518072289157,2.7816091954023,25.0,12.5984251968504,0.578313253012048,0.694444444444444,0.7,2.53718285214348,0.116465863453815,0.448275862068966,0.0874890638670166,0.0040160642570281,0.0,0.0,0.0,2.0997375328084,0.0963855421686747,0.375,0.375,1.0,4.46194225721785,0.352941176470588,51,0.352941176470588
Dwight Powell,DAL,1.57756354075372,0.788781770376862,3.29525483304042,0.0876424189307625,4.2068361086766,113.392070484582,1.85022026431718,1.58590308370044,9.99123575810692,4.9079754601227,0.714285714285714,0.438212094653812,0.4,2.45398773006135,5.43382997370727,1.57756354075372,0.525854513584575,0.0,0.775,0.939393939393939,1.0,0.081967213114754,0.639016949152542,0.704918032786885,0.721518987341772,1.22699386503067,7.52521334367727,5.18453427065026,6.25550660792952,3.61233480176211,0.141379310344828,2.55506607929515,0.12719298245614,4.11919368974584,2.19106047326906,0.093984962406015,1.92813321647677,0.0869565217391304,0.0905587668593449,0.175925925925926,0.104651162790698,4.82033304119194,11.0429447852761,3.41805433829974,1.4022787028922,3.76862401402279,1.4022787028922,0.262927256792287,0.0,0.0,0.438212094653812,0.216216216216216,0.868852459016393,2.20357142857143,23.3,4.2068361086766,0.786885245901639,0.75,0.75,0.7011393514461,0.131147540983607,0.5,0.0,0.0,0.0,0.0,0.0,0.35056967572305,0.0655737704918032,0.5,0.5,1.0,0.0876424189307625,0.0,1,0.0
Bismack Biyombo,SAS,2.41411327762303,0.928505106778087,2.41748024174802,0.0,2.59981429897864,120.856610800745,2.1415270018622,1.48975791433892,13.3704735376045,10.5849582172702,0.587719298245614,0.0,0.0,0.928505106778087,9.84215413184773,2.59981429897864,0.0,0.0,0.791044776119403,0.898305084745763,0.0,0.0,0.557001801801802,0.587719298245614,0.576,1.48560817084494,12.6254180602007,7.34542073454207,10.707635009311,4.74860335195531,0.195402298850575,5.3072625698324,0.211895910780669,3.99257195914578,2.22841225626741,0.0967741935483871,1.76415970287837,0.0714285714285714,0.0836575875486381,0.145454545454545,0.106060606060606,2.87836583101207,7.14948932219127,1.48560817084494,1.39275766016713,2.32126276694522,1.29990714948932,0.278551532033426,0.0,0.0,0.0,0.112,0.508771929824561,4.42368421052632,0.0,5.38532961931291,0.508771929824561,0.706896551724138,0.731707317073171,5.19962859795729,0.491228070175439,0.464285714285714,0.0,0.0,0.0,0.0,0.0,0.0,0.0,0.0,0.0,0.0,0.0,0.0,0,0.0
Tristan Vukcevic,WAS,3.9069767441860495,2.04651162790698,2.65610438024231,0.0,5.3953488372093,116.993464052288,2.14752567693744,1.02707749766573,30.6976744186047,13.0232558139535,0.585714285714286,9.48837209302326,0.38,4.83720930232558,12.093023255814,3.16279069767442,10.6046511627907,0.0,0.792682926829268,0.89041095890411,1.0,0.421487603305785,0.517516666666667,0.574380165289256,0.611111111111111,1.67441860465116,26.0,6.05778191985089,9.71055088702148,5.22875816993464,0.223107569721116,3.73482726423903,0.148148148148148,2.41860465116279,1.3953488372093,0.0602409638554216,0.930232558139535,0.0380228136882129,0.048828125,0.17910447761194,0.105882352941176,3.62790697674419,8.37209302325582,2.51162790697674,1.11627906976744,6.23255813953488,3.44186046511628,0.930232558139535,0.0930232558139534,0.0930232558139534,0.0930232558139534,0.141263940520446,0.669421487603306,6.69214285714286,26.5852941176471,5.5813953488372094,0.247933884297521,0.75,0.733333333333333,5.86046511627907,0.260330578512397,0.412698412698413,1.58139534883721,0.0702479338842975,0.647058823529412,0.818181818181818,0.0,1.11627906976744,0.0495867768595041,0.333333333333333,0.333333333333333,1.0,8.37209302325582,0.377777777777778,88,0.386363636363636
Jock Landale,HOU,1.9811320754717,1.13207547169811,2.31568998109641,0.0,3.30188679245283,115.151515151515,0.946969696969697,1.23106060606061,18.8679245283019,11.8867924528302,0.555555555555556,2.45283018867925,0.423076923076923,2.54716981132076,8.30188679245283,4.90566037735849,2.83018867924528,0.283018867924528,0.628571428571429,0.814814814814815,0.909090909090909,0.171052631578947,0.534693421052632,0.569078947368421,0.591715976331361,3.0188679245283,15.1515151515152,6.47448015122873,7.67045454545455,3.59848484848485,0.152610441767068,3.88257575757576,0.165322580645161,5.28301886792453,3.0188679245283,0.113879003558719,2.16981132075472,0.0938775510204081,0.104562737642586,0.109756097560976,0.172413793103448,3.49056603773585,8.67924528301887,1.79245283018868,1.69811320754717,3.77358490566038,1.9811320754717,0.566037735849057,0.0,0.0,0.188679245283019,0.125748502994012,0.618421052631579,5.7984126984127,25.7807692307692,6.41509433962264,0.447368421052632,0.647058823529412,0.522727272727273,4.05660377358491,0.282894736842105,0.465116279069767,1.41509433962264,0.0986842105263157,0.4,0.833333333333333,0.0,0.188679245283019,0.0131578947368421,0.0,0.0,0.0,2.26415094339623,0.458333333333333,24,0.458333333333333
Duop Reath,POR,1.6260162601626,1.21951219512195,2.08545269582909,0.101626016260163,1.72764227642276,116.598778004073,1.42566191446029,1.22199592668024,19.7154471544715,6.09756097560976,0.6,10.7723577235772,0.320754716981132,2.03252032520325,3.45528455284553,3.86178861788618,10.0609756097561,0.304878048780488,0.472222222222222,0.80952380952381,0.970588235294118,0.63855421686747,0.550917283950617,0.524096385542169,0.548022598870056,3.04878048780488,16.7244367417678,4.6795523906409,4.88798370672098,3.46232179226069,0.162679425837321,1.32382892057027,0.0677083333333333,4.47154471544716,2.13414634146341,0.100478468899522,2.13414634146341,0.075268817204301,0.0860655737704918,0.148148148148148,0.134020618556701,2.64227642276423,6.19918699186992,1.72764227642276,0.914634146341463,2.23577235772358,0.609756097560976,0.0,0.0,0.0,0.508130081300813,0.0348837209302325,0.891566265060241,3.39666666666667,25.4820754716981,4.26829268292683,0.253012048192771,0.761904761904762,0.46875,1.6260162601626,0.0963855421686747,0.25,0.203252032520325,0.0120481927710843,0.0,0.0,0.0,2.54065040650407,0.150602409638554,0.32,0.333333333333333,1.0,8.23170731707317,0.320987654320988,81,0.320987654320988
Kai Jones,DAL,1.89673340358272,1.36986301369863,2.62329485834208,0.0,2.84510010537408,111.076280041797,2.29885057471264,1.56739811912226,20.8640674394099,10.958904109589,0.826923076923077,0.526870389884089,0.2,2.42360379346681,14.9631190727081,3.16122233930453,0.316122233930453,0.0,0.825581395348837,0.93421052631579,1.0,0.0458715596330275,0.656170873786408,0.802752293577982,0.818181818181818,2.10748155953635,13.2003798670465,6.55823714585519,8.88192267502612,4.17972831765935,0.178571428571429,4.07523510971787,0.173333333333333,4.21496311907271,3.05584826132771,0.13302752293578,1.15911485774499,0.0547263681592039,0.0954653937947494,0.156626506024096,0.147058823529412,2.63435194942044,6.11169652265543,1.7913593256059,0.842992623814542,3.37197049525817,2.10748155953635,0.842992623814542,0.0,0.0,0.0,0.165289256198347,0.73394495412844,3.64807692307692,25.34,7.90305584826133,0.688073394495413,0.946666666666667,0.816901408450704,2.52897787144363,0.220183486238532,0.541666666666667,0.526870389884089,0.0458715596330275,0.4,1.0,0.0,0.105374077976818,0.0091743119266055,0.0,0.0,0.0,0.421496311907271,0.25,4,0.25
Paul Reed,DET,2.88568257491676,1.10987791342952,4.13907284768212,0.0,3.77358490566038,107.574094401756,2.74423710208562,4.28100987925357,20.4217536071032,12.6526082130966,0.56140350877193,3.10765815760266,0.285714285714286,3.55160932297447,9.7669256381798,4.43951165371809,2.66370699223085,0.0,0.6875,0.830188679245283,1.0,0.197183098591549,0.541703571428571,0.535211267605634,0.571428571428571,2.44173140954495,18.4782608695652,6.78807947019868,9.11086717892426,5.15916575192097,0.232673267326733,3.51262349066959,0.171122994652406,4.43951165371809,2.5527192008879,0.112745098039216,1.77580466148724,0.0769230769230769,0.0946601941747572,0.285714285714286,0.147058823529412,4.8834628190899,11.3207547169811,3.32963374028857,1.55382907880133,4.661487236404,1.88679245283019,0.443951165371809,0.0,0.0,0.665926748057714,0.109677419354839,0.654929577464789,5.72368421052632,25.3857142857143,7.2142064372919,0.457746478873239,0.692307692307692,0.577777777777778,4.10654827968923,0.26056338028169,0.324324324324324,1.33185349611543,0.0845070422535211,0.583333333333333,1.0,0.0,0.554938956714761,0.0352112676056338,0.2,0.2,1.0,2.5527192008879,0.304347826086957,23,0.304347826086957
Colin Castleton,TOR,2.56983240223464,1.34078212290503,2.8349082823791,0.111731843575419,3.46368715083799,110.730088495575,1.10619469026549,0.884955752212389,13.7430167597765,9.16201117318436,0.536585365853659,1.7877094972067,0.125,3.24022346368715,6.70391061452514,3.12849162011173,0.670391061452514,0.0,0.681818181818182,0.909090909090909,1.0,0.163265306122449,0.539194387755102,0.479591836734694,0.534782608695652,2.45810055865922,12.8014842300557,6.78154530294608,7.63274336283186,3.53982300884956,0.15311004784689,3.20796460176991,0.121338912133891,5.92178770949721,3.46368715083799,0.126016260162602,2.12290502793296,0.0837004405286343,0.105708245243129,0.0864197530864197,0.191011235955056,3.12849162011173,8.04469273743017,1.34078212290503,1.7877094972067,4.24581005586592,1.89944134078212,0.446927374301676,0.0,0.0,0.446927374301676,0.153153153153153,0.561224489795918,4.73292682926829,24.075,4.35754189944134,0.397959183673469,0.692307692307692,0.555555555555556,4.6927374301676,0.428571428571429,0.404761904761905,0.111731843575419,0.010204081632653,0.0,0.0,0.0,1.22905027932961,0.112244897959184,0.181818181818182,0.181818181818182,1.0,0.558659217877095,0.0,5,0.0
Mo Bamba,NOP,2.45098039215686,0.980392156862745,3.41463414634146,0.122549019607843,2.32843137254902,115.412621359223,3.7621359223301,1.09223300970874,16.9117647058824,7.1078431372549,0.637931034482759,6.61764705882353,0.277777777777778,2.32843137254902,5.88235294117647,3.18627450980392,5.51470588235294,0.0,0.648648648648649,0.96,1.0,0.482142857142857,0.557712946428571,0.53125,0.556451612903226,2.94117647058824,15.6862745098039,8.84146341463415,13.7135922330097,5.46116504854369,0.248618784530387,6.91747572815534,0.280788177339901,3.92156862745098,3.06372549019608,0.136612021857924,0.857843137254902,0.0360824742268041,0.0848806366047745,0.213333333333333,0.116666666666667,2.20588235294118,5.3921568627451,1.22549019607843,0.980392156862745,3.30882352941176,1.83823529411765,0.367647058823529,0.0,0.0,0.0,0.120967741935484,0.8125,3.92241379310345,25.0574074074074,4.5343137254902,0.330357142857143,0.756756756756757,0.535714285714286,2.20588235294118,0.160714285714286,0.388888888888889,0.367647058823529,0.0267857142857142,0.666666666666667,1.0,0.0,2.32843137254902,0.169642857142857,0.263157894736842,0.263157894736842,1.0,4.28921568627451,0.285714285714286,35,0.285714285714286
Taj Gibson,CHA,3.04878048780488,1.09756097560976,3.30275229357798,0.0,2.4390243902439,114.969325153374,2.20858895705522,1.10429447852761,13.0487804878049,11.3414634146341,0.494623655913979,0.24390243902439,0.5,1.46341463414634,7.07317073170732,4.14634146341463,0.365853658536585,0.0,0.630434782608696,0.878787878787879,1.0,0.0210526315789473,0.560056315789474,0.5,0.50952380952381,3.17073170731707,13.6363636363636,7.3394495412844,8.46625766871166,3.43558282208589,0.157303370786517,4.17177914110429,0.139344262295082,6.21951219512195,4.39024390243903,0.15,1.82926829268293,0.0797872340425532,0.119158878504673,0.169230769230769,0.2,2.5609756097561,6.34146341463415,1.34146341463415,1.21951219512195,2.4390243902439,0.731707317073171,0.121951219512195,0.0,0.0,0.609756097560976,0.06,0.652631578947369,4.71290322580645,23.35,7.31707317073171,0.631578947368421,0.55,0.575757575757576,2.92682926829268,0.252631578947368,0.416666666666667,1.09756097560976,0.0947368421052631,0.333333333333333,1.0,0.0,0.24390243902439,0.0210526315789473,0.5,0.5,1.0,0.0,0.0,0,0.0
Ousmane Dieng,OKC,2.12765957446809,1.30023640661939,1.94805194805195,0.0,1.53664302600473,101.415094339623,0.825471698113208,2.00471698113208,16.7848699763593,6.38297872340426,0.574074074074074,8.39243498817967,0.323943661971831,1.30023640661939,5.43735224586288,1.89125295508274,7.4468085106383,0.709219858156028,0.741935483870968,0.793103448275862,0.91304347826087,0.568,0.5663504,0.524,0.537878787878788,0.472813238770686,15.6739811912226,4.78158205430933,7.42924528301887,2.35849056603774,0.113636363636364,4.12735849056604,0.150862068965517,2.12765957446809,0.709219858156028,0.031578947368421,1.41843971631206,0.0502092050209205,0.0419580419580419,0.121212121212121,0.0428571428571428,3.66430260047281,9.1016548463357,1.89125295508274,1.77304964539007,1.89125295508274,1.06382978723404,0.236406619385343,0.0,0.0,0.0,0.0681818181818181,0.8,5.23518518518519,25.2253521126761,3.42789598108747,0.232,0.655172413793103,0.736842105263158,2.12765957446809,0.144,0.5,0.8274231678487,0.056,0.428571428571429,1.0,0.0,2.60047281323877,0.176,0.318181818181818,0.318181818181818,1.0,5.7919621749409,0.326530612244898,49,0.326530612244898
Trey Jemison III,LAL,3.0690537084399,1.40664961636829,4.42307692307692,0.383631713554987,2.55754475703325,112.082262210797,1.9280205655527,1.15681233933162,12.1483375959079,9.46291560102302,0.554054054054054,0.0,0.0,1.66240409207161,7.92838874680307,2.55754475703325,0.0,0.0,0.75609756097561,0.939393939393939,0.0,0.0,0.55072027027027,0.554054054054054,0.527777777777778,2.0460358056266,12.5827814569536,6.73076923076923,7.84061696658098,2.69922879177378,0.124260355029586,4.75578406169666,0.158798283261803,5.62659846547315,3.45268542199489,0.132352941176471,2.17391304347826,0.117241379310345,0.126074498567335,0.0833333333333333,0.169491525423729,2.0460358056266,4.98721227621483,1.15089514066496,0.895140664961637,4.21994884910486,1.66240409207161,0.127877237851662,0.0,0.0,0.51150895140665,0.151162790697674,0.648648648648649,3.9081081081081104,0.0,6.1381074168798,0.648648648648649,0.6875,0.727272727272727,3.19693094629156,0.337837837837838,0.32,0.127877237851662,0.0135135135135135,0.0,0.0,0.0,0.0,0.0,0.0,0.0,0.0,0.0,0.0,0,0.0
Alex Len,LAL,2.60416666666667,1.171875,3.62929358392741,0.0,2.34375,124.129032258065,2.70967741935484,1.16129032258065,9.63541666666667,7.03125,0.555555555555556,1.171875,0.222222222222222,1.04166666666667,5.72916666666667,2.08333333333333,0.78125,0.0,0.733333333333333,0.916666666666667,1.0,0.142857142857143,0.536766666666667,0.523809523809524,0.52112676056338,1.5625,10.5568445475638,6.15683732987686,7.35483870967742,3.48387096774194,0.16875,3.09677419354839,0.121212121212121,4.94791666666667,3.125,0.129032258064516,1.69270833333333,0.0653266331658291,0.0961038961038961,0.277777777777778,0.138888888888889,4.94791666666667,12.6302083333333,2.21354166666667,2.734375,2.21354166666667,1.04166666666667,0.130208333333333,0.0,0.0,0.130208333333333,0.114285714285714,0.587301587301587,4.6462962962963,24.6888888888889,3.6458333333333295,0.444444444444444,0.607142857142857,0.705882352941177,3.25520833333333,0.396825396825397,0.52,0.130208333333333,0.0158730158730158,0.0,0.0,0.0,0.520833333333333,0.0634920634920634,0.25,0.25,1.0,0.651041666666667,0.2,5,0.2
Charles Bassey,SAS,2.875,1.5,3.125,0.0,3.25,121.125,3.75,1.75,19.625,14.625,0.581196581196581,0.0,0.0,2.625,13.25,3.75,0.0,0.0,0.779411764705882,0.929824561403509,0.0,0.0,0.589520512820513,0.581196581196581,0.599236641221374,2.75,16.9045005488474,9.5,12.0,5.75,0.262857142857143,5.0,0.202020202020202,7.0,5.125,0.18552036199095,1.875,0.0887573964497041,0.143589743589744,0.253012048192771,0.173913043478261,2.125,4.875,1.5,0.625,4.125,1.75,0.625,0.0,0.0,0.625,0.111111111111111,0.683760683760684,3.48119658119658,0.0,10.0,0.683760683760684,0.6125,0.755102040816327,4.25,0.290598290598291,0.558823529411765,0.375,0.0256410256410256,0.0,0.0,0.0,0.0,0.0,0.0,0.0,0.0,0.0,0.0,0,0.0
Robert Williams III,POR,2.37430167597765,0.837988826815643,2.17391304347826,0.279329608938547,1.81564245810056,112.535211267606,4.64788732394366,1.83098591549296,16.2011173184358,10.4748603351955,0.653333333333333,0.418994413407821,0.333333333333333,2.09497206703911,10.3351955307263,3.35195530726257,0.418994413407821,0.0,0.755102040816327,1.0,1.0,0.0384615384615384,0.625382051282051,0.647435897435898,0.682352941176471,3.35195530726257,12.378640776699,8.27489481065919,11.6901408450704,5.91549295774648,0.205882352941176,5.07042253521127,0.232258064516129,4.88826815642458,3.2122905027933,0.136904761904762,1.67597765363129,0.0718562874251497,0.104477611940299,0.15,0.139240506329114,2.93296089385475,7.26256983240223,1.53631284916201,1.39664804469274,2.37430167597765,1.25698324022346,0.418994413407821,0.0,0.0,0.139664804469274,0.107142857142857,0.807692307692308,2.728,26.8333333333333,8.37988826815642,0.769230769230769,0.75,0.755555555555556,1.67597765363129,0.153846153846154,0.25,0.418994413407821,0.0384615384615384,0.333333333333333,1.0,0.0,0.279329608938547,0.0256410256410256,0.5,0.5,1.0,0.139664804469274,0.0,1,0.0
Christian Koloko,LAL,1.71919770773639,0.716332378223496,3.15412186379928,0.0,2.86532951289398,109.325681492109,2.29555236728838,1.14777618364419,12.8939828080229,8.88252148997135,0.645161290322581,0.573065902578797,0.0,1.43266475644699,9.45558739255015,2.00573065902579,0.0,0.0,0.825,0.942857142857143,0.0,0.0606060606060606,0.60247803030303,0.606060606060606,0.616438356164384,1.43266475644699,10.7731305449937,6.59498207885305,8.17790530846485,4.16068866571019,0.188311688311688,3.44332855093257,0.148148148148148,5.01432664756447,3.15186246418338,0.130952380952381,1.86246418338109,0.0760233918128654,0.103244837758112,0.285714285714286,0.125,2.29226361031519,5.58739255014327,1.28939828080229,1.00286532951289,2.00573065902579,0.573065902578797,0.0,0.0,0.0,0.429799426934097,0.0571428571428571,0.803030303030303,3.28709677419355,24.975,7.02005730659026,0.742424242424242,0.714285714285714,0.885714285714286,1.57593123209169,0.166666666666667,0.363636363636364,0.286532951289398,0.0303030303030303,0.5,0.0,0.0,0.286532951289398,0.0303030303030303,0.0,0.0,0.0,0.286532951289398,0.0,2,0.0
Tristan Thompson,CLE,2.07407407407407,0.888888888888889,2.66864343958488,0.148148148148148,3.25925925925926,111.86943620178,1.63204747774481,0.29673590504451,10.2222222222222,10.0740740740741,0.455882352941176,0.444444444444444,0.0,1.03703703703704,6.51851851851852,2.66666666666667,0.0,0.0,0.709677419354839,0.814814814814815,0.0,0.0422535211267605,0.551022535211268,0.436619718309859,0.405882352941176,1.18518518518519,12.5634517766497,9.93328391401038,15.13353115727,8.16023738872404,0.337423312883436,5.48961424332344,0.197860962566845,4.74074074074074,2.96296296296296,0.121951219512195,1.77777777777778,0.0652173913043478,0.0919540229885057,0.264150943396226,0.140625,3.55555555555556,9.03703703703704,1.62962962962963,1.92592592592593,4.44444444444445,1.92592592592593,0.296296296296296,0.0,0.0,0.444444444444444,0.158536585365854,0.563380281690141,4.86323529411765,25.5,5.48148148148148,0.52112676056338,0.567567567567568,0.666666666666667,4.14814814814815,0.394366197183099,0.357142857142857,0.444444444444444,0.0422535211267605,0.0,0.0,0.0,0.148148148148148,0.0140845070422535,0.0,0.0,0.0,0.296296296296296,0.0,2,0.0
Mitchell Robinson,NYK,1.80505415162455,0.902527075812274,2.30496453900709,0.0,3.06859205776173,110.627177700348,3.13588850174216,2.78745644599303,15.7039711191336,10.1083032490975,0.660714285714286,0.0,0.0,2.34657039711191,5.05415162454874,8.30324909747293,0.0,0.0,0.378378378378378,0.777777777777778,0.0,0.0,0.662832142857143,0.660714285714286,0.669230769230769,6.85920577617329,11.3981762917933,8.95390070921986,8.53658536585366,4.18118466898955,0.183206106870229,3.83275261324042,0.170542635658915,9.38628158844765,7.40072202166065,0.262820512820513,1.985559566787,0.0924369747899159,0.189090909090909,0.160714285714286,0.315789473684211,2.34657039711191,5.77617328519856,1.26353790613718,1.08303249097473,3.42960288808664,1.08303249097473,0.180505415162455,0.0,0.0,0.72202166064982,0.0983606557377049,0.946428571428571,1.07142857142857,0.0,9.56678700361011,0.946428571428571,0.679245283018868,0.361111111111111,0.541516245487365,0.0535714285714285,0.333333333333333,0.0,0.0,0.0,0.0,0.0,0.0,0.0,0.0,0.0,0.0,0.0,0.0,0,0.0
Oscar Tshiebwe,UTA,1.92307692307692,0.769230769230769,2.29665071770335,0.192307692307692,4.23076923076923,118.47619047619,0.19047619047619,2.47619047619048,20.5769230769231,13.4615384615385,0.6,0.0,0.0,4.42307692307692,9.61538461538462,6.53846153846154,0.0,0.0,0.595238095238095,0.833333333333333,0.0,0.0,0.502372727272727,0.6,0.652439024390244,4.61538461538462,14.9108589951378,11.6746411483254,14.4761904761905,6.28571428571429,0.392857142857143,7.04761904761905,0.234177215189873,8.84615384615385,3.84615384615385,0.15625,5.0,0.184397163120567,0.171003717472119,0.333333333333333,0.0909090909090909,1.73076923076923,4.42307692307692,0.769230769230769,0.961538461538462,5.96153846153846,3.65384615384615,1.34615384615385,0.0,0.0,0.0,0.231707317073171,0.457142857142857,4.58428571428571,0.0,6.15384615384615,0.457142857142857,0.71875,0.521739130434783,7.30769230769231,0.542857142857143,0.5,0.0,0.0,0.0,0.0,0.0,0.0,0.0,0.0,0.0,0.0,0.0,0.0,0,0.0
Branden Carlson,OKC,1.34615384615385,1.15384615384615,2.11132437619962,0.0,2.5,108.812260536398,4.02298850574713,0.957854406130268,23.4615384615385,5.96153846153846,0.67741935483871,12.6923076923077,0.333333333333333,2.69230769230769,4.23076923076923,3.84615384615385,12.6923076923077,0.0,0.523809523809524,0.846153846153846,1.0,0.680412371134021,0.550494329896907,0.556701030927835,0.580952380952381,3.07692307692308,18.9509306260575,5.18234165067179,7.08812260536399,2.29885057471264,0.121212121212121,4.40613026819923,0.141104294478528,3.26923076923077,2.11538461538462,0.123595505617978,1.15384615384615,0.037037037037037,0.0677290836653386,0.103448275862069,0.157894736842105,2.69230769230769,6.92307692307692,1.15384615384615,1.53846153846154,3.46153846153846,1.92307692307692,0.384615384615385,0.0,0.0,0.0,0.0952380952380952,0.865979381443299,3.88064516129032,24.9893939393939,3.46153846153846,0.185567010309278,0.777777777777778,0.428571428571429,2.30769230769231,0.123711340206186,0.583333333333333,0.192307692307692,0.0103092783505154,0.0,0.0,0.0,3.84615384615385,0.206185567010309,0.35,0.35,1.0,8.84615384615385,0.326086956521739,46,0.326086956521739
Xavier Tillman,BOS,3.07017543859649,2.19298245614035,1.97585071350165,0.0,1.09649122807018,112.527472527473,1.0989010989011,2.41758241758242,7.45614035087719,4.60526315789474,0.380952380952381,7.01754385964912,0.15625,0.657894736842105,1.31578947368421,2.19298245614035,3.28947368421053,0.0,0.375,0.428571428571429,1.0,0.60377358490566,0.51195,0.292452830188679,0.314814814814815,0.43859649122807,12.952380952381,4.72008781558727,7.25274725274725,2.63736263736264,0.115384615384615,4.17582417582418,0.175925925925926,2.19298245614035,1.31578947368421,0.0714285714285714,0.87719298245614,0.0279720279720279,0.0440528634361233,0.175,0.0714285714285714,1.53508771929825,4.3859649122807,0.219298245614035,1.31578947368421,0.87719298245614,0.219298245614035,0.0,0.0,0.0,0.0,0.0185185185185185,0.792452830188679,5.25238095238095,25.084375,2.19298245614035,0.188679245283019,0.7,0.285714285714286,2.41228070175439,0.207547169811321,0.0909090909090909,0.0,0.0,0.0,0.0,0.0,2.85087719298246,0.245283018867925,0.0769230769230769,0.0769230769230769,1.0,4.16666666666667,0.210526315789474,19,0.210526315789474
Luka Garza,MIN,2.55863539445629,1.06609808102345,3.08182784272051,0.0,5.97014925373134,109.533898305085,0.635593220338983,1.27118644067797,29.4243070362473,14.7121535181237,0.608695652173913,7.67590618336887,0.277777777777778,5.11727078891258,12.7931769722814,5.11727078891258,6.39658848614072,0.0,0.714285714285714,0.909090909090909,1.0,0.342857142857143,0.53215380952381,0.542857142857143,0.570247933884298,3.83795309168444,24.7672253258845,5.73857598299681,4.8728813559322,1.69491525423729,0.0909090909090909,2.54237288135593,0.113207547169811,6.60980810234542,4.90405117270789,0.214953271028037,1.27931769722815,0.0606060606060606,0.140776699029126,0.133333333333333,0.243243243243243,2.3454157782516,5.97014925373134,1.06609808102345,1.27931769722815,7.46268656716418,3.62473347547974,0.639658848614073,0.0,0.0,0.426439232409382,0.142857142857143,0.704761904761905,4.73188405797102,25.2472222222222,8.10234541577825,0.361904761904762,0.68421052631579,0.653846153846154,6.39658848614072,0.285714285714286,0.533333333333333,0.213219616204691,0.0095238095238095,0.0,0.0,1.0,0.639658848614073,0.0285714285714285,0.0,0.0,0.0,7.0362473347548,0.303030303030303,33,0.303030303030303
Ariel Hukporti,NYK,4.69798657718121,3.13199105145414,3.559510567297,0.0,2.9082774049217,113.716814159292,3.31858407079646,0.221238938053097,10.738255033557,6.93512304250559,0.67741935483871,0.0,0.0,1.34228187919463,8.94854586129754,0.447427293064877,0.0,0.0,0.952380952380952,1.0,0.0,0.0,0.6328,0.67741935483871,0.648648648648649,0.447427293064877,11.6935483870968,5.67296996662959,8.1858407079646,4.42477876106195,0.172413793103448,3.31858407079646,0.127118644067797,3.13199105145414,1.34228187919463,0.0566037735849056,1.78970917225951,0.0909090909090909,0.0721649484536082,0.181818181818182,0.0454545454545454,2.46085011185682,6.04026845637584,1.34228187919463,1.11856823266219,2.9082774049217,1.34228187919463,0.223713646532438,0.0,0.0,0.223713646532438,0.166666666666667,0.709677419354839,3.44516129032258,0.0,4.92170022371365,0.709677419354839,0.727272727272727,0.9375,2.01342281879195,0.290322580645161,0.555555555555556,0.0,0.0,0.0,0.0,0.0,0.0,0.0,0.0,0.0,0.0,0.0,0.0,0,0.0
Dario Šarić,DEN,3.52941176470588,2.58823529411765,2.23529411764706,0.0,3.52941176470588,111.529411764706,0.235294117647059,1.64705882352941,13.1764705882353,7.52941176470588,0.4375,6.11764705882353,0.269230769230769,1.64705882352941,4.70588235294118,1.88235294117647,4.94117647058824,0.0,0.714285714285714,0.833333333333333,1.0,0.448275862068966,0.521599137931035,0.422413793103448,0.444444444444444,0.941176470588235,16.25,5.88235294117647,8.47058823529412,4.47058823529412,0.174311926605505,4.0,0.161904761904762,3.29411764705882,2.82352941176471,0.105263157894737,0.470588235294118,0.0186915887850467,0.0633484162895927,0.166666666666667,0.12,5.41176470588235,13.4117647058824,2.82352941176471,2.58823529411765,2.35294117647059,1.17647058823529,0.0,0.0,0.0,0.0,0.0793650793650793,0.793103448275862,4.75625,25.5653846153846,4.70588235294118,0.344827586206897,0.55,0.727272727272727,2.11764705882353,0.155172413793103,0.222222222222222,0.705882352941177,0.0517241379310344,0.333333333333333,1.0,0.0,0.941176470588235,0.0689655172413793,0.5,0.5,1.0,5.17647058823529,0.227272727272727,22,0.227272727272727
Bruno Fernando,TOR,4.74576271186441,1.69491525423729,4.54545454545455,0.0,3.38983050847458,113.377926421405,3.01003344481605,1.33779264214047,19.6610169491525,16.6101694915254,0.530612244897959,0.0,0.0,2.03389830508475,11.5254237288136,6.10169491525424,0.0,0.0,0.653846153846154,0.894736842105263,0.0,0.0,0.561630612244898,0.530612244897959,0.547169811320755,4.74576271186441,18.7675070028011,8.58585858585859,10.0334448160535,4.68227424749164,0.245614035087719,3.67892976588629,0.150684931506849,7.11864406779661,5.42372881355932,0.172043010752688,1.69491525423729,0.0769230769230769,0.132911392405063,0.263157894736842,0.2,6.10169491525424,13.5593220338983,4.74576271186441,1.35593220338983,2.71186440677966,1.35593220338983,0.0,0.0,0.0,0.0,0.0754716981132075,0.673469387755102,4.08367346938775,0.0,11.1864406779661,0.673469387755102,0.666666666666667,0.590909090909091,4.74576271186441,0.285714285714286,0.285714285714286,0.677966101694915,0.0408163265306122,0.0,0.0,0.0,0.0,0.0,0.0,0.0,0.0,0.0,0.0,0,0.0
Kylor Kelley,NOP,1.49812734082397,0.749063670411985,2.81954887218045,0.374531835205993,2.24719101123596,133.962264150943,1.13207547169811,0.377358490566038,12.7340823970037,8.23970037453184,0.636363636363636,0.0,0.0,2.24719101123596,8.98876404494382,1.49812734082397,0.0,0.0,0.857142857142857,0.923076923076923,0.0,0.0,0.570868181818182,0.636363636363636,0.62962962962963,0.749063670411985,10.0,7.33082706766917,10.188679245283,4.15094339622642,0.192982456140351,4.90566037735849,0.178082191780822,4.49438202247191,1.87265917602996,0.0632911392405063,2.62172284644195,0.106060606060606,0.0827586206896551,0.107142857142857,0.0909090909090909,1.87265917602996,4.11985018726592,1.49812734082397,0.374531835205993,3.74531835205993,1.49812734082397,0.0,0.0,0.0,0.374531835205993,0.153846153846154,0.590909090909091,3.63636363636364,0.0,4.8689138576779,0.590909090909091,0.692307692307692,0.777777777777778,3.37078651685393,0.409090909090909,0.555555555555556,0.0,0.0,0.0,0.0,0.0,0.0,0.0,0.0,0.0,0.0,0.0,0.0,0,0.0
Moses Brown,DAL,4.28015564202335,1.94552529182879,3.26295585412668,0.0,3.11284046692607,107.954545454545,1.51515151515152,2.27272727272727,29.5719844357977,19.0661478599222,0.693877551020408,0.0,0.0,3.11284046692607,17.1206225680934,9.33852140077821,0.0,0.0,0.647058823529412,0.785714285714286,0.0,0.0,0.613424489795918,0.693877551020408,0.716981132075472,4.66926070038911,22.5352112676056,8.44529750479846,12.1212121212121,5.68181818181818,0.234375,5.3030303030303,0.205882352941176,4.66926070038911,3.11284046692607,0.117647058823529,1.16731517509728,0.0625,0.0948275862068965,0.214285714285714,0.333333333333333,0.778210116731518,1.94552529182879,0.389105058365759,0.389105058365759,4.28015564202335,2.72373540856031,1.16731517509728,0.0,0.0,0.0,0.132075471698113,0.693877551020408,3.12857142857143,0.0,13.2295719844358,0.693877551020408,0.852941176470588,0.620689655172414,5.83657587548638,0.306122448979592,0.333333333333333,0.0,0.0,0.0,0.0,0.0,0.0,0.0,0.0,0.0,0.0,0.0,0.0,0,0.0
Tony Bradley,IND,2.08333333333333,1.25,2.26337448559671,0.0,4.16666666666667,94.7154471544716,3.65853658536585,0.813008130081301,25.4166666666667,17.5,0.666666666666667,1.25,0.333333333333333,0.833333333333333,17.5,5.83333333333333,1.25,0.0,0.75,0.954545454545455,1.0,0.0666666666666666,0.591987777777778,0.655555555555556,0.635416666666667,5.0,18.5964912280702,8.64197530864198,9.75609756097561,3.65853658536585,0.183673469387755,4.0650406504065,0.161290322580645,7.5,5.0,0.19047619047619,2.5,0.127659574468085,0.163636363636364,0.142857142857143,0.17948717948718,2.5,6.25,1.25,1.25,2.5,0.833333333333333,0.0,0.0,0.0,0.416666666666667,0.0425531914893617,0.755555555555556,2.9047619047619,24.0,12.9166666666667,0.688888888888889,0.645161290322581,0.65,4.16666666666667,0.222222222222222,0.7,0.416666666666667,0.0222222222222222,1.0,1.0,0.0,1.25,0.0666666666666666,0.333333333333333,0.333333333333333,1.0,0.0,0.0,0,0.0
