Name,TeamAbbreviation,Turnovers,LiveBallTurnovers,Fouls,Charge Fouls,FoulsDrawn,OnDefRtg,Blocks,Steals,Points,FG2A,Fg2Pct,FG3A,NonHeaveFg3Pct,FtPoints,PtsAssisted2s,PtsUnassisted2s,PtsAssisted3s,PtsUnassisted3s,Assisted2sPct,NonPutbacksAssisted2sPct,Assisted3sPct,FG3APct,ShotQualityAvg,EfgPct,TsPct,PtsPutbacks,Usage,Rebounds,DefRebounds,DefTwoPtRebounds,DefTwoPtReboundPct,DefThreePtRebounds,DefThreePtReboundPct,OffRebounds,OffTwoPtRebounds,OffTwoPtReboundPct,OffThreePtRebounds,OffThreePtReboundPct,OffFGReboundPct,DefAtRimReboundPct,OffAtRimReboundPct,Assists,AssistPoints,TwoPtAssists,ThreePtAssists,FTA,TwoPtShootingFoulsDrawn,2pt And 1 Free Throw Trips,ThreePtShootingFoulsDrawn,3pt And 1 Free Throw Trips,NonShootingFoulsDrawn,ShootingFoulsDrawnPct,AtRimFG3AFrequency,Avg2ptShotDistance,Avg3ptShotDistance,AtRimFGA,AtRimFrequency,AtRimAccuracy,AtRimPctAssisted,ShortMidRangeFGA,ShortMidRangeFrequency,ShortMidRangeAccuracy,LongMidRangeFGA,LongMidRangeFrequency,LongMidRangeAccuracy,LongMidRangePctAssisted,LongMidRangePctBlocked,Corner3FGA,Corner3Frequency,Corner3Accuracy,UnblockedCorner3Accuracy,Corner3PctAssisted,Arc3FGA,Arc3Accuracy,NonHeaveArc3FGA,NonHeaveArc3Accuracy
OG Anunoby,NYK,1.8822661007566,0.99649381804761,1.58730158730159,0.110721535338623,3.22937811404318,114.214509876315,1.19992615839025,2.03064426804504,24.4325521313896,10.3893707326075,0.557726465364121,8.48865104262779,0.372549019607843,3.37700682782801,8.30411515039675,3.28473888171249,8.80236205942056,0.66432921203174,0.71656050955414,0.767918088737201,0.929824561403509,0.449657869012708,0.593866516966068,0.557673509286413,0.589572192513369,0.775050747370364,19.8669047232592,3.30380214101144,4.81816503599779,1.79065903636699,0.0763779527559055,2.65829795089533,0.115848753016895,1.78999815464108,0.922679461155195,0.037174721189591,0.848865104262779,0.0404929577464788,0.0386940749697702,0.0632653061224489,0.0520231213872832,3.02638863258904,7.23380697545673,1.84535892231039,1.18102971027865,4.17051116442148,2.14061634988005,0.479793319800701,0.0184535892231038,0.0,0.147628713784831,0.105026929982047,0.826001955034213,4.52326820603908,24.656455142232,7.104631850895,0.376344086021505,0.654545454545455,0.73015873015873,2.04834840376453,0.108504398826979,0.378378378378378,1.23639047794796,0.0654936461388074,0.298507462686567,0.65,0.0149253731343283,3.93061450452113,0.208211143695015,0.370892018779343,0.374407582938389,0.949367088607595,4.55803653810666,0.37246963562753,246,0.373983739837398
Jayson Tatum,BOS,3.94339622641509,2.52830188679245,1.48561695685087,0.132075471698113,5.79245283018868,111.750189825361,0.721336370539104,1.44267274107821,36.4528301886792,13.9056603773585,0.559023066485753,13.7358490566038,0.34435261707989,6.75471698113208,5.43396226415094,10.1132075471698,6.50943396226415,7.64150943396226,0.349514563106796,0.359102244389027,0.46,0.496928327645051,0.528533572895277,0.537201365187713,0.582471089470481,0.415094339622642,30.6823841939233,5.89515518546556,10.9149582384207,4.72665148063781,0.183222958057395,5.58086560364465,0.236714975845411,0.905660377358491,0.339622641509434,0.019108280254777,0.566037735849057,0.0181928441479684,0.0185256657661134,0.147252747252747,0.0276923076923076,8.13207547169811,21.0943396226415,3.30188679245283,4.83018867924528,8.30188679245283,2.92452830188679,0.641509433962264,0.433962264150943,0.0566037735849056,0.69811320754717,0.110280373831776,0.724914675767918,7.54436906377205,26.6873626373626,6.30188679245283,0.227986348122867,0.724550898203593,0.413223140495868,4.30188679245283,0.155631399317406,0.43421052631579,3.30188679245283,0.119453924914676,0.405714285714286,0.309859154929577,0.0057142857142857,0.849056603773585,0.030716723549488,0.444444444444444,0.444444444444444,0.9,12.8867924528302,0.336749633967789,681,0.337738619676946
Jaden McDaniels,MIN,1.8160963486905,0.917606576180463,2.14428666730201,0.0573504110112789,2.59988529917798,111.991638160395,1.40630938806537,2.09045990117826,19.1168036704263,10.1510227489964,0.56120527306968,5.79239151213917,0.333333333333333,1.98814758172434,6.95851653603518,4.4350984515389,5.4482890460715,0.286752055056395,0.610738255033557,0.68421052631579,0.95,0.363309352517986,0.555283754512636,0.537170263788969,0.562570462232244,1.22347543490728,16.3937165775401,4.48870675688554,6.4804256936526,3.07867730900798,0.123947972456006,2.96465222348917,0.129246064623032,2.48518447715542,1.28082584591856,0.0557868442964196,1.10877461288473,0.0448569218870843,0.0501202886928628,0.125265392781316,0.0776255707762557,3.11603899827949,7.72318868285223,1.62492831198624,1.49111068629325,2.44695086981457,1.166125023896,0.382336073408526,0.0191168036704263,0.0,0.210284840374689,0.0707762557077625,0.661870503597122,6.06817325800377,24.5356435643564,4.76008411393615,0.298561151079137,0.706827309236948,0.636363636363636,4.41598164786848,0.276978417266187,0.415584415584416,0.974956987191742,0.0611510791366906,0.509803921568627,0.653846153846154,0.0392156862745098,3.11603899827949,0.195443645083933,0.319018404907975,0.319018404907975,1.0,2.67635251385968,0.342857142857143,137,0.35036496350365
Keegan Murray,SAC,1.12697220135237,0.657400450788881,1.74500422178441,0.0375657400450788,1.48384673178062,115.970009372071,1.2933458294283,1.14339268978444,17.6934635612322,6.96844477836213,0.566037735849057,8.43350864012021,0.34375,1.12697220135237,5.14650638617581,2.74229902329076,8.56498873027799,0.112697220135237,0.652380952380952,0.721052631578947,0.987012987012987,0.547560975609756,0.542947882938979,0.537804878048781,0.555424528301887,0.751314800901578,15.1333333333333,4.75654376583169,6.76663542642924,2.73664479850047,0.115232833464878,3.58013120899719,0.152922337870296,2.74229902329076,1.07062359128475,0.0441518202943454,1.57776108189331,0.0725388601036269,0.0575745202123315,0.124645892351275,0.0486322188449848,2.0473328324568,4.95867768595041,1.18332081141999,0.864012021036814,1.35236664162284,0.751314800901578,0.262960180315552,0.0375657400450788,0.0,0.0,0.0495283018867924,0.736585365853659,6.69164420485175,25.9233707865169,2.91134485349361,0.189024390243902,0.774193548387097,0.666666666666667,3.15552216378663,0.204878048780488,0.44047619047619,0.901577761081893,0.0585365853658536,0.333333333333333,0.6875,0.0,2.46055597295267,0.159756097560976,0.358778625954198,0.358778625954198,1.0,5.97295266716754,0.336477987421384,317,0.337539432176656
Toumani Camara,POR,2.09938366718028,1.1748844375963,2.21430634446905,0.173343605546995,4.25654853620955,115.264677574591,0.962463907603465,2.23291626564004,16.9876733436055,6.85670261941448,0.542134831460674,6.93374422187982,0.376044568245125,1.75269645608629,4.89214175654854,2.54237288135593,7.4537750385208,0.346687211093991,0.658031088082902,0.80379746835443,0.955555555555556,0.502793296089386,0.576876851851852,0.552374301675978,0.570504527813713,1.3482280431433,14.5809224665234,4.33233850004814,5.3320500481232,2.48315688161694,0.104707792207792,2.54090471607315,0.116814159292035,3.33204930662558,1.4060092449923,0.0571205007824726,1.67565485362096,0.0688291139240506,0.06294256490952,0.0940366972477064,0.0502692998204667,3.37057010785824,8.43605546995378,1.67565485362096,1.69491525423729,2.42681047765794,1.09784283513097,0.211864406779661,0.0192604006163328,0.0192604006163328,0.211864406779661,0.0761154855643044,0.854748603351955,2.98314606741573,24.8359331476323,4.85362095531587,0.35195530726257,0.623015873015873,0.636942675159236,1.96456086286595,0.142458100558659,0.343137254901961,0.0385208012326656,0.0027932960893854,0.5,1.0,0.0,2.98536209553159,0.216480446927374,0.354838709677419,0.357142857142857,0.963636363636364,3.94838212634823,0.390243902439024,204,0.392156862745098
Pascal Siakam,IND,2.07777354174609,1.2199771254289,1.79862961553102,0.0762485703393061,5.07052992756386,111.345496009122,0.798175598631699,1.33029266438617,30.0800609988563,16.3553183377812,0.567599067599068,6.1761341974838,0.390092879256966,4.3080442241708,10.9416698436904,7.62485703393061,7.03393061380099,0.171559283263439,0.589322381930185,0.640625,0.976190476190476,0.274111675126904,0.523088569009314,0.571912013536379,0.599544072948328,1.48684712161647,24.5305770887166,5.13894175866007,7.73470163435956,3.89585708855948,0.162827640984909,3.45876092740403,0.149180327868852,2.53526496378193,1.54403354937095,0.0669975186104218,0.99123141441098,0.0460992907801418,0.056910569105691,0.139186295503212,0.0859375,5.01334349980938,12.1044605413649,2.93556995806329,2.07777354174609,5.87113991612657,2.87838353030881,0.743423560808235,0.038124285169653,0.0190621425848265,0.400304994281357,0.118146718146718,0.55922165820643,7.48135198135198,25.4586419753086,6.42394205108654,0.285109983079526,0.732937685459941,0.68421052631579,7.07205489897064,0.313874788494078,0.479784366576819,2.85932138772398,0.126903553299492,0.413333333333333,0.548387096774194,0.0066666666666666,1.84902783072817,0.0820642978003384,0.402061855670103,0.414893617021277,1.0,4.32710636675562,0.383259911894273,226,0.384955752212389
Tobias Harris,DET,1.78384050367261,1.04931794333683,1.44912317546992,0.0629590766002098,2.53934942287513,112.841530054645,1.19798234552333,1.55527532576713,21.0283315844701,11.3536201469045,0.541589648798521,5.54039874081847,0.34469696969697,3.00104931794334,6.63168940188877,5.66631689401889,5.35152151101784,0.377754459601259,0.539249146757679,0.574545454545455,0.934065934065934,0.327950310559006,0.523401823899371,0.533540372670808,0.570205479452055,0.755508919202518,17.7110210099521,4.53638559277539,7.71332492643968,3.8041193778898705,0.164097914777879,3.55191256830601,0.151433691756272,1.36411332633788,0.566631689401889,0.0227272727272727,0.776495278069255,0.0378323108384458,0.0295475530932594,0.142857142857143,0.0239234449760765,3.39979013641133,8.3105981112277,1.8887722980063,1.51101783840504,3.48373557187828,1.74186778593914,0.419727177334732,0.0209863588667366,0.0,0.146904512067156,0.096662830840046,0.544099378881988,7.47042513863216,24.6606870229008,3.65162644281217,0.216149068322981,0.741379310344828,0.689922480620155,6.23294858342078,0.368944099378882,0.481481481481481,1.46904512067156,0.0869565217391304,0.3,0.380952380952381,0.0142857142857142,2.51836306400839,0.149068322981366,0.383333333333333,0.383333333333333,0.91304347826087,3.02203567681007,0.3125,144,0.3125
Giannis Antetokounmpo,MIL,4.37832093517535,2.12539851222104,1.65104388581167,0.276301806588735,10.7757704569607,113.986760623532,1.66559897501602,1.2385223147555,43.2731137088204,26.6950053134963,0.620222929936306,1.33900106269926,0.225806451612903,9.26673751328374,14.1976620616366,18.9160467587673,0.446333687566419,0.446333687566419,0.428754813863928,0.465181058495822,0.5,0.0477634571645185,0.589333295368261,0.606520090978014,0.628007402837755,2.59298618490967,35.2770805174744,8.50021303792075,13.9013452914798,6.12855007473842,0.252640845070423,6.98270339525945,0.279248505550811,3.12433581296493,2.06163655685441,0.0975855130784708,0.977683315621679,0.0480167014613778,0.0732581967213114,0.189944134078212,0.137362637362637,9.20297555791711,23.8894792773645,3.71944739638682,5.48352816153029,15.0265674814028,7.48140276301807,1.95536663124336,0.0212539851222104,0.0,0.871413390010627,0.223417721518987,0.613343442001516,6.05461783439491,26.7492063492064,15.855472901169,0.565579984836998,0.749329758713137,0.483005366726297,5.52603613177471,0.197119029567854,0.411538461538462,5.3134962805526,0.189537528430629,0.452,0.283185840707965,0.004,0.0637619553666312,0.0022744503411675,0.0,0.0,0.0,1.27523910733262,0.233333333333333,59,0.23728813559322
Kevin Durant,PHX,4.09924487594391,2.80474649406688,1.12420278888769,0.0431499460625674,7.14131607335491,119.324090121317,1.66811091854419,1.08318890814558,35.5339805825243,16.2243797195254,0.574468085106383,8.02588996763754,0.43010752688172,6.53721682847896,8.06903991370011,10.571736785329,9.19093851132686,1.16504854368932,0.43287037037037,0.44,0.8875,0.330960854092527,0.492144439501779,0.597864768683274,0.642298670836591,0.302049622437972,28.8208750245242,4.04280618311534,7.60398613518198,3.44454072790295,0.149717514124294,3.63951473136915,0.145203111495246,0.496224379719525,0.215749730312837,0.0102669404517453,0.280474649406688,0.0137711864406779,0.0119916579770594,0.104430379746835,0.0101522842639593,5.67421790722762,13.4843581445523,3.53829557713053,2.13592233009709,7.78856526429342,3.14994606256742,0.798274002157497,0.151024811218986,0.0215749730312837,0.862998921251349,0.123486682808717,0.441281138790036,10.4723404255319,25.5088709677419,2.67529665587918,0.110320284697509,0.790322580645161,0.63265306122449,9.14778856526429,0.377224199288256,0.52122641509434,4.40129449838188,0.181494661921708,0.553921568627451,0.424778761061947,0.0098039215686274,1.89859762675297,0.0782918149466192,0.5,0.5,1.0,6.12729234088457,0.408450704225352,284,0.408450704225352
Harrison Barnes,SAS,1.09529025191676,0.67907995618839,0.824810293632465,0.0219058050383351,3.22015334063527,118.308303886926,0.309187279151943,0.8613074204947,22.1467688937569,7.07557502738226,0.591331269349845,7.88608981380066,0.434540389972145,3.52683461117196,4.90690032858708,3.46111719605696,10.0547645125958,0.197152245345016,0.586387434554974,0.647398843930636,0.980769230769231,0.527086383601757,0.571285416666667,0.622254758418741,0.653100775193799,0.788608981380066,15.9937888198758,3.40921588034752,4.70406360424028,2.38515901060071,0.100092678405931,2.18639575971731,0.0873015873015873,2.12486308871851,0.920043811610077,0.0419161676646706,1.20481927710843,0.0466893039049236,0.0444954128440367,0.101098901098901,0.0582278481012658,2.97918948521358,7.38225629791895,1.5553121577218,1.42387732749179,4.3592552026287,2.19058050383352,0.350492880613363,0.0219058050383351,0.0,0.131434830230011,0.131510416666667,0.828696925329429,4.00340557275542,24.4426966292135,4.51259583789704,0.301610541727672,0.66504854368932,0.656934306569343,2.45345016429354,0.16398243045388,0.482142857142857,0.109529025191676,0.007320644216691,0.0,0.0,0.0,4.3592552026287,0.291361639824305,0.482412060301508,0.482412060301508,1.0,3.52683461117196,0.372670807453416,160,0.375
Julius Randle,MIN,4.38675022381379,2.4395702775291,1.95902832195231,0.201432408236347,5.75201432408236,113.997760358343,0.358342665173572,1.05263157894737,28.8272157564906,13.9883616830797,0.5552,7.02775290957923,0.345047923322684,6.04297224709042,6.93822739480752,8.59444941808416,6.1101163831692,1.1414503133393,0.446685878962536,0.495207667731629,0.842592592592593,0.334398296059638,0.542945682302772,0.542066027689031,0.591368227731864,1.52193375111907,25.3152088258471,5.45169595880443,7.68197088465846,3.47144456886898,0.141037306642402,3.35946248600224,0.145067698259188,3.22291853178156,2.08146821844226,0.096875,1.02954341987466,0.0425925925925925,0.0681372549019607,0.114427860696517,0.121546961325967,7.22918531781558,18.3751119068935,3.31244404655327,3.91674127126231,7.49776186213071,3.44673231871083,0.71620411817368,0.0671441360787824,0.0,0.559534467323187,0.147556390977444,0.64643237486688,6.00208,25.1821656050955,6.557743957027751,0.312034078807242,0.703071672354949,0.509708737864078,6.22202327663384,0.296059637912673,0.410071942446043,1.20859444941808,0.0575079872204472,0.5,0.333333333333333,0.0555555555555555,1.65622202327663,0.0788072417465388,0.297297297297297,0.305555555555556,1.0,5.3715308863026,0.358333333333333,239,0.359832635983264
Evan Mobley,CLE,3.22079075966237,1.73256330519769,1.56963152621619,0.111061750333185,5.30875166592626,111.783084133006,2.52175853604106,1.36130328051774,29.2314526876944,15.0155486450466,0.621301775147929,5.10884051532652,0.37117903930131,4.90892936472679,11.9502443358507,6.70812972012439,5.06441581519325,0.5997334517992,0.64047619047619,0.723118279569893,0.894117647058824,0.253863134657837,0.587905337078652,0.604304635761589,0.635748792270531,2.13238560639716,23.2971372161895,7.33607926082601,11.0466413746931,5.33363088596296,0.214928057553957,4.86498549430931,0.206831119544592,3.64282541092848,1.93247445579742,0.0965593784683684,1.64371390493114,0.0688372093023255,0.0814777327935222,0.207407407407407,0.126888217522659,5.01999111505997,12.9498000888494,2.11017325633052,2.90981785872945,6.7747667703243,3.53176366059529,0.999555752998667,0.022212350066637,0.0,0.310972900932919,0.155882352941176,0.730684326710817,4.02115384615385,25.3230434782609,9.59573522878721,0.47682119205298,0.761574074074074,0.68693009118541,4.9755664149267,0.247240618101545,0.388392857142857,0.444247001332741,0.0220750551876379,0.2,1.0,0.0,1.06619280319858,0.0529801324503311,0.416666666666667,0.416666666666667,1.0,4.04264771212794,0.357142857142857,181,0.359116022099448
Scottie Barnes,TOR,4.17795844625113,2.82294489611563,1.27424447451511,0.112917795844625,5.55555555555556,113.063063063063,1.41891891891892,2.09459459459459,28.2746160794941,17.6829268292683,0.508301404853129,6.32339656729901,0.276363636363636,5.14905149051491,8.13008130081301,9.84643179765131,3.7940379403794,1.3550135501355,0.452261306532663,0.477453580901857,0.736842105263158,0.26340545625588,0.521427741020794,0.481655691439323,0.520066889632107,0.948509485094851,27.1259842519685,5.66080288678394,8.85135135135135,3.6036036036036,0.160481444332999,4.68468468468469,0.196969696969697,2.46160794941283,1.28726287262873,0.0483460559796437,1.06142728093948,0.0495780590717299,0.0488951574988246,0.139240506329114,0.0424628450106157,8.53658536585366,19.8509485094851,5.75880758807588,2.77777777777778,6.82023486901536,3.0713640469738,0.564588979223126,0.0,0.0,0.496838301716351,0.115843270868825,0.526810912511759,7.76257982120051,26.245,6.32339656729901,0.26340545625588,0.646428571428572,0.574585635359116,8.06233062330623,0.335841956726246,0.448179271708684,3.29719963866305,0.137347130761994,0.39041095890411,0.456140350877193,0.0,0.925925925925926,0.0385700846660395,0.341463414634146,0.35,0.928571428571429,5.39747064137308,0.259414225941423,234,0.264957264957265
Jalen Wilson,BKN,1.96517412935323,1.06965174129353,2.03980099502488,0.149253731343284,3.03482587064677,116.169154228856,0.124378109452736,0.995024875621891,18.6318407960199,6.41791044776119,0.48062015503876,9.00497512437811,0.337950138504155,3.35820895522388,3.681592039801,2.48756218905473,9.1044776119403,0.0,0.596774193548387,0.691588785046729,1.0,0.583870967741936,0.536050242326333,0.495161290322581,0.533959537572254,0.845771144278607,16.659445407279,3.35820895522388,4.85074626865672,2.06467661691542,0.0989272943980929,2.38805970149254,0.107502799552072,1.86567164179104,0.870646766169154,0.0388457269700332,0.995024875621891,0.0373134328358208,0.0380131779016725,0.106707317073171,0.045822102425876,3.60696517412935,9.37810945273632,1.44278606965174,2.16417910447761,4.1044776119403,1.51741293532338,0.27363184079602,0.0,0.0,0.54726368159204,0.0910447761194029,0.816129032258065,4.7046511627907,25.5361878453039,3.58208955223881,0.232258064516129,0.618055555555556,0.528089887640449,2.58706467661692,0.167741935483871,0.298076923076923,0.248756218905473,0.0161290322580645,0.4,0.5,0.1,2.81094527363184,0.182258064516129,0.336283185840708,0.336283185840708,1.0,6.19402985074627,0.337349397590361,248,0.338709677419355
Miles Bridges,CHA,3.25904624970046,2.4203211119099,1.11510791366906,0.095854301461778,4.33740714114546,116.246700263979,1.07991360691145,1.05591552675786,31.1526479750779,15.3127246585191,0.513302034428795,10.78360891445,0.318284424379233,5.29595015576324,7.57248981548047,8.14761562425114,9.2020129403307,0.934579439252336,0.481707317073171,0.521452145214521,0.907801418439716,0.413223140495868,0.535256302916275,0.495408631772268,0.542785234899329,1.19817876827223,27.8197064989518,5.7673860911271,9.81521478281738,3.26373890088793,0.147826086956522,5.68754499640029,0.214092140921409,1.72537742631201,0.838725137790558,0.0333651096282173,0.74287083632878,0.0298939247830279,0.0316395014381591,0.119777158774373,0.040983606557377,5.94296669063024,14.1385094656123,3.69039060627846,2.25257608435179,6.08674814282291,2.94751976994968,0.838725137790558,0.119817876827223,0.047927150730889,0.287562904385334,0.108474576271186,0.710743801652893,5.20453834115806,26.0566964285714,7.76419841840403,0.297520661157025,0.657407407407407,0.553990610328639,6.70980110232447,0.257116620752984,0.375,0.838725137790558,0.032139577594123,0.285714285714286,0.5,0.0857142857142857,2.61202971483345,0.100091827364555,0.385321100917431,0.39622641509434,0.952380952380952,8.17157919961658,0.290322580645161,334,0.296407185628743
Draymond Green,GSW,4.26784400294334,2.59995094432181,2.68382352941176,0.0245278390973755,4.31689968113809,111.584619152584,1.73891746265001,2.42468772961058,15.0355653666912,6.45082168260976,0.517110266159696,6.03384841795438,0.326530612244898,2.47731174883493,5.39612460142261,1.27544763306353,5.813097866078,0.0735835172921265,0.808823529411765,0.833333333333333,0.9875,0.483300589390963,0.541153571428572,0.50294695481336,0.53304347826087,0.196222712779004,16.2045060658579,5.07352941176471,8.32721038452119,3.69826108253735,0.161843515541265,3.6492774920401696,0.153292181069959,1.81506009320579,0.93205788570027,0.0458937198067632,0.784890851116017,0.0301034807149576,0.0370174510840825,0.116379310344828,0.0293159609120521,9.39416237429482,22.6391954868776,5.54329163600687,3.85087073828796,3.6055923473142,1.39808682855041,0.392445425558008,0.0,0.0,0.613195977434388,0.103636363636364,0.732809430255403,5.4212927756654,24.983606557377,3.11503556536669,0.24950884086444,0.582677165354331,0.797297297297297,2.89428501349031,0.231827111984283,0.449152542372881,0.441501103752759,0.0353634577603143,0.5,0.888888888888889,0.0,2.4037282315428,0.192534381139489,0.346938775510204,0.346938775510204,1.0,3.63012018641158,0.310810810810811,147,0.312925170068027
Kyle Kuzma,MIL,3.59960552268245,1.9723865877712,1.466058888752,0.19723865877712,3.9201183431952704,118.616104407781,0.46786505786752,0.886481162275302,23.767258382643,13.1903353057199,0.51214953271028,7.71696252465483,0.307443365695793,3.15581854043393,7.74161735700197,5.76923076923077,6.06508875739645,1.03550295857988,0.572992700729927,0.590225563909774,0.854166666666667,0.369103773584906,0.536626781472684,0.492924528301887,0.513874066168623,0.394477317554241,23.9760903254372,4.55833435998522,7.78133464663876,2.88106377739473,0.12800875273523,4.33390790445703,0.177598385469223,1.33136094674556,0.739644970414201,0.0317460317460317,0.542406311637081,0.0232312565997888,0.0274841437632135,0.100746268656716,0.0235690235690235,3.74753451676529,9.4181459566075,1.82445759368836,1.92307692307692,4.98027613412229,2.3422090729783,0.443786982248521,0.04930966469428,0.02465483234714,0.27120315581854,0.10475161987041,0.645047169811321,6.15663551401869,26.0095846645367,5.76923076923077,0.275943396226415,0.705128205128205,0.654545454545455,6.16370808678501,0.294811320754717,0.376,1.25739644970414,0.0601415094339622,0.294117647058824,0.333333333333333,0.0,2.0956607495069,0.100235849056604,0.341176470588235,0.341176470588235,0.96551724137931,5.62130177514793,0.293859649122807,223,0.295964125560538
Rui Hachimura,LAL,1.29390018484288,0.844996039081067,1.38504155124654,0.0,2.24452072880908,113.046916183448,0.685292567211386,1.18608328940432,20.4647478214946,8.68761552680222,0.580547112462006,6.52231317665699,0.412955465587045,2.29733298125165,8.2387113810404,1.84842883548983,7.7634011090573,0.3168735146554,0.816753926701571,0.866666666666667,0.96078431372549,0.428819444444444,0.564797135416667,0.597222222222222,0.618022328548644,0.580934776868234,16.0379596678529,3.89130721540694,5.69319978914075,2.13494992092778,0.0888157894736842,3.00474433315762,0.1198738170347,2.08608397148138,0.897808291523634,0.0398126463700234,1.1090573012939,0.0510328068043742,0.0453190220632081,0.0897009966777408,0.0465116279069767,2.2181146025878,5.83575389490362,0.818589912859783,1.39952468972802,2.98389226300502,1.584367573277,0.290467388434117,0.0,0.0,0.0528122524425666,0.096,0.753472222222222,5.42492401215806,24.7931174089069,4.93794560337998,0.324652777777778,0.716577540106952,0.828358208955224,2.64061262212833,0.173611111111111,0.38,1.1090573012939,0.0729166666666666,0.452380952380952,0.68421052631579,0.0,2.90467388434117,0.190972222222222,0.445454545454545,0.445454545454545,0.959183673469388,3.61763929231582,0.386861313868613,137,0.386861313868613
P.J. Washington,DAL,3.09955345416338,2.0488573680063,1.72006302521008,0.131337010769635,4.15024954032046,115.358361774744,1.57521659228144,1.65397742189551,21.959548200683,11.1899133175729,0.492957746478873,6.27790911478855,0.380753138075314,3.75623850801156,5.77882847386394,5.2534804307854,6.46178092986604,0.709219858156028,0.523809523809524,0.585106382978723,0.901098901098901,0.359398496240602,0.539417819548872,0.521052631578947,0.554376657824934,1.15576569477279,20.2696420269642,5.80357142857143,9.45129955368863,4.4893672880021,0.170149253731343,4.09556313993174,0.185935637663886,2.15392697662201,1.44470711846598,0.0587606837606837,0.52534804307854,0.025062656641604,0.0432525951557093,0.17379679144385,0.0761245674740484,3.44102968216443,8.40556868925663,1.91752035723667,1.52350932492776,5.20094562647754,2.41660099816128,0.499080640924613,0.0262674021539269,0.0,0.394011032308905,0.125845737483085,0.640601503759399,5.37089201877934,24.5937238493724,4.91200420278434,0.281203007518797,0.668449197860963,0.568,5.72629366955608,0.32781954887218,0.362385321100917,0.551615445232467,0.031578947368421,0.285714285714286,0.5,0.0476190476190476,2.23272918308379,0.12781954887218,0.376470588235294,0.376470588235294,1.0,4.04517993170475,0.383116883116883,154,0.383116883116883
Dorian Finney-Smith,LAL,1.54185022026432,0.825991189427313,1.87147378560617,0.027533039647577,1.15638766519824,113.12242090784,0.63273727647868,1.59559834938102,15.1156387665198,3.33149779735683,0.545454545454545,8.64537444933921,0.412140575079872,0.825991189427313,2.53303964757709,1.10132158590308,10.5726872246696,0.0825991189427312,0.696969696969697,0.867924528301887,0.992248062015504,0.72183908045977,0.566122811059908,0.596551724137931,0.603296703296703,0.715859030837004,12.6391293593866,3.39892665474061,4.59422283356259,2.09078404401651,0.0866590649942987,2.25584594222834,0.0926553672316384,2.20264317180617,1.10132158590308,0.0577200577200577,1.01872246696035,0.0418079096045197,0.0487959442332065,0.0764705882352941,0.0901960784313725,2.47797356828194,6.33259911894273,1.10132158590308,1.37665198237885,1.23898678414097,0.357929515418502,0.0825991189427312,0.027533039647577,0.0,0.247797356828194,0.0313901345291479,0.926436781609195,3.37107438016529,25.037898089172,2.45044052863436,0.204597701149425,0.606741573033708,0.685185185185185,0.825991189427313,0.0689655172413793,0.366666666666667,0.0550660792951541,0.0045977011494252,0.5,1.0,0.0,3.44162995594714,0.28735632183908,0.432,0.439024390243902,0.981481481481482,5.20374449339207,0.396825396825397,188,0.398936170212766
Cameron Johnson,BKN,2.75996654586005,1.67270699749094,1.45312281682269,0.0836353498745469,4.71145804293281,119.21568627451,0.700280112044818,1.48459383753501,29.8299414552551,9.45079453582381,0.578171091445428,11.3744075829384,0.390663390663391,5.60356844159465,6.07750209088375,4.85085029272373,12.0434903819348,1.2545302481182,0.556122448979592,0.586021505376344,0.905660377358491,0.546184738955823,0.54820711409396,0.581659973226238,0.629166666666667,0.557568999163647,22.9899188591099,3.45116668995389,5.406162464986,2.52100840336134,0.113924050632911,2.6890756302521,0.118226600985222,1.50543629774185,0.752718148870923,0.033292231812577,0.724839698912741,0.0287929125138427,0.0309218203033838,0.108761329305136,0.0324483775811209,5.38054084192919,13.3537775299693,2.78784499581823,2.59269584611096,6.27265124059102,2.06300529690549,0.446055199330917,0.250906049623641,0.0278784499581823,0.752718148870923,0.102091020910209,0.768406961178046,6.92300884955752,25.8245098039216,4.62782269305827,0.222222222222222,0.72289156626506,0.65,3.03875104544187,0.145917001338688,0.44954128440367,1.78422079732367,0.0856760374832664,0.421875,0.481481481481481,0.015625,2.59269584611096,0.124497991967871,0.43010752688172,0.444444444444444,1.0,8.78171173682743,0.377777777777778,314,0.378980891719745
Jabari Smith Jr.,HOU,1.77294824134973,1.25822133257078,1.75865027166142,0.0857878181298255,3.43151272519302,108.578781812983,1.17243351444095,0.714898484415213,19.9599656848728,8.26422647983986,0.519031141868512,7.92107520732056,0.353790613718412,2.97397769516729,4.86130969402345,3.71747211895911,8.14984272233343,0.257363454389477,0.566666666666667,0.69672131147541,0.969387755102041,0.489399293286219,0.534649909747292,0.524734982332155,0.560192616372392,1.60137260509008,16.4544799423493,5.71918787532171,8.43580211609952,4.08921933085502,0.153104925053533,3.40291678581641,0.155555555555556,3.00257363454389,1.42979696883043,0.0508130081300813,1.48698884758364,0.065081351689612,0.0572069545709478,0.142405063291139,0.0738636363636363,1.71575636259651,4.28939090649128,0.857878181298256,0.857878181298256,3.6030883614526705,1.40120102945382,0.257363454389477,0.0857878181298255,0.0285959393766085,0.428939090649128,0.0855263157894736,0.706713780918728,7.48754325259516,25.3496350364964,3.51730054332285,0.217314487632509,0.650406504065041,0.5875,3.20274521018015,0.197879858657244,0.491071428571429,1.54418072633686,0.0954063604240282,0.277777777777778,0.666666666666667,0.0,1.74435230197312,0.107773851590106,0.360655737704918,0.372881355932203,0.954545454545455,6.17672290534744,0.351851851851852,216,0.351851851851852
Anthony Davis,DAL,3.27536231884058,1.94202898550725,1.41987829614604,0.0,7.91304347826087,114.687137891078,3.18655851680185,1.70915411355736,36.5507246376812,22.7826086956522,0.553435114503817,3.59420289855072,0.282258064516129,8.28985507246377,15.2463768115942,9.97101449275363,2.69565217391304,0.347826086956522,0.604597701149425,0.684895833333333,0.885714285714286,0.136263736263736,0.524164395604396,0.535714285714286,0.588152985074627,2.95652173913043,30.8133472367049,8.54824688496088,13.2097334878331,6.77867902665122,0.276595744680851,5.90961761297798,0.242857142857143,3.8840579710144896,2.52173913043478,0.105199516324063,1.33333333333333,0.0686567164179104,0.0888443553774215,0.25,0.141078838174274,5.2463768115942,12.5507246376812,3.18840579710145,2.05797101449275,10.695652173913,4.7536231884058,1.21739130434783,0.0289855072463768,0.0,1.1304347826087,0.15972894482091,0.493406593406593,7.45419847328244,25.8491935483871,9.42028985507247,0.357142857142857,0.723076923076923,0.617021276595745,8.78260869565217,0.332967032967033,0.425742574257426,4.57971014492754,0.173626373626374,0.449367088607595,0.591549295774648,0.0189873417721519,0.318840579710145,0.012087912087912,0.0909090909090909,0.0909090909090909,1.0,3.27536231884058,0.300884955752212,113,0.300884955752212
Georges Niang,ATL,2.3105100028177,1.23978585517047,2.84299858557284,0.112707805015497,1.63426317272471,117.012212439648,0.397614314115308,0.795228628230616,22.0907297830375,5.94533671456748,0.568720379146919,11.5243730628346,0.405867970660147,1.29613975767822,5.63539025077487,1.12707805015497,13.8630600169062,0.169061707523246,0.833333333333333,0.862068965517241,0.987951807228916,0.659677419354839,0.556668166939443,0.595161290322581,0.607751937984496,0.225415610030995,18.2296890672016,3.8472418670438495,6.39023004828174,3.06731042317523,0.127962085308057,3.01050837830162,0.131350681536555,1.32431670893209,0.64806987883911,0.0318559556786703,0.619892927585235,0.0251428571428571,0.0281778334376956,0.108910891089109,0.0135593220338983,3.12764158918005,7.60777683854607,1.77514792899408,1.35249366018597,1.63426317272471,0.507185122569738,0.19723865877712,0.0281769512538743,0.0,0.366300366300366,0.0300632911392405,0.824193548387097,5.13364928909953,24.7524509803922,2.87404902789518,0.164516129032258,0.666666666666667,0.897058823529412,2.90222597914906,0.166129032258065,0.495145631067961,0.169061707523246,0.0096774193548387,0.166666666666667,1.0,0.333333333333333,4.50831220061989,0.258064516129032,0.4125,0.420382165605096,1.0,7.01606086221471,0.401606425702811,249,0.401606425702811
Santi Aldama,MEM,1.98601398601399,1.06293706293706,1.06457487043003,0.0279720279720279,2.32167832167832,114.842873176207,0.813692480359147,1.45903479236813,22.6853146853147,9.00699300699301,0.599378881987578,9.11888111888112,0.372670807453416,1.81818181818182,6.93706293706294,3.86013986013986,9.73426573426574,0.335664335664336,0.642487046632124,0.770186335403727,0.966666666666667,0.503086419753086,0.556630612244898,0.575617283950617,0.591107871720117,1.79020979020979,18.4184914841849,5.82714665919597,9.0347923681257,3.75982042648709,0.161640530759952,4.15263748597082,0.180048661800487,2.62937062937063,1.37062937062937,0.0601965601965601,1.17482517482517,0.0490654205607476,0.0544910179640718,0.16140350877193,0.0874524714828897,5.25874125874126,12.9230769230769,2.85314685314685,2.40559440559441,2.62937062937063,1.14685314685315,0.335664335664336,0.167832167832168,0.0559440559440559,0.13986013986014,0.0662739322533137,0.743827160493827,5.30652173913044,25.6748466257669,4.36363636363636,0.240740740740741,0.730769230769231,0.62280701754386,4.16783216783217,0.229938271604938,0.48993288590604,0.475524475524476,0.0262345679012345,0.352941176470588,0.666666666666667,0.117647058823529,2.48951048951049,0.137345679012346,0.393258426966292,0.393258426966292,0.942857142857143,6.62937062937063,0.358649789029536,233,0.36480686695279
Paolo Banchero,ORL,4.31746031746032,3.01587301587302,1.53968253968254,0.222222222222222,8.41269841269841,111.619047619048,0.888888888888889,1.14285714285714,37.8095238095238,20.2857142857143,0.508607198748044,8.63492063492063,0.325842696629214,8.88888888888889,7.80952380952381,12.8253968253968,4.0952380952381,4.19047619047619,0.378461538461538,0.396774193548387,0.494252873563218,0.298572996706915,0.517993594104308,0.5,0.551579925650558,0.952380952380952,33.8169642857143,5.47619047619048,9.33333333333333,4.952380952380951,0.203921568627451,3.49206349206349,0.169491525423729,1.61904761904762,0.698412698412698,0.0276381909547738,0.857142857142857,0.0378681626928471,0.0324718356527501,0.184313725490196,0.0321285140562249,6.952380952380951,16.952380952381,3.9047619047619,3.04761904761905,12.2222222222222,6.15873015873016,1.49206349206349,0.0952380952380952,0.0,0.476190476190476,0.185673892554194,0.559824368825467,8.33849765258216,26.5709558823529,7.55555555555556,0.261251372118551,0.668067226890756,0.452830188679245,7.80952380952381,0.270032930845225,0.430894308943089,4.92063492063492,0.170142700329308,0.387096774193548,0.283333333333333,0.0,0.825396825396825,0.0285400658616904,0.269230769230769,0.269230769230769,1.0,7.80952380952381,0.32520325203252,241,0.33195020746888
Patrick Williams,CHI,2.5383707201889,1.32821723730815,1.29411764705882,0.0,1.9775678866588,115.943728018757,0.937866354044549,1.40679953106682,16.7060212514758,7.20188902007084,0.44672131147541,8.02833530106257,0.354243542435424,1.77095631641086,3.6599763872491105,2.77449822904368,7.96930342384888,0.531286894923259,0.568807339449541,0.626262626262626,0.9375,0.527131782945737,0.550733786407767,0.49031007751938,0.511754068716094,0.590318772136954,16.9406150583245,3.48529411764706,5.68581477139508,2.2274325908558,0.0987012987012987,3.16529894490035,0.129651860744298,1.26918536009445,0.796930342384888,0.0365358592692828,0.472255017709563,0.0188235294117647,0.02706104468219,0.0814332247557003,0.0453172205438066,3.6599763872491105,9.14994096812279,1.82998819362456,1.82998819362456,2.44982290436836,1.15112160566706,0.236127508854782,0.0295159386068477,0.0,0.147579693034238,0.072992700729927,0.763565891472868,6.02991803278689,26.0077205882353,3.60094451003542,0.236434108527132,0.5,0.557377049180328,2.5974025974026,0.170542635658915,0.420454545454545,1.00354191263282,0.065891472868217,0.323529411764706,1.0,0.0,1.80047225501771,0.118217054263566,0.377049180327869,0.383333333333333,1.0,6.22786304604486,0.345971563981043,210,0.347619047619048
Obi Toppin,IND,2.09230769230769,1.16923076923077,1.66153846153846,0.0307692307692307,2.73846153846154,119.507692307692,0.861538461538462,1.41538461538462,25.6307692307692,9.16923076923077,0.694630872483222,9.26153846153846,0.371621621621622,2.73846153846154,9.66153846153846,3.07692307692308,9.78461538461538,0.369230769230769,0.758454106280193,0.826315789473684,0.963636363636364,0.502504173622705,0.576266666666667,0.621035058430718,0.64175654853621,1.04615384615385,19.8063623789765,4.89230769230769,8.06153846153846,3.53846153846154,0.155826558265583,3.35384615384615,0.157287157287157,1.72307692307692,0.830769230769231,0.0372413793103448,0.861538461538462,0.0399429386590584,0.0385694249649368,0.116040955631399,0.0401606425702811,3.93846153846154,9.10769230769231,2.70769230769231,1.23076923076923,3.50769230769231,1.44615384615385,0.369230769230769,0.0615384615384615,0.0,0.4,0.0770440251572327,0.843071786310518,3.7724832214765103,25.9232558139535,6.27692307692308,0.340567612687813,0.784313725490196,0.76875,2.67692307692308,0.145242070116861,0.517241379310345,0.215384615384615,0.011686143572621,0.285714285714286,0.0,0.0,3.69230769230769,0.200333889816361,0.45,0.45,0.925925925925926,5.56923076923077,0.30939226519337,176,0.318181818181818
Sam Hauser,BOS,0.7598282127519,0.627684175751569,1.44206862257583,0.0,0.958044268252395,112.807717897538,0.432468396540253,1.36393878908849,19.9867855963,2.47770069375619,0.64,13.181367690783,0.417085427135678,0.363396101750909,2.57680872150644,0.594648166501487,15.6590683845391,0.792864222001982,0.8125,0.847826086956522,0.951807228915663,0.841772151898734,0.547620295983087,0.626582278481013,0.631799163179916,0.13214403700033,14.3635321100917,3.71291231559755,5.988023952095809,2.26214238190286,0.0879689521345407,3.32667997338656,0.141242937853107,1.45358440700363,0.396432111000991,0.0223880597014925,1.05715229600264,0.0326864147088866,0.029042904290429,0.0571428571428571,0.0279329608938547,2.11430459200529,5.41790551701355,0.925008259002312,1.18929633300297,0.363396101750909,0.13214403700033,0.0660720185001651,0.0,0.0,0.0660720185001651,0.0084033613445378,0.909282700421941,8.86133333333333,25.5932330827068,1.05715229600264,0.0675105485232067,0.71875,0.782608695652174,0.726792203501817,0.0464135021097046,0.590909090909091,0.693756194251734,0.0443037974683544,0.571428571428571,0.833333333333333,0.0,3.7330690452593296,0.238396624472574,0.451327433628319,0.451327433628319,0.941176470588235,9.44829864552362,0.402097902097902,285,0.403508771929825
Jerami Grant,POR,2.07866965142309,1.31116085705149,1.74316328162482,0.0639590661976335,3.86952350495683,115.802943058221,1.47152911068458,1.31158029430582,21.6501439078989,8.89031020147106,0.381294964028777,9.46594179724976,0.364864864864865,4.50911416693316,3.51774864086984,3.26191237607931,9.97761432683083,0.383754397185801,0.518867924528302,0.528846153846154,0.962962962962963,0.515679442508711,0.548859407665505,0.466898954703833,0.524844720496895,0.127918132395267,19.5478356768679,2.60674876059491,4.38259756877799,2.04734484964811,0.0849933598937583,2.11132437619962,0.0955137481910275,0.831467860569236,0.319795330988168,0.0121065375302663,0.447713463383435,0.0184210526315789,0.0151324085750315,0.0812720848056537,0.0129198966408268,3.22993284298049,7.83498560921011,1.85481291973137,1.37511992324912,5.30860249440358,1.91877198592901,0.287815797889351,0.415733930284618,0.127918132395267,0.319795330988168,0.113744075829384,0.771777003484321,6.43848920863309,24.9719594594595,4.70099136552606,0.25609756097561,0.462585034013605,0.588235294117647,2.68628078030061,0.146341463414634,0.238095238095238,1.50303805564439,0.0818815331010452,0.382978723404255,0.5,0.0212765957446808,3.70962583946274,0.202090592334495,0.370689655172414,0.373913043478261,0.953488372093023,5.75631595778702,0.361111111111111,180,0.361111111111111
Lauri Markkanen,UTA,2.15475024485798,1.30590923930787,1.29000653167864,0.0979431929480901,5.19098922624878,119.928128062725,0.555374060764456,1.078079059131,29.1217760365655,9.82696702579171,0.524916943521595,13.026444662096,0.346733668341709,5.28893241919687,6.79072804440091,3.52595494613124,13.5161606268364,0.0,0.658227848101266,0.742857142857143,1.0,0.57,0.533915236051502,0.521428571428572,0.566195372750643,1.17531831537708,23.5772357723577,4.53951665578054,6.72982685396929,2.77687030382228,0.126112759643917,3.46292061417837,0.139841688654354,2.35063663075416,1.04472739144629,0.0471281296023564,1.20796604635978,0.0468948035487959,0.0470027247956403,0.0970873786407767,0.0643776824034334,2.28534116878877,5.84394384590271,1.0120796604636,1.27326150832517,6.03983023179889,2.05680705190989,0.424420502775057,0.163238654913484,0.0,0.750897812602024,0.0900662251655629,0.767142857142857,5.77109634551495,25.9240601503759,4.50538687561215,0.197142857142857,0.652173913043478,0.666666666666667,4.34214822069866,0.19,0.451127819548872,0.979431929480901,0.0428571428571428,0.266666666666667,0.375,0.0666666666666666,2.38328436173686,0.104285714285714,0.410958904109589,0.416666666666667,1.0,10.6431603003591,0.331288343558282,325,0.332307692307692
Aaron Gordon,DEN,2.42524916943522,1.2624584717608,1.36507408023972,0.232558139534884,4.5514950166113,115.348682015349,0.467133800467134,0.767434100767434,24.8504983388704,10.797342192691,0.581538461538462,5.71428571428571,0.43859649122807,4.817275747508311,7.10963455149502,5.4485049833887,6.47840531561462,0.996677740863787,0.566137566137566,0.648484848484848,0.866666666666667,0.346076458752515,0.571083165322581,0.606639839034205,0.648180242634315,1.59468438538206,19.078368065747,4.11186948560013,5.57223890557224,2.53586920253587,0.102150537634409,2.8028028028028,0.121037463976945,2.6578073089701,2.0265780730897,0.0909090909090909,0.598006644518273,0.0324909747292418,0.0644897959183673,0.0957854406130268,0.144927536231884,5.4485049833887,12.6910299003322,3.65448504983389,1.79401993355482,5.9468438538206,3.05647840531561,0.564784053156146,0.0,0.0,0.166112956810631,0.160839160839161,0.772635814889336,4.74215384615385,25.121511627907,7.04318936877076,0.426559356136821,0.64622641509434,0.613138686131387,2.69102990033223,0.162977867203219,0.45679012345679,1.06312292358804,0.0643863179074446,0.46875,0.266666666666667,0.0,2.15946843853821,0.130784708249497,0.476923076923077,0.476923076923077,0.967741935483871,3.55481727574751,0.411214953271028,106,0.415094339622642
Tari Eason,HOU,2.22908093278464,1.23456790123457,2.32836843006335,0.171467764060357,2.60631001371742,112.444444444444,1.70940170940171,3.31623931623932,23.3882030178326,12.7572016460905,0.556451612903226,6.31001371742113,0.346153846153846,2.70919067215364,7.61316872427984,6.5843621399177,6.37860082304527,0.102880658436214,0.536231884057971,0.645348837209302,0.984126984126984,0.330935251798561,0.576457495429616,0.54226618705036,0.566445182724253,2.40054869684499,19.0516995144245,6.19756890943332,8.0,4.37606837606838,0.171122994652406,2.87179487179487,0.13838550247117,4.38957475994513,2.46913580246914,0.0866425992779783,1.71467764060357,0.0827814569536423,0.0850174216027874,0.148148148148148,0.0816326530612244,2.84636488340192,6.89300411522634,1.64609053497942,1.2002743484225,3.56652949245542,1.64609053497942,0.377229080932785,0.0342935528120713,0.0,0.274348422496571,0.0824915824915824,0.757194244604317,4.59354838709677,25.1142076502732,8.12757201646091,0.426258992805755,0.666666666666667,0.531645569620253,3.84087791495199,0.201438848920863,0.383928571428571,0.788751714677641,0.0413669064748201,0.260869565217391,1.0,0.0434782608695652,2.40054869684499,0.12589928057554,0.371428571428571,0.371428571428571,1.0,3.90946502057613,0.324561403508772,112,0.330357142857143
Jeremy Sochan,SAS,2.94117647058824,1.66548547129695,2.31448763250883,0.070871722182849,3.72076541459958,117.089499647639,0.951374207188161,1.58562367864693,21.7930545712261,13.2884479092842,0.592,3.26009922041106,0.3,3.08291991495393,11.7647058823529,3.96881644223955,2.87030474840539,0.106307583274274,0.747747747747748,0.855670103092784,0.964285714285714,0.197002141327623,0.610035205183585,0.565310492505353,0.59021113243762,1.98440822111977,18.7112763320942,6.21908127208481,7.92811839323467,3.84073291050035,0.160294117647059,3.59408033826638,0.149560117302053,4.50035435861091,2.33876683203402,0.0988023952095808,2.1615875265769,0.0910447761194029,0.0949177877428998,0.146031746031746,0.102739726027397,4.53579021970234,10.9496810772502,2.65768958185684,1.8781006378455,4.42948263642807,2.1615875265769,0.602409638554217,0.0,0.0,0.354358610914245,0.119373776908023,0.815845824411135,3.14693333333333,25.0163043478261,10.2409638554217,0.618843683083512,0.681660899653979,0.761421319796954,2.62225372076541,0.158458244111349,0.297297297297297,0.425230333097094,0.025695931477516,0.25,1.0,0.0,1.38199858256556,0.0835117773019272,0.282051282051282,0.289473684210526,1.0,1.8781006378455,0.320754716981132,50,0.32
Nicolas Batum,LAC,1.22655122655123,0.721500721500722,1.9992795389049,0.0,0.757575757575758,107.769784172662,1.29496402877698,1.8705035971223,11.2914862914863,1.26262626262626,0.457142857142857,7.32323232323232,0.433497536945813,0.613275613275613,0.577200577200577,0.577200577200577,9.41558441558442,0.108225108225108,0.5,0.727272727272727,0.988636363636364,0.852941176470588,0.550514556962025,0.621848739495798,0.633603238866397,0.360750360750361,9.05283505154639,3.92651296829971,6.15107913669065,3.30935251798561,0.139393939393939,2.26618705035971,0.0943113772455089,1.6955266955267,0.613275613275613,0.026275115919629,1.08225108225108,0.0491803278688524,0.0373906125696101,0.134146341463415,0.0287081339712918,3.03030303030303,7.28715728715729,1.8037518037518,1.22655122655123,0.757575757575758,0.288600288600289,0.0721500721500721,0.036075036075036,0.0,0.0721500721500721,0.036734693877551,0.941176470588235,6.24285714285714,24.8581280788177,0.757575757575758,0.088235294117647,0.571428571428571,0.416666666666667,0.252525252525253,0.0294117647058823,0.142857142857143,0.252525252525253,0.0294117647058823,0.428571428571429,0.666666666666667,0.0,3.67965367965368,0.428571428571429,0.46078431372549,0.46078431372549,0.978723404255319,3.64357864357864,0.405940594059406,101,0.405940594059406
Trey Lyles,SAC,1.42909490655918,0.622938805423232,1.57278712509144,0.0,2.8948332722609,117.123037604965,0.839722526469514,1.49689667761957,16.5262000732869,4.98351044338586,0.558823529411765,8.72114327592525,0.340336134453782,2.05203371198241,4.39721509710517,1.17259069256138,8.90436057163796,0.0,0.789473684210526,0.9375,1.0,0.636363636363636,0.554326336898396,0.52807486631016,0.548661800486618,0.879443019421033,14.3907898944675,5.77907827359181,8.6162833150785,3.6144578313253,0.172173913043478,4.052573932092,0.171561051004637,2.93147673140344,1.50238182484427,0.0622154779969651,1.35580798827409,0.055722891566265,0.0589569160997732,0.141935483870968,0.0833333333333333,3.00476364968853,7.32869182850861,1.68559912055698,1.31916452913155,2.93147673140344,1.35580798827409,0.219860754855258,0.0,0.0,0.219860754855258,0.091358024691358,0.874331550802139,4.18970588235294,25.3235294117647,3.26126786368633,0.237967914438503,0.640449438202247,0.789473684210526,1.35580798827409,0.0989304812834224,0.351351351351351,0.366434591425431,0.0267379679144385,0.6,0.833333333333333,0.0,2.74825943569073,0.200534759358289,0.373333333333333,0.378378378378378,1.0,5.97288384023452,0.325153374233129,163,0.325153374233129
Jake LaRavia,SAC,3.02816901408451,1.72535211267606,2.32067510548523,0.140845070422535,3.20422535211268,113.72893258427,0.807584269662921,2.17696629213483,16.1267605633803,6.86619718309859,0.512820512820513,5.0,0.427536231884058,2.74647887323944,4.15492957746479,2.88732394366197,6.02112676056338,0.316901408450704,0.59,0.670454545454545,0.95,0.421364985163205,0.551712883435583,0.56379821958457,0.585677749360614,0.845070422535211,14.4676979071884,4.55344585091421,5.93398876404494,2.84410112359551,0.127358490566038,2.63342696629214,0.114329268292683,3.16901408450704,1.69014084507042,0.0714285714285714,1.37323943661972,0.0642504118616145,0.0680218921032056,0.126637554585153,0.0857142857142857,5.56338028169014,13.7676056338028,2.92253521126761,2.64084507042254,4.04929577464789,1.79577464788732,0.246478873239437,0.0,0.0,0.352112676056338,0.133858267716535,0.741839762611276,4.50102564102564,25.8879432624113,3.8028169014084496,0.320474777448071,0.666666666666667,0.583333333333333,2.8169014084507,0.237388724035608,0.325,0.246478873239437,0.0207715133531157,0.285714285714286,1.0,0.0,1.30281690140845,0.109792284866469,0.378378378378378,0.378378378378378,1.0,3.6971830985915504,0.438095238095238,100,0.45
Paul George,PHI,3.91432791728213,2.5480059084195,1.87141004261627,0.110782865583456,4.06203840472674,114.168835998512,0.743770918557084,2.78914094458907,24.5568685376662,11.1521418020679,0.493377483443709,9.89660265878877,0.360902255639098,2.91728212703102,3.10192023633678,7.90251107828656,6.97932053175776,3.65583456425406,0.281879194630872,0.285714285714286,0.65625,0.470175438596491,0.507966754850088,0.514035087719298,0.542483660130719,0.147710487444609,23.7417218543046,4.05780989438577,7.25176645593157,3.12383785793975,0.151898734177215,3.53291186314615,0.147286821705426,0.886262924667651,0.258493353028065,0.0108695652173913,0.590841949778434,0.0254372019077901,0.0180675569520816,0.129032258064516,0.0159362549800796,6.57311669128508,16.0635155096012,3.65583456425406,2.91728212703102,3.58197932053176,1.51403249630724,0.369276218611521,0.110782865583456,0.0369276218611521,0.332348596750369,0.0729684908789386,0.610526315789474,10.8228476821192,26.0313432835821,2.95420974889217,0.140350877192982,0.7375,0.338983050847458,3.65583456425406,0.173684210526316,0.373737373737374,4.54209748892171,0.215789473684211,0.430894308943089,0.245283018867925,0.0,1.80945347119646,0.0859649122807017,0.285714285714286,0.285714285714286,0.857142857142857,8.08714918759232,0.374429223744292,217,0.377880184331797
Jonathan Mogbo,TOR,2.60999254287845,1.41685309470544,2.54015689204333,0.0745712155108128,2.60999254287845,115.456586826347,1.27245508982036,2.05838323353293,14.5041014168531,10.6636838180462,0.486013986013986,2.60999254287845,0.25,2.23713646532439,7.38255033557047,2.98284862043251,1.90156599552573,0.0,0.712230215827338,0.785714285714286,1.0,0.196629213483146,0.591027542372881,0.462078651685393,0.497442455242967,0.969425801640567,14.9287564766839,5.8087411281285,7.55988023952096,3.77994011976048,0.174740484429066,3.2185628742515,0.143333333333333,4.0641312453393,2.46085011185682,0.0933521923620933,1.56599552572707,0.0682926829268292,0.0816944024205748,0.178423236514523,0.101851851851852,5.4064131245339295,12.8262490678598,3.39299030574198,2.01342281879195,3.05741983594333,1.64056674123788,0.447427293064877,0.0,0.0,0.111856823266219,0.11340206185567,0.724719101123596,4.41083916083916,25.6228571428571,7.00969425801641,0.528089887640449,0.590425531914894,0.738738738738739,2.87099179716629,0.216292134831461,0.285714285714286,0.782997762863535,0.0589887640449438,0.285714285714286,0.666666666666667,0.0476190476190476,1.23042505592841,0.0926966292134831,0.303030303030303,0.303030303030303,1.0,1.37956748695004,0.189189189189189,35,0.2
Dean Wade,CLE,0.856697819314642,0.467289719626168,1.96116504854369,0.0389408099688473,1.24610591900312,111.696359411309,0.774593338497289,1.62664601084431,12.4610591900312,1.90809968847352,0.653061224489796,8.64485981308411,0.36036036036036,0.623052959501558,1.71339563862928,0.778816199376947,9.34579439252337,0.0,0.6875,0.785714285714286,1.0,0.819188191881919,0.586502044609665,0.560885608856089,0.569395017793594,0.311526479750779,10.448275862069,4.83495145631068,7.66847405112316,3.7180480247869903,0.14567526555387,3.4856700232378,0.155172413793103,1.98598130841122,0.506230529595016,0.0256410256410256,1.4797507788162,0.057057057057057,0.0434782608695652,0.140495867768595,0.0259067357512953,2.9595015576324,7.43769470404985,1.44080996884735,1.51869158878505,1.16822429906542,0.428348909657321,0.233644859813084,0.0778816199376947,0.0389408099688473,0.155763239875389,0.0469314079422382,0.952029520295203,4.08571428571429,24.7207207207207,1.4018691588785,0.132841328413284,0.75,0.703703703703704,0.350467289719626,0.033210332103321,0.444444444444444,0.155763239875389,0.014760147601476,0.25,0.0,0.0,3.54361370716511,0.335793357933579,0.417582417582418,0.422222222222222,1.0,5.101246105919,0.320610687022901,131,0.320610687022901
Tidjane Salaün,CHA,2.29468599033816,1.32850241545894,1.68844221105528,0.201288244766506,3.18035426731079,114.411882778001,0.562023283821758,1.1641910879165,14.2109500805153,5.59581320450886,0.402877697841727,8.25281803542673,0.282926829268293,2.69726247987118,2.89855072463768,1.61030595813205,6.15942028985507,0.845410628019324,0.642857142857143,0.765957446808511,0.879310344827586,0.59593023255814,0.543484750733138,0.415697674418605,0.454896907216495,0.72463768115942,15.3739612188366,5.60804020100503,8.43034925732638,3.4925732637495,0.177189409368635,4.33560818948214,0.165644171779141,2.77777777777778,1.08695652173913,0.0430622009569378,1.61030595813205,0.0612557427258805,0.05234375,0.186274509803922,0.0485436893203883,2.97906602254428,7.2061191626409,1.73107890499195,1.24798711755234,3.78421900161031,1.52979066022544,0.241545893719807,0.0402576489533011,0.0,0.442834138486312,0.103448275862069,0.813953488372093,4.91942446043165,26.2229268292683,3.01932367149758,0.218023255813954,0.586666666666667,0.613636363636364,2.25442834138486,0.162790697674419,0.160714285714286,0.322061191626409,0.0232558139534883,0.375,1.0,0.0,1.85185185185185,0.133720930232558,0.347826086956522,0.380952380952381,0.75,6.40096618357488,0.264150943396226,159,0.264150943396226
Bobby Portis,MIL,2.2196261682243,1.12928348909657,1.8359375,0.0389408099688473,2.80373831775701,113.675548589342,1.01880877742947,1.37147335423198,26.4797507788162,16.2383177570093,0.508393285371703,6.93146417445483,0.365168539325843,2.37538940809969,8.56697819314642,7.94392523364486,7.35981308411215,0.233644859813084,0.518867924528302,0.588235294117647,0.969230769230769,0.299159663865546,0.512903109243697,0.520168067226891,0.542264752791069,1.94704049844237,24.0675580577058,8.02734375,12.5783699059561,6.15203761755486,0.255700325732899,5.4858934169279,0.212121212121212,3.50467289719626,1.98598130841122,0.0873287671232876,1.51869158878505,0.0677083333333333,0.0775862068965517,0.25,0.144508670520231,4.04984423676013,10.2803738317757,1.86915887850467,2.18068535825545,2.84267912772586,1.28504672897196,0.350467289719626,0.0,0.0,0.311526479750779,0.0533117932148626,0.512605042016807,9.12805755395683,25.5926966292135,4.94548286604361,0.213445378151261,0.653543307086614,0.55421686746988,6.6588785046729,0.287394957983193,0.456140350877193,4.63395638629284,0.2,0.428571428571429,0.549019607843137,0.0084033613445378,1.86915887850467,0.080672268907563,0.4375,0.4375,1.0,5.06230529595016,0.338461538461539,130,0.338461538461539
Jeremiah Robinson-Earl,NOP,2.00708382526564,1.21999212908304,1.55023547880691,0.0,1.92837465564738,121.800391389432,0.273972602739726,1.52641878669276,16.4502164502165,7.20188902007084,0.557377049180328,6.45415190869736,0.341463414634146,1.81031090121999,5.5883510428965,2.43998425816608,6.3754427390791,0.236127508854782,0.696078431372549,0.8875,0.964285714285714,0.472622478386167,0.567684438040346,0.536023054755043,0.560321715817694,1.73160173160173,14.3828629717783,6.18131868131868,8.02348336594912,3.28767123287671,0.164383561643836,4.03131115459883,0.162717219589258,4.32900432900433,1.65289256198347,0.0649149922720247,2.36127508854782,0.099502487562189,0.0816,0.149779735682819,0.0977777777777777,3.46320346320346,8.65800865800866,1.73160173160173,1.73160173160173,2.16450216450216,0.983864620228257,0.157418339236521,0.0,0.0,0.196772924045651,0.0679347826086956,0.812680115273775,4.75956284153005,24.3018292682927,4.64384100747737,0.340057636887608,0.644067796610169,0.657894736842105,2.00708382526564,0.146974063400576,0.372549019607843,0.550964187327824,0.0403458213256484,0.5,0.714285714285714,0.0,3.62062180243998,0.265129682997118,0.434782608695652,0.444444444444444,0.95,2.83353010625738,0.222222222222222,72,0.222222222222222
John Collins,UTA,4.06953773212169,2.25207427894113,2.29294326942083,0.158040300276571,6.08455156064797,115.743670886076,1.58227848101266,1.54272151898734,29.9486369024101,15.1323587514816,0.577023498694517,5.84749111023311,0.398648648648649,5.49190043461083,11.2998814697748,6.16357171078625,6.75622283682339,0.237060450414856,0.647058823529412,0.777173913043478,0.966101694915254,0.278719397363465,0.533903766478343,0.58286252354049,0.631666666666667,2.92374555511655,23.9768076398363,6.46372800948804,9.41455696202532,3.56012658227848,0.160427807486631,5.06329113924051,0.186046511627907,3.51639668115369,2.17305412880285,0.0966608084358523,1.26432240221256,0.0570409982174688,0.0769911504424778,0.153374233128834,0.12,3.16080600553141,7.82299486369024,1.65942315290399,1.50138285262742,6.47965231133939,3.2398261556697,0.948241801659423,0.0790201501382852,0.0,0.355590675622284,0.142131979695431,0.602636534839925,5.76657963446475,24.5439189189189,6.79573291189253,0.32391713747646,0.686046511627907,0.593220338983051,6.67720268668511,0.318267419962335,0.502958579881657,1.65942315290399,0.0790960451977401,0.428571428571429,0.777777777777778,0.0952380952380952,2.29158435401027,0.109227871939736,0.431034482758621,0.43859649122807,0.96,3.55590675622284,0.377777777777778,90,0.377777777777778
Brandon Clarke,MEM,1.59471022948269,0.816802800466745,2.80627056318947,0.0777907429015947,3.11162971606379,111.325115562404,1.38674884437596,2.00308166409861,20.7701283547258,14.1190198366394,0.647382920110193,0.661221314663555,0.0588235294117647,2.37261765849864,13.9245429793855,4.3562816024893,0.116686114352392,0.0,0.761702127659575,0.922680412371134,1.0,0.0447368421052631,0.552654078947369,0.622368421052632,0.648058252427185,3.18942045896538,15.3924566768603,6.30927036965357,7.66563944530046,3.6979969183359,0.155844155844156,3.65947611710324,0.150316455696203,4.93971217425126,3.38389731621937,0.142622950819672,1.4002333722287,0.0667903525046382,0.107049608355091,0.134328358208955,0.157303370786517,2.56709451575263,6.22325943212758,1.4780241151303,1.08907040062233,3.38389731621937,1.98366394399066,0.894593543368339,0.0,0.0,0.155581485803189,0.125,0.528947368421053,4.82699724517906,23.8,7.156748346946711,0.48421052631579,0.815217391304348,0.686666666666667,6.84558537534034,0.463157894736842,0.477272727272727,0.116686114352392,0.0078947368421052,0.333333333333333,1.0,0.0,0.544535200311163,0.0368421052631578,0.0714285714285714,0.0714285714285714,1.0,0.116686114352392,0.0,3,0.0
Jarace Walker,IND,3.14897052886556,2.0185708518369,2.31202251708886,0.20185708518369,2.54339927331449,114.937925510613,1.00120144173008,2.16259511413696,18.6112232539362,7.06499798142915,0.542857142857143,7.46871215179653,0.407608695652174,1.85708518368995,5.40976988292289,2.26079935405733,8.11465482438434,0.968914008881712,0.705263157894737,0.712765957446809,0.893333333333333,0.513888888888889,0.537890389972145,0.576388888888889,0.59254498714653,0.0807428340734759,16.9941775836972,4.60394049055086,8.16980376451742,3.32398878654385,0.16370808678501,4.04485382458951,0.189493433395872,1.00928542591845,0.645942672587808,0.0269360269360269,0.282599919257166,0.0135658914728682,0.0207207207207207,0.142857142857143,0.0344827586206896,4.44085587404118,10.6176826806621,2.70488494146145,1.73597093257973,2.78562777553492,1.37262817924909,0.40371417036738,0.0,0.0,0.20185708518369,0.0885416666666666,0.738888888888889,6.53028571428571,25.7794594594595,3.27008477997578,0.225,0.567901234567901,0.804347826086957,2.8663706096084,0.197222222222222,0.563380281690141,0.928542591844974,0.0638888888888888,0.391304347826087,0.555555555555556,0.0,1.85708518368995,0.127777777777778,0.41304347826087,0.422222222222222,1.0,5.61162696810658,0.402877697841727,138,0.405797101449275
Nikola Jović,MIA,2.57510729613734,1.24463519313305,1.76838473150744,0.0858369098712446,3.34763948497854,113.654096228869,0.563502384048548,1.64716081491114,21.2017167381974,7.21030042918455,0.55952380952381,9.01287553648069,0.371428571428571,3.09012875536481,5.23605150214592,2.83261802575107,9.52789699570815,0.515021459227468,0.648936170212766,0.685393258426966,0.948717948717949,0.555555555555556,0.546638756613757,0.558201058201058,0.592771084337349,0.429184549356223,18.3114880493446,3.88182014233341,6.67533593411357,2.60078023407022,0.112781954887218,3.68443866493281,0.144557823129252,1.11587982832618,0.343347639484979,0.0151515151515151,0.729613733905579,0.0295138888888888,0.0226449275362318,0.130434782608696,0.0168539325842696,5.62231759656652,13.5622317596567,3.30472103004292,2.31759656652361,3.73390557939914,1.75965665236052,0.343347639484979,0.128755364806867,0.0858369098712446,0.128755364806867,0.106796116504854,0.791005291005291,4.85178571428572,25.0109523809524,3.81974248927039,0.235449735449735,0.685393258426966,0.704918032786885,3.09012875536481,0.19047619047619,0.402777777777778,0.300429184549356,0.0185185185185185,0.571428571428571,0.5,0.0,3.43347639484979,0.211640211640212,0.475,0.475,1.0,5.5793991416309,0.307692307692308,130,0.307692307692308
Jonathan Kuminga,GSW,3.04198800342759,1.67095115681234,1.92513368983957,0.171379605826907,6.16966580976864,111.490815890645,0.897052541648868,1.62323793250748,30.8054841473865,17.866323907455,0.508393285371703,6.46958011996572,0.308724832214765,6.72664952870608,9.42587832047986,8.74035989717224,5.26992287917738,0.6426735218509,0.518867924528302,0.555555555555556,0.891304347826087,0.265845070422535,0.517958723021583,0.494718309859155,0.528676470588235,1.19965724078835,27.8871147419235,4.62032085561497,6.83468603161042,2.6911576249466,0.111111111111111,3.28919265271252,0.142329020332717,2.39931448157669,0.985432733504713,0.0415913200723327,1.37103684661525,0.05414551607445,0.048076923076923,0.104166666666667,0.0470588235294117,4.45586975149957,11.3967437874893,1.97086546700943,2.48500428449015,10.0685518423308,4.84147386461011,0.471293916023993,0.0,0.0,0.428449014567267,0.16865671641791,0.575704225352113,6.06043165467626,25.8251655629139,7.54070265638389,0.309859154929577,0.715909090909091,0.603174603174603,9.04027420736932,0.371478873239437,0.369668246445498,1.2853470437018,0.0528169014084507,0.266666666666667,0.25,0.0666666666666666,1.97086546700943,0.0809859154929577,0.282608695652174,0.288888888888889,0.923076923076923,4.4987146529563,0.314285714285714,103,0.320388349514563
Kenrich Williams,OKC,1.67814113597246,0.731497418244406,2.36610023661002,0.0,2.32358003442341,107.268817204301,0.43010752688172,1.8494623655914,18.7607573149742,7.87435456110155,0.573770491803279,7.35800344234079,0.388235294117647,1.20481927710843,5.42168674698795,3.6144578313253,8.5197934595525,0.0,0.6,0.65625,1.0,0.483050847457627,0.556279335260116,0.576271186440678,0.589189189189189,0.774526678141136,15.4806964420893,5.18391051839105,7.56989247311828,2.83870967741936,0.125237191650854,4.04301075268817,0.162629757785467,2.79690189328744,1.37693631669535,0.0631163708086785,1.37693631669535,0.053781512605042,0.058076225045372,0.0896551724137931,0.073170731707317,4.13080895008606,10.1118760757315,2.28055077452668,1.85025817555938,1.67814113597246,0.860585197934596,0.301204819277108,0.0,0.0,0.129087779690189,0.0544959128065395,0.771186440677966,5.51584699453552,25.7532544378698,4.38898450946644,0.288135593220339,0.686274509803922,0.585714285714286,2.49569707401033,0.163841807909605,0.448275862068966,0.989672977624785,0.0649717514124293,0.391304347826087,0.555555555555556,0.0,1.85025817555938,0.121468926553672,0.372093023255814,0.372093023255814,1.0,5.50774526678141,0.390625,127,0.393700787401575
Jonathan Isaac,ORL,1.53061224489796,0.695732838589982,2.07756232686981,0.139146567717996,3.66419294990724,110.202205882353,3.67647058823529,2.80330882352941,17.6252319109462,8.02411873840445,0.549132947976879,7.00371057513915,0.258278145695364,3.38589981447124,4.82374768089054,3.98886827458256,5.42671614100186,0.0,0.547368421052632,0.852459016393443,1.0,0.466049382716049,0.564274691358025,0.473765432098765,0.508021390374332,3.15398886827458,16.0792079207921,7.24838411819021,8.91544117647059,3.90625,0.163776493256262,4.04411764705882,0.216216216216216,5.56586270871985,3.15398886827458,0.125925925925926,2.17996289424861,0.0862385321100917,0.105990783410138,0.106741573033708,0.161290322580645,1.85528756957328,4.22077922077922,1.34508348794063,0.510204081632653,4.96289424860853,1.85528756957328,0.371057513914657,0.0,0.0,0.834879406307978,0.112359550561798,0.830246913580247,5.33526011560694,24.1933774834437,5.47309833024119,0.364197530864198,0.652542372881356,0.506493506493506,1.4378478664193,0.095679012345679,0.354838709677419,1.11317254174397,0.074074074074074,0.291666666666667,0.714285714285714,0.0,4.49907235621521,0.299382716049383,0.309278350515464,0.309278350515464,1.0,2.50463821892393,0.166666666666667,54,0.166666666666667
Oso Ighodaro,PHX,1.85802763220581,0.857551214864221,2.41706161137441,0.0476417341591233,2.2391615054788,112.116925978312,1.36727958510137,1.32013201320132,12.1486422105765,8.81372081943783,0.610810810810811,0.0952834683182467,0.0,1.38161029061458,9.24249642686994,1.52453549309195,0.0,0.0,0.858407079646018,0.923809523809524,0.0,0.0106951871657754,0.535285215053764,0.60427807486631,0.610047846889952,0.762267746545974,10.5892399658412,5.26066350710901,7.35502121640736,2.87600188590288,0.123481781376518,4.29042904290429,0.18019801980198,3.14435445450214,1.57217722725107,0.0718954248366013,1.57217722725107,0.0645792563600782,0.068041237113402,0.127906976744186,0.0921052631578947,3.38256312529776,7.90852787041448,2.2391615054788,1.14340161981896,2.38208670795617,1.04811815150071,0.28585040495474,0.0,0.0,0.28585040495474,0.108374384236453,0.449197860962567,5.99567567567568,44.4,3.90662220104812,0.438502673796791,0.804878048780488,0.818181818181818,4.66888994759409,0.524064171122995,0.448979591836735,0.238208670795617,0.0267379679144385,0.6,0.666666666666667,0.0,0.0,0.0,0.0,0.0,0.0,0.0952834683182467,0.0,1,0.0
Noah Clowney,BKN,2.20306513409962,1.00574712643678,2.53012048192771,0.14367816091954,3.9272030651341,118.816682832202,1.0184287099903,1.1639185257032,20.1149425287356,5.31609195402299,0.414414414414414,12.5,0.334615384615385,3.2088122605364,3.06513409961686,1.34099616858238,11.9252873563218,0.574712643678161,0.695652173913044,0.842105263157895,0.954022988505747,0.701612903225807,0.544986657681941,0.474462365591398,0.514705882352941,0.766283524904215,19.0037672666388,4.36144578313253,6.69253152279341,3.4917555771096,0.155172413793103,2.81280310378274,0.128888888888889,2.05938697318008,0.766283524904215,0.032719836400818,1.14942528735632,0.0418848167539267,0.0376647834274952,0.153846153846154,0.0397727272727272,1.91570881226054,4.93295019157088,0.814176245210728,1.10153256704981,3.8314176245210705,1.72413793103448,0.28735632183908,0.0478927203065134,0.0,0.239463601532567,0.0918114143920595,0.865591397849462,4.62792792792793,25.407662835249,2.92145593869732,0.163978494623656,0.573770491803279,0.685714285714286,2.20306513409962,0.123655913978495,0.217391304347826,0.191570881226054,0.010752688172043,0.25,0.0,0.0,3.30459770114943,0.185483870967742,0.347826086956522,0.358208955223881,1.0,9.19540229885057,0.328125,191,0.329842931937173
Zach Collins,CHI,2.9600394671929,1.52935372471633,3.25283390832923,0.0493339911198816,4.14405525407006,113.195470211718,1.42786804529788,1.42786804529788,20.0789343857918,9.66946225949679,0.61734693877551,5.22940305870745,0.30188679245283,3.40404538727183,9.76813024173656,2.17069560927479,4.73606314750863,0.0,0.818181818181818,0.933962264150943,1.0,0.350993377483444,0.561930564784053,0.559602649006623,0.603857566765579,1.48001973359645,17.0899698665519,7.0970921636274,9.15805022156573,5.31757754800591,0.215568862275449,3.15115706548498,0.132780082987552,5.03206709422792,3.25604341391219,0.130952380952381,1.72668968919586,0.0690335305719921,0.0999010880316518,0.177339901477833,0.153061224489796,5.47607301430686,12.7775037000493,3.65071534287124,1.82535767143562,3.84805130735076,1.72668968919586,0.394671928959053,0.0,0.0,0.394671928959053,0.106382978723404,0.758278145695364,4.06275510204082,25.3896226415094,6.06808090774544,0.407284768211921,0.707317073170732,0.804597701149425,3.30537740503207,0.221854304635762,0.477611940298507,0.29600394671929,0.0198675496688741,0.333333333333333,1.0,0.0,1.23334977799704,0.0827814569536423,0.28,0.28,1.0,3.9960532807104094,0.308641975308642,81,0.308641975308642
Trendon Watford,BKN,4.58057395143488,2.31788079470199,2.63085018000554,0.165562913907285,5.84988962472406,112.673707615342,0.667037242912729,1.50083379655364,24.8344370860927,14.4591611479029,0.515267175572519,4.85651214128035,0.333333333333333,5.13245033112583,5.4083885209713,9.49227373068433,4.63576158940397,0.165562913907285,0.362962962962963,0.376923076923077,0.96551724137931,0.251428571428571,0.528196264367816,0.51,0.556930693069307,0.551876379690949,23.4247234247234,4.43090556632512,6.83713173985548,3.50194552529183,0.159493670886076,2.72373540856031,0.107221006564551,2.04194260485651,1.1037527593819,0.0447427293064877,0.938189845474614,0.0392609699769053,0.0420454545454545,0.132450331125828,0.053763440860215,6.34657836644592,16.3907284768212,2.64900662251656,3.69757174392936,6.73289183222958,3.36644591611479,0.772626931567329,0.0,0.0,0.386313465783664,0.153652392947103,0.625714285714286,4.91145038167939,25.7420454545455,7.22958057395144,0.374285714285714,0.603053435114504,0.468354430379747,7.00883002207506,0.362857142857143,0.433070866141732,0.22075055187638,0.0114285714285714,0.25,0.0,0.25,1.32450331125828,0.0685714285714285,0.291666666666667,0.318181818181818,1.0,3.53200883002208,0.34375,63,0.349206349206349
Chris Boucher,TOR,1.6705069124424,0.806451612903226,1.95627157652474,0.172811059907834,3.97465437788018,116.091954022989,1.4367816091954,1.37931034482759,28.9170506912442,10.1958525345622,0.632768361581921,11.1175115207373,0.362694300518135,3.91705069124424,8.29493087557604,4.60829493087558,11.9239631336406,0.172811059907834,0.642857142857143,0.847058823529412,0.985714285714286,0.521621621621622,0.576283243243243,0.586486486486487,0.613970588235294,3.11059907834101,21.5483234714004,6.44418872266974,8.85057471264368,3.5632183908046,0.163588390501319,4.54022988505747,0.185011709601874,4.03225806451613,2.36175115207373,0.0879828326180257,1.49769585253456,0.0677083333333333,0.0788235294117647,0.1,0.0846560846560846,1.95852534562212,4.66589861751152,1.20967741935484,0.748847926267281,5.01152073732719,2.36175115207373,0.518433179723502,0.0576036866359447,0.0,0.288018433179724,0.104218362282878,0.843243243243243,4.05028248587571,24.8663212435233,6.85483870967742,0.321621621621622,0.722689075630252,0.616279069767442,2.30414746543779,0.108108108108108,0.45,1.03686635944701,0.0486486486486486,0.444444444444444,0.625,0.0,5.01152073732719,0.235135135135135,0.390804597701149,0.390804597701149,1.0,6.10599078341014,0.339622641509434,106,0.339622641509434
Zion Williamson,NOP,5.03637381085618,2.85394515948517,2.30272395394552,0.615556799104645,9.51315053161724,120.405862457723,1.52198421645998,2.08568207440812,41.2423055400112,27.700055959709,0.575757575757576,0.727476217123671,0.25,8.84163402350308,14.6614437604924,17.2355903749301,0.335758254057079,0.167879127028539,0.459649122807018,0.507751937984496,0.666666666666667,0.0255905511811023,0.54551442687747,0.56988188976378,0.603109656301146,3.02182428651371,33.476599808978,6.06571187868576,7.89177001127396,3.04396843291996,0.142480211081794,4.22773393461105,0.160599571734475,4.252937884723,3.07778399552322,0.10536398467433,1.11919418019026,0.0584795321637426,0.0868055555555555,0.0982658959537572,0.14018691588785,8.89759373251259,22.7196418578623,3.97313933967543,4.92445439283716,13.4862898712927,7.44264129826525,1.95858981533296,0.0,0.0,0.279798545047566,0.219471947194719,0.580708661417323,4.13232323232323,28.7307692307692,15.7806379406827,0.555118110236221,0.638297872340426,0.45,11.6396194739787,0.409448818897638,0.5,0.279798545047566,0.0098425196850393,0.2,1.0,0.0,0.0559597090095131,0.0019685039370078,0.0,0.0,0.0,0.671516508114158,0.25,11,0.272727272727273
Karlo Matković,NOP,2.62515262515263,1.22100122100122,3.23269289417505,0.061050061050061,2.44200244200244,117.001828153565,2.49847653869592,1.34064594759293,19.8412698412698,10.3174603174603,0.674556213017752,4.02930402930403,0.318181818181818,2.07570207570208,10.1343101343101,3.78510378510379,3.84615384615385,0.0,0.728070175438597,0.882978723404255,1.0,0.280851063829787,0.573388297872341,0.619148936170213,0.642292490118577,2.44200244200244,15.8628081457663,6.3738944800244,8.83607556368068,4.57038391224863,0.223880597014925,3.90006093845216,0.150943396226415,3.90720390720391,2.13675213675214,0.0909090909090909,1.70940170940171,0.0760869565217391,0.0836653386454183,0.18978102189781,0.104166666666667,2.80830280830281,6.77655677655678,1.64835164835165,1.15995115995116,2.68620268620269,1.28205128205128,0.488400488400488,0.0,0.0,0.305250305250305,0.0846774193548387,0.757446808510638,3.58402366863905,24.6227272727273,6.83760683760684,0.476595744680851,0.758928571428571,0.670588235294118,3.35775335775336,0.234042553191489,0.527272727272727,0.122100122100122,0.0085106382978723,0.0,0.0,0.0,2.1978021978022,0.153191489361702,0.361111111111111,0.371428571428571,1.0,1.83150183150183,0.266666666666667,30,0.266666666666667
Jaylin Williams,OKC,2.13675213675214,1.28205128205128,2.41960183767228,0.0,2.56410256410256,106.20774431469,1.78242163491088,1.35218192993239,16.971916971917,4.15140415140415,0.529411764705882,9.34065934065934,0.401315789473684,1.4041514041514,2.80830280830281,1.58730158730159,10.8058608058608,0.366300366300366,0.638888888888889,0.884615384615385,0.967213114754098,0.692307692307692,0.553730140186916,0.576923076923077,0.59656652360515,1.22100122100122,14.4864864864865,8.02450229709035,13.1530424093423,5.40872771972956,0.247887323943662,6.33066994468347,0.237327188940092,2.93040293040293,1.34310134310134,0.0666666666666666,1.52625152625153,0.057471264367816,0.061437908496732,0.259259259259259,0.0505050505050505,7.32600732600733,17.948717948718,4.02930402930403,3.2967032967033,1.83150183150183,0.732600732600733,0.244200244200244,0.0,0.0,0.244200244200244,0.0524017467248908,0.868778280542986,5.68970588235294,25.883660130719,2.38095238095238,0.176470588235294,0.641025641025641,0.56,1.34310134310134,0.0995475113122171,0.409090909090909,0.427350427350427,0.0316742081447963,0.285714285714286,0.5,0.0,1.4041514041514,0.104072398190045,0.608695652173913,0.608695652173913,1.0,7.93650793650794,0.361538461538462,129,0.364341085271318
Gui Santos,GSW,2.72373540856031,1.75097276264591,2.95262816353018,0.0,2.65888456549935,110.584415584416,0.649350649350649,1.62337662337662,14.7211413748379,4.92866407263294,0.631578947368421,6.67963683527886,0.333333333333333,1.88067444876783,4.92866407263294,1.2970168612192,6.42023346303502,0.194552529182879,0.791666666666667,0.904761904761905,0.970588235294118,0.575418994413408,0.547033136094675,0.553072625698324,0.576142131979695,0.778210116731518,12.9961935834693,5.58079169370539,6.49350649350649,3.18181818181818,0.130666666666667,3.05194805194805,0.136231884057971,4.66926070038911,1.75097276264591,0.0773638968481375,2.59403372243839,0.092378752886836,0.0856777493606138,0.13265306122449,0.0932203389830508,5.18806744487678,12.84046692607,2.72373540856031,2.46433203631647,2.72373540856031,1.03761348897536,0.389105058365759,0.0,0.0,0.518806744487678,0.0846560846560846,0.860335195530726,3.93157894736842,25.4843137254902,3.30739299610895,0.284916201117318,0.764705882352941,0.820512820512821,1.49156939040208,0.128491620111732,0.304347826086957,0.12970168612192,0.0111731843575419,1.0,0.5,0.0,2.33463035019455,0.201117318435754,0.416666666666667,0.441176470588235,0.933333333333333,4.34500648508431,0.283582089552239,66,0.287878787878788
Jabari Walker,POR,2.14782059380922,1.20025268477574,2.75490816972768,0.0,3.9166140240050495,110.539682539683,0.380952380952381,2.0952380952381,19.772583701832,9.91787744788377,0.573248407643312,4.54832596336071,0.394366197183099,3.0953885028427,7.07517372078332,4.29564118761845,5.30638029058749,0.0,0.622222222222222,0.8,1.0,0.314410480349345,0.576745833333333,0.576419213973799,0.601923076923077,2.52684775742262,16.074357572444,6.68144395186827,9.65079365079365,4.25396825396825,0.185082872928177,4.25396825396825,0.205521472392638,3.72710044219836,2.33733417561592,0.0946291560102301,1.20025268477574,0.0541310541310541,0.0754716981132075,0.204225352112676,0.110497237569061,2.40050536955148,5.68540745420089,1.51610865445357,0.884396715097915,4.48515476942514,2.27416298168035,0.568540745420089,0.0,0.0,0.252684775742262,0.140625,0.829694323144105,3.30955414012739,24.9041666666667,7.45420088439672,0.51528384279476,0.669491525423729,0.607594936708861,2.14782059380922,0.148471615720524,0.294117647058824,0.315855969677827,0.0218340611353711,0.2,0.0,0.0,2.21099178774479,0.152838427947598,0.485714285714286,0.5,1.0,2.33733417561592,0.297297297297297,36,0.305555555555556
Quinten Post,GSW,2.37580993520518,1.07991360691145,2.98883687432481,0.0719942404607631,1.65586753059755,112.031700288184,1.29682997118156,1.15273775216138,24.4780417566595,6.8394528437725,0.526315789473684,12.8869690424766,0.410112359550562,1.51187904967603,5.90352771778258,1.29589632829374,15.7667386609071,0.0,0.82,0.931818181818182,1.0,0.653284671532847,0.540488619402985,0.582116788321168,0.594405594405594,0.863930885529158,20.4749679075738,5.32949225783219,8.14121037463977,4.53890489913545,0.192073170731707,3.31412103746398,0.150326797385621,2.51979841612671,1.00791936645068,0.0522388059701492,1.51187904967603,0.0525,0.0523952095808383,0.232876712328767,0.0721649484536082,4.03167746580274,10.2951763858891,1.79985601151908,2.23182145428366,1.9438444924406,0.935925125989921,0.215982721382289,0.0,0.0,0.143988480921526,0.0457746478873239,0.843065693430657,4.90947368421053,25.6614525139665,3.74370050395968,0.18978102189781,0.5,0.730769230769231,2.59179265658747,0.131386861313869,0.555555555555556,0.503959683225342,0.0255474452554744,0.571428571428571,1.0,0.0,3.38372930165587,0.171532846715328,0.446808510638298,0.446808510638298,1.0,9.50323974082074,0.393939393939394,131,0.396946564885496
Sandro Mamukelashvili,SAS,1.84397163120567,1.34751773049645,2.12539851222104,0.0709219858156028,3.04964539007092,116.065109695683,1.20311394196745,1.55697098372258,27.1631205673759,8.43971631205674,0.672268907563025,11.4184397163121,0.375,3.04964539007092,7.65957446808511,3.68794326241135,12.7659574468085,0.0,0.675,0.794117647058824,1.0,0.575,0.567061172161172,0.607142857142857,0.625816993464052,1.70212765957447,20.6083178150217,6.62415869642225,8.84642604387827,3.82165605095541,0.178807947019868,4.6001415428167,0.183098591549296,4.39716312056738,1.56028368794326,0.0771929824561403,2.62411347517731,0.0976253298153034,0.0888554216867469,0.155555555555556,0.0551181102362204,3.40425531914894,8.43971631205674,1.77304964539007,1.63120567375887,4.11347517730497,2.05673758865248,0.425531914893617,0.0,0.0,0.212765957446809,0.0957095709570957,0.871428571428571,3.4453781512605,25.6093167701863,5.88652482269504,0.296428571428571,0.759036144578313,0.682539682539683,2.34042553191489,0.117857142857143,0.484848484848485,0.212765957446809,0.0107142857142857,0.333333333333333,0.0,0.0,2.4113475177305,0.121428571428571,0.264705882352941,0.264705882352941,1.0,9.00709219858156,0.401574803149606,126,0.404761904761905
Maxi Kleber,DAL,1.76515732924022,1.07444359171144,2.52679938744257,0.076745970836531,2.2256331542594,116.271963330787,1.2987012987013,0.687547746371276,7.9048349961627,3.60706062931696,0.51063829787234,3.76055257099002,0.26530612244898,1.2279355333845,3.06983883346124,0.613967766692249,2.76285495011512,0.230237912509593,0.833333333333333,0.952380952380952,0.923076923076923,0.510416666666667,0.526884895833333,0.453125,0.485849056603774,0.460475825019187,8.8659793814433,3.63705972434916,5.3475935828877,2.5974025974026,0.107936507936508,2.44461420932009,0.105263157894737,1.91864927091328,1.38142747505756,0.0594059405940594,0.306983883346124,0.014388489208633,0.0378657487091222,0.100917431192661,0.0727272727272727,3.30007674597084,8.36531082118189,1.53491941673062,1.76515732924022,1.61166538756715,0.69071373752878,0.076745970836531,0.0,0.0,0.153491941673062,0.0865384615384615,0.75,6.55531914893617,24.8142857142857,1.76515732924022,0.239583333333333,0.565217391304348,0.769230769230769,1.15118956254797,0.15625,0.333333333333333,0.69071373752878,0.09375,0.666666666666667,0.833333333333333,0.111111111111111,1.30468150422103,0.177083333333333,0.235294117647059,0.235294117647059,1.0,2.45587106676899,0.28125,32,0.28125
Zeke Nnaji,DEN,1.12540192926045,0.723472668810289,2.46717071229606,0.0,3.05466237942122,110.953506698188,2.99448384554768,1.97005516154452,14.7909967845659,7.15434083601286,0.595505617977528,4.18006430868167,0.326923076923077,2.17041800643087,6.7524115755627,1.76848874598071,3.85852090032154,0.241157556270096,0.792452830188679,0.933333333333333,0.941176470588235,0.368794326241135,0.576974822695035,0.556737588652482,0.567901234567901,1.28617363344051,12.4293785310734,3.58137684042977,4.49172576832151,1.6548463356974,0.0621301775147929,2.36406619385343,0.0986842105263157,2.65273311897106,2.0096463022508,0.0793650793650793,0.643086816720257,0.0308880308880308,0.0574912891986062,0.0423728813559322,0.09009009009009,1.84887459807074,4.5016077170418,1.04501607717042,0.803858520900322,3.53697749196142,1.68810289389068,0.160771704180064,0.0,0.0,0.160771704180064,0.13125,0.865248226950355,3.7629213483146096,24.4365384615385,5.62700964630225,0.49645390070922,0.671428571428571,0.787234042553192,1.04501607717042,0.0921985815602836,0.230769230769231,0.482315112540193,0.0425531914893617,0.5,0.666666666666667,0.0,2.2508038585209,0.198581560283688,0.321428571428571,0.321428571428571,1.0,1.92926045016077,0.333333333333333,24,0.333333333333333
Olivier-Maxence Prosper,DAL,1.15321252059308,0.247116968698517,1.1470708725932,0.0823723228995057,4.36573311367381,112.632436837816,0.488997555012225,2.11898940505297,16.5568369028007,10.1317957166392,0.471544715447155,4.20098846787479,0.235294117647059,4.03624382207578,6.09555189456343,3.45963756177924,2.96540362438221,0.0,0.637931034482759,0.69811320754717,1.0,0.293103448275862,0.576350862068966,0.436781609195402,0.480861244019139,0.823723228995058,16.3850110213079,5.1618189266694,6.68296658516707,3.9119804400978,0.154340836012862,2.11898940505297,0.105263157894737,3.62438220757825,1.31795716639209,0.0544217687074829,2.22405271828666,0.0971223021582733,0.0751748251748251,0.128205128205128,0.0666666666666666,3.29489291598023,8.23723228995058,1.64744645799012,1.64744645799012,6.26029654036244,3.04777594728171,0.494233937397035,0.0,0.0,0.329489291598023,0.180487804878049,0.718390804597701,4.67317073170732,24.0450980392157,6.09555189456343,0.425287356321839,0.608108108108108,0.666666666666667,3.13014827018122,0.218390804597701,0.289473684210526,0.906095551894564,0.0632183908045977,0.181818181818182,1.0,0.0,2.8830313014827,0.201149425287356,0.257142857142857,0.257142857142857,1.0,1.31795716639209,0.1875,16,0.1875
Jarred Vanderbilt,LAL,2.45554614733277,1.35478408128704,2.84018651971174,0.0846740050804403,3.30228619813717,116.213921901528,0.848896434634975,2.97113752122241,12.4470787468247,7.53598645215919,0.561797752808989,2.70956816257409,0.290322580645161,1.69348010160881,5.92718035563082,2.54022015241321,2.28619813717189,0.0,0.7,0.945945945945946,1.0,0.264462809917355,0.618712083333333,0.524793388429752,0.540441176470588,2.20152413209145,12.0879120879121,7.71513353115727,9.67741935483871,3.56536502546689,0.177215189873418,5.43293718166384,0.209150326797386,5.75783234546994,2.62489415749365,0.130801687763713,2.87891617273497,0.113333333333333,0.121042830540037,0.148936170212766,0.147727272727273,3.47163420829805,8.46740050804403,1.94750211685013,1.52413209144793,3.04826418289585,1.18543607112616,0.169348010160881,0.0,0.0,0.254022015241321,0.105263157894737,0.909090909090909,2.09775280898876,25.24375,6.60457239627434,0.644628099173554,0.615384615384615,0.6875,0.931414055884843,0.0909090909090909,0.181818181818182,0.0,0.0,0.0,0.0,0.0,2.20152413209145,0.214876033057851,0.346153846153846,0.346153846153846,1.0,0.508044030482642,0.0,5,0.0
Richaun Holmes,WAS,1.91605839416058,0.821167883211679,2.24461749885479,0.0912408759124087,4.83576642335766,117.571297148114,2.11591536338546,0.827966881324747,20.985401459854,12.4087591240876,0.661764705882353,0.273722627737226,0.0,4.56204379562044,10.4014598540146,6.02189781021898,0.0,0.0,0.633333333333333,0.863636363636364,0.0,0.0215827338129496,0.578060431654676,0.647482014388489,0.692771084337349,4.37956204379562,14.8207171314741,8.10810810810811,10.5795768169273,5.88776448942042,0.222222222222222,4.41582336706532,0.206008583690987,5.65693430656934,4.47080291970803,0.199186991869919,1.18613138686131,0.049618320610687,0.122047244094488,0.197916666666667,0.197530864197531,3.83211678832117,9.58029197080292,1.91605839416058,1.91605839416058,5.47445255474453,3.01094890510949,0.72992700729927,0.0,0.0,0.182481751824818,0.201219512195122,0.726618705035971,3.14264705882353,24.3,8.94160583941606,0.705035971223022,0.744897959183674,0.616438356164384,3.37591240875912,0.266187050359712,0.45945945945946,0.0912408759124087,0.0071942446043165,0.0,0.0,0.0,0.182481751824818,0.014388489208633,0.0,0.0,0.0,0.0912408759124087,0.0,1,0.0
Mouhamed Gueye,ATL,1.34168157423971,0.536672629695886,2.45864997764864,0.0,2.68336314847943,108.40035746202,2.94906166219839,2.50223413762288,17.6207513416816,8.05008944543828,0.566666666666667,7.245080500894449,0.259259259259259,2.86225402504472,7.5134168157424,1.61001788908766,5.6350626118068,0.0,0.823529411764706,0.91304347826087,1.0,0.473684210526316,0.607455654761905,0.482456140350877,0.521164021164021,0.894454382826476,15.9250585480094,6.16897630755476,8.48972296693476,3.57462019660411,0.15625,4.46827524575514,0.204081632653061,3.84615384615385,1.43112701252236,0.0617760617760617,2.32558139534884,0.0945454545454545,0.0786516853932584,0.086021505376344,0.0980392156862745,2.41502683363149,5.81395348837209,1.43112701252236,0.983899821109123,3.7567084078712,1.78890876565295,0.268336314847943,0.0894454382826475,0.0,0.0,0.111111111111111,0.830409356725146,3.55888888888889,24.15375,5.4561717352415,0.35672514619883,0.639344262295082,0.820512820512821,2.23613595706619,0.146198830409357,0.4,0.35778175313059,0.023391812865497,0.5,1.0,0.0,4.29338103756708,0.280701754385965,0.25,0.25,1.0,2.95169946332737,0.272727272727273,33,0.272727272727273
Grant Williams,CHA,2.87179487179487,1.33333333333333,2.35414534288639,0.0,4.41025641025641,115.730337078652,1.32788559754852,1.83861082737487,17.025641025641,5.02564102564103,0.551020408163265,7.58974358974359,0.364864864864865,3.17948717948718,4.51282051282051,1.02564102564103,8.30769230769231,0.0,0.814814814814815,0.88,1.0,0.601626016260163,0.540015853658537,0.548780487804878,0.588652482269504,0.41025641025641,14.9557522123894,4.19651995905834,6.53728294177732,3.98365679264556,0.183098591549296,2.55362614913177,0.109170305676856,1.84615384615385,0.512820512820513,0.0236966824644549,1.23076923076923,0.0434782608695652,0.0349075975359342,0.226415094339623,0.0219780219780219,3.7948717948717903,10.0512820512821,1.33333333333333,2.46153846153846,3.7948717948717903,1.33333333333333,0.102564102564103,0.0,0.0,0.615384615384615,0.0962962962962963,0.796747967479675,6.10204081632653,25.6783783783784,2.46153846153846,0.195121951219512,0.708333333333333,0.823529411764706,2.05128205128205,0.16260162601626,0.45,0.512820512820513,0.040650406504065,0.2,1.0,0.0,1.64102564102564,0.130081300813008,0.3125,0.3125,1.0,5.94871794871795,0.379310344827586,58,0.379310344827586
Larry Nance Jr.,ATL,1.63098878695209,0.91743119266055,1.88008130081301,0.0,2.54841997961264,119.554204660588,1.31712259371834,2.02634245187437,20.6931702344546,8.05300713557594,0.582278481012658,7.74719673802243,0.45945945945946,0.91743119266055,7.95107033639144,1.42711518858308,10.0917431192661,0.305810397553517,0.847826086956522,0.951219512195122,0.970588235294118,0.490322580645161,0.559092483660131,0.625806451612903,0.630434782608696,1.01936799184506,16.1349134001823,5.23373983739837,8.10536980749747,3.34346504559271,0.163366336633663,4.15400202634245,0.179039301310044,2.34454638124363,1.42711518858308,0.0663507109004739,0.91743119266055,0.0362903225806451,0.0501089324618736,0.153846153846154,0.054054054054054,3.87359836901121,9.68399592252803,1.93679918450561,1.93679918450561,1.32517838939857,0.509683995922528,0.101936799184506,0.0,0.0,0.203873598369011,0.0314465408805031,0.8,4.51898734177215,25.8697368421053,4.89296636085627,0.309677419354839,0.6875,0.787878787878788,2.65035677879715,0.167741935483871,0.384615384615385,0.509683995922528,0.032258064516129,0.6,1.0,0.2,2.85423037716616,0.180645161290323,0.464285714285714,0.464285714285714,1.0,4.89296636085627,0.4375,46,0.456521739130435
GG Jackson,MEM,3.24947589098533,1.46750524109015,1.56903765690377,0.10482180293501,3.35429769392034,122.025052192067,0.521920668058455,1.25260960334029,21.9077568134172,10.9014675052411,0.403846153846154,9.958071278826,0.336842105263158,3.0398322851153,4.19287211740042,4.61215932914046,9.43396226415094,0.628930817610063,0.476190476190476,0.526315789473684,0.9375,0.477386934673367,0.558204271356784,0.452261306532663,0.481566820276498,0.838574423480084,22.4231464737794,4.81171548117155,6.78496868475992,2.92275574112735,0.112449799196787,3.13152400835073,0.137614678899083,2.83018867924528,1.46750524109015,0.0576131687242798,1.25786163522013,0.0555555555555555,0.0566448801742919,0.0757575757575757,0.04,3.0398322851153,7.44234800838574,1.67714884696017,1.36268343815514,4.19287211740042,1.88679245283019,0.419287211740042,0.0,0.0,0.419287211740042,0.0845070422535211,0.758793969849246,4.50865384615385,25.6578947368421,5.87002096436059,0.281407035175879,0.482142857142857,0.444444444444444,4.61215932914046,0.221105527638191,0.295454545454545,0.419287211740042,0.0201005025125628,0.5,0.5,0.0,2.83018867924528,0.135678391959799,0.296296296296296,0.296296296296296,1.0,7.12788259958071,0.352941176470588,68,0.352941176470588
Bol Bol,PHX,2.13903743315508,1.60427807486631,1.07009095773141,0.0,1.92513368983957,119.164882226981,2.67665952890792,0.963597430406852,26.096256684492,9.62566844919786,0.711111111111111,9.94652406417112,0.344086021505376,2.13903743315508,11.5508021390374,2.13903743315508,10.2673796791444,0.0,0.84375,0.947368421052632,1.0,0.508196721311475,0.518842076502732,0.612021857923497,0.625641025641026,1.49732620320856,20.9143968871595,5.56447298020332,8.99357601713062,3.10492505353319,0.138755980861244,5.0321199143469,0.185770750988142,2.13903743315508,0.53475935828877,0.0259067357512953,1.60427807486631,0.0717703349282296,0.0497512437810945,0.123076923076923,0.0714285714285714,2.35294117647059,5.77540106951872,1.28342245989305,1.06951871657754,2.7807486631016,1.17647058823529,0.213903743315508,0.0,0.0,0.320855614973262,0.0572916666666666,0.622950819672131,9.63444444444444,24.610752688172,2.24598930481283,0.114754098360656,0.80952380952381,0.705882352941177,4.70588235294118,0.240437158469945,0.727272727272727,2.67379679144385,0.136612021857924,0.6,1.0,0.0,5.45454545454545,0.278688524590164,0.352941176470588,0.352941176470588,1.0,4.49197860962567,0.333333333333333,42,0.333333333333333
David Roddy,HOU,2.53164556962025,1.95627157652474,1.14613180515759,0.0,2.30149597238205,116.780821917808,1.02739726027397,1.59817351598174,17.6064441887227,7.36478711162255,0.59375,7.01956271576525,0.311475409836066,2.30149597238205,6.44418872266974,2.30149597238205,5.52359033371692,1.03567318757192,0.736842105263158,0.736842105263158,0.842105263157895,0.488,0.540965853658537,0.532,0.558394160583942,0.0,16.49377593361,4.81375358166189,8.10502283105023,2.85388127853881,0.135869565217391,4.79452054794521,0.214285714285714,1.49597238204833,0.805523590333717,0.0374331550802139,0.575373993095512,0.0236966824644549,0.0301507537688442,0.131578947368421,0.0606060606060606,4.02761795166858,9.5512082853855,2.53164556962025,1.49597238204833,2.99194476409666,1.26582278481013,0.230149597238205,0.0,0.0,0.345224395857307,0.0820895522388059,0.736,4.7140625,25.8327868852459,3.56731875719218,0.248,0.645161290322581,0.75,3.68239355581128,0.256,0.5625,0.115074798619102,0.008,0.0,0.0,0.0,1.95627157652474,0.136,0.411764705882353,0.4375,0.857142857142857,5.06329113924051,0.272727272727273,44,0.272727272727273
Jordan Walsh,BOS,2.12234706616729,1.24843945068664,1.87265917602996,0.0,1.87265917602996,111.485642946317,1.37328339575531,1.49812734082397,10.2372034956305,3.4956304619226,0.535714285714286,6.86641697877653,0.272727272727273,0.873907615480649,1.7478152309613,1.99750312109863,5.61797752808989,0.0,0.466666666666667,0.636363636363636,1.0,0.662650602409639,0.551768674698795,0.451807228915663,0.465909090909091,0.998751560549313,11.3513513513514,4.30711610486891,5.74282147315855,3.1210986267166,0.125,2.49687890137328,0.116279069767442,2.87141073657928,0.873907615480649,0.056,1.87265917602996,0.0604838709677419,0.0589812332439678,0.081081081081081,0.0222222222222222,2.37203495630462,6.24219725343321,0.873907615480649,1.49812734082397,1.49812734082397,0.749063670411985,0.249687890137328,0.0,0.0,0.124843945068664,0.0689655172413793,0.879518072289157,3.03928571428571,25.1545454545455,2.24719101123596,0.216867469879518,0.666666666666667,0.416666666666667,1.24843945068664,0.120481927710843,0.3,0.0,0.0,0.0,0.0,0.0,2.99625468164794,0.289156626506024,0.25,0.25,1.0,3.87016229712859,0.290322580645161,31,0.290322580645161
Hunter Tyson,DEN,1.67464114832536,0.83732057416268,2.5989367985824,0.0,2.15311004784689,111.085180863477,0.700116686114352,1.16686114352392,16.0287081339713,5.50239234449761,0.478260869565217,8.85167464114833,0.310810810810811,2.51196172248804,3.58851674641148,1.67464114832536,7.53588516746412,0.717703349282297,0.681818181818182,0.789473684210526,0.91304347826087,0.616666666666667,0.53780375,0.470833333333333,0.503759398496241,0.717703349282297,15.2489626556017,4.60720614294152,6.18436406067678,3.73395565927655,0.180790960451977,1.75029171528588,0.0704225352112676,2.99043062200957,0.83732057416268,0.0338164251207729,1.67464114832536,0.0657276995305164,0.05,0.270833333333333,0.0307692307692307,2.39234449760766,5.86124401913876,1.31578947368421,1.07655502392345,3.34928229665072,1.55502392344498,0.239234449760766,0.0,0.0,0.239234449760766,0.099236641221374,0.833333333333333,5.26086956521739,25.272972972973,3.11004784688995,0.216666666666667,0.653846153846154,0.647058823529412,1.67464114832536,0.116666666666667,0.214285714285714,0.717703349282297,0.05,0.333333333333333,0.5,0.0,2.7511961722488,0.191666666666667,0.260869565217391,0.260869565217391,0.833333333333333,6.10047846889952,0.333333333333333,51,0.333333333333333
Anthony Gill,WAS,1.22549019607843,0.612745098039216,1.82815356489945,0.0,4.5343137254902,112.0,0.242424242424242,1.09090909090909,15.8088235294118,6.98529411764706,0.578947368421053,3.79901960784314,0.32258064516129,4.04411764705882,4.90196078431373,3.18627450980392,3.67647058823529,0.0,0.606060606060606,0.689655172413793,1.0,0.352272727272727,0.520794318181818,0.545454545454545,0.591743119266055,0.980392156862745,12.7545551982851,4.02193784277879,5.81818181818182,2.06060606060606,0.0982658959537572,3.51515151515152,0.128318584070796,2.20588235294118,1.10294117647059,0.0443349753694581,1.10294117647059,0.0473684210526315,0.0458015267175572,0.125,0.087719298245614,1.96078431372549,4.65686274509804,1.22549019607843,0.735294117647059,6.12745098039216,2.57352941176471,0.490196078431373,0.0,0.0,0.490196078431373,0.2,0.704545454545455,4.57543859649123,25.0032258064516,3.79901960784314,0.352272727272727,0.612903225806452,0.631578947368421,2.94117647058824,0.272727272727273,0.583333333333333,0.245098039215686,0.0227272727272727,0.0,0.0,0.5,1.59313725490196,0.147727272727273,0.307692307692308,0.307692307692308,1.0,2.20588235294118,0.333333333333333,18,0.333333333333333
Jeff Green,HOU,1.10837438423645,0.246305418719212,1.97165742452249,0.0,2.21674876847291,119.112207151665,0.493218249075216,0.739827373612824,21.1822660098522,5.17241379310345,0.761904761904762,9.72906403940887,0.367088607594937,2.58620689655172,4.1871921182266,3.69458128078818,10.3448275862069,0.369458128078818,0.53125,0.566666666666667,0.96551724137931,0.652892561983471,0.540026446280992,0.62396694214876,0.651515151515152,0.492610837438424,14.7643979057592,3.57362908194701,5.795314426633791,2.95930949445129,0.110091743119266,2.71270036991369,0.119565217391304,1.35467980295567,0.492610837438424,0.0212765957446808,0.738916256157636,0.0257510729613733,0.0237529691211401,0.0958904109589041,0.0169491525423728,2.46305418719212,6.1576354679803,1.23152709359606,1.23152709359606,3.20197044334975,1.60098522167488,0.246305418719212,0.0,0.0,0.0,0.0984848484848484,0.793388429752066,7.13571428571429,24.5481012658228,2.0935960591133,0.140495867768595,0.764705882352941,0.692307692307692,2.21674876847291,0.148760330578512,0.722222222222222,0.862068965517241,0.0578512396694214,0.857142857142857,0.666666666666667,0.0,5.29556650246305,0.355371900826446,0.372093023255814,0.372093023255814,1.0,4.43349753694581,0.361111111111111,36,0.361111111111111
Dominick Barlow,ATL,0.628140703517588,0.251256281407035,2.94486215538847,0.0,3.64321608040201,113.625,2.0,1.125,18.3417085427136,10.678391959799,0.611764705882353,3.39195979899498,0.259259259259259,2.63819095477387,9.54773869346734,3.51758793969849,2.63819095477387,0.0,0.730769230769231,0.863636363636364,1.0,0.241071428571429,0.586401376146789,0.558035714285714,0.584,2.01005025125628,14.4766146993318,5.32581453634085,6.25,3.5,0.156424581005587,2.625,0.139072847682119,4.39698492462312,2.38693467336683,0.111111111111111,2.01005025125628,0.0869565217391304,0.0985915492957746,0.161290322580645,0.0892857142857142,2.38693467336683,5.77889447236181,1.38190954773869,1.00502512562814,4.14572864321608,2.01005025125628,0.879396984924623,0.0,0.0,0.50251256281407,0.132231404958678,0.696428571428571,4.81647058823529,23.7307692307692,6.4070351758794,0.455357142857143,0.725490196078431,0.72972972972973,3.39195979899498,0.241071428571429,0.518518518518519,0.879396984924623,0.0625,0.142857142857143,1.0,0.0,2.51256281407035,0.178571428571429,0.2,0.2,1.0,0.879396984924623,0.428571428571429,7,0.428571428571429
Isaac Jones,SAC,2.52764612954186,1.57977883096367,2.36220472440945,0.0,4.739336492891,117.111459968603,1.56985871271586,0.784929356357928,21.1690363349131,11.8483412322275,0.68,1.26382306477093,0.375,3.63349131121643,12.3222748815166,3.7914691943128,1.4218009478673,0.0,0.764705882352941,0.886363636363636,1.0,0.0963855421686747,0.563020481927711,0.668674698795181,0.683673469387755,2.21169036334913,15.7241379310345,4.48818897637795,5.4945054945055,3.2967032967033,0.16030534351145,2.04081632653061,0.0970149253731343,3.47551342812006,1.73775671406003,0.0683229813664596,1.57977883096367,0.078125,0.0726643598615917,0.166666666666667,0.0666666666666666,1.8957345971564,4.89731437598736,0.789889415481833,1.10584518167457,5.68720379146919,3.00157977883096,0.947867298578199,0.0,0.0,0.315955766192733,0.197916666666667,0.63855421686747,3.25066666666667,23.675,7.10900473933649,0.542168674698795,0.755555555555556,0.823529411764706,4.739336492891,0.36144578313253,0.566666666666667,0.0,0.0,0.0,0.0,0.0,0.947867298578199,0.072289156626506,0.5,0.6,1.0,0.315955766192733,0.0,2,0.0
Kobe Brown,LAC,2.18978102189781,0.547445255474453,2.10045662100457,0.182481751824818,2.00729927007299,117.184643510055,0.914076782449726,1.27970749542962,14.051094890511,8.39416058394161,0.586956521739131,4.74452554744526,0.230769230769231,0.912408759124088,5.47445255474453,4.37956204379562,3.28467153284672,0.0,0.555555555555556,0.789473684210526,1.0,0.361111111111111,0.548255555555556,0.5,0.52027027027027,2.91970802919708,13.6507936507937,5.93607305936073,8.40950639853748,3.10786106032907,0.161904761904762,4.38756855575868,0.180451127819549,3.46715328467153,1.27737226277372,0.0551181102362204,2.18978102189781,0.09375,0.0745098039215686,0.178571428571429,0.0517241379310344,4.37956204379562,9.85401459854015,3.28467153284672,1.09489051094891,1.27737226277372,0.72992700729927,0.547445255474453,0.0,0.0,0.182481751824818,0.0547945205479452,0.805555555555556,3.63260869565217,25.6269230769231,5.83941605839416,0.444444444444444,0.625,0.55,2.37226277372263,0.180555555555556,0.538461538461538,0.182481751824818,0.0138888888888888,0.0,0.0,0.0,1.09489051094891,0.0833333333333333,0.5,0.5,1.0,3.6496350364963503,0.15,20,0.15
Marvin Bagley III,MEM,2.14669051878354,1.43112701252236,1.60427807486631,0.0,4.65116279069768,111.545293072824,1.42095914742451,1.59857904085258,24.3291592128801,15.5635062611807,0.597701149425287,3.39892665474061,0.157894736842105,4.11449016100179,10.0178890876565,8.58676207513417,1.61001788908766,0.0,0.538461538461538,0.756756756756757,1.0,0.179245283018868,0.594005188679245,0.533018867924528,0.557377049180328,5.36672629695886,20.4580152671756,7.4866310160427805,8.17051509769094,4.4404973357016,0.203252032520325,3.01953818827709,0.118055555555556,6.79785330948122,3.9355992844364898,0.156028368794326,2.86225402504472,0.114285714285714,0.135231316725979,0.176470588235294,0.288888888888889,1.96779964221825,4.83005366726297,1.07334525939177,0.894454382826476,6.26118067978533,3.04114490161002,0.536672629695886,0.0,0.0,0.35778175313059,0.141666666666667,0.735849056603774,3.62988505747126,25.5789473684211,10.5545617173524,0.556603773584906,0.711864406779661,0.452380952380952,4.65116279069768,0.245283018867925,0.346153846153846,0.35778175313059,0.0188679245283018,0.5,1.0,0.0,1.07334525939177,0.0566037735849056,0.166666666666667,0.166666666666667,1.0,2.32558139534884,0.153846153846154,13,0.153846153846154
Drew Timme,BKN,2.88461538461538,1.92307692307692,2.01149425287356,0.0,4.23076923076923,116.793893129771,0.190839694656489,0.763358778625954,20.9615384615385,12.8846153846154,0.537313432835821,6.73076923076923,0.264705882352941,1.92307692307692,9.61538461538462,4.23076923076923,5.19230769230769,0.0,0.694444444444444,0.806451612903226,1.0,0.343137254901961,0.535694059405941,0.485294117647059,0.50462962962963,1.92307692307692,21.1703958691911,6.22605363984674,9.16030534351145,3.05343511450382,0.173913043478261,4.9618320610687,0.206349206349206,3.26923076923077,1.73076923076923,0.079646017699115,1.53846153846154,0.0555555555555555,0.0661478599221789,0.1875,0.081967213114754,3.84615384615385,10.0,1.53846153846154,2.30769230769231,3.07692307692308,1.92307692307692,0.769230769230769,0.0,0.0,0.0,0.0925925925925925,0.696078431372549,5.1,26.3714285714286,6.92307692307692,0.352941176470588,0.583333333333333,0.571428571428571,5.76923076923077,0.294117647058824,0.466666666666667,0.192307692307692,0.0098039215686274,1.0,1.0,0.0,1.15384615384615,0.0588235294117647,0.333333333333333,0.333333333333333,1.0,5.57692307692308,0.241379310344828,28,0.25
Kevin Love,MIA,2.67175572519084,2.29007633587786,1.99240986717268,0.0,4.19847328244275,115.471698113208,0.754716981132076,2.83018867924528,23.2824427480916,9.16030534351145,0.354166666666667,12.7862595419847,0.363636363636364,3.05343511450382,3.05343511450382,3.43511450381679,12.5954198473282,1.14503816793893,0.470588235294118,0.666666666666667,0.916666666666667,0.582608695652174,0.54642850877193,0.460869565217391,0.484126984126984,1.90839694656489,23.6886632825719,8.91840607210626,13.5849056603774,7.35849056603774,0.312,5.84905660377359,0.271929824561404,4.19847328244275,3.62595419847328,0.154471544715447,0.572519083969466,0.0217391304347826,0.0842911877394636,0.2,0.17741935483871,4.19847328244275,9.35114503816794,3.24427480916031,0.954198473282443,4.38931297709924,1.52671755725191,0.190839694656489,0.0,0.0,0.763358778625954,0.0655737704918032,0.817391304347826,5.15208333333333,25.989552238806,5.15267175572519,0.234782608695652,0.407407407407407,0.363636363636364,3.05343511450382,0.139130434782609,0.3125,0.954198473282443,0.0434782608695652,0.2,1.0,0.2,2.67175572519084,0.121739130434783,0.357142857142857,0.357142857142857,1.0,10.1145038167939,0.358490566037736,52,0.365384615384615
JT Thor,WAS,1.77165354330709,0.984251968503937,1.68650793650794,0.0,2.95275590551181,117.4,1.8,1.6,13.9763779527559,7.48031496062992,0.5,4.13385826771654,0.285714285714286,2.95275590551181,4.7244094488189,2.75590551181102,3.54330708661417,0.0,0.631578947368421,0.8,1.0,0.355932203389831,0.534432203389831,0.474576271186441,0.507142857142857,1.5748031496063,13.7152777777778,4.76190476190476,5.6,2.0,0.0826446280991735,3.2,0.116788321167883,3.93700787401575,1.37795275590551,0.056,2.55905511811024,0.0984848484848484,0.0778210116731517,0.0769230769230769,0.0789473684210526,1.18110236220472,3.34645669291339,0.196850393700787,0.984251968503937,4.33070866141732,2.16535433070866,0.0,0.0,0.0,0.0,0.157142857142857,0.644067796610169,6.92894736842105,24.3952380952381,3.34645669291339,0.288135593220339,0.705882352941177,0.666666666666667,2.75590551181102,0.23728813559322,0.285714285714286,1.37795275590551,0.11864406779661,0.428571428571429,0.666666666666667,0.285714285714286,2.16535433070866,0.186440677966102,0.0909090909090909,0.0909090909090909,1.0,1.96850393700787,0.5,10,0.5
Alex Reese,PHI,1.3129102844639,1.09409190371991,2.29257641921397,0.0,2.18818380743982,115.468409586057,2.17864923747277,2.17864923747277,16.6301969365427,2.84463894967177,0.846153846153846,8.97155361050328,0.375,1.96936542669584,3.06345733041576,1.75054704595186,9.84682713347921,0.0,0.636363636363636,1.0,1.0,0.759259259259259,0.558267924528302,0.62037037037037,0.644067796610169,1.75054704595186,12.7450980392157,5.13100436681223,8.27886710239651,3.7037037037037,0.153153153153153,3.92156862745098,0.165137614678899,1.96936542669584,0.218818380743983,0.0117647058823529,1.75054704595186,0.0701754385964912,0.0452261306532663,0.173076923076923,0.0,0.87527352297593,1.96936542669584,0.656455142231948,0.218818380743983,2.62582056892779,1.3129102844639,0.437636761487965,0.0,0.0,0.218818380743983,0.103448275862069,0.925925925925926,3.76153846153846,25.490243902439,1.96936542669584,0.166666666666667,1.0,0.555555555555556,0.656455142231948,0.0555555555555555,0.333333333333333,0.218818380743983,0.0185185185185185,1.0,1.0,0.0,3.28227571115974,0.277777777777778,0.2,0.2,1.0,5.68927789934355,0.461538461538462,25,0.48
Chuma Okeke,CLE,0.757575757575758,0.252525252525253,0.6265664160401,0.0,1.76767676767677,123.63184079602,0.995024875621891,1.24378109452736,13.3838383838384,3.03030303030303,0.75,7.07070707070707,0.392857142857143,0.505050505050505,2.02020202020202,2.52525252525253,8.33333333333333,0.0,0.444444444444444,1.0,1.0,0.7,0.604295,0.6375,0.646341463414634,2.52525252525253,9.54446854663774,5.88972431077694,6.46766169154229,3.48258706467662,0.164705882352941,2.7363184079602,0.123595505617978,5.3030303030303,1.51515151515152,0.0674157303370786,3.78787878787879,0.138888888888889,0.106598984771574,0.0888888888888888,0.0454545454545454,3.78787878787879,9.34343434343434,2.02020202020202,1.76767676767677,0.757575757575758,0.0,0.0,0.252525252525253,0.0,0.0,0.024390243902439,1.0,0.941666666666667,24.8,3.03030303030303,0.3,0.75,0.444444444444444,0.0,0.0,0.0,0.0,0.0,0.0,0.0,0.0,3.28282828282828,0.325,0.461538461538462,0.461538461538462,1.0,3.78787878787879,0.333333333333333,15,0.333333333333333
Drew Peterson,BOS,2.1505376344086,1.61290322580645,2.43243243243243,0.0,1.88172043010753,105.434782608696,0.543478260869565,1.35869565217391,14.5161290322581,2.1505376344086,0.5,8.87096774193548,0.393939393939394,1.88172043010753,0.537634408602151,1.61290322580645,9.67741935483871,0.806451612903226,0.25,0.25,0.923076923076923,0.804878048780488,0.545326829268293,0.573170731707317,0.6,0.0,12.2119815668203,5.40540540540541,8.42391304347826,4.34782608695652,0.181818181818182,3.53260869565217,0.144444444444444,2.41935483870968,0.268817204301075,0.0172413793103448,2.1505376344086,0.072072072072072,0.0532544378698224,0.181818181818182,0.0588235294117647,3.49462365591398,8.33333333333333,2.1505376344086,1.34408602150538,2.41935483870968,0.537634408602151,0.0,0.268817204301075,0.0,0.268817204301075,0.0681818181818181,0.926829268292683,5.4125,25.3,1.34408602150538,0.121951219512195,0.4,0.5,0.537634408602151,0.048780487804878,0.5,0.268817204301075,0.024390243902439,1.0,0.0,0.0,2.68817204301075,0.24390243902439,0.3,0.3,1.0,6.18279569892473,0.434782608695652,23,0.434782608695652
Enrique Freeman,IND,1.52284263959391,0.50761421319797,2.65486725663717,0.0,3.80710659898477,111.586901763224,0.755667506297229,0.755667506297229,11.6751269035533,6.85279187817259,0.555555555555556,2.53807106598985,0.1,3.2994923857868,6.09137055837563,1.52284263959391,0.761421319796954,0.0,0.8,1.0,1.0,0.27027027027027,0.613462162162162,0.445945945945946,0.511111111111111,1.52284263959391,11.2582781456954,3.7926675094816704,4.78589420654912,2.01511335012594,0.112676056338028,2.01511335012594,0.0869565217391304,2.79187817258883,0.761421319796954,0.0309278350515463,1.77664974619289,0.0769230769230769,0.0531914893617021,0.131578947368421,0.0454545454545454,2.28426395939086,5.58375634517767,1.26903553299492,1.01522842639594,4.82233502538071,1.26903553299492,0.253807106598985,0.0,0.0,1.01522842639594,0.121951219512195,0.864864864864865,2.57407407407407,23.89,5.58375634517767,0.594594594594595,0.636363636363636,0.785714285714286,1.26903553299492,0.135135135135135,0.2,0.0,0.0,0.0,0.0,0.0,2.03045685279188,0.216216216216216,0.125,0.125,1.0,0.50761421319797,0.0,2,0.0
Markieff Morris,LAL,1.47492625368732,0.884955752212389,2.37037037037037,0.0,1.47492625368732,117.261904761905,0.892857142857143,0.595238095238095,16.5191740412979,10.0294985250737,0.352941176470588,10.6194690265487,0.257142857142857,1.47492625368732,4.71976401179941,2.35988200589971,7.9646017699115,0.0,0.666666666666667,0.666666666666667,1.0,0.514285714285714,0.498358695652174,0.364285714285714,0.383561643835616,0.0,20.6896551724138,3.40740740740741,5.952380952380951,3.57142857142857,0.15,0.892857142857143,0.0416666666666666,0.884955752212389,0.589970501474926,0.025,0.294985250737463,0.0119047619047619,0.0182926829268292,0.0434782608695652,0.0434782608695652,6.19469026548673,15.0442477876106,3.53982300884956,2.65486725663717,1.76991150442478,0.884955752212389,0.0,0.0,0.0,0.0,0.0410958904109589,0.628571428571429,11.2205882352941,26.0611111111111,2.35988200589971,0.114285714285714,0.125,1.0,4.42477876106195,0.214285714285714,0.466666666666667,3.24483775811209,0.157142857142857,0.363636363636364,0.75,0.0,3.24483775811209,0.157142857142857,0.0909090909090909,0.0909090909090909,1.0,7.37463126843658,0.32,24,0.333333333333333
Lamar Stevens,MEM,3.17460317460317,1.58730158730159,2.32919254658385,0.634920634920635,2.53968253968254,105.775075987842,0.911854103343465,1.51975683890578,23.4920634920635,11.4285714285714,0.583333333333333,8.57142857142857,0.307692307692308,2.53968253968254,6.98412698412698,6.34920634920635,6.66666666666667,0.952380952380952,0.523809523809524,0.578947368421053,0.875,0.428571428571429,0.564875409836066,0.523809523809524,0.544117647058824,1.26984126984127,21.606648199446,5.90062111801242,10.3343465045593,5.16717325227964,0.197674418604651,3.95136778115502,0.160493827160494,1.26984126984127,0.634920634920635,0.0289855072463768,0.634920634920635,0.0298507462686567,0.0294117647058823,0.121212121212121,0.0344827586206896,2.53968253968254,6.98412698412698,0.634920634920635,1.9047619047619,3.49206349206349,1.58730158730159,0.317460317460317,0.0,0.0,0.317460317460317,0.0746268656716417,0.714285714285714,5.07222222222222,26.7444444444444,5.71428571428571,0.285714285714286,0.555555555555556,0.4,5.07936507936508,0.253968253968254,0.625,0.634920634920635,0.0317460317460317,0.5,1.0,0.0,3.17460317460317,0.158730158730159,0.2,0.222222222222222,1.0,5.3968253968254,0.352941176470588,16,0.375
Pete Nance,MIL,1.47058823529412,0.367647058823529,3.11355311355311,0.0,0.367647058823529,116.058394160584,0.72992700729927,0.72992700729927,13.9705882352941,2.94117647058824,0.625,8.82352941176471,0.391304347826087,0.367647058823529,2.94117647058824,0.735294117647059,9.92647058823529,0.0,0.8,0.8,1.0,0.75,0.529416129032258,0.578125,0.575757575757576,0.0,12.2112211221122,3.84615384615385,5.83941605839416,3.6496350364963503,0.222222222222222,1.45985401459854,0.048780487804878,1.83823529411765,0.367647058823529,0.0175438596491228,1.47058823529412,0.0597014925373134,0.0403225806451612,0.142857142857143,0.0,3.67647058823529,8.82352941176471,2.20588235294118,1.47058823529412,0.735294117647059,0.0,0.0,0.0,0.0,0.367647058823529,0.0,0.90625,7.1875,28.375,1.83823529411765,0.15625,0.8,1.0,0.367647058823529,0.03125,0.0,0.735294117647059,0.0625,0.5,0.0,0.0,0.735294117647059,0.0625,0.5,0.5,1.0,8.08823529411765,0.363636363636364,21,0.380952380952381
Vlatko Čančar,DEN,3.87323943661972,2.8169014084507,1.7636684303351,0.352112676056338,1.40845070422535,102.826855123675,0.706713780918728,1.06007067137809,8.45070422535211,3.87323943661972,0.545454545454545,5.28169014084507,0.266666666666667,0.0,2.8169014084507,1.40845070422535,4.22535211267606,0.0,0.666666666666667,0.8,1.0,0.576923076923077,0.54685,0.461538461538462,0.461538461538462,0.704225352112676,11.2121212121212,5.64373897707231,9.18727915194346,3.53356890459364,0.136986301369863,4.9469964664311,0.225806451612903,2.11267605633803,0.352112676056338,0.0163934426229508,1.76056338028169,0.0555555555555555,0.0397350993377483,0.2,0.0,3.16901408450704,7.74647887323944,1.76056338028169,1.40845070422535,0.0,0.0,0.0,0.0,0.0,0.0,0.0,0.923076923076923,3.09090909090909,26.1466666666667,3.16901408450704,0.346153846153846,0.444444444444444,1.0,0.704225352112676,0.0769230769230769,1.0,0.0,0.0,0.0,0.0,0.0,1.40845070422535,0.153846153846154,0.5,0.5,1.0,3.87323943661972,0.181818181818182,11,0.181818181818182
Tyler Smith,MIL,3.125,1.5625,2.11538461538462,0.0,2.734375,99.2424242424242,1.51515151515152,1.13636363636364,26.171875,7.8125,0.55,11.71875,0.433333333333333,2.34375,7.03125,1.5625,14.0625,1.171875,0.818181818181818,1.0,0.923076923076923,0.6,0.536322,0.61,0.632075471698113,1.5625,21.1072664359862,4.80769230769231,7.1969696969697,3.40909090909091,0.1875,3.03030303030303,0.108108108108108,2.34375,1.5625,0.0816326530612244,0.78125,0.0317460317460317,0.0535714285714285,0.315789473684211,0.173913043478261,1.5625,3.515625,1.171875,0.390625,3.125,1.171875,0.390625,0.390625,0.0,0.0,0.0754716981132075,0.84,5.3,25.17,4.6875,0.24,0.666666666666667,0.75,1.953125,0.1,0.4,1.171875,0.06,0.333333333333333,1.0,0.0,3.90625,0.2,0.4,0.4,1.0,7.8125,0.45,20,0.45
Jae Crowder,SAC,1.94174757281553,1.94174757281553,2.39808153477218,0.0,1.45631067961165,112.322274881517,0.0,1.4218009478673,11.1650485436893,3.39805825242718,0.428571428571429,7.28155339805825,0.266666666666667,2.42718446601942,1.94174757281553,0.970873786407767,5.8252427184466,0.0,0.666666666666667,1.0,1.0,0.681818181818182,0.508186363636364,0.409090909090909,0.479166666666667,0.970873786407767,11.7647058823529,4.79616306954437,6.635071090047391,1.8957345971564,0.0975609756097561,3.3175355450237,0.132075471698113,2.9126213592233,0.970873786407767,0.0408163265306122,1.45631067961165,0.0555555555555555,0.0485436893203883,0.0769230769230769,0.0,2.9126213592233,6.31067961165049,2.42718446601942,0.485436893203884,2.9126213592233,0.0,0.0,0.970873786407767,0.0,0.0,0.0833333333333333,0.727272727272727,11.6142857142857,24.8133333333333,0.485436893203884,0.0454545454545454,1.0,1.0,1.94174757281553,0.181818181818182,0.25,0.970873786407767,0.0909090909090909,0.5,1.0,0.0,3.88349514563107,0.363636363636364,0.25,0.25,1.0,3.39805825242718,0.285714285714286,7,0.285714285714286
