Name,TeamAbbreviation,Turnovers,LiveBallTurnovers,Fouls,Charge Fouls,FoulsDrawn,OnDefRtg,Blocks,Steals,Points,FG2A,Fg2Pct,FG3A,NonHeaveFg3Pct,FtPoints,PtsAssisted2s,PtsUnassisted2s,PtsAssisted3s,PtsUnassisted3s,Assisted2sPct,NonPutbacksAssisted2sPct,Assisted3sPct,FG3APct,ShotQualityAvg,EfgPct,TsPct,PtsPutbacks,Usage,Rebounds,DefRebounds,DefTwoPtRebounds,DefTwoPtReboundPct,DefThreePtRebounds,DefThreePtReboundPct,OffRebounds,OffTwoPtRebounds,OffTwoPtReboundPct,OffThreePtRebounds,OffThreePtReboundPct,OffFGReboundPct,DefAtRimReboundPct,OffAtRimReboundPct,Assists,AssistPoints,TwoPtAssists,ThreePtAssists,FTA,TwoPtShootingFoulsDrawn,2pt And 1 Free Throw Trips,ThreePtShootingFoulsDrawn,3pt And 1 Free Throw Trips,NonShootingFoulsDrawn,ShootingFoulsDrawnPct,AtRimFG3AFrequency,Avg2ptShotDistance,Avg3ptShotDistance,AtRimFGA,AtRimFrequency,AtRimAccuracy,AtRimPctAssisted,ShortMidRangeFGA,ShortMidRangeFrequency,ShortMidRangeAccuracy,LongMidRangeFGA,LongMidRangeFrequency,LongMidRangeAccuracy,LongMidRangePctAssisted,LongMidRangePctBlocked,Corner3FGA,Corner3Frequency,Corner3Accuracy,UnblockedCorner3Accuracy,Corner3PctAssisted,Arc3FGA,Arc3Accuracy,NonHeaveArc3FGA,NonHeaveArc3Accuracy
James Harden,LAC,6.01304884500088,4.3554928584024,1.42957995058242,0.0881678716275789,6.54205607476636,110.899134428546,0.971559795089207,2.08443737855503,31.7757009345794,11.0562511020984,0.472089314194577,11.7792276494445,0.35232383808096,8.90495503438547,1.83389172985364,8.6051842708517,4.60236289895962,7.82930700052901,0.175675675675676,0.181818181818182,0.370212765957447,0.515830115830116,0.50612507751938,0.500772200772201,0.583879423328965,0.352671486510316,29.1790461297889,4.02400282386163,7.08355414237767,3.03833245009716,0.132818532818533,3.02066772655008,0.13093415007657,0.969846587903368,0.599541527067537,0.0261337432744043,0.3350379121848,0.0156895127993393,0.0210987261146496,0.132678132678133,0.0354609929078014,12.1142655616293,27.6847116910598,8.65808499382825,3.45618056780109,10.1922059601481,3.17404337859284,0.599541527067537,1.05801445953095,0.193969317580674,0.634808675718568,0.161073825503356,0.671042471042471,7.37145135566188,26.599251497006,3.54434843942867,0.155212355212355,0.587064676616915,0.161016949152542,6.27755245988362,0.274903474903475,0.415730337078652,1.2343502027861,0.054054054054054,0.428571428571429,0.1,0.0285714285714285,0.529007229765473,0.0231660231660231,0.4,0.413793103448276,0.583333333333333,11.2502204196791,0.349529780564263,637,0.350078492935636
Trae Young,ATL,6.01898948796202,4.30654459138691,1.23069088439993,0.0339097999321804,7.29060698541879,117.335146159075,0.203942895989123,1.54656696125085,31.2139708375721,12.4448965751102,0.474114441416894,10.8850457782299,0.343354430379747,8.32485588335029,3.39097999321804,8.40963038318074,3.25534079348932,7.83316378433367,0.28735632183908,0.289855072463768,0.293577981651376,0.46656976744186,0.513229887640449,0.490552325581395,0.56141975308642,0.101729399796541,29.2204899777283,2.00305550840265,3.39904826648538,1.1386811692726,0.0514592933947772,2.2093813732155,0.102685624012638,0.610376398779247,0.339097999321804,0.0146735143066764,0.254323499491353,0.0113550340651021,0.0130402384500745,0.0543689320388349,0.0106382978723404,14.9203119701594,34.4354018311292,10.3255340793489,4.59477789081045,9.51169888097661,2.83146829433706,0.610376398779247,0.339097999321804,0.0169548999660902,1.59376059681248,0.122542595019659,0.624273255813954,8.15476839237057,27.6771028037383,3.6792132926415695,0.157703488372093,0.525345622119816,0.368421052631579,6.9175991861648,0.296511627906977,0.465686274509804,1.84808409630383,0.0792151162790697,0.403669724770642,0.227272727272727,0.018348623853211,0.8646998982706,0.037063953488372,0.431372549019608,0.44,0.681818181818182,10.0203458799593,0.331641285956007,580,0.336206896551724
Shai Gilgeous-Alexander,OKC,3.36335232494027,2.18709795993384,1.51249654154754,0.0551369233596765,8.58298106965631,107.96001480933,1.42539800074047,2.42502776749352,45.6533725418122,22.4407278073884,0.570843570843571,7.9948538871531,0.375576036866359,11.0457636463885,5.44017643815475,20.1801139496416,3.14280463150156,5.844513876125711,0.212338593974175,0.217327459618209,0.349693251533742,0.26268115942029,0.521274203431373,0.568538647342995,0.631701030927835,0.588127182503216,34.3567251461988,3.49534261735682,5.77563865235098,2.66567937800815,0.113564668769716,2.96186597556461,0.122605363984674,1.23139128836611,0.624885131409667,0.026835043409629,0.588127182503216,0.0256,0.0262216924910607,0.123006833712984,0.0406091370558375,8.91380260981437,22.6061385774674,4.13526925197574,4.77853335783863,12.2955339092079,4.94394412791766,1.10273846719353,0.220547693438706,0.0183789744532255,1.17625436500643,0.149333333333333,0.515700483091787,8.25954135954136,26.0310344827586,7.70079029590149,0.253019323671498,0.701670644391408,0.289115646258503,10.2554677448998,0.33695652173913,0.507168458781362,4.48446976658703,0.147342995169082,0.491803278688525,0.191666666666667,0.0081967213114754,0.275684616798383,0.0090579710144927,0.333333333333333,0.333333333333333,1.0,7.71916927035472,0.376190476190476,419,0.37708830548926
Bub Carrington,WAS,2.74212368728121,1.71139634383508,1.84681181959565,0.0388953714507973,2.13924542979385,120.967741935484,0.408083948698018,1.04935872522347,15.6942823803967,6.63166083236095,0.475073313782991,7.91520809023726,0.339901477832512,1.34189031505251,3.03383897316219,3.26721120186698,5.36756126021004,2.68378063010502,0.481481481481481,0.484472049689441,0.666666666666667,0.544117647058824,0.514407171581769,0.49331550802139,0.513427109974425,0.0388953714507973,15.9212571231221,3.31454121306376,5.98523124757093,2.05985231247571,0.0868140868140868,3.7116206762534,0.156429156429156,0.641773628938156,0.213924542979385,0.009075907590759,0.408401400233372,0.0160060975609756,0.0126782884310618,0.0846560846560846,0.0102301790281329,7.07895760404512,17.1917541812524,4.04511863088293,3.03383897316219,1.65305328665889,0.563982886036562,0.175029171528588,0.0388953714507973,0.0194476857253986,0.252819914430183,0.0403120936280884,0.665775401069519,10.4856304985337,26.2796068796069,1.76973940101128,0.121657754010695,0.538461538461538,0.673469387755102,2.46985608712563,0.169786096256685,0.425196850393701,2.39206534422404,0.164438502673797,0.479674796747968,0.508474576271186,0.0,1.22520420070012,0.0842245989304812,0.333333333333333,0.333333333333333,1.0,6.69000388953715,0.340116279069767,343,0.341107871720117
Cade Cunningham,DET,6.05407523510972,4.48667711598746,1.91552062868369,0.0587774294670846,5.46630094043887,114.342001576044,1.0441292356186,1.39873916469661,35.8542319749216,20.3565830721003,0.514918190567854,8.18965517241379,0.359903381642512,6.13244514106583,4.78056426332288,16.1833855799373,4.99608150470219,3.76175548589342,0.22803738317757,0.231939163498099,0.570469798657718,0.286890871654084,0.507561845730028,0.520590253946465,0.562732919254658,0.352664576802508,33.0060292850991,4.17485265225933,7.26950354609929,3.66430260047281,0.161739130434783,3.27029156816391,0.139028475711893,1.09717868338558,0.666144200626959,0.0272873194221508,0.352664576802508,0.0171591992373689,0.0226579520697167,0.14404432132964,0.0288888888888888,12.5,29.6042319749216,7.89576802507837,4.60423197492163,7.24921630094044,3.15438871473354,0.7641065830721,0.0783699059561128,0.0,0.528996865203762,0.104232469993683,0.533973919011668,7.05553416746872,26.4557416267943,7.05329153605016,0.247083047357584,0.572222222222222,0.266990291262136,10.5211598746082,0.36856554564173,0.48975791433892,2.78213166144201,0.0974605353466026,0.464788732394366,0.393939393939394,0.0,0.411442006269593,0.0144131777625257,0.380952380952381,0.380952380952381,1.0,7.7782131661442,0.355163727959698,393,0.358778625954198
Tyrese Haliburton,IND,2.36081054495377,1.45583316938816,0.90882149560407,0.019673421207948,3.44284871139091,116.230158730159,0.972222222222222,2.08333333333333,26.7361794216014,8.73499901632894,0.581081081081081,11.0564627188668,0.393501805054152,3.71827660830218,3.97403108400551,6.17745425929569,6.78733031674208,6.07908715325595,0.391472868217054,0.397637795275591,0.527522935779817,0.558648111332008,0.518505533199195,0.581510934393638,0.610502283105023,0.157387369663585,21.502313990744,2.54865158549837,4.28571428571429,2.06349206349206,0.084074373484236,2.14285714285714,0.0974729241877256,0.826283690733819,0.432815266574857,0.0200729927007299,0.393468424158961,0.0170648464163822,0.0185185185185185,0.0677618069815195,0.0161725067385444,13.240212472949,31.7529018296282,7.96773558921897,5.27247688373008,4.36749950816447,1.53452685421995,0.413141845366909,0.0786936848317922,0.0393468424158961,0.590202636238442,0.0769953051643192,0.687872763419483,9.34977477477478,27.1811387900356,2.55754475703325,0.129224652087475,0.715384615384615,0.354838709677419,3.79697029313398,0.191848906560636,0.549222797927461,2.38048396616172,0.120278330019881,0.487603305785124,0.338983050847458,0.0082644628099173,0.865630533149715,0.0437375745526839,0.431818181818182,0.452380952380952,0.68421052631579,10.1908321857171,0.384169884169884,510,0.390196078431373
Jamal Murray,DEN,2.77442702050663,2.09087253719341,1.28785592111882,0.0402090872537193,4.24205870526739,118.026183282981,0.664652567975831,1.83282980866062,28.8701246481705,14.5556895858464,0.517955801104972,7.98150381986329,0.396946564885496,4.38279051065541,5.34780860474467,9.73059911540008,5.79010856453559,3.61881785283474,0.354666666666667,0.364383561643836,0.615384615384615,0.354148082069581,0.508861324977619,0.543264942016057,0.579656862745098,0.402090872537193,24.0652135388978,2.63608008854009,4.3705941591138,1.93353474320242,0.0768,2.33635448136959,0.0996563573883161,0.904704463208685,0.60313630880579,0.0242130750605326,0.301568154402895,0.0163755458515283,0.0208816705336426,0.0778588807785888,0.0289855072463768,8.10213108162445,19.2601527945316,5.04624045034178,3.05589063128267,4.94571773220748,1.64857257740249,0.361881785283474,0.140731805388018,0.0,0.64334539605951,0.0746644295302013,0.543264942016057,9.79406077348066,26.0682619647355,4.26216324889425,0.189116859946476,0.641509433962264,0.477941176470588,5.28749497386409,0.234611953612846,0.479087452471483,5.00603136308806,0.222123104371097,0.453815261044177,0.256637168141593,0.0120481927710843,0.804181745074387,0.0356824264049955,0.375,0.375,0.933333333333333,7.1773220747889,0.394957983193277,353,0.39943342776204
Jalen Brunson,NYK,3.54594594594595,2.42162162162162,1.49577281595491,0.0432432432432432,8.86486486486487,117.62660291241,0.173875244512063,1.30406433384047,36.5405405405405,17.3621621621622,0.539227895392279,8.58378378378378,0.382871536523929,7.95675675675676,4.41081081081081,14.3135135135135,4.54054054054054,5.31891891891892,0.235565819861432,0.236658932714617,0.460526315789474,0.330833333333333,0.507055875,0.550833333333333,0.60310021629416,0.0864864864864864,29.5610687022901,2.02688055495339,3.47750489024125,1.54314279504456,0.0664172123479887,1.84742447294067,0.0834970530451866,0.583783783783784,0.216216216216216,0.0088652482269503,0.367567567567568,0.0182012847965738,0.013094083414161,0.0581395348837209,0.0072463768115942,10.2702702702703,23.7189189189189,7.09189189189189,3.17837837837838,9.68648648648649,3.54594594594595,0.908108108108108,0.302702702702703,0.0864864864864864,1.18918918918919,0.132982719759579,0.519166666666667,8.58742216687422,25.6345088161209,4.88648648648649,0.188333333333333,0.641592920353982,0.303448275862069,8.82162162162162,0.34,0.526960784313726,3.65405405405405,0.140833333333333,0.431952662721894,0.178082191780822,0.0118343195266272,1.27567567567568,0.0491666666666666,0.406779661016949,0.421052631578947,0.875,7.30810810810811,0.378698224852071,338,0.378698224852071
Darius Garland,CLE,3.9407839866555503,2.60633861551293,1.49472143827741,0.0,4.73311092577148,115.195975686439,0.23055963110459,1.90735694822888,32.1934945788157,13.4487072560467,0.530232558139535,11.0300250208507,0.401515151515152,4.67055879899917,4.71226021684737,9.54962468723937,7.56880733944954,5.69224353628023,0.330409356725146,0.335311572700297,0.570754716981132,0.450596252129472,0.533015177797051,0.562180579216354,0.599063962558502,0.208507089241034,27.0101195952162,2.23685585868088,3.50031439949696,1.61391741773213,0.0647603027754415,1.86543701530078,0.0809090909090909,0.979983319432861,0.417014178482068,0.0203045685279187,0.562969140950792,0.0238938053097345,0.0222222222222222,0.0650759219088937,0.0131233595800524,10.5504587155963,24.9791492910759,6.67222685571309,3.87823185988324,5.31693077564637,2.10592160133445,0.500417014178482,0.125104253544621,0.0208507089241034,0.542118432026689,0.0844621513944223,0.629471890971039,8.11720930232558,26.25,4.37864887406172,0.178875638841567,0.614285714285714,0.364341085271318,6.52627189324437,0.266609880749574,0.530351437699681,2.54378648874062,0.103918228279387,0.385245901639344,0.297872340425532,0.0081967213114754,1.73060884070058,0.0706984667802385,0.373493975903614,0.378048780487805,0.903225806451613,9.29941618015012,0.405829596412556,445,0.406741573033708
Chris Paul,SAS,2.73247193391231,1.9063757678458,1.60809371671991,0.0,1.80046600296547,117.819661597773,0.471192974941101,2.20603983722425,15.3145520016946,4.49057403092565,0.514150943396227,7.8585045541198895,0.37940379403794,1.80046600296547,1.01673374285109,3.60093200593095,4.38466426604533,4.51175598390172,0.220183486238532,0.222222222222222,0.492857142857143,0.636363636363636,0.513695320623917,0.547169811320755,0.570731707317073,0.0423639059521287,13.9992432841468,3.15228966986156,5.63289783679589,2.9128292996359,0.123524069028156,2.6343970871707,0.104502973661852,0.699004448210125,0.275365388688837,0.0132788559754851,0.423639059521288,0.0161420500403551,0.01487826871055,0.117021276595745,0.013550135501355,12.815081550519,31.1374708748147,7.30777377674222,5.50730777377674,1.94873967379792,0.169455623808515,0.0211819529760643,0.127091717856386,0.0423639059521287,0.444821012497352,0.0235690235690235,0.665523156089194,13.1132075471698,25.822102425876,0.360093200593095,0.0291595197255574,0.823529411764706,0.357142857142857,1.80046600296547,0.145797598627787,0.51764705882353,2.33001482736708,0.188679245283019,0.463636363636364,0.156862745098039,0.0181818181818181,1.03791569582716,0.0840480274442538,0.346938775510204,0.361702127659575,0.823529411764706,6.82058885829274,0.381987577639752,320,0.384375
Payton Pritchard,BOS,1.85350602947744,1.16123269316659,1.32094481137356,0.0446627958910227,1.92050022331398,111.604938271605,0.314253647586981,1.5712682379349,25.547119249665,5.35953550692273,0.641666666666667,13.9794551138901,0.413290113452188,1.58552925413131,1.69718624385887,5.18088432335864,13.7338097364895,3.34970969182671,0.246753246753247,0.265734265734266,0.803921568627451,0.722863741339492,0.529582025761124,0.619515011547344,0.632630410654828,0.491290754801251,19.0098626958035,3.43669539908206,4.60157126823794,2.06509539842873,0.0825852782764811,2.49158249158249,0.103064066852368,2.27780259044216,0.64761054041983,0.0347721822541966,1.60786065207682,0.0507757404795486,0.0448490230905861,0.0846994535519125,0.0355871886120996,6.23046002679768,15.4086645824029,3.28271549799017,2.9477445288075,1.87583742742296,0.379633765073694,0.0893255917820455,0.15631978561858,0.0669941938365341,0.401965163019205,0.0271800679501698,0.869515011547344,6.77958333333333,26.9126198083067,2.83608753907995,0.146651270207852,0.755905511811024,0.302083333333333,1.58552925413131,0.0819861431870669,0.549295774647887,0.937918713711478,0.0484988452655889,0.452380952380952,0.210526315789474,0.0238095238095238,2.32246538633318,0.120092378752887,0.461538461538462,0.470588235294118,1.0,11.6569897275569,0.396551724137931,513,0.403508771929825
Stephen Curry,GSW,4.25260472039124,2.72166702105039,1.0161514600492,0.0850520944078248,5.25196682968318,115.497201894102,0.645716745587602,1.72191132156694,36.5298745481608,10.0786731873272,0.533755274261603,16.6702105039337,0.397946084724005,5.93238358494578,5.1456517116734,5.61343823091644,13.9698065064852,5.86859451413991,0.478260869565217,0.491869918699187,0.704180064308682,0.623211446740859,0.518605627009646,0.571939586645469,0.617028985507246,0.297682330427387,29.1936978683967,3.31586265910793,5.81145071028842,2.7550581145071,0.118299445471349,2.99182092122256,0.131628787878788,0.850520944078248,0.297682330427387,0.0141271442986881,0.531575590048905,0.0204415372035977,0.0176151761517615,0.114583333333333,0.0192837465564738,8.95173293642356,20.7314480119073,6.12375079736339,2.82798213906017,6.3576440569849,1.8924091005741,0.531575590048905,0.361471401233255,0.127578141611737,0.999362109291941,0.0795198799699925,0.750397456279809,7.97426160337553,27.2099489795918,3.40208377631299,0.127186009538951,0.65,0.576923076923077,4.72039123963428,0.176470588235294,0.463963963963964,1.95619817137997,0.0731319554848966,0.5,0.41304347826087,0.0108695652173913,1.80735700616628,0.0675675675675675,0.482352941176471,0.482352941176471,0.951219512195122,14.8628534977674,0.386266094420601,693,0.388167388167388
De'Aaron Fox,SAS,3.73230373230373,2.38095238095238,1.76268271711092,0.0858000858000858,5.5984555984556,118.224903059026,0.53856096510125,1.96036191296855,31.2955812955813,16.7739167739168,0.538363171355499,8.17245817245817,0.311345646437995,5.64135564135564,5.74860574860575,12.3123123123123,5.08365508365508,2.50965250965251,0.318289786223278,0.329238329238329,0.669491525423729,0.327601031814273,0.512612316968131,0.514187446259673,0.558575803981623,0.600600600600601,28.0751708428246,3.20292347377472,5.2563550193882,2.08961654459285,0.0927342256214149,3.03748384317105,0.128649635036496,1.15830115830116,0.707850707850708,0.029810298102981,0.45045045045045,0.0193905817174515,0.0246575342465753,0.0838709677419354,0.0287539936102236,8.40840840840841,20.2702702702703,4.95495495495496,3.45345345345345,6.82110682110682,3.1960531960532,0.579150579150579,0.0858000858000858,0.0,0.364650364650365,0.118696664080683,0.533104041272571,8.68734015345269,25.8590551181102,5.12655512655513,0.205503009458298,0.669456066945607,0.425,7.76490776490777,0.311263972484953,0.511049723756906,3.88245388245388,0.155631986242476,0.419889502762431,0.276315789473684,0.0165745856353591,1.41570141570142,0.056749785038693,0.348484848484849,0.348484848484849,0.869565217391304,6.75675675675676,0.301587301587302,313,0.303514376996805
Tyus Jones,PHX,2.06162211146353,1.35931128228364,0.716153234057065,0.0226551880380607,1.72179429089261,118.731462468629,0.182523385808807,1.57426420260096,18.7811508835523,6.38876302673312,0.49645390070922,9.08473040326235,0.413965087281796,1.1554145899411,2.49207068418668,3.85138196647032,9.85500679655641,1.42727684639783,0.392857142857143,0.404411764705882,0.873493975903614,0.587115666178624,0.523077785923754,0.569546120058565,0.584626234132581,0.181241504304486,16.3565732978941,2.22803228373309,3.55920602327173,1.30047912388775,0.0542340627973358,2.03057266712298,0.0845204178537511,0.906207521522429,0.362483008608972,0.017094017094017,0.543724512913457,0.0223048327137546,0.0198807157057654,0.0553846153846153,0.0205128205128205,9.71907566832805,24.2863615768011,4.87086542818305,4.84821024014499,1.29134571816946,0.294517444494789,0.0,0.113275940190304,0.0679655641141821,0.249207068418668,0.0257879656160458,0.670571010248902,8.57517730496454,25.1605985037406,1.29134571816946,0.0834553440702781,0.754385964912281,0.511627906976744,4.3271409152696,0.279648609077599,0.445026178010471,0.770276393294064,0.0497803806734992,0.352941176470588,0.666666666666667,0.0294117647058823,3.37562301767105,0.218155197657394,0.476510067114094,0.50354609929078,0.971830985915493,5.7091073855913,0.376984126984127,252,0.376984126984127
Spencer Dinwiddie,DAL,2.3144996596324,1.27070569548446,1.37172656161433,0.090764692534604,4.47016110732925,117.625736293611,0.385138196647032,1.58586316266425,19.7867029725437,8.07805763557976,0.491573033707865,7.39732244157023,0.335384615384615,4.42477876106195,1.67914681189018,6.26276378488768,4.08441116405718,3.3356024506467,0.211428571428571,0.216374269005848,0.55045871559633,0.478005865102639,0.513215545590434,0.49633431085044,0.556338028169014,0.181529385069208,18.0204081632653,2.36934587915202,4.3271409152696,2.22020842772995,0.0848484848484848,2.08427729950159,0.0975609756097561,0.408441116405718,0.294985250737463,0.0125603864734299,0.113455865668255,0.0053995680345572,0.0091789903110657,0.0704545454545454,0.0030395136778115,7.9192194236442,19.0152030859995,4.74245518493306,3.17676423871114,5.5139550714772,2.45064669843431,0.658044020875879,0.272294077603812,0.045382346267302,0.22691173133651,0.155642023346304,0.653958944281525,7.11938202247191,25.5371165644172,2.72294077603812,0.175953079178886,0.583333333333333,0.242857142857143,4.51554345359655,0.291788856304985,0.437185929648241,0.839573405945087,0.0542521994134897,0.486486486486487,0.166666666666667,0.027027027027027,1.42954390742001,0.0923753665689149,0.412698412698413,0.426229508196721,0.730769230769231,5.96777853415022,0.315589353612167,262,0.316793893129771
Josh Giddey,CHI,4.48888888888889,2.93333333333333,1.35299988909837,0.0444444444444444,3.97777777777778,116.78104936905,0.996236440115121,1.85964135488156,22.7111111111111,11.5555555555556,0.511538461538462,6.17777777777778,0.375451263537906,3.88888888888889,4.88888888888889,6.93333333333333,6.26666666666667,0.733333333333333,0.413533834586466,0.438247011952191,0.895238095238095,0.348370927318296,0.553610664993727,0.530701754385965,0.567777777777778,0.666666666666667,21.8799682034976,6.2770322723744,9.71883993801196,4.0070843480186,0.169000933706816,5.04759796324994,0.208791208791209,2.82222222222222,1.22222222222222,0.0575916230366492,1.57777777777778,0.0646630236794171,0.0613735996103263,0.126520681265207,0.0447427293064877,11.1777777777778,27.1777777777778,6.35555555555556,4.82222222222222,4.97777777777778,2.37777777777778,0.466666666666667,0.0,0.0,0.355555555555556,0.1210407239819,0.667919799498747,5.34326923076923,25.3395683453237,5.66666666666667,0.319548872180451,0.576470588235294,0.442176870748299,5.35555555555556,0.302005012531328,0.473029045643154,0.533333333333333,0.0300751879699248,0.208333333333333,0.6,0.125,1.75555555555556,0.0989974937343358,0.392405063291139,0.402597402597403,0.903225806451613,4.42222222222222,0.371859296482412,197,0.370558375634518
Fred VanVleet,HOU,2.04850482693666,1.27148575465034,1.65094339622642,0.0235460324935248,2.73133976924888,111.174108197496,0.590597684857075,2.2206472950626,19.872851424535,7.0167176830704,0.429530201342282,10.854720979515,0.350220264317181,2.61360960678126,1.41276194961149,4.61502236873087,6.99317165057688,4.23828584883447,0.234375,0.236220472440945,0.622641509433962,0.60737812911726,0.512410626702997,0.482872200263505,0.511627906976744,0.0470920649870496,17.9339171974522,2.6061320754717,4.4649184975194895,2.17339948027404,0.0855813953488372,2.14977557287975,0.100998890122087,0.753473039792795,0.329644454909348,0.011608623548922,0.423828584883447,0.0184049079754601,0.0146520146520146,0.0926430517711171,0.0046511627906976,7.84082882034377,18.4600894749235,5.06239698610784,2.77843183423593,3.20226041911938,0.988933364728043,0.188368259948199,0.0941841299740993,0.0,0.470920649870497,0.0577164366373902,0.728590250329381,10.15,26.7431670281996,2.16623498940429,0.121212121212121,0.5,0.304347826086957,2.30751118436543,0.129117259552042,0.377551020408163,2.54297150930068,0.142292490118577,0.416666666666667,0.2,0.0092592592592592,1.13020955968919,0.0632411067193675,0.333333333333333,0.340425531914894,1.0,9.72451141982576,0.346246973365617,406,0.352216748768473
Keyonte George,UTA,4.18477018065401,2.78984678710268,1.26784694460308,0.0228675966155957,5.19094443174022,123.642172523962,0.205385668644455,1.04974897307166,25.7260461925452,9.42144980562543,0.449029126213592,11.593871484107,0.343195266272189,5.3281500114338,3.61308026526412,4.84793048250629,7.75211525268694,4.18477018065401,0.427027027027027,0.441340782122905,0.649425287356322,0.551686615886834,0.504127417582418,0.485310119695321,0.539054966248795,0.274411159387148,24.2009132420091,2.88977727013135,5.18028297581013,2.07667731629393,0.099562363238512,2.87539936102236,0.115915363385465,0.594557512005488,0.205808369540361,0.0096670247046186,0.388749142465127,0.0152877697841726,0.0127263827704356,0.104693140794224,0.0106761565836298,8.64395152069518,20.8781157100389,5.05373885204665,3.59021266864853,6.51726503544477,2.6755088040247,0.731763091699062,0.251543562771553,0.0,0.503087125543105,0.125246548323471,0.661588683351469,7.81359223300971,25.6246548323471,2.30962725817517,0.109902067464635,0.613861386138614,0.419354838709677,5.8769723302081,0.279651795429815,0.408560311284047,1.23485021724217,0.058759521218716,0.333333333333333,0.444444444444444,0.0555555555555555,1.69220214955408,0.0805223068552774,0.486486486486487,0.493150684931507,0.972222222222222,9.90166933455294,0.318706697459584,433,0.318706697459584
Dennis Schröder,BKN,3.31698201354824,2.14903060032703,2.10354096061704,0.0700770847932726,4.92875496379351,116.580916744621,0.280636108512629,1.54349859681946,22.8918476991357,10.6517168885774,0.458333333333333,8.66619948610138,0.346049046321526,4.22798411586078,2.38262088297127,7.38145293155805,6.72740014015417,2.17238962859145,0.244019138755981,0.245192307692308,0.755905511811024,0.448609431680774,0.502413970588235,0.483071342200726,0.527687296416938,0.0467180565288483,21.7846153846154,2.31389505667874,3.99906454630496,1.82413470533209,0.0783919597989949,2.10477081384471,0.0948366701791359,0.630693763139453,0.303667367437515,0.0129353233830845,0.28030833917309,0.0115718418514946,0.0122428991185112,0.0725075528700906,0.008130081300813,9.43704741882738,23.4991824340107,4.81195982247139,4.62508759635599,5.04555010511563,1.63513197850969,0.327026395701939,0.0467180565288483,0.0,0.840925017519271,0.0813559322033898,0.634824667472793,8.57061403508772,26.499730458221,3.59729035272133,0.186215235792019,0.564935064935065,0.298850574712644,4.48493342676945,0.232164449818622,0.375,2.56949310908666,0.133010882708585,0.454545454545455,0.18,0.0363636363636363,0.840925017519271,0.0435308343409915,0.5,0.5,1.0,7.82527446858211,0.325373134328358,331,0.329305135951662
Damian Lillard,MIL,3.73616236162362,2.76752767527675,1.12242536449896,0.0,6.89575645756458,116.744078030655,0.2322340919647,1.6256386437529,33.3717712177122,10.7933579335793,0.527777777777778,12.0848708487085,0.378846153846154,8.34870848708487,1.79889298892989,9.59409594095941,7.81826568265683,5.81180811808118,0.157894736842105,0.159836065573771,0.573604060913706,0.528225806451613,0.537064735772358,0.546875,0.620555073720729,0.138376383763838,27.4608150470219,3.13584818329091,5.62006502554575,2.27589410125406,0.0941402497598463,3.20483046911287,0.127777777777778,0.668819188191882,0.345940959409594,0.0159404888416578,0.299815498154982,0.013091641490433,0.014477766287487,0.0813953488372093,0.0207100591715976,9.45571955719557,22.6476014760148,5.71955719557196,3.73616236162362,9.06365313653137,2.65221402214022,0.484317343173432,0.830258302583026,0.115313653136531,0.830258302583026,0.135183527305282,0.729838709677419,8.60192307692308,27.268893129771,4.61254612546126,0.201612903225806,0.605,0.12396694214876,2.67527675276753,0.116935483870968,0.448275862068966,3.50553505535055,0.153225806451613,0.486842105263158,0.162162162162162,0.0,0.968634686346863,0.0423387096774193,0.404761904761905,0.414634146341463,0.764705882352941,11.1162361623616,0.37344398340249,478,0.376569037656904
Russell Westbrook,DEN,5.51504102096627,3.57793983591613,2.1329702745632,0.159525979945305,3.91978122151322,118.23316764573,0.835969272480795,2.39493899683687,22.6526891522334,12.306289881495,0.516666666666667,6.63172288058341,0.324137931034483,3.50957155879672,5.37830446672744,7.33819507748405,5.53783044667274,0.888787602552416,0.422939068100358,0.468253968253968,0.861702127659574,0.350180505415162,0.557612726176116,0.505415162454874,0.530416221985059,1.2306289881495,23.693729903537,4.18652144315861,6.03253502033439,2.19159511974695,0.0898148148148148,3.34387708992318,0.145240431795878,2.32452142206016,1.66362807657247,0.0680970149253731,0.615314494074749,0.0348387096774193,0.0541418516513264,0.0580110497237569,0.0709382151029748,10.4147675478578,23.0856882406563,8.15861440291705,2.25615314494075,5.30993618960802,2.50683682771194,0.478577939835916,0.0,0.0,0.387420237010027,0.119565217391304,0.737665463297232,5.35148148148148,25.2164948453608,7.33819507748405,0.38748495788207,0.645962732919255,0.451923076923077,3.48678213309025,0.184115523465704,0.34640522875817,1.48131267092069,0.0782190132370637,0.276923076923077,0.5,0.0,2.41567912488605,0.127557160048135,0.424528301886792,0.428571428571429,0.888888888888889,4.21604375569736,0.264864864864865,184,0.266304347826087
Davion Mitchell,MIA,3.13648615535408,2.08282283753982,2.26687905893886,0.0735113942661112,3.2345013477089,113.357843137255,0.392156862745098,1.76470588235294,14.4082332761578,6.49350649350649,0.524528301886792,5.17030139671649,0.405797101449275,1.42122028914482,1.91129625091889,4.90075961774075,5.07228620436168,1.10267091399167,0.280575539568345,0.282608695652174,0.821428571428571,0.44327731092437,0.562121382289417,0.55672268907563,0.574363992172211,0.0490075961774075,13.8401559454191,2.04631785320426,3.23529411764706,1.37254901960784,0.060475161987041,1.83823529411765,0.0746268656716417,0.857632933104631,0.39206076941926,0.0157790927021696,0.465572163685371,0.0216154721274175,0.0184891706286318,0.0553935860058309,0.0126262626262626,8.89487870619946,21.3673119333497,5.31732418524871,3.57755452095075,2.05831903945112,0.906640529282039,0.318549375153149,0.0,0.0,0.269541778975741,0.074,0.773109243697479,4.98641509433962,25.8580952380952,3.8470962999264895,0.329831932773109,0.592356687898089,0.258064516129032,2.18083802989463,0.186974789915966,0.471910112359551,0.465572163685371,0.0399159663865546,0.210526315789474,0.25,0.0,1.00465572163685,0.0861344537815126,0.390243902439024,0.4,1.0,4.16564567507964,0.4,166,0.409638554216867
Tyrese Maxey,PHI,3.12421264802217,1.94003527336861,1.46649810366625,0.0503905265810027,5.64373897707231,119.360568383659,0.532859680284192,2.30905861456483,34.4923154446964,15.4446963970774,0.515497553017945,12.0433358528597,0.339662447257384,6.39959687578735,4.88788107835727,11.0355253212396,5.97127739984883,6.19803476946334,0.306962025316456,0.310897435897436,0.490683229813665,0.438130155820348,0.538291030358786,0.510999083409716,0.560330578512397,0.201562106324011,29.8407000224366,2.19974715549937,4.03450900786602,1.42095914742451,0.0685434516523867,2.56280131946207,0.114253393665158,0.377928949357521,0.251952632905014,0.010752688172043,0.100781053162006,0.0042643923240938,0.0074946466809421,0.0666666666666666,0.0101010101010101,7.98689846308894,19.9294532627866,4.03124212648022,3.95565633660872,7.2814310909549,3.04862685815067,0.957420005039053,0.0503905265810027,0.0,0.856638951877047,0.104591836734694,0.729605866177819,6.00880913539967,26.7225941422594,8.01209372637944,0.29147571035747,0.591194968553459,0.351063829787234,5.54295792391031,0.201649862511457,0.427272727272727,1.8896447467876,0.0687442713107241,0.453333333333333,0.264705882352941,0.0133333333333333,1.13378684807256,0.0412465627864344,0.311111111111111,0.318181818181818,0.928571428571429,10.9095490047871,0.339491916859122,429,0.342657342657343
Jrue Holiday,BOS,1.99740596627756,1.21919584954604,1.30947750551018,0.0,1.94552529182879,109.66822187662,0.699844479004666,1.71073094867807,17.7950713359274,6.92607003891051,0.546816479400749,7.93774319066148,0.352941176470588,1.81582360570687,3.73540856031128,3.83916990920882,7.23735408560311,1.16731517509728,0.493150684931507,0.525547445255475,0.861111111111111,0.534031413612566,0.543108653846154,0.537521815008726,0.564144736842105,0.466926070038911,15.866388308977,3.44872293530403,4.92483151892172,2.20321410057024,0.0853413654618474,2.59201658890617,0.104931794333683,1.97146562905318,0.544747081712062,0.0292072322670375,1.40077821011673,0.0469565217391304,0.0401284109149277,0.0589970501474926,0.0378151260504201,6.19974059662776,15.4604409857328,3.13878080415045,3.0609597924773,1.99740596627756,0.752269779507134,0.181582360570687,0.0259403372243839,0.0,0.311284046692607,0.0503355704697986,0.762652705061082,5.78352059925094,25.1954248366013,3.39818417639429,0.228621291448517,0.702290076335878,0.554347826086957,2.85343709468223,0.191972076788831,0.372727272727273,0.674448767833982,0.0453752181500872,0.5,0.307692307692308,0.0,2.64591439688716,0.178010471204188,0.303921568627451,0.31,0.967741935483871,5.29182879377432,0.377450980392157,204,0.377450980392157
Anthony Black,ORL,3.709634374166,2.34854550306912,2.20862160723789,0.0533760341606618,4.85721910862023,109.392411780313,1.27354736004245,2.28177235340939,19.5890045369629,11.3424072591406,0.468235294117647,5.20416333066453,0.319587628865979,4.00320256204964,4.64371497197758,5.97811582599413,4.163330664531631,0.800640512409928,0.437185929648241,0.453125,0.838709677419355,0.314516129032258,0.526333554817276,0.470967741935484,0.521306818181818,0.373632239124633,19.604190919674,3.07344332091538,4.72273812682409,1.96338551339878,0.0834272829763247,2.5470947200849,0.130790190735695,1.41446490525754,0.773952495329597,0.0311493018259935,0.640512409927942,0.0270574971815107,0.0291529152915291,0.0841750841750841,0.0327380952380952,6.40512409927942,15.6391780090739,3.57619428876435,2.82892981051508,5.25753936482519,2.42860955431012,0.667200427008273,0.0266880170803309,0.0,0.453696290365626,0.13391557496361,0.659677419354839,5.86776470588235,25.3837696335079,5.71123565519082,0.345161290322581,0.574766355140187,0.471544715447155,4.59033893781692,0.27741935483871,0.366279069767442,1.04083266613291,0.0629032258064516,0.333333333333333,0.461538461538462,0.0,1.97491326394449,0.119354838709677,0.405405405405405,0.405405405405405,0.966666666666667,3.22925006672004,0.264462809917355,120,0.266666666666667
Isaiah Collier,UTA,5.43364681295716,3.0564263322884,1.94491580733586,0.130616509926855,3.52664576802508,121.419253848161,0.417427602400209,1.72188885990086,16.0658307210031,10.0835945663532,0.49740932642487,4.41483803552769,0.25,2.74294670846395,3.50052246603971,6.53082549634274,1.95924764890282,1.33228840125392,0.348958333333333,0.354497354497355,0.595238095238095,0.304504504504505,0.526237593283582,0.45945945945946,0.492788461538462,0.156739811912226,19.1308346746379,3.06748466257669,5.29611270545265,1.95669188625098,0.093167701863354,3.23506391860162,0.123629112662014,0.83594566353187,0.417972831765935,0.0191846522781774,0.417972831765935,0.0170757737459978,0.018068887634105,0.0961538461538461,0.0120967741935483,11.6509926854754,28.8401253918495,6.1128526645768,5.53814002089864,4.02298850574713,1.75026123301985,0.417972831765935,0.0,0.0,0.470219435736677,0.110561056105611,0.61981981981982,5.84170984455959,26.2207100591716,4.57157784743992,0.315315315315315,0.657142857142857,0.356521739130435,4.70219435736677,0.324324324324324,0.377777777777778,0.809822361546499,0.0558558558558558,0.290322580645161,0.444444444444444,0.0,1.14942528735632,0.0792792792792792,0.340909090909091,0.365853658536585,0.933333333333333,3.26541274817137,0.216,119,0.218487394957983
CJ McCollum,NOP,2.7799632835038,1.9669551534225,1.63200842326928,0.0,3.5667453448728,122.24570673712,0.634081902245707,1.21532364597094,31.0254392866509,14.1883031733543,0.504621072088725,12.0377655389457,0.372549019607843,3.2520325203252,6.34670862837661,7.97272488853921,9.91345397324941,3.5405192761605,0.443223443223443,0.451492537313433,0.736842105263158,0.459,0.524961161161161,0.5295,0.549256505576208,0.262260687123,27.1369485294118,2.79020794946038,4.49141347424042,2.11360634081902,0.0984009840098401,2.06076618229855,0.0842332613390928,1.1014948859166,0.524521374246001,0.020242914979757,0.498295305533701,0.022974607013301,0.0214876033057851,0.0924855491329479,0.0202020202020202,5.95331759769211,14.1096249672174,3.7503278258589,2.2029897718332,4.5371098872279,1.8095987411487,0.3671649619722,0.1311303435615,0.0262260687123,0.4458431681091,0.0698772426817752,0.645,8.00332717190388,25.6956427015251,4.87804878048781,0.186,0.623655913978495,0.387931034482759,6.84500393391031,0.261,0.455938697318008,2.4652504589562,0.094,0.404255319148936,0.526315789473684,0.0,1.7833726724364,0.068,0.352941176470588,0.358208955223881,0.916666666666667,10.2543928665093,0.375959079283887,391,0.375959079283887
Kris Dunn,LAC,2.05213533000555,1.30338325013866,2.72702104097453,0.0,0.998336106489185,108.319513543394,0.746268656716418,3.53786622443339,13.1447587354409,5.90682196339434,0.549295774647887,6.21186910704382,0.336322869955157,0.415973377703827,3.6051026067665,2.8840820854132,5.82362728785358,0.415973377703827,0.555555555555556,0.585585585585586,0.933333333333333,0.512585812356979,0.544021100917431,0.525171624713959,0.530201342281879,0.332778702163062,12.921626984127,3.47452934662237,5.4726368159204,2.40464344941957,0.104819277108434,3.04035378662244,0.129716981132075,1.46977260122019,0.693288962839712,0.029940119760479,0.776483638380477,0.036697247706422,0.0331664580725907,0.0873362445414847,0.0150943396226415,5.82362728785358,14.2262895174709,3.24459234608985,2.57903494176373,0.610094287298946,0.221852468108708,0.0554631170271769,0.0,0.0,0.110926234054354,0.0180586907449209,0.709382151029748,5.94507042253521,25.025,2.38491403216861,0.196796338672769,0.686046511627907,0.576271186440678,3.27232390460344,0.270022883295195,0.474576271186441,0.249584026622296,0.0205949656750572,0.222222222222222,1.0,0.111111111111111,3.10593455352191,0.25629290617849,0.348214285714286,0.348214285714286,0.948717948717949,3.10593455352191,0.321428571428571,111,0.324324324324324
Luka Dončić,LAL,4.91218441273326,3.62239297475302,1.73649393605292,0.0548847420417124,8.04061470911087,112.873754152824,0.581395348837209,2.4640088593577,38.6388583973655,14.9286498353458,0.522058823529412,13.1997804610318,0.370292887029289,8.47969264544457,4.06147091108672,11.5257958287596,6.42151481888035,8.15038419319429,0.26056338028169,0.268115942028986,0.440677966101695,0.469268292682927,0.512210147783251,0.53609756097561,0.589689857502096,0.439077936333699,33.4471822395706,5.63671444321941,10.2159468438538,4.90033222591362,0.201365187713311,4.78959025470653,0.19481981981982,1.09769484083425,0.329308452250274,0.0165745856353591,0.740944017563118,0.03037120359955,0.0241785492870427,0.199324324324324,0.017094017094017,10.5104281009879,25.4390779363337,6.09220636663008,4.41822173435785,10.8397365532382,4.72008781558727,1.20746432491767,0.384193194291987,0.0274423710208562,0.740944017563118,0.159519725557461,0.623414634146342,8.90422794117647,27.0983367983368,4.33589462129528,0.154146341463415,0.708860759493671,0.410714285714286,7.32711306256861,0.260487804878049,0.49063670411985,3.26564215148189,0.11609756097561,0.34453781512605,0.170731707317073,0.0252100840336134,0.686059275521405,0.024390243902439,0.4,0.4,0.6,12.5137211855104,0.366228070175439,453,0.368653421633554
Scoot Henderson,POR,4.873348017621151,2.97356828193833,2.49517507582024,0.110132158590308,5.01101321585903,116.06847045831,0.358917725013805,1.8774157923799,23.045154185022,10.6828193832599,0.469072164948454,8.1773127753304,0.354948805460751,4.35022026431718,2.53303964757709,7.48898678414097,6.69052863436123,1.98237885462555,0.252747252747253,0.267441860465116,0.771428571428572,0.433576642335766,0.542969207772795,0.495620437956204,0.535851472471191,0.550660792951542,22.4700633951632,2.72952853598015,4.03092214246273,1.90502484815019,0.0802325581395348,1.98785201546107,0.095112285336856,1.43171806167401,0.550660792951542,0.0222717149220489,0.743392070484581,0.0323741007194244,0.027136258660508,0.0838509316770186,0.0292682926829268,9.22356828193832,22.1640969162996,5.50660792951542,3.71696035242291,5.67180616740088,2.36784140969163,0.385462555066079,0.0550660792951541,0.0,0.605726872246696,0.115942028985507,0.731386861313869,6.30386597938144,26.1531986531987,5.61674008810573,0.297810218978102,0.553921568627451,0.283185840707965,3.41409691629956,0.181021897810219,0.354838709677419,1.65198237885463,0.0875912408759124,0.416666666666667,0.24,0.0,1.23898678414097,0.0656934306569343,0.4,0.409090909090909,1.0,6.93832599118943,0.345238095238095,247,0.348178137651822
Mike Conley,MIN,2.13189312109153,1.62023877202956,1.58458244111349,0.0,2.84252416145537,111.499856610267,0.401491253226269,2.26555778606252,16.5434906196703,4.49118817509949,0.379746835443038,8.81182490051165,0.411003236245955,2.30244457077885,1.47811256395679,1.93291642978965,8.86867538374076,1.96134167140421,0.433333333333333,0.440677966101695,0.818897637795276,0.662393162393162,0.533179935622318,0.53525641025641,0.567729083665339,0.0568504832291074,14.4466700050075,2.59814418272662,4.30169199885288,2.0934901061084,0.0832383124287343,2.12216805276742,0.0959792477302205,0.909607731665719,0.22740193291643,0.0102827763496143,0.653780557134736,0.0266203703703703,0.0188794153471376,0.0721649484536082,0.0073529411764705,9.06765207504264,21.6031836270608,5.59977259806708,3.46787947697555,2.55827174530984,0.596930073905628,0.0284252416145537,0.22740193291643,0.0,0.170551449687322,0.0584677419354838,0.782051282051282,7.8120253164557,25.2616129032258,1.59181353041501,0.11965811965812,0.535714285714286,0.5,2.50142126208073,0.188034188034188,0.340909090909091,0.397953382603752,0.0299145299145299,0.0,0.0,0.0,2.50142126208073,0.188034188034188,0.5,0.505747126436782,0.886363636363636,6.31040363843093,0.373873873873874,221,0.375565610859729
Scotty Pippen Jr.,MEM,3.85259631490787,2.40089335566723,2.81787895613548,0.0279173646007816,5.19262981574539,112.175593594699,0.82827167310878,2.84373274434014,21.7476270240089,10.4690117252931,0.528,6.14182021217197,0.399082568807339,3.40591848129537,5.52763819095477,5.52763819095477,7.11892797319933,0.16750418760469,0.5,0.512953367875648,0.977011494252874,0.369747899159664,0.55305,0.552100840336135,0.582458770614693,0.279173646007817,19.5080370189966,3.59522487506941,5.35615681943678,2.51242407509663,0.104477611940299,2.70568746548868,0.116805721096544,1.81462869905081,1.03294249022892,0.0443645083932853,0.697934115019542,0.029585798816568,0.0369267421083978,0.0859872611464968,0.0378787878787878,9.68732551647125,23.5064209938582,5.55555555555556,4.1317699609156895,4.77386934673367,2.2892238972641,0.670016750418761,0.0279173646007816,0.0279173646007816,0.390843104410944,0.127105666156202,0.694117647058824,4.99413333333333,25.3472727272727,5.38805136795087,0.32436974789916,0.621761658031088,0.541666666666667,4.69011725293132,0.282352941176471,0.44047619047619,0.390843104410944,0.0235294117647058,0.285714285714286,0.0,0.0714285714285714,1.31211613623674,0.0789915966386554,0.48936170212766,0.48936170212766,0.956521739130435,4.82970407593523,0.369942196531792,171,0.374269005847953
Terry Rozier,MIA,2.32350312779267,1.31069407208817,1.08857739337906,0.0893655049151027,2.91927316056002,114.362496267543,0.418035234398328,1.10480740519558,20.2263926124516,9.74084003574621,0.480122324159021,9.17485850461722,0.299342105263158,2.74054215072982,4.28954423592493,5.06404527852249,6.5236818588025,1.60857908847185,0.45859872611465,0.47682119205298,0.802197802197802,0.48503937007874,0.538484627575277,0.462204724409449,0.495594713656388,0.357462019660411,20.0742508618404,3.5490605427975,5.79277396237683,2.03045685279188,0.0854271356783919,3.7025977903851905,0.151960784313725,1.31069407208817,0.565981531128984,0.0228640192539109,0.74471254095919,0.0306372549019607,0.0267152398299939,0.0443548387096774,0.0194552529182879,4.97467977360739,12.2132856717307,2.71075364909145,2.26392612451594,3.2171581769437,1.28090557044981,0.238308013106941,0.148942508191838,0.0297885016383675,0.208519511468573,0.0712166172106825,0.708661417322835,6.82324159021407,25.0272727272727,4.2299672326482,0.223622047244094,0.577464788732394,0.5,4.1406017277331,0.218897637795276,0.39568345323741,1.37027107536491,0.0724409448818897,0.434782608695652,0.45,0.0217391304347826,4.1406017277331,0.218897637795276,0.273381294964029,0.27536231884058,0.947368421052632,5.03425677688412,0.313609467455621,165,0.321212121212121
Gabe Vincent,LAL,1.31748071979434,0.57840616966581,2.44766505636071,0.0321336760925449,1.44601542416452,113.524854744997,0.419625564880568,1.64622336991607,14.7814910025707,3.56683804627249,0.531531531531532,9.9293059125964,0.356209150326797,0.482005141388175,2.24935732647815,1.54241645244216,9.15809768637532,1.34961439588689,0.593220338983051,0.603448275862069,0.871559633027523,0.735714285714286,0.535487529976019,0.529761904761905,0.534883720930233,0.0642673521850899,13.5539568345324,1.48148148148148,2.32408005164622,1.09748224661072,0.0467032967032967,1.19431891542931,0.0509641873278236,0.6426735218509,0.38560411311054,0.0181268882175226,0.25706940874036,0.0108108108108108,0.014265335235378,0.0436681222707423,0.0160427807486631,3.14910025706941,7.7120822622108,1.73521850899743,1.41388174807198,0.674807197943445,0.19280205655527,0.0321336760925449,0.0,0.0,0.160668380462725,0.0141176470588235,0.835714285714286,8.19009009009009,25.5511326860841,1.34961439588689,0.1,0.642857142857143,0.666666666666667,1.41388174807198,0.104761904761905,0.431818181818182,0.803341902313625,0.0595238095238095,0.52,0.538461538461538,0.08,3.59897172236504,0.266666666666667,0.392857142857143,0.403669724770642,1.0,6.33033419023136,0.32994923857868,194,0.335051546391753
Ja Morant,MEM,5.63680682510664,3.68677635588056,1.72809298057807,0.0304692260816575,7.58683729433272,112.618974516426,0.368437212158428,1.87288916180534,35.3138330286411,18.4034125533211,0.52317880794702,8.6837294332724,0.317689530685921,8.01340645947593,4.57038391224863,14.6861669713589,4.93601462522852,3.10786106032907,0.237341772151899,0.240384615384615,0.613636363636364,0.32058492688414,0.533796232876712,0.503937007874016,0.564390243902439,0.24375380865326,31.9250066015316,3.13503593821685,5.2502302732576,2.02640466687135,0.088235294117647,2.97820079828063,0.118872549019608,1.03595368677636,0.457038391224863,0.0185185185185185,0.548446069469835,0.0256776034236804,0.0218398411647915,0.070631970260223,0.025830258302583,11.0907982937233,26.2644728823888,7.00792199878123,4.08287629494211,9.71968312004875,4.6617915904936,1.18829981718464,0.0304692260816575,0.0,0.639853747714808,0.153386454183267,0.614173228346457,6.14056291390729,26.6385964912281,7.95246800731261,0.293588301462317,0.628352490421456,0.371951219512195,9.35405240706886,0.34533183352081,0.452768729641694,1.09689213893967,0.0404949381327334,0.361111111111111,0.230769230769231,0.0277777777777777,1.61486898232785,0.0596175478065241,0.320754716981132,0.326923076923077,0.882352941176471,7.06886045094455,0.306034482758621,224,0.316964285714286
LaMelo Ball,CHA,5.36287732819525,2.7296082209377,2.52858753422451,0.0321130378933847,7.09698137443802,119.709208400646,0.420032310177706,1.74474959612278,38.021836865767504,15.2536929993577,0.477894736842105,16.9556840077071,0.343570057581574,6.19781631342325,3.40398201669878,11.1753371868979,10.6936416184971,6.55105973025048,0.233480176211454,0.244239631336406,0.620111731843575,0.52642073778664,0.52195998980632,0.494017946161515,0.533605812897366,0.642260757867694,34.9364289662797,3.73651151554196,5.97738287560582,2.55250403877221,0.119515885022693,3.36025848142165,0.136125654450262,1.50931278098908,1.15606936416185,0.0495867768595041,0.321130378933847,0.0116959064327485,0.0290955091714105,0.0988593155893536,0.0472727272727272,11.1111111111111,26.8143866409762,6.5189466923571,4.59216441875401,7.3538856775851,2.92228644829801,0.642260757867694,0.128452151573539,0.0,0.738599871547849,0.0881261595547309,0.702891326021934,6.80715789473684,27.6292220113852,5.68400770712909,0.176470588235294,0.542372881355932,0.21875,7.99614643545279,0.248255234297109,0.449799196787149,1.57353885677585,0.0488534396809571,0.387755102040816,0.421052631578947,0.0204081632653061,1.57353885677585,0.0488534396809571,0.306122448979592,0.3125,0.8,15.3821451509313,0.342379958246347,472,0.347457627118644
D'Angelo Russell,BKN,3.58923230309073,2.25988700564972,1.92243396857238,0.0332336324360252,4.61947490860751,114.497140935082,0.773629330642449,1.88361923982509,24.3270189431705,9.23894981721502,0.489208633093525,11.9641076769691,0.315642458100559,4.02126952475906,4.05450315719508,4.98504486540379,6.580259222333,4.68594217347956,0.448529411764706,0.448529411764706,0.584070796460177,0.564263322884013,0.51762641509434,0.47884012539185,0.520714285714286,0.0,23.625730994152,2.70812437311936,4.77632021527077,2.4217961654894,0.0965147453083109,2.18634376051127,0.0940665701881331,0.664672648720505,0.232635427052177,0.0100430416068866,0.432037221668328,0.0179063360881542,0.0140548137737174,0.104529616724739,0.0084388185654008,9.83715520106348,23.5958790295779,5.9155865736125,3.92156862745098,4.81887670322366,1.89431704885344,0.332336324360253,0.166168162180126,0.0664672648720505,0.398803589232303,0.0901162790697674,0.69435736677116,8.16115107913669,26.2613888888889,2.7583914921901,0.130094043887147,0.626506024096386,0.615384615384615,5.01827849783981,0.236677115987461,0.470198675496689,1.46227982718511,0.0689655172413793,0.295454545454545,0.461538461538462,0.0,1.09670987038883,0.0517241379310344,0.272727272727273,0.28125,0.888888888888889,10.8673978065803,0.318042813455658,325,0.32
Jamal Shead,TOR,3.84995064165844,2.36920039486673,2.59782966129563,0.0329055610398157,3.25765054294176,116.0696680907,0.328623069339468,1.90601380216891,17.5386640342218,9.24646265218822,0.469750889679715,7.33794011187891,0.327272727272727,1.74399473511023,3.48798947022047,5.19907864429089,6.21915103652517,0.888450148075025,0.401515151515152,0.410852713178295,0.875,0.442460317460317,0.5264389,0.476190476190476,0.50188679245283,0.197433366238894,18.4804341616681,1.89082538638606,2.79329608938548,1.11731843575419,0.0499265785609397,1.57739073282944,0.06966618287373,0.987166831194472,0.625205659756499,0.0228915662650602,0.329055610398157,0.0150829562594268,0.0194239785666443,0.0481481481481481,0.0091185410334346,10.3981572885818,25.4359986837776,5.75847318196775,4.63968410661402,2.27048371174729,1.15169463639355,0.493583415597236,0.0329055610398157,0.0,0.164527805199079,0.0685714285714285,0.654761904761905,6.78113879003559,26.1062780269058,3.52089503126028,0.212301587301587,0.588785046728972,0.46031746031746,5.00164527805199,0.301587301587302,0.421052631578947,0.723922342875946,0.0436507936507936,0.227272727272727,0.4,0.0,1.15169463639355,0.0694444444444444,0.4,0.4,1.0,6.18624547548536,0.308510638297872,185,0.313513513513514
T.J. McConnell,IND,3.6911615306468,2.43819844226211,1.33243379996627,0.0338638672536403,3.21706738909584,116.498655913978,0.705645161290323,2.78897849462366,24.3819844226211,19.4717236708432,0.537391304347826,1.65932949542838,0.319148936170213,1.9302404334575,8.12732814087369,12.8005418218761,1.11750761937013,0.406366407043684,0.388349514563107,0.392156862745098,0.733333333333333,0.078525641025641,0.505371382636656,0.53125,0.545454545454545,0.203183203521842,23.5889570552147,3.25518637206949,5.00672043010753,1.98252688172043,0.0917573872472783,2.68817204301075,0.120845921450151,1.49001015916018,0.575685743311886,0.0248538011695906,0.91432441584829,0.046712802768166,0.0348652931854199,0.0521739130434782,0.0324074074074074,11.8862174060278,28.9536065018625,6.70504571622079,5.18117168980698,2.60751777853031,1.04977988486285,0.169319336268202,0.0,0.0,0.338638672536404,0.0476923076923076,0.387820512820513,7.66765217391304,26.1061224489796,6.53572637995259,0.309294871794872,0.642487046632124,0.42741935483871,10.1591601760921,0.480769230769231,0.476666666666667,2.77683711479851,0.131410256410256,0.51219512195122,0.476190476190476,0.0121951219512195,0.541821876058246,0.0256410256410256,0.375,0.375,1.0,1.11750761937013,0.272727272727273,31,0.290322580645161
Jose Alvarado,NOP,3.08243727598566,2.22222222222222,1.63845876845517,0.0,2.68817204301075,120.115774240232,0.506512301013025,2.67727930535456,20.752688172043,7.59856630824373,0.438679245283019,11.0752688172043,0.36038961038961,2.1505376344086,2.5089605734767,4.15770609318996,8.38709677419355,3.54838709677419,0.376344086021505,0.388888888888889,0.702702702702703,0.593090211132438,0.525046057692308,0.498080614203455,0.525547445255475,0.21505376344086,19.8186933416693,2.44868563197695,3.94356005788712,1.73661360347323,0.0789473684210526,2.09840810419682,0.0829756795422031,0.967741935483871,0.465949820788531,0.018413597733711,0.43010752688172,0.01875,0.0185735512630014,0.0739436619718309,0.021505376344086,9.2831541218638,21.3978494623656,6.45161290322581,2.83154121863799,2.65232974910394,1.11111111111111,0.32258064516129,0.07168458781362,0.0,0.10752688172043,0.0605504587155963,0.744721689059501,6.51603773584906,25.6980582524272,2.83154121863799,0.151631477927063,0.544303797468354,0.348837209302326,4.26523297491039,0.228406909788868,0.38655462184874,0.501792114695341,0.0268714011516314,0.285714285714286,0.25,0.0714285714285714,2.29390681003584,0.122840690978887,0.359375,0.365079365079365,0.956521739130435,8.78136200716846,0.359183673469388,244,0.360655737704918
Cole Anthony,ORL,4.18189200162404,2.6390580592773,3.07660961695192,0.0,4.26309378806334,111.656441717791,1.30879345603272,1.84049079754601,25.57856272838,13.1952902963865,0.470769230769231,8.85099472188388,0.356481481481481,3.77588306942753,3.24807145757207,9.17580186764109,7.1863580998782,2.19244823386115,0.261437908496732,0.27027027027027,0.766233766233766,0.401473296500921,0.502815092592593,0.494475138121547,0.53125,0.406008932196508,24.531636620714,4.15647921760391,6.46216768916155,2.78118609406953,0.109149277688604,3.51738241308793,0.173737373737374,1.86764108810394,0.771416971173366,0.0304975922953451,1.05562322371092,0.0444444444444444,0.037251655629139,0.0666666666666666,0.0284360189573459,7.75477060495331,18.5546082013804,4.7097036134795,3.04506699147381,4.58790093382054,1.90824198132359,0.446609825416159,0.0812017864393016,0.0812017864393016,0.527811611855461,0.0846286701208981,0.580110497237569,8.17846153846154,26.6720183486239,3.93828664230613,0.178637200736648,0.628865979381443,0.262295081967213,7.02395452699959,0.318600368324125,0.410404624277457,2.2330491270808,0.101289134438306,0.381818181818182,0.380952380952381,0.0181818181818181,1.38043036946813,0.0626151012891344,0.441176470588235,0.441176470588235,0.933333333333333,7.47056435241575,0.33695652173913,182,0.340659340659341
Vít Krejčí,ATL,2.07986688851913,1.16472545757072,2.18068535825545,0.0,1.70549084858569,114.516798009125,1.07839070924927,1.49315636665284,17.1381031613977,3.57737104825291,0.63953488372093,8.56905158069884,0.436893203883495,1.33111480865225,2.99500831946755,1.58069883527454,10.3577371048253,0.873544093178037,0.654545454545455,0.692307692307692,0.922222222222222,0.705479452054795,0.562065517241379,0.650684931506849,0.658653846153846,0.249584026622296,13.3852428624397,3.2398753894081,5.5578598092078,2.7789299046039,0.121376811594203,2.4885939444214,0.115163147792706,0.915141430948419,0.415973377703827,0.0197628458498023,0.499168053244592,0.0202360876897133,0.0200181983621474,0.111111111111111,0.0055555555555555,6.11480865224626,14.891846921797,3.45257903494176,2.66222961730449,1.87188019966722,0.748752079866889,0.0831946755407653,0.124792013311148,0.0415973377703826,0.0831946755407653,0.0677419354838709,0.852739726027397,4.9046511627907,25.4946601941748,1.78868552412646,0.147260273972603,0.72093023255814,0.774193548387097,1.58069883527454,0.13013698630137,0.552631578947369,0.207986688851914,0.0171232876712328,0.6,0.666666666666667,0.0,1.9134775374376,0.157534246575342,0.543478260869565,0.543478260869565,1.0,6.65557404326123,0.40625,160,0.40625
Dalano Banton,POR,3.7165082108902303,2.54969749351772,1.25486802250108,0.0432152117545375,3.97579948141746,114.73136915078,1.47313691507799,1.8630849220104,24.1573033707865,12.3163353500432,0.442105263157895,9.59377700950735,0.327272727272727,3.93258426966292,4.06222990492653,6.82800345721694,8.16767502160761,1.16681071737252,0.373015873015873,0.385245901639344,0.875,0.437869822485207,0.541635613682093,0.461538461538462,0.496434937611408,0.345721694036301,24.1869158878505,2.92081350064907,4.54939341421144,2.46967071057192,0.0979381443298969,1.90641247833622,0.0856031128404669,1.29645635263613,0.777873811581677,0.0330275229357798,0.432152117545376,0.0177935943060498,0.025293586269196,0.0853080568720379,0.0200803212851405,6.91443388072602,16.7675021607606,3.97579948141746,2.93863439930856,5.4019014693172,2.67934312878133,0.648228176318064,0.0,0.0,0.302506482281763,0.111913357400722,0.749506903353057,5.21228070175439,26.2752252252252,6.82800345721694,0.31163708086785,0.550632911392405,0.390804597701149,4.3647363872083,0.199211045364892,0.306930693069307,1.12359550561798,0.0512820512820512,0.307692307692308,0.375,0.0,1.98789974070873,0.0907297830374753,0.391304347826087,0.391304347826087,1.0,7.60587726879862,0.306818181818182,174,0.310344827586207
Ben Simmons,LAC,4.57809694793537,2.28904847396768,2.39587998208688,0.0897666068222621,2.6032315978456,116.443252904379,1.02770330652368,1.69794459338695,11.4901256732496,10.0089766606822,0.520179372197309,0.0,0.0,1.07719928186715,5.38599640933573,5.02692998204668,0.0,0.0,0.517241379310345,0.555555555555556,0.0,0.0,0.532535426008969,0.520179372197309,0.540084388185654,0.718132854578097,13.6969696969697,5.39632781012091,8.66845397676497,3.2171581769437,0.152219873150106,4.6916890080429,0.21,2.10951526032316,1.3016157989228,0.0582329317269076,0.763016157989228,0.0334645669291338,0.0457256461232604,0.118918918918919,0.054054054054054,12.7917414721724,31.8671454219031,6.508078994614,6.28366247755835,1.48114901256733,0.763016157989228,0.224416517055655,0.0,0.0,0.0897666068222621,0.0723404255319148,0.488789237668161,4.78116591928251,0.0,4.89228007181329,0.488789237668161,0.605504587155963,0.590909090909091,5.07181328545781,0.506726457399103,0.442477876106195,0.044883303411131,0.0044843049327354,0.0,0.0,0.0,0.0,0.0,0.0,0.0,0.0,0.0,0.0,0,0.0
Cameron Payne,NYK,2.35934664246824,1.497277676951,2.51244907197827,0.0,2.76769509981851,110.569105691057,0.722673893405601,1.76151761517615,22.6860254083485,8.62068965517242,0.452631578947368,11.6152450090744,0.36328125,2.22323049001815,2.35934664246824,5.44464609800363,8.16696914700544,4.491833030853,0.302325581395349,0.302325581395349,0.645161290322581,0.573991031390135,0.528370880361174,0.505605381165919,0.532051282051282,0.0,20.6923995224831,2.35400633770937,4.0650406504065,1.76151761517615,0.0715596330275229,2.21318879855465,0.0983935742971887,0.635208711433757,0.408348457350272,0.0170132325141776,0.226860254083485,0.009784735812133,0.0134615384615384,0.0892018779342723,0.0126050420168067,9.21052631578947,21.7332123411978,5.8983666061706,3.31215970961887,2.45009074410163,0.816696914700545,0.181488203266788,0.136116152450091,0.0453720508166969,0.272232304900181,0.0454545454545454,0.744394618834081,6.58789473684211,26.03984375,3.44827586206897,0.170403587443946,0.473684210526316,0.25,4.3557168784029,0.2152466367713,0.458333333333333,0.816696914700545,0.0403587443946188,0.333333333333333,0.333333333333333,0.0555555555555555,1.27041742286751,0.0627802690582959,0.321428571428571,0.333333333333333,0.888888888888889,10.3448275862069,0.368421052631579,228,0.368421052631579
Dejounte Murray,NOP,4.92726419521352,3.23791647114031,1.43428168351752,0.0469263256687001,3.8479587048334096,120.970782280867,0.56550424128181,2.92177191328935,25.4340685124355,15.016424213984,0.44375,8.16518066635383,0.298850574712644,4.78648521820742,3.47254809948381,9.85452839042703,4.64570624120131,2.67480056311591,0.26056338028169,0.262411347517731,0.634615384615385,0.352226720647773,0.518972267206478,0.445344129554656,0.494515539305302,0.0938526513374002,26.7651888341544,4.70256289677874,8.6239396795476,2.8746465598492,0.132321041214751,5.32516493873704,0.235908141962422,0.797747536367902,0.328484279680901,0.0123893805309734,0.469263256687001,0.0208333333333333,0.016267942583732,0.094240837696335,0.0092592592592592,10.6992022524636,25.4809948381042,6.61661191928672,4.08259033317691,5.81886438291882,2.34631628343501,0.516189582355702,0.281557954012201,0.0,0.375410605349601,0.103896103896104,0.572874493927126,8.8290625,25.6942528735632,5.11496949788832,0.220647773279352,0.559633027522936,0.262295081967213,6.33505396527452,0.273279352226721,0.385185185185185,3.56640075082121,0.153846153846154,0.381578947368421,0.275862068965517,0.0263157894736842,1.3608634443923,0.0587044534412955,0.344827586206897,0.344827586206897,0.9,6.80431722196152,0.289655172413793,145,0.289655172413793
Jalen Suggs,ORL,5.04700643245918,3.11726867887185,2.41557801331033,0.049480455220188,6.38297872340426,106.827111984283,1.62082514734774,2.5049115913556,28.0554181098466,11.8258287976249,0.506276150627615,11.9742701632855,0.319327731092437,4.79960415635824,2.67194458189015,9.30232558139535,8.60959920831272,2.67194458189015,0.223140495867769,0.230769230769231,0.763157894736842,0.503118503118503,0.522520147679325,0.488565488565489,0.53415559772296,0.395843641761504,27.4552597119162,3.47547448853833,5.795677799607071,2.65225933202358,0.110204081632653,3.04518664047151,0.161458333333333,1.13805047006432,0.544285007422068,0.0247191011235955,0.593765462642256,0.0239043824701195,0.0242872228088701,0.110429447852761,0.0424242424242424,6.38297872340426,14.6462147451757,4.50272142503711,1.88025729836715,5.44285007422068,2.02869866402771,0.49480455220188,0.098960910440376,0.0,0.643245917862444,0.0836575875486381,0.677754677754678,8.16234309623431,27.097520661157,4.15635823849579,0.174636174636175,0.738095238095238,0.274193548387097,5.19544779811974,0.218295218295218,0.342857142857143,2.4740227610094,0.103950103950104,0.46,0.130434782608696,0.0,1.78129638792677,0.0748440748440748,0.444444444444444,0.444444444444444,0.9375,10.1929737753587,0.29126213592233,202,0.297029702970297
Bruce Brown,NOP,2.06896551724138,1.53846153846154,1.89081225033289,0.0,2.54641909814324,120.0,0.53475935828877,1.81818181818182,18.0371352785146,12.0954907161804,0.451754385964912,4.29708222811671,0.3375,2.81167108753316,7.10875331564987,3.81962864721485,4.13793103448276,0.159151193633952,0.650485436893204,0.690721649484536,0.962962962962963,0.262135922330097,0.54283961038961,0.464401294498382,0.502967359050445,0.636604774535809,17.4074074074074,4.36750998668442,6.63101604278075,2.35294117647059,0.116710875331565,3.7433155080213902,0.153508771929825,2.12201591511936,0.848806366047745,0.0297951582867784,1.27320954907162,0.0638297872340425,0.0438116100766703,0.116438356164384,0.0396039603960396,4.45623342175066,10.7161803713528,2.6525198938992,1.80371352785146,3.44827586206897,1.64456233421751,0.424403183023873,0.0,0.0,0.26525198938992,0.0933734939759036,0.58252427184466,6.24429824561404,24.7901234567901,5.25198938992042,0.320388349514563,0.616161616161616,0.688524590163934,6.04774535809019,0.368932038834951,0.342105263157895,0.795755968169761,0.0485436893203883,0.2,1.0,0.0,2.22811671087533,0.135922330097087,0.404761904761905,0.414634146341463,1.0,2.06896551724138,0.256410256410256,38,0.263157894736842
Immanuel Quickley,TOR,3.09003729355354,1.97123068726692,1.62061636556854,0.213106020245072,5.06126798082046,113.937466878643,0.211976682564918,1.21886592474828,30.0479488545551,11.3478955780501,0.464788732394366,11.9872136387853,0.381165919282511,5.91369206180075,4.04901438465637,6.49973361747469,10.0692594565796,3.51624933404369,0.383838383838384,0.387755102040816,0.741176470588235,0.513698630136986,0.51588256880734,0.517123287671233,0.567951318458418,0.106553010122536,25.5210745715609,3.10839532412327,5.35241123476418,1.74880763116057,0.0787589498806682,3.33863275039746,0.138766519823789,0.852424080980288,0.213106020245072,0.0077972709551656,0.639318060735216,0.0297766749379652,0.0174672489082969,0.0533333333333333,0.0,10.1758124667022,23.9211507725093,6.60628662759723,3.56952583910496,6.8193926478423,2.98348428343101,0.53276505061268,0.159829515183804,0.0532765050612679,0.372935535428876,0.121399176954733,0.655251141552511,7.75258215962441,26.3897777777778,3.30314331379862,0.141552511415525,0.580645161290323,0.388888888888889,6.6595631326585,0.285388127853881,0.408,1.38518913159297,0.0593607305936073,0.461538461538462,0.333333333333333,0.0,1.3319126265317,0.0570776255707762,0.4,0.4,0.9,10.6553010122536,0.375,198,0.378787878787879
Tre Jones,CHI,1.84404636459431,1.15911485774499,1.44927536231884,0.0,3.53003161222339,116.657880864523,0.527148128624143,1.95044807590933,17.3867228661749,10.0105374077977,0.573684210526316,2.52897787144363,0.382978723404255,2.89778714436249,5.90094836670179,5.58482613277134,3.0031612223393,0.0,0.513761467889908,0.523364485981308,1.0,0.201680672268908,0.553301687763713,0.577731092436975,0.620300751879699,0.210748155953635,14.0260950605778,3.0566534914361,4.48075909330522,1.8450184501845,0.0747863247863247,2.42488139167106,0.104072398190045,1.63329820864067,0.737618545837724,0.0313901345291479,0.895679662802951,0.0364025695931477,0.0339539978094194,0.0558659217877094,0.0103626943005181,10.1159114857745,25.5532139093783,4.79452054794521,5.32139093782929,3.53003161222339,1.47523709167545,0.526870389884089,0.0,0.0,0.526870389884089,0.109375,0.647058823529412,4.73473684210526,24.5916666666667,5.58482613277134,0.445378151260504,0.679245283018868,0.5,4.05690200210748,0.323529411764706,0.441558441558442,0.368809272918862,0.0294117647058823,0.428571428571429,0.666666666666667,0.0,1.26448893572181,0.100840336134454,0.458333333333333,0.458333333333333,1.0,1.26448893572181,0.333333333333333,22,0.318181818181818
KJ Simpson,CHA,3.30773774365033,2.06733608978145,1.64609053497942,0.0,4.48907265209687,118.724400234055,0.351082504388531,1.98946752486834,16.6568222090963,10.100413467218,0.415204678362573,7.67867690490254,0.253846153846154,2.42173656231542,2.71707028942705,5.67040756054341,3.8984051978736,1.9492025989368,0.323943661971831,0.353846153846154,0.666666666666667,0.431893687707641,0.517555442176871,0.400332225913621,0.436532507739938,0.708800945067927,19.2777212614446,3.20399764844209,4.09596255119953,1.17027501462844,0.0544959128065395,2.92568753657109,0.116279069767442,2.30360307147076,0.945067926757236,0.0337552742616033,1.2994683992912,0.0541871921182266,0.0431818181818181,0.0625,0.0273972602739726,6.61547548730065,16.1252215002953,3.72120496160662,2.89427052569403,2.95333727111636,1.2994683992912,0.354400472533963,0.0,0.0,0.354400472533963,0.0694006309148265,0.641196013289037,6.80409356725146,25.7976923076923,3.72120496160662,0.209302325581395,0.619047619047619,0.333333333333333,5.49320732427643,0.308970099667774,0.32258064516129,0.886001181334909,0.0498338870431893,0.133333333333333,0.5,0.0,1.12226816302422,0.0631229235880398,0.263157894736842,0.294117647058824,1.0,6.55640874187832,0.252252252252252,111,0.252252252252252
Ryan Rollins,MIL,3.125,1.94575471698113,2.5989367985824,0.0589622641509434,2.77122641509434,111.89349112426,1.00591715976331,2.48520710059172,20.5778301886792,8.90330188679245,0.549668874172186,7.07547169811321,0.411764705882353,2.12264150943396,3.41981132075472,6.36792452830189,7.95990566037736,0.707547169811321,0.349397590361446,0.3625,0.918367346938776,0.44280442804428,0.55160037037037,0.577490774907749,0.6,0.35377358490566,18.4210526315789,3.18960425280567,5.14792899408284,1.83431952662722,0.0748792270531401,3.07692307692308,0.125,1.23820754716981,0.530660377358491,0.0254957507082152,0.707547169811321,0.0343839541547277,0.0299145299145299,0.0507246376811594,0.0206185567010309,6.13207547169811,14.4457547169811,3.95047169811321,2.18160377358491,2.65330188679245,1.17924528301887,0.35377358490566,0.0,0.0,0.294811320754717,0.0701754385964912,0.70479704797048,6.31192052980132,25.1408333333333,4.18632075471698,0.261992619926199,0.661971830985916,0.404255319148936,3.41981132075472,0.214022140221402,0.482758620689655,1.29716981132075,0.081180811808118,0.363636363636364,0.25,0.0454545454545454,3.06603773584906,0.191881918819188,0.480769230769231,0.480769230769231,1.0,4.00943396226415,0.352941176470588,67,0.358208955223881
Marcus Sasser,DET,3.23547034152187,2.15698022768125,2.15182307232516,0.0,2.93588975434392,110.733452593918,0.238521168753727,2.20632081097197,22.4685440383463,8.62792091072499,0.548611111111111,9.10724985020971,0.384105960264901,2.57639304973038,3.95446375074895,5.5122828040743,6.1114439784302,4.31396045536249,0.417721518987342,0.43421052631579,0.586206896551724,0.513513513513514,0.515287455830389,0.560810810810811,0.591482649842271,0.359496704613541,19.4342587742273,2.06216377764495,3.04114490161002,1.07334525939177,0.0441176470588235,1.78890876565295,0.0802139037433155,1.07849011384062,0.11983223487118,0.0053619302949061,0.958657878969443,0.0378250591016548,0.0226130653266331,0.0384615384615384,0.0148148148148148,7.96884361893349,19.592570401438,4.31396045536249,3.654883163571,3.0557219892151,1.31815458358298,0.359496704613541,0.0599161174355901,0.0,0.239664469742361,0.0734824281150159,0.668918918918919,8.62986111111111,25.9854304635762,2.75614140203715,0.155405405405405,0.695652173913044,0.46875,4.07429598562013,0.22972972972973,0.514705882352941,1.79748352306771,0.101351351351351,0.4,0.666666666666667,0.0,1.31815458358298,0.0743243243243243,0.363636363636364,0.363636363636364,0.875,7.78909526662672,0.384615384615385,129,0.387596899224806
Aaron Holiday,HOU,2.25197808886184,1.76506390748631,1.93821926105391,0.0608642726719415,2.98234936092514,106.992163954189,0.663050030138638,1.14526823387583,20.6938527084601,5.29519172245892,0.517241379310345,11.0164333536214,0.402234636871508,2.06938527084601,2.06938527084601,3.40839926962873,10.7729762629337,2.37370663420572,0.377777777777778,0.377777777777778,0.819444444444444,0.675373134328358,0.519023282442748,0.57089552238806,0.591228070175439,0.0,16.7359667359667,2.36220472440945,3.91802290536468,2.04942736588306,0.0779816513761468,1.68776371308017,0.0748663101604278,0.79123554473524,0.304321363359708,0.0117924528301886,0.486914181375533,0.0206185567010309,0.0160098522167487,0.0769230769230769,0.0082644628099173,5.05173463177115,12.3554473524041,2.79975654290931,2.25197808886184,2.4954351795496,0.547778454047474,0.182592818015825,0.0,0.0,0.669506999391357,0.0328467153284671,0.753731343283582,9.01954022988506,26.4060773480663,1.27814972611077,0.0783582089552238,0.714285714285714,0.333333333333333,2.86062081558125,0.175373134328358,0.425531914893617,1.15642118076689,0.0708955223880597,0.526315789473684,0.6,0.0526315789473684,2.13024954351796,0.130597014925373,0.457142857142857,0.457142857142857,1.0,8.88618381010347,0.383561643835616,144,0.388888888888889
Vasilije Micić,PHX,4.94858611825193,3.53470437017995,1.4502094747019,0.0,3.08483290488432,112.928248222366,0.0,0.96961861667744,17.2879177377892,9.51156812339332,0.337837837837838,8.03341902313625,0.36,2.18508997429306,2.18508997429306,4.24164524421594,4.62724935732648,4.04884318766067,0.34,0.34,0.533333333333333,0.457875457875458,0.518217032967033,0.43040293040293,0.462068965517241,0.0,20.3775680177679,2.86819207218821,4.46024563671623,1.93923723335488,0.0849858356940509,2.39172592113769,0.0925,1.2853470437018,0.77120822622108,0.0273348519362186,0.51413881748072,0.0213903743315508,0.02460024600246,0.0891719745222929,0.0125,8.22622107969152,18.9588688946015,5.71979434447301,2.50642673521851,2.63496143958869,0.89974293059126,0.25706940874036,0.12853470437018,0.0,0.32133676092545,0.0561403508771929,0.648351648351648,9.12972972972973,26.2592,3.34190231362468,0.19047619047619,0.5,0.346153846153846,3.14910025706941,0.17948717948718,0.224489795918367,3.02056555269923,0.172161172161172,0.276595744680851,0.538461538461538,0.0212765957446808,0.25706940874036,0.0146520146520146,0.25,0.25,1.0,7.77634961439589,0.363636363636364,121,0.363636363636364
Lonzo Ball,CHI,2.46690734055355,1.62454873646209,1.65214779212977,0.120336943441637,1.08303249097473,110.557888422316,1.01979604079184,2.81943611277744,16.0649819494585,2.88808664259928,0.458333333333333,11.7328519855596,0.350785340314136,1.323706377858,1.44404332129964,1.20336943441637,10.6498194945848,1.44404332129964,0.545454545454545,0.545454545454545,0.880597014925373,0.802469135802469,0.551550210970464,0.504115226337449,0.525590551181102,0.0,15.7501334757074,3.5446079903875,5.57888422315537,2.93941211757649,0.12280701754386,2.57948410317936,0.1002331002331,1.50421179302046,0.661853188929001,0.0308123249299719,0.842358604091456,0.03125,0.031055900621118,0.132352941176471,0.0335570469798657,6.9193742478941,16.9073405535499,3.8507821901323696,3.06859205776173,1.62454873646209,0.120336943441637,0.0601684717208182,0.240673886883273,0.0,0.36101083032491,0.0241935483870967,0.88477366255144,7.95625,26.6528205128205,1.20336943441637,0.0823045267489712,0.55,0.545454545454545,1.02286401925391,0.0699588477366255,0.411764705882353,0.661853188929001,0.0452674897119341,0.363636363636364,0.75,0.0,2.64741275571601,0.181069958847737,0.386363636363636,0.395348837209302,1.0,9.08543922984356,0.33112582781457,147,0.340136054421769
Marcus Smart,WAS,3.68349249658936,2.59208731241473,1.80579216354344,0.0,4.63847203274216,110.823689584752,0.612661674608577,2.65486725663717,20.8049113233288,7.91268758526603,0.448275862068966,9.61800818553888,0.355072463768116,3.68349249658936,2.72851296043656,4.3656207366985,8.39017735334243,1.63710777626194,0.384615384615385,0.392156862745098,0.836734693877551,0.54863813229572,0.515047233201581,0.488326848249027,0.525862068965517,0.136425648021828,20.6358728254349,2.45315161839864,3.67597004765146,1.76991150442478,0.0730337078651685,1.76991150442478,0.0732394366197183,1.22783083219645,0.477489768076398,0.0205278592375366,0.750341064120055,0.0319767441860465,0.0262773722627737,0.0747663551401869,0.019047619047619,7.43519781718963,17.8717598908595,4.43383356070941,3.00136425648022,4.8431105047749,1.29604365620737,0.272851296043656,0.068212824010914,0.0,1.15961800818554,0.0732600732600732,0.64591439688716,7.20862068965517,26.1,1.70532060027285,0.0972762645914396,0.64,0.5625,5.52523874488404,0.315175097276265,0.37037037037037,0.682128240109141,0.0389105058365758,0.6,0.0,0.0,2.72851296043656,0.155642023346304,0.325,0.325,0.923076923076923,6.88949522510232,0.356435643564356,98,0.36734693877551
Kyle Lowry,PHI,1.58610271903323,1.05740181268882,2.33785822021116,0.0,2.79456193353474,112.274096385542,0.828313253012048,2.48493975903614,10.4229607250755,2.19033232628399,0.413793103448276,6.64652567975831,0.337209302325581,2.0392749244713,1.20845921450151,0.604229607250755,6.1178247734139,0.453172205438066,0.666666666666667,0.666666666666667,0.931034482758621,0.752136752136752,0.518210087719298,0.474358974358974,0.518796992481203,0.0,10.3494623655914,2.526395173454,4.21686746987952,1.73192771084337,0.0851851851851851,2.48493975903614,0.0973451327433628,0.830815709969789,0.302114803625378,0.0130718954248366,0.377643504531722,0.0145348837209302,0.0138461538461538,0.0212765957446808,0.0092592592592592,7.25075528700906,17.5226586102719,4.22960725075529,3.02114803625378,2.49244712990937,0.755287009063444,0.0,0.0755287009063444,0.0,0.377643504531722,0.0859375,0.803418803418804,9.05862068965517,26.8670454545455,0.453172205438066,0.0512820512820512,0.666666666666667,0.5,1.20845921450151,0.136752136752137,0.375,0.528700906344411,0.0598290598290598,0.285714285714286,1.0,0.285714285714286,1.51057401812689,0.170940170940171,0.35,0.35,1.0,5.13595166163142,0.323529411764706,66,0.333333333333333
Reed Sheppard,HOU,2.65804597701149,2.08333333333333,1.90032269630692,0.0,0.790229885057471,113.958482462419,1.21689334287759,2.50536864710093,16.4511494252874,6.9683908045977,0.371134020618557,10.2011494252874,0.338028169014085,0.933908045977012,1.72413793103448,3.44827586206897,8.62068965517242,1.72413793103448,0.333333333333333,0.352941176470588,0.833333333333333,0.594142259414226,0.520128870292887,0.451882845188285,0.463414634146342,0.28735632183908,17.5449473031618,2.79670132664037,4.43808160343594,2.36220472440945,0.0916666666666666,1.86113099498926,0.0855263157894736,1.14942528735632,0.502873563218391,0.0199430199430199,0.646551724137931,0.028391167192429,0.0239520958083832,0.0970149253731343,0.01,5.38793103448276,13.2183908045977,2.94540229885057,2.44252873563218,1.14942528735632,0.359195402298851,0.0,0.0718390804597701,0.0,0.0718390804597701,0.0244897959183673,0.694560669456067,9.62164948453608,26.2204225352113,1.72413793103448,0.100418410041841,0.625,0.466666666666667,3.59195402298851,0.209205020920502,0.26,1.65229885057471,0.0962343096234309,0.347826086956522,0.25,0.0434782608695652,1.72413793103448,0.100418410041841,0.25,0.25,1.0,8.47701149425287,0.355932203389831,118,0.355932203389831
Delon Wright,NYK,1.71875,1.171875,0.979240109674892,0.078125,2.421875,108.955223880597,0.942655145326002,2.74941084053417,9.765625,4.53125,0.431034482758621,5.703125,0.273972602739726,1.171875,1.71875,2.1875,4.6875,0.0,0.44,0.523809523809524,1.0,0.557251908396947,0.555899236641221,0.419847328244275,0.437062937062937,0.625,11.4265927977839,2.58519388954172,3.06362922230951,1.1783189316575,0.0501672240802675,1.885310290652,0.0794701986754966,2.109375,1.09375,0.043076923076923,1.015625,0.0476190476190476,0.0451505016722408,0.0756302521008403,0.0344827586206896,6.015625,15.234375,2.8125,3.203125,1.953125,0.9375,0.078125,0.0,0.0,0.078125,0.0845070422535211,0.83206106870229,4.42068965517241,25.2095890410959,2.8125,0.274809160305344,0.555555555555556,0.5,1.5625,0.152671755725191,0.2,0.15625,0.015267175572519,0.5,0.0,0.0,1.640625,0.16030534351145,0.428571428571429,0.428571428571429,1.0,4.0625,0.211538461538462,52,0.211538461538462
Jeff Dowtin Jr.,PHI,1.19712689545092,0.798084596967279,1.15907274180655,0.0,3.03272146847566,119.455564451561,0.960768614891914,1.92153722978383,22.7454110135674,12.7693535514765,0.525,5.58659217877095,0.4,2.63367916999202,3.99042298483639,9.41739824421389,4.07023144453312,2.63367916999202,0.297619047619048,0.301204819277108,0.607142857142857,0.304347826086957,0.516002608695652,0.547826086956522,0.572289156626506,0.159616919393456,18.3333333333333,2.39808153477218,3.84307445956765,1.68134507606085,0.077490774907749,2.08166533226581,0.0896551724137931,0.957701516360734,0.478850758180367,0.0202020202020202,0.478850758180367,0.0193548387096774,0.0197693574958813,0.0661157024793388,0.0169491525423728,6.22505985634477,15.6424581005587,3.03272146847566,3.19233838786911,3.59138068635275,1.75578611332801,0.558659217877095,0.0,0.0,0.319233838786911,0.0897959183673469,0.560869565217391,8.174375,25.6671428571429,4.70869912210694,0.256521739130435,0.593220338983051,0.342857142857143,5.10774142059058,0.278260869565217,0.5,2.95291300877893,0.160869565217391,0.45945945945946,0.411764705882353,0.0,1.35674381484437,0.0739130434782608,0.411764705882353,0.411764705882353,1.0,4.22984836392658,0.39622641509434,53,0.39622641509434
Cory Joseph,ORL,1.46460537021969,0.976403580146461,2.03583061889251,0.0,3.09194467046379,109.861450692747,0.32599837000815,2.11898940505297,14.4019528071603,3.82424735557364,0.48936170212766,8.70626525630594,0.367924528301887,1.13913751017087,1.46460537021969,2.27827502034174,8.29943043124492,1.22050447518308,0.391304347826087,0.409090909090909,0.871794871794872,0.694805194805195,0.518713513513514,0.529220779220779,0.549689440993789,0.16273393002441,12.8776978417266,3.01302931596091,4.64547677261614,2.68948655256724,0.110738255033557,1.54849225753871,0.0772357723577235,1.38323840520749,0.732302685109845,0.0320284697508896,0.65093572009764,0.0258064516129032,0.0287648054145516,0.147727272727273,0.053763440860215,5.85842148087876,14.8901545972335,2.68510984540277,3.173311635476,1.46460537021969,0.65093572009764,0.244100895036615,0.081366965012205,0.0,0.081366965012205,0.05625,0.818181818181818,8.03404255319149,25.8084905660377,1.5459723352319,0.123376623376623,0.526315789473684,0.3,1.46460537021969,0.116883116883117,0.444444444444444,0.813669650122051,0.0649350649350649,0.5,0.4,0.0,1.95280716029292,0.155844155844156,0.375,0.375,1.0,6.75345809601302,0.36144578313253,82,0.365853658536585
Monté Morris,PHX,1.81975736568458,1.47313691507799,1.0,0.0,2.51299826689775,111.780104712042,0.261780104712042,1.74520069808028,20.1906412478336,9.44540727902946,0.477064220183486,7.4523396880416,0.36046511627907,3.11958405545927,4.15944540727903,4.8526863084922,7.2790294627383,0.779896013864818,0.461538461538462,0.461538461538462,0.903225806451613,0.441025641025641,0.500585641025641,0.505128205128205,0.541860465116279,0.0,18.001525553013,2.91304347826087,4.79930191972077,1.91972076788831,0.0761245674740484,2.87958115183246,0.113793103448276,1.03986135181976,0.693240901213172,0.03125,0.346620450606586,0.0150375939849624,0.0229885057471264,0.102272727272727,0.0178571428571428,6.32582322357019,14.6447140381283,4.33275563258232,1.99306759098787,3.63951473136915,1.38648180242634,0.0866551126516464,0.0866551126516464,0.0,0.346620450606586,0.0805687203791469,0.543589743589744,9.33211009174312,24.743023255814,1.73310225303293,0.102564102564103,0.65,0.461538461538462,5.63258232235702,0.333333333333333,0.430769230769231,2.07972270363952,0.123076923076923,0.458333333333333,0.454545454545455,0.0416666666666666,3.55285961871751,0.21025641025641,0.365853658536585,0.375,1.0,3.89948006932409,0.355555555555556,45,0.355555555555556
Malcolm Brogdon,WAS,3.23404255319149,1.87234042553192,1.27496812579686,0.0,5.78723404255319,120.118845500849,0.424448217317487,1.10356536502547,25.9574468085106,15.6595744680851,0.478260869565217,4.76595744680851,0.290909090909091,6.8936170212766,5.4468085106383,9.53191489361702,3.8297872340425503,0.25531914893617,0.363636363636364,0.376470588235294,0.9375,0.233333333333333,0.538985983263598,0.466666666666667,0.53914590747331,0.51063829787234,24.1118669690098,3.86740331491713,5.94227504244482,2.88624787775891,0.125,2.97113752122241,0.12962962962963,1.78723404255319,1.1063829787234,0.0448275862068965,0.680851063829787,0.0310077519379844,0.0383211678832116,0.0595238095238095,0.037037037037037,8.34042553191489,20.3404255319149,4.68085106382979,3.6595744680851103,7.82978723404255,2.97872340425532,0.51063829787234,0.170212765957447,0.0,0.851063829787234,0.136531365313653,0.5875,6.92228260869565,26.6410714285714,7.23404255319149,0.354166666666667,0.647058823529412,0.309090909090909,5.78723404255319,0.283333333333333,0.352941176470588,2.63829787234043,0.129166666666667,0.290322580645161,0.333333333333333,0.032258064516129,0.425531914893617,0.0208333333333333,0.4,0.4,1.0,4.34042553191489,0.274509803921569,50,0.28
Jordan Goodwin,LAL,2.38970588235294,1.5625,1.9742883379247,0.0,1.10294117647059,115.871559633028,1.00917431192661,2.75229357798165,14.7977941176471,6.98529411764706,0.486842105263158,6.25,0.382352941176471,0.827205882352941,3.125,3.67647058823529,6.89338235294118,0.275735294117647,0.45945945945946,0.566666666666667,0.961538461538462,0.472222222222222,0.525335763888889,0.527777777777778,0.540268456375839,1.28676470588235,13.9109697933227,5.14233241505969,6.78899082568807,3.21100917431193,0.152838427947598,3.21100917431193,0.128676470588235,3.49264705882353,1.10294117647059,0.0489795918367346,2.29779411764706,0.0929368029739776,0.0719844357976653,0.148648648648649,0.0649350649350649,3.86029411764706,9.46691176470588,2.11397058823529,1.74632352941176,1.01102941176471,0.183823529411765,0.0919117647058823,0.0,0.0,0.367647058823529,0.0137931034482758,0.659722222222222,7.38552631578947,24.6941176470588,2.48161764705882,0.1875,0.518518518518519,0.285714285714286,3.49264705882353,0.263888888888889,0.473684210526316,1.01102941176471,0.0763888888888889,0.454545454545455,0.2,0.0,3.03308823529412,0.229166666666667,0.393939393939394,0.393939393939394,1.0,3.21691176470588,0.371428571428571,35,0.371428571428571
Rob Dillingham,MIN,4.94402985074627,3.17164179104478,1.72978027115475,0.0,2.61194029850746,113.683223992502,0.0937207122774133,1.87441424554827,20.4291044776119,12.7798507462687,0.496350364963504,6.90298507462687,0.337837837837838,0.746268656716418,3.91791044776119,8.76865671641791,3.35820895522388,3.63805970149254,0.308823529411765,0.318181818181818,0.48,0.350710900473934,0.519612796208531,0.5,0.504608294930876,0.373134328358209,22.1311475409836,2.33754090696587,3.56138706654171,1.21836925960637,0.0537190082644628,2.34301780693533,0.0992063492063492,1.11940298507463,0.559701492537313,0.023076923076923,0.559701492537313,0.0251046025104602,0.0240480961923847,0.058252427184466,0.0288461538461538,9.14179104477612,21.9216417910448,5.50373134328358,3.63805970149254,1.39925373134328,0.652985074626866,0.279850746268657,0.0,0.0,0.186567164179105,0.0325581395348837,0.625592417061611,7.64598540145985,25.4594594594595,5.41044776119403,0.274881516587678,0.620689655172414,0.361111111111111,5.03731343283582,0.255924170616114,0.481481481481481,2.33208955223881,0.118483412322275,0.24,0.666666666666667,0.0,1.11940298507463,0.0568720379146919,0.5,0.5,1.0,5.78358208955224,0.306451612903226,62,0.306451612903226
Craig Porter Jr.,CLE,3.58152686145146,2.16776625824694,1.17924528301887,0.0,2.16776625824694,115.108593012276,1.41643059490085,1.6052880075543,17.7191328934967,8.67106503298775,0.554347826086957,4.52403393025448,0.434782608695652,2.16776625824694,5.08953817153629,4.52403393025448,4.24128180961357,1.69651272384543,0.529411764705882,0.551020408163265,0.714285714285714,0.342857142857143,0.567026811594203,0.589285714285714,0.61038961038961,0.377002827521206,15.8940397350993,3.16037735849057,4.53257790368272,1.69971671388102,0.0697674418604651,2.45514636449481,0.0981132075471698,1.79076343072573,0.471253534401508,0.0222222222222222,1.22525918944392,0.0532786885245901,0.0383795309168443,0.0736842105263157,0.0111111111111111,6.69180018850141,16.3053722902922,3.77002827521206,2.92177191328935,3.01602262016965,1.22525918944392,0.377002827521206,0.0,0.0,0.471253534401508,0.087248322147651,0.735714285714286,5.01086956521739,26.3666666666667,5.18378887841659,0.392857142857143,0.672727272727273,0.594594594594595,2.82752120640905,0.214285714285714,0.433333333333333,0.659754948162111,0.05,0.142857142857143,0.0,0.142857142857143,1.22525918944392,0.0928571428571428,0.384615384615385,0.384615384615385,0.8,3.29877474081056,0.457142857142857,32,0.46875
Elfrid Payton,NOP,5.62440419447093,4.38512869399428,1.70859041290935,0.0,1.04861773117255,115.500945179584,1.03969754253308,2.26843100189036,8.10295519542421,11.0581506196378,0.336206896551724,0.571973307912297,0.166666666666667,0.381315538608198,1.33460438512869,6.10104861773117,0.285986653956149,0.0,0.17948717948718,0.184210526315789,1.0,0.0491803278688524,0.472366393442623,0.331967213114754,0.34,0.190657769304099,15.5932203389831,3.74940673943996,6.04914933837429,2.36294896030246,0.108695652173913,3.59168241965974,0.131034482758621,1.42993326978074,1.04861773117255,0.0379310344827586,0.381315538608198,0.0181818181818181,0.0294117647058823,0.115789473684211,0.0470588235294117,15.8245948522402,36.7016205910391,10.7721639656816,5.05243088655863,0.667302192564347,0.285986653956149,0.0953288846520495,0.0,0.0,0.0953288846520495,0.0241935483870967,0.237704918032787,7.825,27.35,2.19256434699714,0.188524590163934,0.391304347826087,0.444444444444444,8.19828408007626,0.704918032786885,0.325581395348837,0.667302192564347,0.0573770491803278,0.285714285714286,0.0,0.0,0.0953288846520495,0.0081967213114754,0.0,0.0,0.0,0.476644423260248,0.2,5,0.2
Keaton Wallace,ATL,3.16698656429942,1.82341650671785,1.86424474187381,0.0,1.15163147792706,110.571428571429,0.857142857142857,2.66666666666667,16.1228406909789,7.67754318618042,0.475,7.86948176583493,0.333333333333333,1.05566218809981,2.11132437619962,5.18234165067179,6.33397312859885,1.43953934740883,0.289473684210526,0.289473684210526,0.814814814814815,0.506172839506173,0.510644720496895,0.484567901234568,0.502994011976048,0.0,17.0648464163823,2.39005736137667,4.0952380952381,2.19047619047619,0.0931174089068826,1.71428571428571,0.0676691729323308,0.671785028790787,0.383877159309021,0.0177777777777777,0.287907869481766,0.0119047619047619,0.0146750524109014,0.0526315789473684,0.0,7.77351247600768,19.7696737044146,3.55086372360845,4.22264875239923,1.05566218809981,0.479846449136276,0.0959692898272552,0.0,0.0,0.0959692898272552,0.0301204819277108,0.604938271604938,9.8475,26.0182926829268,1.53550863723608,0.0987654320987654,0.5625,0.444444444444444,4.41458733205374,0.283950617283951,0.543478260869565,1.7274472168906,0.111111111111111,0.222222222222222,0.0,0.0,0.959692898272553,0.0617283950617283,0.4,0.4,1.0,6.90978886756238,0.319444444444444,71,0.323943661971831
Brandon Williams,DAL,3.75722543352601,2.69749518304432,1.59343312409464,0.0,5.49132947976879,111.810261374637,0.484027105517909,2.32333010648596,26.3005780346821,12.2350674373796,0.574803149606299,5.78034682080925,0.421052631578947,5.29865125240848,4.23892100192678,9.82658959537572,5.78034682080925,1.15606936416185,0.301369863013699,0.305555555555556,0.833333333333333,0.320855614973262,0.555345977011494,0.582887700534759,0.631944444444444,0.192678227360308,22.3488168273444,2.80057943022694,4.45304937076476,2.71055179090029,0.114754098360656,1.54888673765731,0.0689655172413793,1.15606936416185,0.770712909441233,0.0316205533596837,0.289017341040462,0.0151515151515151,0.024390243902439,0.115384615384615,0.0625,7.32177263969172,17.2447013487476,4.72061657032755,2.60115606936416,6.35838150289017,2.79383429672447,0.674373795761079,0.0963391136801541,0.0,0.578034682080925,0.142857142857143,0.737967914438503,5.11338582677165,27.0610169491525,7.51445086705202,0.417112299465241,0.641025641025641,0.3,3.75722543352601,0.20855614973262,0.461538461538462,0.963391136801541,0.053475935828877,0.5,0.2,0.0,1.15606936416185,0.0641711229946524,0.416666666666667,0.416666666666667,1.0,4.6242774566474,0.395833333333333,45,0.422222222222222
Reece Beekman,BKN,2.23404255319149,1.80851063829787,1.90779014308426,0.0,2.97872340425532,113.093980992608,0.211193241816262,3.48468848996832,9.8936170212766,7.12765957446809,0.417910447761194,4.25531914893617,0.175,1.70212765957447,2.76595744680851,3.19148936170213,2.23404255319149,0.0,0.464285714285714,0.481481481481481,1.0,0.373831775700935,0.522485046728972,0.35981308411215,0.397435897435897,0.212765957446809,12.6605504587156,2.06677265500795,2.7455121436114,1.26715945089757,0.0674157303370786,1.47835269271383,0.0682926829268292,1.38297872340426,0.319148936170213,0.0128755364806866,1.06382978723404,0.0383141762452107,0.0263157894736842,0.0483870967741935,0.0112359550561797,6.70212765957447,16.7021276595745,3.40425531914894,3.29787234042553,2.23404255319149,0.957446808510638,0.106382978723404,0.0,0.0,0.212765957446809,0.0782608695652174,0.728971962616822,5.81492537313433,25.0475,4.04255319148936,0.355140186915888,0.552631578947369,0.476190476190476,2.34042553191489,0.205607476635514,0.272727272727273,0.74468085106383,0.0654205607476635,0.142857142857143,1.0,0.142857142857143,1.70212765957447,0.149532710280374,0.25,0.25,1.0,2.5531914893617,0.125,24,0.125
Collin Gillespie,PHX,1.84182015167931,1.08342361863489,1.62337662337662,0.108342361863489,2.70855904658722,121.513513513514,0.540540540540541,2.27027027027027,21.0184182015168,7.36728060671723,0.426470588235294,9.75081256771398,0.443181818181818,2.05850487540628,1.73347778981582,4.55037919826652,10.0758396533044,2.60021668472373,0.275862068965517,0.285714285714286,0.794871794871795,0.569620253164557,0.51829935483871,0.55379746835443,0.577380952380952,0.216684723726977,17.4528301886792,4.22077922077922,6.05405405405405,2.48648648648649,0.111111111111111,3.45945945945946,0.15609756097561,2.38353196099675,1.30010834236186,0.0545454545454545,0.975081256771398,0.0416666666666666,0.0481651376146789,0.1,0.0217391304347826,8.45070422535211,20.1516793066089,5.20043336944745,3.25027085590466,2.38353196099675,1.19176598049838,0.216684723726977,0.0,0.0,0.108342361863489,0.0658682634730539,0.721518987341772,7.59852941176471,26.44,2.60021668472373,0.151898734177215,0.5,0.333333333333333,3.57529794149512,0.208860759493671,0.393939393939394,1.19176598049838,0.0696202531645569,0.363636363636364,0.25,0.0,2.27518959913326,0.132911392405063,0.523809523809524,0.523809523809524,0.909090909090909,7.47562296858072,0.405797101449275,67,0.417910447761194
Devin Carter,SAC,2.24719101123596,1.62297128589263,2.44360902255639,0.249687890137328,5.86766541822722,112.830188679245,0.50314465408805,2.64150943396226,17.2284644194757,8.23970037453184,0.439393939393939,7.61548064918851,0.295081967213115,3.24594257178527,2.49687890137328,4.74406991260924,5.2434456928839,1.49812734082397,0.344827586206897,0.4,0.777777777777778,0.480314960629921,0.5223948,0.440944881889764,0.469387755102041,0.998751560549313,17.6848874598071,4.76190476190476,7.16981132075472,2.51572327044025,0.112359550561798,4.52830188679245,0.2,2.37203495630462,1.24843945068664,0.0478468899521531,1.12359550561798,0.0508474576271186,0.0492227979274611,0.119047619047619,0.0408163265306122,5.11860174781523,12.6092384519351,2.74656679151061,2.37203495630462,5.49313358302122,2.12234706616729,0.0,0.0,0.0,0.374531835205993,0.118055555555556,0.700787401574803,5.80454545454546,26.2573770491803,3.4956304619226,0.220472440944882,0.607142857142857,0.470588235294118,4.36953807740325,0.275590551181102,0.314285714285714,0.374531835205993,0.0236220472440944,0.333333333333333,0.0,0.0,1.99750312109863,0.125984251968504,0.3125,0.3125,0.8,5.61797752808989,0.288888888888889,45,0.288888888888889
Reggie Jackson,PHI,2.23390275952694,1.1826544021025,2.22950819672131,0.131406044678055,1.05124835742444,115.183246073298,0.392670157068063,2.09424083769634,17.8712220762155,7.75295663600526,0.457627118644068,9.72404730617608,0.347222222222222,0.919842312746386,3.15374507227332,3.94218134034166,7.88436268068331,1.97109067017083,0.444444444444444,0.461538461538462,0.8,0.556390977443609,0.515079389312977,0.484962406015038,0.496350364963504,0.26281208935611,17.9278230500582,2.75409836065574,4.45026178010471,1.04712041884817,0.0522875816993464,3.27225130890052,0.130890052356021,1.05124835742444,0.525624178712221,0.0232558139534883,0.525624178712221,0.0211640211640211,0.0221606648199446,0.0517241379310344,0.0136986301369863,5.91327201051248,14.5860709592641,3.15374507227332,2.75952693823916,1.1826544021025,0.394218134034166,0.131406044678055,0.0,0.0,0.26281208935611,0.0222222222222222,0.699248120300752,7.9135593220339,26.6283783783784,2.49671484888305,0.142857142857143,0.578947368421053,0.636363636363636,3.67936925098555,0.210526315789474,0.428571428571429,1.57687253613666,0.0902255639097744,0.333333333333333,0.0,0.0,1.97109067017083,0.112781954887218,0.4,0.4,1.0,7.75295663600526,0.322033898305085,57,0.333333333333333
Quenton Jackson,IND,1.99004975124378,1.11940298507463,2.65596046942557,0.248756218905473,5.4726368159204,112.147239263804,0.613496932515337,2.57668711656442,20.1492537313433,10.1990049751244,0.524390243902439,4.97512437810945,0.375,3.85572139303483,5.97014925373134,4.72636815920398,5.22388059701493,0.373134328358209,0.558139534883721,0.6,0.933333333333333,0.327868852459016,0.610187704918033,0.536885245901639,0.578571428571429,0.746268656716418,17.1240395170143,2.71772699197035,3.68098159509202,1.84049079754601,0.0847457627118644,1.84049079754601,0.0857142857142857,1.74129353233831,1.3681592039801,0.0601092896174863,0.373134328358209,0.0163043478260869,0.0381471389645776,0.0760869565217391,0.053763440860215,6.59203980099503,15.1741293532338,4.60199004975124,1.99004975124378,4.97512437810945,2.11442786069652,0.497512437810945,0.0,0.0,0.621890547263682,0.125925925925926,0.844262295081967,3.72926829268293,25.305,7.83582089552239,0.516393442622951,0.587301587301587,0.594594594594595,1.49253731343284,0.0983606557377049,0.416666666666667,0.870646766169154,0.0573770491803278,0.142857142857143,0.0,0.0,1.61691542288557,0.10655737704918,0.307692307692308,0.307692307692308,1.0,3.35820895522388,0.407407407407407,27,0.407407407407407
Danté Exum,DAL,2.86085825747724,1.82054616384916,2.21498371335505,0.260078023407022,4.03120936280884,118.407310704961,0.391644908616188,1.56657963446475,22.6267880364109,10.5331599479844,0.506172839506173,6.89206762028609,0.442307692307692,2.99089726918075,4.42132639791938,6.24187256176853,8.1924577373212,0.780234070221066,0.414634146341463,0.414634146341463,0.91304347826087,0.395522388059701,0.543601879699248,0.563432835820896,0.587837837837838,0.0,19.8135198135198,2.14983713355049,3.78590078328982,1.82767624020888,0.0689655172413793,1.95822454308094,0.09375,0.520156046814044,0.260078023407022,0.01,0.260078023407022,0.0128205128205128,0.0112359550561797,0.0681818181818181,0.0,7.28218465539662,17.4252275682705,4.42132639791938,2.86085825747724,4.03120936280884,1.82054616384916,0.390117035110533,0.0,0.0,0.390117035110533,0.096551724137931,0.723880597014925,5.3358024691358,25.5490566037736,5.72171651495449,0.328358208955224,0.613636363636364,0.37037037037037,4.16124837451235,0.238805970149254,0.34375,0.650195058517555,0.0373134328358208,0.6,0.333333333333333,0.0,2.21066319895969,0.126865671641791,0.588235294117647,0.588235294117647,1.0,4.6814044213264,0.361111111111111,35,0.371428571428571
Jaden Springer,UTA,2.11081794195251,1.18733509234829,2.76679841897233,0.131926121372032,4.88126649076517,112.5,0.526315789473684,3.15789473684211,14.3799472295515,5.54089709762533,0.547619047619048,6.33245382585752,0.25531914893617,3.56200527704485,3.16622691292876,2.9023746701847,4.35356200527705,0.395778364116095,0.521739130434783,0.521739130434783,0.916666666666667,0.533333333333333,0.530030337078652,0.455555555555556,0.50462962962963,0.0,14.3021914648212,3.82081686429513,5.39473684210526,1.84210526315789,0.0903225806451612,3.28947368421053,0.132978723404255,2.24274406332454,0.527704485488127,0.024390243902439,1.71503957783641,0.0677083333333333,0.047752808988764,0.08,0.0,4.35356200527705,10.0263852242744,3.03430079155673,1.31926121372032,5.0131926121372,2.24274406332454,0.263852242744063,0.0,0.0,0.395778364116095,0.161904761904762,0.733333333333333,5.93571428571429,25.6333333333333,2.37467018469657,0.2,0.777777777777778,0.357142857142857,2.9023746701847,0.244444444444444,0.363636363636364,0.263852242744063,0.0222222222222222,0.5,1.0,0.0,3.03430079155673,0.255555555555556,0.173913043478261,0.173913043478261,1.0,3.29815303430079,0.32,24,0.333333333333333
Patty Mills,LAC,2.37741456166419,1.93164933135215,1.79372197309417,0.0,2.67459138187221,111.428571428571,0.451127819548872,1.95488721804511,16.4933135215453,3.12035661218425,0.476190476190476,11.1441307578009,0.346666666666667,1.93164933135215,1.48588410104012,1.48588410104012,8.91530460624071,2.67459138187221,0.5,0.5,0.769230769230769,0.78125,0.5256609375,0.510416666666667,0.544554455445545,0.0,15.3745072273325,1.64424514200299,2.70676691729323,1.20300751879699,0.0555555555555555,1.35338345864662,0.0520231213872832,0.594353640416048,0.594353640416048,0.0272108843537414,0.0,0.0,0.012539184952978,0.0909090909090909,0.0444444444444444,3.86329866270431,9.50965824665676,2.08023774145617,1.78306092124814,2.08023774145617,0.148588410104012,0.0,0.445765230312036,0.148588410104012,0.297176820208024,0.0404040404040404,0.833333333333333,10.7095238095238,25.6133333333333,0.74294205052006,0.0520833333333333,0.6,0.333333333333333,1.04011887072808,0.0729166666666666,0.428571428571429,1.33729569093611,0.09375,0.444444444444444,0.75,0.111111111111111,1.78306092124814,0.125,0.5,0.5,1.0,9.36106983655275,0.317460317460317,63,0.317460317460317
Jevon Carter,CHI,1.56028368794326,0.851063829787234,1.07219442458899,0.0,1.13475177304965,113.256484149856,0.432276657060519,1.87319884726225,21.7021276595745,5.81560283687943,0.487804878048781,14.8936170212766,0.333333333333333,1.13475177304965,3.40425531914894,2.26950354609929,11.063829787234,3.8297872340425503,0.6,0.631578947368421,0.742857142857143,0.719178082191781,0.532006506849315,0.496575342465753,0.51,0.283687943262411,20.353982300885,2.78770550393138,5.04322766570605,1.87319884726225,0.0838709677419354,2.73775216138329,0.0994764397905759,0.567375886524823,0.283687943262411,0.0151515151515151,0.283687943262411,0.0103626943005181,0.0123076923076923,0.0294117647058823,0.0138888888888888,5.67375886524823,13.1914893617021,3.8297872340425503,1.84397163120567,1.41843971631206,0.425531914893617,0.0,0.283687943262411,0.283687943262411,0.141843971631206,0.0335570469798657,0.821917808219178,7.27073170731707,25.3285714285714,2.12765957446809,0.102739726027397,0.533333333333333,0.25,2.97872340425532,0.143835616438356,0.428571428571429,0.709219858156028,0.0342465753424657,0.6,0.666666666666667,0.0,3.54609929078014,0.171232876712329,0.4,0.416666666666667,0.8,11.3475177304965,0.3125,80,0.3125
Tre Mann,CHA,3.94944707740916,2.3696682464455,1.88235294117647,0.0,3.3175355450237,117.757009345794,0.623052959501558,1.09034267912773,28.9099526066351,15.955766192733,0.455445544554455,9.47867298578199,0.4,3.00157977883096,2.52764612954186,12.0063191153239,6.16113744075829,5.2132701421801,0.173913043478261,0.186046511627907,0.541666666666667,0.372670807453416,0.527197826086957,0.509316770186335,0.538235294117647,0.947867298578199,26.0402684563758,2.98039215686275,4.04984423676013,1.86915887850467,0.081081081081081,2.02492211838006,0.087248322147651,1.8957345971564,0.947867298578199,0.0394736842105263,0.947867298578199,0.0342857142857142,0.036697247706422,0.10126582278481,0.0606060606060606,6.16113744075829,16.1137440758294,2.3696682464455,3.7914691943128,3.3175355450237,1.4218009478673,0.4739336492891,0.0,0.0,0.4739336492891,0.0538922155688622,0.68944099378882,6.20594059405941,25.975,8.05687203791469,0.316770186335404,0.450980392156863,0.130434782608696,6.00315955766193,0.236024844720497,0.473684210526316,1.8957345971564,0.0745341614906832,0.416666666666667,0.4,0.0833333333333333,2.3696682464455,0.093167701863354,0.4,0.4,0.833333333333333,7.10900473933649,0.4,45,0.4
Jordan McLaughlin,SAS,2.67295597484277,2.20125786163522,1.40734949179046,0.0,3.61635220125786,110.575427682737,0.15552099533437,2.48833592534992,15.4088050314465,4.08805031446541,0.461538461538462,7.23270440251572,0.422222222222222,2.67295597484277,1.57232704402516,2.20125786163522,6.13207547169811,2.83018867924528,0.416666666666667,0.416666666666667,0.68421052631579,0.638888888888889,0.5130125,0.5625,0.597560975609756,0.0,13.9240506329114,2.34558248631744,3.73250388802488,1.5552099533437,0.0757575757575757,1.24416796267496,0.0512820512820512,0.943396226415094,0.157232704402516,0.008695652173913,0.786163522012579,0.0347222222222222,0.0231660231660231,0.0232558139534883,0.0,8.0188679245283,19.811320754717,4.24528301886793,3.77358490566038,3.45911949685535,0.943396226415094,0.314465408805031,0.0,0.0,0.943396226415094,0.0789473684210526,0.777777777777778,8.18846153846154,25.6347826086957,1.57232704402516,0.138888888888889,0.6,0.5,1.72955974842767,0.152777777777778,0.272727272727273,0.786163522012579,0.0694444444444444,0.6,0.666666666666667,0.0,2.0440251572327,0.180555555555556,0.230769230769231,0.230769230769231,1.0,5.18867924528302,0.484848484848485,32,0.5
Tyler Kolek,NYK,2.92682926829268,1.46341463414634,2.11210398050366,0.16260162601626,3.41463414634146,106.980519480519,0.649350649350649,1.94805194805195,13.1707317073171,5.69105691056911,0.371428571428571,7.64227642276423,0.304347826086957,2.11382113821138,0.975609756097561,3.2520325203252,6.82926829268293,0.0,0.230769230769231,0.230769230769231,1.0,0.573170731707317,0.522763461538462,0.414634146341463,0.45,0.0,15.6521739130435,2.19333874898457,3.08441558441558,1.78571428571429,0.0700636942675159,1.13636363636364,0.0476190476190476,1.30081300813008,0.487804878048781,0.0212765957446808,0.650406504065041,0.0272108843537414,0.0243055555555555,0.088235294117647,0.0,11.219512195122,28.2926829268293,5.36585365853659,5.85365853658537,2.76422764227642,1.13821138211382,0.16260162601626,0.0,0.0,0.32520325203252,0.0795454545454545,0.75609756097561,5.58285714285714,25.7617021276596,2.4390243902439,0.182926829268293,0.4,0.166666666666667,3.08943089430894,0.231707317073171,0.315789473684211,0.16260162601626,0.0121951219512195,1.0,1.0,0.0,1.78861788617886,0.134146341463415,0.363636363636364,0.363636363636364,1.0,5.85365853658537,0.277777777777778,35,0.285714285714286
Pat Spencer,GSW,3.4816247582205,2.70793036750484,1.91938579654511,0.0,3.67504835589942,110.47619047619,0.571428571428571,2.66666666666667,18.9555125725339,15.2804642166344,0.455696202531646,4.25531914893617,0.227272727272727,2.12765957446809,7.736943907156671,6.18955512572534,2.90135396518375,0.0,0.555555555555556,0.571428571428571,1.0,0.217821782178218,0.491161616161616,0.430693069306931,0.453703703703704,0.386847195357834,21.0702341137124,4.41458733205374,5.90476190476191,1.71428571428571,0.0865384615384615,4.0,0.192660550458716,2.90135396518375,0.967117988394584,0.042016806722689,1.93423597678917,0.0757575757575757,0.0597609561752988,0.0454545454545454,0.0588235294117647,9.28433268858801,21.8568665377176,5.99613152804642,3.28820116054159,2.90135396518375,1.54738878143133,0.193423597678917,0.0,0.0,0.0,0.074074074074074,0.524752475247525,5.93164556962025,25.7681818181818,5.99613152804642,0.306930693069307,0.483870967741936,0.666666666666667,8.31721470019342,0.425742574257426,0.441860465116279,0.967117988394584,0.0495049504950495,0.4,1.0,0.0,0.58027079303675,0.0297029702970297,0.333333333333333,0.333333333333333,1.0,3.67504835589942,0.210526315789474,19,0.210526315789474
Bones Hyland,MIN,5.1440329218107,3.08641975308642,2.98353909465021,0.0,3.49794238683128,109.259259259259,0.823045267489712,3.7037037037037,30.6584362139918,7.40740740740741,0.416666666666667,16.8724279835391,0.395061728395062,4.73251028806584,2.46913580246914,3.7037037037037,8.64197530864198,11.1111111111111,0.4,0.4,0.4375,0.694915254237288,0.502048717948718,0.533898305084746,0.57421875,0.0,27.9707495429616,2.57201646090535,4.11522633744856,1.02880658436214,0.0588235294117647,2.46913580246914,0.09375,1.02880658436214,0.617283950617284,0.0258620689655172,0.411522633744856,0.0166666666666666,0.0211864406779661,0.0,0.0181818181818181,6.5843621399177,15.6378600823045,4.11522633744856,2.46913580246914,5.34979423868313,1.64609053497942,0.205761316872428,0.411522633744856,0.0,0.205761316872428,0.0787401574803149,0.822033898305085,9.05833333333333,26.5670731707317,3.08641975308642,0.127118644067797,0.533333333333333,0.5,1.85185185185185,0.0762711864406779,0.222222222222222,2.46913580246914,0.101694915254237,0.416666666666667,0.2,0.166666666666667,1.64609053497942,0.0677966101694915,0.5,0.5,1.0,15.2263374485597,0.378378378378378,73,0.383561643835616
Markelle Fultz,SAC,4.04312668463612,2.69541778975741,1.61290322580645,0.269541778975741,0.808625336927224,109.11528150134,0.536193029490617,2.68096514745308,16.4420485175202,15.9029649595687,0.406779661016949,2.15633423180593,0.5,0.269541778975741,6.46900269541779,6.46900269541779,3.2345013477089,0.0,0.5,0.5,1.0,0.119402985074627,0.462103333333333,0.447761194029851,0.455223880597015,0.0,20.0,2.68817204301075,3.75335120643432,1.34048257372654,0.0609756097560975,2.41286863270777,0.108433734939759,1.61725067385445,1.07816711590296,0.0412371134020618,0.539083557951482,0.0317460317460317,0.0375,0.0,0.0,7.27762803234501,18.8679245283019,2.96495956873315,4.31266846361186,0.269541778975741,0.269541778975741,0.269541778975741,0.0,0.0,0.0,0.0149253731343283,0.194029850746269,10.5593220338983,26.1,1.34770889487871,0.0746268656716417,0.8,0.25,9.97304582210243,0.552238805970149,0.405405405405405,4.5822102425876,0.253731343283582,0.294117647058824,0.8,0.0,1.61725067385445,0.0895522388059701,0.5,0.5,1.0,0.539083557951482,0.5,2,0.5
Killian Hayes,BKN,2.69461077844311,2.09580838323353,1.92592592592593,0.0,3.59281437125749,117.302052785924,1.17302052785924,1.17302052785924,16.1676646706587,6.58682634730539,0.454545454545455,6.2874251497006,0.380952380952381,2.9940119760479,2.39520958083832,3.59281437125749,7.18562874251497,0.0,0.4,0.5,1.0,0.488372093023256,0.533611627906977,0.511627906976744,0.551020408163265,1.19760479041916,14.8337595907928,2.66666666666667,3.81231671554252,1.17302052785924,0.0547945205479452,2.63929618768328,0.138461538461538,1.49700598802395,0.598802395209581,0.025,0.898203592814371,0.0337078651685393,0.029585798816568,0.088235294117647,0.0,9.2814371257485,22.4550898203593,5.38922155688623,3.89221556886228,3.59281437125749,1.19760479041916,0.0,0.0,0.0,0.598802395209581,0.0851063829787234,0.651162790697675,7.29545454545455,25.4428571428571,2.09580838323353,0.162790697674419,0.714285714285714,0.2,4.19161676646707,0.325581395348837,0.357142857142857,0.29940119760479,0.0232558139534883,0.0,0.0,0.0,0.898203592814371,0.0697674418604651,0.333333333333333,0.333333333333333,1.0,5.38922155688623,0.388888888888889,18,0.388888888888889
Tyson Etienne,BKN,2.48447204968944,1.24223602484472,2.62345679012346,0.0,2.48447204968944,121.472392638037,0.306748466257669,0.920245398773006,17.0807453416149,2.48447204968944,0.5,13.6645962732919,0.295454545454545,2.48447204968944,2.48447204968944,0.0,12.111801242236,0.0,1.0,1.0,1.0,0.846153846153846,0.558917307692308,0.451923076923077,0.482456140350877,0.0,18.2584269662921,1.38888888888889,1.84049079754601,0.920245398773006,0.0638297872340425,0.920245398773006,0.0454545454545454,0.93167701863354,0.0,0.0,0.93167701863354,0.032258064516129,0.0193548387096774,0.0588235294117647,0.0,3.72670807453416,10.2484472049689,0.93167701863354,2.79503105590062,3.1055900621118,0.93167701863354,0.0,0.0,0.0,0.62111801242236,0.0545454545454545,0.961538461538462,3.6,25.1909090909091,1.86335403726708,0.115384615384615,0.333333333333333,1.0,0.62111801242236,0.0384615384615384,1.0,0.0,0.0,0.0,0.0,0.0,4.34782608695652,0.269230769230769,0.428571428571429,0.428571428571429,1.0,9.3167701863354,0.233333333333333,30,0.233333333333333
TyTy Washington Jr.,PHX,1.25523012552301,0.418410041841004,0.835073068893528,0.0,1.67364016736402,108.333333333333,0.0,1.25,14.6443514644351,10.0418410041841,0.416666666666667,8.78661087866109,0.19047619047619,1.25523012552301,5.85774058577406,2.51046025104603,3.76569037656904,1.25523012552301,0.7,0.7,0.75,0.466666666666667,0.486536666666667,0.355555555555556,0.364583333333333,0.0,18.6813186813187,2.71398747390397,3.75,0.416666666666667,0.0158730158730158,3.33333333333333,0.145454545454545,1.67364016736402,0.836820083682008,0.037037037037037,0.836820083682008,0.0298507462686567,0.0330578512396694,0.0,0.0,6.69456066945607,15.0627615062762,5.02092050209205,1.67364016736402,2.51046025104603,1.25523012552301,0.0,0.0,0.0,0.0,0.0625,0.488888888888889,10.5916666666667,25.1809523809524,0.418410041841004,0.0222222222222222,1.0,1.0,6.69456066945607,0.355555555555556,0.4375,2.92887029288703,0.155555555555556,0.285714285714286,1.0,0.0,3.34728033472803,0.177777777777778,0.25,0.25,1.0,5.43933054393305,0.153846153846154,13,0.153846153846154
Pacôme Dadiet,NYK,1.75438596491228,1.75438596491228,1.55210643015521,0.0,2.63157894736842,116.591928251121,0.896860986547085,1.34529147982063,13.1578947368421,5.26315789473684,0.333333333333333,8.33333333333333,0.315789473684211,1.75438596491228,3.50877192982456,0.0,7.89473684210526,0.0,1.0,1.0,1.0,0.612903225806452,0.525640322580645,0.419354838709677,0.454545454545455,0.0,14.9193548387097,3.99113082039911,6.72645739910314,2.69058295964126,0.122448979591837,3.1390134529148,0.114754098360656,1.31578947368421,0.43859649122807,0.024390243902439,0.87719298245614,0.0357142857142857,0.0309278350515463,0.125,0.0625,2.19298245614035,4.82456140350877,1.75438596491228,0.43859649122807,2.63157894736842,1.31578947368421,0.87719298245614,0.0,0.0,0.43859649122807,0.09375,0.741935483870968,8.775,24.5368421052632,1.75438596491228,0.129032258064516,0.5,1.0,1.75438596491228,0.129032258064516,0.0,1.75438596491228,0.129032258064516,0.5,1.0,0.0,3.50877192982456,0.258064516129032,0.125,0.125,1.0,4.82456140350877,0.454545454545455,11,0.454545454545455
Yuki Kawamura,MEM,2.4390243902439,1.46341463414634,1.96078431372549,0.0,2.92682926829268,102.955665024631,0.0,0.985221674876847,17.5609756097561,3.41463414634146,0.571428571428571,11.219512195122,0.304347826086957,3.41463414634146,1.95121951219512,1.95121951219512,4.39024390243903,5.85365853658537,0.5,0.5,0.428571428571429,0.766666666666667,0.506695,0.483333333333333,0.529411764705882,0.0,16.7381974248927,2.94117647058824,5.91133004926108,1.97044334975369,0.0869565217391304,3.44827586206897,0.127272727272727,0.0,0.0,0.0,0.0,0.0,0.0,0.0526315789473684,0.0,9.26829268292683,22.4390243902439,5.36585365853659,3.90243902439024,4.39024390243903,0.975609756097561,0.0,0.487804878048781,0.487804878048781,0.975609756097561,0.09375,0.833333333333333,11.1714285714286,25.8478260869565,0.975609756097561,0.0666666666666666,0.5,1.0,0.975609756097561,0.0666666666666666,0.5,1.46341463414634,0.1,0.666666666666667,0.5,0.0,1.46341463414634,0.1,0.333333333333333,0.333333333333333,1.0,9.75609756097561,0.3,20,0.3
