Name,TeamAbbreviation,Turnovers,LiveBallTurnovers,Fouls,Charge Fouls,FoulsDrawn,OnDefRtg,Blocks,Steals,Points,FG2A,Fg2Pct,FG3A,NonHeaveFg3Pct,FtPoints,PtsAssisted2s,PtsUnassisted2s,PtsAssisted3s,PtsUnassisted3s,Assisted2sPct,NonPutbacksAssisted2sPct,Assisted3sPct,FG3APct,ShotQualityAvg,EfgPct,TsPct,PtsPutbacks,Usage,Rebounds,DefRebounds,DefTwoPtRebounds,DefTwoPtReboundPct,DefThreePtRebounds,DefThreePtReboundPct,OffRebounds,OffTwoPtRebounds,OffTwoPtReboundPct,OffThreePtRebounds,OffThreePtReboundPct,OffFGReboundPct,DefAtRimReboundPct,OffAtRimReboundPct,Assists,AssistPoints,TwoPtAssists,ThreePtAssists,FTA,TwoPtShootingFoulsDrawn,2pt And 1 Free Throw Trips,ThreePtShootingFoulsDrawn,3pt And 1 Free Throw Trips,NonShootingFoulsDrawn,ShootingFoulsDrawnPct,AtRimFG3AFrequency,Avg2ptShotDistance,Avg3ptShotDistance,AtRimFGA,AtRimFrequency,AtRimAccuracy,AtRimPctAssisted,ShortMidRangeFGA,ShortMidRangeFrequency,ShortMidRangeAccuracy,LongMidRangeFGA,LongMidRangeFrequency,LongMidRangeAccuracy,LongMidRangePctAssisted,LongMidRangePctBlocked,Corner3FGA,Corner3Frequency,Corner3Accuracy,UnblockedCorner3Accuracy,Corner3PctAssisted,Arc3FGA,Arc3Accuracy,NonHeaveArc3FGA,NonHeaveArc3Accuracy
Mikal Bridges,NYK,2.16748768472906,1.23152709359606,1.04030144167759,0.0328407224958949,2.13464696223317,114.547237659366,0.70284406668846,1.2258908139915,23.7110016420361,11.8226600985222,0.594444444444444,7.60262725779967,0.363636363636364,1.57635467980296,9.58949096880131,4.46633825944171,7.73399014778325,0.344827586206897,0.682242990654206,0.720987654320988,0.957317073170732,0.391377852916314,0.538136753246753,0.569737954353339,0.585158150851582,0.755336617405583,19.7140381282496,2.12155963302752,3.07289964040536,1.12781954887218,0.0474552957359009,1.89604445897352,0.0849816849816849,1.16584564860427,0.509031198686371,0.020694259012016,0.656814449917898,0.0319233838786911,0.0258087968011632,0.0488656195462478,0.028169014084507,5.02463054187192,12.2331691297209,2.84072249589491,2.18390804597701,1.9376026272578,0.83743842364532,0.229885057471264,0.0328407224958949,0.0,0.180623973727422,0.0433715220949263,0.59425190194421,7.91680555555556,25.2822510822511,3.94088669950739,0.202874049027895,0.758333333333333,0.774725274725275,5.86206896551724,0.301775147928994,0.515406162464986,2.01970443349754,0.103972950126796,0.504065040650407,0.629032258064516,0.0,3.5632183908046,0.183431952662722,0.428571428571429,0.428571428571429,0.978494623655914,4.03940886699507,0.288617886178862,234,0.303418803418803
DeMar DeRozan,SAC,1.85939436869134,1.22188772799717,1.33297787256732,0.0354170355941207,5.59589162387108,117.606136282554,0.570816981805209,1.10595790224759,30.2815654329733,18.6293607225075,0.513307984790875,4.53338055604746,0.336,6.69381972728883,6.94173897644767,12.1834602443775,3.93129095094741,0.531255533911812,0.362962962962963,0.371212121212121,0.880952380952381,0.195718654434251,0.462782037325039,0.509174311926605,0.567631224764468,0.425004427129449,24.9490036089754,2.64818270683373,4.42383160899037,1.78380306814128,0.0788022064617809,2.44381020335355,0.103866565579985,0.885425889853019,0.513547016114751,0.0203508771929824,0.354170355941208,0.016764459346186,0.0187165775401069,0.0539772727272727,0.027027027027027,6.05631308659465,15.2824508588631,2.88648840092084,3.16982468567381,7.80945634850363,3.7542057729768,0.956259961041261,0.159376660173543,0.0354170355941207,0.230210731361785,0.150033944331297,0.287461773700306,12.6577946768061,26.3854901960784,2.12502213564725,0.091743119266055,0.716666666666667,0.476744186046512,7.66778820612715,0.331039755351682,0.51270207852194,8.83655038073313,0.381498470948012,0.464929859719439,0.392241379310345,0.0200400801603206,1.48751549495307,0.0642201834862385,0.357142857142857,0.357142857142857,1.0,3.04586506109439,0.313953488372093,166,0.325301204819277
Michael Porter Jr.,DEN,1.93704600484262,1.24790463773515,1.46182495344507,0.0558763270627677,2.57031104488732,117.650344442376,0.707503258238689,0.930925339787749,26.0383684112498,10.4116222760291,0.599284436493739,9.10784131123114,0.401247401247401,2.77519091078413,9.23821940771093,3.24082696964053,9.94598621717266,0.838144905941516,0.740298507462687,0.885714285714286,0.922279792746114,0.466603053435115,0.548479855769231,0.595896946564886,0.61660777385159,2.04879865896815,20.2260072060269,5.02793296089386,7.4846397318935,3.27685719605288,0.129221732745962,3.79817538633402,0.165718927701056,2.57031104488732,1.69491525423729,0.0693069306930693,0.81951946358726,0.0440881763527054,0.0584162700129813,0.104910714285714,0.0820895522388059,3.07319798845223,7.15216986403427,2.06742410132241,1.00577388712982,3.6133358167256495,1.43415906127771,0.279381635313839,0.186254423542559,0.0558763270627677,0.279381635313839,0.0778871978513876,0.745229007633588,7.01520572450805,26.1333333333333,5.43862916744273,0.278625954198473,0.73972602739726,0.740740740740741,2.6634382566586,0.136450381679389,0.48951048951049,2.30955485192773,0.118320610687023,0.395161290322581,0.755102040816327,0.0,1.17340286831812,0.0601145038167938,0.507936507936508,0.516129032258065,0.90625,7.93443844291302,0.37793427230047,418,0.385167464114833
LeBron James,LAL,5.22088353413655,3.13253012048193,0.993676603432701,0.0401606425702811,5.30120481927711,117.098133654425,0.78266104756171,1.40477623921333,34.3373493975904,17.5502008032129,0.574370709382151,7.95180722891566,0.378172588832487,5.20080321285141,7.71084337349398,12.4497991967871,6.20481927710843,2.7710843373494,0.382470119521912,0.398340248962656,0.691275167785235,0.311811023622047,0.523816719242902,0.571259842519685,0.602899575671853,0.803212851405623,30.2603036876356,5.48027702499247,9.51234196267309,4.23439694962874,0.182210708117444,4.65582982139274,0.194304857621441,1.44578313253012,0.783132530120482,0.0379746835443038,0.662650602409639,0.029126213592233,0.0333333333333333,0.166666666666667,0.0560471976401179,11.5461847389558,27.0682730923695,7.57028112449799,3.97590361445783,6.64658634538153,2.99196787148594,0.662650602409639,0.0602409638554216,0.0,0.502008032128514,0.10943124550036,0.613385826771654,7.38215102974828,26.7815656565657,7.69076305220884,0.301574803149606,0.744125326370757,0.463157894736842,6.36546184738956,0.249606299212598,0.460567823343849,3.49397590361446,0.137007874015748,0.408045977011494,0.211267605633803,0.0,0.742971887550201,0.0291338582677165,0.351351351351351,0.351351351351351,1.0,7.20883534136546,0.37883008356546,357,0.380952380952381
Dillon Brooks,HOU,1.57089706490285,0.806118230673832,2.50465742082385,0.186027284001654,2.23232740801984,111.29767827529,0.33167495854063,1.24378109452736,21.7651922281935,8.80529144274494,0.464788732394366,9.69408846630839,0.397435897435897,2.04630012401819,3.63786688714345,4.54733360892931,11.099627945432,0.434063662670525,0.444444444444444,0.480874316939891,0.96236559139785,0.524022346368715,0.52454779661017,0.532960893854749,0.55421052631579,0.620090946672179,17.9743724767421,2.83585179051956,4.12520729684909,2.13515754560531,0.0807210031347962,1.82421227197347,0.0857699805068226,1.55022736668045,0.992145514675486,0.0343593414459556,0.454733360892931,0.0205415499533146,0.0283630470016207,0.0797266514806378,0.042,2.64572137246796,6.32492765605622,1.61223646134766,1.0334849111203,2.52170318313353,1.0541546093427,0.248036378668871,0.0206696982224059,0.0,0.310045473336089,0.055614973262032,0.678212290502793,8.3981220657277,25.4429487179487,2.85241835469202,0.154189944134078,0.550724637681159,0.552631578947369,4.36130632492766,0.235754189944134,0.402843601895735,1.59156676312526,0.0860335195530726,0.480519480519481,0.405405405405405,0.0,2.37701529557669,0.128491620111732,0.391304347826087,0.394736842105263,1.0,7.31707317073171,0.398305084745763,353,0.39943342776204
Amen Thompson,HOU,3.05580159433127,1.6607617360496,1.84734513274336,0.177147918511958,3.85296722763508,110.831122900088,1.96728558797524,2.14412024756852,21.4791851195748,13.4189548272808,0.599009900990099,2.01505757307352,0.280898876404494,3.7422497785651,8.41452612931798,7.66164747564216,1.59433126660762,0.066430469441984,0.523415977961433,0.590062111801242,0.96,0.130559540889527,0.563323554913295,0.574605451936872,0.599505562422744,1.81576616474756,17.7208083832335,6.23893805309735,8.22281167108753,3.13881520778073,0.122943722943723,4.28824049513705,0.192842942345924,4.25155004428698,2.41364038972542,0.0863708399366085,1.6829052258636,0.0774719673802242,0.0824788230049041,0.092391304347826,0.0763888888888889,5.86802480070859,14.6368467670505,2.96722763507529,2.9007971656333,5.46944198405669,2.76793622674934,0.509300265721878,0.0,0.0,0.221434898139947,0.156445556946183,0.642754662840746,5.20082508250825,25.1604395604396,7.9052258635961,0.51219512195122,0.719887955182073,0.583657587548638,4.29583702391497,0.278335724533716,0.448453608247423,1.21789193976971,0.078909612625538,0.345454545454545,0.473684210526316,0.0,1.19574844995571,0.0774748923959827,0.37037037037037,0.37037037037037,1.0,0.819309123117803,0.135135135135135,35,0.142857142857143
Taurean Prince,MIL,1.83691756272401,1.18727598566308,1.85019062570083,0.0,1.34408602150538,117.085765603952,0.336775931746745,1.70633138751684,14.6953405017921,4.00985663082437,0.491620111731844,7.50448028673835,0.441441441441441,0.873655913978495,3.04659498207885,0.896057347670251,9.74462365591398,0.134408602150538,0.772727272727273,0.80952380952381,0.986394557823129,0.651750972762646,0.56581923828125,0.600194552529183,0.612359550561798,0.17921146953405,12.6048700634336,3.2182103610675,5.68028738212842,2.62685226762461,0.10665451230629,2.91872474180512,0.118505013673655,0.761648745519713,0.268817204301075,0.0123583934088568,0.403225806451613,0.0186721991701244,0.0155038759689922,0.122015915119363,0.0202312138728323,3.47222222222222,8.13172043010753,2.28494623655914,1.18727598566308,1.0752688172043,0.268817204301075,0.0672043010752688,0.0448028673835125,0.0224014336917562,0.224014336917563,0.0267175572519083,0.844357976653697,5.32122905027933,24.8208955223881,2.21774193548387,0.192607003891051,0.585858585858586,0.793103448275862,1.4336917562724,0.124513618677043,0.359375,0.3584229390681,0.0311284046692607,0.4375,0.857142857142857,0.0,3.87544802867384,0.336575875486381,0.450867052023121,0.456140350877193,0.987179487179487,3.62903225806452,0.425925925925926,160,0.43125
Deni Avdija,POR,4.44343686238948,3.26456585808207,1.93548387096774,0.158694173656767,6.6878258898209,116.794755877034,0.791139240506329,1.60488245931284,27.6354568125142,11.3579687145772,0.552894211576846,7.75334391294491,0.366568914956012,6.5744729086375,5.62230786669689,6.93720244842439,7.20924960326457,1.29222398549082,0.447653429602888,0.49402390438247,0.848,0.405693950177936,0.567068099273608,0.551008303677343,0.606573705179283,1.17887100430741,23.2246798603027,5.89700056593096,9.3128390596745,4.29475587703436,0.183397683397683,4.249547920434,0.190283400809717,2.47109498979823,1.33756517796418,0.0550373134328358,1.08818861936069,0.0450281425891182,0.0500467726847521,0.189944134078212,0.0659574468085106,6.37043754250737,15.279981863523,3.83133076399909,2.53910677850827,8.43346180004534,4.23940149625935,1.08818861936069,0.045341192473362,0.045341192473362,0.498753117206983,0.192464358452139,0.790035587188612,4.33033932135729,25.5669590643275,7.34527318068465,0.384341637010676,0.654320987654321,0.443396226415094,3.42326003173883,0.179122182680902,0.350993377483444,0.589435502153707,0.0308422301304863,0.461538461538462,0.666666666666667,0.0,1.54160054409431,0.0806642941874258,0.308823529411765,0.308823529411765,0.952380952380952,6.2117433688506,0.37956204379562,273,0.380952380952381
Jaylen Brown,BOS,3.71304148521659,2.40660096264039,1.76625759834843,0.206280082512033,6.69264267705707,113.797061524334,0.436179981634527,1.67584940312213,32.0421728168691,17.4192069676828,0.528947368421053,8.20536328214531,0.324022346368715,5.6383222553289,7.10520284208114,11.3224845289938,5.77584231033692,2.20032088012835,0.385572139303483,0.406824146981627,0.724137931034483,0.320214669051878,0.51834533632287,0.51520572450805,0.55622009569378,0.962640385056154,28.6813854567551,4.20919830255763,6.54269972451791,2.68595041322314,0.105595667870036,3.12213039485767,0.130895091434071,1.8794407517763,1.19184047673619,0.0611764705882353,0.68760027504011,0.0242130750605326,0.0392532312111057,0.0980392156862745,0.0492957746478873,6.55512262204905,16.6628466651387,3.00252120100848,3.55260142104057,7.38024295209718,3.57552143020857,0.93972037588815,0.0916800366720146,0.0229200091680036,0.412560165024066,0.129449838187702,0.588550983899821,7.35631578947368,26.0650837988827,6.8760027504011,0.268336314847943,0.676666666666667,0.443349753694581,7.33440293376117,0.286225402504472,0.4375,3.20880128352051,0.125223613595707,0.421428571428571,0.355932203389831,0.0357142857142857,1.62732065092826,0.0635062611806797,0.436619718309859,0.436619718309859,0.935483870967742,6.57804263121705,0.29616724738676,287,0.29616724738676
Bennedict Mathurin,IND,3.04122550123902,1.91484568596531,1.82063385030344,0.157693174138319,5.51926109484118,114.151154967481,0.538237272931151,1.0540479928235,26.0419013291282,12.7280919125929,0.51858407079646,6.48794773597657,0.343859649122807,6.21761658031088,7.70443793647218,5.49673349853571,4.73079522414958,1.89231808965983,0.583617747440273,0.6309963099631,0.714285714285714,0.337631887456038,0.543069529411765,0.515826494724502,0.574425574425574,0.991214237440865,22.9647630619684,4.30433805349517,6.63825969948419,2.96030500112133,0.125714285714286,3.2967032967033,0.141210374639769,1.95990087857626,0.968686641135391,0.0419103313840155,0.946159044829917,0.0456026058631921,0.0436569080636877,0.0988235294117647,0.0780346820809248,3.06375309754449,7.36652399189007,1.82473530074341,1.23901779680108,7.47916197341744,3.51430502365398,0.630772696553278,0.0450551926109484,0.0,0.405496733498536,0.160732451678535,0.681125439624854,6.48371681415929,26.24375,6.60058571750394,0.343493552168816,0.614334470989761,0.611111111111111,4.10002252759631,0.213364595545135,0.445054945054945,2.02748366749268,0.105509964830012,0.355555555555556,0.5,0.0222222222222222,1.01374183374634,0.0527549824150058,0.4,0.4,0.944444444444444,5.47420590223023,0.329218106995885,240,0.333333333333333
Kelly Oubre Jr.,PHI,1.90976366674624,1.26521842921938,2.14234706022376,0.095488183337312,4.01050370016711,118.229290291953,0.712081652029433,2.18371706622359,21.6280735259012,11.9121508713297,0.555110220440882,5.77703509190738,0.293388429752066,3.31821437097159,7.06612556696109,6.15898782525663,4.9415134877059,0.143232275005968,0.534296028880867,0.604081632653061,0.971830985915493,0.326585695006748,0.563851079622132,0.517543859649123,0.553855569155447,1.52781093339699,19.02842596521,4.37990954534635,6.43247092333254,2.56349394730596,0.128878281622912,3.44172798480893,0.148565573770492,2.31558844592982,1.69491525423729,0.0711422845691382,0.5968011458582,0.0253292806484295,0.0483627204030226,0.0926430517711171,0.108108108108108,2.57818095010742,6.37383623776558,1.3607066125567,1.21747433755073,4.41632847935068,2.24397230842683,0.71616137502984,0.047744091668656,0.0,0.23872045834328,0.118959107806691,0.715249662618084,4.4813627254509,25.395867768595,6.87514920028646,0.388663967611336,0.670138888888889,0.590673575129534,4.70279302936262,0.265856950067476,0.395939086294416,0.334208641680592,0.0188933873144399,0.428571428571429,0.5,0.0,2.02912389591788,0.114709851551957,0.352941176470588,0.357142857142857,1.0,3.7479111959895,0.261146496815287,157,0.261146496815287
Luguentz Dort,OKC,1.18000925497455,0.48588616381305,2.4043463183447,0.0231374363720499,2.4988431281814,109.263109263109,0.900900900900901,1.82490182490183,16.6358167515039,4.164738546969,0.488888888888889,9.55576122165664,0.411622276029056,0.763535400277649,2.7302174919019,1.3419713095789,11.3142063859324,0.48588616381305,0.670454545454545,0.7375,0.958823529411765,0.6964586846543,0.564371232876712,0.578414839797639,0.587418300653595,0.3701989819528,13.5804997951659,3.3868916888221,4.71240471240471,2.4024024024024,0.105906313645621,2.19450219450219,0.088868101028999,2.05923183711245,0.809810273021749,0.0336215177713736,1.22628412771865,0.053053053053053,0.0431372549019607,0.11271676300578,0.0383386581469648,2.66080518278575,6.31652012956964,1.6658954187876,0.994909763998149,1.0643220731143,0.578435909301249,0.1850994909764,0.0,0.0,0.0462748727440999,0.040983606557377,0.854974704890388,6.32333333333333,25.2265206812652,2.1749190189727,0.158516020236088,0.574468085106383,0.666666666666667,1.2956964368348,0.0944350758853288,0.321428571428571,0.694123091161499,0.0505902192242833,0.533333333333333,0.5,0.0,2.52198056455345,0.183811129848229,0.431192660550459,0.431192660550459,0.978723404255319,7.03378065710319,0.404605263157895,304,0.404605263157895
Franz Wagner,ORL,3.41837998513748,2.30369085954917,1.82314275083716,0.0990834778300718,6.24225910329453,108.097367113761,0.521609538002981,1.8628912071535,35.8929898439435,20.039633391132,0.535228677379481,8.71934604904632,0.297994269340974,6.71290562298737,9.56155561060193,11.8900173396086,5.35050780282388,2.37800346792172,0.445727482678984,0.456264775413712,0.692307692307692,0.303186907838071,0.515102464788732,0.507321274763135,0.554957724827056,0.495417389150359,31.3426329555362,4.24159742031502,7.10382513661202,3.42771982116244,0.143153526970954,3.17933432687531,0.151300236406619,1.38716868962101,0.817438692098093,0.0338461538461538,0.520188258607877,0.0226293103448275,0.0283762480294272,0.111821086261981,0.0363636363636363,7.0349269259351,16.8689621005697,4.23581867723557,2.79910824869953,7.70374040128809,3.36883824622244,0.470646519692841,0.0495417389150359,0.0,0.520188258607877,0.1078125,0.584840654608096,6.34907292954265,26.6538461538462,8.10007431260837,0.281653746770026,0.669724770642202,0.5662100456621,10.27991082487,0.357450473729543,0.453012048192771,1.6596482536537,0.05770887166236,0.388059701492537,0.230769230769231,0.0298507462686567,1.04037651721575,0.0361757105943152,0.452380952380952,0.452380952380952,0.842105263157895,7.67896953183057,0.274193548387097,307,0.276872964169381
Klay Thompson,DAL,2.18579234972678,1.44063586686538,1.00608620047199,0.0496770988574267,1.26676602086438,117.540372670807,0.745341614906832,1.24223602484472,24.9627421758569,8.04769001490313,0.447530864197531,13.7357178340785,0.390596745027125,1.6641828117238,4.96770988574267,2.2354694485842,15.2011922503726,0.894187779433681,0.689655172413793,0.709219858156028,0.944444444444444,0.630558722919042,0.528257390300231,0.534777651083238,0.551381215469613,0.198708395429707,21.9350563286945,3.05552105328531,5.01863354037267,2.40993788819876,0.0902325581395348,2.31055900621118,0.105084745762712,1.09289617486339,0.596125186289121,0.0248190279214064,0.496770988574267,0.0213675213675213,0.0231213872832369,0.0771144278606965,0.0454545454545454,3.60158966716344,8.42026825633383,2.38450074515648,1.21708892200695,1.83805265772479,0.620963735717834,0.173869846000994,0.07451564828614,0.0,0.173869846000994,0.0311804008908685,0.7115165336374,11.5509259259259,25.073731884058,1.76353700943865,0.080957810718358,0.676056338028169,0.729166666666667,2.90611028315946,0.133409350057013,0.367521367521368,3.37804272230502,0.155074116305587,0.397058823529412,0.722222222222222,0.0220588235294117,3.82513661202186,0.175598631698974,0.38961038961039,0.392156862745098,0.983333333333333,9.91058122205663,0.390977443609023,399,0.390977443609023
Bilal Coulibaly,WAS,3.04358412466521,1.92354516678841,1.68832746265031,0.0730460189919649,3.481860238617,120.189045079981,0.99369849733398,1.89045079980611,17.7014852690528,9.73946919892866,0.5,5.45410275140005,0.28125,3.36011687363039,4.96712929145362,4.77233990747504,4.163623082542,0.43827611395179,0.51,0.56043956043956,0.904761904761905,0.358974358974359,0.552107532051282,0.471955128205128,0.516358463726885,0.876552227903579,17.9027027027027,3.57099477711648,4.92001938923897,1.6965584100824,0.0714285714285714,2.78720310227824,0.12221041445271,2.21572924275627,1.07134161188215,0.0460732984293193,1.14438763087412,0.0447619047619047,0.0453865336658354,0.0739436619718309,0.0496688741721854,4.86973459946433,12.3934745556367,2.21572924275627,2.65400535670806,4.50450450450451,2.3618212807402,0.633065497930363,0.0,0.0,0.194789383978573,0.139568345323741,0.676282051282051,6.27425,25.8410714285714,4.82103725346969,0.317307692307692,0.702020202020202,0.589928057553957,3.55490625760896,0.233974358974359,0.315068493150685,1.36352568785001,0.0897435897435897,0.267857142857143,0.333333333333333,0.0178571428571428,1.36352568785001,0.0897435897435897,0.339285714285714,0.339285714285714,0.947368421052632,4.09057706355004,0.261904761904762,168,0.261904761904762
Julian Champagnie,SAS,1.83440753594447,1.04115022310362,1.41527001862197,0.0743678730788299,1.33862171541894,116.911216115394,0.870430241233524,1.51703556329271,20.2032721864155,4.58601883986118,0.52972972972973,11.8988596926128,0.37160751565762,2.10708973723352,3.56965790778384,1.28904313336639,12.8656420426376,0.37183936539415,0.73469387755102,0.857142857142857,0.971910112359551,0.721804511278195,0.566063338414634,0.548872180451128,0.581545064377682,0.694100148735746,16.9372531812198,3.94785847299814,6.24222830141756,2.68589903009202,0.112734864300626,3.18328773936832,0.131282051282051,1.66088249876054,0.7436787307883,0.0332225913621262,0.867625185919683,0.0339805825242718,0.0336264873254009,0.104651162790698,0.0518134715025906,2.75161130391671,6.3708477937531,1.88398611799702,0.867625185919683,2.33019335647001,0.66931085770947,0.173525037183937,0.396628656420426,0.0991571641051066,0.0495785820525533,0.0576368876080691,0.911278195488722,4.00162162162162,25.1535416666667,3.12345066931086,0.189473684210526,0.634920634920635,0.7,1.14030738720873,0.069172932330827,0.260869565217391,0.322260783341596,0.0195488721804511,0.461538461538462,1.0,0.0,3.7679722359940495,0.228571428571429,0.407894736842105,0.413333333333333,0.967741935483871,8.13088745661874,0.353658536585366,327,0.35474006116208
Naji Marshall,DAL,2.83472538597823,1.72108327005821,1.37608887766696,0.0759301442672741,2.98658567451278,117.052896725441,0.277078085642317,1.7632241813602,23.1333839534295,12.5031637560111,0.611336032388664,5.51759048342192,0.287081339712919,3.29030625158188,7.39053404201468,7.89673500379651,4.55580865603645,0.0,0.483443708609272,0.517730496453901,1.0,0.306179775280899,0.537489306784661,0.550561797752809,0.583652618135377,1.01240192356365,20.2445652173913,4.14089130160333,6.34760705289673,2.59445843828715,0.102691924227318,3.42569269521411,0.154370034052213,1.92356365477094,0.809921538850924,0.0338266384778012,1.08833206783093,0.0539523212045169,0.0430292598967297,0.0790190735694822,0.0303030303030303,5.26449000253101,12.7056441407239,3.08782586686915,2.17666413566186,4.04960769425462,2.02480384712731,0.455580865603645,0.0,0.0,0.227790432801822,0.103359173126615,0.599719101123596,5.82105263157895,25.8366972477064,5.2898000506201,0.293539325842697,0.708133971291866,0.560810810810811,6.7577828397874,0.375,0.528089887640449,0.455580865603645,0.0252808988764044,0.722222222222222,0.692307692307692,0.0,2.6322450012655,0.146067415730337,0.298076923076923,0.303921568627451,1.0,2.88534548215642,0.254385964912281,105,0.276190476190476
Derrick Jones Jr.,LAC,1.73137460650577,1.15424973767051,2.00682056663169,0.0262329485834207,2.67576075550892,111.175236096537,0.865687303252886,2.07240293809024,20.4879328436516,9.70619097586569,0.627027027027027,5.74501573976915,0.357798165137615,2.17733473242392,9.02413431269675,3.14795383001049,6.13850996852046,0.0,0.741379310344828,0.86,1.0,0.371816638370119,0.583753486394558,0.592529711375212,0.611111111111111,1.67890870933893,16.3953488372093,3.44963273871983,4.45960125918153,2.0199370409234,0.0899532710280373,2.30849947534103,0.100571428571429,2.43966421825813,1.46904512067156,0.0598290598290598,0.918153200419727,0.0460526315789473,0.0536556603773584,0.0916030534351145,0.096875,1.57397691500525,3.80377754459601,0.918153200419727,0.655823714585519,3.09548793284365,1.62644281217209,0.472193074501574,0.0,0.0,0.157397691500525,0.0979462875197472,0.806451612903226,3.49378378378378,24.7844748858447,6.71563483735572,0.434634974533107,0.703125,0.716666666666667,2.75445960125918,0.178268251273345,0.457142857142857,0.236096537250787,0.0152801358234295,0.444444444444444,1.0,0.0,3.12172088142707,0.202037351443124,0.361344537815126,0.361344537815126,1.0,2.62329485834208,0.35,99,0.353535353535354
RJ Barrett,TOR,4.21348314606742,2.91113381001021,1.74856413529036,0.0510725229826353,5.94994892747702,115.896912477673,0.433784128604236,1.17376881857617,31.2308478038815,17.2625127681307,0.522189349112426,7.81409601634321,0.351973684210526,5.00510725229826,8.27374872318693,9.75485188968335,7.58426966292135,0.612870275791624,0.458923512747875,0.475073313782991,0.925233644859813,0.311608961303462,0.56844887755102,0.522912423625255,0.546470062555853,0.612870275791624,28.7248322147651,4.67134652201659,7.78259760142894,2.75580505230926,0.128571428571429,4.33784128604236,0.180851063829787,1.55771195097038,0.868232890704801,0.0321361058601134,0.638406537282942,0.0335120643431635,0.0327050997782705,0.0914634146341463,0.0443974630021141,8.01838610827375,18.8968335035751,5.15832482124617,2.86006128702758,7.9417773237998,4.16241062308478,0.842696629213483,0.0255362614913176,0.0255362614913176,0.178753830439224,0.147482014388489,0.721995926680244,4.28757396449704,25.5313725490196,10.291113381001,0.410386965376782,0.607940446650124,0.538775510204082,6.51174668028601,0.259674134419552,0.396078431372549,0.459652706843718,0.0183299389002036,0.388888888888889,0.285714285714286,0.0,1.81307456588355,0.0723014256619144,0.408450704225352,0.414285714285714,0.896551724137931,6.00102145045965,0.331914893617021,233,0.334763948497854
Trey Murphy III,NOP,2.65806451612903,1.83225806451613,1.44890038809832,0.0774193548387096,4.8,121.400778210117,1.01167315175097,1.4526588845655,29.0064516129032,10.3483870967742,0.556109725685786,11.3032258064516,0.361556064073227,5.26451612903226,7.94838709677419,3.56129032258065,10.3741935483871,1.85806451612903,0.690582959641256,0.719626168224299,0.848101265822785,0.522050059594756,0.550063321385902,0.548271752085817,0.592651757188498,0.464516129032258,23.4042553191489,3.46701164294955,5.73281452658885,2.12710765239948,0.100244498777506,3.11284046692607,0.128205128205128,1.21290322580645,0.696774193548387,0.0271084337349397,0.490322580645161,0.021788990825688,0.0246252676659528,0.084084084084084,0.0306905370843989,4.85161290322581,11.5870967741935,2.96774193548387,1.88387096774194,5.93548387096774,2.65806451612903,0.670967741935484,0.0258064516129032,0.0,0.567741935483871,0.113413304252999,0.773539928486293,5.55336658354115,26.7662100456621,5.44516129032258,0.251489868891538,0.701421800947867,0.722972972972973,4.12903225806452,0.190703218116806,0.4,0.774193548387097,0.035756853396901,0.366666666666667,0.636363636363636,0.0333333333333333,1.88387096774194,0.0870083432657926,0.465753424657534,0.472222222222222,0.941176470588235,9.41935483870968,0.33972602739726,364,0.340659340659341
Zaccharie Risacher,ATL,2.33918128654971,1.32214594457157,1.89446916719644,0.07627765064836,2.69514365624205,117.6500508647,0.940996948118006,1.32248219735504,23.9003305364861,11.0602593440122,0.537931034482759,8.74650394101195,0.354651162790698,2.69514365624205,8.74650394101195,3.15280956013222,9.07704042715484,0.22883295194508,0.735042735042735,0.8,0.975409836065574,0.441591784338896,0.583521204188482,0.535301668806162,0.558333333333333,0.966183574879227,20.7896497880883,3.42021614748888,4.62868769074262,2.28891149542218,0.101237345331834,2.11088504577823,0.0971896955503512,2.21205186880244,1.19501652682431,0.0491118077324973,0.99160945842868,0.0450346420323325,0.0471749862863411,0.0962099125364431,0.0716180371352785,2.33918128654971,5.92423086702263,1.09331299262649,1.24586829392321,3.78845664886855,1.70353419781337,0.432240020340707,0.127129417747267,0.0,0.15255530129672,0.0863309352517985,0.775353016688062,4.58850574712644,24.7440233236152,6.61072972285787,0.333761232349166,0.611538461538462,0.754716981132076,3.813882532418,0.192554557124519,0.44,0.635647088736334,0.0320924261874197,0.36,0.666666666666667,0.0,3.66132723112128,0.184852374839538,0.444444444444444,0.450704225352113,1.0,5.08517670989067,0.29,200,0.29
Andrew Wiggins,MIA,2.6322786492954,1.70167508641319,1.34165781083953,0.0797660196756181,4.62642914118586,113.936819750465,1.32731616671091,1.59277940005309,28.6625897367721,13.0018612071258,0.503067484662577,9.25285828237171,0.373563218390805,5.21137995214039,6.5939909598511,6.48763626695028,9.01356022334486,1.35602233448551,0.504065040650407,0.536796536796537,0.869230769230769,0.415770609318996,0.525369188861985,0.526881720430108,0.56984126984127,0.797660196756182,24.2960204794042,3.56004250797024,4.77833820015928,1.99097425006637,0.0881316098707403,2.60153968675338,0.106175514626219,2.33980324381813,1.27625631480989,0.0523446019629225,1.03695825578304,0.0422077922077922,0.0472569255839217,0.080168776371308,0.0875420875420875,4.20101036958256,10.582291943632,2.02073916511566,2.1802712044669,6.83328901887796,2.84498803509705,0.584950810954533,0.452007444828503,0.212709385801649,0.372241425152885,0.133190118152524,0.6415770609319,6.85910020449898,25.6239193083573,5.02525923956395,0.225806451612903,0.582010582010582,0.609090909090909,5.84950810954533,0.26284348864994,0.477272727272727,2.12709385801649,0.0955794504181601,0.3875,0.354838709677419,0.025,1.56873172028716,0.070489844683393,0.406779661016949,0.428571428571429,1.0,7.68412656208455,0.366782006920415,289,0.366782006920415
Keldon Johnson,SAS,2.01517927244177,1.28238680973567,1.50661600943273,0.0785134781470819,3.66396231353049,118.704092339979,0.577124868835257,1.28541448058762,25.6215650353311,12.9808950536509,0.57258064516129,7.17089767076682,0.317518248175183,3.9256739073541,9.31693274012039,5.54828578906046,6.12405129547239,0.706621303323737,0.626760563380282,0.703557312252965,0.896551724137931,0.355844155844156,0.565602697368421,0.538311688311688,0.575205640423032,1.62261188170636,21.3235294117647,4.86047425651775,6.79433368310598,2.6495278069255,0.118683901292597,3.5414480587618,0.151515151515152,2.93116985082439,1.8581523161476,0.0756929637526652,1.02067521591207,0.0440180586907449,0.0603070175438596,0.109550561797753,0.0875,3.27139492279508,8.13923056791416,1.67495420047108,1.596440722324,5.07720492017796,2.64328709761842,0.837477100235541,0.0,0.0,0.314053912588328,0.120381406436234,0.767532467532468,3.71754032258065,25.0843065693431,8.29625752420832,0.411688311688312,0.67192429022082,0.619718309859155,4.50143941376603,0.223376623376623,0.412790697674419,0.183198115676524,0.009090909090909,0.0,0.0,0.0,2.5909447788537,0.128571428571429,0.272727272727273,0.272727272727273,1.0,4.57995289191311,0.342857142857143,175,0.342857142857143
Royce O'Neale,PHX,1.74029451137885,1.285140562249,2.01521419991993,0.0,0.829986613119143,118.706758914316,0.904736562001064,1.78286322511974,18.2061579651941,3.45381526104418,0.48062015503876,11.8072289156627,0.409610983981693,0.508701472556894,2.35609103078983,0.963855421686747,13.8152610441767,0.562248995983936,0.709677419354839,0.771929824561404,0.960893854748603,0.773684210526316,0.54338389380531,0.579824561403509,0.584192439862543,0.267737617135208,15.6091676718938,4.65768050180168,7.87653006918574,3.40606705694518,0.143337066069429,3.48589675359234,0.155397390272835,1.4190093708166,0.669344042838019,0.0319284802043422,0.69611780455154,0.0288888888888888,0.0303030303030303,0.141791044776119,0.0864197530864197,4.36412315930388,10.8701472556894,2.22222222222222,2.14190093708166,0.69611780455154,0.294511378848728,0.0535475234270415,0.0,0.0,0.0803212851405622,0.0189982728842832,0.889473684210526,4.81860465116279,26.0192743764172,1.76706827309237,0.115789473684211,0.636363636363636,0.619047619047619,1.49933065595716,0.0982456140350877,0.339285714285714,0.187416331994645,0.0122807017543859,0.142857142857143,1.0,0.0,2.99866131191432,0.196491228070175,0.508928571428571,0.508928571428571,0.964912280701754,8.80856760374833,0.370820668693009,325,0.375384615384615
Haywood Highsmith,MIA,1.49791955617198,0.804438280166436,2.26864019919768,0.0277392510402219,1.30374479889043,112.168874172185,1.02097130242826,1.87637969094923,13.2593619972261,4.38280166435506,0.569620253164557,6.46324549237171,0.381974248927039,0.859916782246879,3.32871012482663,1.66435506241331,7.23994452149792,0.166435506241332,0.666666666666667,0.779220779220779,0.97752808988764,0.595907928388747,0.569177763496144,0.571611253196931,0.584352078239609,0.72122052704577,11.4067504311407,3.48595933047448,4.96688741721854,2.48344370860927,0.106007067137809,2.31788079470199,0.0967741935483871,1.99722607489598,0.776699029126214,0.0346964064436183,1.16504854368932,0.0472440944881889,0.0412735849056603,0.108771929824561,0.0310344827586206,3.10679611650485,7.57281553398058,1.74757281553398,1.35922330097087,1.19278779472954,0.499306518723994,0.13869625520111,0.0,0.0,0.13869625520111,0.0445544554455445,0.833759590792839,4.23860759493671,24.6944206008584,2.57975034674064,0.237851662404092,0.666666666666667,0.661290322580645,1.69209431345354,0.156010230179028,0.442622950819672,0.110957004160888,0.0102301790281329,0.25,0.0,0.25,3.07905686546463,0.283887468030691,0.45045045045045,0.45045045045045,1.0,3.38418862690707,0.319672131147541,122,0.319672131147541
Duncan Robinson,MIA,2.40694094598377,1.42737195633921,1.89900126600084,0.0,1.70724881052337,112.075791855204,0.169683257918552,1.13122171945701,22.8659389868458,5.03778337531486,0.555555555555556,13.5180520570949,0.393374741200828,1.31542121466555,4.25412818359922,1.34340890008396,14.1057934508816,1.84718723761545,0.76,0.783505154639175,0.884210526315789,0.728506787330317,0.543163800904977,0.580693815987934,0.595168374816984,0.167926112510495,19.3353474320242,2.34913489942327,4.21380090497738,1.69683257918552,0.0748129675810473,2.460407239819,0.101992966002345,0.503778337531486,0.251889168765743,0.0114942528735632,0.251889168765743,0.0103448275862068,0.0108892921960072,0.0629921259842519,0.0214285714285714,4.9258326336412,11.4469633361321,3.33053456479149,1.59529806884971,1.48334732717604,0.279876854184159,0.0559753708368317,0.223901483347327,0.0279876854184158,0.13993842709208,0.0265486725663716,0.873303167420815,4.58277777777778,25.5865424430642,2.68681780016793,0.144796380090498,0.65625,0.777777777777778,2.2949902043101,0.1236802413273,0.451219512195122,0.0559753708368317,0.0030165912518853,0.0,0.0,0.5,2.77078085642317,0.149321266968326,0.414141414141414,0.422680412371134,0.926829268292683,10.7472712006717,0.388020833333333,384,0.388020833333333
De'Andre Hunter,CLE,2.20667384284177,1.21097954790097,2.08333333333333,0.0269106566200215,5.65123789020452,116.031149301826,0.349087003222342,1.34264232008593,29.2787944025834,10.0645855758881,0.537433155080214,10.4413347685684,0.407792207792208,5.78579117330463,6.88912809472551,3.92895586652314,11.5446716899892,1.1302475780409,0.63681592039801,0.666666666666667,0.910828025477707,0.509186351706037,0.537806742323098,0.572834645669291,0.618451025056948,0.484391819160388,22.7866128649418,3.46774193548387,5.74650912996778,2.06766917293233,0.0913404507710557,3.3297529538131,0.148502994011976,1.18406889128095,0.511302475780409,0.0238993710691823,0.618945102260495,0.0267441860465116,0.0253776435045317,0.0707964601769911,0.03886925795053,2.47578040904198,6.0010764262648,1.42626480086114,1.04951560818084,6.83530678148547,2.34122712594187,0.403659849300323,0.134553283100108,0.053821313240043,1.10333692142088,0.109916367980884,0.694225721784777,7.36711229946524,25.1723514211886,3.79440258342304,0.18503937007874,0.617021276595745,0.735632183908046,4.70936490850377,0.229658792650919,0.485714285714286,1.56081808396125,0.0761154855643044,0.5,0.620689655172414,0.0,3.09472551130248,0.150918635170604,0.373913043478261,0.37719298245614,1.0,7.34660925726588,0.417582417582418,270,0.422222222222222
Peyton Watson,DEN,1.65045682287062,1.06100795755968,1.79509632224168,0.0884173297966401,2.77040966696139,116.160740098294,2.68863833477884,1.38768430182134,16.2393162393162,8.60595343353964,0.534246575342466,4.00825228411435,0.355555555555556,2.79988211022694,7.36811081638668,1.8272914824639,4.15561450044209,0.0884173297966401,0.801282051282051,0.838926174496644,0.979166666666667,0.317757009345794,0.578925995316159,0.532710280373832,0.562244897959184,0.412614205717654,14.3044275609117,3.40046701692936,5.37727666955768,1.90806591500434,0.079326923076923,3.09337958947673,0.126179245283019,1.3852048334807,0.854700854700855,0.0348557692307692,0.471559092248747,0.0262295081967213,0.0312066574202496,0.0596491228070175,0.0387096774193548,2.77040966696139,6.42499263188918,1.88623636899499,0.884173297966401,4.0377247273799,1.97465369879163,0.383141762452107,0.0,0.0,0.235779546124374,0.139004149377593,0.766355140186916,4.23458904109589,24.6110294117647,5.65870910698497,0.448598130841122,0.640625,0.821138211382114,2.59357500736811,0.205607476635514,0.363636363636364,0.353669319186561,0.02803738317757,0.0833333333333333,0.0,0.0,2.23990568818155,0.177570093457944,0.447368421052632,0.447368421052632,1.0,1.7683465959328,0.233333333333333,59,0.23728813559322
Tristan da Silva,ORL,1.74183514774495,1.05754276827372,1.46144278606965,0.15552099533437,1.77293934681182,112.62045383898,0.55952751010258,1.02580043518806,16.5785381026439,7.58942457231726,0.487704918032787,7.43390357698289,0.336134453781513,1.71073094867807,4.54121306376361,2.86158631415241,7.09175738724728,0.373250388802488,0.613445378151261,0.675925925925926,0.95,0.494824016563147,0.544278734439834,0.494824016563147,0.5205078125,0.684292379471229,15.3284671532847,3.80907960199005,5.34659620764688,2.61112838047871,0.111111111111111,2.39353434877215,0.120500782472613,2.2706065318818,0.995334370139969,0.0406091370558375,1.24416796267496,0.0494437577255871,0.045084533500313,0.122137404580153,0.0503597122302158,3.51477449455677,8.33592534992224,2.20839813374806,1.30637636080871,1.95956454121306,0.933125972006221,0.186625194401244,0.0,0.0,0.15552099533437,0.059171597633136,0.759834368530021,5.43155737704918,24.9686192468619,3.98133748055988,0.265010351966874,0.5859375,0.68,2.95489891135303,0.196687370600414,0.421052631578947,0.653188180404355,0.0434782608695652,0.19047619047619,0.5,0.0,3.01710730948678,0.200828157349896,0.360824742268041,0.360824742268041,1.0,4.41679626749611,0.316901408450704,141,0.319148936170213
Corey Kispert,WAS,1.90589636688505,1.22096486003574,1.46574932695184,0.0595592614651578,1.78677784395474,120.3125,0.420673076923077,0.78125,20.9946396664681,6.99821322215605,0.574468085106383,9.82727814175104,0.369230769230769,2.23347230494342,6.37284097677189,1.66765932102442,10.0952948183443,0.625372245384157,0.792592592592593,0.8359375,0.941666666666667,0.584070796460177,0.539132142857143,0.557522123893805,0.581395348837209,0.416914830256105,17.4553101997897,2.70714926712534,4.35697115384615,2.01322115384615,0.08375,2.04326923076923,0.0855345911949685,1.07206670637284,0.416914830256105,0.0177890724269377,0.655151876116736,0.0282776349614395,0.0230031948881789,0.112612612612613,0.027027027027027,3.06730196545563,7.50446694460989,1.697438951757,1.36986301369863,2.62060750446695,0.952948183442525,0.119118522930316,0.208457415128052,0.0595592614651578,0.119118522930316,0.0652173913043478,0.817699115044248,4.64851063829787,26.5830303030303,3.93091125670042,0.233628318584071,0.689393939393939,0.78021978021978,2.97796307325789,0.176991150442478,0.44,0.0893388921977367,0.0053097345132743,0.0,0.0,0.0,1.697438951757,0.100884955752212,0.368421052631579,0.381818181818182,0.904761904761905,8.12983918999404,0.362637362637363,268,0.369402985074627
Ziaire Williams,BKN,2.19240837696335,1.37434554973822,2.43066884176183,0.0654450261780104,3.7958115183246095,119.063109954457,0.910865322055953,2.01691607026675,20.6806282722513,7.13350785340314,0.509174311926605,9.88219895287958,0.343333333333333,3.30497382198953,4.58115183246073,2.68324607329843,9.91492146596859,0.196335078534031,0.630630630630631,0.752688172043011,0.980582524271845,0.580769230769231,0.569548648648649,0.510576923076923,0.547743055555556,1.17801047120419,18.4832756632065,4.68189233278956,7.35198438516591,2.96031229668185,0.135014836795252,3.7085230969421,0.165697674418605,1.99607329842932,0.981675392670157,0.0421940928270042,0.981675392670157,0.0376884422110552,0.039814200398142,0.139372822299652,0.0339622641509433,2.74869109947644,6.47905759162304,1.76701570680628,0.981675392670157,4.02486910994764,1.40706806282723,0.163612565445026,0.163612565445026,0.0327225130890052,0.458115183246073,0.0837789661319073,0.869230769230769,4.11467889908257,24.962582781457,4.90837696335079,0.288461538461538,0.593333333333333,0.617977528089888,1.8979057591623,0.111538461538462,0.362068965517241,0.327225130890052,0.0192307692307692,0.1,1.0,0.0,4.22120418848168,0.248076923076923,0.310077519379845,0.3125,1.0,5.660994764397911,0.364161849710983,171,0.368421052631579
Matas Buzelis,CHI,2.27622270070747,1.19963088280529,1.97256896286023,0.123039064903107,2.46078129806214,114.546016059296,2.31624459542928,0.895614576899321,21.1627191633344,8.88957243924946,0.539792387543253,8.1820978160566,0.360902255639098,2.70685942786835,6.70562903721932,2.89141802522301,8.67425407566902,0.18455859735466,0.698717948717949,0.756944444444444,0.979166666666667,0.479279279279279,0.585620990990991,0.540540540540541,0.570480928689884,0.73823438941864,18.5784851811197,4.28417321621205,6.88696726374305,2.81037677578752,0.112345679012346,3.73687461395923,0.157142857142857,1.69178714241772,0.768994155644417,0.0358166189111747,0.892033220547524,0.0357142857142857,0.0357615894039735,0.121301775147929,0.0412979351032448,2.43002153183636,5.99815441402645,1.29191018148262,1.13811135035374,3.32205475238388,1.75330667486927,0.307597662257767,0.0,0.0,0.0307597662257766,0.0946843853820598,0.848648648648649,3.6636678200692,24.5860902255639,6.30575207628422,0.369369369369369,0.590243902439024,0.727272727272727,2.21470316825592,0.12972972972973,0.416666666666667,0.36911719470932,0.0216216216216216,0.416666666666667,0.8,0.0833333333333333,4.15256844047985,0.243243243243243,0.362962962962963,0.365671641791045,0.979591836734694,4.02952937557675,0.358778625954198,131,0.358778625954198
Dalton Knecht,LAL,1.24411566913248,0.773369199731002,1.56118851771026,0.0672494956287827,1.9502353732347,117.633255112303,0.268186389540731,0.804559168622193,23.7390719569603,7.29657027572293,0.594470046082949,11.4324142568931,0.378698224852071,2.15198386012105,6.45595158036315,2.21923335574983,11.9031607262946,1.00874243443174,0.744186046511628,0.780487804878049,0.921875,0.610412926391382,0.54806940433213,0.576301615798923,0.593908629441624,0.403496973772697,18.768679019725,3.62598623468189,6.00067046597385,2.11196781763326,0.0929203539823008,3.25175997318136,0.128647214854111,1.24411566913248,0.369872225958305,0.0164917541229385,0.874243443174176,0.0389221556886227,0.0277153558052434,0.0570175438596491,0.0246305418719211,2.21923335574983,5.41358439811701,1.24411566913248,0.97511768661735,2.82447881640888,1.00874243443174,0.134498991257566,0.168123739071957,0.0,0.100874243443174,0.0595238095238095,0.807899461400359,6.19400921658986,25.7379411764706,3.69872225958305,0.197486535008977,0.763636363636364,0.797619047619048,2.7236045729657,0.145421903052065,0.419753086419753,0.874243443174176,0.0466786355475763,0.423076923076923,0.636363636363636,0.0,3.29522528581036,0.175942549371634,0.438775510204082,0.443298969072165,1.0,8.13718897108272,0.351239669421488,240,0.354166666666667
Brice Sensabaugh,UTA,3.53485298975884,1.91608853650479,1.83835707187811,0.0991080277502477,1.78394449950446,121.986051145799,0.26569246097642,1.52773165061441,25.5037991410638,7.49917409976875,0.519823788546256,12.2893954410307,0.423180592991914,2.14734060125537,4.5589692765114,3.23752890650809,13.3795837462835,2.18037661050545,0.584745762711864,0.638888888888889,0.859872611464968,0.621035058430718,0.521894435075885,0.590150250417362,0.613057324840764,0.660720185001652,21.3186174847517,3.47797283868831,5.57954168050482,2.19196280305546,0.10459587955626,3.12188641647293,0.122555410691004,1.38751238850347,0.561612157251404,0.026275115919629,0.7598282127519,0.0299479166666666,0.0282685512367491,0.133663366336634,0.0264550264550264,3.63396101750909,8.58936240502147,2.31252064750578,1.3214403700033,2.41162867525603,1.15626032375289,0.396432111000991,0.0660720185001651,0.0330360092500825,0.165180046250413,0.0593900481540931,0.724540901502504,7.98370044052863,25.2040322580645,2.04823257350512,0.103505843071786,0.629032258064516,0.461538461538462,4.45986124876115,0.225375626043406,0.503703703703704,0.991080277502478,0.0500834724540901,0.366666666666667,0.727272727272727,0.0333333333333333,3.9973571192599904,0.202003338898164,0.504132231404959,0.530434782608696,0.934426229508197,8.29203832177073,0.382470119521912,250,0.384
Ryan Dunn,PHX,1.43988480921526,0.755939524838013,2.88512911843277,0.107991360691145,1.00791936645068,118.117729996475,1.4099400775467,1.55093408530137,18.394528437725,7.66738660907127,0.577464788732394,9.50323974082074,0.310606060606061,0.68394528437725,6.62347012239021,2.23182145428366,8.85529157667387,0.0,0.747967479674797,0.893203883495146,1.0,0.553459119496855,0.549304507337526,0.515723270440252,0.516161616161616,1.43988480921526,16.7764189401066,4.75512021371327,6.16848783926683,2.18540712019739,0.0894660894660894,3.52485019386676,0.143061516452074,3.3117350611951,1.40388768898488,0.0597243491577335,1.83585313174946,0.0721357850070721,0.0661764705882353,0.0807174887892376,0.0486111111111111,2.05183585313175,5.25557955363571,0.899928005759539,1.15190784737221,1.40388768898488,0.647948164146868,0.0719942404607631,0.0359971202303815,0.0,0.0359971202303815,0.0384615384615384,0.758909853249476,5.59342723004695,24.3723484848485,3.52771778257739,0.205450733752621,0.714285714285714,0.685714285714286,3.67170626349892,0.213836477987421,0.480392156862745,0.46796256299496,0.0272536687631027,0.307692307692308,0.75,0.0,5.54355651547876,0.322851153039832,0.331168831168831,0.333333333333333,1.0,3.9596832253419696,0.281818181818182,110,0.281818181818182
Jaime Jaquez Jr.,MIA,3.55329949238579,2.17548948513416,1.46925448938872,0.181290790427846,3.58955765047136,116.551724137931,0.508166969147005,2.21415607985481,20.6671501087745,12.4365482233503,0.513119533527697,4.31472081218274,0.321739130434783,3.87962291515591,5.6562726613488,7.10659898477157,3.58955765047136,0.435097897026831,0.443181818181818,0.472727272727273,0.891891891891892,0.257575757575758,0.54120807860262,0.501082251082251,0.54293893129771,0.797679477882524,20.0709906421426,5.26029385089788,7.47731397459165,3.8475499092559,0.161094224924012,2.83121597096189,0.114874815905744,3.04568527918782,1.45032632342277,0.0625978090766823,1.55910079767948,0.0643712574850299,0.0635042081101759,0.186602870813397,0.0822510822510822,6.0188542422045,14.902102973169,3.15445975344453,2.86439448875997,5.14865844815083,2.57432922407542,0.580130529369108,0.0362581580855692,0.0362581580855692,0.253807106598985,0.13926499032882,0.670995670995671,4.50466472303207,25.3042016806723,6.92530819434373,0.413419913419913,0.612565445026178,0.461538461538462,5.1849166062364,0.30952380952381,0.398601398601399,0.326323422770123,0.0194805194805194,0.222222222222222,1.0,0.222222222222222,2.32052211747643,0.138528138528139,0.28125,0.28125,0.944444444444444,1.99419869470631,0.345454545454545,51,0.372549019607843
Justin Champagnie,WAS,1.931330472103,1.25178826895565,1.95868945868946,0.0,1.89556509298999,119.255319148936,1.38297872340426,2.30496453900709,19.4563662374821,7.796852646638049,0.623853211009174,6.90271816881259,0.385416666666667,1.78826895565093,5.50786838340486,4.2203147353362,7.83261802575107,0.107296137339056,0.566176470588235,0.762376237623762,0.986486486486486,0.469586374695864,0.570741951219512,0.600973236009732,0.616780045351474,2.5035765379113,15.495608531995,6.25,8.47517730496454,3.43971631205674,0.140783744557329,4.18439716312057,0.165730337078652,4.00572246065808,2.61087267525036,0.112480739599384,1.32331902718169,0.0516759776536312,0.0805860805860805,0.0990990990990991,0.127962085308057,2.14592274678112,5.1859799713877,1.25178826895565,0.894134477825465,2.61087267525036,1.00143061516452,0.286123032904149,0.143061516452074,0.0715307582260372,0.286123032904149,0.0739030023094688,0.839416058394161,3.24862385321101,26.0145077720207,5.43633762517883,0.369829683698297,0.730263157894737,0.531531531531532,2.25321888412017,0.153284671532847,0.396825396825397,0.107296137339056,0.0072992700729927,0.0,0.0,0.0,2.28898426323319,0.155717761557178,0.359375,0.365079365079365,1.0,4.6137339055794,0.395348837209302,128,0.3984375
Ausar Thompson,DET,2.90909090909091,1.81818181818182,2.96349837368992,0.145454545454545,4.72727272727273,112.284482758621,1.4367816091954,3.52011494252874,21.5272727272727,14.9090909090909,0.570731707317073,1.78181818181818,0.244444444444444,3.30909090909091,10.5454545454545,6.47272727272727,1.2,0.0,0.61965811965812,0.707317073170732,1.0,0.106753812636166,0.586980112359551,0.545751633986928,0.562977099236641,2.10909090909091,19.046114971573,5.47524394651247,6.89655172413793,3.48419540229885,0.149691358024691,2.98132183908046,0.129485179407176,4.03636363636364,2.83636363636364,0.106703146374829,1.05454545454545,0.054820415879017,0.0849206349206349,0.0922330097087378,0.123239436619718,4.87272727272727,12.0,2.61818181818182,2.25454545454545,5.16363636363636,2.25454545454545,0.327272727272727,0.0,0.0,0.436363636363636,0.12109375,0.71677559912854,3.34121951219512,28.5479166666667,10.1818181818182,0.610021786492375,0.671428571428571,0.622340425531915,4.50909090909091,0.270152505446623,0.354838709677419,0.218181818181818,0.0130718954248366,0.333333333333333,0.5,0.0,0.909090909090909,0.0544662309368191,0.24,0.24,1.0,0.872727272727273,0.208333333333333,20,0.25
Jalen Johnson,ATL,3.80337280229638,2.18873340509508,1.20308852576764,0.143523501973448,3.55220667384284,112.868439971244,1.294033069734,2.01294033069734,24.3989953354862,14.4241119483315,0.564676616915423,5.05920344456405,0.316546762589928,3.37280229637603,10.1901686401148,6.09974883387155,4.52099031216362,0.215285252960172,0.625550660792952,0.696078431372549,0.954545454545455,0.259668508287293,0.573024399260628,0.539594843462247,0.570469798657718,1.65052027269465,22.1102362204724,6.46435625785599,10.6757728253055,4.99640546369518,0.220634920634921,4.88856937455068,0.207951070336391,2.26049515608181,1.29171151776103,0.0533333333333333,0.932902762827413,0.046594982078853,0.0502838605028386,0.204545454545455,0.0526315789473684,6.49443846429853,15.2852529601722,4.19806243272336,2.29637603157517,4.52099031216362,2.33225690706853,0.681736634373879,0.0,0.0,0.251166128453534,0.110356536502547,0.662983425414365,4.82985074626866,25.3248226950355,7.85791173304629,0.403314917127072,0.721461187214612,0.639240506329114,5.88446358091137,0.302025782688766,0.371951219512195,0.681736634373879,0.0349907918968692,0.421052631578947,0.75,0.0,1.57875852170793,0.0810313075506445,0.318181818181818,0.325581395348837,1.0,3.48044492285612,0.309278350515464,95,0.315789473684211
Max Strus,CLE,2.04778156996587,1.51687523701176,1.97156398104265,0.0,2.16154721274175,114.139499620925,0.45489006823351,0.985595147839272,17.8612059158134,3.03375047402351,0.65,11.1111111111111,0.386986301369863,1.06181266590823,2.88206295032234,1.06181266590823,12.4004550625711,0.455062571103527,0.730769230769231,0.826086956521739,0.964601769911504,0.785522788203753,0.573271584699454,0.593833780160858,0.606958762886598,0.455062571103527,14.675540765391,4.11374407582938,6.21683093252464,3.18423047763457,0.124260355029586,2.76724791508719,0.1168,2.00985968904058,0.417140690178233,0.0216962524654832,1.59271899886234,0.0612244897959183,0.0444258172673931,0.157894736842105,0.0171428571428571,5.99165718619644,13.8414865377323,4.13348502085704,1.8581721653394,1.28934395145999,0.265453166477057,0.0379218809252938,0.151687523701176,0.0379218809252938,0.227531285551763,0.0262467191601049,0.943699731903485,2.97875,25.4122866894198,2.23739097459234,0.158176943699732,0.745762711864407,0.727272727272727,0.758437618505878,0.0536193029490616,0.4,0.0379218809252938,0.002680965147453,0.0,0.0,0.0,3.52673492605233,0.249329758713137,0.397849462365591,0.402173913043478,0.945945945945946,7.58437618505878,0.38,199,0.381909547738693
Ronald Holland II,DET,2.79828993392927,1.43801010493587,2.72095715939792,0.194325689856199,4.31403031480762,113.760061326179,0.651590647757762,1.87811422000767,20.2876020209872,10.2992615623785,0.607547169811321,5.86863583365721,0.243243243243243,3.57559269335406,7.46210649047804,5.05246793626117,4.1974349008939,0.0,0.596273291925466,0.631578947368421,1.0,0.362980769230769,0.559674938875306,0.516826923076923,0.558886509635974,0.699572483482316,18.3395712827492,4.20686993438827,6.82253737064009,2.87466462246071,0.121555915721232,3.14296665389038,0.139219015280136,1.55460551884959,0.660707345511077,0.0274193548387096,0.777302759424796,0.033167495854063,0.0302534750613246,0.126168224299065,0.0478260869565217,3.18694131364166,8.08394869801788,1.47687524290711,1.71006607073455,4.74154683249126,2.56509910610183,0.699572483482316,0.0,0.0,0.116595413913719,0.142241379310345,0.740384615384615,4.46867924528302,25.4907284768212,6.10182666148465,0.377403846153846,0.662420382165605,0.596153846153846,3.8087835211815,0.235576923076923,0.540816326530612,0.388651379712398,0.0240384615384615,0.4,1.0,0.0,2.91488534784299,0.180288461538462,0.2,0.2,1.0,2.95375048581422,0.276315789473684,73,0.287671232876712
Ricky Council IV,PHI,2.0456333595594,0.983477576711251,1.31734172237515,0.1573564122738,4.60267505900866,118.671383647799,0.511006289308176,1.25786163522013,20.9284028324154,9.83477576711251,0.488,8.37922895357986,0.263157894736842,4.83870967741936,4.95672698662471,4.6420141620771,6.01888276947286,0.4720692368214,0.516393442622951,0.543103448275862,0.927272727272727,0.460043196544276,0.547057549234136,0.441684665226782,0.500945179584121,0.4720692368214,20.2157272094642,4.20762878489972,6.40723270440252,1.96540880503145,0.0910746812386156,3.73427672955975,0.15625,2.00629425649095,0.904799370574351,0.0402097902097902,1.0228166797797,0.0414012738853503,0.0408333333333333,0.0934959349593495,0.0627615062761506,3.81589299763965,9.40204563335956,2.0456333595594,1.77025963808025,6.01888276947286,3.02911093627065,0.629425649095201,0.0,0.0,0.19669551534225,0.146946564885496,0.745140388768899,5.3324,26.8361502347418,5.19276160503541,0.285097192224622,0.598484848484849,0.632911392405063,3.97324940991345,0.218142548596112,0.386138613861386,0.668764752163651,0.0367170626349892,0.235294117647059,0.25,0.117647058823529,1.7309205350118,0.0950323974082073,0.409090909090909,0.409090909090909,0.944444444444444,6.64830841856806,0.218934911242604,165,0.224242424242424
Simone Fontecchio,DET,2.09383481969756,1.39588987979837,1.84322856034148,0.0,2.67545560294688,113.514563106796,0.466019417475728,1.20388349514563,17.2935246219465,5.66110895696006,0.506849315068493,8.8018611865064,0.337777777777778,2.71423032183017,3.72237301279566,2.01628538193098,8.84063590538969,0.0,0.648648648648649,0.727272727272727,1.0,0.60857908847185,0.549315217391304,0.50402144772118,0.5440097799511,0.62039550213261,15.80204778157,4.17151726814125,6.33009708737864,3.76699029126214,0.158496732026144,2.21359223300971,0.104395604395604,2.01628538193098,0.736719658782474,0.0335689045936395,0.930593253198914,0.0380348652931854,0.035923141186299,0.158163265306122,0.0460829493087557,2.52035672741373,6.5141527723924,1.04691740984878,1.47343931756495,3.2570763861962,1.16324156649864,0.19387359441644,0.232648313299729,0.116324156649864,0.310197751066305,0.0897755610972568,0.820375335120643,5.7986301369863,25.4277533039648,3.06320279177976,0.211796246648794,0.582278481012658,0.652173913043478,1.89996122528112,0.131367292225201,0.428571428571429,0.697944939899186,0.0482573726541554,0.388888888888889,0.714285714285714,0.0555555555555555,3.29585110507949,0.227882037533512,0.282352941176471,0.285714285714286,1.0,5.50601008142691,0.366197183098592,140,0.371428571428571
Caleb Martin,DAL,2.29790726302831,1.23102174805088,1.7827868852459,0.123102174805088,3.32375871973738,115.554645927139,0.941465411379452,1.8829308227589,14.6081247435371,8.24784571194091,0.45771144278607,4.22650800164136,0.366336633663366,2.50307755437013,3.28272466146902,4.26754205990973,4.43167829298318,0.123102174805088,0.434782608695652,0.470588235294118,0.972972972972973,0.338815789473684,0.527930794701987,0.485197368421053,0.511494252873563,0.574476815757078,14.787701317716,3.62704918032787,5.07572656569791,2.12853049529267,0.0930232558139534,2.66066311911584,0.118829981718464,2.17480508822323,1.23102174805088,0.0505902192242833,0.90274928190398,0.0390070921985815,0.0449438202247191,0.101321585903084,0.0324074074074074,3.89823553549446,9.76610586787033,1.92860073861305,1.96963479688141,4.02133771029955,1.55929421419778,0.246204349610176,0.0820681165367254,0.0,0.410340582683627,0.118343195266272,0.615131578947369,8.5726368159204,25.2844660194175,3.44686089454247,0.276315789473684,0.595238095238095,0.42,2.66721378744358,0.213815789473684,0.384615384615385,2.13377102995486,0.171052631578947,0.326923076923077,0.529411764705882,0.0,1.80549856380796,0.144736842105263,0.477272727272727,0.488372093023256,0.952380952380952,2.4210094378334,0.271186440677966,57,0.280701754385965
Kawhi Leonard,LAC,3.05992350191245,1.82745431364216,1.18895966029724,0.0,5.18487037824054,109.503606279168,0.72125583368689,2.50318201103097,33.8291542711432,18.4020399490013,0.535796766743649,8.07479813004675,0.410526315789474,4.16489587760306,8.49978750531237,11.2197195070123,6.75733106672333,3.18742031449214,0.431034482758621,0.45045045045045,0.67948717948718,0.304975922953451,0.508765810593901,0.560192616372392,0.589285714285714,0.849978750531237,28.5057471264368,4.64968152866242,7.80653372931693,3.13958421722529,0.135283363802559,4.20025456088248,0.176470588235294,1.48746281342966,0.849978750531237,0.0336700336700336,0.594985125371866,0.0334128878281622,0.033563672260612,0.118055555555556,0.0529411764705882,4.92987675308117,11.8997025074373,2.88992775180621,2.03994900127497,5.14237144071398,2.20994475138122,0.552486187845304,0.212494687632809,0.0424989375265618,0.254993625159371,0.0855855855855855,0.489566613162119,9.40646651270208,25.8247368421053,4.88737781555461,0.184590690208668,0.721739130434783,0.55421686746988,9.39226519337017,0.354735152487962,0.479638009049774,4.1223969400765,0.15569823434992,0.443298969072165,0.418604651162791,0.0,1.18997025074373,0.0449438202247191,0.392857142857143,0.423076923076923,1.0,6.88482787930302,0.41358024691358,162,0.41358024691358
Cody Martin,PHX,2.12677231025855,1.37614678899083,1.96850393700787,0.0,2.54378648874062,113.879736408567,1.31795716639209,2.30642504118616,14.929107589658,7.25604670558799,0.53448275862069,6.29691409507923,0.28476821192053,1.79316096747289,4.58715596330275,3.16930775646372,5.12927439532944,0.250208507089241,0.591397849462366,0.611111111111111,0.953488372093023,0.464615384615385,0.552070307692308,0.484615384615385,0.505649717514124,0.250208507089241,14.5998558038933,4.64152507252383,7.04283360790774,2.63591433278418,0.121212121212121,3.74794069192751,0.147727272727273,2.21017514595496,0.625521267723103,0.0275735294117647,1.45954962468724,0.0542635658914728,0.0420521446593776,0.110091743119266,0.0384615384615384,4.37864887406172,11.0508757297748,2.08507089241034,2.29357798165138,2.54378648874062,1.00083402835696,0.0834028356964136,0.0417014178482068,0.0,0.250208507089241,0.0718390804597701,0.750769230769231,7.12873563218391,24.6841059602649,3.87823185988324,0.286153846153846,0.688172043010753,0.609375,1.70975813177648,0.126153846153846,0.341463414634146,1.66805671392827,0.123076923076923,0.375,0.533333333333333,0.0,3.37781484570475,0.249230769230769,0.283950617283951,0.291139240506329,0.956521739130435,2.91909924937448,0.285714285714286,70,0.285714285714286
Justin Edwards,PHI,2.0913358941528,1.15236875800256,2.09044368600683,0.0,1.62185232607768,126.055437100213,0.682302771855011,1.91897654584222,18.992744344857,8.02390098164746,0.547872340425532,8.10926163038839,0.363157894736842,1.36577037985489,4.7801963294921,4.01195049082373,8.19462227912932,0.640204865556978,0.54368932038835,0.608695652173913,0.927536231884058,0.502645502645503,0.550082671957672,0.546296296296296,0.55625,0.938967136150235,16.9242367131549,3.15699658703072,4.34968017057569,1.91897654584222,0.0933609958506224,2.08955223880597,0.0936902485659655,1.9632949210414,1.02432778489117,0.0428571428571428,0.810926163038839,0.0338680926916221,0.0383586083853702,0.114155251141553,0.0495495495495495,2.9449423815621,6.95689287238583,1.87793427230047,1.06700810926163,1.9632949210414,0.853606487409304,0.0853606487409304,0.0,0.0,0.170721297481861,0.0505050505050505,0.746031746031746,6.46914893617021,25.3584210526316,3.9265898420828,0.243386243386243,0.630434782608696,0.482758620689655,2.85958173282117,0.177248677248677,0.432835820895522,1.23772940674349,0.0767195767195767,0.551724137931035,0.6875,0.0689655172413793,2.13401621852326,0.132275132275132,0.4,0.408163265306122,1.0,5.97524541186513,0.35,140,0.35
Aaron Nesmith,IND,1.59965412883701,0.821444012105491,2.45372363323289,0.12970168612192,3.32900994379594,113.930561508787,0.728675525075011,1.5002143163309,23.3895373973195,7.95503674881107,0.586956521739131,8.43060959792477,0.430769230769231,3.15607436230004,7.17682663207955,2.16169476869866,10.5058365758755,0.389105058365759,0.768518518518519,0.838383838383838,0.964285714285714,0.514511873350924,0.553123878627968,0.617414248021108,0.656934306569343,0.778210116731518,17.5893207695328,3.83125269048644,6.0437205315045,2.40034290612945,0.0980735551663747,3.21474496356622,0.138121546961326,1.59965412883701,0.734976221357544,0.0346938775510204,0.778210116731518,0.0340264650283553,0.0343473994111874,0.0803571428571428,0.0404624277456647,2.33463035019455,5.44747081712062,1.55642023346304,0.778210116731518,3.45871162991786,1.46995244271509,0.605274535235625,0.0432338953739731,0.0,0.475572849113705,0.0875,0.778364116094987,5.74076086956522,25.0558974358974,4.32338953739732,0.263852242744063,0.68,0.75,2.85343709468223,0.174142480211082,0.5,0.778210116731518,0.0474934036939313,0.388888888888889,0.714285714285714,0.0,3.37224383916991,0.205804749340369,0.5,0.5,0.948717948717949,5.05836575875486,0.384615384615385,117,0.384615384615385
Julian Phillips,CHI,1.14455277660025,0.593471810089021,2.28233305156382,0.0,2.54345061466723,114.159292035398,0.842815002107038,1.60134850400337,15.5150487494701,5.68037303942348,0.582089552238806,6.48579906740144,0.326797385620915,2.54345061466723,4.49342941924544,2.11954217888936,6.35862653666808,0.0,0.67948717948718,0.883333333333333,1.0,0.533101045296167,0.596441289198606,0.533101045296167,0.571875,1.52607036880034,12.9525942515864,3.57142857142857,4.29835651074589,1.81205225453013,0.0781818181818181,2.23345975558365,0.0877483443708609,2.84018651971174,1.35650699448919,0.065173116089613,1.48367952522255,0.0557324840764331,0.0598748882931188,0.104545454545455,0.105485232067511,1.6532428995337,4.23908435777872,0.720644340822382,0.932598558711318,3.22170411191183,1.52607036880034,0.423908435777872,0.0,0.0,0.29673590504451,0.115015974440895,0.89198606271777,2.65597014925373,24.221568627451,4.36625688851208,0.358885017421603,0.611650485436893,0.634920634920635,1.27172530733362,0.104529616724739,0.5,0.0423908435777872,0.0034843205574912,0.0,0.0,0.0,4.36625688851208,0.358885017421603,0.398058252427184,0.41,1.0,2.11954217888936,0.18,50,0.18
Jamison Battle,TOR,1.2448132780083,0.78377132319041,2.12128199216048,0.0,1.15260488704472,116.09778597786,0.461254612546126,0.784132841328413,19.3176579068695,4.05716920239742,0.5,11.9409866297833,0.405405405405405,0.737667127708622,3.3195020746888,0.737667127708622,14.1078838174274,0.4149377593361,0.818181818181818,0.878048780487805,0.971428571428571,0.746397694524496,0.547909104046243,0.580691642651297,0.588732394366197,0.276625172890733,15.1310563939635,3.64307124740604,5.58118081180812,2.85977859778598,0.128898128898129,2.53690036900369,0.114345114345114,1.70585523282619,0.645458736745044,0.023972602739726,0.968188105117566,0.0417495029821073,0.0321987120515179,0.148148148148148,0.0253164556962025,2.44352236053481,6.13185799907792,1.19870908252651,1.2448132780083,0.829875518672199,0.276625172890733,0.0461041954817888,0.0,0.0,0.138312586445367,0.0170454545454545,0.864553314121037,6.77386363636364,24.9872586872587,1.89027201475334,0.118155619596542,0.536585365853659,0.863636363636364,1.61364684186261,0.100864553314121,0.428571428571429,0.553250345781466,0.0345821325648415,0.583333333333333,0.714285714285714,0.0,4.9792531120332,0.311239193083574,0.407407407407407,0.411214953271028,0.977272727272727,6.96173351775012,0.403973509933775,151,0.403973509933775
Kris Murray,POR,1.98614318706697,1.24711316397229,1.5179392824287,0.046189376443418,1.93995381062356,110.077874484654,0.778744846541457,1.60329821346771,13.256351039261,7.34411085450346,0.566037735849057,5.54272517321016,0.225,1.20092378752887,4.89607390300231,3.41801385681293,3.60277136258661,0.138568129330254,0.588888888888889,0.706666666666667,0.962962962962963,0.43010752688172,0.589648566308244,0.467741935483871,0.470491803278689,1.38568129330254,13.6792452830189,4.18583256669733,4.85570316078791,2.29042601923958,0.0920810313075506,2.33623453962437,0.109677419354839,3.51039260969977,1.33949191685912,0.0521582733812949,2.12471131639723,0.0936863543788187,0.0716332378223495,0.09,0.0522088353413654,3.14087759815243,7.71362586605081,1.70900692840647,1.43187066974596,2.63279445727483,1.20092378752887,0.23094688221709,0.0,0.0,0.23094688221709,0.0866666666666666,0.878136200716846,2.82138364779874,24.6475,5.77367205542725,0.448028673835125,0.624,0.628205128205128,1.52424942263279,0.118279569892473,0.333333333333333,0.046189376443418,0.003584229390681,1.0,1.0,0.0,2.8175519630485,0.218637992831541,0.278688524590164,0.278688524590164,1.0,2.72517321016166,0.169491525423729,59,0.169491525423729
Kyle Anderson,MIA,1.81907571288102,1.03244837758112,1.99164002950578,0.0,2.94985250737463,110.329562223315,1.62321692080669,1.96753566158387,17.5516224188791,11.4552605703048,0.502145922746781,3.44149459193707,0.378787878787879,2.35988200589971,5.70304818092429,5.80137659783678,3.53982300884956,0.147492625368732,0.495726495726496,0.574257425742574,0.96,0.231023102310231,0.503177871621622,0.50990099009901,0.539274924471299,1.5732546705998,15.7669237360754,5.06515859355791,7.52582390555829,3.04968027545499,0.13135593220339,3.59075258239056,0.156989247311828,2.60570304818092,0.983284169124877,0.0385356454720616,1.5732546705998,0.0653061224489796,0.0515361744301288,0.130434782608696,0.0516129032258064,7.12881022615536,17.6499508357915,3.73647984267453,3.39233038348083,3.19567354965585,1.5732546705998,0.442477876106195,0.0,0.0,0.245821042281219,0.0981595092024539,0.498349834983498,6.57725321888412,26.4057142857143,3.98230088495575,0.267326732673267,0.703703703703704,0.56140350877193,6.44051130776795,0.432343234323432,0.412213740458015,1.03244837758112,0.0693069306930693,0.285714285714286,0.0,0.0,1.5732546705998,0.105610561056106,0.40625,0.40625,1.0,1.86823992133727,0.315789473684211,34,0.352941176470588
Brandon Miller,CHA,4.06417112299465,1.81818181818182,1.97596795727637,0.0,3.85026737967914,115.2,1.06666666666667,1.54666666666667,30.3743315508021,10.5882352941176,0.474747474747475,15.668449197861,0.361111111111111,3.63636363636364,5.13368983957219,4.91978609625669,13.475935828877,3.20855614973262,0.51063829787234,0.564705882352941,0.807692307692308,0.596741344195519,0.523591563786008,0.509164969450102,0.538095238095238,0.962566844919786,27.5862068965517,3.49799732977303,5.65333333333333,2.24,0.107969151670951,3.04,0.12780269058296,1.33689839572193,0.695187165775401,0.0277185501066098,0.641711229946524,0.0238095238095238,0.0256937307297019,0.115606936416185,0.0317460317460317,5.24064171122995,12.6737967914439,3.04812834224599,2.19251336898396,4.22459893048128,1.65775401069519,0.267379679144385,0.160427807486631,0.053475935828877,0.320855614973262,0.0655105973025048,0.729124236252546,7.54141414141414,26.7433447098976,3.47593582887701,0.132382892057026,0.676923076923077,0.522727272727273,5.40106951871658,0.205702647657841,0.396039603960396,1.71122994652406,0.065173116089613,0.3125,0.6,0.03125,1.3903743315508,0.0529531568228105,0.307692307692308,0.307692307692308,1.0,14.2780748663102,0.359550561797753,262,0.366412213740458
KJ Martin,UTA,1.28548473486877,0.749866095340118,2.70125702059374,0.0,1.92822710230316,119.497863247863,1.17521367521368,0.908119658119658,14.6759507230852,7.65934654525978,0.671328671328671,3.1065881092662,0.258620689655172,1.98178896625603,8.67702196036422,1.60685591858597,2.41028387787895,0.0,0.84375,0.9,1.0,0.288557213930348,0.591108163265306,0.58955223880597,0.622727272727273,0.642742367434387,11.5475627070516,3.34313987697245,5.07478632478632,2.08333333333333,0.098984771573604,2.72435897435897,0.11283185840708,1.60685591858597,0.696304231387252,0.0295454545454545,0.856989823245849,0.0383693045563549,0.0338389731621937,0.0733333333333333,0.0467836257309941,2.57096946973755,6.48098553829673,1.23192287091591,1.33904659882164,2.51740760578468,1.3926084627745,0.48205677557579,0.0,0.0,0.107123727905731,0.119266055045872,0.805970149253731,3.01748251748252,23.8035087719298,5.57043385109802,0.517412935323383,0.692307692307692,0.847222222222222,2.03535083020889,0.189054726368159,0.605263157894737,0.0535618639528655,0.0049751243781094,1.0,1.0,0.0,2.24959828602035,0.208955223880597,0.333333333333333,0.341463414634146,1.0,0.856989823245849,0.0625,16,0.0625
Khris Middleton,WAS,3.11630495269894,2.05898720089037,2.09263392857143,0.0,3.83973288814691,115.668718522664,0.447677672076105,1.95858981533296,24.4852531997774,11.3522537562604,0.549019607843137,7.40122426265999,0.363636363636364,4.00667779632721,5.00834724540902,7.45687256538676,6.01001669449082,2.00333889816361,0.401785714285714,0.416666666666667,0.75,0.394658753709199,0.49235223880597,0.545994065281899,0.591397849462366,0.445186421814135,21.4751630707476,3.82254464285714,6.93900391717963,3.46950195858982,0.156565656565657,3.02182428651371,0.117903930131004,0.723427935447969,0.389538119087368,0.0172839506172839,0.333889816360601,0.0155440414507772,0.0164348925410872,0.154929577464789,0.0145985401459854,8.34724540901503,19.9777406789093,5.06399554813578,3.28324986087924,4.67445742904841,1.61380077907624,0.389538119087368,0.389538119087368,0.222593210907067,0.556483027267668,0.0994475138121546,0.489614243323442,11.1700980392157,26.2406015037594,1.78074568725654,0.0949554896142433,0.625,0.6,5.28658875904285,0.281899109792285,0.536842105263158,4.28491930996105,0.228486646884273,0.532467532467532,0.365853658536585,0.0259740259740259,1.22426265998887,0.0652818991097922,0.318181818181818,0.333333333333333,0.857142857142857,6.17696160267112,0.369369369369369,110,0.372727272727273
Cam Whitmore,HOU,2.70906949352179,1.76678445229682,1.29107981220657,0.294464075382803,2.70906949352179,114.736842105263,0.760233918128655,1.81286549707602,28.0918727915194,12.9564193168433,0.518181818181818,10.7773851590106,0.355191256830601,3.18021201413428,6.47820965842167,6.94935217903416,9.01060070671378,2.47349823321555,0.482456140350877,0.544554455445545,0.784615384615385,0.45409429280397,0.552559429280397,0.524813895781638,0.548275862068966,1.53121319199058,23.6829148202856,4.43075117370892,6.7251461988304095,2.45614035087719,0.105,3.74269005847953,0.178272980501393,2.12014134275618,1.00117785630153,0.0360934182590233,1.06007067137809,0.0477453580901856,0.0412735849056603,0.0955882352941176,0.0275862068965517,2.88574793875147,7.30270906949352,1.3545347467609,1.53121319199058,4.24028268551237,2.12014134275618,0.412249705535925,0.0588928150765606,0.0,0.117785630153121,0.0854503464203233,0.754342431761787,5.62,25.7710382513661,7.12603062426384,0.300248138957816,0.636363636363636,0.571428571428571,4.24028268551237,0.178660049627792,0.333333333333333,1.59010600706714,0.0669975186104218,0.481481481481481,0.384615384615385,0.0,2.47349823321555,0.104218362282878,0.404761904761905,0.414634146341463,1.0,8.30388692579505,0.340425531914894,141,0.340425531914894
Caleb Houstan,ORL,0.839793281653747,0.258397932816537,1.994851994852,0.0,1.16279069767442,110.320512820513,0.384615384615385,1.41025641025641,15.4392764857881,1.93798449612403,0.533333333333333,10.3359173126615,0.4,0.968992248062015,1.93798449612403,0.129198966408269,12.2093023255814,0.193798449612403,0.9375,1.0,0.984375,0.842105263157895,0.531512295081967,0.589473684210526,0.606598984771574,0.129198966408269,11.8845500848896,2.41312741312741,3.58974358974359,1.41025641025641,0.0574412532637075,1.73076923076923,0.085173501577287,1.22739018087855,0.322997416020672,0.0138888888888888,0.904392764857881,0.0336538461538461,0.0244845360824742,0.0579710144927536,0.0,2.2609819121447,5.81395348837209,0.968992248062015,1.29198966408269,1.09819121447028,0.258397932816537,0.0645994832041343,0.129198966408269,0.0645994832041343,0.193798449612403,0.0309278350515463,0.9,8.06,25.0746835443038,0.710594315245478,0.0578947368421052,0.545454545454545,0.833333333333333,0.775193798449612,0.0631578947368421,0.583333333333333,0.452196382428941,0.0368421052631578,0.428571428571429,1.0,0.142857142857143,3.42377260981912,0.278947368421053,0.30188679245283,0.30188679245283,1.0,6.91214470284238,0.448598130841122,107,0.448598130841122
Svi Mykhailiuk,UTA,3.2994923857868,2.28426395939086,1.36421319796954,0.0,1.90355329949239,119.98730964467,0.444162436548223,1.20558375634518,21.1928934010152,6.28172588832487,0.484848484848485,12.8807106598985,0.348258706467662,1.77664974619289,2.28426395939086,3.80710659898477,10.4695431472081,2.85532994923858,0.375,0.375,0.785714285714286,0.672185430463576,0.531001342281879,0.506622516556291,0.526813880126183,0.0,20.3305785123967,2.85532994923858,4.31472081218274,1.52284263959391,0.0712166172106825,2.53807106598985,0.099009900990099,1.39593908629442,0.571065989847716,0.0255681818181818,0.697969543147208,0.025943396226415,0.0257731958762886,0.0085470085470085,0.0099009900990099,4.82233502538071,11.6116751269036,2.85532994923858,1.96700507614213,2.22081218274112,1.01522842639594,0.253807106598985,0.0634517766497461,0.0634517766497461,0.190355329949239,0.054140127388535,0.791390728476821,7.08989898989899,25.7862068965517,2.28426395939086,0.119205298013245,0.555555555555556,0.6,3.2994923857868,0.172185430463576,0.461538461538462,0.697969543147208,0.0364238410596026,0.363636363636364,0.25,0.0,3.23604060913706,0.16887417218543,0.352941176470588,0.352941176470588,0.888888888888889,9.64467005076142,0.342105263157895,150,0.346666666666667
Jett Howard,ORL,2.53521126760563,1.40845070422535,2.39015817223199,0.0,1.26760563380282,111.368421052632,0.771929824561404,0.912280701754386,18.8028169014085,5.35211267605634,0.565789473684211,13.0985915492958,0.298913043478261,1.12676056338028,2.95774647887324,3.09859154929577,10.5633802816901,1.05633802816901,0.488372093023256,0.5,0.909090909090909,0.709923664122137,0.526569111969112,0.479007633587786,0.490808823529412,0.140845070422535,18.7347931873479,2.46045694200352,3.50877192982456,1.47368421052632,0.0642201834862385,1.96491228070175,0.0975609756097561,1.40845070422535,0.352112676056338,0.015432098765432,1.05633802816901,0.0387596899224806,0.0281293952180028,0.073170731707317,0.0078125,3.09859154929577,7.53521126760563,1.76056338028169,1.33802816901408,1.61971830985916,0.633802816901409,0.140845070422535,0.0704225352112676,0.0,0.140845070422535,0.037037037037037,0.83206106870229,8.06973684210526,25.9704301075269,2.25352112676056,0.122137404580153,0.71875,0.521739130434783,1.61971830985916,0.0877862595419847,0.434782608695652,1.47887323943662,0.0801526717557251,0.476190476190476,0.6,0.0,3.23943661971831,0.175572519083969,0.369565217391304,0.377777777777778,1.0,9.85915492957746,0.271428571428571,138,0.27536231884058
Tosan Evbuomwan,BKN,2.96803652968037,1.5220700152207,2.08412277377795,0.15220700152207,4.49010654490107,110.943396226415,0.754716981132076,1.81132075471698,20.3196347031963,10.882800608828,0.48951048951049,5.8599695585997,0.311688311688312,4.18569254185693,5.93607305936073,4.71841704718417,5.47945205479452,0.0,0.557142857142857,0.6,1.0,0.35,0.527324772727273,0.481818181818182,0.527667984189723,0.76103500761035,18.9733593242365,4.54717696097007,6.64150943396226,2.41509433962264,0.113475177304965,3.54716981132076,0.15210355987055,2.43531202435312,1.06544901065449,0.043613707165109,1.2937595129376,0.0491329479768786,0.0464767616191904,0.133333333333333,0.0423728813559322,4.18569254185693,10.4261796042618,2.13089802130898,2.05479452054795,5.55555555555556,2.73972602739726,0.45662100456621,0.076103500761035,0.0,0.15220700152207,0.147410358565737,0.631818181818182,5.88391608391608,24.5792207792208,4.71841704718417,0.281818181818182,0.67741935483871,0.571428571428571,5.55555555555556,0.331818181818182,0.356164383561644,0.60882800608828,0.0363636363636363,0.25,1.0,0.125,2.58751902587519,0.154545454545455,0.294117647058824,0.294117647058824,1.0,3.27245053272451,0.325581395348837,43,0.325581395348837
Herbert Jones,NOP,2.62565641410353,1.80045011252813,2.46913580246914,0.0,2.92573143285821,114.626865671642,0.671641791044776,2.76119402985075,15.3788447111778,7.50187546886722,0.53,5.4013503375844,0.309859154929577,2.47561890472618,5.55138784696174,2.40060015003751,4.95123780945236,0.0,0.69811320754717,0.725490196078431,1.0,0.418604651162791,0.561176900584795,0.5,0.536649214659686,0.300075018754689,14.8978246539222,2.91806958473625,4.17910447761194,2.16417910447761,0.0973154362416107,1.94029850746269,0.08,1.65041260315079,0.975243810952738,0.0391566265060241,0.67516879219805,0.0305084745762711,0.0350877192982456,0.072,0.0300751879699248,4.87621905476369,11.7029257314329,2.92573143285821,1.95048762190548,3.00075018754689,1.42535633908477,0.150037509377344,0.0,0.0,0.150037509377344,0.100529100529101,0.75,5.512,24.6652777777778,4.27606901725431,0.331395348837209,0.614035087719298,0.714285714285714,2.55063765941485,0.197674418604651,0.323529411764706,0.67516879219805,0.0523255813953488,0.777777777777778,1.0,0.0,2.77569392348087,0.215116279069767,0.378378378378378,0.378378378378378,1.0,2.62565641410353,0.228571428571429,34,0.235294117647059
Kessler Edwards,DAL,1.26883425852498,0.713719270420301,2.44962465428684,0.0,1.18953211736717,125.275590551181,1.5748031496063,1.49606299212598,13.3227597145123,6.42347343378271,0.555555555555556,4.28231562252181,0.407407407407407,0.951625693893735,5.86835844567803,1.26883425852498,5.23394131641554,0.0,0.822222222222222,0.902439024390244,1.0,0.4,0.558950740740741,0.577777777777778,0.595744680851064,0.63441712926249,11.3685734974656,4.5436586329514,7.32283464566929,3.77952755905512,0.149068322981366,2.99212598425197,0.15702479338843,1.74464710547185,0.872323552735924,0.0380622837370242,0.872323552735924,0.0413533834586466,0.0396396396396396,0.115107913669065,0.043010752688172,3.33068992862807,8.48532910388581,1.50674068199841,1.82394924662966,1.03092783505155,0.396510705789056,0.0793021411578112,0.0,0.0,0.158604282315623,0.0359712230215827,0.762962962962963,4.61851851851852,24.3555555555556,3.88580491673275,0.362962962962963,0.653061224489796,0.78125,2.22045995241872,0.207407407407407,0.428571428571429,0.317208564631245,0.0296296296296296,0.25,1.0,0.0,2.22045995241872,0.207407407407407,0.357142857142857,0.357142857142857,1.0,2.06185567010309,0.461538461538462,26,0.461538461538462
Brandon Ingram,NOP,5.79345088161209,3.5264483627204,1.89314261674379,0.503778337531486,5.54156171284635,119.898819561551,0.927487352445194,1.34907251264756,33.5852225020991,18.303946263644,0.513761467889908,9.65575146935348,0.373913043478261,3.94626364399664,7.55667506297229,11.2510495382032,9.06801007556675,1.7632241813602,0.401785714285714,0.416666666666667,0.837209302325581,0.345345345345345,0.495952702702703,0.53003003003003,0.557584269662921,0.671704450041982,30.9766763848397,4.20698359276399,6.99831365935919,3.28836424957842,0.136842105263158,3.28836424957842,0.142857142857143,1.42737195633921,1.17548278757347,0.0441640378548895,0.251889168765743,0.0111524163568773,0.0290102389078498,0.105691056910569,0.0204081632653061,7.80856423173804,18.8077246011755,4.61796809403862,3.19059613769941,4.61796809403862,2.01511335012594,0.335852225020991,0.167926112510495,0.0,0.0839630562552476,0.0732394366197183,0.504504504504505,10.7665137614679,25.9269565217391,4.45004198152813,0.159159159159159,0.716981132075472,0.473684210526316,7.05289672544081,0.252252252252252,0.44047619047619,6.80100755667506,0.243243243243243,0.45679012345679,0.405405405405405,0.0246913580246913,0.923593618807725,0.033033033033033,0.272727272727273,0.272727272727273,1.0,8.73215785054576,0.384615384615385,104,0.384615384615385
Cam Reddish,LAL,1.01180438448567,0.590219224283305,1.7939090529829,0.0843170320404721,1.93929173693086,117.671345995045,0.825763831544178,2.72502064409579,8.85328836424958,3.96290050590219,0.531914893617021,3.96290050590219,0.276595744680851,1.34907251264756,2.19224283305228,2.02360876897133,3.28836424957842,0.0,0.52,0.590909090909091,1.0,0.5,0.569034408602151,0.473404255319149,0.5,0.505902192242833,8.87708649468892,2.75344180225282,4.04624277456647,1.89925681255161,0.0784982935153583,1.81668042939719,0.0808823529411764,1.43338954468803,1.01180438448567,0.043010752688172,0.337268128161889,0.0153256704980842,0.0296296296296296,0.07,0.0609756097560975,1.93929173693086,4.80607082630691,1.01180438448567,0.927487352445194,2.19224283305228,1.09612141652614,0.337268128161889,0.0,0.0,0.168634064080944,0.12621359223301,0.819148936170213,4.59787234042553,24.7191489361702,2.52951096121417,0.319148936170213,0.666666666666667,0.55,1.18043844856661,0.148936170212766,0.285714285714286,0.252951096121417,0.0319148936170212,0.333333333333333,1.0,0.0,1.93929173693086,0.24468085106383,0.304347826086957,0.304347826086957,1.0,2.02360876897133,0.25,24,0.25
Jae'Sean Tate,HOU,1.80475799835931,1.14848236259229,3.32387515200649,0.246103363412633,4.34782608695652,107.13141025641,0.560897435897436,2.08333333333333,15.422477440525,8.36751435602953,0.529411764705882,3.77358490566038,0.347826086956522,2.62510254306809,4.59392945036916,4.26579163248564,3.93765381460213,0.0,0.518518518518519,0.666666666666667,1.0,0.310810810810811,0.538382094594595,0.527027027027027,0.556213017751479,1.96882690730107,13.002042205582,4.74260235103364,5.36858974358974,2.24358974358974,0.100358422939068,2.80448717948718,0.12589928057554,4.10172272354389,2.13289581624282,0.0771513353115727,1.64068908941756,0.0694444444444444,0.0736,0.0421052631578947,0.0846153846153846,3.85561936013126,9.76210008203445,1.80475799835931,2.05086136177194,3.85561936013126,1.55865463494668,0.410172272354389,0.0,0.0,0.574241181296144,0.117283950617284,0.682432432432433,4.18137254901961,24.2021739130435,4.51189499589828,0.371621621621622,0.672727272727273,0.513513513513514,3.85561936013126,0.317567567567568,0.361702127659575,0.0,0.0,0.0,0.0,0.0,2.54306808859721,0.209459459459459,0.451612903225806,0.451612903225806,1.0,1.23051681706317,0.133333333333333,15,0.133333333333333
Dillon Jones,OKC,2.46045694200352,1.31810193321617,2.38305383936452,0.0,1.84534270650264,105.762411347518,0.354609929078014,1.41843971631206,11.8629173989455,6.15114235500879,0.5,5.53602811950791,0.253968253968254,1.49384885764499,4.04217926186292,2.10896309314587,3.95430579964851,0.263620386643234,0.657142857142857,0.793103448275862,0.9375,0.473684210526316,0.555273255813954,0.443609022556391,0.462328767123288,1.05448154657294,13.4779240898528,5.33980582524272,8.06737588652482,3.01418439716312,0.149779735682819,4.52127659574468,0.162939297124601,2.63620386643234,1.05448154657294,0.0526315789473684,1.5817223198594,0.0534124629080118,0.0530973451327433,0.0843373493975903,0.0434782608695652,5.09666080843585,13.2688927943761,2.02108963093146,3.07557117750439,2.46045694200352,1.05448154657294,0.175746924428823,0.0,0.0,0.263620386643234,0.0839160839160839,0.789473684210526,4.28714285714286,25.7079365079365,3.69068541300527,0.315789473684211,0.595238095238095,0.64,2.10896309314587,0.180451127819549,0.375,0.351493848857645,0.0300751879699248,0.25,0.0,0.0,1.23022847100176,0.105263157894737,0.214285714285714,0.214285714285714,1.0,4.30579964850615,0.26530612244898,49,0.26530612244898
Jamal Cain,NOP,2.12355212355212,1.64092664092664,2.23084384093113,0.0965250965250965,3.57142857142857,121.929824561404,0.87719298245614,2.24171539961014,18.9189189189189,7.52895752895753,0.538461538461538,7.72200772200772,0.325,3.28185328185328,4.82625482625483,3.28185328185328,6.66023166023166,0.868725868725869,0.595238095238095,0.625,0.884615384615385,0.506329113924051,0.542376898734177,0.512658227848101,0.544444444444444,0.386100386100386,17.1041490262489,4.12221144519884,5.65302144249513,3.02144249512671,0.154228855721393,2.33918128654971,0.091254752851711,2.60617760617761,1.35135135135135,0.053639846743295,1.25482625482625,0.055793991416309,0.0546558704453441,0.116279069767442,0.0444444444444444,2.12355212355212,5.30888030888031,1.06177606177606,1.06177606177606,4.82625482625483,2.22007722007722,0.579150579150579,0.0,0.0,0.482625482625483,0.131428571428571,0.746835443037975,5.86538461538462,24.65875,3.66795366795367,0.240506329113924,0.657894736842105,0.64,3.37837837837838,0.221518987341772,0.457142857142857,0.482625482625483,0.0316455696202531,0.2,0.0,0.0,3.76447876447876,0.246835443037975,0.307692307692308,0.307692307692308,0.916666666666667,3.95752895752896,0.341463414634146,41,0.341463414634146
Jordan Miller,LAC,3.04806565064478,2.2274325908558,1.51338766006985,0.117233294255569,3.04806565064478,111.907514450867,0.578034682080925,1.96531791907514,17.8194607268464,11.2543962485346,0.520833333333333,4.45486518171161,0.210526315789474,3.28253223915592,5.62719812426729,6.09613130128957,2.81359906213365,0.0,0.48,0.571428571428571,1.0,0.283582089552239,0.540564552238806,0.462686567164179,0.506666666666667,1.8757327080891,18.0883864337102,3.37601862630966,4.04624277456647,2.3121387283237,0.12987012987013,1.61849710982659,0.0657276995305164,2.69636576787808,1.75849941383353,0.0704225352112676,0.937866354044549,0.0412371134020618,0.0565110565110565,0.16,0.0888888888888888,3.98593200468933,9.49589683470106,2.46189917936694,1.52403282532239,4.1031652989449,1.52403282532239,0.234466588511137,0.117233294255569,0.0,0.468933177022274,0.0958904109589041,0.716417910447761,4.35,25.05,6.79953106682298,0.432835820895522,0.568965517241379,0.454545454545455,3.98593200468933,0.253731343283582,0.441176470588235,0.468933177022274,0.0298507462686567,0.5,0.5,0.0,1.52403282532239,0.0970149253731343,0.153846153846154,0.153846153846154,1.0,2.93083235638921,0.24,25,0.24
Doug McDermott,SAC,0.858369098712446,0.572246065808298,2.15982721382289,0.0,0.429184549356223,113.768115942029,0.289855072463768,0.579710144927536,21.0300429184549,2.28898426323319,0.375,14.4492131616595,0.44,0.429184549356223,1.71673819742489,0.0,18.8841201716738,0.0,1.0,1.0,1.0,0.863247863247863,0.532461607142857,0.615384615384615,0.617647058823529,0.0,15.7035175879397,1.58387329013679,2.7536231884058,1.73913043478261,0.0718562874251497,1.01449275362319,0.0434782608695652,0.429184549356223,0.143061516452074,0.0057471264367816,0.286123032904149,0.0128205128205128,0.009090909090909,0.0851063829787234,0.0,1.00143061516452,2.14592274678112,0.858369098712446,0.143061516452074,0.715307582260372,0.143061516452074,0.0,0.143061516452074,0.0,0.0,0.0168067226890756,0.931623931623932,7.95,25.732,1.1444921316166,0.0683760683760683,0.5,1.0,0.715307582260372,0.0427350427350427,0.2,0.429184549356223,0.0256410256410256,0.333333333333333,1.0,0.0,3.86266094420601,0.230769230769231,0.444444444444444,0.444444444444444,1.0,10.5865522174535,0.432432432432432,73,0.438356164383562
Keion Brooks Jr.,NOP,1.74418604651163,0.872093023255814,2.17548948513416,0.145348837209302,2.90697674418605,123.299565846599,1.44717800289436,1.44717800289436,20.6395348837209,9.59302325581395,0.590909090909091,6.25,0.325581395348837,3.19767441860465,8.13953488372093,3.19767441860465,6.1046511627907,0.0,0.717948717948718,0.823529411764706,1.0,0.394495412844037,0.547167889908257,0.55045871559633,0.581967213114754,1.45348837209302,17.2680412371134,4.20594633792603,6.65701881331404,2.89435600578871,0.145985401459854,2.74963820549928,0.107344632768362,1.74418604651163,0.726744186046512,0.0289017341040462,0.872093023255814,0.0382165605095541,0.0333333333333333,0.109375,0.0517241379310344,1.88953488372093,4.50581395348837,1.16279069767442,0.726744186046512,4.36046511627907,2.03488372093023,0.581395348837209,0.145348837209302,0.0,0.290697674418605,0.125,0.697247706422018,5.72878787878788,24.9139534883721,4.79651162790698,0.302752293577982,0.727272727272727,0.666666666666667,4.36046511627907,0.275229357798165,0.4,0.436046511627907,0.0275229357798165,1.0,1.0,0.0,2.47093023255814,0.155963302752294,0.411764705882353,0.411764705882353,1.0,3.77906976744186,0.269230769230769,26,0.269230769230769
Maxwell Lewis,BKN,2.12765957446809,1.3677811550152,2.18373493975904,0.0,1.21580547112462,112.388059701493,1.04477611940299,1.34328358208955,17.629179331307,8.8145896656535,0.448275862068966,7.59878419452888,0.38,1.06382978723404,5.16717325227964,2.7355623100304,7.75075987841945,0.911854103343465,0.653846153846154,0.708333333333333,0.894736842105263,0.462962962962963,0.537830555555556,0.50462962962963,0.513274336283186,0.60790273556231,16.9107856191744,4.14156626506024,5.52238805970149,1.04477611940299,0.0603448275862069,3.43283582089552,0.142857142857143,2.7355623100304,1.06382978723404,0.0454545454545454,1.51975683890578,0.0584795321637426,0.0523076923076923,0.0851063829787234,0.0,2.88753799392097,8.05471124620061,0.60790273556231,2.27963525835866,1.51975683890578,0.759878419452888,0.0,0.0,0.0,0.0,0.0442477876106194,0.731481481481482,6.30344827586207,24.644,4.40729483282675,0.268518518518519,0.655172413793103,0.68421052631579,3.34346504559271,0.203703703703704,0.272727272727273,1.06382978723404,0.0648148148148148,0.142857142857143,1.0,0.0,3.03951367781155,0.185185185185185,0.35,0.35,0.857142857142857,4.55927051671733,0.4,30,0.4
Torrey Craig,BOS,1.2987012987013,0.811688311688312,2.72654370489174,0.0,1.62337662337662,113.153724247227,1.90174326465927,1.26782884310618,17.5324675324675,3.8961038961039,0.583333333333333,10.7142857142857,0.363636363636364,1.2987012987013,3.24675324675325,1.2987012987013,11.2012987012987,0.487012987012987,0.714285714285714,0.833333333333333,0.958333333333333,0.733333333333333,0.566362222222222,0.555555555555556,0.5625,0.649350649350649,14.3845089903181,5.85404971932638,7.29001584786054,3.32805071315372,0.146853146853147,2.85261489698891,0.111111111111111,4.38311688311688,1.2987012987013,0.0601503759398496,2.92207792207792,0.0878048780487804,0.0769230769230769,0.145833333333333,0.06,2.75974025974026,7.14285714285714,1.13636363636364,1.62337662337662,1.94805194805195,0.974025974025974,0.0,0.0,0.0,0.0,0.0625,0.9,4.31666666666667,24.9454545454545,2.43506493506494,0.166666666666667,0.666666666666667,0.7,1.2987012987013,0.0888888888888888,0.5,0.162337662337662,0.0111111111111111,0.0,0.0,0.0,4.70779220779221,0.322222222222222,0.310344827586207,0.321428571428571,1.0,6.00649350649351,0.405405405405405,37,0.405405405405405
Josh Minott,MIN,1.88034188034188,1.36752136752137,2.8936170212766,0.0,2.56410256410256,109.152542372881,2.03389830508475,2.54237288135593,20.3418803418803,8.03418803418803,0.638297872340426,7.35042735042735,0.325581395348837,2.90598290598291,7.17948717948718,3.07692307692308,7.17948717948718,0.0,0.7,0.75,1.0,0.477777777777778,0.615816666666667,0.566666666666667,0.607142857142857,0.683760683760684,16.6412213740458,4.0,5.93220338983051,1.35593220338983,0.0661157024793388,4.06779661016949,0.156862745098039,2.05128205128205,0.683760683760684,0.0363636363636363,1.36752136752137,0.0559440559440559,0.0474308300395256,0.074074074074074,0.0754716981132075,3.07692307692308,7.69230769230769,1.53846153846154,1.53846153846154,3.24786324786325,1.1965811965812,0.170940170940171,0.0,0.0,0.341880341880342,0.0729166666666666,0.911111111111111,2.29148936170213,24.4232558139535,6.66666666666667,0.433333333333333,0.641025641025641,0.72,1.36752136752137,0.0888888888888888,0.625,0.0,0.0,0.0,0.0,0.0,4.44444444444445,0.288888888888889,0.346153846153846,0.36,1.0,2.90598290598291,0.294117647058824,17,0.294117647058824
Marcus Bagley,PHI,1.32827324478178,0.569259962049336,1.51371807000946,0.0,1.89753320683112,119.245283018868,2.26415094339623,1.69811320754717,12.7134724857685,7.02087286527514,0.594594594594595,6.07210626185958,0.15625,1.5180265654649,4.55407969639469,3.79506641366224,2.27703984819734,0.569259962049336,0.545454545454545,0.8,0.8,0.463768115942029,0.587873188405797,0.427536231884058,0.452702702702703,2.65654648956357,13.2786885245902,6.62251655629139,8.86792452830189,4.52830188679245,0.173913043478261,3.9622641509434,0.182608695652174,4.36432637571158,1.89753320683112,0.08,2.08728652751423,0.0728476821192053,0.0760869565217391,0.138461538461538,0.0545454545454545,1.89753320683112,4.36432637571158,1.32827324478178,0.569259962049336,1.89753320683112,0.94876660341556,0.0,0.0,0.0,0.0,0.0675675675675675,0.898550724637681,3.14054054054054,25.30625,5.69259962049336,0.434782608695652,0.7,0.571428571428571,1.13851992409867,0.0869565217391304,0.166666666666667,0.189753320683112,0.0144927536231884,0.0,0.0,0.0,2.46679316888046,0.188405797101449,0.307692307692308,0.307692307692308,0.75,3.6053130929791295,0.0526315789473684,19,0.0526315789473684
Dariq Whitehead,BKN,2.93542074363992,1.95694716242661,2.12150433944069,0.195694716242661,1.36986301369863,111.406844106464,0.190114068441065,1.14068441064639,22.3091976516634,4.30528375733855,0.272727272727273,14.4814090019569,0.445945945945946,0.587084148727984,1.17416829745597,1.17416829745597,18.7866927592955,0.587084148727984,0.5,0.5,0.96969696969697,0.770833333333333,0.534176041666667,0.578125,0.581632653061225,0.0,19.5164075993092,2.79652844744455,4.75285171102662,1.71102661596958,0.0989010989010989,2.85171102661597,0.127118644067797,0.782778864970646,0.0,0.0,0.587084148727984,0.0201342281879194,0.0115830115830115,0.081081081081081,0.0,2.34833659491194,5.67514677103718,1.36986301369863,0.978473581213307,0.978473581213307,0.587084148727984,0.195694716242661,0.0,0.0,0.0,0.0306122448979591,0.875,7.20454545454545,25.4959459459459,1.95694716242661,0.104166666666667,0.2,1.0,1.76125244618395,0.09375,0.444444444444444,0.587084148727984,0.03125,0.0,0.0,0.0,3.9138943248532305,0.208333333333333,0.45,0.45,1.0,10.5675146771037,0.444444444444444,54,0.444444444444444
Jaylen Martin,WAS,2.4390243902439,1.82926829268293,1.42566191446029,0.0,1.6260162601626,122.65306122449,0.0,1.83673469387755,15.8536585365854,10.3658536585366,0.470588235294118,4.67479674796748,0.304347826086957,1.82926829268293,6.50406504065041,3.2520325203252,4.26829268292683,0.0,0.666666666666667,0.8,1.0,0.310810810810811,0.525781081081081,0.466216216216216,0.506493506493506,1.6260162601626,15.8645276292335,4.4806517311609,6.73469387755102,2.24489795918367,0.118279569892473,3.87755102040816,0.15702479338843,2.23577235772358,1.6260162601626,0.0559440559440559,0.609756097560976,0.0265486725663716,0.04296875,0.0833333333333333,0.0454545454545454,3.45528455284553,8.53658536585366,1.82926829268293,1.6260162601626,2.03252032520325,1.01626016260163,0.40650406504065,0.0,0.0,0.0,0.0649350649350649,0.675675675675676,5.23725490196078,25.2608695652174,5.48780487804878,0.364864864864865,0.703703703703704,0.68421052631579,4.47154471544716,0.297297297297297,0.227272727272727,0.40650406504065,0.027027027027027,0.0,0.0,0.0,1.42276422764228,0.0945945945945946,0.142857142857143,0.142857142857143,1.0,3.2520325203252,0.375,16,0.375
Cole Swider,TOR,1.0840108401084,1.0840108401084,1.65289256198347,0.0,0.813008130081301,103.921568627451,0.560224089635854,1.12044817927171,15.9891598915989,4.3360433604336,0.4375,12.7371273712737,0.319148936170213,0.0,2.710027100271,1.0840108401084,12.1951219512195,0.0,0.714285714285714,0.714285714285714,1.0,0.746031746031746,0.538444444444445,0.468253968253968,0.468253968253968,0.0,15.8018867924528,3.71900826446281,6.1624649859944,2.24089635854342,0.0930232558139534,3.0812324929972,0.123595505617978,1.3550135501355,0.813008130081301,0.036144578313253,0.2710027100271,0.010752688172043,0.0227272727272727,0.0833333333333333,0.0857142857142857,0.813008130081301,1.8970189701897,0.542005420054201,0.2710027100271,0.2710027100271,0.2710027100271,0.2710027100271,0.0,0.0,0.0,0.0158730158730158,0.825396825396825,10.85625,24.8255319148936,1.3550135501355,0.0793650793650793,0.2,1.0,0.813008130081301,0.0476190476190476,0.333333333333333,2.1680216802168,0.126984126984127,0.625,0.6,0.0,5.42005420054201,0.317460317460317,0.35,0.35,1.0,7.31707317073171,0.296296296296296,27,0.296296296296296
MarJon Beauchamp,NYK,4.41176470588235,2.05882352941176,2.06489675516224,0.0,3.52941176470588,94.6745562130178,0.295857988165681,1.18343195266272,23.2352941176471,10.5882352941176,0.472222222222222,8.52941176470588,0.344827586206897,4.41176470588235,2.94117647058824,7.05882352941176,6.17647058823529,2.64705882352941,0.294117647058824,0.384615384615385,0.7,0.446153846153846,0.537845384615385,0.492307692307692,0.526666666666667,2.35294117647059,22.9007633587786,6.48967551622419,9.76331360946746,3.84615384615385,0.188405797101449,4.14201183431953,0.17283950617284,3.23529411764706,1.17647058823529,0.0476190476190476,2.05882352941176,0.0909090909090909,0.0683229813664596,0.161290322580645,0.0666666666666666,3.23529411764706,7.64705882352941,2.05882352941176,1.17647058823529,5.88235294117647,2.64705882352941,0.0,0.0,0.0,0.294117647058824,0.121621621621622,0.676923076923077,9.07777777777778,25.0206896551724,4.41176470588235,0.230769230769231,0.733333333333333,0.363636363636364,2.64705882352941,0.138461538461538,0.333333333333333,3.52941176470588,0.184615384615385,0.25,0.333333333333333,0.0,2.94117647058824,0.153846153846154,0.3,0.3,0.666666666666667,5.58823529411765,0.368421052631579,19,0.368421052631579
Oshae Brissett,PHI,2.72108843537415,2.04081632653061,2.3972602739726,0.0,4.08163265306123,128.620689655172,1.03448275862069,1.37931034482759,17.687074829932,7.14285714285714,0.619047619047619,6.12244897959184,0.333333333333333,2.72108843537415,5.4421768707483,3.40136054421769,4.08163265306123,2.04081632653061,0.615384615384615,0.888888888888889,0.666666666666667,0.461538461538462,0.565080769230769,0.564102564102564,0.590909090909091,2.72108843537415,15.9021406727829,3.76712328767123,5.17241379310345,1.03448275862069,0.0535714285714285,3.10344827586207,0.134328358208955,2.38095238095238,1.36054421768707,0.0625,1.02040816326531,0.0416666666666666,0.0514705882352941,0.032258064516129,0.103448275862069,1.36054421768707,3.74149659863946,0.340136054421769,1.02040816326531,4.76190476190476,2.38095238095238,0.680272108843537,0.0,0.0,0.0,0.159090909090909,0.820512820512821,2.91904761904762,25.2666666666667,4.76190476190476,0.358974358974359,0.642857142857143,0.555555555555556,2.38095238095238,0.17948717948718,0.571428571428571,0.0,0.0,0.0,0.0,0.0,2.04081632653061,0.153846153846154,0.333333333333333,0.333333333333333,0.5,4.08163265306123,0.333333333333333,12,0.333333333333333
Spencer Jones,DEN,1.90839694656489,1.52671755725191,3.21361058601134,0.0,0.763358778625954,108.614232209738,1.87265917602996,1.87265917602996,9.92366412213741,6.48854961832061,0.588235294117647,6.48854961832061,0.0588235294117647,1.14503816793893,6.87022900763359,0.763358778625954,1.14503816793893,0.0,0.9,1.0,1.0,0.5,0.542086764705882,0.338235294117647,0.371428571428571,0.763358778625954,13.3779264214047,3.21361058601134,3.37078651685393,1.87265917602996,0.0847457627118644,1.49812734082397,0.0677966101694915,3.05343511450382,1.14503816793893,0.0545454545454545,1.90839694656489,0.0617283950617283,0.0588235294117647,0.0526315789473684,0.1,1.90839694656489,4.9618320610687,0.763358778625954,1.14503816793893,1.14503816793893,0.381679389312977,0.381679389312977,0.0,0.0,0.381679389312977,0.0294117647058823,0.705882352941177,6.22352941176471,24.2823529411765,2.67175572519084,0.205882352941176,0.571428571428571,1.0,3.43511450381679,0.264705882352941,0.555555555555556,0.381679389312977,0.0294117647058823,1.0,1.0,0.0,4.19847328244275,0.323529411764706,0.0,0.0,0.0,2.29007633587786,0.166666666666667,6,0.166666666666667
Sidy Cissoko,POR,4.45344129554656,2.83400809716599,2.04918032786885,0.0,2.83400809716599,90.8713692946058,0.4149377593361,0.829875518672199,12.9554655870445,6.88259109311741,0.588235294117647,5.26315789473684,0.230769230769231,1.21457489878543,5.66801619433198,2.42914979757085,3.64372469635628,0.0,0.7,0.777777777777778,1.0,0.433333333333333,0.528121666666667,0.483333333333333,0.484848484848485,0.809716599190283,15.8273381294964,4.30327868852459,5.3941908713693,2.4896265560166,0.0967741935483871,2.0746887966805,0.0847457627118644,3.23886639676113,0.809716599190283,0.0392156862745098,2.42914979757085,0.109090909090909,0.0754716981132075,0.05,0.0,6.07287449392713,15.3846153846154,2.83400809716599,3.23886639676113,3.64372469635628,1.61943319838057,0.404858299595142,0.0,0.0,0.0,0.121212121212121,0.7,4.42352941176471,25.2461538461539,3.23886639676113,0.266666666666667,0.75,0.666666666666667,3.23886639676113,0.266666666666667,0.5,0.404858299595142,0.0333333333333333,0.0,0.0,0.0,2.02429149797571,0.166666666666667,0.4,0.5,1.0,3.23886639676113,0.125,8,0.125
Joe Ingles,MIN,3.7037037037037,2.05761316872428,2.54237288135593,0.0,2.05761316872428,117.03056768559,0.0,0.873362445414847,6.17283950617284,3.29218106995885,0.375,6.17283950617284,0.2,0.0,2.46913580246914,0.0,3.7037037037037,0.0,1.0,1.0,1.0,0.652173913043478,0.509484782608696,0.326086956521739,0.326086956521739,0.0,11.7216117216117,2.33050847457627,3.93013100436681,1.74672489082969,0.0769230769230769,2.18340611353712,0.0980392156862745,0.823045267489712,0.0,0.0,0.823045267489712,0.0408163265306122,0.0194174757281553,0.0833333333333333,0.0,9.46502057613169,21.8106995884774,6.5843621399177,2.88065843621399,0.0,0.0,0.0,0.0,0.0,0.0,0.0,0.695652173913044,8.8375,24.9933333333333,0.411522633744856,0.0434782608695652,0.0,0.0,2.46913580246914,0.260869565217391,0.5,0.411522633744856,0.0434782608695652,0.0,0.0,0.0,0.823045267489712,0.0869565217391304,0.0,0.0,0.0,5.34979423868313,0.230769230769231,13,0.230769230769231
Patrick Baldwin Jr.,LAC,2.17391304347826,2.17391304347826,1.52838427947598,0.0,1.30434782608696,104.385964912281,0.87719298245614,1.31578947368421,23.0434782608696,5.21739130434783,0.5,10.0,0.565217391304348,0.869565217391304,4.34782608695652,0.869565217391304,16.9565217391304,0.0,0.833333333333333,0.833333333333333,1.0,0.657142857142857,0.530304285714286,0.728571428571429,0.716216216216216,0.0,15.2727272727273,5.4585152838428,8.7719298245614,3.94736842105263,0.209302325581395,4.3859649122807,0.178571428571429,2.17391304347826,1.30434782608696,0.0434782608695652,0.434782608695652,0.02,0.0336134453781512,0.307692307692308,0.0869565217391304,1.30434782608696,2.60869565217391,1.30434782608696,0.0,1.73913043478261,0.434782608695652,0.0,0.0,0.0,0.434782608695652,0.0277777777777777,0.942857142857143,2.7,25.9478260869565,4.34782608695652,0.285714285714286,0.6,0.833333333333333,0.869565217391304,0.0571428571428571,0.0,0.0,0.0,0.0,0.0,0.0,1.73913043478261,0.114285714285714,0.75,0.75,1.0,8.26086956521739,0.526315789473684,19,0.526315789473684
Chris Livingston,MIL,2.66666666666667,1.77777777777778,1.77383592017738,0.0,4.44444444444445,103.982300884956,0.0,2.21238938053097,13.3333333333333,8.44444444444445,0.473684210526316,3.55555555555556,0.0,5.33333333333333,4.44444444444445,3.55555555555556,0.0,0.0,0.555555555555556,0.833333333333333,0.0,0.296296296296296,0.613757407407407,0.333333333333333,0.441176470588235,2.66666666666667,15.4440154440154,7.76053215077605,11.0619469026549,3.53982300884956,0.145454545454545,6.63716814159292,0.258620689655172,4.44444444444445,2.22222222222222,0.087719298245614,2.22222222222222,0.111111111111111,0.0980392156862745,0.15,0.136363636363636,2.22222222222222,4.88888888888889,1.77777777777778,0.444444444444444,7.11111111111111,4.0,0.888888888888889,0.0,0.0,0.0,0.264705882352941,0.814814814814815,2.5,25.1625,6.22222222222222,0.518518518518519,0.571428571428571,0.5,2.22222222222222,0.185185185185185,0.2,0.0,0.0,0.0,0.0,0.0,1.33333333333333,0.111111111111111,0.0,0.0,0.0,2.22222222222222,0.0,5,0.0
Justin Minaya,POR,2.31481481481482,1.38888888888889,2.8436018957346,0.462962962962963,1.38888888888889,106.31067961165,0.485436893203884,2.9126213592233,8.33333333333333,5.09259259259259,0.545454545454545,4.62962962962963,0.2,0.0,2.77777777777778,2.77777777777778,2.77777777777778,0.0,0.5,0.5,1.0,0.476190476190476,0.521116666666667,0.428571428571429,0.409090909090909,0.0,10.8,2.3696682464455,2.42718446601942,1.45631067961165,0.0612244897959183,0.970873786407767,0.0555555555555555,2.31481481481482,0.925925925925926,0.04,1.38888888888889,0.0625,0.0510204081632653,0.125,0.0909090909090909,3.24074074074074,6.94444444444445,2.77777777777778,0.462962962962963,0.925925925925926,0.0,0.0,0.0,0.0,0.462962962962963,0.0,0.857142857142857,3.29090909090909,25.82,3.7037037037037,0.380952380952381,0.5,0.25,1.38888888888889,0.142857142857143,0.666666666666667,0.0,0.0,0.0,0.0,0.0,1.38888888888889,0.142857142857143,0.333333333333333,0.333333333333333,1.0,3.24074074074074,0.142857142857143,7,0.142857142857143
Keshad Johnson,MIA,1.86915887850467,1.4018691588785,2.57611241217799,0.0,2.80373831775701,106.103286384977,1.87793427230047,2.34741784037559,20.0934579439252,8.8785046728972,0.789473684210526,3.27102803738318,0.428571428571429,1.86915887850467,8.41121495327103,5.60747663551402,4.20560747663551,0.0,0.6,0.75,1.0,0.269230769230769,0.616225,0.75,0.716666666666667,2.80373831775701,14.9122807017544,6.55737704918033,10.3286384976526,5.16431924882629,0.196428571428571,4.22535211267606,0.169811320754717,2.80373831775701,1.86915887850467,0.102564102564103,0.934579439252336,0.0476190476190476,0.074074074074074,0.111111111111111,0.0526315789473684,1.86915887850467,4.20560747663551,1.4018691588785,0.467289719626168,4.20560747663551,1.86915887850467,0.467289719626168,0.0,0.0,0.467289719626168,0.137931034482759,0.961538461538462,2.04210526315789,25.0428571428571,8.41121495327103,0.692307692307692,0.833333333333333,0.6,0.467289719626168,0.0384615384615384,0.0,0.0,0.0,0.0,0.0,0.0,0.467289719626168,0.0384615384615384,0.0,0.0,0.0,2.80373831775701,0.5,6,0.5
