Name,TeamAbbreviation,Turnovers,LiveBallTurnovers,Fouls,Charge Fouls,FoulsDrawn,OnDefRtg,Blocks,Steals,Points,FG2A,Fg2Pct,FG3A,NonHeaveFg3Pct,FtPoints,PtsAssisted2s,PtsUnassisted2s,PtsAssisted3s,PtsUnassisted3s,Assisted2sPct,NonPutbacksAssisted2sPct,Assisted3sPct,FG3APct,ShotQualityAvg,EfgPct,TsPct,PtsPutbacks,Usage,Rebounds,DefRebounds,DefTwoPtRebounds,DefTwoPtReboundPct,DefThreePtRebounds,DefThreePtReboundPct,OffRebounds,OffTwoPtRebounds,OffTwoPtReboundPct,OffThreePtRebounds,OffThreePtReboundPct,OffFGReboundPct,DefAtRimReboundPct,OffAtRimReboundPct,Assists,AssistPoints,TwoPtAssists,ThreePtAssists,FTA,TwoPtShootingFoulsDrawn,2pt And 1 Free Throw Trips,ThreePtShootingFoulsDrawn,3pt And 1 Free Throw Trips,NonShootingFoulsDrawn,ShootingFoulsDrawnPct,AtRimFG3AFrequency,Avg2ptShotDistance,Avg3ptShotDistance,AtRimFGA,AtRimFrequency,AtRimAccuracy,AtRimPctAssisted,ShortMidRangeFGA,ShortMidRangeFrequency,ShortMidRangeAccuracy,LongMidRangeFGA,LongMidRangeFrequency,LongMidRangeAccuracy,LongMidRangePctAssisted,LongMidRangePctBlocked,Corner3FGA,Corner3Frequency,Corner3Accuracy,UnblockedCorner3Accuracy,Corner3PctAssisted,Arc3FGA,Arc3Accuracy,NonHeaveArc3FGA,NonHeaveArc3Accuracy
Josh Hart,NYK,2.72648835202761,1.76013805004314,1.73096796417499,0.0,3.14063848144953,116.073577445419,0.464156781846313,2.04572803850782,18.1018119068162,8.92148403796376,0.617021276595745,4.34857635893011,0.336,2.74374460742019,6.76445211389129,4.24503882657463,3.77911993097498,0.569456427955134,0.614420062695925,0.682926829268293,0.869047619047619,0.327698309492848,0.584671409749671,0.578673602080624,0.612018669778296,1.10440034512511,15.4208447280462,6.3468825353083,9.90201134605467,5.20887055183084,0.223122238586156,4.09145607701564,0.180576631259484,2.77825711820535,1.63934426229508,0.0660639777468706,1.10440034512511,0.0536912751677852,0.0604562737642585,0.196597353497164,0.0812274368231047,7.79982743744607,18.8610871440897,4.53839516824849,3.26143226919758,3.53753235547886,1.77739430543572,0.500431406384815,0.0,0.0,0.241587575496117,0.122182680901542,0.777633289986996,4.49419729206963,25.2230158730159,5.97066436583261,0.449934980494148,0.708092485549133,0.595918367346939,2.19154443485764,0.165149544863459,0.440944881889764,0.759275237273512,0.0572171651495448,0.409090909090909,0.666666666666667,0.0227272727272727,1.13891285591027,0.0858257477243173,0.303030303030303,0.307692307692308,0.95,3.20966350301985,0.344086021505376,184,0.347826086956522
Anthony Edwards,MIN,4.29088402550405,2.73996208857488,1.29388424048995,0.103394795795278,5.87627089436498,113.039723661485,0.880829015544042,1.57167530224525,37.5150784077202,13.8032052386697,0.500624219725343,13.9755298983285,0.399500624219725,7.15147337584008,5.30759951749095,8.51283818714458,7.85800448044115,8.68516284680338,0.384039900249377,0.39386189258312,0.475,0.503101736972705,0.536598061288305,0.546526054590571,0.594557449147883,0.344649319317594,31.3552891182273,3.8816527214698495,6.71848013816926,2.88428324697755,0.11768851303735,3.66148531951641,0.161216730038023,1.05118042391866,0.499741513010512,0.0229067930489731,0.516973978976392,0.0212765957446808,0.0220478325859491,0.0903732809430255,0.0296610169491525,6.18645528175082,15.3024297777012,3.25693606755127,2.92951921419955,8.54730311907634,3.87730484232294,0.965018094089264,0.137859727727038,0.0344649319317594,0.551438910908151,0.130386121992166,0.724565756823821,7.66042446941323,25.9474722564735,6.15199034981906,0.221464019851117,0.633053221288515,0.460176991150442,4.68723074271928,0.168734491315137,0.419117647058824,2.96398414613131,0.106699751861042,0.354651162790698,0.295081967213115,0.0116279069767441,1.72324659658797,0.0620347394540942,0.43,0.443298969072165,0.790697674418605,12.2522833017405,0.389592123769339,701,0.395149786019971
Devin Booker,PHX,3.88623918035683,2.56138491432609,1.75267770204479,0.0883236177353824,7.1365483130189,120.777146912704,0.28388928317956,1.18878637331441,33.9692633810281,15.3506447624095,0.542002301495972,9.73326267443914,0.332123411978221,7.63116057233704,7.17187776011306,9.468291821233,6.94223635400106,2.75569687334393,0.43099787685775,0.442265795206972,0.715846994535519,0.388028169014085,0.507716102889359,0.525,0.586983343615052,0.423953365129836,29.0546949098957,2.69983181375587,4.06316536550745,1.88076650106458,0.0797592174567344,2.11142654364798,0.0896759608138658,1.34251898957781,0.65359477124183,0.0304276315789473,0.688924218335983,0.0284671532846715,0.0293890177880897,0.069377990430622,0.0528301886792452,9.34463875640346,23.8827062356474,4.15121003356298,5.19342872284049,8.53206147323794,3.19731496202084,0.724253665430136,0.370959194488606,0.0883236177353824,0.794912559618442,0.127064803049555,0.529577464788732,10.1010356731876,25.9308529945554,3.55060943296237,0.141549295774648,0.691542288557214,0.517985611510791,7.22487193075428,0.288028169014085,0.474327628361858,4.57516339869281,0.182394366197183,0.532818532818533,0.485507246376812,0.0308880308880308,1.32485426603074,0.0528169014084507,0.346666666666667,0.346666666666667,0.961538461538462,8.40840840840841,0.329831932773109,476,0.329831932773109
Tyler Herro,MIA,3.61511776519993,2.48311119225854,0.777889631188798,0.0182581705313127,4.144604710608,114.45871559633,0.311926605504587,1.26605504587156,33.5950337776155,12.9085265656381,0.565770862800566,12.2329742559796,0.375748502994012,5.24009494248676,5.51396750045645,9.09256892459376,10.3523826912543,3.39601971882417,0.3775,0.387179487179487,0.752988047808765,0.486564996368918,0.520010410557185,0.563907044299201,0.605596269153897,0.365163410626255,27.6682418119602,3.65150544522742,6.67889908256881,2.75229357798165,0.113722517058378,3.63302752293578,0.155294117647059,0.639035968595947,0.273872557969691,0.0120481927710843,0.346905240094943,0.014809041309431,0.0134493670886075,0.0880361173814898,0.004750593824228,7.74146430527661,19.0980463757532,4.12634654007668,3.61511776519993,5.97042176373927,2.11794778163228,0.511228774876757,0.456454263282819,0.127807193719189,0.32864706956363,0.0944669365721997,0.649963689179375,7.47708628005658,26.4925261584454,4.10808836954537,0.163398692810458,0.657777777777778,0.385135135135135,7.02939565455541,0.279593318809005,0.537662337662338,1.77104254153734,0.0704429920116194,0.463917525773196,0.4,0.0618556701030927,1.46065364250502,0.0580973129992737,0.45,0.467532467532468,0.916666666666667,10.7723206134745,0.364406779661017,588,0.365646258503401
Jalen Green,HOU,3.68087035358114,2.55666364460562,1.15507048658481,0.0725294650951949,4.49682683590209,113.485401459854,0.492700729927007,1.2956204379562,31.2420670897552,14.0707162284678,0.481958762886598,11.985494106981,0.354545454545455,4.95013599274705,3.55394378966455,10.0090661831369,6.85403445149592,5.87488667271079,0.262032085561497,0.264864864864865,0.538461538461538,0.459986082115518,0.532795244854507,0.504523312456507,0.543381887270424,0.14505893019039,27.3160239668152,3.42883128694861,6.05839416058394,2.71897810218978,0.105524079320113,3.08394160583942,0.146193771626298,0.815956482320943,0.453309156844968,0.0161812297734627,0.344514959202176,0.0155102040816326,0.015884476534296,0.0816777041942604,0.0148148148148148,5.11332728921124,12.1305530371714,3.20942883046238,1.90389845874887,6.09247506799637,2.41160471441523,0.453309156844968,0.326382592928377,0.108794197642792,0.398912058023572,0.0969813744380218,0.700069589422408,7.95309278350516,26.1428139183056,6.25566636446056,0.240083507306889,0.643478260869565,0.283783783783784,4.11604714415231,0.157967988865692,0.352422907488987,3.69900271985494,0.1419624217119,0.352941176470588,0.305555555555556,0.0294117647058823,1.34179510426111,0.0514961725817675,0.378378378378378,0.383561643835616,0.678571428571429,10.6436990027199,0.350936967632027,586,0.351535836177474
Christian Braun,DEN,1.4687216681777,0.906618313689936,1.53860077835098,0.108794197642792,2.59292837715322,116.317311167329,0.668594145283701,1.53595952294904,22.0852221214869,10.8250226654578,0.648241206030151,4.06165004533092,0.399103139013453,3.20942883046238,10.6980961015413,3.33635539437897,4.2973708068903,0.543970988213962,0.762273901808786,0.806010928961749,0.887640449438202,0.272838002436054,0.592751707317073,0.633982947624848,0.666301969365427,0.761559383499547,15.9327461969576,3.71074305367002,5.63787495482472,2.42139501264908,0.0981684981684981,2.80086736537767,0.118683001531394,1.77697189483228,1.03354487760653,0.0436447166921898,0.743427017225748,0.0416243654822335,0.0427760803142732,0.087719298245614,0.0456273764258555,3.71713508612874,8.73980054397099,2.41160471441523,1.30553037171351,3.88032638259293,2.04895738893926,0.507706255666365,0.0,0.0,0.14505893019039,0.124724061810155,0.790499390986602,4.05276381909548,25.325,7.70625566636446,0.517661388550548,0.717647058823529,0.786885245901639,2.48413417951043,0.166869671132765,0.481751824817518,0.634632819582956,0.0426309378806333,0.457142857142857,0.625,0.0,1.34179510426111,0.0901339829476248,0.351351351351351,0.356164383561644,0.961538461538462,2.71985494106981,0.42,149,0.422818791946309
Zach LaVine,SAC,3.8525652898684895,2.51898499722171,1.12068167083449,0.0370438970179662,4.22300426004816,118.747684327529,0.222304557243424,1.07447202667655,31.9318392294869,12.7245786256714,0.561863173216885,9.92776440081496,0.44589552238806,4.35265789961104,7.07538433043156,7.22355991850343,7.22355991850343,6.05667716243749,0.494818652849741,0.501312335958005,0.543933054393305,0.438266557645135,0.549719884009942,0.60874897792314,0.637956748695004,0.185219485089831,25.6886823763691,2.91747707696582,5.42793627269359,2.00074101519081,0.0888157894736842,3.22341608002964,0.129850746268657,0.407482867197629,0.111131691053899,0.0049301561216105,0.277829227634747,0.0124481327800829,0.0086705202312138,0.0582750582750582,0.0021459227467811,5.74180403778478,13.7062418966475,3.5191702167068,2.22263382107798,5.2787553250602,2.50046304871272,0.629746249305427,0.0555658455269494,0.0,0.259307279125764,0.103993971363979,0.717089125102208,7.71703056768559,26.2165413533835,6.31598444156325,0.278822567457073,0.686217008797654,0.585470085470086,2.72272643082052,0.120196238757155,0.496598639455782,3.68586775328765,0.162714636140638,0.396984924623116,0.265822784810127,0.0100502512562814,1.62993146879052,0.0719542109566639,0.465909090909091,0.471264367816092,0.780487804878049,8.29783293202445,0.441964285714286,448,0.441964285714286
Derrick White,BOS,2.53630203291384,1.81994191674734,1.33850630455868,0.0193610842207163,3.17521781219748,111.622934888241,1.55490767735666,1.39941690962099,24.162633107454,5.18877057115198,0.593283582089552,13.378509196515,0.383502170767004,2.61374636979671,2.86544046466602,3.29138431752178,12.4298160696999,2.9622458857696,0.465408805031447,0.483660130718954,0.807547169811321,0.720542231491137,0.535680031282586,0.58029197080292,0.605442176870748,0.232333010648596,19.9210029194573,3.3074684772066,5.32555879494655,2.54616132167153,0.0977611940298507,2.66277939747328,0.110128617363344,1.297192642788,0.387221684414327,0.022002200220022,0.909970958373669,0.0295969773299748,0.026832198638366,0.0771028037383177,0.0354609929078014,6.98935140367861,17.0377541142304,3.93030009680542,3.05905130687319,3.11713455953533,1.04549854791868,0.193610842207164,0.174249757986447,0.0,0.329138431752178,0.0622529644268774,0.827945776850886,7.06455223880597,26.0400868306802,1.99419167473379,0.10740354535975,0.718446601941748,0.581081081081081,2.40077444336883,0.129301355578728,0.556451612903226,0.793804453049371,0.0427528675703858,0.390243902439024,0.5,0.0,2.38141335914811,0.128258602711157,0.430894308943089,0.430894308943089,1.0,10.9970958373669,0.373239436619718,568,0.373239436619718
Dyson Daniels,ATL,2.83415615286158,1.90162735417809,1.59671532846715,0.0731395136222344,2.39531907112818,116.226552540521,1.00163904571116,4.17046075396103,19.6196745291644,12.5617114646188,0.54585152838428,4.29694642530627,0.349344978165939,1.51764490766136,7.09453282135674,6.61912598281221,4.11409764125069,0.274273176083379,0.517333333333333,0.56231884057971,0.9375,0.254880694143167,0.554797840531561,0.536876355748373,0.545223577235772,1.09709270433352,18.1658692185008,4.09671532846715,5.91877617920233,2.62247313786196,0.119800332778702,2.91385904206884,0.135021097046414,2.26732492228927,1.22508685317243,0.0499627143922445,0.950813677089047,0.0434056761268781,0.0468688460023631,0.0981210855949895,0.0541044776119402,6.07057963064546,14.499908575608,3.7118303163284,2.35874931431706,2.5598829767782,1.2799414883891,0.25598829767782,0.0,0.0,0.109709270433352,0.0715746421267893,0.596529284164859,5.04890829694323,26.1314893617021,5.75973669775096,0.341648590021692,0.653968253968254,0.475728155339806,6.56427134759554,0.389370932754881,0.459610027855153,0.237703419272262,0.0140997830802603,0.307692307692308,0.75,0.0,1.04223806911684,0.061822125813449,0.43859649122807,0.446428571428571,1.0,3.25470835618943,0.308988764044944,172,0.319767441860465
Austin Reaves,LAL,3.40188352873342,2.67153565250817,1.44997119262531,0.0576590428598885,6.15029790505478,115.390520053732,0.422183841872961,1.55440414507772,28.3490294061119,9.72515856236787,0.547430830039526,10.2056505862003,0.382409177820268,6.16951758600807,4.68960215260427,5.95810109552182,8.30290217182395,3.22890640015376,0.44043321299639,0.450184501845018,0.72,0.51205400192864,0.52476241480039,0.556412729026037,0.615189873417722,0.230636171439554,23.5334833016093,3.15920875744191,5.14296680099789,2.03415851084245,0.0863895680521597,3.05123776626367,0.126996805111821,1.17240053815107,0.615029790505478,0.0290644868301544,0.538151066692293,0.024390243902439,0.0266785237883503,0.0606060606060606,0.0273972602739726,8.07226600038439,19.142802229483,5.07399577167019,2.9982702287142,7.0344032289064,2.67153565250817,0.730347876225255,0.288295214299443,0.0576590428598885,0.672688833365366,0.133913043478261,0.702025072324012,6.88241106719368,26.8847457627119,3.78627714779935,0.189971070395371,0.695431472081218,0.467153284671533,4.90101864309052,0.245901639344262,0.458823529411765,1.03786277147799,0.0520732883317261,0.425925925925926,0.391304347826087,0.037037037037037,1.32615798577744,0.0665380906460945,0.463768115942029,0.463768115942029,1.0,8.87949260042283,0.363636363636364,454,0.370044052863436
Coby White,CHI,3.37592981117681,1.83101277894335,1.4687649022413,0.133511348464619,5.0925042914362,116.99732926364,0.305227012590614,1.31629149179702,28.7812321190158,10.2422277322144,0.543761638733706,11.1386610719054,0.375,5.2832347892428,3.73831775700935,7.40034331489605,9.38394049208468,2.97539576578295,0.335616438356164,0.336769759450172,0.759259259259259,0.520963425512935,0.551599460916442,0.549509366636931,0.599839615076183,0.0381460995613198,24.3238616912016,2.60371959942775,4.73101869515452,1.83136207554369,0.0798004987531172,2.68981304845479,0.113985448666128,0.476826244516498,0.209803547587259,0.010166358595194,0.267022696929239,0.0103857566765578,0.0102880658436214,0.0726872246696035,0.010482180293501,6.29410642761778,15.7734121686058,3.10890711424757,3.18519931337021,5.8554262826626,2.36505817280183,0.667556742323098,0.152584398245279,0.0381460995613198,0.591264543200458,0.108552631578947,0.777876895628903,5.84134078212291,26.5751712328767,5.49303833683006,0.256913470115968,0.638888888888889,0.380434782608696,3.6048064085447296,0.168599464763604,0.476190476190476,1.1443829868396,0.0535236396074933,0.3,0.333333333333333,0.0,1.54491703223345,0.0722569134701159,0.382716049382716,0.382716049382716,0.967741935483871,9.59374403967194,0.36779324055666,495,0.373737373737374
Anfernee Simons,POR,3.0752688172043,2.08602150537634,1.25792925491883,0.086021505376344,2.98924731182796,116.125564394754,0.107503762631692,1.29004515158031,28.989247311828,11.4408602150538,0.496240601503759,12.752688172043,0.364406779661017,3.76344086021505,2.10752688172043,9.24731182795699,8.45161290322581,5.41935483870968,0.185606060606061,0.187739463601533,0.609302325581395,0.527111111111111,0.514540433212997,0.521333333333333,0.554166666666667,0.129032258064516,24.8056275453536,2.0320395656381,3.5261234143195,1.41904966673834,0.0579455662862159,2.04257149000215,0.0901328273244781,0.537634408602151,0.365591397849462,0.0145547945205479,0.172043010752688,0.0067624683009298,0.0106337728626116,0.0712589073634204,0.0140562248995983,7.2258064516129,17.741935483871,3.93548387096774,3.29032258064516,4.17204301075269,1.61290322580645,0.387096774193548,0.150537634408602,0.021505376344086,0.258064516129032,0.0682392586352148,0.691555555555556,7.98928571428572,26.8027027027027,3.97849462365591,0.164444444444444,0.621621621621622,0.130434782608696,5.2258064516129,0.216,0.386831275720165,2.23655913978495,0.0924444444444444,0.528846153846154,0.236363636363636,0.0096153846153846,1.24731182795699,0.0515555555555555,0.362068965517241,0.368421052631579,0.857142857142857,11.505376344086,0.362616822429907,532,0.364661654135338
Malik Beasley,DET,1.73640167364017,1.15062761506276,1.3112346585545,0.0209205020920502,2.25941422594142,113.06543235851,0.105196717862403,1.53587208079108,27.9497907949791,6.38075313807531,0.465573770491803,16.0251046025105,0.418086500655308,1.98744769874477,3.76569037656904,2.17573221757322,18.765690376569,1.25523012552301,0.633802816901409,0.687022900763359,0.93730407523511,0.715219421101774,0.525557819905213,0.579365079365079,0.588888888888889,0.460251046025105,22.1976401179941,2.2448337354453,3.51357037660425,1.43067536292868,0.0585701981050818,1.95665895224069,0.0892514395393474,0.98326359832636,0.481171548117155,0.0210237659963436,0.502092050209205,0.0217785843920145,0.0214025500910746,0.0697050938337801,0.005089058524173,2.90794979079498,6.94560669456067,1.77824267782427,1.12970711297071,2.92887029288703,0.920502092050209,0.251046025104603,0.167364016736402,0.0418410041841004,0.334728033472803,0.0468890892696122,0.797385620915033,8.36196721311475,25.7457516339869,1.84100418410042,0.0821661998132586,0.625,0.654545454545455,3.30543933054393,0.147525676937442,0.39873417721519,1.23430962343096,0.0550887021475256,0.406779661016949,0.708333333333333,0.0169491525423728,3.47280334728033,0.15499533146592,0.524096385542169,0.527272727272727,0.988505747126437,12.5523012552301,0.386666666666667,597,0.388609715242881
Kentavious Caldwell-Pope,ORL,1.37563789660528,0.820945196361216,1.50742629128796,0.0221877080097625,2.32970934102507,110.409745293466,0.753045404208195,2.19269102990033,14.9323274905702,4.74816951408919,0.588785046728972,7.32194364322166,0.342424242424242,1.81939205680053,3.90503660971822,1.68626580874196,6.98912802307522,0.532504992234302,0.698412698412698,0.715447154471545,0.929203539823009,0.606617647058824,0.541991605166052,0.543198529411765,0.567307692307692,0.133126248058576,12.3536299765808,1.87319884726225,3.01218161683278,1.32890365448505,0.0536672629695885,1.66112956810631,0.085812356979405,0.732194364322166,0.332815620146439,0.0136363636363636,0.377191036165964,0.0160984848484848,0.0148423005565862,0.0702702702702702,0.0218579234972677,3.01752828932771,7.36631905924118,1.68626580874196,1.33126248058576,2.10783226092745,0.51031728422454,0.199689372087863,0.0443754160195251,0.0,0.266252496117151,0.0446428571428571,0.744485294117647,10.4967289719626,25.0632218844985,1.66407810073219,0.137867647058824,0.746666666666667,0.607142857142857,0.998446860439317,0.0827205882352941,0.466666666666667,2.08564455291768,0.172794117647059,0.521276595744681,0.775510204081633,0.0,2.61814954515199,0.216911764705882,0.338983050847458,0.338983050847458,0.975,4.70379409806967,0.344339622641509,212,0.344339622641509
Shaedon Sharpe,POR,3.25520833333333,2.12673611111111,1.30349771887899,0.0868055555555555,4.1015625,116.550674206177,0.347977381470204,1.34841235319704,28.9713541666667,13.7152777777778,0.556962025316456,10.2430555555556,0.314102564102564,4.12326388888889,6.25,9.02777777777778,6.77083333333333,2.79947916666667,0.409090909090909,0.441717791411043,0.707482993197279,0.427536231884058,0.547127504638219,0.51856884057971,0.552609776304888,1.12847222222222,25.5415332454323,3.51944384097328,5.56763810352327,2.21835580687255,0.0910714285714285,3.00130491518051,0.141393442622951,1.47569444444444,0.802951388888889,0.0343228200371057,0.651041666666667,0.0264550264550264,0.0302893309222423,0.0743405275779376,0.0355555555555555,4.296875,10.7421875,2.1484375,2.1484375,5.25173611111111,2.58246527777778,0.716145833333333,0.0217013888888888,0.0,0.347222222222222,0.100755667506297,0.693840579710145,7.78655063291139,26.3065677966102,6.38020833333333,0.266304347826087,0.710884353741497,0.483253588516746,3.81944444444444,0.159420289855072,0.380681818181818,3.515625,0.146739130434783,0.469135802469136,0.289473684210526,0.0061728395061728,1.82291666666667,0.0760869565217391,0.357142857142857,0.357142857142857,0.866666666666667,8.42013888888889,0.301546391752577,384,0.3046875
Jalen Williams,OKC,3.19965870307167,1.919795221843,1.68803418803419,0.0639931740614334,5.22610921501707,109.118150684932,0.98458904109589,2.37585616438356,31.7832764505119,17.6621160409556,0.532608695652174,7.25255972696246,0.363905325443787,5.03412969283277,7.42320819112628,11.3907849829352,6.20733788395904,1.7278156996587,0.394557823129252,0.405594405594406,0.782258064516129,0.291095890410959,0.528287264150943,0.536815068493151,0.572419106317411,0.511945392491468,27.5095057034221,3.94230769230769,6.63527397260274,2.16181506849315,0.091237579042457,3.87414383561644,0.164396003633061,1.25853242320819,0.511945392491468,0.0201850294365012,0.68259385665529,0.032032032032032,0.0255941499085923,0.0943396226415094,0.0227272727272727,7.5938566552901,18.6433447098976,4.1382252559727,3.45563139931741,6.37798634812287,3.28498293515358,0.725255972696246,0.0,0.0,0.213310580204778,0.119565217391304,0.539383561643836,8.07125603864734,26.0382352941176,6.18600682593857,0.248287671232877,0.668965517241379,0.489690721649485,7.89249146757679,0.316780821917808,0.454054054054054,3.58361774744027,0.143835616438356,0.470238095238095,0.341772151898734,0.0119047619047619,0.746587030716724,0.0299657534246575,0.371428571428571,0.382352941176471,0.769230769230769,6.50597269624573,0.363934426229508,302,0.364238410596026
Donovan Mitchell,CLE,3.21397756686799,2.2648835202761,1.51285930408472,0.0647109577221742,5.99654874892148,112.083152880035,0.368124729320052,2.05716760502382,36.6911130284728,14.8188093183779,0.512372634643377,13.6540120793788,0.370429252782194,6.42795513373598,3.36496980155306,11.8205349439172,8.15358067299396,6.92407247627265,0.221590909090909,0.228739002932551,0.540772532188841,0.479545454545455,0.532102250190694,0.531439393939394,0.57443915703603,0.474547023295945,30.7809523809524,3.47957639939486,5.73841489822434,2.62018189692508,0.102542372881356,3.03161541792984,0.135922330097087,1.22950819672131,0.647109577221743,0.0315126050420168,0.539257981018119,0.0214224507283633,0.0259556394525719,0.0917647058823529,0.0252808988764044,7.63589301121657,19.1328731665229,3.7748058671268305,3.86108714408973,7.80845556514236,2.71786022433132,0.625539257981018,0.474547023295945,0.0431406384814495,0.733390854184642,0.102992345163535,0.66969696969697,8.39475982532751,26.4044233807267,5.41415012942192,0.190151515151515,0.605577689243028,0.243421052631579,5.73770491803279,0.201515151515152,0.488721804511278,3.6669542709232097,0.128787878787879,0.411764705882353,0.1,0.0117647058823529,1.40207075064711,0.0492424242424242,0.461538461538462,0.461538461538462,0.933333333333333,12.2519413287317,0.357394366197183,564,0.359929078014184
Desmond Bane,MEM,3.58126721763085,2.0979020979021,1.74282678002125,0.0635727908455181,2.90315744861199,115.902792581539,0.596887657215945,1.70539330633127,28.0779826234372,12.6933672388218,0.547579298831386,8.85780885780886,0.392344497607656,3.75079465988557,5.891078618351351,8.01017164653528,6.61157024793388,3.81436745073109,0.423780487804878,0.438485804416404,0.634146341463415,0.411012782694199,0.529848251748252,0.56440511307768,0.596715328467153,0.466200466200466,23.1945467943994,4.44208289054198,7.58900021317416,3.53869111063739,0.147293700088731,3.53869111063739,0.152433425160698,1.31383767747404,0.656918838737021,0.0265183917878528,0.614536978173342,0.0280464216634429,0.0272355878347707,0.121661721068249,0.0291545189504373,7.81945327399873,19.0506463233736,4.40771349862259,3.41173977537614,4.1958041958042,1.61051070141979,0.466200466200466,0.0847637211273574,0.0211909302818393,0.466200466200466,0.074487895716946,0.659783677482793,7.0550918196995,25.7114832535885,5.36130536130536,0.248770894788594,0.675889328063241,0.421052631578947,5.4884509429964,0.254670599803343,0.447876447876448,1.84361093452003,0.0855457227138643,0.471264367816092,0.463414634146342,0.0114942528735632,1.75884721339267,0.0816125860373647,0.313253012048193,0.320987654320988,0.923076923076923,7.09896164441619,0.411940298507463,335,0.411940298507463
Stephon Castle,SAS,3.96061758782726,2.39427164913851,1.82811280793668,0.179010964421571,5.86260908480644,119.013771657041,0.488671701466015,1.64371390493114,26.6278809577087,14.6565227120161,0.500763358778626,7.45133139404789,0.288753799392097,5.57171626762139,6.7576639069143,7.92123517565451,5.03468337435668,1.34258223316178,0.460365853658537,0.49185667752443,0.789473684210526,0.337044534412955,0.555143329886246,0.476214574898785,0.521929824561404,0.939807563213247,25.9763313609467,3.31066770705607,4.62016881386051,1.73256330519769,0.0744274809160305,2.75433140826299,0.116981132075472,1.99149697918998,1.05168941597673,0.0463968410661401,0.872678451555158,0.0355839416058394,0.0407776197249881,0.0665137614678899,0.0589680589680589,7.42895502349519,18.2143656298948,4.07249944059074,3.35645558290445,7.69747147012755,3.93824121727456,0.895054822107854,0.0,0.0,0.358021928843142,0.156583629893238,0.704453441295547,5.60732824427481,26.4498498498498,8.12262251062878,0.367408906882591,0.628099173553719,0.526315789473684,4.83329603938241,0.218623481781377,0.356481481481481,1.70060416200492,0.0769230769230769,0.302631578947368,0.304347826086957,0.0,1.11881852763482,0.0506072874493927,0.34,0.34,1.0,6.33251286641307,0.275618374558304,279,0.279569892473118
Tim Hardaway Jr.,DET,1.08254397834912,0.76680198466396,1.08572721103823,0.0,3.40550293188994,116.470054446461,0.158802177858439,0.862068965517241,19.0347316193054,5.02931889941362,0.484304932735426,10.3067207938656,0.367614879649891,2.79657194406856,3.96932792061344,0.9021199819576,10.4871447902571,0.87956698240866,0.814814814814815,0.830188679245283,0.922619047619048,0.672058823529412,0.537612481426449,0.529411764705882,0.570844686648501,0.09021199819576,15.4684095860566,2.06966749604162,3.7431941923775,1.497277676951,0.0648967551622418,2.04174228675136,0.0854700854700854,0.40595399188092,0.18042399639152,0.0072398190045248,0.18042399639152,0.008762322015334,0.0079286422200198,0.058282208588957,0.015267175572519,2.77401894451962,6.58547586829048,1.73658096526838,1.03743797925124,3.2701849345963,0.94722598105548,0.27063599458728,0.3382949932341,0.09021199819576,0.29318899413622,0.0790568654646324,0.779411764705882,9.06726457399103,25.5833698030635,1.64636896707262,0.107352941176471,0.684931506849315,0.86,1.93955796120884,0.126470588235294,0.418604651162791,1.44339197113216,0.0941176470588235,0.34375,0.727272727272727,0.015625,2.50338294993234,0.163235294117647,0.387387387387387,0.390909090909091,0.953488372093023,7.80333784393324,0.361271676300578,346,0.361271676300578
Max Christie,DAL,2.03421174294961,1.41007859454461,1.32336018411968,0.0,2.61211280628756,116.429880843263,0.710357470210816,1.46654445462878,17.3139158576052,6.38002773925104,0.496376811594203,7.25843735552473,0.369774919614148,3.00508552935737,3.83726306056403,2.49653259361997,7.62829403606103,0.346740638002774,0.605839416058394,0.62406015037594,0.956521739130435,0.532203389830509,0.538709982788296,0.524576271186441,0.567629179331307,0.184928340268146,15.4534109816972,2.96892980437284,5.04124656278643,2.36021998166819,0.0963517305893358,2.52062328139322,0.11340206185567,0.878409616273694,0.416088765603329,0.017391304347826,0.462320850670365,0.0229095074455899,0.0199161425576519,0.0725806451612903,0.0202702702702702,3.37494220989367,8.32177531206657,1.80305131761442,1.57189089227924,3.51363846509478,1.59500693481276,0.346740638002774,0.0462320850670365,0.0231160425335182,0.300508552935737,0.110077519379845,0.715254237288136,7.50905797101449,25.2363057324841,2.49653259361997,0.183050847457627,0.75,0.728395061728395,2.63522884882108,0.193220338983051,0.324561403508772,1.24826629680999,0.0915254237288135,0.351851851851852,0.421052631578947,0.0,2.68146093388812,0.196610169491525,0.387931034482759,0.387931034482759,0.955555555555556,4.57697642163662,0.353535353535354,195,0.358974358974359
Nickeil Alexander-Walker,MIN,2.36389684813754,1.50429799426934,1.65436800761723,0.0477554918815663,3.31900668576886,110.868533459896,0.806834361651637,1.18652112007594,18.4574976122254,5.87392550143267,0.524390243902439,8.83476599808978,0.385245901639344,2.19675262655205,3.77268385864374,2.38777459407832,9.95702005730659,0.143266475644699,0.612403100775194,0.647540983606557,0.985815602836879,0.600649350649351,0.548310784313726,0.55275974025974,0.579939668174962,0.334288443170965,16.0008410428932,3.14210902166151,5.00711912672046,2.51542477456099,0.102415458937198,2.23065970574276,0.10075026795284,1.26552053486151,0.453677172874881,0.0217142857142857,0.811843361986628,0.032015065913371,0.0273618998451213,0.109489051094891,0.0218068535825545,5.32473734479465,12.7507163323782,3.22349570200573,2.10124164278892,2.81757402101242,1.05062082139446,0.358166189111748,0.0955109837631327,0.0238777459407831,0.358166189111748,0.074074074074074,0.797077922077922,6.34024390243903,25.0137837837838,2.88920725883477,0.196428571428571,0.644628099173554,0.538461538461538,2.31614135625597,0.157467532467532,0.391752577319588,0.668576886341929,0.0454545454545454,0.464285714285714,0.692307692307692,0.0357142857142857,3.2712511938873,0.222402597402597,0.474452554744526,0.477941176470588,1.0,5.56351480420248,0.32618025751073,229,0.331877729257642
Malik Monk,SAC,3.73239436619718,2.62910798122066,1.85729399318209,0.0704225352112676,3.49765258215962,116.83541323287,0.894749234753944,1.43630798210502,26.2206572769953,11.9953051643192,0.534246575342466,10.0469483568075,0.327058823529412,3.6150234741784,5.68075117370892,7.13615023474178,8.02816901408451,1.76056338028169,0.443223443223443,0.448148148148148,0.820143884892086,0.45580404685836,0.520503903743316,0.512779552715655,0.547783251231527,0.140845070422535,24.1742361684558,2.87998119195956,5.06239698610784,2.00141276194961,0.0878099173553719,2.94325406169061,0.12846865364851,0.704225352112676,0.328638497652582,0.0134486071085494,0.328638497652582,0.0151351351351351,0.0142421159715157,0.075,0.0174216027874564,8.49765258215962,19.7652582159624,5.72769953051643,2.76995305164319,4.17840375586855,1.78403755868545,0.492957746478873,0.0704225352112676,0.0,0.422535211267606,0.0792377131394182,0.649627263045793,7.35714285714286,26.3570093457944,4.27230046948357,0.193823216187433,0.615384615384615,0.517857142857143,5.89201877934272,0.267305644302449,0.49800796812749,1.83098591549296,0.0830670926517571,0.461538461538462,0.388888888888889,0.0256410256410256,1.24413145539906,0.0564430244941427,0.452830188679245,0.461538461538462,0.916666666666667,8.80281690140845,0.306666666666667,372,0.309139784946237
Jaylen Wells,MEM,1.58293186510668,0.917641660931406,1.67450395687579,0.0229410415232851,3.44115622849277,114.633027522936,0.18348623853211,1.00917431192661,18.8345950906171,6.4923147510897,0.522968197879859,8.9699472356045,0.352941176470588,2.54645560908465,4.49644413856389,2.29410415232852,8.60289057123193,0.894700619408121,0.662162162162162,0.715328467153285,0.905797101449275,0.580118694362018,0.548848571428572,0.526706231454006,0.560792349726776,0.504702913512274,15.8311868436695,3.07374698933364,4.15137614678899,1.51376146788991,0.0634615384615384,2.52293577981651,0.106796116504854,1.99587061252581,0.871759577884836,0.0359508041627246,1.12411103464097,0.0495449949443882,0.0425219941348973,0.065340909090909,0.0335365853658536,3.07409956412021,7.29525120440468,1.92704748795595,1.14705207616426,3.0970406056435,1.14705207616426,0.321174581325992,0.160587290662996,0.0229410415232851,0.367056664372563,0.079608938547486,0.746290801186944,7.32402826855124,24.7841025641026,2.56939665060794,0.166172106824926,0.696428571428571,0.743589743589744,2.84468914888736,0.183976261127596,0.443548387096774,1.0782289515944,0.0697329376854599,0.319148936170213,0.666666666666667,0.0212765957446808,3.46409727001606,0.224035608308605,0.364238410596026,0.374149659863946,0.963636363636364,5.50584996558844,0.345833333333333,240,0.345833333333333
Quentin Grimes,PHI,3.41735336888027,2.13281628696074,1.67211922937114,0.0969461948618516,4.21715947649055,120.862612066877,0.533074872788951,1.79307002665374,26.4663111972855,9.74309258361609,0.552238805970149,10.2035870092099,0.38479809976247,3.92632089190499,4.75036354823073,6.0106640814348,9.30683470673776,2.47212796897722,0.441441441441441,0.464454976303318,0.790123456790123,0.511543134872418,0.558385644768857,0.565006075334143,0.597694840834248,0.533204071740184,22.4406924556529,3.92584514721919,6.42112914950327,2.66537436394475,0.10752688172043,3.58614005330749,0.156779661016949,1.42995637421231,0.508967523024721,0.0216049382716049,0.848279205041202,0.0366492146596858,0.0290607161390762,0.0926365795724465,0.0261627906976744,5.52593310712555,13.4512845370819,3.12651478429472,2.39941832283083,5.18662142510906,1.74503150751333,0.508967523024721,0.339311682016481,0.0969461948618516,0.654386815317499,0.0962627406568516,0.78857837181045,6.51169154228856,25.3957244655582,5.52593310712555,0.277035236938032,0.68421052631579,0.493589743589744,2.08434318952981,0.1044957472661,0.395348837209302,2.13281628696074,0.106925880923451,0.363636363636364,0.28125,0.0227272727272727,2.44789142026175,0.122721749696233,0.485148514851485,0.485148514851485,0.897959183673469,7.75569558894813,0.353125,320,0.353125
Jordan Poole,WAS,4.77528089887641,2.87921348314607,2.36248236953456,0.0702247191011236,6.71816479400749,120.514636449481,0.637393767705383,2.03021718602455,32.560861423221,10.1591760299625,0.511520737327189,14.559925093633,0.380258899676375,5.66479400749064,3.60486891385768,6.78838951310861,9.48033707865169,7.02247191011236,0.346846846846847,0.353211009174312,0.574468085106383,0.589015151515152,0.538575956022945,0.544034090909091,0.587585034013605,0.187265917602996,28.6159600997506,2.38598965679361,4.0604343720491,2.05382436260623,0.0838150289017341,1.93578847969783,0.0836734693877551,0.725655430711611,0.351123595505618,0.015274949083503,0.351123595505618,0.0132860938883968,0.0142112742775935,0.0885245901639344,0.0131578947368421,7.06928838951311,16.6666666666667,4.54119850187266,2.52808988764045,6.41385767790262,2.10674157303371,0.304307116104869,0.280898876404494,0.0936329588014981,0.819288389513109,0.0893952673093777,0.796401515151515,6.15322580645161,27.616077170418,5.12640449438202,0.207386363636364,0.680365296803653,0.348993288590604,3.69850187265918,0.149621212121212,0.348101265822785,1.33426966292135,0.0539772727272727,0.315789473684211,0.388888888888889,0.0526315789473684,1.33426966292135,0.0539772727272727,0.333333333333333,0.339285714285714,0.947368421052632,13.2256554307116,0.382300884955752,561,0.385026737967914
Devin Vassell,SAS,2.14581809314801,1.24359912216533,1.31803758847938,0.0731528895391367,2.38966105827847,120.229660395798,0.806254580991938,2.05228438797948,25.3840526700805,11.216776396001,0.51304347826087,10.4608632040966,0.371764705882353,2.31650816873933,6.29114850036577,5.21823945379176,9.9487929773226,1.60936356986101,0.546610169491525,0.560869565217391,0.860759493670886,0.482564679415073,0.528463325608343,0.532058492688414,0.556149732620321,0.292611558156547,22.0877458396369,3.11203319502075,5.39946249694601,1.56364524798436,0.0653728294177732,3.6403615929636,0.157505285412262,0.82906608144355,0.39014874420873,0.0168776371308016,0.414533040721775,0.0171026156941649,0.0169927909371781,0.0543735224586288,0.0299727520435967,4.46232626188735,10.8997805413314,2.48719824433065,1.97512801755669,2.92611558156547,1.34113630821751,0.487685930260912,0.170690075591319,0.0487685930260912,0.146305779078274,0.0667384284176533,0.651293588301462,9.43891304347826,25.5795774647887,3.65764447695684,0.168728908886389,0.62,0.591397849462366,4.07217751767862,0.18785151856018,0.44311377245509,3.48695440136552,0.160854893138358,0.482517482517483,0.521739130434783,0.0,2.46281394781761,0.113610798650169,0.425742574257426,0.43,1.0,7.99804925627896,0.350609756097561,324,0.354938271604938
Norman Powell,LAC,2.69461077844311,1.64670658682635,1.42251060643873,0.0998003992015968,5.18962075848303,109.111333000499,0.224663005491762,1.82226660009985,32.5848303393214,12.8992015968064,0.537717601547389,10.6786427145709,0.421176470588235,5.31437125748503,8.33333333333333,5.53892215568862,10.6287425149701,2.76946107784431,0.600719424460432,0.609489051094891,0.793296089385475,0.452910052910053,0.532476567481403,0.578306878306878,0.61346516007533,0.199600798403194,25.9728708027574,2.37085101073122,4.21867199201198,1.69745381927109,0.0744797371303395,2.42136794807788,0.10167714884696,0.523952095808383,0.374251497005988,0.015432098765432,0.149700598802395,0.0076923076923076,0.011986301369863,0.0685920577617328,0.0209580838323353,3.1187624750499,7.31037924151697,2.04590818363273,1.07285429141717,6.61177644710579,2.39520958083832,0.29940119760479,0.399201596806387,0.0998003992015968,0.523952095808383,0.107588856868396,0.707936507936508,6.40251450676983,26.0967289719626,6.01297405189621,0.255026455026455,0.655601659751037,0.531645569620253,5.33932135728543,0.226455026455026,0.439252336448598,1.54690618762475,0.0656084656084656,0.419354838709677,0.807692307692308,0.0161290322580645,1.64670658682635,0.0698412698412698,0.393939393939394,0.4,0.807692307692308,9.03193612774451,0.422651933701657,359,0.426183844011142
Keon Ellis,SAC,1.82331792501284,1.02722136620442,2.24690412357973,0.0,2.41397021058038,116.222391469916,1.5993907083016,3.07184564610307,17.1032357473035,3.67231638418079,0.615384615384615,8.24345146379045,0.43125,1.87467899332306,3.08166409861325,1.43810991268618,9.86132511556241,0.847457627118644,0.681818181818182,0.740740740740741,0.920863309352518,0.691810344827586,0.544995243362832,0.639008620689655,0.666,0.359527478171546,12.8820466379896,2.7064981488574,3.85884742320386,1.92942371160193,0.0866590649942987,1.8024879411018,0.0783664459161147,1.54083204930663,0.487930148947098,0.0211581291759465,1.02722136620442,0.044296788482835,0.0327595780122154,0.0926640926640926,0.0171673819742489,3.08166409861325,7.421674370826911,1.82331792501284,1.25834617360041,2.2085259373395,0.796096558808423,0.231124807395994,0.154083204930663,0.0,0.205444273240883,0.0752032520325203,0.827586206896552,7.17412587412588,25.3725,1.61787365177196,0.135775862068966,0.793650793650794,0.66,1.4894709809964,0.125,0.517241379310345,0.564971751412429,0.0474137931034482,0.363636363636364,0.75,0.0,2.69645608628659,0.226293103448276,0.504761904761905,0.504761904761905,1.0,5.54699537750385,0.398148148148148,214,0.397196261682243
Keon Johnson,BKN,2.99974140160331,1.91362813550556,2.69990957240667,0.12929919834497,3.10318076027929,117.165720185854,0.774393391843056,2.11667527103769,21.696405482286,9.77501939487975,0.468253968253968,10.3697957072666,0.315789473684211,2.76700284458236,4.49961210240497,4.65477114041893,9.30954228083786,0.465477114041893,0.491525423728814,0.514792899408284,0.952380952380952,0.514762516046213,0.542311950904393,0.469833119383825,0.497619047619048,0.413757434703905,21.8314683717744,3.83671360289368,6.04026845637584,2.55549819308209,0.117577197149644,3.35570469798658,0.145576707726764,1.62916989914663,0.775795190069822,0.0332963374028856,0.82751486940781,0.0319680319680319,0.0325972660357518,0.115273775216138,0.0494505494505494,4.52547194207396,11.2490302560124,2.32738557020947,2.19808637186449,3.59451771399017,1.65502973881562,0.336177915696923,0.025859839668994,0.0,0.232738557020946,0.0782190132370637,0.797175866495507,5.31640211640212,25.3104738154613,5.68916472717869,0.282413350449294,0.540909090909091,0.546218487394958,3.28419963796224,0.163029525032092,0.354330708661417,0.801655029738816,0.0397946084724005,0.419354838709677,0.384615384615385,0.032258064516129,3.15490043961727,0.156611039794608,0.319672131147541,0.330508474576271,0.974358974358975,7.21489526764934,0.311827956989247,277,0.314079422382672
Gary Trent Jr.,MIL,1.08247422680412,0.567010309278351,1.59896840747905,0.0515463917525773,1.82989690721649,116.98064516129,0.129032258064516,1.85806451612903,21.2371134020619,5.77319587628866,0.459821428571429,11.159793814433,0.415704387990762,2.01030927835052,2.52577319587629,2.78350515463918,12.6030927835052,1.31443298969072,0.475728155339806,0.485148514851485,0.905555555555556,0.659056316590563,0.528339193302892,0.567732115677321,0.592219020172911,0.103092783505155,17.2891707775429,2.16634429400387,3.81935483870968,1.08387096774194,0.0464088397790055,2.63225806451613,0.105590062111801,0.515463917525773,0.231958762886598,0.0106635071090047,0.283505154639175,0.0128805620608899,0.0117785630153121,0.03125,0.014760147601476,2.24226804123711,5.38659793814433,1.34020618556701,0.902061855670103,2.37113402061856,0.824742268041237,0.154639175257732,0.206185567010309,0.0773195876288659,0.154639175257732,0.0581395348837209,0.747336377473364,10.4147321428571,25.6237875288684,1.49484536082474,0.0882800608828006,0.53448275862069,0.516129032258065,2.2680412371134,0.133942161339422,0.488636363636364,2.01030927835052,0.118721461187215,0.371794871794872,0.310344827586207,0.0256410256410256,2.75773195876289,0.162861491628615,0.476635514018692,0.481132075471698,0.96078431372549,8.4020618556701,0.395705521472393,326,0.395705521472393
Josh Green,CHA,1.81912681912682,0.883575883575884,2.14397089397089,0.0519750519750519,2.26091476091476,117.02182952183,0.38981288981289,1.92307692307692,13.1496881496882,4.495841995842,0.479768786127168,6.44490644490645,0.392712550607287,1.27338877338877,2.65072765072765,1.66320166320166,7.40644490644491,0.155925155925156,0.614457831325301,0.653846153846154,0.979381443298969,0.589073634204276,0.569412168674699,0.542755344418052,0.559734513274336,0.25987525987526,11.8126272912424,2.23492723492724,3.01455301455301,1.14345114345114,0.0518256772673733,1.79313929313929,0.0712809917355371,1.45530145530146,0.363825363825364,0.0144628099173553,1.06548856548857,0.0416243654822335,0.0281618023553507,0.039039039039039,0.0132275132275132,2.80665280665281,6.808731808731809,1.61122661122661,1.1954261954262,1.87110187110187,0.64968814968815,0.103950103950104,0.155925155925156,0.0259875259875259,0.12993762993763,0.0693512304250559,0.798099762470309,6.0242774566474,24.354693877551,2.28690228690229,0.209026128266033,0.602272727272727,0.528301886792453,1.55925155925156,0.142517814726841,0.35,0.64968814968815,0.0593824228028503,0.36,0.777777777777778,0.08,3.8981288981289,0.356294536817102,0.4,0.405405405405405,0.983333333333333,2.54677754677755,0.377551020408163,97,0.381443298969072
Andrew Nembhard,IND,2.88288288288288,1.85328185328185,1.91565955258421,0.0,3.34620334620335,112.40688415104,0.282558438222451,2.02928332905215,16.8082368082368,9.36936936936937,0.538461538461538,4.50450450450451,0.293103448275862,2.77992277992278,4.78764478764479,5.3024453024453,3.24324324324324,0.694980694980695,0.474489795918367,0.479381443298969,0.823529411764706,0.324675324675325,0.511532960893855,0.50556586270872,0.54242928452579,0.102960102960103,16.6939826738469,2.77706351247107,4.67505779604418,1.87516054456717,0.074642126789366,2.56871307474955,0.115074798619102,0.875160875160875,0.411840411840412,0.0186697782963827,0.437580437580438,0.0197674418604651,0.0192195690157251,0.0785340314136125,0.0154440154440154,8.39124839124839,19.97425997426,5.1994851994852,3.19176319176319,3.5006435006435,1.41570141570142,0.283140283140283,0.0,0.0,0.463320463320463,0.0943396226415094,0.539888682745826,9.35302197802198,26.5182857142857,2.98584298584299,0.215213358070501,0.698275862068966,0.530864197530864,3.91248391248391,0.282003710575139,0.473684210526316,2.47104247104247,0.178107606679035,0.447916666666667,0.372093023255814,0.0,1.20978120978121,0.0871985157699443,0.297872340425532,0.318181818181818,1.0,3.29472329472329,0.2890625,127,0.291338582677165
Cason Wallace,OKC,1.51515151515152,1.10426296866975,1.85873605947955,0.0256805341551104,1.07858243451464,109.521371896596,0.895828001023803,3.07141028922447,14.5865434001027,7.21623009758603,0.562277580071174,5.34155110426297,0.355769230769231,0.770416024653313,4.57113507960966,3.54391371340524,5.62403697996918,0.0770416024653312,0.563291139240506,0.570512820512821,0.986486486486486,0.425357873210634,0.57230245398773,0.550102249488753,0.563492063492064,0.102722136620442,12.7289170246439,2.93552108704012,4.04402354747888,1.79165600204761,0.0799086757990867,2.04760685948298,0.0814663951120163,1.82331792501284,0.821777092963534,0.0330237358101135,1.00154083204931,0.0422993492407809,0.0375462718138551,0.0830860534124629,0.0332225913621262,4.4427324088341,10.9912686183873,2.33692860811505,2.10580380071906,0.950179763739086,0.462249614791988,0.179763739085773,0.0,0.0,0.102722136620442,0.036,0.748466257668712,4.77615658362989,24.6129807692308,4.05752439650745,0.323108384458078,0.664556962025316,0.60952380952381,2.79917822290704,0.222903885480573,0.440366972477064,0.359527478171546,0.0286298568507157,0.357142857142857,0.4,0.0,2.4653312788906,0.196319018404908,0.333333333333333,0.336842105263158,1.0,2.87621982537237,0.375,112,0.375
Buddy Hield,GSW,2.36547959448921,1.24772550038991,1.73182891629494,0.0519885625162464,1.19573693787367,113.430463576159,0.609271523178808,1.82781456953642,23.7067845074084,6.1606446581752,0.527426160337553,14.2708604107096,0.37043795620438,1.37769690668053,4.00311931375097,2.49545100077983,14.7387574733559,1.09175981284118,0.616,0.663793103448276,0.931034482758621,0.698473282442748,0.539676061776062,0.546437659033079,0.561338289962825,0.467897062646218,20.1979307242465,3.46365783258987,5.64238410596027,2.3841059602649,0.0996677740863787,2.88741721854305,0.129607609988109,1.32570834416428,0.441902781388095,0.0191873589164785,0.857811281518066,0.0323529411764705,0.0262329485834207,0.0583333333333333,0.0210526315789473,3.48323368858851,8.47413569014817,1.97556537561736,1.50766831297115,1.66363400051989,0.337925656355602,0.129971406290616,0.233948531323109,0.0779828437743696,0.181959968806863,0.0275,0.838422391857506,6.96919831223629,25.604189435337,2.85937093839355,0.139949109414758,0.663636363636364,0.671232876712329,2.18351962568235,0.106870229007634,0.464285714285714,1.1177540940993,0.05470737913486,0.302325581395349,0.615384615384615,0.0465116279069767,3.50922796984663,0.17175572519084,0.385185185185185,0.393939393939394,0.980769230769231,10.761632440863,0.364734299516908,413,0.365617433414044
Kyrie Irving,DAL,3.00081103000811,2.00054068667207,1.36874915300176,0.0270343336036766,4.43363071100297,115.923913043478,0.625,1.79347826086957,33.360367666937,15.8421194917545,0.517064846416382,9.70532576371993,0.402234636871508,5.29872938632063,5.244660719113271,11.1381454447148,7.38037307380373,4.29845904298459,0.32013201320132,0.329931972789116,0.631944444444444,0.37989417989418,0.514042108050847,0.549206349206349,0.590776699029126,0.48661800486618,27.0302452964992,3.25247323485567,4.89130434782609,2.41847826086957,0.0915637860082304,2.2554347826087,0.100484261501211,1.6220600162206,0.97323600973236,0.0406779661016949,0.64882400648824,0.0293398533007334,0.0352319436288901,0.0683060109289617,0.0488721804511278,6.24493106244931,14.6255744795891,4.10921870775885,2.13571235469046,5.78534739118681,2.29791835631252,0.675858340091917,0.189240335225737,0.0,0.48661800486618,0.0909090909090909,0.578835978835979,8.07440273037543,25.9710306406685,5.08245471749121,0.198941798941799,0.675531914893617,0.401574803149606,7.67775074344417,0.300529100529101,0.454225352112676,3.08191403081914,0.120634920634921,0.412280701754386,0.297872340425532,0.0087719298245614,1.6220600162206,0.0634920634920634,0.5,0.517241379310345,0.866666666666667,8.08326574749932,0.381270903010033,298,0.38255033557047
Kyshawn George,WAS,2.57978723404255,1.56914893617021,2.67322782284878,0.0,2.47340425531915,118.116520351157,1.33014099494546,1.80899175312583,15.6914893617021,5.1063829787234,0.463541666666667,9.41489361702128,0.325714285714286,1.86170212765957,2.71276595744681,2.02127659574468,8.37765957446809,0.718085106382979,0.573033707865169,0.607142857142857,0.921052631578947,0.648351648351648,0.544347314814815,0.476190476190476,0.500850340136055,0.265957446808511,16.1092793217146,3.7903976592632,6.27826549614259,2.76669326948657,0.115942028985507,2.97951582867784,0.123076923076923,1.3031914893617,0.638297872340426,0.0270574971815107,0.638297872340426,0.0255591054313099,0.0262869660460021,0.0867924528301886,0.0349650349650349,4.49468085106383,11.0372340425532,2.4468085106383,2.04787234042553,2.47340425531915,1.03723404255319,0.186170212765957,0.0,0.0,0.265957446808511,0.0674740484429065,0.84981684981685,5.23489583333333,26.5635593220339,2.92553191489362,0.201465201465201,0.572727272727273,0.650793650793651,1.75531914893617,0.120879120879121,0.333333333333333,0.425531914893617,0.0293040293040293,0.25,0.25,0.125,1.96808510638298,0.135531135531136,0.351351351351351,0.351351351351351,1.0,7.4468085106383,0.314285714285714,276,0.318840579710145
Collin Sexton,UTA,4.41988950276243,2.73480662983425,1.98265179677819,0.0276243093922651,6.04972375690608,120.258029096898,0.164699423552018,1.2901454844908,32.0165745856354,16.4640883977901,0.513422818791946,7.48618784530387,0.408921933085502,5.99447513812155,6.29834254143646,10.6077348066298,6.21546961325967,2.90055248618785,0.372549019607843,0.387755102040816,0.681818181818182,0.312572087658593,0.507864871194379,0.543252595155709,0.591983556012333,0.662983425414365,27.0102600811262,2.3543990086741,3.04693933571233,1.07054625308811,0.0485678704856787,1.94894317869887,0.0775956284153005,1.65745856353591,0.966850828729282,0.041031652989449,0.662983425414365,0.0276816608996539,0.0343023255813953,0.0330578512396694,0.0579710144927536,7.26519337016575,17.7900552486188,4.00552486187845,3.25966850828729,6.93370165745856,3.25966850828729,0.856353591160221,0.0,0.0,0.524861878453039,0.123689727463312,0.516724336793541,7.48238255033557,25.4833333333333,4.88950276243094,0.204152249134948,0.621468926553672,0.354545454545455,9.33701657458564,0.389850057670127,0.482248520710059,2.23756906077348,0.0934256055363321,0.407407407407407,0.303030303030303,0.0493827160493827,1.65745856353591,0.0692041522491349,0.466666666666667,0.482758620689655,0.857142857142857,5.82872928176796,0.388625592417062,209,0.392344497607656
Amir Coffey,LAC,1.27190503109101,0.706613906161673,1.69611307420495,0.0,2.68513284341436,113.118461973424,0.197907831495618,1.13090189426067,19.672131147541,7.4335782928208,0.52851711026616,6.98134539287733,0.408906882591093,3.2504239683437,5.37026568682872,2.48728094968909,8.30977953646128,0.254381006218202,0.683453237410072,0.708955223880597,0.97029702970297,0.484313725490196,0.542676082677165,0.569607843137255,0.612190812720848,0.282645562464669,15.3729838709677,2.2756183745583,3.64715860899067,1.24399208368674,0.0559085133418043,2.1769861464518,0.089639115250291,0.904465799886942,0.565291124929339,0.0235571260306242,0.339174674957603,0.0167597765363128,0.0204472843450479,0.0557620817843866,0.0411985018726591,2.17637083097795,5.31373657433578,1.21537591859808,0.960994912379876,3.64612775579423,1.66760881854155,0.282645562464669,0.0282645562464669,0.0,0.169587337478802,0.107142857142857,0.686274509803922,7.63726235741445,25.3935222672065,2.91124929338609,0.201960784313726,0.650485436893204,0.746268656716418,2.82645562464669,0.196078431372549,0.45,1.69587337478802,0.117647058823529,0.45,0.555555555555556,0.0,2.65686828716789,0.184313725490196,0.457446808510638,0.462365591397849,1.0,4.32447710570944,0.379084967320261,153,0.379084967320261
Jimmy Butler III,GSW,2.10346787947698,1.22228538942581,0.740213523131673,0.0568504832291074,8.0443433769187,112.061591103507,0.513259195893926,2.19560878243513,27.3450824332007,13.9567936327459,0.545824847250509,2.95622512791359,0.313725490196078,9.38032973280273,8.47072200113701,6.76520750426379,2.38772029562251,0.341102899374645,0.555970149253731,0.615702479338843,0.875,0.174789915966387,0.534257474226804,0.53109243697479,0.624183006535948,1.47811256395679,20.9435846230654,4.19928825622776,4.8759623609923,2.42372398061021,0.102533172496984,2.39520958083832,0.110671936758893,3.52472996020466,2.30244457077885,0.105331599479844,1.19386014781126,0.048,0.0748175182481751,0.0950570342205323,0.14828897338403,8.47072200113701,22.1716884593519,3.24047754405912,5.23024445707789,11.1426947129051,4.9744172825469,1.05173393973849,0.0568504832291074,0.0,0.852757248436612,0.240816326530612,0.596638655462185,5.72912423625255,25.0798076923077,7.13473564525298,0.421848739495798,0.701195219123506,0.607954545454545,5.57134735645253,0.329411764705882,0.408163265306122,1.25071063104036,0.0739495798319327,0.272727272727273,0.416666666666667,0.0,1.56338828880045,0.0924369747899159,0.381818181818182,0.381818181818182,0.904761904761905,1.39283683911313,0.224489795918367,47,0.234042553191489
Aaron Wiggins,OKC,1.90292333149476,1.26861555432984,1.39715036657906,0.0,1.87534473248759,109.658617818485,0.499583680266445,1.66527893422148,25.2068394925538,10.7280750137893,0.57840616966581,9.34914506343078,0.384615384615385,2.04081632653061,7.11527854384997,5.29509100937672,9.92829564258136,0.827357970215113,0.573333333333333,0.623188405797101,0.923076923076923,0.465659340659341,0.569959215955983,0.576923076923077,0.595052083333333,0.992829564258136,20.4695524578136,4.08078572416655,5.93949486538995,2.55342769913961,0.109263657957245,3.24729392173189,0.127868852459016,2.23386651958081,0.799779371207943,0.0361596009975062,1.40650854936569,0.0593023255813953,0.0481347773766546,0.121428571428571,0.0545454545454545,3.69553226696084,9.15609487038058,1.93050193050193,1.76503033645891,2.45449531163817,1.2134583563155,0.248207391064534,0.0,0.0,0.137892995035852,0.0576671035386631,0.793956043956044,4.452442159383031,25.3395280235988,6.59128516271373,0.328296703296703,0.690376569037657,0.618181818181818,3.53006067291782,0.175824175824176,0.390625,0.60672917815775,0.0302197802197802,0.454545454545455,0.3,0.0454545454545454,3.19911748483177,0.159340659340659,0.353448275862069,0.359649122807018,0.975609756097561,6.15002757859901,0.399103139013453,222,0.400900900900901
Ochai Agbaji,TOR,1.49253731343284,0.746268656716418,1.72628090042812,0.0552791597567716,1.32669983416252,114.35274634281,0.828043058239029,1.60088324592879,18.4355997788834,7.76672194582642,0.587188612099644,6.99281370923162,0.399209486166008,0.939745715865119,7.24156992813709,1.87949143173024,8.04311774461028,0.33167495854063,0.793939393939394,0.873333333333333,0.96039603960396,0.473782771535581,0.60683904494382,0.592696629213483,0.601985559566787,0.829187396351576,14.8220380302292,3.34207982322884,4.99585978470881,2.20811482197074,0.0991325898389095,2.34612199834391,0.0948660714285714,1.68601437258154,0.939745715865119,0.0366774541531823,0.690989496959646,0.0328947368421052,0.0349733254297569,0.102389078498294,0.0438144329896907,2.70867882808181,6.6334991708126,1.49253731343284,1.21614151464898,1.32669983416252,0.580431177446103,0.138197899391929,0.0276395798783858,0.0,0.0829187396351575,0.0399274047186932,0.885767790262172,3.15480427046263,24.4256916996047,6.08070757324489,0.411985018726592,0.659090909090909,0.8,1.43725815367606,0.097378277153558,0.307692307692308,0.248756218905473,0.0168539325842696,0.444444444444444,0.75,0.111111111111111,3.98009950248756,0.269662921348315,0.409722222222222,0.418439716312057,0.983050847457627,3.01271420674406,0.385321100917431,109,0.385321100917431
Brandin Podziemski,GSW,2.14653692043503,1.40240412135089,1.3602520045819,0.0,3.52032054951345,107.679083094556,0.372492836676218,1.97707736389685,21.3795077275329,9.15855752718947,0.515625,8.84373211219233,0.377049180327869,2.06067544361763,5.20892959358901,4.23583285632513,8.32856325128792,1.54550658271322,0.551515151515152,0.594771241830065,0.843478260869565,0.491255961844197,0.512234046052632,0.536565977742448,0.557462686567164,0.68689181453921,18.4909406800695,4.65349369988545,7.44985673352436,3.18051575931232,0.138576779026217,3.92550143266476,0.174300254452926,1.86033199771036,0.801373783629078,0.0359435173299101,0.973096737263881,0.0354535974973931,0.0356731875719217,0.0961538461538461,0.0448979591836734,6.29650829994276,15.7126502575844,3.17687464224385,3.11963365769891,2.71894676588437,1.17344018317115,0.286204922724671,0.028620492272467,0.0,0.257584430452204,0.0635400907715582,0.650238473767886,8.248125,26.4355987055016,2.86204922724671,0.158982511923688,0.66,0.545454545454545,4.55065827132227,0.252782193958665,0.477987421383648,1.74585002862049,0.0969793322734499,0.377049180327869,0.652173913043478,0.0163934426229508,1.57412707498569,0.0874403815580286,0.4,0.407407407407407,0.954545454545455,7.26960503720664,0.366141732283465,250,0.372
Bradley Beal,PHX,2.85631852279285,1.96191575302943,1.96021908330931,0.0288517022504327,3.2602423542989,121.02534562212,0.806451612903226,1.6705069124424,26.0242354298904,12.4062319676861,0.565116279069768,7.61684939411425,0.386363636363636,3.17368724754761,7.27062896710906,6.75129832660127,7.70340450086555,1.12521638776688,0.518518518518519,0.536170212765957,0.872549019607843,0.380403458213257,0.516328314121037,0.570605187319885,0.594986807387863,0.461627236006924,22.5619399051133,2.55116748342462,4.11866359447005,1.8721198156682,0.0807453416149068,1.90092165898618,0.0832282471626734,0.980957876514714,0.663589151759954,0.0318559556786703,0.288517022504328,0.0131233595800524,0.0222371967654986,0.0772357723577235,0.0206896551724137,5.62608193883439,13.6757068667051,3.20253894979804,2.42354298903635,3.95268320830929,1.5868436237738,0.230813618003462,0.0577034045008655,0.0288517022504327,0.461627236006924,0.0768194070080862,0.572046109510087,8.9793023255814,25.2068181818182,3.83727639930756,0.19164265129683,0.736842105263158,0.530612244897959,5.39526832083093,0.269452449567723,0.524064171122995,3.17368724754761,0.15850144092219,0.427272727272727,0.553191489361702,0.0181818181818181,2.51009809578765,0.12536023054755,0.413793103448276,0.413793103448276,0.972222222222222,5.1067512983266,0.372881355932203,177,0.372881355932203
Kevin Huerter,CHI,1.90883190883191,1.42450142450142,1.7258593638568,0.0,1.22507122507123,114.110254213082,0.656955155669809,1.88517566409597,19.4017094017094,6.06837606837607,0.586854460093897,11.1396011396011,0.339331619537275,0.997150997150997,5.41310541310541,1.70940170940171,10.5128205128205,0.769230769230769,0.76,0.811965811965812,0.931818181818182,0.647350993377484,0.547896760797342,0.53476821192053,0.543130990415335,0.455840455840456,17.5132676269901,2.92397660818713,4.99857183661811,2.34218794630106,0.0964705882352941,2.51356755212796,0.105642256902761,0.854700854700855,0.37037037037037,0.0168175937904269,0.484330484330484,0.0199530516431924,0.0184615384615384,0.0884615384615384,0.0145985401459854,4.44444444444445,10.5982905982906,2.73504273504274,1.70940170940171,1.3960113960114,0.598290598290598,0.0854700854700854,0.0284900284900284,0.0,0.0854700854700854,0.0353130016051364,0.814569536423841,6.17089201877934,25.7028132992327,2.87749287749288,0.167218543046358,0.732673267326733,0.783783783783784,2.50712250712251,0.145695364238411,0.488636363636364,0.683760683760684,0.0397350993377483,0.333333333333333,0.75,0.0,2.73504273504274,0.158940397350993,0.40625,0.414893617021277,0.974358974358975,8.4045584045584,0.315254237288136,293,0.31740614334471
AJ Green,MIL,1.16890707188779,0.613676212741087,2.3003663003663,0.0,1.46113383985973,110.138113429327,0.205700852189245,1.08727593300029,15.8094681472823,1.78258328462887,0.442622950819672,10.6078316773816,0.427777777777778,0.642898889538282,1.16890707188779,0.409117475160725,12.7995324371712,0.789012273524255,0.740740740740741,0.740740740740741,0.941935483870968,0.856132075471698,0.53565956937799,0.612028301886793,0.623271889400922,0.0,12.6636387924125,2.54945054945055,4.58419042021746,1.93946517778431,0.0794223826714801,2.08639435791948,0.0861650485436893,0.526008182349503,0.233781414377557,0.0108991825613079,0.175336060783168,0.0078843626806833,0.0093645484949832,0.0902255639097744,0.0124481327800829,3.15604909409702,8.32846288720047,1.13968439509059,2.01636469900643,0.789012273524255,0.0876680303915838,0.0584453535943892,0.116890707188778,0.0,0.146113383985973,0.0163170163170163,0.886792452830189,12.7360655737705,25.8911845730028,0.37989479836353,0.0306603773584905,0.615384615384615,0.875,0.321449444769141,0.025943396226415,0.454545454545455,1.0812390414962,0.0872641509433962,0.378378378378378,0.785714285714286,0.0,3.2729398012858,0.264150943396226,0.526785714285714,0.526785714285714,0.932203389830508,7.33489187609585,0.382470119521912,247,0.384615384615385
Moses Moody,GSW,1.61242161839355,0.955509107196178,1.72234595397179,0.0597193191997611,3.10540459838758,111.547548730065,0.915534554046072,1.74246898995865,21.6183935503135,6.89758136757241,0.519480519480519,10.0627052851598,0.373887240356083,3.16512391758734,4.77754553598089,2.38877276799045,10.9286354135563,0.358315915198567,0.666666666666667,0.714285714285714,0.968253968253968,0.59330985915493,0.543701171171171,0.544014084507042,0.5784,0.477754553598089,17.6501169742657,2.80623608017817,4.04607206142942,1.74246898995865,0.0784574468085106,1.83106910809214,0.0829986613119143,1.55270229919379,0.597193191997611,0.0267737617135207,0.925649447596297,0.0344062153163152,0.0309466019417475,0.0977011494252873,0.0258620689655172,2.86652732158853,7.19617796357122,1.40340400119439,1.46312332039415,3.97133472678412,1.64228127799343,0.268736936398925,0.268736936398925,0.0298596595998805,0.0895789787996416,0.102893890675241,0.786971830985916,5.50995670995671,24.9598214285714,3.28456255598686,0.193661971830986,0.718181818181818,0.670886075949367,3.10540459838758,0.183098591549296,0.375,0.50761421319797,0.0299295774647887,0.117647058823529,0.5,0.0588235294117647,3.7025977903851905,0.21830985915493,0.443548387096774,0.454545454545455,0.963636363636364,6.36010749477456,0.333333333333333,213,0.333333333333333
Donte DiVincenzo,MIN,3.00982800982801,2.18058968058968,1.74285277480508,0.0921375921375921,2.64127764127764,111.232876712329,0.517503805175038,2.22222222222222,22.2051597051597,4.79115479115479,0.487179487179487,13.4520884520885,0.399082568807339,1.504914004914,2.76412776412776,1.9041769041769,13.6363636363636,2.3955773955774,0.592105263157895,0.616438356164384,0.850574712643678,0.737373737373737,0.549984940778342,0.567340067340067,0.578778135048232,0.184275184275184,19.5168295331162,3.48570554961015,5.96651445966514,2.37442922374429,0.097378277153558,3.37899543378995,0.144719687092568,0.982800982800983,0.399262899262899,0.0194610778443113,0.522113022113022,0.0202863961813842,0.0199203187250996,0.0805369127516778,0.0181159420289855,6.91031941031941,16.1547911547912,4.57616707616708,2.33415233415233,1.93488943488944,0.583538083538084,0.0307125307125307,0.0921375921375921,0.0614250614250614,0.276412776412776,0.0358890701468189,0.890572390572391,4.48974358974359,26.1139269406393,2.7948402948403,0.153198653198653,0.582417582417583,0.60377358490566,1.81203931203931,0.0993265993265993,0.355932203389831,0.184275184275184,0.0101010101010101,0.333333333333333,0.5,0.0,2.73341523341523,0.14983164983165,0.426966292134831,0.436781609195402,0.973684210526316,10.7186732186732,0.389684813753582,347,0.39193083573487
Isaiah Joe,OKC,1.13534508515088,0.836570062742755,1.69924812030075,0.0,3.04750522856289,107.538601271571,0.272479564032698,1.45322434150772,22.5873916940544,3.6450552733791506,0.549180327868853,13.9229160442187,0.412017167381974,1.37436510307738,3.16701523752614,0.836570062742755,15.6856886764267,1.52375261428145,0.791044776119403,0.803030303030303,0.911458333333333,0.792517006802721,0.54363775862069,0.603741496598639,0.618032786885246,0.0597550044816253,17.1345338983051,2.94736842105263,4.69270360278535,1.66515289131093,0.0742240215924426,2.84589766878595,0.108796296296296,1.22497759187332,0.418285031371377,0.0194986072423398,0.806692560501942,0.0326086956521739,0.0265200517464424,0.0699588477366255,0.0131004366812227,3.55542276665671,8.9632506722438,1.70301762772632,1.85240513893039,1.67314012548551,0.507917538093815,0.149387511204063,0.179265013444876,0.0298775022408126,0.149387511204063,0.0364238410596026,0.875850340136055,8.35655737704918,25.8965665236052,1.46399760979982,0.0833333333333333,0.775510204081633,0.789473684210526,1.22497759187332,0.0697278911564625,0.365853658536585,0.956080071706005,0.0544217687074829,0.4375,0.714285714285714,0.0,2.65909769943233,0.151360544217687,0.561797752808989,0.568181818181818,0.96,11.2638183447864,0.376657824933687,377,0.376657824933687
Caris LeVert,ATL,2.21434898139947,1.65338057277827,1.46775389177168,0.0295246530853262,3.21818718630056,115.693865396069,0.982727814175104,1.697438951757,22.9111307942132,9.30026572187777,0.552380952380952,8.38500147623265,0.373239436619718,3.24771183938589,6.61352229111308,3.66105698258046,7.44021257750222,1.94862710363153,0.64367816091954,0.651162790697675,0.792452830188679,0.474123539232053,0.592879881154499,0.555926544240401,0.583458646616541,0.118098612341305,19.5044807590933,3.00963676797628,4.82430017867779,2.23347230494342,0.092250922509225,2.41215008933889,0.109311740890688,1.21051077649838,0.413345143194567,0.0206185567010309,0.797165633303809,0.0346598202824133,0.0281207133058984,0.0759075907590759,0.0269360269360269,6.34780041334514,15.5890168290523,3.45438441098317,2.89341600236197,4.57632122822557,1.97815175671686,0.47239444936522,0.118098612341305,0.0590493061706524,0.383820490109241,0.108895705521472,0.797996661101836,4.66095238095238,24.9195035460993,5.72778269855329,0.323873121869783,0.644329896907217,0.704,3.10008857395926,0.175292153589316,0.438095238095238,0.47239444936522,0.026711185308848,0.1875,0.333333333333333,0.0,2.56864481842338,0.145242070116861,0.425287356321839,0.430232558139535,0.945945945945946,5.81635665780927,0.350253807106599,197,0.350253807106599
Miles McBride,NYK,1.28205128205128,0.906816760475297,1.6796267496112,0.0312695434646654,2.15759849906191,112.159653465347,0.525990099009901,2.0730198019802,19.1056910569106,7.34834271419637,0.45531914893617,9.75609756097561,0.372168284789644,1.6260162601626,2.6266416510319,4.0650406504065,8.72420262664165,2.06378986866792,0.392523364485981,0.415841584158416,0.808695652173913,0.570383912248629,0.532595303867403,0.510968921389397,0.531304347826087,0.375234521575985,16.7666303162486,2.50388802488336,3.52722772277228,1.60891089108911,0.064039408866995,1.88737623762376,0.0859154929577464,1.46966854283927,0.656660412757974,0.026615969581749,0.781738586616635,0.0329815303430079,0.0297349709114414,0.0634920634920634,0.0389610389610389,5.84740462789243,14.5716072545341,2.97060662914321,2.87679799874922,2.00125078173859,0.594121325828643,0.0312695434646654,0.187617260787992,0.0938086303939962,0.218886804252658,0.0440140845070422,0.736745886654479,8.92340425531915,25.4275641025641,2.84552845528455,0.16636197440585,0.505494505494506,0.41304347826087,2.37648530331457,0.138939670932358,0.368421052631579,2.12632895559725,0.124314442413163,0.485294117647059,0.424242424242424,0.0,2.84552845528455,0.16636197440585,0.373626373626374,0.377777777777778,1.0,6.91056910569106,0.366515837104072,218,0.371559633027523
Gradey Dick,TOR,2.52202977818292,1.85353995745974,1.82121718014873,0.121543603767852,3.85900941962929,118.223165554882,0.303214069132808,1.45542753183748,23.6098450319052,9.7538742023701,0.470404984423676,9.90580370707992,0.350769230769231,4.04132482528107,7.2926162260711,1.8839258584017,9.84503190519599,0.546946216955333,0.794701986754967,0.821917808219178,0.947368421052632,0.50386398763524,0.553327012383901,0.497681607418856,0.537604456824513,0.303859009419629,21.3351134846462,2.92912429807255,4.51788963007884,1.81928441479685,0.0837988826815642,2.57731958762887,0.109395109395109,1.33697964144637,0.698875721665147,0.0265588914549653,0.546946216955333,0.026865671641791,0.0266927083333333,0.101449275362319,0.0233766233766233,2.97781829231237,7.17107262230325,1.76238225463385,1.21543603767852,4.70981464600425,1.76238225463385,0.151929504709815,0.151929504709815,0.0,0.395016712245518,0.0893617021276595,0.74806800618238,6.77258566978193,25.6539877300614,4.80097234883014,0.244204018547141,0.525316455696203,0.843373493975904,3.16013369796415,0.160741885625966,0.413461538461538,1.79276815557581,0.0911901081916537,0.423728813559322,0.72,0.0677966101694915,2.67395928289274,0.136012364760433,0.340909090909091,0.348837209302326,1.0,7.231844424187181,0.352941176470588,237,0.354430379746835
Grayson Allen,PHX,2.36817177139249,1.70508367540259,1.50817590093666,0.0,3.34701610356805,121.743295019157,0.606641123882503,1.72413793103448,21.4714240606252,4.38901168298074,0.503597122302158,11.0514682664983,0.425714285714286,2.93653299652668,3.09441111461951,1.32617619197979,13.6406694032207,0.473634354278497,0.7,0.7,0.966442953020134,0.715746421267894,0.535555930470348,0.600204498977505,0.630797773654917,0.0,17.4431818181818,3.07985394507065,5.10855683269476,2.45849297573436,0.107692307692308,2.4904214559387,0.108786610878661,1.07357120303126,0.378907483422798,0.0192307692307692,0.694663719608462,0.0297297297297297,0.0249266862170087,0.0958904109589041,0.0259740259740259,4.32586043574361,10.4831070413641,2.49447426586675,1.83138616987686,3.59962109251658,1.29460056836123,0.189453741711399,0.189453741711399,0.0631512472371329,0.347331859804231,0.0890151515151515,0.862985685071575,5.1273381294964,25.8428571428571,2.27344490053679,0.147239263803681,0.638888888888889,0.717391304347826,2.02083991158825,0.130879345603272,0.34375,0.0947268708556994,0.0061349693251533,0.666666666666667,1.0,0.0,3.12598673823808,0.202453987730061,0.494949494949495,0.5,1.0,7.92548152826018,0.398406374501992,251,0.398406374501992
Kevin Porter Jr.,MIL,4.49438202247191,2.80898876404494,1.96143069062139,0.0991407799074686,4.75875743555849,110.489970404472,0.427490956922065,2.6635975008221,25.4791804362194,15.6972901520159,0.501052631578947,5.84930601454065,0.3125,4.29610046265697,4.09781890284204,11.6325181758097,2.67680105750165,2.77594183740912,0.260504201680672,0.266094420600858,0.490909090909091,0.271472392638037,0.50965,0.491564417177914,0.532458563535912,0.330469266358229,25.6563245823389,4.58216581506511,7.76060506412364,3.22262413679711,0.139800285306705,4.37356132851036,0.175693527080581,1.38797091870456,0.46265697290152,0.0196629213483146,0.892267019167217,0.0441176470588235,0.0309667673716012,0.113744075829384,0.0189573459715639,8.46001321877066,20.6543291473893,4.72571050892267,3.73430270984798,5.58493060145407,1.94976867151355,0.396563119629874,0.429610046265697,0.0660938532716457,0.46265697290152,0.101408450704225,0.483128834355828,9.36231578947368,25.8225988700565,4.56047587574356,0.211656441717791,0.623188405797101,0.372093023255814,6.34500991407799,0.294478527607362,0.453125,4.79180436219432,0.22239263803681,0.448275862068966,0.138461538461538,0.0137931034482758,0.793126239259749,0.0368098159509202,0.416666666666667,0.454545454545455,0.8,5.0561797752809,0.294117647058824,152,0.296052631578947
Luke Kennard,MEM,2.28934817170111,1.52623211446741,0.939939461526207,0.0317965023847376,1.4308426073132,117.305236270754,0.159642401021711,1.59642401021711,18.3147853736089,5.40540540540541,0.547058823529412,8.29888712241653,0.434615384615385,1.62162162162162,3.17965023847377,2.73449920508744,10.2066772655008,0.572337042925278,0.537634408602151,0.561797752808989,0.946902654867257,0.605568445475638,0.525741211401425,0.609048723897912,0.627212389380531,0.254372019077901,14.4004430905566,2.91540544846264,4.66155810983397,2.10727969348659,0.0906593406593406,2.42656449553001,0.106293706293706,1.17647058823529,0.572337042925278,0.0248962655601659,0.604133545310016,0.0272206303724928,0.0260380014074595,0.0725806451612903,0.03125,6.8362480127186,16.3116057233704,4.19713831478537,2.63910969793323,1.81240063593005,0.286168521462639,0.0635930047694753,0.190779014308426,0.0635930047694753,0.317965023847377,0.0339366515837104,0.709976798143852,9.64058823529412,25.2251937984496,1.4308426073132,0.104408352668213,0.711111111111111,0.46875,2.60731319554849,0.190255220417633,0.5,1.36724960254372,0.099767981438515,0.465116279069767,0.6,0.0,2.00317965023847,0.146171693735499,0.523809523809524,0.523809523809524,1.0,6.29570747217806,0.404040404040404,197,0.406091370558376
Terance Mann,ATL,1.67247386759582,1.11498257839721,2.21529941156109,0.0696864111498257,2.22996515679443,117.67537826685,0.515818431911967,1.6162310866575,17.9442508710801,8.67595818815331,0.578313253012048,5.6794425087108,0.368098159509202,1.63763066202091,5.85365853658537,4.18118466898955,5.64459930313589,0.627177700348432,0.583333333333333,0.626865671641791,0.9,0.395631067961165,0.5499072319202,0.567961165048544,0.582579185520362,0.696864111498258,14.9026763990268,3.44409830391139,4.50481430536451,2.02888583218707,0.0948553054662379,2.09766162310867,0.0945736434108527,2.36933797909408,1.14982578397213,0.0496240601503759,1.18466898954704,0.0496350364963503,0.0496296296296296,0.114035087719298,0.0493273542600896,4.21602787456446,10.0696864111498,2.57839721254355,1.63763066202091,2.36933797909408,1.0801393728223,0.24390243902439,0.0348432055749128,0.0,0.174216027874564,0.0732265446224256,0.696601941747573,6.27791164658635,24.6136645962733,4.3205574912892,0.300970873786408,0.717741935483871,0.719101123595506,3.31010452961672,0.230582524271845,0.473684210526316,1.04529616724739,0.0728155339805825,0.333333333333333,0.2,0.0,2.64808362369338,0.184466019417476,0.43421052631579,0.44,0.939393939393939,3.03135888501742,0.310344827586207,87,0.310344827586207
Sam Merrill,CLE,1.21023513139696,0.622406639004149,2.14867440651534,0.0,1.86721991701245,109.725599166377,0.486279958318861,1.84091698506426,17.6002766251729,1.93637621023513,0.625,12.7247579529737,0.372282608695652,0.968188105117566,1.93637621023513,0.484094052558783,14.1078838174274,0.103734439834025,0.8,0.848484848484849,0.992700729927007,0.867924528301887,0.564917745803357,0.567216981132076,0.581050228310502,0.138312586445367,14.4034177601465,2.72049904695893,4.13337964571032,1.9798541160125,0.075,2.15352552969781,0.0926756352765321,1.31396957123098,0.345781466113416,0.0173611111111111,0.933609958506224,0.0349740932642487,0.0274480712166172,0.0648854961832061,0.0133928571428571,3.7344398340249,9.16320885200553,2.04011065006916,1.69432918395574,1.00276625172891,0.138312586445367,0.0,0.0691562932226832,0.0,0.276625172890733,0.0116550116550116,0.957547169811321,4.88214285714286,25.4375,1.31396957123098,0.0896226415094339,0.710526315789474,0.814814814814815,0.380359612724758,0.025943396226415,0.454545454545455,0.242047026279391,0.0165094339622641,0.428571428571429,1.0,0.0,2.86998616874136,0.195754716981132,0.385542168674699,0.390243902439024,1.0,9.85477178423237,0.368421052631579,285,0.368421052631579
Ayo Dosunmu,CHI,2.33108108108108,1.31756756756757,1.76856998484083,0.0675675675675675,2.12837837837838,120.221699697682,0.604635539133356,1.44440712126302,19.1216216216216,8.78378378378378,0.611538461538462,6.38513513513514,0.328042328042328,2.09459459459459,5.94594594594595,4.7972972972973,5.87837837837838,0.405405405405405,0.553459119496855,0.571428571428571,0.935483870967742,0.420935412026726,0.598607349665924,0.561247216035635,0.5850622406639,0.337837837837838,16.7071688942892,2.71180731008927,4.53476654350017,1.88108834397044,0.0809248554913294,2.62008733624454,0.111269614835949,0.878378378378378,0.506756756756757,0.0244698205546492,0.371621621621622,0.0142302716688227,0.0187590187590187,0.0566666666666666,0.0269360269360269,7.02702702702703,17.1959459459459,3.88513513513514,3.14189189189189,2.66891891891892,1.14864864864865,0.337837837837838,0.0,0.0,0.304054054054054,0.0718816067653276,0.841870824053452,3.42,24.8497354497355,6.38513513513514,0.420935412026726,0.666666666666667,0.53968253968254,2.26351351351351,0.149220489977728,0.477611940298507,0.135135135135135,0.0089086859688195,0.25,1.0,0.0,2.60135135135135,0.171492204899777,0.350649350649351,0.350649350649351,1.0,3.78378378378378,0.3125,112,0.3125
Ty Jerome,CLE,3.16804407713499,2.30716253443526,1.76409546869595,0.0688705234159779,4.269972451790631,113.273106323836,0.104239054899236,2.71021542738013,30.2341597796143,12.568870523416,0.56986301369863,8.71212121212121,0.445783132530121,4.44214876033058,4.75206611570248,9.57300275482094,7.33471074380165,4.13223140495868,0.331730769230769,0.343283582089552,0.63963963963964,0.409385113268608,0.516236003372681,0.605987055016181,0.645066273932253,0.482093663911846,23.4256160632796,2.99204427533725,4.27380125086866,1.66782487838777,0.0693641618497109,2.36275191104934,0.0977011494252873,1.72176308539945,0.792011019283747,0.0387205387205387,0.895316804407714,0.0362116991643454,0.0373475609756097,0.080168776371308,0.0221238938053097,8.16115702479339,19.8347107438017,4.64876033057851,3.51239669421488,5.09641873278237,2.5137741046832,0.757575757575758,0.0344352617079889,0.0,0.309917355371901,0.11044776119403,0.555016181229774,7.75205479452055,26.9782608695652,3.09917355371901,0.145631067961165,0.533333333333333,0.291666666666667,8.4366391184573,0.396440129449838,0.587755102040816,1.03305785123967,0.0485436893203883,0.533333333333333,0.1875,0.0,1.34297520661157,0.0631067961165048,0.487179487179487,0.487179487179487,1.0,7.36914600550964,0.429906542056075,210,0.438095238095238
Julian Strawther,DEN,1.97231833910035,1.07266435986159,2.60974766678189,0.173010380622837,3.35640138408305,116.954419889503,0.552486187845304,1.34668508287293,20.3460207612457,7.50865051903114,0.534562211981567,9.30795847750865,0.349442379182156,2.56055363321799,5.81314878892734,2.21453287197232,8.719723183391,1.03806228373702,0.724137931034483,0.756756756756757,0.893617021276596,0.553497942386831,0.530225102880658,0.52880658436214,0.55893536121673,0.346020761245675,17.8363469200123,2.45419979260283,4.31629834254144,1.93370165745856,0.0785413744740533,2.34806629834254,0.0986937590711175,0.588235294117647,0.41522491349481,0.0170212765957446,0.173010380622837,0.0088339222614841,0.013375295043273,0.0944206008583691,0.0286885245901639,2.8719723183391,7.05882352941176,1.55709342560554,1.31487889273356,3.11418685121107,1.03806228373702,0.242214532871972,0.13840830449827,0.0,0.449826989619377,0.0662768031189083,0.734567901234568,6.55760368663595,25.7475836431227,3.04498269896194,0.181069958847737,0.659090909090909,0.689655172413793,4.01384083044983,0.238683127572016,0.474137931034483,0.449826989619377,0.0267489711934156,0.230769230769231,1.0,0.0769230769230769,1.45328719723183,0.0864197530864197,0.5,0.51219512195122,1.0,7.85467128027682,0.3215859030837,227,0.3215859030837
Nick Smith Jr.,CHA,2.92857142857143,2.17857142857143,1.415770609319,0.0,1.42857142857143,118.956834532374,0.215827338129496,0.611510791366906,21.1071428571429,9.35714285714286,0.450381679389313,10.9285714285714,0.342105263157895,1.53571428571429,3.21428571428571,5.21428571428571,9.10714285714286,2.03571428571429,0.38135593220339,0.38135593220339,0.817307692307692,0.538732394366197,0.504899097472924,0.482394366197183,0.500853242320819,0.0,20.9076682316119,2.29390681003584,4.13669064748201,1.33093525179856,0.0605564648117839,2.51798561151079,0.0969529085872576,0.464285714285714,0.214285714285714,0.0079260237780713,0.25,0.0104321907600596,0.0091036414565826,0.048689138576779,0.0077519379844961,5.17857142857143,12.4285714285714,3.10714285714286,2.07142857142857,1.64285714285714,0.5,0.107142857142857,0.0357142857142857,0.0,0.214285714285714,0.0258620689655172,0.617957746478873,9.81564885496183,26.0016501650165,1.60714285714286,0.079225352112676,0.577777777777778,0.538461538461538,5.64285714285714,0.278169014084507,0.424050632911392,2.10714285714286,0.10387323943662,0.423728813559322,0.28,0.0,2.17857142857143,0.107394366197183,0.344262295081967,0.35,1.0,8.75,0.338775510204082,243,0.34156378600823
Bogdan Bogdanović,LAC,2.65232974910394,1.72043010752688,2.2866402592726,0.07168458781362,2.61648745519713,112.698986975398,0.397973950795948,1.48335745296671,20.8960573476703,7.27598566308244,0.517241379310345,10.3584229390681,0.364583333333333,2.07885304659498,3.9426523297491,3.584229390681,9.56989247311828,1.72043010752688,0.523809523809524,0.55,0.847619047619048,0.58739837398374,0.527183469387755,0.533536585365854,0.557581573896353,0.3584229390681,18.869123252859,2.86280158444364,4.88422575976845,1.8451519536903,0.0841584158415841,2.82199710564399,0.118003025718608,0.860215053763441,0.465949820788531,0.0190058479532163,0.39426523297491,0.0180032733224222,0.0185328185328185,0.0696517412935323,0.0197628458498023,5.23297491039427,12.5089605734767,3.18996415770609,2.04301075268817,2.36559139784946,0.896057347670251,0.14336917562724,0.10752688172043,0.03584229390681,0.21505376344086,0.0543689320388349,0.723577235772358,8.63103448275862,25.7695501730104,2.40143369175627,0.136178861788618,0.537313432835821,0.583333333333333,3.6917562724014306,0.209349593495935,0.504854368932039,1.18279569892473,0.0670731707317073,0.515151515151515,0.647058823529412,0.0,2.22222222222222,0.126016260162602,0.370967741935484,0.370967741935484,0.956521739130435,8.13620071684588,0.361233480176211,226,0.36283185840708
Jordan Hawkins,NOP,2.12687935460213,1.17345067840117,0.93870789618995,0.0,2.67693436010268,121.39689578714,0.849963045084996,1.10864745011086,22.1488815548222,8.21415474880821,0.433035714285714,12.1745507884122,0.331325301204819,2.93362669600293,4.47378071140447,2.64026402640264,11.001100110011,1.1001100110011,0.628865979381443,0.67032967032967,0.909090909090909,0.597122302158273,0.525,0.471223021582734,0.502525252525253,0.44004400440044,20.8907401473887,2.90815387447083,4.9150036954915,1.40428677014043,0.0652920962199312,3.17812269031781,0.125730994152047,0.916758342500917,0.366703337000367,0.014388489208633,0.476714338100477,0.0196671709531013,0.0169616519174041,0.0617760617760617,0.0200803212851405,2.42024202420242,5.79391272460579,1.46681334800147,0.953428676200953,3.59369270260359,0.843417675100843,0.0733406674000733,0.366703337000367,0.0733406674000733,0.33003300330033,0.0564102564102564,0.699640287769784,10.3241071428571,25.421686746988,2.09020902090209,0.102517985611511,0.56140350877193,0.53125,3.00696736340301,0.147482014388489,0.353658536585366,3.11697836450312,0.152877697841727,0.423529411764706,0.694444444444444,0.0,3.19031903190319,0.156474820143885,0.402298850574713,0.402298850574713,0.942857142857143,8.98423175650899,0.306122448979592,245,0.306122448979592
Tyrese Martin,BKN,2.82550591828942,2.02367315769378,1.46694608496857,0.0381825124093165,1.90912562046583,116.15969581749,0.342205323193916,1.29277566539924,19.9694539900725,6.98739977090493,0.491803278688525,10.7674684994273,0.353571428571429,1.75639557082856,3.58915616647575,3.28369606720122,10.6529209621993,0.687285223367698,0.522222222222222,0.55952380952381,0.939393939393939,0.606451612903226,0.533222462203024,0.512903225806452,0.530487804878049,0.458190148911798,18.6368126440566,4.17222328062488,6.12167300380228,2.62357414448669,0.131428571428571,3.07984790874525,0.140625,2.21458571974036,0.801832760595647,0.0340356564019448,1.33638793432608,0.0488826815642458,0.0420105026256564,0.146464646464646,0.0295358649789029,4.65826651393662,11.5311187476136,2.44368079419626,2.21458571974036,2.21458571974036,1.03092783505155,0.076365024818633,0.0381825124093165,0.0,0.0381825124093165,0.0570264765784114,0.776344086021505,6.30710382513661,25.568085106383,3.01641848033601,0.16989247311828,0.69620253164557,0.563636363636364,3.32187857961054,0.187096774193548,0.32183908045977,0.649102710958381,0.0365591397849462,0.411764705882353,0.571428571428571,0.0,3.51279114165712,0.197849462365591,0.391304347826087,0.391304347826087,0.944444444444444,7.25467735777014,0.331578947368421,188,0.335106382978723
Johnny Juzang,UTA,1.36157337367625,0.869894099848714,2.38681568478879,0.075642965204236,1.62632375189107,123.377609108159,0.303605313092979,1.48007590132827,21.5960665658094,6.089258698941,0.53416149068323,11.8759455370651,0.375796178343949,1.70196671709531,3.93343419062027,2.57186081694402,11.9137670196672,1.4750378214826,0.604651162790698,0.666666666666667,0.889830508474576,0.661052631578947,0.530238817204301,0.553684210526316,0.575604838709677,0.605143721633888,17.7926421404682,3.48550861905664,5.38899430740038,1.89753320683112,0.0932835820895522,2.8842504743833,0.116743471582181,1.58850226928896,0.264750378214826,0.0127504553734061,1.24810892586989,0.0466101694915254,0.0318217979315831,0.0566037735849056,0.0202702702702702,2.57186081694402,6.46747352496218,1.24810892586989,1.32375189107413,2.00453857791225,0.642965204236006,0.264750378214826,0.151285930408472,0.0,0.264750378214826,0.0429447852760736,0.772631578947368,7.90931677018634,25.0663461538462,2.00453857791225,0.111578947368421,0.660377358490566,0.714285714285714,2.9500756429652,0.164210526315789,0.474358974358974,1.13464447806354,0.0631578947368421,0.466666666666667,0.428571428571429,0.0333333333333333,4.76550680786687,0.265263157894737,0.396825396825397,0.40650406504065,0.92,7.11043872919819,0.361702127659575,188,0.361702127659575
Javonte Green,CLE,1.23504438440756,0.694712466229255,1.88497788036161,0.0,2.77884986491702,119.900306748466,1.18865030674847,2.49233128834356,13.3925125434195,5.67348514087225,0.523809523809524,5.44191431879583,0.326241134751773,2.1227325357005,3.78232342724817,2.16132767271324,5.32612890775762,0.0,0.636363636363636,0.710144927536232,1.0,0.489583333333333,0.591144444444445,0.506944444444444,0.54559748427673,0.617522192203782,11.7489090298758,4.19311406039623,6.09662576687117,2.41564417177914,0.109185441941075,2.91411042944785,0.121405750798722,2.27711308375145,0.733307603241992,0.0275362318840579,1.46661520648398,0.0636515912897822,0.0442890442890442,0.0909090909090909,0.0264150943396226,2.16132767271324,5.0945580856812,1.38942493245851,0.771902740254728,2.93323041296797,1.50521034349672,0.501736781165573,0.0385951370127364,0.0,0.115785411038209,0.126984126984127,0.840277777777778,3.49115646258503,24.5652482269504,3.89810883828638,0.350694444444444,0.633663366336634,0.65625,1.65959089154767,0.149305555555556,0.302325581395349,0.115785411038209,0.0104166666666666,0.0,0.0,0.0,2.70165959089155,0.243055555555556,0.314285714285714,0.314285714285714,1.0,2.74025472790428,0.338028169014085,71,0.338028169014085
Ben Sheppard,IND,0.864440078585462,0.432220039292731,2.44092950595587,0.0,1.37524557956778,115.760869565217,0.543478260869565,1.47515527950311,13.0451866404715,3.45776031434185,0.590909090909091,7.81925343811395,0.341708542713568,0.943025540275049,2.98624754420432,1.10019646365422,7.89783889980354,0.117878192534381,0.730769230769231,0.775510204081633,0.985294117647059,0.693379790940767,0.572565331010453,0.536585365853659,0.555369127516779,0.235756385068762,11.2399016508606,3.45635618043351,5.16304347826087,1.78571428571429,0.0787671232876712,2.87267080745342,0.131205673758865,1.72888015717092,0.864440078585462,0.0375426621160409,0.825147347740668,0.037037037037037,0.0372940156114484,0.0521327014218009,0.0486486486486486,3.33988212180747,7.66208251473477,2.35756385068762,0.982318271119843,1.06090373280943,0.392927308447937,0.117878192534381,0.0392927308447937,0.0,0.117878192534381,0.0372881355932203,0.902439024390244,4.31704545454545,24.4050251256281,2.35756385068762,0.209059233449477,0.683333333333333,0.731707317073171,0.903732809430255,0.0801393728222996,0.347826086956522,0.196463654223969,0.0174216027874564,0.6,0.666666666666667,0.2,4.63654223968566,0.411149825783972,0.338983050847458,0.338983050847458,1.0,3.18271119842829,0.345679012345679,81,0.345679012345679
Ja'Kobe Walter,TOR,2.20848056537103,1.32508833922262,2.09343323049802,0.0441696113074204,3.18021201413428,114.29199648197,0.439753737906772,1.89094107299912,19.8321554770318,9.14310954063604,0.454106280193237,8.21554770318021,0.353260869565217,2.91519434628975,5.21201413427562,3.09187279151944,8.21554770318021,0.397526501766784,0.627659574468085,0.662921348314607,0.953846153846154,0.473282442748092,0.554144373401535,0.487277353689567,0.523310023310023,0.441696113074205,18.3034008406572,3.52578228294403,4.4415127528584,2.06684256816183,0.0943775100401606,2.11081794195251,0.0944881889763779,2.60600706713781,1.36925795053004,0.0497592295345104,1.10424028268551,0.0497017892644135,0.0497335701598579,0.0985915492957746,0.0531914893617021,3.57773851590106,8.48056537102474,2.25265017667845,1.32508833922262,3.6660777385159,1.81095406360424,0.353356890459364,0.0883392226148409,0.0883392226148409,0.132508833922261,0.10093896713615,0.755725190839695,5.7231884057971,25.2145161290323,4.90282685512368,0.282442748091603,0.477477477477478,0.69811320754717,3.26855123674912,0.188295165394402,0.472972972972973,0.971731448763251,0.0559796437659033,0.272727272727273,0.333333333333333,0.0454545454545454,2.56183745583039,0.147582697201018,0.327586206896552,0.333333333333333,1.0,5.65371024734982,0.359375,126,0.365079365079365
DaQuan Jeffries,CHA,1.64088138771683,0.93764650726676,2.31633130556855,0.0,1.31270511017346,121.391872956562,1.16767865483419,1.21438580102756,14.7679324894515,5.95405532114393,0.496062992125984,7.68870135958744,0.337423312883436,1.12517580872011,4.3131739334271,1.59399906235349,7.45428973277075,0.281293952180028,0.73015873015873,0.779661016949153,0.963636363636364,0.563573883161512,0.553452867383513,0.5,0.516393442622951,0.375058602906704,13.9173147769136,3.15863359850257,4.57730032695002,1.96170014012144,0.0864197530864197,2.47547874824848,0.0954954954954954,1.73464603844351,0.609470229723394,0.0228471001757469,0.93764650726676,0.0408163265306122,0.0311614730878186,0.0621761658031088,0.0154639175257731,2.48476324425692,6.04781997187061,1.40646976090014,1.07829348335677,1.40646976090014,0.656352555086732,0.093764650726676,0.0,0.0,0.093764650726676,0.0462046204620462,0.81786941580756,5.2259842519685,24.9024539877301,3.46929207688701,0.254295532646048,0.527027027027027,0.846153846153846,1.9690576652602,0.144329896907216,0.428571428571429,0.515705578996718,0.0378006872852233,0.545454545454545,0.333333333333333,0.0909090909090909,3.7037037037037,0.271477663230241,0.392405063291139,0.392405063291139,1.0,3.98499765588373,0.282352941176471,84,0.285714285714286
Seth Curry,CHA,1.49602618045816,1.02851799906498,1.38302859821847,0.0,2.43104254324451,117.58345086977,0.329102021626704,1.26939351198872,20.7573632538569,7.52688172043011,0.503105590062112,8.50864890135577,0.456043956043956,1.54277699859748,4.48807854137447,3.08555399719495,9.81767180925666,1.82328190743338,0.592592592592593,0.615384615384615,0.843373493975904,0.530612244897959,0.500533185840708,0.599125364431487,0.619047619047619,0.280504908835905,15.6074014481094,2.6488513830286,4.18429713211095,1.64551010813352,0.0732217573221757,2.25669957686883,0.0897196261682242,1.12201963534362,0.37400654511454,0.0143112701252236,0.748013090229079,0.0293577981651376,0.0217391304347826,0.0561224489795918,0.0163934426229508,2.80504908835905,6.9658719027583,1.44927536231884,1.35577372604021,1.82328190743338,0.607760635811127,0.233754090696587,0.140252454417952,0.0467508181393174,0.18700327255727,0.0453257790368272,0.620991253644315,11.4919254658385,25.2624309392265,1.44927536231884,0.0903790087463556,0.774193548387097,0.291666666666667,2.47779336138382,0.154518950437318,0.320754716981132,3.59981299672744,0.224489795918367,0.519480519480519,0.725,0.0,2.71154745208041,0.169096209912536,0.551724137931035,0.551724137931035,0.90625,5.79710144927536,0.411290322580645,124,0.411290322580645
Cody Williams,UTA,1.99004975124378,1.3116236996834,2.14205186020293,0.0,1.40208050655812,121.043165467626,0.719424460431655,1.0341726618705,10.4025327905925,5.51786521935776,0.39344262295082,6.10583446404342,0.259259259259259,1.3116236996834,2.44233378561737,1.89959294436906,4.74898236092266,0.0,0.5625,0.6,1.0,0.525291828793774,0.521858467741936,0.391050583657588,0.418181818181818,0.271370420624152,12.6939912455233,2.54791431792559,3.86690647482014,1.70863309352518,0.0756972111553784,2.02338129496403,0.0797872340425532,1.22116689280868,0.633197648123021,0.0277227722772277,0.587969244685663,0.0234657039711191,0.0254957507082152,0.0909090909090909,0.032051282051282,2.66847580280416,6.73903211216644,1.26639529624604,1.40208050655812,1.80913613749435,0.904568068747173,0.180913613749435,0.0,0.0,0.0904568068747173,0.0732600732600732,0.665369649805447,7.11229508196721,24.5255639097744,1.62822252374491,0.140077821011673,0.5,0.666666666666667,3.3921302578019,0.291828793774319,0.373333333333333,0.497512437810945,0.0428015564202334,0.181818181818182,0.5,0.0,3.48258706467662,0.299610894941634,0.246753246753247,0.246753246753247,1.0,2.6232473993668,0.275862068965517,58,0.275862068965517
Isaac Okoro,CLE,1.07627515208236,0.374356574637342,2.41635687732342,0.0467945718296677,2.05896116050538,111.582833410245,0.738347946469774,1.47669589293955,15.769770706598,5.42817033224146,0.586206896551724,7.06598034627983,0.370860927152318,1.54422087037904,4.86663547028545,1.49742629854937,7.86148806738418,0.0,0.764705882352941,0.8,1.0,0.565543071161049,0.616315340909091,0.569288389513109,0.583044982698962,0.280767430978007,12.719836400818,3.02044609665428,3.7378864790032305,1.47669589293955,0.0591497227356746,2.1227503461006,0.0907297830374753,2.29293401965372,0.795507721104352,0.0382882882882882,1.40383715489003,0.0561797752808988,0.0480572597137014,0.0646766169154228,0.0337078651685393,3.18203088441741,7.72110435189518,1.82498830135704,1.35704258306037,2.15255030416472,0.84230229293402,0.0935891436593355,0.0467945718296677,0.0,0.233972859148339,0.0669014084507042,0.936329588014981,2.42931034482759,24.2686666666667,4.63266261113711,0.370786516853933,0.636363636363636,0.761904761904762,0.748713149274684,0.0599250936329588,0.3125,0.0467945718296677,0.0037453183520599,0.0,0.0,0.0,4.30510060832943,0.344569288389513,0.391304347826087,0.391304347826087,1.0,2.7608797379504,0.338983050847458,59,0.338983050847458
Jared Butler,PHI,3.6680421824851,2.88858321870702,2.22222222222222,0.0458505272810637,3.39293901879872,116.895604395604,0.54945054945055,1.92307692307692,24.8051352590555,13.0215497478221,0.503521126760563,7.74873911049977,0.355029585798817,3.43878954607978,3.39293901879872,9.72031178358551,6.46492434662999,1.78817056396149,0.258741258741259,0.266187050359712,0.783333333333333,0.373068432671082,0.519878,0.514348785871965,0.550102249488753,0.36680421824851,22.866344605475,2.52004581901489,3.89194139194139,1.64835164835165,0.0701754385964912,2.10622710622711,0.0881226053639846,1.14626318202659,0.779458963778083,0.0315985130111524,0.36680421824851,0.0154440154440154,0.0236742424242424,0.0861244019138756,0.0253807106598984,10.087116001834,23.3837689133425,6.87757909215956,3.20953690967446,4.1723979825768,1.97157267308574,0.73360843649702,0.0,0.0,0.412654745529574,0.0895833333333333,0.609271523178808,6.63450704225352,26.1863905325444,4.90600641907382,0.236203090507726,0.672897196261682,0.291666666666667,6.78587803759743,0.326710816777042,0.391891891891892,1.32966529115085,0.0640176600441501,0.448275862068966,0.230769230769231,0.103448275862069,1.74232003668042,0.0838852097130242,0.447368421052632,0.447368421052632,0.941176470588235,6.00641907381935,0.32824427480916,131,0.32824427480916
Alex Caruso,OKC,1.70742962621135,1.19981541301338,2.3600185099491,0.0,2.86109829257037,106.171693735499,1.39211136890951,4.03712296983759,17.6280572219659,6.64513151822797,0.555555555555556,7.84494693124135,0.352941176470588,1.93816335948316,5.0761421319797,2.30733733271804,7.75265343793263,0.55376095985233,0.6875,0.723684210526316,0.933333333333333,0.54140127388535,0.586372385620915,0.54140127388535,0.570149253731343,0.369173973234887,15.2459016393443,3.6788523831559505,5.61484918793504,2.18097447795824,0.091796875,2.87703016241299,0.11969111969112,1.75357637286571,0.969081679741578,0.0402298850574712,0.692201199815413,0.031055900621118,0.035820895522388,0.0612244897959183,0.0402010050251256,6.32210429164744,15.5053068758653,3.46100599907707,2.86109829257037,2.3534840793724,1.2921089063221,0.415320719889248,0.0,0.0,0.0922934933087217,0.084084084084084,0.888535031847134,3.85,24.8485207100592,5.02999538532534,0.347133757961783,0.642201834862385,0.714285714285714,1.24596215966774,0.0859872611464968,0.296296296296296,0.369173973234887,0.0254777070063694,0.25,1.0,0.0,2.81495154591601,0.194267515923567,0.409836065573771,0.416666666666667,0.92,5.02999538532534,0.321100917431193,109,0.321100917431193
Brandon Boston,NOP,2.58577821979115,1.6907011437096,1.81096502108658,0.0497265042267528,3.33167578319244,117.772277227723,0.445544554455446,2.62376237623762,22.2774738935853,11.9840875186474,0.485477178423237,6.9617105917454,0.35,3.33167578319244,5.86772749875684,5.76827449030333,6.26553953257086,1.04425658876181,0.504273504273504,0.508620689655172,0.857142857142857,0.36745406824147,0.537209711286089,0.5,0.529620853080569,0.0994530084535057,20.4231433506045,3.32423716199454,5.24752475247525,1.43564356435644,0.0677570093457943,3.66336633663366,0.151639344262295,1.39234211834908,0.795624067628046,0.0297397769516728,0.596718050721034,0.0257510729613733,0.0278884462151394,0.0452261306532663,0.0357142857142857,4.57483838886126,11.4370959721532,2.28741919443063,2.28741919443063,4.22675285927399,1.93933366484336,0.149179512680259,0.0,0.0,0.248632521133764,0.0935251798561151,0.635170603674541,8.80414937759336,25.4378571428571,5.07210343112879,0.267716535433071,0.627450980392157,0.609375,3.13276976628543,0.165354330708661,0.285714285714286,3.77921432123322,0.199475065616798,0.460526315789474,0.314285714285714,0.0921052631578947,1.59124813525609,0.0839895013123359,0.3125,0.3125,0.9,5.37046245648931,0.361111111111111,108,0.361111111111111
Dalen Terry,CHI,2.5011798017933,1.41576215195847,2.68109125117592,0.0,2.5955639452572,114.767932489451,0.70323488045007,2.01593999062354,15.3846153846154,7.73949976403964,0.50609756097561,4.9079754601227,0.355769230769231,2.3124115148655,4.7192071731949,3.11467673430864,5.23831996224634,0.0,0.602409638554217,0.649350649350649,1.0,0.388059701492537,0.586959888059702,0.516791044776119,0.545150501672241,0.566304860783388,14.6605581007913,2.93979303857009,4.07876230661041,2.15658696671355,0.0921843687374749,1.78152836380684,0.0780287474332648,1.79329872581406,0.707881075979235,0.0309278350515463,1.03822557810288,0.0388007054673721,0.0351711026615969,0.08,0.052863436123348,4.57763095799906,11.090136857008,2.64275601698915,1.93487494100991,3.25625294950448,1.46295422369042,0.235960358659745,0.0,0.0,0.235960358659745,0.105442176870748,0.824626865671642,3.49146341463415,24.7336538461539,5.52147239263804,0.436567164179104,0.581196581196581,0.544117647058824,1.98206701274186,0.156716417910448,0.333333333333333,0.235960358659745,0.0186567164179104,0.2,0.0,0.0,2.2180273714016,0.175373134328358,0.361702127659575,0.361702127659575,1.0,2.68994808872109,0.350877192982456,57,0.350877192982456
Andre Jackson Jr.,MIL,2.87698412698413,1.48809523809524,2.81899109792285,0.0,1.33928571428571,114.595660749507,0.690335305719921,1.67652859960552,11.4087301587302,6.00198412698413,0.528925619834711,3.76984126984127,0.394736842105263,0.595238095238095,4.16666666666667,2.18253968253968,4.31547619047619,0.148809523809524,0.65625,0.75,0.966666666666667,0.385786802030457,0.600337244897959,0.553299492385787,0.552884615384615,0.793650793650794,11.8380062305296,4.50049455984174,5.76923076923077,2.36686390532544,0.096579476861167,3.10650887573965,0.13125,3.22420634920635,1.63690476190476,0.0751708428246013,1.53769841269841,0.0648535564853556,0.0697928026172301,0.11,0.0864197530864197,4.11706349206349,10.4662698412698,1.88492063492063,2.23214285714286,1.19047619047619,0.64484126984127,0.0992063492063492,0.0,0.0,0.0,0.0625,0.781725888324873,4.39834710743802,24.7342105263158,3.86904761904762,0.395939086294416,0.653846153846154,0.627450980392157,1.78571428571429,0.182741116751269,0.277777777777778,0.347222222222222,0.0355329949238578,0.428571428571429,1.0,0.0,2.13293650793651,0.218274111675127,0.372093023255814,0.372093023255814,1.0,1.63690476190476,0.424242424242424,33,0.424242424242424
Jordan Clarkson,UTA,4.28927680798005,2.64339152119701,1.29385419258522,0.0498753117206982,5.48628428927681,119.463753723932,0.446871896722939,1.53922542204568,29.925187032419,13.0174563591022,0.448275862068966,11.5211970074813,0.371681415929204,5.6857855361596,3.29177057356609,8.37905236907731,8.6783042394015,3.89027431421446,0.282051282051282,0.292035398230089,0.690476190476191,0.469512195121951,0.494637166324435,0.49390243902439,0.541666666666667,0.399002493765586,27.6642018268813,2.93605374471262,4.61767626613704,1.83714001986097,0.0878859857482185,2.53227408142999,0.1,1.24688279301746,0.748129675810474,0.0338600451467268,0.498753117206983,0.0205338809034907,0.0268817204301075,0.089430894308943,0.0236220472440944,6.88279301745636,16.6084788029925,4.03990024937656,2.8428927680798,7.13216957605985,2.39401496259352,0.648379052369077,0.498753117206983,0.0498753117206982,0.798004987531172,0.108208955223881,0.58739837398374,7.9816091954023,26.365367965368,2.8927680798005,0.117886178861789,0.586206896551724,0.235294117647059,8.77805486284289,0.357723577235772,0.409090909090909,1.34663341645885,0.0548780487804878,0.407407407407407,0.454545454545455,0.074074074074074,1.29675810473816,0.0528455284552845,0.461538461538462,0.461538461538462,1.0,10.2244389027431,0.351219512195122,200,0.36
Gary Payton II,GSW,2.08333333333333,0.854700854700855,2.84584980237154,0.106837606837607,1.92307692307692,113.520540821633,0.884035361414457,2.70410816432657,21.2606837606838,10.7905982905983,0.688118811881188,5.07478632478632,0.326315789473684,1.44230769230769,12.2863247863248,2.56410256410256,4.80769230769231,0.16025641025641,0.827338129496403,0.92741935483871,0.967741935483871,0.31986531986532,0.568985423728814,0.624579124579125,0.639871382636656,1.6025641025641,16.3551401869159,4.87483530961792,6.86427457098284,2.70410816432657,0.109014675052411,3.79615184607384,0.174224343675418,2.83119658119658,1.44230769230769,0.0716180371352785,1.22863247863248,0.0484210526315789,0.0586854460093896,0.136363636363636,0.0794701986754966,4.43376068376068,11.0042735042735,2.29700854700855,2.13675213675214,2.02991452991453,1.01495726495727,0.534188034188034,0.0,0.0,0.267094017094017,0.0620915032679738,0.787878787878788,3.34207920792079,24.5642105263158,7.42521367521368,0.468013468013468,0.798561151079137,0.810810810810811,3.31196581196581,0.208754208754209,0.451612903225806,0.0534188034188034,0.0033670033670033,0.0,0.0,0.0,2.88461538461538,0.181818181818182,0.407407407407407,0.407407407407407,0.954545454545455,2.19017094017094,0.219512195121951,41,0.219512195121951
Jaden Hardy,DAL,4.31351920042083,2.57759074171489,2.37592397043295,0.157811678064177,3.57706470278801,114.997350291468,0.264970853206147,1.48383677795443,26.0915307732772,11.4150447133088,0.47926267281106,10.3629668595476,0.387755102040816,3.15623356128354,3.78748027354024,7.15412940557601,9.94213571804314,2.0515518148343,0.346153846153846,0.346153846153846,0.828947368421053,0.475845410628019,0.523384653465347,0.526570048309179,0.54635761589404,0.0,25.1294117647059,2.34952481520591,4.23953365129836,1.90779014308426,0.0791208791208791,2.17276099629041,0.0973871733966745,0.47343503419253,0.263019463440295,0.0108932461873638,0.210415570752236,0.0109890109890109,0.0109356014580801,0.105555555555556,0.0064935064935064,4.26091530773277,9.88953182535508,2.89321409784324,1.36770120988953,4.52393477117307,1.99894792214624,0.368227248816412,0.0,0.0,0.420831141504471,0.0853932584269663,0.664251207729469,7.84562211981567,25.3664974619289,4.1031036296686,0.188405797101449,0.564102564102564,0.454545454545455,5.31299316149395,0.243961352657005,0.475247524752475,1.99894792214624,0.0917874396135265,0.315789473684211,0.0833333333333333,0.0,2.57759074171489,0.118357487922705,0.387755102040816,0.387755102040816,1.0,7.78537611783272,0.385135135135135,147,0.387755102040816
Jaden Ivey,DET,4.89818381948266,3.02696752889378,1.84674751929438,0.165107319757843,5.22839845899835,117.448923246825,0.607399226946438,1.54610712313639,29.0588882773803,14.2542652724271,0.49034749034749,8.47550908090259,0.417218543046358,4.67804072647221,5.94386351128233,8.03522289488167,7.7600440286186,2.64171711612548,0.425196850393701,0.453781512605042,0.746031746031746,0.372881355932203,0.532394485294118,0.536319612590799,0.567741935483871,0.880572372041827,26.49450023912,3.41786108048512,4.63832136940917,2.04307012700166,0.0850574712643678,2.59525124240751,0.112709832134293,2.20143093010457,0.935608145294441,0.0379464285714285,1.21078701155751,0.054054054054054,0.0456140350877193,0.1,0.0264900662251655,6.54925701706109,16.1805173362686,3.46725371491469,3.0820033021464,6.38414969730325,3.02696752889378,0.605393505778756,0.0550357732526142,0.0550357732526142,0.440286186020914,0.12253829321663,0.682808716707022,6.07644787644788,26.5519480519481,7.04457897633462,0.309927360774818,0.6015625,0.441558441558442,5.77875619152449,0.254237288135593,0.390476190476191,1.43093010456797,0.0629539951573849,0.346153846153846,0.444444444444444,0.0,1.81618051733627,0.0799031476997578,0.363636363636364,0.375,0.916666666666667,6.65932856356632,0.421487603305785,118,0.432203389830509
Alec Burks,MIA,1.68800931315483,1.0477299185099,1.07683352735739,0.0,2.50291036088475,110.302677532014,0.407450523864959,1.62980209545984,20.7217694994179,3.72526193247963,0.421875,12.0488940628638,0.427184466019417,2.21187427240978,1.74621653084983,1.39697322467986,14.6682188591385,0.69848661233993,0.555555555555556,0.6,0.954545454545455,0.763837638376384,0.548207442748092,0.586715867158672,0.60958904109589,0.232828870779977,16.4943123061013,3.60884749708964,6.34458672875437,2.27008149010477,0.0982367758186398,3.78346915017462,0.145089285714286,0.873108265424913,0.174621653084983,0.0071770334928229,0.69848661233993,0.0307692307692307,0.0185643564356435,0.096551724137931,0.0,3.20139697322468,7.27590221187427,2.32828870779977,0.873108265424913,2.85215366705472,0.69848661233993,0.174621653084983,0.349243306169965,0.0582072176949941,0.407450523864959,0.0631578947368421,0.833948339483395,8.2765625,24.6521951219512,1.10593713620489,0.070110701107011,0.421052631578947,0.5,1.86263096623981,0.118081180811808,0.4375,0.756693830034924,0.047970479704797,0.384615384615385,0.4,0.0,5.82072176949942,0.3690036900369,0.4,0.412371134020619,0.975,6.22817229336438,0.448598130841122,106,0.452830188679245
Shake Milton,LAL,2.38805970149254,1.49253731343284,1.99761478831246,0.0597014925373134,3.82089552238806,115.902322811197,0.238237045860631,1.48898153662895,18.8059701492537,8.83582089552239,0.52027027027027,6.32835820895522,0.361904761904762,2.80597014925373,3.34328358208955,5.85074626865672,6.80597014925373,0.0,0.363636363636364,0.411764705882353,1.0,0.417322834645669,0.52022371541502,0.52755905511811,0.564516129032258,1.07462686567164,16.7630057803468,3.10077519379845,4.34782608695652,2.08457415128052,0.0923482849604221,2.20369267421084,0.0973684210526315,1.85074626865672,0.895522388059702,0.0382653061224489,0.895522388059702,0.0369458128078817,0.037593984962406,0.073170731707317,0.0340136054421768,6.08955223880597,15.1044776119403,3.16417910447761,2.92537313432836,3.52238805970149,1.73134328358209,0.477611940298507,0.0597014925373134,0.0597014925373134,0.238805970149254,0.109090909090909,0.62992125984252,6.72162162162162,25.5198113207547,3.22388059701493,0.21259842519685,0.611111111111111,0.363636363636364,5.07462686567164,0.334645669291339,0.458823529411765,0.537313432835821,0.0354330708661417,0.555555555555556,0.0,0.0,2.14925373134328,0.141732283464567,0.333333333333333,0.363636363636364,1.0,4.17910447761194,0.371428571428571,69,0.376811594202899
Garrison Mathews,ATL,1.74746335963923,0.958286358511838,2.28426395939086,0.0,3.8331454340473505,114.446952595937,0.846501128668172,1.46726862302483,19.8985343855693,2.19842164599775,0.435897435897436,12.2886133032694,0.389908256880734,3.6076662908681,1.57835400225479,0.338218714768884,14.0360766629087,0.338218714768884,0.823529411764706,0.823529411764706,0.976470588235294,0.848249027237354,0.552473031496063,0.562256809338521,0.613240418118467,0.0,15.9056698444556,2.45346869712352,4.17607223476298,1.86230248306998,0.079326923076923,2.08803611738149,0.0911330049261083,0.732807215332582,0.112739571589628,0.0053050397877984,0.620067643742954,0.0248306997742663,0.0158536585365853,0.0705882352941176,0.0,3.38218714768884,7.7790304396843295,2.36753100338219,1.01465614430665,4.39684329199549,1.18376550169109,0.169109357384442,0.676437429537768,0.225479143179256,0.225479143179256,0.113475177304965,0.894941634241245,7.79230769230769,24.9720183486239,0.676437429537768,0.046692607003891,0.5,0.666666666666667,1.12739571589628,0.0778210116731517,0.45,0.394588500563698,0.0272373540856031,0.285714285714286,1.0,0.0,3.88951521984216,0.268482490272374,0.579710144927536,0.579710144927536,1.0,8.39909808342728,0.302013422818792,149,0.302013422818792
Pelle Larsson,MIA,1.55038759689923,1.03359173126615,2.90549169859515,0.0,3.55297157622739,111.237373737374,0.441919191919192,2.02020202020202,16.2144702842377,6.97674418604651,0.527777777777778,6.13695090439277,0.336842105263158,2.64857881136951,5.81395348837209,1.55038759689923,6.0077519379845,0.193798449612403,0.789473684210526,0.865384615384615,0.96875,0.467980295566502,0.591605778894472,0.517241379310345,0.548034934497817,0.645994832041344,14.573732718894,2.93742017879949,4.04040404040404,1.83080808080808,0.0816901408450704,2.02020202020202,0.0839895013123359,1.80878552971576,0.839793281653747,0.03475935828877,0.839793281653747,0.036827195467422,0.0357634112792297,0.0517241379310344,0.0277777777777777,4.19896640826873,10.594315245478,2.00258397932817,2.19638242894057,3.9405684754522,1.61498708010336,0.452196382428941,0.129198966408269,0.0,0.387596899224806,0.121076233183857,0.852216748768473,3.10925925925926,24.8536842105263,5.03875968992248,0.38423645320197,0.602564102564103,0.829787234042553,1.80878552971576,0.137931034482759,0.357142857142857,0.129198966408269,0.0098522167487684,0.0,0.0,0.0,2.0671834625323,0.157635467980296,0.375,0.375,1.0,4.06976744186047,0.317460317460317,63,0.317460317460317
Cam Thomas,BKN,4.03645833333333,2.60416666666667,1.43556280587276,0.0651041666666666,7.48697916666667,123.479398299542,0.13080444735121,0.981033355134074,38.99739583333329,16.8619791666667,0.505791505791506,12.6953125,0.350515463917526,8.65885416666667,8.07291666666667,8.984375,7.2265625,6.0546875,0.473282442748092,0.473282442748092,0.544117647058824,0.429515418502203,0.505723068432671,0.513215859030837,0.577369439071567,0.0,33.6627906976744,2.70799347471452,4.44735120994114,1.76586003924133,0.075208913649025,2.55068672334859,0.109859154929577,0.9765625,0.716145833333333,0.0338461538461538,0.260416666666667,0.0102564102564102,0.0209790209790209,0.0476190476190476,0.0151515151515151,6.18489583333333,14.7786458333333,3.7760416666666705,2.40885416666667,9.83072916666667,4.16666666666667,0.9765625,0.455729166666667,0.0651041666666666,0.520833333333333,0.139489194499018,0.60352422907489,8.96409266409266,26.0676923076923,5.14322916666667,0.174008810572687,0.582278481012658,0.478260869565217,7.68229166666667,0.259911894273128,0.457627118644068,4.03645833333333,0.136563876651982,0.5,0.483870967741936,0.032258064516129,1.5625,0.052863436123348,0.25,0.25,0.833333333333333,11.1328125,0.362573099415205,170,0.364705882352941
Lindy Waters III,DET,1.27713920817369,0.574712643678161,1.97578075207138,0.0638569604086845,1.08556832694764,113.295165394402,0.699745547073791,1.7175572519084,16.3473818646232,4.02298850574713,0.444444444444444,11.8773946360153,0.344086021505376,0.510855683269476,2.55427841634738,1.02171136653895,11.4942528735632,0.766283524904215,0.714285714285714,0.714285714285714,0.9375,0.746987951807229,0.535298987854251,0.497991967871486,0.503952569169961,0.0,14.9835345773875,3.50541746335245,5.72519083969466,2.29007633587786,0.101123595505618,2.735368956743,0.118131868131868,1.27713920817369,0.383141762452107,0.0159574468085106,0.830140485312899,0.0297482837528604,0.023370233702337,0.103448275862069,0.017391304347826,3.3205619412516,8.23754789272031,1.72413793103448,1.59642401021711,0.70242656449553,0.191570881226054,0.0638569604086845,0.0638569604086845,0.0,0.0638569604086845,0.0158730158730158,0.831325301204819,8.48253968253968,25.4629032258065,1.34099616858238,0.0843373493975903,0.571428571428571,0.75,1.78799489144317,0.112449799196787,0.357142857142857,0.893997445721584,0.0562248995983935,0.428571428571429,0.833333333333333,0.0714285714285714,3.7037037037037,0.232931726907631,0.327586206896552,0.327586206896552,0.947368421052632,8.17369093231162,0.3515625,128,0.3515625
Eric Gordon,PHI,1.80064308681672,0.771704180064309,1.03092783505155,0.128617363344051,2.12218649517685,119.367333763719,0.774693350548741,1.67850225952227,17.1061093247588,4.30868167202572,0.462686567164179,8.81028938906752,0.414814814814815,2.31511254019293,2.82958199356913,1.15755627009646,10.2250803858521,0.578778135048232,0.709677419354839,0.758620689655172,0.946428571428571,0.67156862745098,0.539572772277228,0.563725490196078,0.586666666666667,0.257234726688103,14.4827586206897,1.4819587628866,2.45319561007101,1.09748224661072,0.0501474926253687,1.09748224661072,0.0516717325227963,0.514469453376206,0.257234726688103,0.0117302052785923,0.257234726688103,0.0113960113960113,0.0115606936416184,0.0289855072463768,0.02,4.18006430868167,10.1607717041801,2.37942122186495,1.80064308681672,3.08681672025723,1.15755627009646,0.192926045016077,0.128617363344051,0.0,0.257234726688103,0.090497737556561,0.857843137254902,4.71492537313433,27.2686131386861,2.44372990353698,0.186274509803922,0.552631578947369,0.666666666666667,1.60771704180064,0.122549019607843,0.32,0.257234726688103,0.0196078431372549,0.5,1.0,0.0,1.22186495176849,0.0931372549019607,0.526315789473684,0.526315789473684,1.0,7.58842443729904,0.389830508474576,116,0.396551724137931
Landry Shamet,NYK,1.43415906127771,0.847457627118644,1.69436298468557,0.0,2.34680573663625,109.381107491857,0.130293159609121,1.49837133550489,18.6440677966102,4.82398956975228,0.594594594594595,10.1694915254237,0.4,0.782268578878748,4.69361147327249,1.04302477183833,11.1473272490222,0.977835723598436,0.818181818181818,0.818181818181818,0.919354838709677,0.678260869565217,0.544898198198198,0.595652173913044,0.60337552742616,0.0,14.9021864211738,1.98761811665037,3.25732899022801,1.10749185667752,0.0433673469387755,1.88925081433225,0.0873493975903614,0.717079530638853,0.195567144719687,0.0078740157480314,0.521512385919166,0.0242424242424242,0.0154711673699015,0.0596026490066225,0.0136054421768707,1.76010430247718,4.10691003911343,1.17340286831812,0.586701434159061,1.17340286831812,0.521512385919166,0.195567144719687,0.0651890482398957,0.0,0.0651890482398957,0.0381355932203389,0.830434782608696,7.20540540540541,25.0166666666667,2.28161668839635,0.152173913043478,0.685714285714286,0.875,1.89048239895698,0.126086956521739,0.551724137931035,0.651890482398957,0.0434782608695652,0.4,1.0,0.0,4.10691003911343,0.273913043478261,0.46031746031746,0.475409836065574,1.0,6.0625814863103,0.354838709677419,92,0.358695652173913
Talen Horton-Tucker,CHI,2.57731958762887,1.4819587628866,1.88558644934484,0.322164948453608,4.31701030927835,112.365250475587,0.697526949904883,1.33164235890932,24.4201030927835,10.889175257732,0.544378698224852,7.86082474226804,0.336065573770492,4.63917525773196,4.12371134020619,7.7319587628866,6.95876288659794,0.966494845360825,0.347826086956522,0.363636363636364,0.878048780487805,0.419243986254296,0.592659621993127,0.527491408934708,0.564179104477612,0.515463917525773,21.5889464594128,3.19590923617769,5.13633481293596,2.21940393151554,0.0921052631578947,2.5998731769182,0.101736972704715,1.22422680412371,0.579896907216495,0.028125,0.579896907216495,0.0230179028132992,0.0253164556962025,0.0903225806451612,0.031413612565445,5.3479381443299,13.2731958762887,2.77061855670103,2.57731958762887,6.31443298969072,2.9639175257732,0.515463917525773,0.0,0.0,0.38659793814433,0.139817629179331,0.859106529209622,3.24023668639053,25.6565573770492,8.24742268041237,0.439862542955326,0.5703125,0.356164383561644,2.51288659793814,0.134020618556701,0.487179487179487,0.128865979381443,0.0068728522336769,0.0,0.0,0.0,1.73969072164948,0.0927835051546391,0.407407407407407,0.407407407407407,0.909090909090909,6.12113402061856,0.315789473684211,95,0.315789473684211
Gary Harris,ORL,1.18881118881119,0.629370629370629,1.57232704402516,0.0,0.48951048951049,107.122905027933,0.837988826815643,1.81564245810056,10.1398601398601,2.23776223776224,0.46875,7.06293706293706,0.356435643564356,0.48951048951049,1.25874125874126,0.839160839160839,7.342657342657341,0.20979020979021,0.6,0.6,0.972222222222222,0.759398496240602,0.546175581395349,0.518796992481203,0.52536231884058,0.0,9.38824954572986,2.23619846261356,3.07262569832402,1.39664804469274,0.0573065902578796,1.53631284916201,0.074074074074074,1.3986013986014,0.699300699300699,0.0280898876404494,0.55944055944056,0.024024024024024,0.0261248185776487,0.036036036036036,0.008,2.0979020979021,5.31468531468532,0.979020979020979,1.11888111888112,0.839160839160839,0.0699300699300699,0.0,0.13986013986014,0.0,0.13986013986014,0.0148148148148148,0.857142857142857,7.028125,24.9554455445545,0.909090909090909,0.0977443609022556,0.615384615384615,0.625,1.04895104895105,0.112781954887218,0.333333333333333,0.27972027972028,0.0300751879699248,0.5,0.5,0.0,3.00699300699301,0.323308270676692,0.372093023255814,0.372093023255814,0.9375,4.05594405594406,0.344827586206897,58,0.344827586206897
Blake Wesley,SAS,3.83250532292406,2.8388928317956,1.6260162601626,0.0,3.97444996451384,112.605633802817,0.422535211267606,2.6056338028169,15.4009936124911,9.08445706174592,0.5,4.11639460610362,0.293103448275862,2.69694819020582,5.96167494677076,3.12278211497516,3.40667139815472,0.21291696238467,0.65625,0.666666666666667,0.941176470588235,0.311827956989247,0.596875977653631,0.481182795698925,0.504651162790698,0.14194464158978,16.9182389937107,2.15623895369389,3.09859154929577,1.40845070422535,0.0649350649350649,1.61971830985916,0.065340909090909,1.20652945351313,0.78069552874379,0.0367892976588628,0.42583392476934,0.0182926829268292,0.0271132376395534,0.0454545454545454,0.065040650406504,8.09084457061746,19.9432221433641,4.32931156848829,3.7615330021291697,4.32931156848829,2.1291696238467,0.21291696238467,0.0,0.0,0.14194464158978,0.140845070422535,0.795698924731183,4.43828125,24.759649122807,6.3875088715401,0.483870967741936,0.6,0.685185185185185,1.84528034066714,0.139784946236559,0.307692307692308,0.85166784953868,0.064516129032258,0.166666666666667,0.5,0.0,1.4194464158978,0.10752688172043,0.35,0.35,1.0,2.69694819020582,0.263157894736842,38,0.263157894736842
Jalen Pickett,DEN,1.78571428571429,1.11607142857143,1.41158989598811,0.0,0.595238095238095,111.646884272997,0.370919881305638,1.40949554896142,14.8809523809524,5.87797619047619,0.468354430379747,7.51488095238095,0.4,0.446428571428571,2.38095238095238,3.125,6.47321428571429,2.45535714285714,0.432432432432432,0.444444444444444,0.725,0.561111111111111,0.508526966292135,0.538888888888889,0.546448087431694,0.148809523809524,13.5205747877204,2.63744427934621,4.15430267062315,2.00296735905045,0.083076923076923,1.92878338278932,0.0760233918128654,1.11607142857143,0.297619047619048,0.0135593220338983,0.818452380952381,0.0350318471337579,0.0246305418719211,0.0681818181818181,0.0208333333333333,7.96130952380952,18.75,5.13392857142857,2.82738095238095,0.595238095238095,0.297619047619048,0.148809523809524,0.0,0.0,0.0744047619047619,0.0219780219780219,0.672222222222222,10.3101265822785,25.4653465346535,1.48809523809524,0.111111111111111,0.7,0.571428571428571,2.45535714285714,0.183333333333333,0.454545454545455,1.93452380952381,0.144444444444444,0.307692307692308,0.375,0.0,2.82738095238095,0.211111111111111,0.447368421052632,0.447368421052632,1.0,4.6875,0.365079365079365,62,0.370967741935484
Antonio Reeves,NOP,2.18978102189781,1.38686131386861,1.46412884333821,0.0,1.60583941605839,120.190895741557,0.293685756240822,1.54185022026432,22.2627737226277,8.68613138686131,0.521008403361345,9.41605839416059,0.3984375,2.04379562043796,6.56934306569343,2.48175182481752,9.63503649635037,1.53284671532847,0.725806451612903,0.803571428571429,0.862745098039216,0.520161290322581,0.534508704453441,0.558467741935484,0.57824427480916,0.875912408759124,18.6581469648562,2.30600292825769,3.30396475770925,1.10132158590308,0.0588235294117647,2.12922173274596,0.0855457227138643,1.31386861313869,0.72992700729927,0.0282485875706214,0.583941605839416,0.0273037542662116,0.0278207109737248,0.0619469026548672,0.05,2.84671532846715,7.00729927007299,1.53284671532847,1.31386861313869,2.55474452554745,1.24087591240876,0.364963503649635,0.0,0.0,0.145985401459854,0.0653846153846153,0.741935483870968,6.6546218487395,25.3201550387597,4.01459854014599,0.221774193548387,0.581818181818182,0.625,3.7956204379562,0.209677419354839,0.519230769230769,0.875912408759124,0.0483870967741935,0.25,0.666666666666667,0.0,3.43065693430657,0.189516129032258,0.340425531914894,0.347826086956522,1.0,5.98540145985402,0.426829268292683,81,0.432098765432099
AJ Johnson,WAS,2.66565118050267,1.75171363290175,1.90258751902588,0.0,2.05635948210206,117.794676806084,0.228136882129278,0.91254752851711,16.7555217060168,9.36785986290937,0.471544715447155,6.85453160700685,0.272727272727273,2.43716679360244,4.72201066260472,4.11271896420411,3.65575019040366,1.82787509520183,0.53448275862069,0.53448275862069,0.666666666666667,0.422535211267606,0.551667464114833,0.44131455399061,0.478260869565217,0.0,17.8933153274814,2.24505327245053,3.87832699619772,1.74904942965779,0.0749185667752443,2.12927756653992,0.0818713450292397,0.609291698400609,0.304645849200305,0.0127388535031847,0.304645849200305,0.0118343195266272,0.0122699386503067,0.0825688073394495,0.016260162601626,5.78827113480579,14.4706778370145,2.89413556740289,2.89413556740289,2.81797410510282,1.37090632140137,0.228484386900229,0.0,0.0,0.152322924600152,0.0789473684210526,0.788732394366197,3.82682926829268,27.5411111111111,5.94059405940594,0.366197183098592,0.576923076923077,0.577777777777778,3.35110434120335,0.206572769953052,0.295454545454545,0.0761614623000761,0.0046948356807511,0.0,0.0,0.0,0.913937547600914,0.056338028169014,0.416666666666667,0.416666666666667,1.0,5.94059405940594,0.243589743589744,76,0.25
Josh Okogie,CHA,2.50201775625504,1.45278450363196,1.88527878058564,0.161420500403551,5.48829701372074,112.280701754386,1.43540669856459,3.82775119617225,22.8410008071025,9.68523002421308,0.516666666666667,7.42534301856336,0.347826086956522,5.08474576271186,6.2953995157385,3.71267150928168,7.74818401937046,0.0,0.629032258064516,0.735849056603774,1.0,0.433962264150943,0.563824285714286,0.518867924528302,0.566,1.45278450363196,19.2071086807929,4.53269153630165,5.42264752791069,1.35566188197767,0.062730627306273,3.42902711323764,0.136942675159236,3.6319612590799,0.887812752219532,0.0338461538461538,2.42130750605327,0.0983606557377049,0.065079365079365,0.0571428571428571,0.0353982300884955,2.6634382566586,6.6182405165456,1.37207425343019,1.29136400322841,6.86037126715093,3.6319612590799,0.726392251815981,0.0,0.0,0.161420500403551,0.181451612903226,0.778301886792453,4.10166666666667,24.7065217391304,5.89184826472962,0.344339622641509,0.657534246575342,0.541666666666667,3.47054075867635,0.202830188679245,0.302325581395349,0.322841000807103,0.0188679245283018,0.25,1.0,0.25,3.9548022598870096,0.231132075471698,0.387755102040816,0.395833333333333,1.0,3.47054075867635,0.302325581395349,43,0.302325581395349
Pat Connaughton,MIL,1.9672131147541,1.31147540983607,1.85873605947955,0.081967213114754,2.54098360655738,118.151540383014,0.915903413821815,0.749375520399667,17.7049180327869,7.86885245901639,0.59375,6.63934426229508,0.320987654320988,1.9672131147541,6.55737704918033,2.78688524590164,5.65573770491803,0.737704918032787,0.701754385964912,0.754716981132076,0.884615384615385,0.457627118644068,0.576431142857143,0.542372881355932,0.565445026178011,0.655737704918033,15.7584683357879,4.50227178851714,7.49375520399667,3.58034970857619,0.142384105960265,3.49708576186511,0.139072847682119,1.55737704918033,0.901639344262295,0.0398550724637681,0.573770491803279,0.0269230769230769,0.0335820895522388,0.138211382113821,0.0303030303030303,5.73770491803279,14.016393442623,3.19672131147541,2.54098360655738,2.54098360655738,0.983606557377049,0.245901639344262,0.081967213114754,0.0,0.327868852459016,0.064516129032258,0.84180790960452,3.584375,25.7456790123457,5.57377049180328,0.384180790960452,0.632352941176471,0.744186046511628,2.04918032786885,0.141242937853107,0.52,0.245901639344262,0.0169491525423728,0.333333333333333,0.0,0.0,1.63934426229508,0.112994350282486,0.2,0.210526315789474,1.0,5.0,0.360655737704918,61,0.360655737704918
Ajay Mitchell,OKC,2.37121831561733,1.30825838103025,2.79260780287474,0.163532297628782,4.4971381847915,103.300330033003,0.33003300330033,2.06270627062706,19.1332788225675,10.1390024529845,0.548387096774194,4.90596892886345,0.389830508474576,2.37121831561733,4.41537203597711,6.70482420278005,5.3965658217498,0.245298446443173,0.397058823529412,0.397058823529412,0.956521739130435,0.326086956521739,0.532180601092896,0.557065217391304,0.590909090909091,0.0,16.3768115942029,2.79260780287474,4.12541254125413,1.8976897689769,0.0916334661354581,2.06270627062706,0.0771604938271604,1.47179067865904,0.408830744071954,0.0157728706624605,1.06295993458708,0.0446735395189003,0.0296052631578947,0.103448275862069,0.0088495575221238,5.23303352412101,13.0008176614881,2.6982829108749,2.53475061324612,2.86181520850368,1.55355682747343,0.654129190515127,0.0,0.0,0.245298446443173,0.0974358974358974,0.614130434782609,5.73629032258065,25.6216666666667,4.33360588716271,0.28804347826087,0.622641509433962,0.333333333333333,4.98773507767784,0.331521739130435,0.524590163934426,0.817661488143908,0.0543478260869565,0.3,0.666666666666667,0.0,1.47179067865904,0.0978260869565217,0.388888888888889,0.388888888888889,1.0,3.43417825020442,0.380952380952381,41,0.390243902439024
Jared McCain,PHI,3.12764158918005,2.36686390532544,1.56514382402707,0.169061707523246,3.8038884192730302,114.225232853514,0.0,1.2701100762066,29.7548605240913,11.9188503803888,0.531914893617021,11.2426035502959,0.383458646616541,4.14201183431953,4.0574809805579,8.62214708368555,10.3972950126796,2.53592561284869,0.32,0.333333333333333,0.803921568627451,0.485401459854015,0.531188686131387,0.552919708029197,0.588628762541806,0.507185122569738,25.0933532486931,2.36886632825719,3.64098221845893,1.86282811176969,0.0852713178294573,1.60880609652837,0.0698529411764705,1.0989010989011,0.253592561284869,0.0109090909090909,0.84530853761623,0.0354609929078014,0.0233393177737881,0.0891089108910891,0.0084745762711864,5.07185122569738,11.8343195266272,3.38123415046492,1.69061707523246,4.73372781065089,1.77514792899408,0.253592561284869,0.253592561284869,0.0,0.338123415046492,0.0813559322033898,0.740875912408759,6.58085106382979,25.9609022556391,5.9171597633136095,0.255474452554745,0.585714285714286,0.341463414634146,4.22654268808115,0.182481751824818,0.48,1.77514792899408,0.0766423357664233,0.476190476190476,0.4,0.0,2.53592561284869,0.109489051094891,0.333333333333333,0.333333333333333,0.9,8.70667793744717,0.398058252427184,103,0.398058252427184
John Konchar,MEM,1.34340890008396,0.839630562552477,1.33333333333333,0.0,1.42737195633921,109.677419354839,1.15798180314309,2.48138957816377,9.40386230058774,2.43492863140218,0.620689655172414,5.20570948782536,0.377049180327869,0.587741393786734,2.01511335012594,1.00755667506297,5.79345088161209,0.0,0.666666666666667,0.75,1.0,0.681318681318681,0.589834117647059,0.576923076923077,0.595744680851064,0.335852225020991,7.85714285714286,6.29166666666667,9.42928039702233,4.21836228287841,0.180851063829787,4.71464019851117,0.197231833910035,3.10663308144416,1.42737195633921,0.0661478599221789,1.67926112510495,0.0662251655629139,0.0661896243291592,0.10752688172043,0.0493827160493827,3.5264483627204,8.48026868178002,2.09907640638119,1.42737195633921,0.671704450041982,0.419815281276238,0.167926112510495,0.0,0.0,0.0,0.0531914893617021,0.945054945054945,3.05862068965517,24.9483870967742,2.01511335012594,0.263736263736264,0.708333333333333,0.647058823529412,0.419815281276238,0.0549450549450549,0.2,0.0,0.0,0.0,0.0,0.0,2.68681780016793,0.351648351648352,0.375,0.375,1.0,2.51889168765743,0.366666666666667,29,0.379310344827586
Jaylen Clark,MIN,0.742115027829314,0.371057513914657,2.8227672373901,0.0927643784786641,2.78293135435993,113.019390581717,0.184672206832872,3.32409972299169,15.1205936920223,6.40074211502783,0.492753623188406,4.730983302411871,0.448979591836735,2.69016697588126,3.52504638218924,2.78293135435993,6.12244897959184,0.0,0.558823529411765,0.678571428571429,1.0,0.425,0.574716949152542,0.558333333333333,0.590579710144928,1.11317254174397,11.8506493506494,2.4525682554373,2.49307479224377,0.554016620498615,0.0251046025104602,1.93905817174515,0.0941704035874439,2.41187384044527,1.20593692022263,0.0541666666666666,1.20593692022263,0.0488721804511278,0.0513833992094861,0.0444444444444444,0.0898876404494382,2.41187384044527,5.65862708719852,1.57699443413729,0.834879406307978,3.43228200371058,1.39146567717996,0.0,0.0927643784786641,0.0,0.185528756957328,0.117647058823529,0.783333333333333,4.27536231884058,25.6803921568627,3.98886827458256,0.358333333333333,0.511627906976744,0.5,2.22634508348794,0.2,0.5,0.185528756957328,0.0166666666666666,0.0,0.0,0.0,2.69016697588126,0.241666666666667,0.413793103448276,0.428571428571429,1.0,2.04081632653061,0.454545454545455,20,0.5
Colby Jones,WAS,2.20095693779904,1.5311004784689,1.77458033573142,0.0,3.15789473684211,117.788461538462,1.25,2.5,15.0239234449761,7.6555023923445,0.5375,4.68899521531101,0.326530612244898,2.20095693779904,4.5933014354067,3.63636363636364,4.30622009569378,0.287081339712919,0.558139534883721,0.6,0.9375,0.37984496124031,0.505875968992248,0.51937984496124,0.541379310344828,0.574162679425837,14.1652613827993,4.1726618705036,6.34615384615385,2.78846153846154,0.120833333333333,3.26923076923077,0.135458167330677,2.00956937799043,0.574162679425837,0.0226415094339622,1.24401913875598,0.0534979423868312,0.0374015748031496,0.120481927710843,0.0394736842105263,4.210526315789471,9.95215311004785,2.67942583732057,1.5311004784689,3.34928229665072,1.14832535885167,0.191387559808612,0.0956937799043062,0.0956937799043062,0.574162679425837,0.0935251798561151,0.612403100775194,7.35875,25.5081632653061,2.87081339712919,0.232558139534884,0.7,0.523809523809524,3.73205741626794,0.302325581395349,0.461538461538462,1.05263157894737,0.0852713178294573,0.363636363636364,0.5,0.0,1.24401913875598,0.10077519379845,0.307692307692308,0.333333333333333,1.0,3.44497607655502,0.333333333333333,36,0.333333333333333
Wendell Moore Jr.,CHA,2.63157894736842,1.94931773879142,1.51663405088063,0.0,1.85185185185185,115.422396856582,0.491159135559921,1.96463654223969,14.6198830409357,8.28460038986355,0.529411764705882,3.99610136452242,0.341463414634146,1.75438596491228,5.26315789473684,3.50877192982456,3.80116959064328,0.292397660818713,0.6,0.72972972972973,0.928571428571429,0.325396825396825,0.569015476190476,0.523809523809524,0.555555555555556,1.55945419103314,13.6363636363636,4.64774951076321,6.38506876227898,2.55402750491159,0.109243697478992,3.43811394891945,0.164319248826291,2.92397660818713,1.75438596491228,0.0633802816901408,1.16959064327485,0.0472440944881889,0.0557620817843866,0.0459770114942528,0.0707070707070707,4.09356725146199,10.3313840155945,1.94931773879142,2.14424951267057,2.14424951267057,1.26705653021443,0.389863547758285,0.0,0.0,0.0,0.0962962962962963,0.753968253968254,4.86823529411765,24.4780487804878,5.26315789473684,0.428571428571429,0.611111111111111,0.606060606060606,2.24171539961014,0.182539682539683,0.434782608695652,0.779727095516569,0.0634920634920634,0.25,0.5,0.0,2.14424951267057,0.174603174603175,0.409090909090909,0.409090909090909,1.0,1.85185185185185,0.263157894736842,19,0.263157894736842
Vince Williams Jr.,MEM,3.13092979127135,1.80265654648956,2.11964201601507,0.0,3.13092979127135,119.270346117867,0.654817586529467,1.12254443405051,16.9829222011385,6.83111954459203,0.569444444444444,9.01328273244782,0.279569892473118,1.80265654648956,4.7438330170778,3.03605313092979,6.83111954459203,0.569259962049336,0.609756097560976,0.735294117647059,0.923076923076923,0.568862275449102,0.538828797468354,0.479041916167665,0.5,1.32827324478178,17.1990171990172,4.61610927932172,7.10944808231993,2.24508886810103,0.105263157894737,4.20954162768943,0.1931330472103,2.08728652751423,1.61290322580645,0.0714285714285714,0.47438330170778,0.0200803212851405,0.0451745379876796,0.19047619047619,0.0967741935483871,5.21821631878558,12.4288425047438,3.2258064516129,1.99240986717268,2.27703984819734,0.853889943074004,0.189753320683112,0.0,0.0,0.379506641366224,0.0517241379310344,0.748502994011976,5.625,25.4595744680851,2.84629981024668,0.179640718562874,0.6,0.555555555555556,3.79506641366224,0.239520958083832,0.55,0.189753320683112,0.0119760479041916,0.5,0.0,0.0,2.56166982922201,0.161676646706587,0.407407407407407,0.407407407407407,1.0,6.45161290322581,0.220588235294118,66,0.227272727272727
A.J. Lawson,TOR,1.45208131655373,0.968054211035818,2.1379980563654,0.0,3.67860600193611,114.048780487805,0.585365853658537,1.26829268292683,22.8460793804453,8.61568247821878,0.528089887640449,9.77734753146176,0.326732673267327,4.16263310745402,5.80832526621491,3.29138431752178,9.00290416263311,0.580832526621491,0.638297872340426,0.697674418604651,0.939393939393939,0.531578947368421,0.583747368421053,0.507894736842105,0.541284403669725,0.774443368828654,19.2721257237386,4.17881438289602,6.4390243902439,1.5609756097561,0.0711111111111111,4.39024390243903,0.185950413223141,1.93610842207164,0.774443368828654,0.0274914089347079,1.0648596321394,0.0486725663716814,0.0367504835589942,0.0744680851063829,0.0413223140495867,3.00096805421104,7.26040658276864,1.74249757986447,1.25847047434656,6.09874152952565,2.61374636979671,0.484027105517909,0.193610842207164,0.0,0.387221684414327,0.135514018691589,0.894736842105263,2.91460674157303,24.8851485148515,6.67957405614714,0.363157894736842,0.565217391304348,0.58974358974359,1.93610842207164,0.105263157894737,0.4,0.0,0.0,0.0,0.0,0.0,3.48499515972895,0.189473684210526,0.305555555555556,0.305555555555556,0.909090909090909,6.29235237173282,0.338461538461539,65,0.338461538461539
Lonnie Walker IV,PHI,2.54582484725051,1.62932790224033,1.37404580152672,0.10183299389002,2.03665987780041,121.871820956256,0.508646998982706,1.01729399796541,25.152749490835,8.65580448065173,0.51764705882353,12.9327902240326,0.362903225806452,2.44399185336049,5.29531568228106,3.66598778004073,10.6924643584521,3.05498981670061,0.590909090909091,0.590909090909091,0.777777777777778,0.599056603773585,0.540221531100478,0.525943396226415,0.551339285714286,0.0,22.0353982300885,3.20610687022901,5.79857578840285,3.05188199389624,0.12987012987013,2.64496439471007,0.114035087719298,0.610997963340122,0.610997963340122,0.0262008733624454,0.0,0.0,0.012396694214876,0.126315789473684,0.0309278350515463,5.09164969450102,12.0162932790224,3.25865580448065,1.83299389002037,3.05498981670061,1.32382892057027,0.407331975560082,0.10183299389002,0.0,0.203665987780041,0.063063063063063,0.783018867924528,7.66588235294118,26.6267716535433,3.9714867617107905,0.183962264150943,0.615384615384615,0.75,2.34215885947047,0.108490566037736,0.434782608695652,2.34215885947047,0.108490566037736,0.434782608695652,0.3,0.0,1.93482688391039,0.0896226415094339,0.315789473684211,0.315789473684211,1.0,10.9979633401222,0.361111111111111,105,0.371428571428571
Rayan Rupert,POR,3.04568527918782,2.23350253807107,1.88487009679063,0.0,2.43654822335025,112.065439672802,0.408997955010225,1.6359918200409,15.7360406091371,8.42639593908629,0.506024096385542,5.98984771573604,0.271186440677966,2.33502538071066,4.46700507614213,4.06091370558376,3.95939086294416,0.913705583756345,0.523809523809524,0.578947368421053,0.8125,0.415492957746479,0.542403873239437,0.464788732394366,0.5,0.812182741116751,16.0034602076125,3.56597045338767,4.49897750511247,2.45398773006135,0.12,1.73824130879346,0.0772727272727272,2.63959390862944,1.21827411167513,0.0504201680672268,1.11675126903553,0.0476190476190476,0.0490405117270788,0.0967741935483871,0.05,2.53807106598985,6.09137055837563,1.52284263959391,1.01522842639594,3.04568527918782,1.52284263959391,0.406091370558376,0.0,0.0,0.203045685279188,0.0980392156862745,0.725352112676056,4.67951807228916,25.1898305084746,4.46700507614213,0.309859154929577,0.568181818181818,0.52,3.75634517766498,0.26056338028169,0.45945945945946,0.203045685279188,0.0140845070422535,0.0,0.0,0.0,2.33502538071066,0.161971830985916,0.391304347826087,0.391304347826087,1.0,3.65482233502538,0.194444444444444,36,0.194444444444444
Jaylon Tyson,CLE,2.76301806588735,1.80658873538789,2.6638252530634,0.0,2.6567481402763,111.004273504274,0.320512820512821,1.38888888888889,17.7470775770457,9.67056323060574,0.483516483516484,6.16365568544102,0.344827586206897,2.01912858660999,4.46333687566419,4.8884165781084,5.41976620616366,0.956429330499469,0.477272727272727,0.552631578947369,0.85,0.389261744966443,0.56361744966443,0.496644295302013,0.521875,1.27523910733262,16.711590296496,5.11454448588173,6.3034188034188,2.45726495726496,0.0995670995670995,3.63247863247863,0.145299145299145,3.93198724760893,1.38150903294368,0.0582959641255605,2.4442082890542,0.0970464135021097,0.0782608695652174,0.04,0.0833333333333333,4.67587672688629,11.3708820403826,2.6567481402763,2.01912858660999,2.55047821466525,1.16896918172157,0.212539851222104,0.0,0.0,0.212539851222104,0.0696202531645569,0.731543624161074,4.56923076923077,24.7293103448276,5.41976620616366,0.342281879194631,0.549019607843137,0.535714285714286,3.82571732199787,0.241610738255034,0.416666666666667,0.425079702444208,0.0268456375838926,0.25,1.0,0.0,2.86928799149841,0.181208053691275,0.333333333333333,0.333333333333333,1.0,3.29436769394261,0.354838709677419,31,0.354838709677419
Trevelin Queen,ORL,2.53456221198157,1.49769585253456,2.17889908256881,0.115207373271889,1.95852534562212,112.785388127854,1.14155251141553,3.53881278538813,17.5115207373272,8.06451612903226,0.485714285714286,8.87096774193548,0.301369863013699,2.07373271889401,4.60829493087558,3.2258064516129,6.22119815668203,1.38248847926267,0.588235294117647,0.666666666666667,0.818181818181818,0.523809523809524,0.541071328671329,0.45578231292517,0.484076433121019,0.921658986175115,18.1357649442756,3.09633027522936,3.19634703196347,1.48401826484018,0.0663265306122449,1.48401826484018,0.0792682926829268,2.99539170506913,1.26728110599078,0.0588235294117647,1.72811059907834,0.0675675675675675,0.0635696821515892,0.0517241379310344,0.0533333333333333,4.3778801843318,10.5990783410138,2.53456221198157,1.84331797235023,2.41935483870968,1.15207373271889,0.115207373271889,0.0,0.0,0.115207373271889,0.0641025641025641,0.836734693877551,4.47285714285714,26.938961038961,5.29953917050691,0.312925170068027,0.586956521739131,0.666666666666667,2.30414746543779,0.136054421768708,0.3,0.460829493087558,0.0272108843537414,0.25,0.0,0.0,2.1889400921659,0.129251700680272,0.421052631578947,0.421052631578947,0.875,6.68202764976959,0.241379310344828,54,0.259259259259259
Malaki Branham,SAS,3.81593714927048,1.79573512906846,1.61920714684534,0.112233445566779,2.58136924803591,111.888888888889,0.222222222222222,1.22222222222222,26.374859708193,11.8967452300786,0.5,9.42760942760943,0.404761904761905,3.03030303030303,6.06060606060606,5.8361391694725,10.7744107744108,0.673400673400673,0.509433962264151,0.519230769230769,0.941176470588235,0.442105263157895,0.534100531914894,0.547368421052632,0.567961165048544,0.224466891133558,24.0201005025126,2.84757118927973,4.88888888888889,2.44444444444444,0.10377358490566,2.22222222222222,0.0892857142857142,0.785634118967452,0.336700336700337,0.0153061224489795,0.448933782267116,0.0201005025125628,0.0177215189873417,0.135416666666667,0.0151515151515151,4.2648709315376,10.1010101010101,2.69360269360269,1.5712682379349,3.7037037037037,1.5712682379349,0.112233445566779,0.0,0.0,0.336700336700337,0.0689655172413793,0.663157894736842,7.32358490566038,25.3107142857143,4.71380471380471,0.221052631578947,0.761904761904762,0.5,4.60157126823794,0.215789473684211,0.317073170731707,2.58136924803591,0.121052631578947,0.347826086956522,0.5,0.0,1.90796857463524,0.0894736842105263,0.470588235294118,0.470588235294118,1.0,7.51964085297419,0.388059701492537,67,0.388059701492537
Baylor Scheierman,BOS,1.60213618157543,0.534045393858478,1.4647137150466,0.0,2.40320427236315,107.171314741036,0.265604249667995,2.25763612217796,15.086782376502,3.73831775700935,0.464285714285714,10.9479305740988,0.317073170731707,1.20160213618158,2.13618157543391,1.3351134846462,9.21228304405874,1.20160213618158,0.615384615384615,0.666666666666667,0.884615384615385,0.745454545454546,0.531976363636364,0.472727272727273,0.487068965517241,0.267022696929239,14.6957520091848,4.32756324900133,6.10889774236388,2.12483399734396,0.0846560846560846,3.45285524568393,0.143646408839779,2.53671562082777,0.534045393858478,0.0330578512396694,2.00267022696929,0.06,0.0512129380053908,0.0634920634920634,0.0212765957446808,4.40587449933244,10.9479305740988,2.26969292389853,2.13618157543391,1.60213618157543,0.667556742323098,0.0,0.0,0.0,0.133511348464619,0.0434782608695652,0.854545454545455,7.47142857142857,26.0719512195122,1.60213618157543,0.109090909090909,0.666666666666667,0.625,1.3351134846462,0.0909090909090909,0.2,0.801068090787717,0.0545454545454545,0.5,0.666666666666667,0.0,3.33778371161549,0.227272727272727,0.32,0.333333333333333,1.0,7.61014686248331,0.315789473684211,57,0.315789473684211
Johnny Furphy,IND,1.46699266503668,0.97799511002445,2.51533742331288,0.122249388753056,2.81173594132029,107.266009852217,1.35467980295567,2.21674876847291,12.5916870415648,5.13447432762836,0.476190476190476,6.11246943765281,0.3,2.20048899755501,4.15647921760391,0.733496332518338,5.13447432762836,0.366748166259169,0.85,0.944444444444444,0.933333333333333,0.543478260869565,0.568214130434783,0.46195652173913,0.50990099009901,0.488997555012225,12.1636167922497,4.3558282208589,5.91133004926108,1.84729064039409,0.093167701863354,3.44827586206897,0.155555555555556,2.81173594132029,1.34474327628362,0.056701030927835,1.34474327628362,0.0674846625766871,0.0616246498599439,0.0327868852459016,0.0549450549450549,2.32273838630807,5.37897310513448,1.58924205378973,0.733496332518338,2.68948655256724,0.855745721271394,0.488997555012225,0.0,0.0,0.733496332518338,0.0736842105263157,0.880434782608696,3.70476190476191,24.968,3.78973105134474,0.33695652173913,0.548387096774194,0.823529411764706,1.10024449877751,0.0978260869565217,0.333333333333333,0.244498777506112,0.0217391304347826,0.0,0.0,0.0,2.68948655256724,0.239130434782609,0.363636363636364,0.363636363636364,0.875,3.42298288508557,0.25,28,0.25
Damion Baugh,CHA,4.1388518024032,2.67022696929239,1.46862483311081,0.0,2.40320427236315,124.699599465955,0.267022696929239,2.00267022696929,14.5527369826435,9.87983978638184,0.405405405405405,7.47663551401869,0.214285714285714,1.73564753004005,3.47129506008011,4.53938584779706,4.8064085447263,0.0,0.433333333333333,0.433333333333333,1.0,0.430769230769231,0.530688846153846,0.369230769230769,0.397810218978102,0.0,19.0692395005675,3.33778371161549,4.8064085447263,2.00267022696929,0.100671140939597,2.53671562082777,0.100529100529101,1.86915887850467,0.667556742323098,0.0238095238095238,1.06809078771696,0.0444444444444444,0.0333333333333333,0.0961538461538461,0.0441176470588235,7.47663551401869,17.890520694259,4.53938584779706,2.93724966622163,2.00267022696929,0.934579439252336,0.133511348464619,0.0,0.0,0.133511348464619,0.0514705882352941,0.692307692307692,4.78513513513514,25.4607142857143,4.53938584779706,0.261538461538462,0.558823529411765,0.263157894736842,5.07343124165554,0.292307692307692,0.263157894736842,0.267022696929239,0.0153846153846153,0.5,1.0,0.0,2.53671562082777,0.146153846153846,0.105263157894737,0.105263157894737,1.0,4.93991989319092,0.27027027027027,37,0.27027027027027
Terrence Shannon Jr.,MIN,2.10378681626928,0.841514726507714,1.88284518828452,0.280504908835905,2.24403927068724,108.321775312067,0.693481276005548,0.970873786407767,19.3548387096774,11.64095371669,0.530120481927711,4.34782608695652,0.354838709677419,2.38429172510519,10.3786816269285,1.96353436185133,4.62833099579243,0.0,0.840909090909091,0.86046511627907,1.0,0.271929824561404,0.571982456140351,0.530701754385965,0.560975609756098,0.280504908835905,17.1641791044776,3.27754532775453,5.13176144244106,1.94174757281553,0.0869565217391304,2.77392510402219,0.116959064327485,1.40252454417952,0.701262272089762,0.0344827586206896,0.701262272089762,0.0277777777777777,0.0307692307692307,0.1,0.0392156862745098,4.48807854137447,10.7994389901823,2.66479663394109,1.82328190743338,2.945301542777,1.68302945301543,0.420757363253857,0.0,0.0,0.0,0.0975609756097561,0.692982456140351,4.54578313253012,23.9354838709677,6.73211781206171,0.421052631578947,0.6875,0.787878787878788,4.06732117812062,0.254385964912281,0.344827586206897,0.841514726507714,0.0526315789473684,0.166666666666667,1.0,0.0,2.945301542777,0.184210526315789,0.380952380952381,0.380952380952381,1.0,1.40252454417952,0.3,10,0.3
Jalen Hood-Schifino,PHI,2.76073619631902,1.99386503067485,1.92901234567901,0.0,2.60736196319018,126.39751552795,1.08695652173913,0.77639751552795,16.2576687116564,7.97546012269939,0.442307692307692,7.05521472392638,0.304347826086957,2.76073619631902,2.14723926380368,4.9079754601227,3.68098159509202,2.76073619631902,0.304347826086957,0.304347826086957,0.571428571428571,0.469387755102041,0.493163265306122,0.448979591836735,0.490740740740741,0.0,17.027027027027,2.08333333333333,3.72670807453416,1.86335403726708,0.0827586206896551,1.86335403726708,0.0839160839160839,0.460122699386503,0.306748466257669,0.0141843971631205,0.153374233128834,0.0057471264367816,0.0095238095238095,0.0909090909090909,0.0196078431372549,5.67484662576687,13.4969325153374,3.52760736196319,2.14723926380368,3.22085889570552,1.22699386503067,0.153374233128834,0.0,0.0,0.460122699386503,0.0761904761904762,0.612244897959184,11.0576923076923,25.9565217391304,2.14723926380368,0.142857142857143,0.357142857142857,0.4,2.76073619631902,0.183673469387755,0.555555555555556,3.06748466257669,0.204081632653061,0.4,0.375,0.0,0.920245398773006,0.0612244897959183,0.5,0.5,1.0,6.13496932515337,0.275,40,0.275
Matisse Thybulle,POR,2.00308166409861,1.54083204930663,1.076095311299,0.0,2.00308166409861,107.361963190184,1.38036809815951,5.06134969325153,17.2573189522342,6.1633281972265,0.525,7.3959938366718,0.4375,1.07858243451464,3.6979969183359,2.77349768875193,9.70724191063174,0.0,0.571428571428571,0.666666666666667,1.0,0.545454545454545,0.5403,0.596590909090909,0.595744680851064,0.924499229583975,13.8780804150454,3.99692544196772,5.82822085889571,2.30061349693252,0.0955414012738853,3.22085889570552,0.157894736842105,2.15716486902928,0.308166409861325,0.0127388535031847,1.84899845916795,0.0638297872340425,0.0405797101449275,0.0714285714285714,0.0,4.31432973805855,10.6317411402157,2.31124807395994,2.00308166409861,2.31124807395994,0.770416024653313,0.154083204930663,0.154083204930663,0.0,0.154083204930663,0.064516129032258,0.761363636363636,4.7275,24.8444444444444,2.92758089368259,0.215909090909091,0.68421052631579,0.692307692307692,3.23574730354391,0.238636363636364,0.380952380952381,0.0,0.0,0.0,0.0,0.0,3.23574730354391,0.238636363636364,0.333333333333333,0.333333333333333,1.0,4.16024653312789,0.518518518518519,27,0.518518518518519
Dru Smith,MIA,3.07971014492754,1.99275362318841,2.710027100271,0.181159420289855,1.99275362318841,101.801801801802,1.08108108108108,3.78378378378378,15.9420289855072,5.61594202898551,0.483870967741936,5.43478260869565,0.533333333333333,1.81159420289855,2.17391304347826,3.26086956521739,7.60869565217391,1.08695652173913,0.4,0.4,0.875,0.491803278688525,0.550117213114754,0.639344262295082,0.656716417910448,0.0,13.3971291866029,3.2520325203252,4.32432432432433,2.34234234234234,0.0977443609022556,1.8018018018018,0.0787401574803149,2.17391304347826,0.905797101449275,0.0390625,1.26811594202899,0.053030303030303,0.0461538461538461,0.0961538461538461,0.0227272727272727,4.16666666666667,10.5072463768116,1.99275362318841,2.17391304347826,2.35507246376812,0.36231884057971,0.0,0.0,0.0,0.72463768115942,0.0317460317460317,0.721311475409836,4.63225806451613,24.9133333333333,2.53623188405797,0.229508196721311,0.714285714285714,0.5,3.07971014492754,0.278688524590164,0.294117647058824,0.0,0.0,0.0,0.0,0.0,1.99275362318841,0.180327868852459,0.636363636363636,0.636363636363636,1.0,3.44202898550725,0.473684210526316,19,0.473684210526316
Isaiah Wong,CHA,3.38983050847458,2.25988700564972,1.97926484448633,0.0,4.51977401129944,104.528301886792,0.0,2.07547169811321,22.5988700564972,13.5593220338983,0.388888888888889,6.21468926553672,0.40625,4.70809792843691,4.14312617702448,6.4030131826742,5.64971751412429,1.69491525423729,0.392857142857143,0.407407407407407,0.769230769230769,0.314285714285714,0.490252884615385,0.452380952380952,0.495867768595041,0.376647834274953,22.7495908346972,3.01602262016965,3.39622641509434,1.32075471698113,0.0833333333333333,2.07547169811321,0.0743243243243243,2.63653483992467,1.31826741996234,0.0503597122302158,1.31826741996234,0.0614035087719298,0.0553359683794466,0.081081081081081,0.0625,5.27306967984934,12.8060263653484,3.01318267419962,2.25988700564972,6.4030131826742,3.2015065913371,0.376647834274953,0.0,0.0,0.188323917137476,0.141666666666667,0.533333333333333,7.99722222222222,27.0090909090909,4.33145009416196,0.219047619047619,0.391304347826087,0.444444444444444,7.15630885122411,0.361904761904762,0.394736842105263,2.07156308851224,0.104761904761905,0.363636363636364,0.25,0.0909090909090909,0.753295668549906,0.0380952380952381,0.25,0.25,1.0,5.46139359698682,0.413793103448276,28,0.428571428571429
Cam Spencer,MEM,1.13636363636364,0.568181818181818,2.19047619047619,0.0,2.65151515151515,113.409961685824,0.191570881226054,1.72413793103448,20.0757575757576,5.49242424242424,0.517241379310345,10.0378787878788,0.358490566037736,3.59848484848485,4.92424242424242,0.757575757575758,10.2272727272727,0.568181818181818,0.866666666666667,0.866666666666667,0.947368421052632,0.646341463414634,0.531560759493671,0.530487804878049,0.583333333333333,0.0,15.2866242038217,2.85714285714286,3.44827586206897,1.53256704980843,0.0620155038759689,1.91570881226054,0.091743119266055,2.27272727272727,0.757575757575758,0.036697247706422,1.51515151515152,0.0529801324503311,0.0461538461538461,0.0384615384615384,0.0263157894736842,6.43939393939394,15.530303030303,3.78787878787879,2.65151515151515,3.59848484848485,1.32575757575758,0.378787878787879,0.0,0.0,0.568181818181818,0.0804597701149425,0.75609756097561,7.47931034482759,25.3245283018868,1.70454545454545,0.109756097560976,0.666666666666667,0.833333333333333,3.03030303030303,0.195121951219512,0.5,0.757575757575758,0.048780487804878,0.25,1.0,0.0,1.13636363636364,0.073170731707317,0.333333333333333,0.333333333333333,1.0,8.90151515151515,0.361702127659575,47,0.361702127659575
Johnny Davis,WAS,1.35396518375242,0.58027079303675,1.72579098753595,0.0,2.70793036750484,110.6463878327,1.14068441064639,2.85171102661597,15.4738878143133,9.47775628626692,0.510204081632653,5.60928433268859,0.241379310344828,1.74081237911025,6.57640232108317,3.09477756286267,4.06189555125725,0.0,0.68,0.708333333333333,1.0,0.371794871794872,0.539367948717949,0.455128205128205,0.464705882352941,0.386847195357834,15.4621848739496,3.6433365292425695,5.32319391634981,2.09125475285171,0.102803738317757,3.2319391634981,0.121428571428571,1.93423597678917,0.773694390715667,0.0294117647058823,1.1605415860735,0.0508474576271186,0.0393700787401574,0.117647058823529,0.0277777777777777,2.12765957446809,5.22243713733075,1.1605415860735,0.967117988394584,2.90135396518375,1.1605415860735,0.0,0.0,0.0,0.193423597678917,0.0714285714285714,0.692307692307692,5.42244897959184,25.2655172413793,4.83558994197292,0.320512820512821,0.64,0.6875,4.06189555125725,0.269230769230769,0.333333333333333,0.58027079303675,0.0384615384615384,0.666666666666667,0.5,0.0,2.321083172147,0.153846153846154,0.166666666666667,0.166666666666667,1.0,3.28820116054159,0.294117647058824,17,0.294117647058824
Garrett Temple,TOR,2.04081632653061,1.02040816326531,2.34454638124363,0.0,3.06122448979592,113.849287169043,0.407331975560082,3.46232179226069,10.8163265306122,6.53061224489796,0.375,5.71428571428571,0.214285714285714,2.24489795918367,2.85714285714286,2.04081632653061,3.6734693877551,0.0,0.583333333333333,0.7,1.0,0.466666666666667,0.5471125,0.35,0.401515151515152,0.816326530612245,13.2173913043478,2.95616717635066,4.07331975560082,2.03665987780041,0.099009900990099,1.83299389002037,0.0891089108910891,1.83673469387755,0.408163265306122,0.0157480314960629,1.42857142857143,0.0660377358490566,0.03862660944206,0.0625,0.0,6.3265306122449,15.5102040816327,3.46938775510204,2.85714285714286,2.44897959183673,1.02040816326531,0.0,0.0,0.0,0.204081632653061,0.0769230769230769,0.75,6.746875,25.0178571428571,3.46938775510204,0.283333333333333,0.529411764705882,0.666666666666667,1.83673469387755,0.15,0.222222222222222,1.22448979591837,0.1,0.166666666666667,0.0,0.0,1.83673469387755,0.15,0.222222222222222,0.222222222222222,1.0,3.87755102040816,0.210526315789474,19,0.210526315789474
Jared Rhoden,TOR,1.87891440501044,0.626304801670146,2.08986415882968,0.0,3.13152400835073,106.066945606695,0.418410041841004,2.09205020920502,24.6346555323591,10.0208768267223,0.625,8.1419624217119,0.307692307692308,4.59290187891441,8.76826722338205,3.75782881002088,5.63674321503132,1.87891440501044,0.7,0.807692307692308,0.75,0.448275862068966,0.606629885057471,0.551724137931035,0.595959595959596,1.67014613778706,18.5567010309278,4.38871473354232,5.85774058577406,2.09205020920502,0.0892857142857142,2.71966527196653,0.11304347826087,2.92275574112735,1.87891440501044,0.0647482014388489,1.04384133611691,0.045045045045045,0.056,0.0576923076923076,0.0769230769230769,3.34029227557411,8.55949895615867,1.46137787056367,1.87891440501044,5.21920668058455,2.50521920668058,0.208768267223382,0.0,0.0,0.208768267223382,0.122448979591837,0.919540229885058,3.08541666666667,24.6,8.55949895615867,0.471264367816092,0.682926829268293,0.714285714285714,1.04384133611691,0.057471264367816,0.4,0.417536534446764,0.0229885057471264,0.0,0.0,0.0,3.75782881002088,0.206896551724138,0.444444444444444,0.444444444444444,0.75,4.38413361169102,0.19047619047619,21,0.19047619047619
Adam Flagler,OKC,0.956937799043062,0.717703349282297,1.80940892641737,0.0,0.239234449760766,100.0,0.72992700729927,1.94647201946472,15.5502392344498,5.74162679425837,0.458333333333333,17.2248803827751,0.194444444444444,0.239234449760766,2.87081339712919,2.39234449760766,8.61244019138756,1.43540669856459,0.545454545454545,0.545454545454545,0.857142857142857,0.75,0.521876842105263,0.333333333333333,0.335051546391753,0.0,20.954356846473,3.25693606755127,4.8661800486618,0.97323600973236,0.0444444444444444,3.89294403892944,0.131147540983607,1.67464114832536,0.239234449760766,0.0135135135135135,1.43540669856459,0.0384615384615384,0.0304347826086956,0.0689655172413793,0.0,2.87081339712919,7.89473684210526,0.717703349282297,2.15311004784689,0.478468899521531,0.0,0.0,0.0,0.0,0.239234449760766,0.0,0.8125,9.875,25.6638888888889,1.43540669856459,0.0625,0.666666666666667,0.5,2.39234449760766,0.104166666666667,0.4,1.91387559808612,0.0833333333333333,0.375,0.666666666666667,0.0,2.15311004784689,0.09375,0.0,0.0,0.0,15.0717703349282,0.222222222222222,63,0.222222222222222
Bronny James,LAL,3.59116022099448,1.93370165745856,1.78082191780822,0.0,2.76243093922652,116.576086956522,0.815217391304348,2.44565217391304,17.1270718232044,9.66850828729282,0.342857142857143,8.83977900552486,0.28125,3.03867403314917,3.31491712707182,3.31491712707182,5.80110497237569,1.65745856353591,0.5,0.5,0.777777777777778,0.477611940298507,0.484465671641791,0.380597014925373,0.417808219178082,0.0,20.7228915662651,2.46575342465753,3.80434782608696,1.08695652173913,0.0533333333333333,2.44565217391304,0.101123595505618,1.10497237569061,0.552486187845304,0.021505376344086,0.552486187845304,0.0232558139534883,0.0223463687150838,0.037037037037037,0.0384615384615384,6.07734806629834,13.5359116022099,4.69613259668508,1.38121546961326,3.86740331491713,1.93370165745856,0.276243093922652,0.0,0.0,0.0,0.0958904109589041,0.582089552238806,8.03142857142857,25.959375,1.93370165745856,0.104477611940299,0.714285714285714,0.2,6.07734806629834,0.328358208955224,0.227272727272727,1.65745856353591,0.0895522388059701,0.333333333333333,0.5,0.0,2.20994475138122,0.119402985074627,0.25,0.25,1.0,6.62983425414365,0.291666666666667,24,0.291666666666667
Jaylen Nowell,NOP,2.42424242424242,1.21212121212121,1.3719512195122,0.0,2.72727272727273,117.484662576687,1.22699386503067,0.306748466257669,20.3030303030303,13.9393939393939,0.391304347826087,8.18181818181818,0.296296296296296,2.12121212121212,3.03030303030303,7.87878787878788,7.27272727272727,0.0,0.277777777777778,0.294117647058824,1.0,0.36986301369863,0.488834931506849,0.410958904109589,0.429487179487179,0.606060606060606,22.279792746114,3.04878048780488,4.29447852760736,2.45398773006135,0.105263157894737,1.84049079754601,0.0789473684210526,1.81818181818182,0.909090909090909,0.0297029702970297,0.909090909090909,0.0434782608695652,0.0352941176470588,0.0769230769230769,0.0,5.45454545454545,12.4242424242424,3.93939393939394,1.51515151515152,3.33333333333333,1.81818181818182,0.303030303030303,0.0,0.0,0.0,0.0769230769230769,0.520547945205479,8.11304347826087,25.3481481481481,3.33333333333333,0.150684931506849,0.545454545454545,0.333333333333333,9.39393939393939,0.424657534246575,0.387096774193548,1.21212121212121,0.0547945205479452,0.0,0.0,0.0,1.81818181818182,0.0821917808219178,0.5,0.5,1.0,6.36363636363636,0.238095238095238,21,0.238095238095238
Josh Richardson,MIA,2.62295081967213,1.31147540983607,2.78688524590164,0.327868852459016,3.27868852459016,117.704918032787,0.327868852459016,2.62295081967213,10.4918032786885,5.24590163934426,0.3125,7.21311475409836,0.272727272727273,1.31147540983607,3.27868852459016,0.0,5.9016393442623,0.0,1.0,1.0,1.0,0.578947368421053,0.523859459459459,0.368421052631579,0.4,0.0,14.1176470588235,1.9672131147541,1.9672131147541,0.983606557377049,0.0588235294117647,0.983606557377049,0.046875,1.9672131147541,1.31147540983607,0.0555555555555555,0.655737704918033,0.0273972602739726,0.0413793103448275,0.0,0.0,3.9344262295082,9.83606557377049,1.9672131147541,1.9672131147541,1.31147540983607,0.655737704918033,0.0,0.0,0.0,0.0,0.05,0.68421052631579,8.28125,25.9727272727273,1.31147540983607,0.105263157894737,0.5,1.0,2.62295081967213,0.210526315789474,0.25,1.31147540983607,0.105263157894737,0.25,1.0,0.0,1.9672131147541,0.157894736842105,0.166666666666667,0.166666666666667,1.0,5.24590163934426,0.3125,16,0.3125
Nate Williams,HOU,4.28134556574924,2.44648318042813,2.42792109256449,0.305810397553517,2.14067278287462,117.469879518072,1.20481927710843,2.40963855421687,19.8776758409786,11.0091743119266,0.583333333333333,7.95107033639144,0.230769230769231,1.52905198776758,7.95107033639144,4.89296636085627,5.5045871559633,0.0,0.619047619047619,0.65,1.0,0.419354838709677,0.510288709677419,0.483870967741936,0.492424242424242,0.611620795107034,21.5633423180593,1.97268588770865,2.40963855421687,0.903614457831325,0.0428571428571428,1.20481927710843,0.0597014925373134,1.52905198776758,0.611620795107034,0.0317460317460317,0.611620795107034,0.0259740259740259,0.0285714285714285,0.0526315789473684,0.0,2.75229357798165,7.3394495412844,0.91743119266055,1.8348623853211,2.44648318042813,0.91743119266055,0.0,0.0,0.0,0.305810397553517,0.0461538461538461,0.596774193548387,5.34722222222222,24.6923076923077,3.36391437308869,0.17741935483871,0.727272727272727,0.625,7.3394495412844,0.387096774193548,0.541666666666667,0.305810397553517,0.0161290322580645,0.0,0.0,0.0,3.97553516819572,0.209677419354839,0.230769230769231,0.230769230769231,1.0,3.97553516819572,0.230769230769231,13,0.230769230769231
Damion Lee,PHX,3.18471337579618,2.22929936305733,0.969305331179322,0.0,3.82165605095541,100.983606557377,0.0,1.9672131147541,26.4331210191083,11.7834394904459,0.486486486486487,11.7834394904459,0.243243243243243,6.36942675159236,7.64331210191083,3.82165605095541,7.64331210191083,0.955414012738854,0.666666666666667,0.705882352941177,0.888888888888889,0.5,0.486656756756757,0.425675675675676,0.494047619047619,0.636942675159236,27.2463768115942,3.23101777059774,5.57377049180328,1.63934426229508,0.0757575757575757,3.60655737704918,0.130952380952381,0.955414012738854,0.0,0.0,0.955414012738854,0.04,0.0220588235294117,0.0714285714285714,0.0,3.5031847133758,7.96178343949045,2.54777070063694,0.955414012738854,6.68789808917197,1.91082802547771,0.318471337579618,0.0,0.0,1.59235668789809,0.0759493670886076,0.608108108108108,8.42162162162162,25.4891891891892,2.54777070063694,0.108108108108108,0.625,0.4,7.32484076433121,0.310810810810811,0.521739130434783,1.91082802547771,0.081081081081081,0.166666666666667,0.0,0.0,4.14012738853503,0.175675675675676,0.307692307692308,0.307692307692308,1.0,7.64331210191083,0.208333333333333,24,0.208333333333333
Elijah Harkless,UTA,1.0752688172043,0.3584229390681,3.2258064516129,0.0,4.3010752688172,105.376344086022,0.3584229390681,3.584229390681,11.4695340501792,3.584229390681,0.4,8.96057347670251,0.28,1.0752688172043,2.1505376344086,0.716845878136201,6.45161290322581,1.0752688172043,0.75,0.75,0.857142857142857,0.714285714285714,0.546578571428572,0.414285714285714,0.421052631578947,0.0,12.3493975903614,3.76344086021505,4.3010752688172,1.0752688172043,0.0652173913043478,3.2258064516129,0.123287671232877,3.2258064516129,0.716845878136201,0.0289855072463768,2.5089605734767,0.0933333333333333,0.0625,0.0,0.105263157894737,2.8673835125448,7.88530465949821,0.716845878136201,2.1505376344086,2.1505376344086,1.0752688172043,0.0,0.0,0.0,0.0,0.0789473684210526,0.828571428571429,6.11,24.952,1.4336917562724,0.114285714285714,0.75,0.666666666666667,1.7921146953405,0.142857142857143,0.2,0.3584229390681,0.0285714285714285,0.0,0.0,0.0,2.8673835125448,0.228571428571429,0.375,0.375,1.0,6.09318996415771,0.235294117647059,17,0.235294117647059
Alex Ducas,OKC,1.50943396226415,0.754716981132076,2.26415094339623,0.0,0.377358490566038,108.301886792453,0.0,1.88679245283019,13.5849056603774,3.39622641509434,0.222222222222222,7.92452830188679,0.476190476190476,0.754716981132076,1.50943396226415,0.0,11.3207547169811,0.0,1.0,1.0,1.0,0.7,0.543496666666667,0.566666666666667,0.580645161290323,0.0,11.5131578947368,4.90566037735849,6.41509433962264,2.26415094339623,0.12,3.39622641509434,0.118421052631579,3.39622641509434,0.754716981132076,0.0444444444444444,2.64150943396226,0.0693069306930693,0.0616438356164383,0.166666666666667,0.0,1.88679245283019,5.28301886792453,0.377358490566038,1.50943396226415,0.754716981132076,0.377358490566038,0.0,0.0,0.0,0.0,0.032258064516129,0.833333333333333,8.14444444444444,24.6476190476191,1.50943396226415,0.133333333333333,0.25,1.0,1.13207547169811,0.1,0.0,0.754716981132076,0.0666666666666666,0.5,1.0,0.0,3.39622641509434,0.3,0.555555555555556,0.555555555555556,1.0,4.52830188679245,0.416666666666667,12,0.416666666666667
Kobe Bufkin,ATL,3.04182509505703,1.52091254752852,1.70132325141777,0.0,4.56273764258555,107.142857142857,0.75187969924812,1.12781954887218,20.1520912547529,10.6463878326996,0.5,7.22433460076046,0.222222222222222,4.94296577946768,4.56273764258555,6.08365019011407,4.56273764258555,0.0,0.428571428571429,0.428571428571429,1.0,0.404255319148936,0.552345652173913,0.425531914893617,0.481818181818182,0.0,21.2837837837838,3.9697542533081296,6.01503759398496,2.25563909774436,0.103448275862069,3.38345864661654,0.147540983606557,1.90114068441065,0.760456273764259,0.028169014084507,1.14068441064639,0.0491803278688524,0.0378787878787878,0.05,0.064516129032258,6.4638783269962,14.0684410646388,5.32319391634981,1.14068441064639,6.84410646387833,3.42205323193916,0.760456273764259,0.0,0.0,0.380228136882129,0.166666666666667,0.702127659574468,6.03928571428571,26.2526315789474,5.32319391634981,0.297872340425532,0.5,0.571428571428571,4.18250950570342,0.234042553191489,0.545454545454545,1.14068441064639,0.0638297872340425,0.333333333333333,0.0,0.0,2.28136882129278,0.127659574468085,0.166666666666667,0.166666666666667,1.0,4.94296577946768,0.230769230769231,12,0.25
De'Anthony Melton,GSW,3.90625,1.5625,3.45489443378119,0.0,2.734375,98.1132075471698,0.754716981132076,2.64150943396226,23.828125,7.421875,0.473684210526316,13.671875,0.371428571428571,1.5625,3.125,3.90625,14.0625,1.171875,0.444444444444444,0.444444444444444,0.923076923076923,0.648148148148148,0.539612037037037,0.527777777777778,0.525862068965517,0.0,23.1292517006803,3.83877159309021,5.28301886792453,1.88679245283019,0.078125,3.0188679245283,0.142857142857143,2.34375,0.78125,0.0416666666666666,1.171875,0.0434782608695652,0.0427350427350427,0.176470588235294,0.0,6.640625,14.84375,5.078125,1.5625,3.125,0.390625,0.0,0.0,0.0,1.171875,0.0181818181818181,0.814814814814815,4.47368421052632,25.7085714285714,3.515625,0.166666666666667,0.444444444444444,0.25,3.90625,0.185185185185185,0.5,0.0,0.0,0.0,0.0,0.0,1.5625,0.074074074074074,0.75,0.75,1.0,12.109375,0.32258064516129,31,0.32258064516129
Trey Alexander,DEN,1.97628458498024,0.395256916996047,1.98412698412698,0.0,1.58102766798419,106.374501992032,0.398406374501992,0.796812749003984,12.6482213438735,9.48616600790514,0.416666666666667,6.71936758893281,0.176470588235294,1.18577075098814,4.74308300395257,3.16205533596838,3.55731225296443,0.0,0.6,0.6,1.0,0.414634146341463,0.488620731707317,0.353658536585366,0.372093023255814,0.0,16.9611307420495,2.38095238095238,4.38247011952191,1.59362549800797,0.0727272727272727,2.39043824701195,0.111111111111111,0.395256916996047,0.395256916996047,0.0196078431372549,0.0,0.0,0.0082644628099173,0.142857142857143,0.0625,4.34782608695652,11.4624505928854,1.58102766798419,2.76679841897233,1.58102766798419,0.395256916996047,0.0,0.0,0.0,0.395256916996047,0.0238095238095238,0.560975609756098,10.5916666666667,25.5470588235294,2.37154150197628,0.146341463414634,0.333333333333333,1.0,3.55731225296443,0.219512195121951,0.444444444444444,3.55731225296443,0.219512195121951,0.444444444444444,0.5,0.0,1.97628458498024,0.121951219512195,0.4,0.4,1.0,4.74308300395257,0.0833333333333333,12,0.0833333333333333
Jaylen Sims,CHA,3.44827586206897,1.29310344827586,2.15982721382289,0.0,4.74137931034483,122.510822510823,0.432900432900433,1.2987012987013,18.1034482758621,5.60344827586207,0.461538461538462,6.46551724137931,0.4,5.17241379310345,3.44827586206897,1.72413793103448,6.46551724137931,1.29310344827586,0.666666666666667,0.666666666666667,0.833333333333333,0.535714285714286,0.516919642857143,0.535714285714286,0.6,0.0,16.1048689138577,1.29589632829374,1.2987012987013,0.432900432900433,0.0232558139534883,0.865800865800866,0.0307692307692307,1.29310344827586,0.862068965517241,0.0425531914893617,0.431034482758621,0.0175438596491228,0.0288461538461538,0.0,0.133333333333333,5.17241379310345,12.9310344827586,2.58620689655172,2.58620689655172,6.46551724137931,2.58620689655172,0.0,0.431034482758621,0.0,0.0,0.2,0.714285714285714,5.54615384615385,25.8333333333333,2.1551724137931,0.178571428571429,0.8,0.75,3.01724137931034,0.25,0.285714285714286,0.431034482758621,0.0357142857142857,0.0,0.0,0.0,1.29310344827586,0.107142857142857,0.333333333333333,0.333333333333333,1.0,5.17241379310345,0.416666666666667,12,0.416666666666667
Luke Travers,CLE,4.32432432432433,4.32432432432433,1.64383561643836,0.0,0.540540540540541,113.333333333333,0.555555555555556,0.555555555555556,6.48648648648649,5.94594594594595,0.454545454545455,4.86486486486487,0.0,1.08108108108108,4.32432432432433,1.08108108108108,0.0,0.0,0.8,1.0,0.0,0.45,0.6532325,0.25,0.285714285714286,1.08108108108108,13.4259259259259,5.47945205479452,6.66666666666667,3.33333333333333,0.127659574468085,2.77777777777778,0.0925925925925925,4.32432432432433,2.16216216216216,0.0888888888888888,1.62162162162162,0.0714285714285714,0.0804597701149425,0.136363636363636,0.107142857142857,4.32432432432433,10.8108108108108,2.16216216216216,2.16216216216216,1.08108108108108,0.540540540540541,0.0,0.0,0.0,0.0,0.0476190476190476,1.0,1.14545454545455,24.5888888888889,5.94594594594595,0.55,0.454545454545455,0.8,0.0,0.0,0.0,0.0,0.0,0.0,0.0,0.0,2.7027027027027,0.25,0.0,0.0,0.0,2.16216216216216,0.0,4,0.0
Stanley Umude,MIL,1.5625,0.520833333333333,2.11640211640212,0.0,1.04166666666667,97.8494623655914,3.2258064516129,1.61290322580645,7.8125,5.72916666666667,0.181818181818182,7.8125,0.2,1.04166666666667,1.04166666666667,1.04166666666667,4.6875,0.0,0.5,0.5,1.0,0.576923076923077,0.515880769230769,0.25,0.267857142857143,0.0,13.963963963964,4.4973544973545,6.98924731182796,2.1505376344086,0.0952380952380952,4.3010752688172,0.177777777777778,2.08333333333333,1.04166666666667,0.0434782608695652,0.520833333333333,0.024390243902439,0.0344827586206896,0.0526315789473684,0.0588235294117647,2.08333333333333,4.16666666666667,2.08333333333333,0.0,2.08333333333333,1.04166666666667,0.0,0.0,0.0,0.0,0.0714285714285714,0.692307692307692,8.04545454545455,24.7533333333333,1.5625,0.115384615384615,0.666666666666667,0.5,2.60416666666667,0.192307692307692,0.0,1.5625,0.115384615384615,0.0,0.0,0.0,5.20833333333333,0.384615384615385,0.2,0.2,1.0,2.60416666666667,0.2,5,0.2
