"Name","TeamAbbreviation","GamesPlayed","Minutes","Rebounds","DefRebounds","FTDefRebounds","DefFTReboundPct","DefTwoPtRebounds","DefTwoPtReboundPct","DefThreePtRebounds","DefThreePtReboundPct","DefFGReboundPct","OffRebounds","FTOffRebounds","OffFTReboundPct","OffTwoPtRebounds","OffTwoPtReboundPct","OffThreePtRebounds","OffThreePtReboundPct","OffFGReboundPct","DefAtRimReboundPct","DefShortMidRangeReboundPct","DefLongMidRangeReboundPct","DefArc3ReboundPct","DefCorner3ReboundPct","OffAtRimReboundPct","OffShortMidRangeReboundPct","OffLongMidRangeReboundPct","OffArc3ReboundPct","OffCorner3ReboundPct","SelfOReb","SelfORebPct"
"Franz Wagner","ORL",15,538,4.259094942324756,6.10079575596817,0.5305039787798409,0.17647058823529413,3.094606542882405,0.11513157894736842,2.475685234305924,0.13658536585365855,0.1237721021611002,2.404274265360641,0.08904719501335707,0.02564102564102564,1.068566340160285,0.04819277108433735,1.2466607301869992,0.05982905982905983,0.053830227743271224,0.13131313131313133,0.12883435582822086,0.023809523809523808,0.1509433962264151,0.08695652173913043,0.0851063829787234,0.03508771929824561,0,0.03389830508474576,0.14035087719298245,6,0.05042016806722689
"Devin Booker","PHX",15,530,2.823845809054236,4.21903052064632,0.08976660682226212,0.047619047619047616,1.5260323159784561,0.07024793388429752,2.6032315978456015,0.10622710622710622,0.08932038834951456,1.432408236347359,0,0,0.6266786034019696,0.028455284552845527,0.8057296329453895,0.03214285714285714,0.030418250950570342,0.058823529411764705,0.09345794392523364,0.04,0.11538461538461539,0.07692307692307693,0.03225806451612903,0.03546099290780142,0,0.023696682464454975,0.057971014492753624,4,0.030534351145038167
"Tyrese Maxey","PHI",13,525,2.978129362494183,5.565862708719852,0,0,2.6901669758812616,0.11372549019607843,2.87569573283859,0.11439114391143912,0.11406844106463879,0.3734827264239029,0,0,0.3734827264239029,0.014760147601476014,0,0,0.00784313725490196,0.10784313725490197,0.11,0.1320754716981132,0.10697674418604651,0.14285714285714285,0.00980392156862745,0.01834862385321101,0.016666666666666666,0,0,1,0.006622516556291391
"Cooper Flagg","DAL",15,505,4.41449814126394,7.28110599078341,1.1059907834101383,0.3333333333333333,3.7788018433179724,0.1453900709219858,2.3963133640552994,0.11063829787234042,0.12959381044487428,1.499531396438613,0.09372071227741331,0.03125,0.46860356138706655,0.01937984496124031,0.9372071227741331,0.04065040650406504,0.02976190476190476,0.11363636363636363,0.1346153846153846,0.2631578947368421,0.11891891891891893,0.08,0.04395604395604396,0.008264462809917356,0,0.03592814371257485,0.05063291139240506,1,0.010416666666666666
"Lauri Markkanen","UTA",14,502,4.032258064516129,5.0476190476190474,0.19047619047619047,0.1,2.0952380952380953,0.0944206008583691,2.761904761904762,0.1070110701107011,0.10119047619047619,3.0245746691871456,0,0,1.3232514177693762,0.060085836909871244,1.7013232514177694,0.061855670103092786,0.061068702290076333,0.06451612903225806,0.12213740458015267,0.05,0.10849056603773585,0.1016949152542373,0.08064516129032258,0.061068702290076333,0.025,0.06329113924050633,0.05555555555555555,6,0.04316546762589928
"Shai Gilgeous-Alexander","OKC",15,499,3.514684641309581,6.467181467181467,0.3861003861003861,0.14285714285714285,3.088803088803089,0.12167300380228137,2.9922779922779923,0.1341991341991342,0.12753036437246965,0.5763688760806917,0,0,0.4803073967339097,0.02512562814070352,0.09606147934678194,0.003787878787878788,0.012958963282937365,0.10227272727272728,0.12903225806451613,0.13725490196078433,0.13559322033898305,0.12962962962962962,0.017543859649122806,0.038461538461538464,0,0,0.014705882352941176,3,0.023622047244094488
"Trey Murphy III","NOP",14,498,4.552058111380146,6.769825918762089,0.09671179883945841,0.06666666666666667,1.7408123791102514,0.1016949152542373,4.932301740812379,0.20078740157480315,0.16009280742459397,2.3278370514064015,0,0,1.066925315227934,0.03914590747330961,1.2609117361784674,0.05603448275862069,0.04678362573099415,0.06493506493506493,0.136986301369863,0.1111111111111111,0.19289340101522842,0.22807017543859648,0.05084745762711865,0.0234375,0.05714285714285714,0.06951871657754011,0,5,0.05319148936170213
"Dyson Daniels","ATL",15,497,4.2563366810138685,5.904761904761905,0.38095238095238093,0.16666666666666666,2.857142857142857,0.12295081967213115,2.6666666666666665,0.11155378486055777,0.11717171717171718,2.5936599423631126,0,0,1.440922190201729,0.06097560975609756,1.1527377521613833,0.05853658536585366,0.0598669623059867,0.14583333333333334,0.11304347826086956,0.09090909090909091,0.10869565217391304,0.11940298507462686,0.058823529411764705,0.07936507936507936,0,0.06369426751592357,0.041666666666666664,3,0.05357142857142857
"Desmond Bane","ORL",15,494,3.203883495145631,4.849660523763337,0.3879728419010669,0.1111111111111111,2.812803103782735,0.10740740740740741,1.6488845780795345,0.08333333333333333,0.0970464135021097,1.554907677356657,0.09718172983479106,0.02857142857142857,0.6802721088435374,0.029411764705882353,0.7774538386783285,0.037383177570093455,0.033185840707964605,0.08333333333333333,0.09655172413793103,0.1951219512195122,0.08917197452229299,0.06382978723404255,0.033707865168539325,0.03669724770642202,0,0.024691358024691357,0.07692307692307693,4,0.039603960396039604
"Miles Bridges","CHA",14,493,4.713804713804714,7.9654510556621885,0.8637236084452975,0.3,3.3589251439539347,0.14112903225806453,3.742802303262956,0.19306930693069307,0.16444444444444445,1.446480231436837,0.09643201542912247,0.06666666666666667,0.2892960462873674,0.013392857142857142,1.0607521697203472,0.04296875,0.029166666666666667,0.16,0.14285714285714285,0.09302325581395349,0.20833333333333334,0.11764705882352941,0.010869565217391304,0.018518518518518517,0,0.045454545454545456,0.034482758620689655,3,0.022727272727272728
"Derrick White","BOS",15,493,3.053435114503817,4.781281790437436,0.4069175991861648,0.14285714285714285,2.2380467955239065,0.09016393442622951,2.136317395727365,0.08641975308641975,0.08829568788501027,1.3238289205702647,0.10183299389002037,0.041666666666666664,0.4073319755600815,0.01702127659574468,0.814663951120163,0.029304029304029304,0.023622047244094488,0.08955223880597014,0.08823529411764706,0.0975609756097561,0.08247422680412371,0.10204081632653061,0.04477611940298507,0,0.014084507042253521,0.030303030303030304,0.023809523809523808,0,0
"VJ Edgecombe","PHI",13,485,3.7092731829573933,4.995004995004995,0.3996003996003996,0.13333333333333333,1.998001998001998,0.0784313725490196,2.5974025974025974,0.1092436974789916,0.09330628803245436,2.414486921529175,0.1006036217303823,0.030303030303030304,1.2072434607645874,0.04580152671755725,1.1066398390342052,0.052132701421800945,0.048625792811839326,0.10679611650485436,0.05825242718446602,0.061224489795918366,0.11229946524064172,0.09803921568627451,0.05,0.046296296296296294,0.037037037037037035,0.05813953488372093,0.02564102564102564,6,0.06315789473684211
"Duncan Robinson","DET",15,482,2.097902097902098,3.5035035035035036,0,0,1.901901901901902,0.07509881422924901,1.6016016016016017,0.07142857142857142,0.07337526205450734,0.6979062811565304,0.19940179461615154,0.06451612903225806,0.09970089730807577,0.0038022813688212928,0.3988035892323031,0.018957345971563982,0.010548523206751054,0.047619047619047616,0.09285714285714286,0.06896551724137931,0.0718562874251497,0.07017543859649122,0,0.007575757575757576,0,0.006666666666666667,0.04918032786885246,1,0.013513513513513514
"Payton Pritchard","BOS",15,482,3.343621399176955,5.1493305870236865,0.10298661174047374,0.03571428571428571,2.368692070030896,0.09163346613545817,2.677651905252317,0.11206896551724138,0.10144927536231885,1.5416238437821173,0,0,0.8221993833504625,0.0365296803652968,0.7194244604316546,0.024822695035460994,0.029940119760479042,0.05405405405405406,0.1076923076923077,0.10638297872340426,0.11052631578947368,0.11904761904761904,0.015625,0.021505376344086023,0.08064516129032258,0.029045643153526972,0,5,0.05
"Keyonte George","UTA",14,482,2.736318407960199,4.586241276171486,0.09970089730807577,0.041666666666666664,1.8943170488534398,0.09223300970873786,2.59222333000997,0.10569105691056911,0.09955752212389381,0.8937437934458788,0,0,0.3972194637537239,0.018779342723004695,0.49652432969215493,0.018726591760299626,0.01875,0.07017543859649122,0.09322033898305085,0.12903225806451613,0.10270270270270271,0.11475409836065574,0.02040816326530612,0.024390243902439025,0,0.018779342723004695,0.018518518518518517,0,0
"Toumani Camara","POR",14,482,3.4113060428849904,4.263565891472868,0.3875968992248062,0.18181818181818182,1.937984496124031,0.0847457627118644,1.937984496124031,0.09009009009009009,0.08733624454148471,2.549019607843137,0,0,0.8823529411764706,0.041474654377880185,1.6666666666666667,0.06093189964157706,0.05241935483870968,0.06060606060606061,0.10638297872340426,0.09302325581395349,0.0875,0.0967741935483871,0.019230769230769232,0.05,0.09090909090909091,0.07142857142857142,0.01818181818181818,1,0.012345679012345678
"Jaylen Brown","BOS",15,481,4.287190082644628,7.11340206185567,1.134020618556701,0.4230769230769231,2.9896907216494846,0.11788617886178862,2.9896907216494846,0.13122171945701358,0.12419700214132762,1.4492753623188406,0,0,0.9316770186335404,0.04,0.5175983436853002,0.01845018450184502,0.028225806451612902,0.12857142857142856,0.11627906976744186,0.10638297872340426,0.14772727272727273,0.06666666666666667,0.030303030303030304,0.04395604395604396,0.04411764705882353,0.017543859649122806,0.023255813953488372,4,0.02857142857142857
"Evan Mobley","CLE",14,479,6.083086053412463,8.546168958742633,0.19646365422396855,0.1,4.616895874263261,0.1857707509881423,3.732809430255403,0.17040358744394618,0.17857142857142858,3.585657370517928,0.29880478087649404,0.09090909090909091,1.593625498007968,0.08333333333333333,1.6932270916334662,0.059233449477351915,0.06889352818371608,0.23076923076923078,0.14545454545454545,0.1794871794871795,0.17647058823529413,0.1509433962264151,0.06756756756756757,0.1111111111111111,0.03571428571428571,0.058333333333333334,0.06382978723404255,5,0.05102040816326531
"DeMar DeRozan","SAC",14,476,2.280614774417452,3.9564787339268053,0.19782393669634027,0.07142857142857142,1.8793273986152323,0.0979381443298969,1.8793273986152323,0.08370044052863436,0.09026128266033254,0.5964214711729622,0,0,0.2982107355864811,0.010416666666666666,0.2982107355864811,0.016042780748663103,0.01263157894736842,0.12962962962962962,0.07964601769911504,0.1111111111111111,0.08333333333333333,0.0847457627118644,0.012987012987012988,0.014388489208633094,0,0.022058823529411766,0,1,0.011111111111111112
"Rui Hachimura","LAL",14,475,2.655310621242485,4.212637913741224,0.10030090270812438,0.041666666666666664,1.60481444332999,0.07920792079207921,2.507522567703109,0.10416666666666667,0.09276018099547512,1.1011011011011012,0.1001001001001001,0.037037037037037035,0.9009009009009009,0.047619047619047616,0.1001001001001001,0.004761904761904762,0.02506265664160401,0.07042253521126761,0.09090909090909091,0.0625,0.09302325581395349,0.1323529411764706,0.10344827586206896,0.021739130434782608,0.02564102564102564,0.006097560975609756,0,4,0.07142857142857142
"Deni Avdija","POR",14,473,4.470938897168406,7.135777998017839,1.1892963330029733,0.5714285714285714,3.270564915758176,0.14163090128755365,2.67591674925669,0.13636363636363635,0.13921113689095127,1.792828685258964,0,0,0.796812749003984,0.03864734299516908,0.9960159362549801,0.037037037037037035,0.03773584905660377,0.13541666666666666,0.14606741573033707,0.14583333333333334,0.10218978102189781,0.21311475409836064,0.05154639175257732,0.02631578947368421,0.029411764705882353,0.04608294930875576,0,6,0.05504587155963303
"James Harden","LAC",13,470,4.308985811875985,7.7894736842105265,0.7368421052631579,0.2413793103448276,3.789473684210526,0.16,3.263157894736842,0.14418604651162792,0.15227272727272728,0.8394543546694648,0,0,0.3147953830010493,0.016042780748663103,0.5246589716684156,0.022222222222222223,0.019417475728155338,0.11842105263157894,0.16071428571428573,0.24324324324324326,0.12777777777777777,0.22857142857142856,0,0.018518518518518517,0.043478260869565216,0.023121387283236993,0.019230769230769232,3,0.02727272727272727
"Jimmy Butler III","GSW",15,469,4.220277920741122,5.13347022587269,0.3080082135523614,0.16666666666666666,2.566735112936345,0.1141552511415525,2.2587268993839835,0.09166666666666666,0.10239651416122005,3.3023735810113517,0,0,2.3735810113519094,0.11794871794871795,0.9287925696594427,0.036885245901639344,0.07289293849658314,0.1388888888888889,0.10810810810810811,0.08333333333333333,0.08695652173913043,0.10714285714285714,0.11940298507462686,0.13253012048192772,0.08888888888888889,0.03260869565217391,0.05,9,0.1323529411764706
"Brandon Ingram","TOR",14,468,4.281345565749236,7.543323139653415,0.4077471967380224,0.12903225806451613,2.4464831804281344,0.1188118811881188,4.689092762487258,0.19913419913419914,0.16166281755196305,1.019367991845056,0,0,0.6116207951070336,0.02643171806167401,0.4077471967380224,0.020942408376963352,0.023923444976076555,0.07526881720430108,0.1232876712328767,0.2222222222222222,0.17751479289940827,0.25806451612903225,0.06578947368421052,0,0.027777777777777776,0.020134228187919462,0.023809523809523808,1,0.010416666666666666
"Devin Vassell","SAS",14,465,2.4806201550387597,4.4421487603305785,0.2066115702479339,0.1111111111111111,1.756198347107438,0.06614785992217899,2.479338842975207,0.11320754716981132,0.08742004264392324,0.5170630816959669,0,0,0,0,0.5170630816959669,0.022321428571428572,0.012376237623762377,0.050505050505050504,0.08653846153846154,0.05555555555555555,0.10126582278481013,0.14814814814814814,0,0,0,0.03205128205128205,0,0,0
"Ryan Rollins","MIL",15,464,2.918186555497655,4.672897196261682,0,0,2.1806853582554515,0.0945945945945946,2.4922118380062304,0.10762331838565023,0.10112359550561797,1.1506276150627615,0.10460251046025104,0.029411764705882353,0.5230125523012552,0.02336448598130841,0.5230125523012552,0.02403846153846154,0.023696682464454975,0.1282051282051282,0.0847457627118644,0.038461538461538464,0.12209302325581395,0.058823529411764705,0.04597701149425287,0.014285714285714285,0,0.023809523809523808,0.025,1,0.0125
"Julius Randle","MIN",14,464,5.214723926380368,8.35030549898167,1.3238289205702647,0.5,3.258655804480652,0.13168724279835392,3.7678207739307537,0.16444444444444445,0.14743589743589744,2.0533880903490758,0.3080082135523614,0.1111111111111111,1.1293634496919918,0.055,0.6160164271047228,0.0297029702970297,0.04228855721393035,0.1553398058252427,0.0891089108910891,0.1794871794871795,0.17058823529411765,0.14545454545454545,0.05405405405405406,0.06,0.038461538461538464,0.03164556962025317,0.022727272727272728,4,0.04081632653061224
"Andrew Wiggins","MIA",14,461,3.3763654419066533,4.658077304261645,0.19821605550049554,0.08695652173913043,1.9821605550049555,0.08968609865470852,2.4777006937561943,0.08896797153024912,0.08928571428571429,2.08955223880597,0,0,1.1940298507462686,0.04780876494023904,0.8955223880597015,0.0430622009569378,0.04565217391304348,0.13157894736842105,0.05982905982905983,0.1,0.0861244019138756,0.09722222222222222,0.04597701149425287,0.05755395683453238,0,0.04081632653061224,0.04838709677419355,3,0.033707865168539325
"Kon Knueppel","CHA",14,460,4.3478260869565215,7.365145228215767,0.6224066390041494,0.23076923076923078,3.6307053941908713,0.14767932489451477,3.112033195020747,0.15544041450777202,0.1511627906976744,1.3429752066115703,0,0,0.7231404958677686,0.034653465346534656,0.6198347107438017,0.024390243902439025,0.029017857142857144,0.15217391304347827,0.13274336283185842,0.1875,0.13664596273291926,0.25,0.024390243902439025,0.050505050505050504,0,0.02717391304347826,0.016129032258064516,1,0.011235955056179775
"Mikal Bridges","NYK",13,456,2.9952706253284287,4.293193717277487,0.2094240837696335,0.09523809523809523,1.8848167539267016,0.08450704225352113,2.1989528795811517,0.09210526315789473,0.08843537414965986,1.6877637130801688,0,0,0.5274261603375527,0.022727272727272728,1.160337552742616,0.043824701195219126,0.03397027600849257,0.08247422680412371,0.04054054054054054,0.16666666666666666,0.0782122905027933,0.14285714285714285,0.018518518518518517,0.03333333333333333,0,0.04838709677419355,0.03076923076923077,2,0.02666666666666667
"Scottie Barnes","TOR",14,455,5.65149136577708,8.472803347280335,1.2552301255230125,0.3870967741935484,3.4518828451882846,0.15714285714285714,3.7656903765690375,0.15319148936170213,0.1550561797752809,2.8272251308900525,0.2094240837696335,0.06451612903225806,1.675392670157068,0.06722689075630252,0.9424083769633508,0.047619047619047616,0.0585480093676815,0.12371134020618557,0.1506849315068493,0.25,0.17045454545454544,0.1016949152542373,0.0641025641025641,0.08,0.02857142857142857,0.029411764705882353,0.09433962264150944,15,0.15151515151515152
"Wendell Carter Jr.","ORL",15,454,6.081438392384982,7.301587301587301,0.8465608465608465,0.26666666666666666,4.232804232804233,0.15810276679841898,2.2222222222222223,0.11931818181818182,0.14219114219114218,4.862579281183932,0.10570824524312897,0.03125,2.854122621564482,0.12796208530805686,1.9027484143763214,0.08866995073891626,0.10869565217391304,0.15789473684210525,0.17518248175182483,0.1,0.09448818897637795,0.1836734693877551,0.1375,0.13333333333333333,0.0975609756097561,0.0718954248366013,0.14,3,0.06666666666666667
"Pascal Siakam","IND",13,454,4.829396325459317,7.240293809024134,0.944386149003148,0.2647058823529412,3.2528856243441764,0.15577889447236182,3.04302203567681,0.13744075829383887,0.14634146341463414,2.4159663865546217,0,0,1.2605042016806722,0.046511627906976744,1.1554621848739495,0.04824561403508772,0.047325102880658436,0.15625,0.18627450980392157,0.06060606060606061,0.147239263803681,0.10416666666666667,0.05063291139240506,0.047244094488188976,0.038461538461538464,0.04371584699453552,0.06666666666666667,4,0.03125
"Brandin Podziemski","GSW",16,452,3.961456102783726,7.204301075268817,0.10752688172043011,0.05555555555555555,3.4408602150537635,0.15023474178403756,3.6559139784946235,0.16585365853658537,0.15789473684210525,0.746268656716418,0,0,0.21321961620469082,0.0106951871657754,0.5330490405117271,0.02,0.016018306636155607,0.12903225806451613,0.0990990990990991,0.325,0.15950920245398773,0.19047619047619047,0.016666666666666666,0.011764705882352941,0,0.020512820512820513,0.01818181818181818,2,0.02531645569620253
"Myles Turner","MIL",15,449,5.005324813631523,8.085106382978724,0.3191489361702128,0.15,4.25531914893617,0.1834862385321101,3.5106382978723403,0.15639810426540285,0.17016317016317017,1.9189765458422174,0.10660980810234541,0.023255813953488372,0.6396588486140725,0.0297029702970297,1.1727078891257996,0.05583756345177665,0.042606516290726815,0.16883116883116883,0.1926605504587156,0.1875,0.15723270440251572,0.15384615384615385,0.0375,0.028985507246376812,0.018867924528301886,0.05625,0.05405405405405406,1,0.014084507042253521
"Nikola Jokić","DEN",13,448,9.172377438060096,14.16490486257928,0.3171247357293869,0.1875,7.928118393234672,0.35046728971962615,5.919661733615222,0.23333333333333334,0.28854625550660795,4.206098843322818,0.10515247108307045,0.043478260869565216,2.9442691903259726,0.14432989690721648,1.1566771819137749,0.05365853658536585,0.09774436090225563,0.3582089552238806,0.3425925925925926,0.358974358974359,0.24,0.2153846153846154,0.18072289156626506,0.13580246913580246,0.06666666666666667,0.047337278106508875,0.08333333333333333,5,0.07042253521126761
"Max Christie","DAL",15,447,2.6638252530633992,5.1961823966065745,0.4241781548250265,0.11428571428571428,2.3329798515376456,0.09166666666666666,2.4390243902439024,0.11165048543689321,0.10089686098654709,0.10706638115631692,0,0,0.10706638115631692,0.004545454545454545,0,0,0.0023752969121140144,0.1111111111111111,0.09558823529411764,0.03125,0.10559006211180125,0.13333333333333333,0.0125,0,0,0,0,1,0.016129032258064516
"Royce O'Neale","PHX",15,444,4.41334768568353,7.219827586206897,0.5387931034482759,0.3125,3.0172413793103448,0.12903225806451613,3.663793103448276,0.16037735849056603,0.1445221445221445,1.6129032258064515,0.10752688172043011,0.07692307692307693,0.3225806451612903,0.014925373134328358,1.1827956989247312,0.046610169491525424,0.032036613272311214,0.06756756756756757,0.1262135922330097,0.25,0.1746987951807229,0.10869565217391304,0.01818181818181818,0.008695652173913044,0.03225806451612903,0.043478260869565216,0.057692307692307696,1,0.0136986301369863
"Onyeka Okongwu","ATL",15,444,5.948553054662379,9.207708779443255,0.32119914346895073,0.125,4.282655246252677,0.18433179723502305,4.6038543897216275,0.1829787234042553,0.1836283185840708,2.6824034334763946,0,0,1.8240343347639485,0.08585858585858586,0.8583690987124464,0.038461538461538464,0.06157635467980296,0.17647058823529413,0.1836734693877551,0.20588235294117646,0.15517241379310345,0.26229508196721313,0.08823529411764706,0.08108108108108109,0.10526315789473684,0.040268456375838924,0.03389830508474576,2,0.029411764705882353
"Donovan Mitchell","CLE",13,443,3.167898627243928,5.408271474019088,0,0,2.4390243902439024,0.1,2.9692470837751856,0.1414141414141414,0.1191588785046729,0.9463722397476341,0,0,0.31545741324921134,0.01694915254237288,0.6309148264984227,0.024193548387096774,0.021176470588235293,0.07142857142857142,0.09433962264150944,0.175,0.12578616352201258,0.20512820512820512,0,0.031914893617021274,0,0.019801980198019802,0.043478260869565216,2,0.01639344262295082
"RJ Barrett","TOR",14,442,3.713670613562971,6.2032085561497325,1.1764705882352942,0.3548387096774194,1.4973262032085561,0.0707070707070707,3.5294117647058822,0.14864864864864866,0.11190476190476191,1.191765980498375,0,0,0.7583965330444203,0.03365384615384615,0.4333694474539545,0.020942408376963352,0.02756892230576441,0.044444444444444446,0.09722222222222222,0.08333333333333333,0.11842105263157894,0.21428571428571427,0.02666666666666667,0.037037037037037035,0.04,0.029411764705882353,0,3,0.03614457831325301
"Alperen Sengun","HOU",12,442,6.970207982012367,9.706546275395034,1.1286681715575622,0.3333333333333333,5.191873589164786,0.21800947867298578,3.386004514672686,0.13953488372093023,0.1784037558685446,4.25531914893617,0.11198208286674133,0.04,2.463605823068309,0.09166666666666666,1.6797312430011198,0.09615384615384616,0.09343434343434344,0.18309859154929578,0.2549019607843137,0.18421052631578946,0.16167664670658682,0.0625,0.15384615384615385,0.06779661016949153,0.045454545454545456,0.102803738317757,0.08163265306122448,8,0.09302325581395349
"Ivica Zubac","LAC",14,441,8.579545454545455,11.885714285714286,0.9142857142857143,0.3333333333333333,5.714285714285714,0.23148148148148148,5.257142857142857,0.233502538071066,0.2324455205811138,5.3107344632768365,0,0,3.5028248587570623,0.15656565656565657,1.807909604519774,0.07960199004975124,0.11779448621553884,0.2,0.20754716981132076,0.3333333333333333,0.25609756097560976,0.12121212121212122,0.25925925925925924,0.1206896551724138,0.10714285714285714,0.0738255033557047,0.09615384615384616,10,0.2127659574468085
"Cade Cunningham","DET",12,441,3.5499726925177497,5.805038335158817,0.43811610076670315,0.125,3.176341730558598,0.13302752293577982,2.190580503833516,0.08928571428571429,0.11085972850678733,1.3071895424836601,0,0,1.0893246187363834,0.03968253968253968,0.2178649237472767,0.010256410256410256,0.026845637583892617,0.06944444444444445,0.17094017094017094,0.13793103448275862,0.09090909090909091,0.0847457627118644,0.028037383177570093,0.0603448275862069,0,0.013793103448275862,0,6,0.04411764705882353
"Rudy Gobert","MIN",14,439,7.378854625550661,10.065645514223196,0.87527352297593,0.3333333333333333,4.814004376367615,0.176,4.3763676148796495,0.18018018018018017,0.17796610169491525,4.656319290465632,0,0,2.4390243902439024,0.1116751269035533,2.2172949002217295,0.1,0.10579345088161209,0.13186813186813187,0.1926605504587156,0.22,0.18562874251497005,0.16363636363636364,0.2222222222222222,0.04672897196261682,0.1111111111111111,0.09210526315789473,0.125,3,0.1875
"Immanuel Quickley","TOR",14,439,3.5908596300326443,6.263498920086393,0.32397408207343414,0.10714285714285714,2.4838012958963285,0.11330049261083744,3.4557235421166306,0.13559322033898305,0.1252847380410023,0.8771929824561403,0,0,0.43859649122807015,0.0182648401826484,0.43859649122807015,0.0213903743315508,0.019704433497536946,0.08888888888888889,0.12,0.15789473684210525,0.1411764705882353,0.12121212121212122,0.0136986301369863,0.02631578947368421,0,0.028985507246376812,0,2,0.02666666666666667
"Jaden McDaniels","MIN",14,436,3.5476718403547673,5.524861878453039,0.11049723756906077,0.04,2.541436464088398,0.09663865546218488,2.8729281767955803,0.12322274881516587,0.1091314031180401,1.557285873192436,0.11123470522803114,0.045454545454545456,1.1123470522803114,0.05181347150259067,0.3337041156840934,0.016574585635359115,0.034759358288770054,0.06315789473684211,0.13333333333333333,0.07894736842105263,0.12258064516129032,0.125,0.1016949152542373,0.0380952380952381,0,0.014285714285714285,0.024390243902439025,8,0.12903225806451613
"Jaren Jackson Jr.","MEM",15,435,4.367053620784964,7.06401766004415,0.11037527593818984,0.043478260869565216,3.0905077262693155,0.15217391304347827,3.863134657836645,0.14893617021276595,0.15035799522673032,1.6611295681063123,0,0,1.4396456256921373,0.05508474576271186,0.22148394241417496,0.009433962264150943,0.033482142857142856,0.29545454545454547,0.12380952380952381,0.05714285714285714,0.15083798882681565,0.14285714285714285,0.1076923076923077,0.035211267605633804,0.034482758620689655,0.006289308176100629,0.018867924528301886,6,0.06382978723404255
"Jalen Johnson","ATL",13,434,6.577540106951871,11.538461538461538,1.7094017094017093,0.64,4.700854700854701,0.2018348623853211,5.128205128205129,0.21052631578947367,0.2062780269058296,1.6059957173447537,0.10706638115631692,0.045454545454545456,0.9635974304068522,0.045,0.5353319057815846,0.027472527472527472,0.03664921465968586,0.15476190476190477,0.20754716981132076,0.32142857142857145,0.22424242424242424,0.1746031746031746,0.05333333333333334,0.041666666666666664,0.034482758620689655,0.014705882352941176,0.06521739130434782,4,0.05714285714285714
"Kevin Durant","HOU",12,433,3.146067415730337,5.862457722660654,0.4509582863585118,0.14814814814814814,2.480270574971815,0.10232558139534884,2.931228861330327,0.1262135922330097,0.11401425178147269,0.4479283314669653,0,0,0.335946248600224,0.011320754716981131,0.11198208286674133,0.0070921985815602835,0.009852216748768473,0.07246376811594203,0.07547169811320754,0.225,0.11875,0.15217391304347827,0.025,0,0.017241379310344827,0.009900990099009901,0,0,0
"Austin Reaves","LAL",12,433,3.364589078874793,5.849889624724062,0,0,2.6490066225165565,0.12121212121212122,3.2008830022075054,0.13488372093023257,0.12832929782082325,0.8820286659316428,0,0,0.2205071664829107,0.0125,0.6615214994487321,0.029556650246305417,0.02203856749311295,0.03225806451612903,0.15841584158415842,0.17142857142857143,0.13043478260869565,0.14814814814814814,0.037037037037037035,0,0,0.032467532467532464,0.02040816326530612,0,0
"Davion Mitchell","MIA",14,431,2.126528442317916,3.605514316012725,0.10604453870625663,0.043478260869565216,1.696712619300106,0.0784313725490196,1.8027571580063626,0.06513409961685823,0.07096774193548387,0.6396588486140725,0.10660980810234541,0.043478260869565216,0.31982942430703626,0.012552301255230125,0.21321961620469082,0.010869565217391304,0.01182033096926714,0.10714285714285714,0.05172413793103448,0.125,0.06091370558375635,0.078125,0,0.022556390977443608,0,0.015873015873015872,0,2,0.038461538461538464
"Karl-Anthony Towns","NYK",13,430,9.187082405345212,13.885778275475923,1.007838745800672,0.5,6.382978723404255,0.285,6.4949608062709965,0.27358490566037735,0.279126213592233,4.540420819490587,0,0,2.6578073089700998,0.11538461538461539,1.8826135105204873,0.07296137339055794,0.09297052154195011,0.2978723404255319,0.29508196721311475,0.24444444444444444,0.27848101265822783,0.25925925925925924,0.1320754716981132,0.1111111111111111,0.047619047619047616,0.07692307692307693,0.0625,10,0.1
"P.J. Washington","DAL",14,430,5.7314410480349345,9.750812567713977,0.7583965330444203,0.21875,4.333694474539545,0.17467248908296942,4.658721560130011,0.20476190476190476,0.18906605922551253,1.6501650165016502,0.11001100110011001,0.04,1.21012101210121,0.04526748971193416,0.33003300330033003,0.015463917525773196,0.032036613272311214,0.1,0.2109375,0.1935483870967742,0.19047619047619047,0.2619047619047619,0.05813953488372093,0.027522935779816515,0.0625,0.013793103448275862,0.02040816326530612,3,0.03488372093023256
"Jake LaRavia","LAL",15,428,3.7451089994410287,5.327413984461709,0.11098779134295228,0.045454545454545456,2.6637069922308547,0.13043478260869565,2.5527192008879025,0.10407239819004525,0.11604938271604938,2.1396396396396398,0,0,0.9009009009009009,0.0427807486631016,1.2387387387387387,0.05913978494623656,0.05093833780160858,0.11290322580645161,0.14606741573033707,0.12121212121212122,0.10119047619047619,0.11320754716981132,0.0967741935483871,0.011764705882352941,0.025,0.07142857142857142,0.021739130434782608,2,0.03636363636363636
"Isaiah Hartenstein","OKC",15,427,9.323479249573621,12.599318955732123,1.0215664018161181,0.36,5.902383654937571,0.24413145539906103,5.675368898978434,0.25773195876288657,0.25061425061425063,6.0364464692482915,0.11389521640091116,0.0625,3.644646924829157,0.1523809523809524,2.277904328018223,0.10309278350515463,0.12871287128712872,0.27941176470588236,0.26262626262626265,0.15217391304347827,0.27702702702702703,0.1956521739130435,0.14925373134328357,0.18867924528301888,0.05405405405405406,0.08391608391608392,0.1568627450980392,2,0.06451612903225806
"Amen Thompson","HOU",12,426,4.2294322132097335,5.3056516724336795,0.11534025374855825,0.041666666666666664,2.0761245674740483,0.08530805687203792,3.114186851211073,0.12272727272727273,0.10440835266821345,3.1431897555296855,0.11641443538998836,0.04,1.8626309662398137,0.06584362139917696,1.1641443538998837,0.06329113924050633,0.06483790523690773,0.05405405405405406,0.09523809523809523,0.125,0.11904761904761904,0.1346153846153846,0.07792207792207792,0.06779661016949153,0.041666666666666664,0.07476635514018691,0.0392156862745098,4,0.05714285714285714
"Dennis Schröder","SAC",14,426,2.8286189683860234,5.187637969094923,0,0,2.207505518763797,0.11834319526627218,2.980132450331126,0.13106796116504854,0.12533333333333332,0.4459308807134894,0,0,0,0,0.4459308807134894,0.023121387283236993,0.009216589861751152,0.10638297872340426,0.08421052631578947,0.25925925925925924,0.11258278145695365,0.18181818181818182,0,0,0,0.023809523809523808,0.02127659574468085,1,0.011764705882352941
"Donte DiVincenzo","MIN",14,425,3.1055900621118013,4.74040632054176,0.22573363431151242,0.07692307692307693,1.693002257336343,0.06521739130434782,2.8216704288939054,0.12315270935960591,0.09237875288683603,1.4689265536723164,0,0,0.4519774011299435,0.02247191011235955,1.0169491525423728,0.04390243902439024,0.033942558746736295,0.044444444444444446,0.06930693069306931,0.10256410256410256,0.11538461538461539,0.14893617021276595,0,0.04040404040404041,0,0.032679738562091505,0.07692307692307693,5,0.06329113924050633
"Draymond Green","GSW",15,425,5.0085372794536145,8.399545970488083,1.0215664018161181,0.5625,4.0862656072644725,0.17475728155339806,3.2917139614074915,0.12946428571428573,0.1511627906976744,1.5981735159817352,0,0,0.7990867579908676,0.043209876543209874,0.7990867579908676,0.030973451327433628,0.03608247422680412,0.22580645161290322,0.1574074074074074,0.1388888888888889,0.11976047904191617,0.15789473684210525,0.06349206349206349,0.031746031746031744,0.027777777777777776,0.023391812865497075,0.05454545454545454,5,0.08333333333333333
"Deandre Ayton","LAL",14,425,6.93348365276212,9.213483146067416,1.5730337078651686,0.6363636363636364,3.4831460674157304,0.17318435754189945,4.157303370786517,0.17289719626168223,0.17302798982188294,4.638009049773756,0,0,2.6018099547511313,0.13218390804597702,2.0361990950226243,0.10112359550561797,0.11647727272727272,0.13114754098360656,0.1744186046511628,0.25,0.1464968152866242,0.24561403508771928,0.2222222222222222,0.0975609756097561,0.07894736842105263,0.09420289855072464,0.125,6,0.15384615384615385
"Jaime Jaquez Jr.","MIA",14,424,5.180787911494873,8.531317494600431,0.9719222462203023,0.34615384615384615,3.023758099352052,0.13023255813953488,4.535637149028077,0.1453287197231834,0.1388888888888889,1.8338727076591155,0,0,1.186623516720604,0.05,0.6472491909385113,0.03076923076923077,0.04096385542168675,0.09722222222222222,0.1504424778761062,0.13333333333333333,0.125,0.19753086419753085,0.07894736842105263,0.04,0,0.04195804195804196,0,3,0.04054054054054054
"Michael Porter Jr.","BKN",13,424,5.793742757821553,9.84936268829664,0.46349942062572425,0.25,3.8238702201622248,0.17098445595854922,5.5619930475086905,0.24742268041237114,0.20930232558139536,1.7381228273464657,0,0,1.1587485515643106,0.05128205128205128,0.5793742757821553,0.023148148148148147,0.0364963503649635,0.16666666666666666,0.15,0.2413793103448276,0.2638888888888889,0.2,0.0684931506849315,0.058823529411764705,0,0.018867924528301886,0.03508771929824561,2,0.017857142857142856
"Herbert Jones","NOP",14,423,2.883506343713956,4.387990762124711,0.23094688221709006,0.15384615384615385,0.8083140877598153,0.05303030303030303,3.348729792147806,0.1380952380952381,0.10526315789473684,1.3824884792626728,0,0,0.576036866359447,0.02032520325203252,0.8064516129032258,0.03825136612021858,0.027972027972027972,0.06557377049180328,0.0392156862745098,0.05,0.14035087719298245,0.1282051282051282,0.03773584905660377,0.009900990099009901,0,0.04794520547945205,0,1,0.015384615384615385
"AJ Green","MIL",15,422,2.096317280453258,4.067796610169491,0.22598870056497175,0.14285714285714285,1.5819209039548023,0.07142857142857142,2.2598870056497176,0.10204081632653061,0.08673469387755102,0.11363636363636363,0,0,0,0,0.11363636363636363,0.0055248618784530384,0.002652519893899204,0.075,0.056179775280898875,0.1111111111111111,0.1118421052631579,0.06818181818181818,0,0,0,0.006622516556291391,0,1,0.018518518518518517
"Ajay Mitchell","OKC",15,421,3.2954545454545454,5.340909090909091,0.3409090909090909,0.12,2.272727272727273,0.09433962264150944,2.727272727272727,0.11267605633802817,0.10352941176470588,1.25,0,0,0.3409090909090909,0.01507537688442211,0.9090909090909091,0.03827751196172249,0.02696078431372549,0.07352941176470588,0.09900990099009901,0.11627906976744186,0.08928571428571429,0.2,0,0.009615384615384616,0.05405405405405406,0.04216867469879518,0.023255813953488372,1,0.009900990099009901
"Harrison Barnes","SAS",14,418,2.4004683840749412,3.8596491228070176,0.11695906432748537,0.07142857142857142,2.2222222222222223,0.07818930041152264,1.5204678362573099,0.07142857142857142,0.07529411764705882,0.9378663540445487,0,0,0.46893317702227433,0.025157232704402517,0.46893317702227433,0.020618556701030927,0.0226628895184136,0.10344827586206896,0.08,0.03571428571428571,0.06666666666666667,0.0851063829787234,0.03773584905660377,0.014084507042253521,0.02857142857142857,0.015384615384615385,0.03125,0,0
"Kelly Oubre Jr.","PHI",12,418,3.50373348650201,5.365296803652968,0.684931506849315,0.1935483870967742,2.1689497716894977,0.0867579908675799,2.5114155251141552,0.10476190476190476,0.09557109557109557,1.6184971098265897,0,0,0.9248554913294798,0.037037037037037035,0.6936416184971098,0.03076923076923077,0.0340632603406326,0.07865168539325842,0.1111111111111111,0.061224489795918366,0.09826589595375723,0.13513513513513514,0.034482758620689655,0.06493506493506493,0,0.037267080745341616,0,2,0.03076923076923077
"Grayson Allen","PHX",13,417,2.3121387283236996,3.9260969976905313,0.11547344110854503,0.05263157894736842,1.5011547344110854,0.065,2.3094688221709005,0.10050251256281408,0.08270676691729323,0.6944444444444444,0.11574074074074074,0.0625,0.3472222222222222,0.016129032258064516,0.23148148148148148,0.009259259259259259,0.012437810945273632,0.11864406779661017,0.03571428571428571,0.06896551724137931,0.07236842105263158,0.19148936170212766,0,0.008771929824561403,0.07407407407407407,0.011428571428571429,0,0,0
"Victor Wembanyama","SAS",12,416,9.022118742724098,15.268065268065268,0.9324009324009324,0.5,8.275058275058274,0.31277533039647576,6.0606060606060606,0.2524271844660194,0.2840646651270208,2.7906976744186047,0.23255813953488372,0.1,1.627906976744186,0.08045977011494253,0.9302325581395349,0.042328042328042326,0.06060606060606061,0.26582278481012656,0.3595505617977528,0.3050847457627119,0.2654320987654321,0.20454545454545456,0.10144927536231885,0.10144927536231885,0,0.056451612903225805,0.015384615384615385,4,0.038461538461538464
"Stephon Castle","SAS",13,416,4.31530494821634,6.32183908045977,0,0,3.5632183908045976,0.1336206896551724,2.7586206896551726,0.12972972972972974,0.13189448441247004,2.304147465437788,0,0,1.2672811059907834,0.06470588235294118,1.0368663594470047,0.043689320388349516,0.05319148936170213,0.10869565217391304,0.13541666666666666,0.18181818181818182,0.125,0.14634146341463414,0.11940298507462686,0.028169014084507043,0.03125,0.04861111111111111,0.03225806451612903,2,0.028985507246376812
"Gary Trent Jr.","MIL",15,415,1.38328530259366,2.6376146788990824,0,0,0.9174311926605505,0.04020100502512563,1.7201834862385321,0.08333333333333333,0.06068601583113457,0.11587485515643106,0,0,0.11587485515643106,0.00510204081632653,0,0,0.002583979328165375,0.04225352112676056,0.0196078431372549,0.11538461538461539,0.09090909090909091,0.05405405405405406,0,0.014925373134328358,0,0,0,1,0.012987012987012988
"Giannis Antetokounmpo","MIL",13,414,8.18815331010453,10.813953488372093,1.744186046511628,0.6,4.883720930232558,0.21105527638190955,4.186046511627907,0.18848167539267016,0.2,5.568445475638051,0.23201856148491878,0.04878048780487805,3.480278422273782,0.17751479289940827,1.8561484918793503,0.09090909090909091,0.13333333333333333,0.13333333333333333,0.25263157894736843,0.27586206896551724,0.19463087248322147,0.16666666666666666,0.20270270270270271,0.24489795918367346,0.06521739130434782,0.09090909090909091,0.09090909090909091,12,0.15
"Zach LaVine","SAC",12,412,2.4096385542168677,4.561003420752566,0.22805017103762829,0.06666666666666667,1.1402508551881414,0.060240963855421686,3.192702394526796,0.14583333333333334,0.10614525139664804,0.23094688221709006,0,0,0.11547344110854503,0.004405286343612335,0.11547344110854503,0.005494505494505495,0.004889975550122249,0,0.07777777777777778,0.12,0.1554054054054054,0.11363636363636363,0,0.009345794392523364,0,0,0.018518518518518517,1,0.011627906976744186
"Jamal Murray","DEN",12,412,3.93885949441505,7.050528789659224,0.5875440658049353,0.23809523809523808,2.4676850763807288,0.11475409836065574,3.9952996474735607,0.15668202764976957,0.1375,0.8235294117647058,0.11764705882352941,0.05263157894736842,0.5882352941176471,0.02564102564102564,0.11764705882352941,0.005747126436781609,0.016260162601626018,0.046511627906976744,0.11,0.2,0.13636363636363635,0.20634920634920634,0.046153846153846156,0.023255813953488372,0,0.0070921985815602835,0,2,0.018691588785046728
"Nic Claxton","BKN",14,412,6.11877624475105,7.177033492822966,0.5980861244019139,0.25,3.4688995215311005,0.16292134831460675,3.110047846889952,0.13829787234042554,0.15027322404371585,5.054151624548736,0,0,3.489771359807461,0.14948453608247422,1.5643802647412757,0.06074766355140187,0.10294117647058823,0.07352941176470588,0.1794871794871795,0.3125,0.1048951048951049,0.24444444444444444,0.14285714285714285,0.17857142857142858,0.09090909090909091,0.05660377358490566,0.07272727272727272,6,0.14285714285714285
"Nikola Vučević","CHI",13,409,7.475560667050029,11.954022988505747,0.5747126436781609,0.25,6.666666666666667,0.25,4.712643678160919,0.2192513368983957,0.23627684964200477,2.991944764096663,0.23014959723820483,0.16666666666666666,1.9562715765247412,0.0845771144278607,0.8055235903337169,0.03783783783783784,0.06217616580310881,0.21839080459770116,0.2647058823529412,0.27906976744186046,0.19718309859154928,0.28888888888888886,0.09900990099009901,0.07317073170731707,0.05555555555555555,0.03937007874015748,0.034482758620689655,5,0.0641025641025641
"Jarace Walker","IND",14,407,4.219653179190751,7.126436781609195,0.8045977011494253,0.22580645161290322,2.2988505747126435,0.11494252873563218,4.022988505747127,0.17412935323383086,0.14666666666666667,1.2790697674418605,0.23255813953488372,0.06451612903225806,0.3488372093023256,0.012605042016806723,0.6976744186046512,0.02843601895734597,0.0200445434298441,0.07936507936507936,0.1,0.22580645161290322,0.1986754966887417,0.1,0.011764705882352941,0.008695652173913044,0.02631578947368421,0.02976190476190476,0.023255813953488372,2,0.019801980198019802
"Quentin Grimes","PHI",13,406,2.9568302779420463,5.30035335689046,0,0,2.7090694935217905,0.11386138613861387,2.5912838633686692,0.10476190476190476,0.10922330097087378,0.5938242280285035,0,0,0.35629453681710216,0.013953488372093023,0.2375296912114014,0.011428571428571429,0.01282051282051282,0.06493506493506493,0.1,0.2222222222222222,0.10429447852760736,0.10638297872340426,0.013157894736842105,0.010638297872340425,0.022222222222222223,0.015037593984962405,0,1,0.014705882352941176
"Cason Wallace","OKC",14,406,2.5564803804994054,3.8049940546967895,0.11890606420927467,0.043478260869565216,1.426872770511296,0.05714285714285714,2.2592152199762188,0.10326086956521739,0.07868020304568528,1.3079667063020215,0,0,0.23781212841854935,0.011363636363636364,1.070154577883472,0.045,0.02925531914893617,0.056338028169014086,0.06,0.05128205128205128,0.10948905109489052,0.0851063829787234,0.01694915254237288,0.011111111111111112,0,0.04697986577181208,0.0392156862745098,3,0.05263157894736842
"Luka Dončić","LAL",11,405,5.58858501783591,10.119047619047619,0.7142857142857143,0.2857142857142857,4.166666666666667,0.21875,5.238095238095238,0.21052631578947367,0.2140921409214092,1.0688836104513064,0,0,0.9501187648456056,0.05755395683453238,0.1187648456057007,0.00510204081632653,0.026865671641791045,0.15217391304347827,0.21839080459770116,0.3333333333333333,0.21568627450980393,0.19642857142857142,0,0.07246376811594203,0.0967741935483871,0,0.023255813953488372,5,0.04
"Anthony Black","ORL",15,402,2.7677496991576414,4.6263345195729535,0,0,2.1352313167259784,0.08256880733944955,2.491103202846975,0.12650602409638553,0.1015625,0.8547008547008547,0,0,0.4884004884004884,0.0213903743315508,0.3663003663003663,0.01764705882352941,0.0196078431372549,0.05970149253731343,0.0859375,0.13043478260869565,0.11904761904761904,0.15,0.04477611940298507,0.011904761904761904,0,0.0234375,0,1,0.017543859649122806
"Nickeil Alexander-Walker","ATL",13,401,2.152414194299011,3.372093023255814,0.11627906976744186,0.041666666666666664,1.1627906976744187,0.046511627906976744,2.0930232558139537,0.08571428571428572,0.06588235294117648,0.9313154831199069,0,0,0.46565774155995343,0.022857142857142857,0.46565774155995343,0.022727272727272728,0.022792022792022793,0.06896551724137931,0.020618556701030927,0.06451612903225806,0.10416666666666667,0.045454545454545456,0.03278688524590164,0.022727272727272728,0,0.022727272727272728,0.022727272727272728,2,0.020833333333333332
"Stephen Curry","GSW",13,401,2.7167630057803467,5.080831408775982,0,0,2.540415704387991,0.12021857923497267,2.540415704387991,0.10837438423645321,0.11398963730569948,0.3472222222222222,0,0,0.11574074074074074,0.006535947712418301,0.23148148148148148,0.00904977375565611,0.008021390374331552,0.07407407407407407,0.14130434782608695,0.13513513513513514,0.1032258064516129,0.125,0.014084507042253521,0,0,0.005649717514124294,0.022727272727272728,0,0
"Jrue Holiday","POR",12,401,3.652173913043478,5.452436194895592,0.23201856148491878,0.1111111111111111,3.1322505800464038,0.13705583756345177,2.0881670533642693,0.09782608695652174,0.11811023622047244,1.853997682502897,0,0,0.6952491309385863,0.03571428571428571,1.1587485515643106,0.04201680672268908,0.03940886699507389,0.13157894736842105,0.1125,0.1951219512195122,0.10526315789473684,0.0784313725490196,0.02631578947368421,0.05555555555555555,0,0.047872340425531915,0.02,2,0.023809523809523808
"Shaedon Sharpe","POR",14,400,4.060324825986079,5.902777777777778,0,0,2.8935185185185186,0.12376237623762376,3.009259259259259,0.14444444444444443,0.13350785340314136,2.2093023255813953,0,0,0.46511627906976744,0.021052631578947368,1.744186046511628,0.06329113924050633,0.04449648711943794,0.07407407407407407,0.1411764705882353,0.19444444444444445,0.1796875,0.057692307692307696,0.010638297872340425,0.047619047619047616,0,0.0625,0.06666666666666667,6,0.045454545454545456
"Cedric Coward","MEM",15,399,5.5813953488372094,8.236658932714617,0.8120649651972158,0.3333333333333333,2.668213457076566,0.12637362637362637,4.756380510440835,0.19339622641509435,0.16243654822335024,2.913752913752914,0.2331002331002331,0.16666666666666666,1.2820512820512822,0.05583756345177665,1.3986013986013985,0.05555555555555555,0.05569007263922518,0.14,0.09,0.21875,0.18125,0.23076923076923078,0.03125,0.07207207207207207,0.045454545454545456,0.05357142857142857,0.0625,8,0.11594202898550725
"Russell Westbrook","SAC",14,399,5.3395240858966915,7.906976744186046,0.9302325581395349,0.27586206896551724,3.13953488372093,0.15517241379310345,3.8372093023255816,0.17553191489361702,0.16574585635359115,2.7809965237543453,0,0,1.969872537659328,0.07296137339055794,0.8111239860950173,0.04516129032258064,0.061855670103092786,0.08333333333333333,0.16326530612244897,0.25,0.18115942028985507,0.16,0.03125,0.09009009009009009,0.08620689655172414,0.03773584905660377,0.061224489795918366,1,0.012658227848101266
"Naji Marshall","DAL",15,394,4.2377869334902885,7.001166861143524,0.3500583430571762,0.1,3.38389731621937,0.12831858407079647,3.267211201866978,0.15384615384615385,0.13970588235294118,1.4251781472684086,0,0,0.831353919239905,0.037037037037037035,0.5938242280285035,0.026041666666666668,0.031496062992125984,0.13513513513513514,0.12396694214876033,0.12903225806451613,0.16783216783216784,0.10256410256410256,0.04477611940298507,0.04597701149425287,0,0.02962962962962963,0.017543859649122806,1,0.02
"Paolo Banchero","ORL",12,393,6.253758268190018,11.151079136690647,1.4388489208633093,0.35294117647058826,5.635491606714628,0.22705314009661837,4.07673860911271,0.20238095238095238,0.216,1.3268998793727382,0,0,0.8443908323281062,0.036458333333333336,0.4825090470446321,0.025157232704402517,0.03133903133903134,0.234375,0.21238938053097345,0.26666666666666666,0.1875,0.25,0.05555555555555555,0.03409090909090909,0,0.016666666666666666,0.05128205128205128,4,0.05
"Santi Aldama","MEM",15,384,6.219512195121951,9.512195121951219,1.2195121951219512,0.43478260869565216,3.7804878048780486,0.18235294117647058,4.512195121951219,0.1796116504854369,0.18085106382978725,2.926829268292683,0,0,1.3414634146341464,0.06111111111111111,1.5853658536585367,0.06103286384976526,0.061068702290076333,0.08695652173913043,0.19101123595505617,0.2857142857142857,0.18902439024390244,0.14285714285714285,0.0847457627118644,0.06315789473684211,0,0.07228915662650602,0.02127659574468085,7,0.08536585365853659
"CJ McCollum","WAS",13,384,2.542372881355932,4.004854368932039,0.12135922330097088,0.038461538461538464,1.941747572815534,0.0784313725490196,1.941747572815534,0.08791208791208792,0.08290155440414508,1.0869565217391304,0.12077294685990338,0.04,0.12077294685990338,0.0047169811320754715,0.8454106280193237,0.03932584269662921,0.020512820512820513,0.04938271604938271,0.09278350515463918,0.11538461538461539,0.10638297872340426,0.024390243902439025,0,0,0.03225806451612903,0.03546099290780142,0.05405405405405406,2,0.020202020202020204
"Julian Champagnie","SAS",14,381,3.9597737272155875,6.540880503144654,0.6289308176100629,0.38461538461538464,3.018867924528302,0.11214953271028037,2.893081761006289,0.13529411764705881,0.12239583333333333,1.3819095477386936,0,0,0.7537688442211056,0.0375,0.628140703517588,0.02702702702702703,0.03188405797101449,0.1038961038961039,0.08045977011494253,0.18,0.14173228346456693,0.11627906976744186,0.03225806451612903,0.04477611940298507,0.03225806451612903,0.015748031496062992,0.05172413793103448,2,0.03773584905660377
"Jaylen Wells","MEM",15,380,3.2055311125078565,4.2446941323345815,0.37453183520599254,0.14285714285714285,1.4981273408239701,0.07643312101910828,2.3720349563046192,0.09644670050761421,0.08757062146892655,2.151898734177215,0,0,1.139240506329114,0.04522613065326633,1.0126582278481013,0.04,0.042606516290726815,0.07317073170731707,0.056818181818181816,0.14285714285714285,0.09933774834437085,0.08695652173913043,0.05357142857142857,0.03571428571428571,0.06451612903225806,0.0392156862745098,0.0425531914893617,7,0.08860759493670886
"Terance Mann","BKN",14,380,2.853437094682231,2.9831387808041505,0.1297016861219196,0.05555555555555555,1.556420233463035,0.07741935483870968,1.297016861219196,0.06097560975609756,0.06896551724137931,2.7237354085603114,0,0,1.297016861219196,0.05747126436781609,1.4267185473411155,0.05365853658536585,0.055408970976253295,0.05357142857142857,0.10526315789473684,0.043478260869565216,0.05737704918032787,0.07142857142857142,0.030303030303030304,0.0945945945945946,0.029411764705882353,0.039473684210526314,0.09433962264150944,2,0.0425531914893617
"Josh Giddey","CHI",11,379,7.085146053449347,11.895910780669144,1.2391573729863692,0.4,5.8240396530359355,0.21266968325791855,4.83271375464684,0.21787709497206703,0.215,2.2443890274314215,0,0,1.2468827930174564,0.05434782608695652,0.9975062344139651,0.046242774566473986,0.05042016806722689,0.13333333333333333,0.2619047619047619,0.2765957446808511,0.2222222222222222,0.20454545454545456,0.03296703296703297,0.07894736842105263,0.058823529411764705,0.05217391304347826,0.034482758620689655,8,0.09876543209876543
"Svi Mykhailiuk","UTA",14,378,2.279924002533249,3.2953105196451205,0.38022813688212925,0.21428571428571427,1.0139416983523448,0.04519774011299435,1.9011406844106464,0.07317073170731707,0.060209424083769635,1.2658227848101267,0,0,0.5063291139240507,0.021052631578947368,0.759493670886076,0.026200873362445413,0.02386634844868735,0.041666666666666664,0.04081632653061224,0.06451612903225806,0.07692307692307693,0.061224489795918366,0.057692307692307696,0.008771929824561403,0,0.027932960893854747,0.02,0,0
"Matas Buzelis","CHI",13,378,4.419889502762431,6.845965770171149,0.12224938875305623,0.047619047619047616,3.7897310513447433,0.14761904761904762,2.93398533007335,0.14035087719298245,0.14435695538057744,1.972872996300863,0,0,0.6165228113440198,0.02564102564102564,1.3563501849568433,0.0658682634730539,0.04419889502762431,0.13414634146341464,0.15730337078651685,0.15384615384615385,0.14634146341463414,0.125,0.02727272727272727,0.013888888888888888,0.07692307692307693,0.05263157894736842,0.09433962264150944,2,0.029850746268656716
"Alex Sarr","WAS",13,377,6.683480453972257,9.398496240601503,0.37593984962406013,0.13636363636363635,4.636591478696742,0.18781725888324874,4.385964912280702,0.18716577540106952,0.1875,3.934010152284264,0,0,3.4263959390862944,0.13917525773195877,0.5076142131979695,0.024242424242424242,0.08635097493036212,0.1794871794871795,0.1875,0.21739130434782608,0.1793103448275862,0.21428571428571427,0.19148936170212766,0.14166666666666666,0.037037037037037035,0.031746031746031744,0,10,0.136986301369863
"Jalen Duren","DET",13,376,9.923175416133162,12.307692307692308,1.9230769230769231,0.5769230769230769,5.128205128205129,0.21505376344086022,5.256410256410256,0.211340206185567,0.2131578947368421,7.544757033248082,0,0,4.987212276214834,0.19597989949748743,2.557544757033248,0.12578616352201258,0.164804469273743,0.14285714285714285,0.21568627450980393,0.35714285714285715,0.2517482517482518,0.09803921568627451,0.2682926829268293,0.14285714285714285,0.15789473684210525,0.12280701754385964,0.13333333333333333,5,0.14285714285714285
"Sion James","CHA",14,374,2.8241335044929397,4.942965779467681,0.5069708491761724,0.21052631578947367,2.788339670468948,0.11055276381909548,1.6476552598225602,0.08333333333333333,0.09859154929577464,0.6501950585175552,0,0,0,0,0.6501950585175552,0.02512562814070352,0.013966480446927373,0.16,0.09090909090909091,0.05555555555555555,0.07633587786259542,0.12,0,0,0,0.03289473684210526,0,0,0
"Jalen Brunson","NYK",11,373,2.4904214559386975,4.353393085787452,0,0,1.6645326504481435,0.08552631578947369,2.6888604353393086,0.10880829015544041,0.09855072463768116,0.6369426751592356,0,0,0.25477707006369427,0.010810810810810811,0.3821656050955414,0.014778325123152709,0.01288659793814433,0.07575757575757576,0.0392156862745098,0.17142857142857143,0.09933774834437085,0.14285714285714285,0,0,0.09523809523809523,0.02,0,2,0.017543859649122806
"OG Anunoby","NYK",12,373,4.305912596401028,6.177606177606178,0.1287001287001287,0.07142857142857142,2.7027027027027026,0.1320754716981132,3.346203346203346,0.13541666666666666,0.1339031339031339,2.4390243902439024,0,0,1.4120667522464698,0.05945945945945946,1.0269576379974326,0.03827751196172249,0.048223350253807105,0.07142857142857142,0.14285714285714285,0.225,0.13986013986013987,0.12244897959183673,0.07142857142857142,0.038461538461538464,0.08695652173913043,0.05405405405405406,0,3,0.046153846153846156
"Kyshawn George","WAS",12,371,4.594084329767149,8.291457286432161,1.256281407035176,0.4,3.0150753768844223,0.12972972972972974,4.0201005025125625,0.1711229946524064,0.15053763440860216,0.8827238335435057,0.12610340479192939,0.041666666666666664,0.6305170239596469,0.024630541871921183,0.12610340479192939,0.005988023952095809,0.016216216216216217,0.14285714285714285,0.11764705882352941,0.13043478260869565,0.16901408450704225,0.17777777777777778,0.057692307692307696,0.017241379310344827,0,0.007352941176470588,0,2,0.03278688524590164
"Jeremiah Fears","NOP",14,369,2.7206370272063705,4.005340453938585,0,0,1.7356475300400533,0.0948905109489051,2.2696929238985315,0.09941520467836257,0.09740259740259741,1.4511873350923483,0,0,0.7915567282321899,0.027906976744186046,0.6596306068601583,0.029940119760479042,0.028795811518324606,0.07142857142857142,0.13114754098360656,0.05,0.11538461538461539,0.04878048780487805,0.03571428571428571,0.01020408163265306,0.06060606060606061,0.030534351145038167,0.027777777777777776,0,0
"Anfernee Simons","BOS",15,368,2.2525597269624575,3.830369357045144,0,0,1.231190150478796,0.05421686746987952,2.5991792065663475,0.10919540229885058,0.08235294117647059,0.6811989100817438,0,0,0.1362397820163488,0.006493506493506494,0.5449591280653951,0.01680672268907563,0.012755102040816327,0.05660377358490566,0.07407407407407407,0,0.0948905109489051,0.16216216216216217,0.021739130434782608,0,0,0.014492753623188406,0.03225806451612903,0,0
"Neemias Queta","BOS",15,367,8.350586611456176,10.387811634349031,0.4155124653739612,0.17647058823529413,5.124653739612189,0.18592964824120603,4.847645429362881,0.19553072625698323,0.19047619047619047,6.327372764786795,0,0,3.8514442916093534,0.1564245810055866,2.4759284731774414,0.09375,0.12398921832884097,0.1320754716981132,0.21296296296296297,0.18421052631578946,0.20422535211267606,0.16216216216216217,0.1320754716981132,0.1791044776119403,0.15254237288135594,0.10559006211180125,0.03225806451612903,5,0.14285714285714285
"Collin Gillespie","PHX",15,365,4.0829986613119145,6.174496644295302,0,0,2.8187919463087248,0.12209302325581395,3.3557046979865772,0.14450867052023122,0.13333333333333333,2.0026702269692924,0,0,0.6675567423230975,0.029585798816568046,1.335113484646195,0.05181347150259067,0.04143646408839779,0.07407407407407407,0.10344827586206896,0.25806451612903225,0.14393939393939395,0.14634146341463414,0.022222222222222223,0.03,0.041666666666666664,0.05128205128205128,0.05405405405405406,0,0
"Domantas Sabonis","SAC",11,365,8.664955070603337,12.515964240102171,1.40485312899106,0.39285714285714285,6.768837803320562,0.381294964028777,4.342273307790549,0.20118343195266272,0.2824675324675325,4.774193548387097,0,0,3.4838709677419355,0.12442396313364056,1.2903225806451613,0.06369426751592357,0.09893048128342247,0.45454545454545453,0.4027777777777778,0.17391304347826086,0.18699186991869918,0.2391304347826087,0.18571428571428572,0.12244897959183673,0.04081632653061224,0.05405405405405406,0.08695652173913043,6,0.10526315789473684
"Aaron Gordon","DEN",12,365,4.963600264725348,7.417218543046357,0.13245033112582782,0.08333333333333333,2.781456953642384,0.1242603550295858,4.503311258278146,0.1650485436893204,0.14666666666666667,2.513227513227513,0.13227513227513227,0.05555555555555555,1.5873015873015872,0.07142857142857142,0.7936507936507936,0.03614457831325301,0.05389221556886228,0.1276595744680851,0.07865168539325842,0.24242424242424243,0.1597222222222222,0.1774193548387097,0.078125,0.058823529411764705,0.08333333333333333,0.04477611940298507,0,4,0.06060606060606061
"Jabari Smith Jr.","HOU",11,363,4.739336492890995,7.681940700808625,0.6738544474393531,0.25,4.0431266846361185,0.15463917525773196,2.964959568733154,0.13253012048192772,0.14444444444444443,1.7687074829931972,0.1360544217687075,0.06666666666666667,0.9523809523809523,0.033816425120772944,0.6802721088435374,0.045871559633027525,0.0379746835443038,0.15625,0.12371134020618557,0.24242424242424243,0.14393939393939395,0.08823529411764706,0.04838709677419355,0.028846153846153848,0.024390243902439025,0.04285714285714286,0.05128205128205128,3,0.04918032786885246
"Kyle Kuzma","MIL",14,362,4.062909567496724,6.806282722513089,0.2617801047120419,0.11764705882352941,2.6178010471204187,0.12121212121212122,3.926701570680628,0.16129032258064516,0.14245014245014245,1.3123359580052494,0,0,1.0498687664041995,0.045714285714285714,0.26246719160104987,0.011976047904191617,0.029239766081871343,0.06451612903225806,0.19480519480519481,0.038461538461538464,0.13013698630136986,0.275,0.06779661016949153,0.04225352112676056,0.022222222222222223,0.008333333333333333,0.02127659574468085,2,0.03225806451612903
"Jerami Grant","POR",13,362,2.5016035920461834,3.5714285714285716,0.5102040816326531,0.21052631578947367,1.0204081632653061,0.047619047619047616,2.0408163265306123,0.10596026490066225,0.07523510971786834,1.4193548387096775,0,0,0.9032258064516129,0.03888888888888889,0.5161290322580645,0.02040816326530612,0.02925531914893617,0.07272727272727272,0.02702702702702703,0.05128205128205128,0.11320754716981132,0.08888888888888889,0.058823529411764705,0.029850746268656716,0,0.0189873417721519,0.02631578947368421,3,0.04477611940298507
"Ryan Dunn","PHX",15,361,4.9966239027684,6.032171581769437,0.5361930294906166,0.2857142857142857,2.9490616621983916,0.13414634146341464,2.546916890080429,0.09895833333333333,0.1151685393258427,3.945578231292517,0.272108843537415,0.1111111111111111,1.3605442176870748,0.05813953488372093,2.312925170068027,0.09659090909090909,0.07758620689655173,0.0784313725490196,0.1,0.30303030303030304,0.08108108108108109,0.1590909090909091,0,0.07920792079207921,0.07142857142857142,0.10526315789473684,0.06976744186046512,4,0.0784313725490196
"Jonathan Kuminga","GSW",13,360,5.70670205706702,8.552631578947368,0.6578947368421053,0.38461538461538464,3.4210526315789473,0.16455696202531644,4.473684210526316,0.2,0.18292682926829268,2.8112449799196786,0,0,1.07095046854083,0.0625,1.7402945113788488,0.06310679611650485,0.06287425149700598,0.16666666666666666,0.14772727272727273,0.20588235294117646,0.18045112781954886,0.2702702702702703,0.06666666666666667,0.07407407407407407,0.034482758620689655,0.07738095238095238,0,3,0.04918032786885246
"Kris Dunn","LAC",14,360,2.420470262793914,3.1636863823933976,0.1375515818431912,0.09090909090909091,0.9628610729023384,0.041176470588235294,2.063273727647868,0.09036144578313253,0.06547619047619048,1.6689847009735743,0,0,0.8344923504867872,0.0392156862745098,0.8344923504867872,0.03571428571428571,0.037383177570093455,0.03773584905660377,0.03409090909090909,0.06896551724137931,0.08759124087591241,0.10344827586206896,0.041666666666666664,0.025,0.08,0.031746031746031744,0.047619047619047616,2,0.05714285714285714
"Jock Landale","MEM",15,360,5.493050959629384,6.357615894039735,0.3973509933774834,0.16666666666666666,3.443708609271523,0.16883116883116883,2.5165562913907285,0.11728395061728394,0.14240506329113925,4.62962962962963,0.13227513227513227,0.1,2.513227513227513,0.09743589743589744,1.9841269841269842,0.07177033492822966,0.08415841584158416,0.18518518518518517,0.16666666666666666,0.13636363636363635,0.11666666666666667,0.11904761904761904,0.15789473684210525,0.07766990291262135,0.05714285714285714,0.075,0.061224489795918366,3,0.06976744186046512
"Ronald Holland II","DET",15,358,3.8283828382838285,5.928853754940712,0.2635046113306983,0.06896551724137931,2.1080368906455864,0.09302325581395349,3.5573122529644268,0.15789473684210525,0.12536443148688048,1.7195767195767195,0,0,0.9259259259259259,0.03684210526315789,0.7936507936507936,0.0379746835443038,0.03735632183908046,0.09230769230769231,0.10588235294117647,0.045454545454545456,0.1450381679389313,0.2,0.014285714285714285,0.052083333333333336,0.041666666666666664,0.037383177570093455,0.0392156862745098,1,0.015625
"Saddiq Bey","NOP",13,358,4.172274562584119,5.213903743315508,0.13368983957219252,0.125,1.4705882352941178,0.08461538461538462,3.609625668449198,0.13636363636363635,0.11585365853658537,3.116531165311653,0,0,2.032520325203252,0.07575757575757576,1.084010840108401,0.046511627906976744,0.062162162162162166,0.0392156862745098,0.12727272727272726,0.08333333333333333,0.14285714285714285,0.11363636363636363,0.0975609756097561,0.05813953488372093,0.06666666666666667,0.04580152671755725,0.04878048780487805,6,0.09090909090909091
"John Collins","LAC",14,355,4.721634954193093,6.741573033707865,0.42134831460674155,0.17647058823529413,2.808988764044944,0.125,3.5112359550561796,0.12755102040816327,0.12640449438202248,2.6874115983026874,0.2828854314002829,0.2,0.7072135785007072,0.03205128205128205,1.6973125884016973,0.0718562874251497,0.05263157894736842,0.1320754716981132,0.12,0.125,0.12962962962962962,0.11764705882352941,0.045454545454545456,0.033707865168539325,0,0.07142857142857142,0.07317073170731707,1,0.018518518518518517
"Ben Sheppard","IND",14,354,4.225352112676056,6.864064602960969,0.8075370121130552,0.2,2.826379542395693,0.13548387096774195,3.2301480484522207,0.13872832369942195,0.13719512195121952,1.6042780748663101,0,0,0.6684491978609626,0.0228310502283105,0.9358288770053476,0.036458333333333336,0.029197080291970802,0.08163265306122448,0.12658227848101267,0.25925925925925924,0.13846153846153847,0.13953488372093023,0.013157894736842105,0.020202020202020204,0.045454545454545456,0.0392156862745098,0.02564102564102564,1,0.015384615384615385
"Tristan da Silva","ORL",15,353,4.02498265093685,5.955678670360111,0.2770083102493075,0.10526315789473684,3.4626038781163433,0.11848341232227488,2.21606648199446,0.10457516339869281,0.11263736263736264,2.086230876216968,0,0,0.8344923504867872,0.03870967741935484,1.2517385257301807,0.055900621118012424,0.04746835443037975,0.1643835616438356,0.10810810810810811,0.037037037037037035,0.11570247933884298,0.0625,0.05084745762711865,0.039473684210526314,0,0.05785123966942149,0.05,6,0.09230769230769231
"Donovan Clingan","POR",14,350,8.646112600536194,8.544726301735647,0.26702269692923897,0.13333333333333333,4.539385847797063,0.19428571428571428,3.7383177570093458,0.1696969696969697,0.18235294117647058,8.748317631224765,0.4037685060565276,0.2,5.383580080753701,0.24539877300613497,2.9609690444145356,0.09691629955947137,0.15897435897435896,0.20833333333333334,0.21739130434782608,0.11764705882352941,0.18032786885245902,0.13953488372093023,0.3076923076923077,0.15625,0.2857142857142857,0.09944751381215469,0.08695652173913043,11,0.22916666666666666
"Javonte Green","DET",15,349,3.8229376257545273,5.695364238410596,0.3973509933774834,0.13043478260869565,2.6490066225165565,0.11904761904761904,2.6490066225165565,0.11173184357541899,0.11527377521613832,1.9021739130434783,0.1358695652173913,0.027777777777777776,0.9510869565217391,0.038461538461538464,0.8152173913043478,0.04285714285714286,0.040372670807453416,0.09615384615384616,0.1368421052631579,0.09523809523809523,0.125,0.06976744186046512,0.0641025641025641,0.022988505747126436,0,0.049019607843137254,0.02631578947368421,1,0.0196078431372549
"Bub Carrington","WAS",13,349,3.5016835016835017,6.586021505376344,0.5376344086021505,0.19047619047619047,3.0913978494623655,0.12568306010928962,2.956989247311828,0.13333333333333333,0.12931034482758622,0.4048582995951417,0,0,0.2699055330634278,0.01092896174863388,0.1349527665317139,0.006097560975609756,0.008645533141210375,0.0684931506849315,0.14942528735632185,0.21739130434782608,0.1366906474820144,0.11538461538461539,0.0196078431372549,0.01,0,0.007692307692307693,0,0,0
"Noah Clowney","BKN",14,348,3.6905606813342797,5.923836389280677,0.4231311706629055,0.16666666666666666,3.5260930888575457,0.1724137931034483,1.9746121297602257,0.09090909090909091,0.13043478260869565,1.4285714285714286,0.14285714285714285,0.034482758620689655,0.2857142857142857,0.013333333333333334,1,0.03763440860215054,0.026785714285714284,0.140625,0.20689655172413793,0.17391304347826086,0.09243697478991597,0.08571428571428572,0,0.01694915254237288,0.030303030303030304,0.027972027972027972,0.06976744186046512,0,0
"Kentavious Caldwell-Pope","MEM",15,346,2.6548672566371683,4.471544715447155,0.13550135501355012,0.05,1.4905149051490514,0.06395348837209303,2.845528455284553,0.13725490196078433,0.09846153846153846,0.8207934336525308,0,0,0.5471956224350205,0.020512820512820513,0.27359781121751026,0.01092896174863388,0.015873015873015872,0.09615384615384616,0.05154639175257732,0.043478260869565216,0.1452991452991453,0.1111111111111111,0.018518518518518517,0.018691588785046728,0.029411764705882353,0.014084507042253521,0,1,0.016129032258064516
"Ryan Kalkbrenner","CHA",13,346,6.340454858718125,6.944444444444445,0.4166666666666667,0.15789473684210525,4.166666666666667,0.15706806282722513,2.361111111111111,0.10897435897435898,0.13544668587896252,5.745554035567715,0,0,2.735978112175103,0.1360544217687075,3.009575923392613,0.11398963730569948,0.12352941176470589,0.21212121212121213,0.10989010989010989,0.17647058823529413,0.08130081300813008,0.21212121212121213,0.2,0.1095890410958904,0,0.09027777777777778,0.1836734693877551,1,0.125
"De'Andre Hunter","CLE",12,346,3.8565629228687417,6.7294751009421265,0.2691790040376851,0.14285714285714285,2.288021534320323,0.0918918918918919,4.172274562584119,0.2012987012987013,0.1415929203539823,0.9523809523809523,0,0,0.1360544217687075,0.006493506493506494,0.8163265306122449,0.02857142857142857,0.019230769230769232,0.08860759493670886,0.08333333333333333,0.13636363636363635,0.16964285714285715,0.2857142857142857,0,0.011363636363636364,0,0.017341040462427744,0.08108108108108109,1,0.012048192771084338
"Ja Morant","MEM",12,345,2.813127930341594,4.825737265415549,0.2680965147453083,0.09090909090909091,2.4128686327077746,0.10909090909090909,2.1447721179624666,0.10526315789473684,0.10725552050473186,0.8032128514056225,0,0,0.2677376171352075,0.011428571428571429,0.535475234270415,0.02127659574468085,0.01652892561983471,0.0784313725490196,0.12631578947368421,0.10526315789473684,0.11304347826086956,0.08108108108108109,0,0.021739130434782608,0,0.0273972602739726,0,2,0.018018018018018018
"Norman Powell","MIA",11,345,2.74869109947644,5.098039215686274,0.26143790849673204,0.09523809523809523,2.2222222222222223,0.09826589595375723,2.6143790849673203,0.09523809523809523,0.09660574412532637,0.3931847968545216,0,0,0.2621231979030144,0.010309278350515464,0.1310615989515072,0.007246376811594203,0.009036144578313253,0.0851063829787234,0.102803738317757,0.10526315789473684,0.06962025316455696,0.17307692307692307,0,0.018867924528301886,0,0.010638297872340425,0,1,0.012048192771084338
"Moses Moody","GSW",14,345,2.7491408934707904,4.532967032967033,0,0,2.4725274725274726,0.09278350515463918,2.0604395604395602,0.10273972602739725,0.09705882352941177,0.9628610729023384,0,0,0.2751031636863824,0.014285714285714285,0.687757909215956,0.026595744680851064,0.021341463414634148,0.046153846153846156,0.1188118811881188,0.10714285714285714,0.09009009009009009,0.14285714285714285,0.021739130434782608,0.014705882352941176,0,0.03597122302158273,0,0,0
"Kevin Huerter","CHI",13,343,3.5762483130904186,5.9620596205962055,0.4065040650406504,0.14285714285714285,2.5745257452574526,0.10160427807486631,2.9810298102981028,0.13836477987421383,0.11849710982658959,1.2096774193548387,0,0,0.8064516129032258,0.03468208092485549,0.4032258064516129,0.0196078431372549,0.027607361963190184,0.08974358974358974,0.1038961038961039,0.125,0.125,0.1794871794871795,0.04395604395604396,0.02857142857142857,0,0.01818181818181818,0.023255813953488372,2,0.03225806451612903
"Jusuf Nurkić","UTA",14,342,9.054054054054054,13.956639566395664,0.8130081300813008,0.46153846153846156,6.368563685636857,0.3092105263157895,6.775067750677507,0.2604166666666667,0.2819767441860465,4.177897574123989,0,0,2.6954177897574123,0.10989010989010989,1.482479784366577,0.05670103092783505,0.08244680851063829,0.35555555555555557,0.3181818181818182,0.15789473684210525,0.2565789473684211,0.275,0.10638297872340426,0.10476190476190476,0.13333333333333333,0.059602649006622516,0.046511627906976744,5,0.1
"Kel'el Ware","MIA",14,342,8.921438082556591,12.433862433862434,1.0582010582010581,0.4444444444444444,5.158730158730159,0.21787709497206703,6.216931216931217,0.22065727699530516,0.2193877551020408,5.361930294906166,0,0,4.021447721179625,0.15625,1.3404825737265416,0.07092198581560284,0.12012012012012012,0.19642857142857142,0.23469387755102042,0.2,0.22929936305732485,0.19642857142857142,0.14492753623188406,0.19,0.043478260869565216,0.0625,0.08888888888888889,6,0.1276595744680851
"Collin Sexton","CHA",13,342,2.1632937892533146,3.739612188365651,0.4155124653739612,0.12,1.8005540166204985,0.07344632768361582,1.5235457063711912,0.0763888888888889,0.07476635514018691,0.5625879043600562,0,0,0.4219409282700422,0.019867549668874173,0.14064697609001406,0.006329113924050633,0.012944983818770227,0.10144927536231885,0.06944444444444445,0.027777777777777776,0.08196721311475409,0.045454545454545456,0.017857142857142856,0.02564102564102564,0,0.008,0,1,0.016666666666666666
"Naz Reid","MIN",14,338,6.058446186742694,9.770114942528735,1.0057471264367817,0.35,5.890804597701149,0.23976608187134502,2.8735632183908044,0.13157894736842105,0.18885448916408668,2.4045261669024045,0.14144271570014144,0.047619047619047616,1.1315417256011315,0.05161290322580645,1.1315417256011315,0.04819277108433735,0.04984423676012461,0.2608695652173913,0.26666666666666666,0.1111111111111111,0.08403361344537816,0.30303030303030304,0.05263157894736842,0.05263157894736842,0.045454545454545456,0.034482758620689655,0.08,2,0.029411764705882353
"Marcus Smart","LAL",12,338,2.0336605890603088,3.085553997194951,0,0,1.262272089761571,0.06338028169014084,1.8232819074333801,0.07065217391304347,0.06748466257668712,0.9817671809256662,0,0,0.1402524544179523,0.007518796992481203,0.8415147265077139,0.03773584905660377,0.023972602739726026,0.04878048780487805,0.03896103896103896,0.16666666666666666,0.08270676691729323,0.0392156862745098,0,0.014084507042253521,0,0.022900763358778626,0.10714285714285714,1,0.0196078431372549
"Jarrett Allen","CLE",13,335,6.8088033012379645,9.366391184573002,0.9641873278236914,0.3888888888888889,3.581267217630854,0.15028901734104047,4.820936639118457,0.22435897435897437,0.18541033434650456,4.258241758241758,0,0,2.4725274725274726,0.11920529801324503,1.7857142857142858,0.07738095238095238,0.09717868338557993,0.11594202898550725,0.19480519480519481,0.1111111111111111,0.2222222222222222,0.23076923076923078,0.13953488372093023,0.13953488372093023,0,0.06976744186046512,0.10256410256410256,3,0.08108108108108109
"Aaron Nesmith","IND",11,335,3.5050071530758227,4.551920341394026,0.1422475106685633,0.0625,2.275960170697013,0.10738255033557047,2.1337126600284493,0.09615384615384616,0.10163934426229508,2.446043165467626,0.14388489208633093,0.05,0.8633093525179856,0.02843601895734597,1.4388489208633093,0.06134969325153374,0.0427807486631016,0.043478260869565216,0.13513513513513514,0.13793103448275862,0.0847457627118644,0.13157894736842105,0.02666666666666667,0.030927835051546393,0.02564102564102564,0.06766917293233082,0.03333333333333333,4,0.05
"Keldon Johnson","SAS",14,331,6.44216691068814,8.321167883211679,0.43795620437956206,0.2727272727272727,3.795620437956204,0.14857142857142858,4.087591240875913,0.17073170731707318,0.1592920353982301,4.552129221732746,0.2936857562408223,0.13333333333333333,2.0558002936857562,0.0915032679738562,2.202643171806167,0.09554140127388536,0.0935483870967742,0.11475409836065574,0.1506849315068493,0.1951219512195122,0.18181818181818182,0.13953488372093023,0.08955223880597014,0.07936507936507936,0.13043478260869565,0.09900990099009901,0.08928571428571429,2,0.05263157894736842
"Isaac Okoro","CHI",13,330,2.6792179580014484,3.0303030303030303,0.1443001443001443,0.05263157894736842,1.443001443001443,0.05235602094240838,1.443001443001443,0.0684931506849315,0.05934718100890208,2.3255813953488373,0,0,1.744186046511628,0.06857142857142857,0.5813953488372093,0.02877697841726619,0.050955414012738856,0.07894736842105263,0.02531645569620253,0.05555555555555555,0.05357142857142857,0.11764705882352941,0.07777777777777778,0.058823529411764705,0.058823529411764705,0.021052631578947368,0.045454545454545456,3,0.08333333333333333
"D'Angelo Russell","DAL",15,330,3.0303030303030303,5.057803468208093,0.5780346820809249,0.16666666666666666,2.4566473988439306,0.0913978494623656,2.023121387283237,0.08695652173913043,0.0893371757925072,1.0086455331412103,0,0,0.4322766570605187,0.018633540372670808,0.5763688760806917,0.02564102564102564,0.022082018927444796,0.17857142857142858,0.06796116504854369,0,0.08661417322834646,0.08823529411764706,0.018867924528301886,0.012987012987012988,0.03225806451612903,0.018518518518518517,0.041666666666666664,3,0.030927835051546393
"Tre Jones","CHI",11,329,3.10515172900494,4.915730337078652,0.1404494382022472,0.05555555555555555,1.8258426966292134,0.07103825136612021,2.949438202247191,0.15217391304347827,0.1059190031152648,1.2765957446808511,0,0,0.851063829787234,0.03428571428571429,0.425531914893617,0.02097902097902098,0.02830188679245283,0.03896103896103896,0.06578947368421052,0.16666666666666666,0.12371134020618557,0.21951219512195122,0.04716981132075472,0.017241379310344827,0,0.02830188679245283,0,1,0.02857142857142857
"Chet Holmgren","OKC",11,328,6.6911764705882355,10.735294117647058,0.5882352941176471,0.3333333333333333,5.294117647058823,0.21052631578947367,4.852941176470588,0.21153846153846154,0.21100917431192662,2.6470588235294117,0,0,2.2058823529411766,0.09375,0.4411764705882353,0.022058823529411766,0.060810810810810814,0.12,0.23809523809523808,0.2702702702702703,0.21428571428571427,0.20454545454545456,0.17647058823529413,0.07142857142857142,0,0.008928571428571428,0.08333333333333333,3,0.06666666666666667
"Tre Johnson","WAS",13,327,2.949438202247191,4.895104895104895,0.5594405594405595,0.2,2.237762237762238,0.0975609756097561,2.097902097902098,0.0872093023255814,0.09226190476190477,0.9873060648801129,0,0,0.4231311706629055,0.0189873417721519,0.5641748942172073,0.025477707006369428,0.022222222222222223,0.11864406779661017,0.05813953488372093,0.21052631578947367,0.08333333333333333,0.1,0.025,0.02197802197802198,0,0.022727272727272728,0.04,1,0.013513513513513514
"Mark Williams","PHX",13,326,7.737226277372263,9.941520467836257,1.023391812865497,0.5384615384615384,4.385964912280702,0.2054794520547945,4.5321637426900585,0.18128654970760233,0.19242902208201892,5.539358600583091,0,0,3.3527696793002915,0.1464968152866242,2.186588921282799,0.09090909090909091,0.11801242236024845,0.12244897959183673,0.2537313432835821,0.23333333333333334,0.17557251908396945,0.2,0.21739130434782608,0.15853658536585366,0,0.06349206349206349,0.1794871794871795,6,0.2222222222222222
"Christian Braun","DEN",11,325,3.5424354243542435,4.437869822485207,0.14792899408284024,0.08333333333333333,0.8875739644970414,0.0392156862745098,3.4023668639053253,0.13450292397660818,0.08950617283950617,2.6509572901325478,0,0,1.4727540500736378,0.07462686567164178,1.1782032400589102,0.05333333333333334,0.06338028169014084,0.04,0.056338028169014086,0,0.1532258064516129,0.0851063829787234,0.08771929824561403,0.05357142857142857,0.09523809523809523,0.06611570247933884,0,4,0.09302325581395349
"Derrick Jones Jr.","LAC",13,324,2.3574144486692017,3.0441400304414,0,0,1.36986301369863,0.056962025316455694,1.67427701674277,0.07746478873239436,0.06666666666666667,1.6717325227963526,0,0,0.7598784194528876,0.036231884057971016,0.9118541033434651,0.040268456375838924,0.03832752613240418,0.06976744186046512,0.034482758620689655,0.10714285714285714,0.06666666666666667,0.13636363636363635,0.025,0.0375,0.05555555555555555,0.043859649122807015,0.02857142857142857,2,0.05405405405405406
"Sam Hauser","BOS",15,323,3.9755351681957185,6.3369397217928904,0.9273570324574961,0.2608695652173913,2.7820710973724885,0.13043478260869565,2.6275115919629055,0.10559006211180125,0.11705685618729098,1.6641452344931922,0,0,0.6051437216338881,0.028985507246376812,1.059001512859304,0.03414634146341464,0.03206997084548105,0.11627906976744186,0.16176470588235295,0.07407407407407407,0.08461538461538462,0.1935483870967742,0.02564102564102564,0.05555555555555555,0,0.03910614525139665,0,2,0.029411764705882353
"Moussa Diabaté","CHA",14,319,8.415466262319939,8.35820895522388,0.5970149253731343,0.21052631578947367,4.477611940298507,0.1986754966887417,3.283582089552239,0.18181818181818182,0.19117647058823528,8.474576271186441,0.15408320493066255,0.07142857142857142,5.546995377503852,0.23376623376623376,2.773497688751926,0.11612903225806452,0.17475728155339806,0.09090909090909091,0.2,0.43333333333333335,0.19047619047619047,0.125,0.2537313432835821,0.2361111111111111,0.13333333333333333,0.13114754098360656,0.06060606060606061,5,0.2777777777777778
"Derik Queen","NOP",14,316,6.656465187452181,9.270516717325227,0.45592705167173253,0.2,4.25531914893617,0.24347826086956523,4.5592705167173255,0.16304347826086957,0.1939799331103679,4.006163328197227,0,0,2.6194144838212634,0.09550561797752809,1.386748844375963,0.07894736842105263,0.08904109589041095,0.24528301886792453,0.22916666666666666,0.2857142857142857,0.14965986394557823,0.21621621621621623,0.0759493670886076,0.12987012987012986,0.045454545454545456,0.06976744186046512,0.10714285714285714,2,0.03773584905660377
"Ausar Thompson","DET",11,314,5.267234701781565,7.3506891271056665,0.45941807044410415,0.15,3.0627871362940278,0.12195121951219512,3.8284839203675345,0.16778523489932887,0.14376996805111822,3.134796238244514,0.31347962382445144,0.08,2.0376175548589344,0.0755813953488372,0.7836990595611285,0.043478260869565216,0.0627177700348432,0.16129032258064516,0.0963855421686747,0.10526315789473684,0.15454545454545454,0.20512820512820512,0.10294117647058823,0.06976744186046512,0,0.04597701149425287,0.03571428571428571,4,0.07547169811320754
"Bobby Portis","MIL",15,313,6.389530408006158,9.908536585365853,0.9146341463414634,0.3,4.573170731707317,0.2127659574468085,4.420731707317073,0.18012422360248448,0.19536423841059603,2.7993779160186625,0,0,1.5552099533437014,0.0625,1.244167962674961,0.05755395683453238,0.06020066889632107,0.18518518518518517,0.23076923076923078,0.22727272727272727,0.16666666666666666,0.2413793103448276,0.10869565217391304,0.041666666666666664,0.047619047619047616,0.04040404040404041,0.1,2,0.034482758620689655
"Dean Wade","CLE",14,312,3.889304412864622,5.856515373352855,0.14641288433382138,0.07142857142857142,3.8067349926793557,0.15568862275449102,1.9033674963396778,0.0962962962962963,0.1291390728476821,1.834862385321101,0,0,0.764525993883792,0.04132231404958678,1.070336391437309,0.036458333333333336,0.038338658146964855,0.140625,0.18072289156626506,0.1,0.08571428571428572,0.13333333333333333,0.075,0.031746031746031744,0,0.03225806451612903,0.05405405405405406,3,0.07894736842105263
"Sam Merrill","CLE",12,311,1.8573551263001487,2.391629297458894,0,0,1.345291479820628,0.05056179775280899,1.046337817638266,0.05223880597014925,0.05128205128205128,1.329394387001477,0,0,0.29542097488921715,0.015384615384615385,1.03397341211226,0.03684210526315789,0.028125,0.04411764705882353,0.042105263157894736,0.13333333333333333,0.05263157894736842,0.05,0,0.027777777777777776,0,0.0375,0.03333333333333333,1,0.01639344262295082
"Tre Mann","CHA",14,308,3.4645669291338583,5.337519623233909,0.15698587127158556,0.07692307692307693,3.1397174254317113,0.136986301369863,2.0408163265306123,0.104,0.12177121771217712,1.5797788309636651,0,0,0.631911532385466,0.026490066225165563,0.9478672985781991,0.03680981595092025,0.03184713375796178,0.07936507936507936,0.17857142857142858,0.18518518518518517,0.1188118811881188,0.041666666666666664,0.03076923076923077,0.0136986301369863,0.07692307692307693,0.024,0.07894736842105263,2,0.022727272727272728
"Cameron Johnson","DEN",12,306,2.6045777426992895,3.7974683544303796,0.15822784810126583,0.07692307692307693,1.4240506329113924,0.06382978723404255,2.2151898734177213,0.08092485549132948,0.0732484076433121,1.4173228346456692,0.15748031496062992,0.0625,0.15748031496062992,0.007462686567164179,1.1023622047244095,0.04794520547945205,0.02857142857142857,0.11627906976744186,0.05555555555555555,0,0.0975609756097561,0.04,0.019230769230769232,0,0,0.03361344537815126,0.1111111111111111,2,0.0425531914893617
"Josh Hart","NYK",12,306,6.157443491816056,9.316770186335404,0.7763975155279503,0.3125,4.3478260869565215,0.22764227642276422,4.192546583850931,0.17647058823529413,0.19927536231884058,2.97339593114241,0,0,0.9389671361502347,0.04411764705882353,2.0344287949921753,0.07344632768361582,0.06070287539936102,0.23809523809523808,0.275,0.1,0.1826086956521739,0.15789473684210525,0.030303030303030304,0.05555555555555555,0.0625,0.08661417322834646,0.04,2,0.04878048780487805
"Pelle Larsson","MIA",14,305,2.8337061894108873,4.918032786885246,0,0,1.4903129657228018,0.06896551724137931,3.427719821162444,0.12568306010928962,0.10060975609756098,0.746268656716418,0,0,0.14925373134328357,0.006666666666666667,0.5970149253731343,0.028985507246376812,0.017361111111111112,0.04878048780487805,0.06896551724137931,0.11764705882352941,0.11851851851851852,0.14583333333333334,0,0.011494252873563218,0,0.031914893617021274,0.022727272727272728,1,0.027777777777777776
"Anthony Edwards","MIN",10,303,3.488372093023256,5.572755417956657,0,0,1.8575851393188854,0.07228915662650602,3.7151702786377707,0.15894039735099338,0.11356466876971609,1.3975155279503106,0,0,0.9316770186335404,0.04285714285714286,0.4658385093167702,0.02054794520547945,0.03146853146853147,0.08450704225352113,0.08955223880597014,0,0.16521739130434782,0.1388888888888889,0.02127659574468085,0.05405405405405406,0.05263157894736842,0.02586206896551724,0,3,0.03333333333333333
"Peyton Watson","DEN",13,300,3.739061256961018,5.196850393700787,0.7874015748031497,0.3125,1.1023622047244095,0.04827586206896552,3.3070866141732282,0.13725490196078433,0.09395973154362416,2.2508038585209005,0,0,1.4469453376205788,0.06164383561643835,0.8038585209003215,0.046296296296296294,0.05511811023622047,0.022727272727272728,0.0379746835443038,0.13636363636363635,0.13157894736842105,0.15384615384615385,0.08620689655172414,0.06666666666666667,0,0.056179775280898875,0,3,0.09375
"Nikola Jović","MIA",14,299,4.56245325355273,7.578008915304606,0.4457652303120357,0.16666666666666666,3.1203566121842496,0.1390728476821192,4.011887072808321,0.13170731707317074,0.1348314606741573,1.5060240963855422,0,0,0.30120481927710846,0.015625,1.2048192771084338,0.05333333333333334,0.03597122302158273,0.10526315789473684,0.1794871794871795,0.0625,0.12179487179487179,0.16326530612244897,0,0.027777777777777776,0,0.05309734513274336,0.05405405405405406,0,0
"Kris Murray","POR",13,298,3.2992930086410057,3.924646781789639,0,0,2.197802197802198,0.1,1.7268445839874411,0.08527131782945736,0.09293680297397769,2.6729559748427674,0,0,1.10062893081761,0.04216867469879518,1.5723270440251573,0.057803468208092484,0.05014749262536873,0.058823529411764705,0.12903225806451613,0.1111111111111111,0.06315789473684211,0.14705882352941177,0.075,0,0.03571428571428571,0.057971014492753624,0.05714285714285714,2,0.07407407407407407
"Klay Thompson","DAL",14,298,2.78853601859024,5.108359133126935,0,0,2.321981424148607,0.08333333333333333,2.7863777089783284,0.13533834586466165,0.10543130990415335,0.46511627906976744,0,0,0.15503875968992248,0.006329113924050633,0.31007751937984496,0.012048192771084338,0.009259259259259259,0.078125,0.07692307692307693,0.12,0.1346153846153846,0.13793103448275862,0,0,0.02631578947368421,0.009259259259259259,0.017241379310344827,3,0.033707865168539325
"Zaccharie Risacher","ATL",12,297,2.505873140172279,3.924646781789639,0,0,1.5698587127158556,0.06329113924050633,2.3547880690737832,0.09933774834437085,0.08090614886731391,1.09375,0,0,0.78125,0.03289473684210526,0.3125,0.015748031496062992,0.025089605734767026,0.017857142857142856,0.05194805194805195,0.2,0.11403508771929824,0.05405405405405406,0.06153846153846154,0.015625,0,0.0196078431372549,0,3,0.05
"Tim Hardaway Jr.","DEN",13,296,1.9920318725099602,3.3280507131537242,0,0,0.9508716323296355,0.04054054054054054,2.3771790808240887,0.09375,0.06818181818181818,0.6410256410256411,0,0,0.32051282051282054,0.012738853503184714,0.32051282051282054,0.016666666666666666,0.01444043321299639,0.04,0.043478260869565216,0.034482758620689655,0.10084033613445378,0.07317073170731707,0.03125,0,0,0.02,0,0,0
"Tyrese Martin","BKN",14,293,3.5563082133784927,4.697986577181208,0.16778523489932887,0.0625,1.6778523489932886,0.078125,2.8523489932885906,0.1297709923664122,0.10424710424710425,2.393162393162393,0.3418803418803419,0.15384615384615385,1.0256410256410255,0.046511627906976744,1.0256410256410255,0.03614457831325301,0.04067796610169491,0.06382978723404255,0.07407407407407407,0.1111111111111111,0.09090909090909091,0.25,0.07142857142857142,0.03076923076923077,0.045454545454545456,0.031496062992125984,0.05128205128205128,2,0.03225806451612903
"Bruce Brown","DEN",13,292,4.597701149425287,6.873977086743044,0.6546644844517185,0.3333333333333333,3.7643207855973815,0.16666666666666666,2.454991816693944,0.09090909090909091,0.1254125412541254,2.3064250411861615,0,0,1.812191103789127,0.07051282051282051,0.4942339373970346,0.025210084033613446,0.05090909090909091,0.1702127659574468,0.20634920634920634,0.07142857142857142,0.06504065040650407,0.16666666666666666,0.06451612903225806,0.07142857142857142,0.08333333333333333,0.010638297872340425,0.08,1,0.03225806451612903
"Luke Kennard","ATL",13,291,2.31023102310231,3.3222591362126246,0.16611295681063123,0.05,2.159468438538206,0.09923664122137404,0.9966777408637874,0.03614457831325301,0.06397306397306397,1.3114754098360655,0,0,0.819672131147541,0.04,0.4918032786885246,0.02112676056338028,0.0299625468164794,0.061224489795918366,0.1076923076923077,0.17647058823529413,0.047619047619047616,0,0.045454545454545456,0.04477611940298507,0,0.030612244897959183,0,3,0.09090909090909091
"Landry Shamet","NYK",13,288,2.218570254724733,3.442622950819672,0.16393442622950818,0.1111111111111111,1.1475409836065573,0.04794520547945205,2.1311475409836067,0.09285714285714286,0.06993006993006994,0.9884678747940692,0,0,0.32948929159802304,0.013986013986013986,0.6589785831960461,0.024390243902439025,0.019543973941368076,0.016129032258064516,0.058823529411764705,0.09090909090909091,0.08411214953271028,0.12121212121212122,0.014084507042253521,0.01818181818181818,0,0.03389830508474576,0,0,0
"Cam Spencer","MEM",15,285,2.5167785234899327,4.674457429048414,0,0,2.5041736227045077,0.12605042016806722,2.1702838063439067,0.08783783783783784,0.10486891385767791,0.3372681281618887,0,0,0.16863406408094436,0.006993006993006993,0.16863406408094436,0.006060606060606061,0.006493506493506494,0.11428571428571428,0.140625,0.1,0.07079646017699115,0.14285714285714285,0.020833333333333332,0,0,0.007692307692307693,0,0,0
"Ace Bailey","UTA",14,284,3.9603960396039604,3.4482758620689653,0.3284072249589491,0.11764705882352941,1.9704433497536946,0.11320754716981132,1.1494252873563218,0.04895104895104895,0.07630522088353414,4.477611940298507,0,0,2.155887230514096,0.08783783783783784,2.3217247097844114,0.08383233532934131,0.08571428571428572,0.1,0.13114754098360656,0.06666666666666667,0.03508771929824561,0.10344827586206896,0.08823529411764706,0.10112359550561797,0.04,0.08064516129032258,0.09302325581395349,2,0.03278688524590164
"Patrick Williams","CHI",13,284,3.020408163265306,4.57516339869281,0.49019607843137253,0.25,2.450980392156863,0.09740259740259741,1.6339869281045751,0.08130081300813008,0.09025270758122744,1.468189233278956,0,0,0.3262642740619902,0.014705882352941176,1.1419249592169658,0.051094890510948905,0.03296703296703297,0.09836065573770492,0.12121212121212122,0.037037037037037035,0.08791208791208792,0.0625,0.028169014084507043,0,0,0.04950495049504951,0.05555555555555555,0,0
"Jaylon Tyson","CLE",11,284,3.6758563074352546,4.8172757475083055,0,0,3.3222591362126246,0.13157894736842105,1.495016611295681,0.07142857142857142,0.10431654676258993,2.5210084033613445,0.16806722689075632,0.05263157894736842,0.6722689075630253,0.03278688524590164,1.680672268907563,0.05649717514124294,0.046822742474916385,0.08620689655172414,0.13432835820895522,0.2222222222222222,0.07692307692307693,0.045454545454545456,0.023255813953488372,0.046875,0,0.06382978723404255,0.027777777777777776,2,0.047619047619047616
"Josh Minott","BOS",14,282,6.486486486486487,7.992895204262878,0.17761989342806395,0.06666666666666667,3.019538188277087,0.12142857142857143,4.7957371225577266,0.17307692307692307,0.14864864864864866,4.936014625228519,0.3656307129798903,0.18181818181818182,1.6453382084095065,0.07142857142857142,2.9250457038391224,0.0935672514619883,0.08417508417508418,0.08823529411764706,0.09210526315789473,0.23333333333333334,0.16793893129770993,0.2,0.14814814814814814,0.034482758620689655,0.07317073170731707,0.09352517985611511,0.09375,1,0.027777777777777776
"Mike Conley","MIN",14,282,2.3549201009251473,3.852596314907873,0.5025125628140703,0.25,1.5075376884422111,0.06521739130434782,1.8425460636515913,0.08333333333333333,0.07407407407407407,0.8445945945945946,0,0,0.33783783783783783,0.015503875968992248,0.5067567567567568,0.023255813953488372,0.01937984496124031,0.061224489795918366,0.05,0.10344827586206896,0.08,0.09375,0.021739130434782608,0.014705882352941176,0,0.03125,0,2,0.05714285714285714
"Ayo Dosunmu","CHI",11,280,2.2861981371718882,4.0472175379426645,0.5059021922428331,0.17647058823529413,1.5177065767284992,0.06040268456375839,2.0236087689713322,0.0967741935483871,0.07692307692307693,0.5102040816326531,0,0,0.3401360544217687,0.015384615384615385,0.17006802721088435,0.0078125,0.011627906976744186,0.06779661016949153,0.057971014492753624,0.047619047619047616,0.10465116279069768,0.07894736842105263,0.03225806451612903,0,0,0.010526315789473684,0,2,0.044444444444444446
"Ziaire Williams","BKN",12,279,2.809482001755926,4.195804195804196,0.6993006993006993,0.2222222222222222,1.2237762237762237,0.061946902654867256,2.272727272727273,0.0962962962962963,0.08064516129032258,1.4109347442680775,0,0,0.1763668430335097,0.009708737864077669,1.2345679012345678,0.041176470588235294,0.029304029304029304,0.025,0.0784313725490196,0.09090909090909091,0.11538461538461539,0.03225806451612903,0.02857142857142857,0,0,0.04,0.044444444444444446,0,0
"Isaiah Stewart","DET",12,276,6.842105263157895,9.01213171577123,1.2131715771230502,0.2916666666666667,3.292894280762565,0.1292517006802721,4.506065857885615,0.1793103448275862,0.1541095890410959,4.618117229129663,0.7104795737122558,0.16,3.374777975133215,0.13380281690140844,0.5328596802841918,0.024193548387096774,0.08270676691729323,0.10204081632653061,0.14473684210526316,0.13636363636363635,0.1743119266055046,0.19444444444444445,0.12244897959183673,0.11688311688311688,0.25,0.033707865168539325,0,7,0.15217391304347827
"Lonzo Ball","CLE",12,276,4.073150457190358,5.882352941176471,1.0084033613445378,0.42857142857142855,2.1848739495798317,0.104,2.689075630252101,0.12121212121212122,0.11284046692607004,2.3026315789473686,0,0,1.1513157894736843,0.06666666666666667,1.1513157894736843,0.03825136612021858,0.04861111111111111,0.10714285714285714,0.08163265306122448,0.15,0.102803738317757,0.2,0.058823529411764705,0.06779661016949153,0.08333333333333333,0.0425531914893617,0.023809523809523808,0,0
"Reed Sheppard","HOU",12,275,2.841918294849023,5.206463195691203,0,0,2.5134649910233393,0.11023622047244094,2.6929982046678638,0.09933774834437085,0.10431654676258993,0.5272407732864675,0,0,0,0,0.5272407732864675,0.02830188679245283,0.011363636363636364,0.16279069767441862,0.10714285714285714,0.03571428571428571,0.10256410256410256,0.08823529411764706,0,0,0,0.038461538461538464,0,2,0.03636363636363636
"Andre Drummond","PHI",12,274,10.397830018083182,13.824057450628366,0.718132854578097,0.3076923076923077,6.1041292639138245,0.2446043165467626,7.001795332136445,0.28888888888888886,0.2664233576642336,6.9216757741347905,0.7285974499089253,0.21052631578947367,4.918032786885246,0.18493150684931506,1.2750455373406193,0.05737704918032787,0.12686567164179105,0.2,0.24074074074074073,0.3142857142857143,0.297029702970297,0.2647058823529412,0.22807017543859648,0.18032786885245902,0.10714285714285714,0.05434782608695652,0.06666666666666667,4,0.16666666666666666
"Cole Anthony","MIL",14,274,3.975799481417459,6.495726495726496,0.17094017094017094,0.047619047619047616,3.076923076923077,0.13846153846153847,3.247863247863248,0.1417910447761194,0.14015151515151514,1.3986013986013985,0,0,0.17482517482517482,0.0072992700729927005,1.2237762237762237,0.056451612903225805,0.03065134099616858,0.13725490196078433,0.07272727272727272,0.2916666666666667,0.14018691588785046,0.14814814814814814,0,0,0.029411764705882353,0.04938271604938271,0.06976744186046512,2,0.029411764705882353
"Luguentz Dort","OKC",9,273,3.616636528028933,4.676258992805756,0,0,2.697841726618705,0.1056338028169014,1.9784172661870503,0.08270676691729323,0.09454545454545454,2.5454545454545454,0,0,0.7272727272727273,0.031007751937984496,1.8181818181818181,0.07462686567164178,0.053231939163498096,0.058823529411764705,0.11864406779661017,0.15625,0.10416666666666667,0.02702702702702703,0,0.05970149253731343,0,0.07920792079207921,0.06060606060606061,0,0
"Brandon Williams","DAL",13,272,2.9159519725557463,4.639175257731959,0.3436426116838488,0.125,2.2336769759450172,0.08227848101265822,2.0618556701030926,0.09836065573770492,0.08928571428571429,1.1986301369863013,0,0,0.8561643835616438,0.03759398496240601,0.3424657534246575,0.015037593984962405,0.02631578947368421,0.06896551724137931,0.03896103896103896,0.2608695652173913,0.07692307692307693,0.16129032258064516,0,0.0625,0.05263157894736842,0,0.04878048780487805,1,0.01818181818181818
"Josh Okogie","HOU",12,271,2.4567788898999092,2.841918294849023,0.17761989342806395,0.0625,1.0657193605683837,0.045112781954887216,1.5985790408525755,0.07964601769911504,0.06097560975609756,2.0522388059701493,0,0,0.9328358208955224,0.03067484662576687,1.1194029850746268,0.07407407407407407,0.045081967213114756,0.044444444444444446,0.058823529411764705,0,0.06896551724137931,0.11538461538461539,0.061224489795918366,0,0.04878048780487805,0.05263157894736842,0.125,2,0.07142857142857142
"Egor Dëmin","BKN",13,269,3.5390199637023594,5.7657657657657655,0,0,2.1621621621621623,0.11650485436893204,3.6036036036036037,0.16666666666666666,0.14349775784753363,1.2797074954296161,0,0,0.3656307129798903,0.017857142857142856,0.9140767824497258,0.030303030303030304,0.02527075812274368,0.08333333333333333,0.1111111111111111,0.3,0.2159090909090909,0.03125,0,0,0.08695652173913043,0.03875968992248062,0,1,0.02
"Isaiah Jackson","IND",14,268,7.834507042253521,8.726003490401396,0.5235602094240838,0.11538461538461539,2.7923211169284468,0.14285714285714285,5.4101221640488655,0.21830985915492956,0.18503937007874016,6.927175843694494,0.3552397868561279,0.14285714285714285,4.440497335701599,0.14792899408284024,2.1314387211367674,0.0967741935483871,0.12627986348122866,0.025,0.18,0.2727272727272727,0.23008849557522124,0.1724137931034483,0.20754716981132076,0.12345679012345678,0.11428571428571428,0.07446808510638298,0.16666666666666666,7,0.22580645161290322
"Buddy Hield","GSW",16,267,2.10896309314587,3.3333333333333335,0.17543859649122806,0.1,1.7543859649122806,0.07936507936507936,1.4035087719298245,0.07207207207207207,0.0759493670886076,0.8802816901408451,0,0,0.176056338028169,0.009615384615384616,0.704225352112676,0.025477707006369428,0.019157088122605363,0.044444444444444446,0.10344827586206896,0.08695652173913043,0.056818181818181816,0.13043478260869565,0.02857142857142857,0,0,0.031746031746031744,0,0,0
"Malik Monk","SAC",11,267,1.4821272885789014,2.4390243902439024,0,0,0.8710801393728222,0.038461538461538464,1.5679442508710801,0.06870229007633588,0.05363984674329502,0.5235602094240838,0,0,0.34904013961605584,0.014705882352941176,0.17452006980802792,0.009174311926605505,0.012244897959183673,0.02564102564102564,0.014285714285714285,0.14285714285714285,0.08888888888888889,0.024390243902439025,0,0.02702702702702703,0,0.012195121951219513,0,0,0
"Miles McBride","NYK",11,267,2.6102610261026102,3.5906642728904847,0.17953321364452424,0.058823529411764705,1.6157989228007181,0.07692307692307693,1.7953321364452424,0.07936507936507936,0.07818930041152264,1.6245487364620939,0,0,0.7220216606498195,0.03278688524590164,0.9025270758122743,0.03289473684210526,0.032846715328467155,0.08771929824561403,0.07692307692307693,0.047619047619047616,0.08247422680412371,0.06896551724137931,0.034482758620689655,0.022222222222222223,0.05263157894736842,0.045454545454545456,0,2,0.03571428571428571
"Simone Fontecchio","MIA",14,266,3.1678082191780823,5.145797598627787,0.17152658662092624,0.07142857142857142,2.7444253859348198,0.11678832116788321,2.229845626072041,0.07514450867052024,0.0935483870967742,1.1965811965811965,0,0,0.17094017094017094,0.00819672131147541,1.0256410256410255,0.04195804195804196,0.026415094339622643,0.11864406779661017,0.14516129032258066,0,0.06451612903225806,0.10204081632653061,0.02127659574468085,0,0,0.047619047619047616,0.02631578947368421,1,0.020833333333333332
"Jaylin Williams","OKC",14,266,6.036036036036036,10.707803992740471,1.0889292196007259,0.42857142857142855,4.900181488203267,0.17647058823529413,4.718693284936479,0.19696969696969696,0.18596491228070175,1.4311270125223614,0,0,0.5366726296958855,0.03,0.8944543828264758,0.03067484662576687,0.030418250950570342,0.14,0.18666666666666668,0.21428571428571427,0.19230769230769232,0.21428571428571427,0,0.05454545454545454,0,0.03333333333333333,0.023255813953488372,0,0
"Dillon Brooks","PHX",9,265,2.5044722719141324,3.723404255319149,0.3546099290780142,0.14285714285714285,1.2411347517730495,0.06086956521739131,2.127659574468085,0.0916030534351145,0.07723577235772358,1.263537906137184,0,0,0.7220216606498195,0.03305785123966942,0.5415162454873647,0.022556390977443608,0.027559055118110236,0.045454545454545456,0.058823529411764705,0.1,0.08737864077669903,0.10714285714285714,0.03125,0.029850746268656716,0.045454545454545456,0.018867924528301886,0.037037037037037035,1,0.013513513513513514
"Keon Ellis","SAC",14,262,1.876675603217158,3.0357142857142856,0,0,1.6071428571428572,0.08108108108108109,1.4285714285714286,0.07017543859649122,0.07555555555555556,0.7155635062611807,0,0,0.17889087656529518,0.006666666666666667,0.5366726296958855,0.02830188679245283,0.015625,0.030303030303030304,0.09523809523809523,0.13333333333333333,0.08235294117647059,0.034482758620689655,0.03125,0,0,0.024691358024691357,0.04,0,0
"Craig Porter Jr.","CLE",15,259,3.8391224862888484,4.007285974499089,0.18214936247723132,0.05555555555555555,2.3679417122040074,0.11926605504587157,1.4571948998178506,0.07142857142857142,0.09502262443438914,3.669724770642202,0.1834862385321101,0.05263157894736842,1.651376146788991,0.08181818181818182,1.834862385321101,0.07246376811594203,0.07661290322580645,0.08333333333333333,0.13725490196078433,0.13636363636363635,0.07692307692307693,0.047619047619047616,0.047619047619047616,0.09615384615384616,0.125,0.07272727272727272,0.07142857142857142,2,0.06896551724137931
"Isaiah Joe","OKC",10,258,3.021978021978022,4.761904761904762,0.3663003663003663,0.16666666666666666,1.6483516483516483,0.07086614173228346,2.7472527472527473,0.1111111111111111,0.0916030534351145,1.2820512820512822,0,0,0.3663003663003663,0.0196078431372549,0.9157509157509157,0.031446540880503145,0.02681992337164751,0.047619047619047616,0.06153846153846154,0.15,0.12612612612612611,0.041666666666666664,0,0.03636363636363636,0,0.016666666666666666,0.07692307692307693,0,0
"Kyle Filipowski","UTA",13,258,6.771799628942486,9.796672828096119,0.5545286506469501,0.3333333333333333,3.6968576709796674,0.20408163265306123,5.545286506469501,0.19480519480519481,0.1984126984126984,3.7243947858473,0.37243947858473,0.13333333333333333,1.1173184357541899,0.057692307692307696,2.2346368715083798,0.08053691275167785,0.07114624505928854,0.16666666666666666,0.23214285714285715,0.16666666666666666,0.2,0.1794871794871795,0.058823529411764705,0.07142857142857142,0,0.1016949152542373,0,1,0.02564102564102564
"Jose Alvarado","NOP",13,258,2.9300567107750473,4.681647940074907,0.37453183520599254,0.2222222222222222,0.9363295880149812,0.058823529411764705,3.3707865168539324,0.10975609756097561,0.09236947791164658,1.1450381679389312,0,0,0.3816793893129771,0.015873015873015872,0.7633587786259542,0.03225806451612903,0.024,0.06060606060606061,0.04878048780487805,0.09090909090909091,0.11538461538461539,0.08823529411764706,0,0.0392156862745098,0,0.030303030303030304,0.04,2,0.04878048780487805
"Jarred Vanderbilt","LAL",14,257,7.282913165266106,10.966542750929367,0.5576208178438662,0.2727272727272727,4.4609665427509295,0.2033898305084746,5.947955390334572,0.2644628099173554,0.23430962343096234,3.5647279549718576,0.18761726078799248,0.0625,2.0637898686679175,0.102803738317757,1.3133208255159474,0.0603448275862069,0.08071748878923767,0.175,0.21052631578947367,0.23809523809523808,0.3111111111111111,0.12903225806451613,0.125,0.0975609756097561,0.07692307692307693,0.045454545454545456,0.10714285714285714,1,0.05
"Tari Eason","HOU",11,255,5.312208760484623,7.522935779816514,0.9174311926605505,0.29411764705882354,2.5688073394495414,0.12612612612612611,4.036697247706422,0.16176470588235295,0.145748987854251,3.0303030303030303,0.1893939393939394,0.06666666666666667,2.462121212121212,0.08552631578947369,0.3787878787878788,0.020202020202020204,0.05976095617529881,0.09523809523809523,0.13333333333333333,0.16666666666666666,0.1619047619047619,0.16129032258064516,0.11363636363636363,0.08450704225352113,0.05405405405405406,0.0136986301369863,0.038461538461538464,4,0.09302325581395349
"LaMelo Ball","CHA",8,255,5.0228310502283104,8.287292817679559,0.5524861878453039,0.14285714285714285,3.6832412523020257,0.15503875968992248,4.051565377532229,0.19642857142857142,0.17427385892116182,1.8115942028985508,0,0,1.4492753623188406,0.07079646017699115,0.36231884057971014,0.014388489208633094,0.03968253968253968,0.0425531914893617,0.2,0.25925925925925924,0.2247191011235955,0.08695652173913043,0.024390243902439025,0.1206896551724138,0,0.009433962264150943,0.030303030303030304,3,0.038461538461538464
"Jakob Poeltl","TOR",10,254,6.976744186046512,8.736059479553903,0.7434944237918215,0.23529411764705882,3.717472118959108,0.16393442622950818,4.275092936802974,0.18253968253968253,0.17338709677419356,5.21415270018622,0.37243947858473,0.08695652173913043,3.35195530726257,0.13533834586466165,1.48975791433892,0.08421052631578947,0.11403508771929824,0.16363636363636364,0.16666666666666666,0.15789473684210525,0.16666666666666666,0.2222222222222222,0.07894736842105263,0.1875,0,0.07246376811594203,0.11538461538461539,1,0.07142857142857142
"Jamal Shead","TOR",14,253,2.3342670401493932,3.7243947858473,0,0,1.86219739292365,0.09174311926605505,1.86219739292365,0.08130081300813008,0.08620689655172414,0.9363295880149812,0,0,0.5617977528089888,0.024793388429752067,0.37453183520599254,0.017094017094017096,0.02100840336134454,0.1276595744680851,0.044444444444444446,0.11764705882352941,0.08791208791208792,0.0625,0,0.06,0,0.020833333333333332,0,1,0.03333333333333333
"Mouhamed Gueye","ATL",15,253,6.032045240339302,7.894736842105263,0.37593984962406013,0.1111111111111111,2.819548872180451,0.13392857142857142,4.6992481203007515,0.16778523489932887,0.1532567049808429,4.158790170132325,0.1890359168241966,0.07142857142857142,1.890359168241966,0.10416666666666667,2.0793950850661624,0.08461538461538462,0.09292035398230089,0.061224489795918366,0.1702127659574468,0.25,0.17094017094017094,0.15625,0.034482758620689655,0.12698412698412698,0.25,0.1,0.05,2,0.05128205128205128
"Jalen Suggs","ORL",11,253,4.066543438077634,6.839186691312385,0,0,2.2181146025878005,0.09090909090909091,4.621072088724584,0.22727272727272727,0.15289256198347106,1.2939001848428835,0,0,0.7393715341959335,0.037383177570093455,0.5545286506469501,0.02564102564102564,0.03125,0.06521739130434782,0.078125,0.18181818181818182,0.2261904761904762,0.23076923076923078,0.06521739130434782,0,0.07692307692307693,0.034482758620689655,0,2,0.04878048780487805
"Will Richard","GSW",14,252,2.952029520295203,2.962962962962963,0,0,1.2962962962962963,0.06363636363636363,1.6666666666666667,0.0891089108910891,0.07582938388625593,2.9411764705882355,0,0,1.286764705882353,0.061946902654867256,1.6544117647058822,0.060810810810810814,0.06130268199233716,0.05405405405405406,0.07407407407407407,0.05263157894736842,0.10256410256410256,0.043478260869565216,0.07317073170731707,0.038461538461538464,0.1,0.058333333333333334,0.07142857142857142,0,0
"Nicolas Batum","LAC",14,250,4.112337011033099,7.070707070707071,0.40404040404040403,0.16666666666666666,5.05050505050505,0.20161290322580644,1.6161616161616161,0.07407407407407407,0.14224137931034483,1.1952191235059761,0,0,0.9960159362549801,0.04807692307692308,0.199203187250996,0.007407407407407408,0.02510460251046025,0.14634146341463414,0.20689655172413793,0.28,0.052083333333333336,0.25,0.12,0.01639344262295082,0.05555555555555555,0.009615384615384616,0,1,0.02702702702702703
"Dalton Knecht","LAL",14,249,2.9836381135707413,4.406130268199234,0.3831417624521073,0.16666666666666666,1.5325670498084292,0.06557377049180328,2.4904214559386975,0.10077519379844961,0.08366533864541832,1.5473887814313345,0,0,0.7736943907156673,0.038461538461538464,0.7736943907156673,0.03389830508474576,0.036036036036036036,0.075,0.06557377049180328,0.047619047619047616,0.06741573033707865,0.175,0.03225806451612903,0.06,0,0.04395604395604396,0,1,0.024390243902439025
"Goga Bitadze","ORL",15,249,7.059961315280464,9.423076923076923,1.3461538461538463,0.4375,3.6538461538461537,0.14960629921259844,4.423076923076923,0.19008264462809918,0.1693548387096774,4.669260700389105,0,0,3.11284046692607,0.12903225806451613,1.556420233463035,0.07407407407407407,0.10344827586206896,0.11363636363636363,0.17142857142857143,0.15384615384615385,0.17,0.2857142857142857,0.19230769230769232,0.10714285714285714,0,0.075,0.07142857142857142,0,0
"Aaron Wiggins","OKC",9,248,3.1914893617021276,4.660194174757281,0.3883495145631068,0.10526315789473684,1.3592233009708738,0.05263157894736842,2.912621359223301,0.125,0.08695652173913043,1.7341040462427746,0,0,0.5780346820809249,0.02702702702702703,1.1560693641618498,0.046511627906976744,0.0375,0.07142857142857142,0.018867924528301886,0.08333333333333333,0.13953488372093023,0.08823529411764706,0.02564102564102564,0.017241379310344827,0.07142857142857142,0.052083333333333336,0.030303030303030304,0,0
"Khris Middleton","WAS",10,248,3.7142857142857144,4.942965779467681,0.19011406844106463,0.06666666666666667,2.091254752851711,0.09482758620689655,2.661596958174905,0.11570247933884298,0.10548523206751055,2.480916030534351,0.3816793893129771,0.11764705882352941,1.1450381679389312,0.04285714285714286,0.9541984732824428,0.046296296296296294,0.04435483870967742,0.09259259259259259,0.09803921568627451,0.09090909090909091,0.10638297872340426,0.14814814814814814,0.046511627906976744,0.038461538461538464,0.05263157894736842,0.047619047619047616,0.041666666666666664,0,0
"Corey Kispert","WAS",13,247,2.7803521779425395,4.8417132216014895,0.37243947858473,0.15384615384615385,2.0484171322160147,0.0738255033557047,2.4208566108007448,0.11016949152542373,0.0898876404494382,0.7380073800738007,0,0,0.5535055350553506,0.024793388429752067,0.18450184501845018,0.0078125,0.01606425702811245,0.018518518518518517,0.07894736842105263,0.21052631578947367,0.11458333333333333,0.09090909090909091,0.027777777777777776,0.015873015873015872,0.045454545454545456,0,0.05,0,0
"Vít Krejčí","ATL",11,247,2.6522593320235757,4.678362573099415,0.1949317738791423,0.07142857142857142,1.949317738791423,0.08064516129032258,2.53411306042885,0.11403508771929824,0.09663865546218488,0.594059405940594,0,0,0,0,0.594059405940594,0.021897810218978103,0.012552301255230125,0.10416666666666667,0.08928571428571429,0,0.09090909090909091,0.19230769230769232,0,0,0,0.020618556701030927,0.025,0,0
"Al Horford","GSW",11,243,4.407443682664055,6.822612085769981,0.3898635477582846,0.25,3.1189083820662766,0.14414414414414414,3.313840155945419,0.1559633027522936,0.15,1.968503937007874,0,0,0.7874015748031497,0.0380952380952381,1.1811023622047243,0.041666666666666664,0.040160642570281124,0.14285714285714285,0.19642857142857142,0,0.13793103448275862,0.22727272727272727,0.047619047619047616,0.021739130434782608,0.058823529411764705,0.045454545454545456,0.029411764705882353,0,0
"Bam Adebayo","MIA",8,243,6.109022556390977,10.694183864915573,0.5628517823639775,0.3333333333333333,5.25328330206379,0.2545454545454545,4.878048780487805,0.18439716312056736,0.2151394422310757,1.5065913370998116,0,0,0.5649717514124294,0.02654867256637168,0.9416195856873822,0.045871559633027525,0.036036036036036036,0.17857142857142858,0.328125,0.1111111111111111,0.1919191919191919,0.16666666666666666,0.06896551724137931,0.014285714285714285,0,0.03896103896103896,0.0625,1,0.016129032258064516
"Steven Adams","HOU",11,239,10.585817060637204,9.710743801652892,0,0,4.338842975206612,0.1891891891891892,5.371900826446281,0.2,0.1950207468879668,11.451942740286299,0,0,8.384458077709612,0.2733333333333333,3.067484662576687,0.18518518518518517,0.24242424242424243,0.16666666666666666,0.21568627450980393,0.16666666666666666,0.1919191919191919,0.22580645161290322,0.3617021276595745,0.2361111111111111,0.22580645161290322,0.19298245614035087,0.16666666666666666,8,0.36363636363636365
"Oso Ighodaro","PHX",15,236,5.0463439752832135,8.113590263691684,0,0,4.462474645030426,0.16923076923076924,3.6511156186612577,0.16363636363636364,0.16666666666666666,1.8828451882845187,0,0,1.0460251046025104,0.04807692307692308,0.8368200836820083,0.03333333333333333,0.04017857142857143,0.11904761904761904,0.234375,0.08333333333333333,0.17857142857142858,0.11538461538461539,0.13043478260869565,0.029411764705882353,0,0.030612244897959183,0.045454545454545456,2,0.1111111111111111
"Gradey Dick","TOR",14,234,3.0753968253968256,4.9800796812749,0,0,2.589641434262948,0.14444444444444443,2.3904382470119523,0.08450704225352113,0.10775862068965517,1.1857707509881423,0,0,0.5928853754940712,0.02654867256637168,0.5928853754940712,0.02857142857142857,0.027522935779816515,0.11764705882352941,0.14634146341463414,0.2,0.08823529411764706,0.075,0.046511627906976744,0,0.0625,0.024390243902439025,0.043478260869565216,1,0.02564102564102564
"Jordan Clarkson","NYK",13,233,2.479338842975207,2.6804123711340204,0,0,0.41237113402061853,0.020618556701030927,2.268041237113402,0.09322033898305085,0.06046511627906977,2.277432712215321,0,0,1.2422360248447204,0.05454545454545454,1.0351966873706004,0.03759398496240601,0.04526748971193416,0.03571428571428571,0,0,0.06741573033707865,0.1724137931034483,0.03773584905660377,0.08888888888888889,0,0.052083333333333336,0,4,0.0784313725490196
"Kristaps Porziņģis","ATL",9,232,5.225409836065574,6.952965235173824,0.20449897750511248,0.1111111111111111,3.2719836400817996,0.13793103448275862,3.476482617586912,0.14912280701754385,0.14347826086956522,3.490759753593429,0,0,2.0533880903490758,0.07692307692307693,1.4373716632443532,0.06862745098039216,0.07327586206896551,0.15,0.15789473684210525,0.05263157894736842,0.13414634146341464,0.1875,0.1509433962264151,0.04081632653061224,0,0.06172839506172839,0.09523809523809523,1,0.016129032258064516
"Sandro Mamukelashvili","TOR",13,232,4.685942173479561,6.772908366533865,0.5976095617529881,0.13636363636363635,1.792828685258964,0.09375,4.382470119521912,0.16541353383458646,0.13537117903930132,2.594810379241517,0,0,0.5988023952095808,0.02654867256637168,1.996007984031936,0.09090909090909091,0.05829596412556054,0.075,0.0975609756097561,0.13333333333333333,0.18478260869565216,0.12195121951219512,0.025,0.0392156862745098,0,0.11904761904761904,0,1,0.034482758620689655
"Dru Smith","MIA",14,232,2.731707317073171,3.11284046692607,0.19455252918287938,0.08333333333333333,1.3618677042801557,0.05511811023622047,1.556420233463035,0.05128205128205128,0.053003533568904596,2.3483365949119372,0.19569471624266144,0.1,1.1741682974559686,0.05825242718446602,0.9784735812133072,0.043478260869565216,0.05045871559633028,0.037037037037037035,0.06451612903225806,0.09090909090909091,0.05405405405405406,0.044444444444444446,0.02631578947368421,0.08620689655172414,0,0.046511627906976744,0.034482758620689655,3,0.10714285714285714
"Quinten Post","GSW",16,227,6.607929515418502,10.087719298245615,0.43859649122807015,0.25,4.824561403508772,0.19469026548672566,4.824561403508772,0.1864406779661017,0.19047619047619047,3.0973451327433628,0.22123893805309736,0.1,0.4424778761061947,0.02666666666666667,2.433628318584071,0.08870967741935484,0.06532663316582915,0.18181818181818182,0.21212121212121213,0.14285714285714285,0.15555555555555556,0.2857142857142857,0.047619047619047616,0.023809523809523808,0,0.07291666666666667,0.14285714285714285,1,0.02564102564102564
"Cam Thomas","BKN",8,226,1.187904967602592,1.735357917570499,0,0,0,0,1.735357917570499,0.08602150537634409,0.04060913705583756,0.6451612903225806,0,0,0.43010752688172044,0.017543859649122806,0.21505376344086022,0.008771929824561403,0.013157894736842105,0,0,0,0.047619047619047616,0.16666666666666666,0.029411764705882353,0.017857142857142856,0,0.011764705882352941,0,2,0.028169014084507043
"Keaton Wallace","ATL",14,222,2.7144408251900107,5.150214592274678,0.2145922746781116,0.1,1.7167381974248928,0.08421052631578947,3.218884120171674,0.12605042016806722,0.10747663551401869,0.21978021978021978,0,0,0,0,0.21978021978021978,0.008130081300813009,0.0045662100456621,0.13333333333333333,0.06666666666666667,0.05,0.10638297872340426,0.2,0,0,0,0.011627906976744186,0,1,0.03333333333333333
"Cam Whitmore","WAS",13,221,3.134796238244514,4.573804573804574,0.2079002079002079,0.05555555555555555,1.4553014553014554,0.05737704918032787,2.9106029106029108,0.13725490196078433,0.09375,1.680672268907563,0.21008403361344538,0.06666666666666667,1.050420168067227,0.04132231404958678,0.42016806722689076,0.0196078431372549,0.03139013452914798,0.047619047619047616,0.06349206349206349,0.058823529411764705,0.14285714285714285,0.12,0.08823529411764706,0.015625,0.043478260869565216,0.011494252873563218,0.06666666666666667,1,0.023809523809523808
"Collin Murray-Boyles","TOR",11,220,4.222222222222222,4.185022026431718,0.22026431718061673,0.1,1.7621145374449338,0.08888888888888889,2.202643171806167,0.08928571428571429,0.0891089108910891,4.260089686098655,0.2242152466367713,0.09090909090909091,2.242152466367713,0.09259259259259259,1.7937219730941705,0.07476635514018691,0.08372093023255814,0.14705882352941177,0.05128205128205128,0.058823529411764705,0.06578947368421052,0.1388888888888889,0.06382978723404255,0.13636363636363635,0.058823529411764705,0.03488372093023256,0.23809523809523808,3,0.09375
"Daniss Jenkins","DET",10,219,2.2629310344827585,2.795698924731183,0.21505376344086022,0.0625,1.075268817204301,0.04854368932038835,1.5053763440860215,0.06862745098039216,0.05853658536585366,1.7278617710583153,0,0,1.079913606911447,0.041666666666666664,0.6479481641468683,0.03296703296703297,0.037914691943127965,0.030303030303030304,0.05084745762711865,0.09090909090909091,0.08641975308641975,0,0,0.06666666666666667,0.05555555555555555,0.03389830508474576,0.03125,1,0.025
"Trendon Watford","PHI",10,213,5.245535714285714,7.589285714285714,0.44642857142857145,0.18181818181818182,2.232142857142857,0.10526315789473684,4.910714285714286,0.176,0.14545454545454545,2.9017857142857144,0.22321428571428573,0.06666666666666667,1.1160714285714286,0.042735042735042736,1.5625,0.07954545454545454,0.05853658536585366,0.1,0.1111111111111111,0.10526315789473684,0.16,0.24,0.058823529411764705,0.04081632653061224,0,0.08571428571428572,0.05555555555555555,1,0.043478260869565216
"Brook Lopez","LAC",14,213,3.634232121922626,6.2645011600928076,0.23201856148491878,0.07692307692307693,3.9443155452436196,0.18085106382978725,2.0881670533642693,0.07627118644067797,0.12264150943396226,0.9478672985781991,0,0,0.47393364928909953,0.02702702702702703,0.47393364928909953,0.018018018018018018,0.021621621621621623,0.14705882352941177,0.2222222222222222,0.13333333333333333,0.08247422680412371,0.047619047619047616,0,0.05128205128205128,0,0,0.09090909090909091,0,0
"Jordan Poole","NOP",7,212,1.3513513513513513,2.0316027088036117,0.22573363431151242,0.1111111111111111,0.45146726862302483,0.03333333333333333,1.3544018058690745,0.05263157894736842,0.04597701149425287,0.6741573033707865,0,0,0.6741573033707865,0.022727272727272728,0,0,0.012711864406779662,0.03225806451612903,0.05,0,0.05747126436781609,0.037037037037037035,0.015873015873015872,0.03508771929824561,0,0,0,1,0.018518518518518517
"Bogdan Bogdanović","LAC",8,209,3.676470588235294,6.845965770171149,0.24449877750611246,0.06666666666666667,1.7114914425427872,0.06862745098039216,4.88997555012225,0.1724137931034483,0.12385321100917432,0.4914004914004914,0,0,0,0,0.4914004914004914,0.019801980198019802,0.011428571428571429,0.08823529411764706,0.08888888888888889,0,0.18556701030927836,0.10526315789473684,0,0,0,0.024096385542168676,0,1,0.027777777777777776
"Jalen Smith","CHI",13,208,9.151785714285714,12.389380530973451,1.1061946902654867,0.29411764705882354,5.3097345132743365,0.22429906542056074,5.9734513274336285,0.2903225806451613,0.255,5.8558558558558556,0,0,3.828828828828829,0.15178571428571427,2.027027027027027,0.09473684210526316,0.12560386473429952,0.22916666666666666,0.225,0.21052631578947367,0.29508196721311475,0.28125,0.14285714285714285,0.14285714285714285,0.2857142857142857,0.08571428571428572,0.12,1,0.021739130434782608
"Daniel Gafford","DAL",9,207,6.220657276995305,7.801418439716312,0.4728132387706856,0.14285714285714285,2.600472813238771,0.09821428571428571,4.7281323877068555,0.2,0.14622641509433962,4.662004662004662,0,0,3.9627039627039626,0.17894736842105263,0.6993006993006993,0.02912621359223301,0.10101010101010101,0.0975609756097561,0.07407407407407407,0.17647058823529413,0.1951219512195122,0.2222222222222222,0.2413793103448276,0.17647058823529413,0.06666666666666667,0.0273972602739726,0.03333333333333333,2,0.16666666666666666
"Day'Ron Sharpe","BKN",13,206,8.363201911589009,9.330143540669857,0.9569377990430622,0.3333333333333333,4.30622009569378,0.21176470588235294,4.0669856459330145,0.2073170731707317,0.20958083832335328,7.398568019093079,0.477326968973747,0.125,3.1026252983293556,0.16455696202531644,3.818615751789976,0.12903225806451613,0.14285714285714285,0.2222222222222222,0.19444444444444445,0.23076923076923078,0.23728813559322035,0.13043478260869565,0.125,0.175,0.2,0.1276595744680851,0.13333333333333333,0,0
"Jordan Goodwin","PHX",12,205,5.28169014084507,6.0324825986078885,0,0,2.5522041763341066,0.13253012048192772,3.480278422273782,0.14150943396226415,0.13756613756613756,4.513064133016627,0.2375296912114014,0.09090909090909091,2.137767220902613,0.09375,2.137767220902613,0.08737864077669903,0.09045226130653267,0.1875,0.07692307692307693,0.16666666666666666,0.1625,0.07692307692307693,0.11538461538461539,0.10909090909090909,0,0.10126582278481013,0.041666666666666664,1,0.02564102564102564
"Luka Garza","BOS",14,205,7.065868263473054,5.938242280285036,0,0,3.8004750593824226,0.17582417582417584,2.137767220902613,0.08823529411764706,0.12953367875647667,8.21256038647343,0,0,3.6231884057971016,0.16304347826086957,4.5893719806763285,0.1347517730496454,0.1459227467811159,0.2413793103448276,0.15217391304347827,0.125,0.0963855421686747,0.05263157894736842,0.19047619047619047,0.2,0.0967741935483871,0.11570247933884298,0.25,1,0.05555555555555555
"Drew Eubanks","SAC",14,205,4.524361948955916,6.944444444444445,0.9259259259259259,0.3076923076923077,2.7777777777777777,0.12631578947368421,3.240740740740741,0.1320754716981132,0.12935323383084577,2.0930232558139537,0,0,0.9302325581395349,0.037383177570093455,1.1627906976744187,0.06944444444444445,0.05027932960893855,0.17391304347826086,0.13333333333333333,0,0.09090909090909091,0.2413793103448276,0,0.03125,0.07407407407407407,0.05454545454545454,0.11764705882352941,0,0
"De'Aaron Fox","SAS",6,204,2.2041763341067284,2.7586206896551726,0,0,1.839080459770115,0.07692307692307693,0.9195402298850575,0.03773584905660377,0.05714285714285714,1.639344262295082,0,0,0.702576112412178,0.041666666666666664,0.936768149882904,0.0392156862745098,0.040229885057471264,0.09302325581395349,0.045454545454545456,0.11764705882352941,0.0379746835443038,0.037037037037037035,0.1111111111111111,0.024390243902439025,0,0.05714285714285714,0,4,0.09090909090909091
"Tony Bradley","IND",14,204,5.714285714285714,4.502369668246446,0.47393364928909953,0.18181818181818182,0.7109004739336493,0.0410958904109589,3.3175355450236967,0.1346153846153846,0.096045197740113,6.937799043062201,0,0,5.502392344497608,0.16911764705882354,1.4354066985645932,0.06,0.1228813559322034,0,0.0625,0,0.07894736842105263,0.2857142857142857,0.22448979591836735,0.15714285714285714,0.058823529411764705,0.05128205128205128,0.09090909090909091,2,0.125
"Vince Williams Jr.","MEM",10,203,5.522914218566393,8.644859813084112,0.2336448598130841,0.08333333333333333,2.5700934579439254,0.14102564102564102,5.841121495327103,0.1937984496124031,0.17391304347826086,2.3640661938534278,0,0,1.6548463356973995,0.06862745098039216,0.7092198581560284,0.0297029702970297,0.04926108374384237,0.2777777777777778,0.10526315789473684,0.09090909090909091,0.21782178217821782,0.10714285714285714,0.13793103448275862,0.03278688524590164,0.08333333333333333,0.012658227848101266,0.09090909090909091,2,0.04878048780487805
"Jay Huff","IND",14,202,4.587155963302752,5.949656750572083,1.1441647597254005,0.35714285714285715,1.8306636155606408,0.08791208791208792,2.9748283752860414,0.11304347826086956,0.10194174757281553,3.218390804597701,0.22988505747126436,0.05263157894736842,1.839080459770115,0.06779661016949153,1.1494252873563218,0.0364963503649635,0.050980392156862744,0.08823529411764706,0.10638297872340426,0,0.11764705882352941,0.1,0.08888888888888889,0.01818181818181818,0.16666666666666666,0.028037383177570093,0.06666666666666667,0,0
"Kawhi Leonard","LAC",6,201,4.171779141104294,7.107843137254902,0.9803921568627451,0.3333333333333333,3.1862745098039214,0.14772727272727273,2.9411764705882355,0.13186813186813187,0.13966480446927373,1.2285012285012284,0,0,0,0,1.2285012285012284,0.054945054945054944,0.0273224043715847,0.18181818181818182,0.13725490196078433,0.13333333333333333,0.13513513513513514,0.11764705882352941,0,0,0,0.07352941176470588,0,3,0.058823529411764705
"Jaxson Hayes","LAL",12,200,5.92503022974607,8.173076923076923,0.7211538461538461,0.2727272727272727,4.5673076923076925,0.2235294117647059,2.8846153846153846,0.11764705882352941,0.1657754010695187,3.6496350364963503,0,0,1.70316301703163,0.09090909090909091,1.9464720194647203,0.0761904761904762,0.08241758241758242,0.07692307692307693,0.3111111111111111,0.21428571428571427,0.14285714285714285,0.04,0.043478260869565216,0.0975609756097561,0.15384615384615385,0.07407407407407407,0.08333333333333333,0,0
"Andrew Nembhard","IND",7,200,1.430274135876043,2.3980815347721824,0.47961630695443647,0.08,0.23980815347721823,0.014084507042253521,1.6786570743405276,0.07216494845360824,0.047619047619047616,0.47393364928909953,0,0,0.47393364928909953,0.017094017094017096,0,0,0.009523809523809525,0,0.02702702702702703,0,0.07042253521126761,0.07692307692307693,0.030303030303030304,0.016129032258064516,0,0,0,0,0
"Caris LeVert","DET",10,198,2.0070838252656436,3.5294117647058822,0.23529411764705882,0.0625,1.6470588235294117,0.07608695652173914,1.6470588235294117,0.06140350877192982,0.06796116504854369,0.47393364928909953,0,0,0.23696682464454977,0.010638297872340425,0.23696682464454977,0.011235955056179775,0.01092896174863388,0.047619047619047616,0.1111111111111111,0,0.06944444444444445,0.047619047619047616,0,0.021739130434782608,0,0,0.04,0,0
"Jaylen Clark","MIN",12,197,3.553921568627451,3.389830508474576,0,0,1.4527845036319613,0.06060606060606061,1.937046004842615,0.07339449541284404,0.0673076923076923,3.7220843672456576,0,0,1.488833746898263,0.06382978723404255,2.2332506203473947,0.09090909090909091,0.07772020725388601,0.125,0.023255813953488372,0,0.06976744186046512,0.08695652173913043,0.07692307692307693,0.06976744186046512,0,0.1,0.06896551724137931,3,0.125
"Jordan Hawkins","NOP",13,194,3.2216494845360826,4.884318766066838,0.5141388174807198,0.2222222222222222,1.0282776349614395,0.05263157894736842,3.341902313624679,0.10743801652892562,0.08629441624365482,1.550387596899225,0,0,0.5167958656330749,0.02127659574468085,1.0335917312661498,0.04819277108433735,0.03389830508474576,0.08333333333333333,0.030303030303030304,0,0.10309278350515463,0.125,0.05263157894736842,0,0,0.04285714285714286,0.07692307692307693,2,0.045454545454545456
"Tobias Harris","DET",6,193,4.342581423401689,7.416267942583732,0.23923444976076555,0.058823529411764705,4.784688995215311,0.1834862385321101,2.3923444976076556,0.13333333333333333,0.16304347826086957,1.2165450121654502,0,0,0.9732360097323601,0.030534351145038167,0.24330900243309003,0.013157894736842105,0.024154589371980676,0.18421052631578946,0.17543859649122806,0.21428571428571427,0.1111111111111111,0.19047619047619047,0.021739130434782608,0.04285714285714286,0,0.017857142857142856,0,2,0.05128205128205128
"Tyus Jones","ORL",15,193,1.6560509554140128,2.577319587628866,0,0,1.5463917525773196,0.06521739130434782,1.0309278350515463,0.04878048780487805,0.05747126436781609,0.7556675062972292,0,0,0.5037783375314862,0.018691588785046728,0.2518891687657431,0.009345794392523364,0.014018691588785047,0.045454545454545456,0.03773584905660377,0.17647058823529413,0.03278688524590164,0.09523809523809523,0,0.022222222222222223,0.06666666666666667,0.013333333333333334,0,0,0
"Nique Clifford","SAC",10,192,3.5714285714285716,5.476190476190476,0,0,2.857142857142857,0.14457831325301204,2.619047619047619,0.1111111111111111,0.12637362637362637,1.6666666666666667,0,0,1.4285714285714286,0.057692307692307696,0.23809523809523808,0.01282051282051282,0.038461538461538464,0.17647058823529413,0.16071428571428573,0,0.1267605633802817,0.07142857142857142,0,0.07692307692307693,0.043478260869565216,0.016129032258064516,0,1,0.03333333333333333
"Brice Sensabaugh","UTA",13,191,4.07185628742515,6.4133016627078385,0.4750593824228028,0.16666666666666666,1.9002375296912113,0.0975609756097561,4.038004750593824,0.1574074074074074,0.13157894736842105,1.6908212560386473,0,0,0.7246376811594203,0.04,0.966183574879227,0.038461538461538464,0.03910614525139665,0.07692307692307693,0.06382978723404255,0.3333333333333333,0.1686746987951807,0.12,0.058823529411764705,0.027777777777777776,0.045454545454545456,0.04819277108433735,0,0,0
"Marvin Bagley III","WAS",13,190,6.5476190476190474,7.398568019093079,0.2386634844868735,0.07142857142857142,3.818615751789976,0.1568627450980392,3.341288782816229,0.15730337078651685,0.15706806282722513,5.7007125890736345,0,0,4.513064133016627,0.17757009345794392,1.187648456057007,0.05434782608695652,0.12060301507537688,0.11428571428571428,0.20754716981132076,0.07142857142857142,0.18055555555555555,0.058823529411764705,0.22580645161290322,0.17307692307692307,0.125,0.05,0.08333333333333333,2,0.15384615384615385
"Jeremiah Robinson-Earl","IND",9,187,7.653061224489796,8.771929824561404,1.5037593984962405,0.375,4.010025062656641,0.20512820512820512,3.2581453634085213,0.14130434782608695,0.17058823529411765,6.4935064935064934,0.7792207792207793,0.42857142857142855,3.6363636363636362,0.11965811965811966,2.0779220779220777,0.08695652173913043,0.10526315789473684,0.13043478260869565,0.22,0.4,0.15492957746478872,0.09523809523809523,0.13636363636363635,0.10909090909090909,0.1111111111111111,0.08571428571428572,0.09090909090909091,3,0.1111111111111111
"Jalen Wilson","BKN",12,185,1.6371077762619373,2.717391304347826,0.2717391304347826,0.08333333333333333,1.358695652173913,0.05813953488372093,1.0869565217391304,0.05263157894736842,0.05555555555555555,0.547945205479452,0,0,0,0,0.547945205479452,0.01680672268907563,0.010471204188481676,0.05714285714285714,0.0967741935483871,0,0.05084745762711865,0.058823529411764705,0,0,0,0.022727272727272728,0,0,0
"Jordan Walsh","BOS",11,184,6.25,8.719346049046322,1.0899182561307903,0.25,3.8147138964577656,0.14432989690721648,3.8147138964577656,0.1917808219178082,0.16470588235294117,3.68271954674221,0,0,1.4164305949008498,0.056818181818181816,2.26628895184136,0.08333333333333333,0.07065217391304347,0.14705882352941177,0.1276595744680851,0.1875,0.16363636363636364,0.2777777777777778,0.06896551724137931,0.02702702702702703,0.09090909090909091,0.09090909090909091,0.05263157894736842,0,0
"Alex Caruso","OKC",10,183,2.770448548812665,5,0,0,2.1052631578947367,0.0963855421686747,2.8947368421052633,0.11956521739130435,0.10857142857142857,0.5291005291005291,0.26455026455026454,0.1111111111111111,0,0,0.26455026455026454,0.010416666666666666,0.006211180124223602,0.11764705882352941,0.1,0.0625,0.09333333333333334,0.23529411764705882,0,0,0,0,0.047619047619047616,1,0.034482758620689655
"Larry Nance Jr.","CLE",12,181,5.033112582781457,7.387862796833773,0.7915567282321899,0.3333333333333333,3.430079155672823,0.1566265060240964,3.1662269129287597,0.13636363636363635,0.14619883040935672,2.6595744680851063,0.26595744680851063,0.09090909090909091,1.0638297872340425,0.05333333333333334,1.3297872340425532,0.04504504504504504,0.04838709677419355,0.1875,0.09090909090909091,0.2222222222222222,0.17391304347826086,0,0.07692307692307693,0.024390243902439025,0.125,0.056818181818181816,0,0,0
"Walter Clayton Jr.","UTA",11,178,3.3854166666666665,5.167958656330749,0.25839793281653745,0.125,1.8087855297157622,0.0958904109589041,3.10077519379845,0.12,0.10982658959537572,1.5748031496062993,0,0,0.5249343832020997,0.02247191011235955,1.0498687664041995,0.043478260869565216,0.03314917127071823,0.05,0.02702702702702703,0.3125,0.15384615384615385,0,0,0.044444444444444446,0,0.027777777777777776,0.1,1,0.034482758620689655
"Adem Bona","PHI",12,177,5.481283422459893,6.860158311345646,1.3192612137203166,0.38461538461538464,3.6939313984168867,0.14285714285714285,1.8469656992084433,0.07865168539325842,0.11229946524064172,4.065040650406504,0,0,3.5230352303523036,0.1326530612244898,0.5420054200542005,0.024096385542168676,0.08287292817679558,0.1282051282051282,0.16279069767441862,0.125,0.07246376811594203,0.1,0.14634146341463414,0.15384615384615385,0.05555555555555555,0.014925373134328358,0.0625,2,0.25
"Yves Missi","NOP",9,175,5.914718019257221,4.945054945054945,0,0,2.197802197802198,0.1509433962264151,2.7472527472527473,0.10309278350515463,0.12,6.887052341597796,0.27548209366391185,0.08333333333333333,4.40771349862259,0.16326530612244897,2.203856749311295,0.09876543209876543,0.1340782122905028,0.125,0.19047619047619047,0.125,0.13432835820895522,0.03333333333333333,0.13953488372093023,0.19148936170212766,0.125,0.09375,0.11764705882352941,1,0.08333333333333333
"Taurean Prince","MIL",8,169,1.7857142857142858,3.551912568306011,0.273224043715847,0.0625,1.639344262295082,0.06741573033707865,1.639344262295082,0.07142857142857142,0.06936416184971098,0,0,0,0,0,0,0,0,0.03125,0.10869565217391304,0,0.07936507936507936,0.047619047619047616,0,0,0,0,0,0,0
"Paul Reed","DET",13,163,8.085106382978724,9.014084507042254,0.5633802816901409,0.25,5.352112676056338,0.24050632911392406,3.0985915492957745,0.15714285714285714,0.20134228187919462,7.142857142857143,0.2857142857142857,0.07692307692307693,4.857142857142857,0.2,2,0.109375,0.1610738255033557,0.25,0.20454545454545456,0.6666666666666666,0.17647058823529413,0.10526315789473684,0.30303030303030304,0.14634146341463414,0.09090909090909091,0.11538461538461539,0.08333333333333333,2,0.125
"Luke Kornet","SAS",7,163,6.31424375917768,6.41399416909621,0,0,4.956268221574344,0.16666666666666666,1.4577259475218658,0.0684931506849315,0.12571428571428572,6.21301775147929,0.2958579881656805,0.07692307692307693,3.8461538461538463,0.17333333333333334,2.0710059171597632,0.08641975308641975,0.1282051282051282,0.21428571428571427,0.13333333333333333,0.13333333333333333,0.06779661016949153,0.07142857142857142,0.2413793103448276,0.16666666666666666,0,0.08620689655172414,0.08695652173913043,2,0.4
"RayJ Dennis","IND",11,161,2.7496382054992763,3.179190751445087,0,0,1.7341040462427746,0.08,1.4450867052023122,0.060240963855421686,0.06962025316455696,2.318840579710145,0,0,0.8695652173913043,0.03296703296703297,1.4492753623188406,0.044642857142857144,0.03940886699507389,0.125,0.07317073170731707,0,0.06779661016949153,0.041666666666666664,0,0.04081632653061224,0.1,0.0449438202247191,0.043478260869565216,2,0.044444444444444446
"Jabari Walker","PHI",13,158,5.7187017001545595,6.441717791411043,1.5337423312883436,0.5555555555555556,3.067484662576687,0.14925373134328357,1.8404907975460123,0.0821917808219178,0.11428571428571428,4.984423676012461,0,0,3.7383177570093458,0.13793103448275862,1.2461059190031152,0.05714285714285714,0.10191082802547771,0.14285714285714285,0.09090909090909091,0.23529411764705882,0.08771929824561403,0.0625,0.1935483870967742,0.16666666666666666,0,0.03571428571428571,0.14285714285714285,2,0.14285714285714285
"Zion Williamson","NOP",5,157,5.175038051750381,5.438066465256798,0.6042296072507553,0.3333333333333333,1.2084592145015105,0.06779661016949153,3.6253776435045317,0.1411764705882353,0.1111111111111111,4.9079754601226995,0,0,3.6809815950920246,0.12903225806451613,1.2269938650306749,0.07142857142857142,0.10738255033557047,0.08333333333333333,0.08695652173913043,0,0.07272727272727272,0.26666666666666666,0.15,0.13043478260869565,0,0.09523809523809523,0,5,0.18518518518518517
"Nick Richards","PHX",15,156,8.018867924528301,9.748427672955975,0.6289308176100629,0.4,4.088050314465409,0.20634920634920634,5.031446540880503,0.19753086419753085,0.2013888888888889,6.289308176100629,0,0,4.40251572327044,0.1794871794871795,1.8867924528301887,0.08,0.13071895424836602,0.21739130434782608,0.24242424242424243,0,0.15873015873015872,0.3333333333333333,0.2777777777777778,0.16326530612244897,0.09090909090909091,0.06557377049180328,0.14285714285714285,4,0.3076923076923077
"Jonas Valančiūnas","DEN",13,155,9.902597402597403,13.268608414239482,0.970873786407767,0.3333333333333333,7.119741100323624,0.3013698630136986,5.17799352750809,0.19753086419753085,0.24675324675324675,6.514657980456026,0,0,4.234527687296417,0.14285714285714285,2.2801302931596092,0.12727272727272726,0.136986301369863,0.19047619047619047,0.3888888888888889,0.25,0.1724137931034483,0.2608695652173913,0.10344827586206896,0.16666666666666666,0.15,0.11627906976744186,0.16666666666666666,3,0.11538461538461539
"Justin Edwards","PHI",11,154,3.0864197530864197,3.9877300613496933,0,0,1.2269938650306749,0.06153846153846154,2.7607361963190185,0.12857142857142856,0.0962962962962963,2.1739130434782608,0.6211180124223602,0.1,0,0,1.5527950310559007,0.07042253521126761,0.03424657534246575,0.10526315789473684,0.029411764705882353,0.08333333333333333,0.15384615384615385,0.05555555555555555,0,0,0,0.07017543859649122,0.07142857142857142,0,0
"Walker Kessler","UTA",5,154,8.723747980613894,10.032362459546926,0.6472491909385113,0.2857142857142857,3.883495145631068,0.17647058823529413,5.501618122977346,0.18888888888888888,0.18354430379746836,7.419354838709677,0,0,3.5483870967741935,0.2,3.870967741935484,0.13793103448275862,0.1619718309859155,0.125,0.24324324324324326,0.06666666666666667,0.19402985074626866,0.17391304347826086,0.16666666666666666,0.25806451612903225,0.08333333333333333,0.1388888888888889,0.13333333333333333,2,0.3333333333333333
"Isaiah Collier","UTA",6,152,3.007518796992481,6.042296072507553,0,0,1.8126888217522659,0.09523809523809523,4.229607250755287,0.1917808219178082,0.14705882352941177,0,0,0,0,0,0,0,0,0.0625,0.0975609756097561,0.16666666666666666,0.16393442622950818,0.3333333333333333,0,0,0,0,0,0,0
"John Konchar","MEM",13,151,4.672897196261682,8.125,0,0,3.75,0.17391304347826086,4.375,0.16091954022988506,0.16666666666666666,1.2422360248447204,0,0,0.6211180124223602,0.023529411764705882,0.6211180124223602,0.022222222222222223,0.022857142857142857,0.09090909090909091,0.21428571428571427,0.2,0.16176470588235295,0.15789473684210525,0.06896551724137931,0,0,0.014925373134328358,0.043478260869565216,0,0
"Anthony Davis","DAL",5,149,8.082408874801901,10.69182389937107,1.5723270440251573,0.4166666666666667,5.345911949685535,0.2,3.7735849056603774,0.2033898305084746,0.2013888888888889,5.431309904153355,0,0,4.472843450479234,0.15555555555555556,0.9584664536741214,0.047619047619047616,0.1111111111111111,0.09090909090909091,0.25,0.18181818181818182,0.17391304347826086,0.3076923076923077,0.175,0.1935483870967742,0.05263157894736842,0.043478260869565216,0.058823529411764705,2,0.06060606060606061
"Drake Powell","BKN",8,149,2.857142857142857,4.713804713804714,0,0,2.6936026936026938,0.13793103448275862,2.0202020202020203,0.08333333333333333,0.1076923076923077,1.0067114093959733,0,0,0.6711409395973155,0.038461538461538464,0.33557046979865773,0.011494252873563218,0.02158273381294964,0.11538461538461539,0.2,0.08333333333333333,0.07142857142857142,0.125,0.05555555555555555,0.04,0,0.015384615384615385,0,0,0
"Taylor Hendricks","UTA",9,148,5.9748427672955975,6.94006309148265,0.31545741324921134,0.16666666666666666,2.8391167192429023,0.1267605633802817,3.7854889589905363,0.1348314606741573,0.13125,5.015673981191223,0,0,2.8213166144200628,0.10227272727272728,2.19435736677116,0.0875,0.09523809523809523,0.07142857142857142,0.2,0,0.14705882352941177,0.09523809523809523,0.11538461538461539,0.11904761904761904,0.05,0.09090909090909091,0.07142857142857142,2,0.09523809523809523
"Gary Payton II","GSW",15,148,6.012658227848101,7.6452599388379205,0,0,3.9755351681957185,0.18309859154929578,3.669724770642202,0.15384615384615385,0.16778523489932887,4.262295081967213,0,0,1.639344262295082,0.09433962264150944,2.622950819672131,0.08421052631578947,0.08783783783783784,0.07407407407407407,0.19444444444444445,0.5,0.140625,0.21428571428571427,0.12,0.047619047619047616,0.14285714285714285,0.08641975308641975,0.07142857142857142,1,0.047619047619047616
"Tyrese Proctor","CLE",12,142,2.051282051282051,3.3557046979865772,0,0,2.0134228187919465,0.075,1.342281879194631,0.06153846153846154,0.06896551724137931,0.6968641114982579,0,0,0.34843205574912894,0.014925373134328358,0.34843205574912894,0.01020408163265306,0.012121212121212121,0.0967741935483871,0.058823529411764705,0.06666666666666667,0.08163265306122448,0,0,0.041666666666666664,0,0.01282051282051282,0,0,0
"Dylan Harper","SAS",6,140,4.278074866310161,6.73758865248227,0.3546099290780142,0.14285714285714285,2.127659574468085,0.08571428571428572,4.25531914893617,0.18461538461538463,0.13333333333333333,1.7921146953405018,0,0,0.7168458781362007,0.028985507246376812,1.075268817204301,0.05555555555555555,0.04065040650406504,0,0.15625,0.0625,0.2553191489361702,0,0.030303030303030304,0.037037037037037035,0,0.06060606060606061,0.047619047619047616,1,0.03571428571428571
"Joel Embiid","PHI",6,140,5.719237435008665,8.362369337979095,1.0452961672473868,0.25,4.181184668989547,0.21052631578947367,3.1358885017421603,0.12857142857142856,0.16535433070866143,3.103448275862069,0,0,2.0689655172413794,0.09090909090909091,1.0344827586206897,0.04918032786885246,0.07086614173228346,0.1935483870967742,0.17647058823529413,0.3333333333333333,0.15254237288135594,0,0.16666666666666666,0.08333333333333333,0,0.058823529411764705,0,2,0.04878048780487805
"Trae Young","ATL",5,139,1.6313213703099512,3.2679738562091503,0,0,1.6339869281045751,0.08620689655172414,1.6339869281045751,0.07462686567164178,0.08,0,0,0,0,0,0,0,0,0.07692307692307693,0.07407407407407407,0.2,0.10204081632653061,0,0,0,0,0,0,0,0
"Karlo Matković","NOP",12,137,5.830388692579505,8.771929824561404,0,0,4.2105263157894735,0.23076923076923078,4.56140350877193,0.16049382716049382,0.18796992481203006,2.8469750889679717,0,0,2.8469750889679717,0.12903225806451613,0,0,0.06349206349206349,0.2608695652173913,0.18181818181818182,0.2857142857142857,0.16666666666666666,0.13333333333333333,0.20588235294117646,0.05,0,0,0,0,0
"Hugo González","BOS",11,136,4.044117647058823,5.0359712230215825,0,0,2.158273381294964,0.09523809523809523,2.8776978417266186,0.12307692307692308,0.109375,3.007518796992481,0,0,0.7518796992481203,0.03278688524590164,2.255639097744361,0.06818181818181818,0.053691275167785234,0.13043478260869565,0.07142857142857142,0.08333333333333333,0.12244897959183673,0.125,0,0.06451612903225806,0,0.06666666666666667,0.07692307692307693,0,0
"Rob Dillingham","MIN",12,136,2.2413793103448274,3.7800687285223367,0,0,1.7182130584192439,0.06756756756756757,2.0618556701030926,0.10714285714285714,0.08461538461538462,0.6920415224913494,0,0,0,0,0.6920415224913494,0.03125,0.015037593984962405,0.0625,0.03125,0.2,0.125,0.0625,0,0,0,0.023255813953488372,0.047619047619047616,0,0
"Ousmane Dieng","OKC",12,135,3.7837837837837838,5.944055944055944,0,0,2.797202797202797,0.11594202898550725,3.1468531468531467,0.10843373493975904,0.1118421052631579,1.486988847583643,0,0,0,0,1.486988847583643,0.058823529411764705,0.03076923076923077,0.13043478260869565,0.12121212121212122,0.07692307692307693,0.08955223880597014,0.1875,0,0,0,0.057692307692307696,0.0625,0,0
"Moussa Cisse","DAL",11,133,8.013937282229966,8.24742268041237,0.3436426116838488,0.125,5.154639175257732,0.19480519480519481,2.7491408934707904,0.12121212121212122,0.16083916083916083,7.773851590106007,0,0,4.593639575971731,0.18055555555555555,3.1802120141342756,0.16666666666666666,0.1746031746031746,0.24,0.19047619047619047,0.1,0.1111111111111111,0.14285714285714285,0.23076923076923078,0.20588235294117646,0,0.1590909090909091,0.2,4,0.4444444444444444
"Jonathan Isaac","ORL",14,133,7.052441229656419,10.638297872340425,1.0638297872340425,0.5,3.900709219858156,0.16417910447761194,5.673758865248227,0.25396825396825395,0.2076923076923077,3.321033210332103,0,0,1.845018450184502,0.06578947368421052,1.4760147601476015,0.05333333333333334,0.059602649006622516,0.05263157894736842,0.16666666666666666,0.3333333333333333,0.28888888888888886,0.16666666666666666,0.1111111111111111,0.04,0,0.07547169811320754,0,1,0.05
"Jeremy Sochan","SAS",8,132,4.528985507246377,7.473309608540926,0,0,2.8469750889679717,0.11764705882352941,4.6263345195729535,0.23636363636363636,0.17073170731707318,1.4760147601476015,0,0,0,0,1.4760147601476015,0.06557377049180328,0.03636363636363636,0.20588235294117646,0.05,0,0.275,0.13333333333333333,0,0,0,0.09090909090909091,0,0,0
"Jaden Hardy","DAL",12,131,2.8021015761821366,4.56140350877193,0.3508771929824561,0.1,3.1578947368421053,0.12,1.0526315789473684,0.043478260869565216,0.08333333333333333,1.048951048951049,0,0,0.6993006993006993,0.031746031746031744,0.34965034965034963,0.015384615384615385,0.0234375,0.2,0.08333333333333333,0.07142857142857142,0.058823529411764705,0,0.034482758620689655,0,0.1,0.02127659574468085,0,0,0
"Caleb Martin","DAL",13,130,3.8394415357766145,4.498269896193771,0.3460207612456747,0.1111111111111111,1.7301038062283738,0.07692307692307693,2.422145328719723,0.1076923076923077,0.09230769230769231,3.1690140845070425,0.352112676056338,0.05555555555555555,0.704225352112676,0.03508771929824561,2.112676056338028,0.07894736842105263,0.06015037593984962,0.08,0.037037037037037035,0.15384615384615385,0.10869565217391304,0.10526315789473684,0.05555555555555555,0,0.09090909090909091,0.09433962264150944,0.043478260869565216,0,0
"Amir Coffey","MIL",13,128,2.6465028355387523,3.717472118959108,0,0,1.486988847583643,0.058823529411764705,2.2304832713754648,0.08450704225352113,0.07194244604316546,1.5384615384615385,0,0,0.38461538461538464,0.015625,1.1538461538461537,0.05555555555555555,0.03389830508474576,0.07692307692307693,0.03571428571428571,0.07142857142857142,0.08333333333333333,0.09090909090909091,0.09090909090909091,0,0,0.05263157894736842,0.0625,0,0
"Chaz Lanier","DET",11,128,2.5547445255474455,2.9197080291970803,0.36496350364963503,0.07692307692307693,0,0,2.5547445255474455,0.11475409836065574,0.056451612903225805,2.18978102189781,0.7299270072992701,0.16666666666666666,0.36496350364963503,0.016666666666666666,1.094890510948905,0.04411764705882353,0.03125,0,0,0,0.12,0.09090909090909091,0,0,0.125,0.0625,0,1,0.038461538461538464
"Ochai Agbaji","TOR",9,125,3.538175046554935,6.319702602230484,0.37174721189591076,0.1111111111111111,3.345724907063197,0.15789473684210525,2.6022304832713754,0.1111111111111111,0.13333333333333333,0.746268656716418,0.373134328358209,0.1111111111111111,0,0,0.373134328358209,0.01818181818181818,0.008620689655172414,0.17391304347826086,0.08695652173913043,0.2727272727272727,0.13333333333333333,0.05555555555555555,0,0,0,0.023255813953488372,0,0,0
"Ja'Kobe Walter","TOR",11,123,2.559055118110236,2.7237354085603114,0,0,0.7782101167315175,0.03571428571428571,1.9455252918287937,0.09433962264150944,0.06422018348623854,2.3904382470119523,0,0,1.593625498007968,0.06896551724137931,0.796812749003984,0.03125,0.04918032786885246,0.07692307692307693,0,0,0.047619047619047616,0.2727272727272727,0.05263157894736842,0.07692307692307693,0.07692307692307693,0.03508771929824561,0,1,0.05263157894736842
"Bilal Coulibaly","WAS",5,123,4.2471042471042475,6.923076923076923,0.38461538461538464,0.25,2.3076923076923075,0.11538461538461539,4.230769230769231,0.16923076923076924,0.1452991452991453,1.550387596899225,0.3875968992248062,0.1111111111111111,1.1627906976744187,0.04477611940298507,0,0,0.02586206896551724,0.2222222222222222,0,0,0.14893617021276595,0.2222222222222222,0,0.05263157894736842,0.07142857142857142,0,0,1,0.04
"Bradley Beal","LAC",6,121,1.02880658436214,1.2345679012345678,0,0,0.411522633744856,0.018518518518518517,0.823045267489712,0.03333333333333333,0.02631578947368421,0.823045267489712,0,0,0.411522633744856,0.02,0.411522633744856,0.0196078431372549,0.019801980198019802,0,0.034482758620689655,0,0.041666666666666664,0,0,0.03225806451612903,0,0.024390243902439025,0,1,0.034482758620689655
"Micah Peavy","NOP",10,118,4.646464646464646,4.780876494023905,0.796812749003984,0.4,1.1952191235059761,0.07894736842105263,2.7888446215139444,0.10294117647058823,0.09433962264150944,4.508196721311475,0,0,2.8688524590163933,0.1044776119402985,1.639344262295082,0.07692307692307693,0.09243697478991597,0.07692307692307693,0.09523809523809523,0,0.09803921568627451,0.11764705882352941,0.16129032258064516,0.03571428571428571,0.125,0.09302325581395349,0,3,0.15789473684210525
"Cody Williams","UTA",9,118,1.5296367112810707,2.2900763358778624,0,0,1.9083969465648856,0.10869565217391304,0.3816793893129771,0.01694915254237288,0.05714285714285714,0.7662835249042146,0,0,0.3831417624521073,0.022222222222222223,0.3831417624521073,0.016666666666666666,0.01904761904761905,0.16666666666666666,0.03571428571428571,0.3333333333333333,0.021739130434782608,0,0,0.043478260869565216,0,0.021739130434782608,0,0,0
"Precious Achiuwa","SAC",7,118,5.7654075546719685,7.569721115537849,0.398406374501992,0.2,1.9920318725099602,0.15625,5.179282868525896,0.17333333333333334,0.16822429906542055,3.9682539682539684,0,0,3.1746031746031744,0.11428571428571428,0.7936507936507936,0.038461538461538464,0.08196721311475409,0.2,0.125,0.16666666666666666,0.23076923076923078,0.043478260869565216,0.10526315789473684,0.10810810810810811,0.14285714285714285,0.05263157894736842,0,0,0
"Sidy Cissoko","POR",9,117,3.225806451612903,3.629032258064516,0,0,1.6129032258064515,0.06896551724137931,2.0161290322580645,0.08928571428571429,0.07894736842105263,2.8225806451612905,0.4032258064516129,0.2,0.4032258064516129,0.01639344262295082,2.0161290322580645,0.06944444444444445,0.045112781954887216,0.125,0.04,0,0.125,0,0,0.043478260869565216,0,0.05454545454545454,0.11764705882352941,0,0
"Guerschon Yabusele","NYK",12,116,6.147540983606557,7.317073170731708,0,0,1.2195121951219512,0.06818181818181818,6.097560975609756,0.22388059701492538,0.16216216216216217,4.958677685950414,0,0,2.0661157024793386,0.10869565217391304,2.8925619834710745,0.09333333333333334,0.09917355371900827,0,0.11764705882352941,0.16666666666666666,0.2545454545454545,0.08333333333333333,0.10526315789473684,0.10526315789473684,0.125,0.08928571428571429,0.10526315789473684,1,0.05555555555555555
"Mitchell Robinson","NYK",7,116,13.636363636363637,9.913793103448276,0.8620689655172413,0.6666666666666666,3.0172413793103448,0.12962962962962962,6.0344827586206895,0.25925925925925924,0.19444444444444445,17.391304347826086,0.43478260869565216,0.2,10.869565217391305,0.352112676056338,6.086956521739131,0.23728813559322035,0.3,0.07142857142857142,0.16666666666666666,0.25,0.2558139534883721,0.2727272727272727,0.4375,0.27586206896551724,0.3,0.18421052631578946,0.3333333333333333,5,0.625
"Terrence Shannon Jr.","MIN",7,115,3.5051546391752577,5.691056910569106,0.4065040650406504,0.2,0.8130081300813008,0.0425531914893617,4.471544715447155,0.21568627450980393,0.1326530612244898,1.2552301255230125,0,0,0.41841004184100417,0.01639344262295082,0.8368200836820083,0.0425531914893617,0.027777777777777776,0.08695652173913043,0,0,0.24324324324324326,0.14285714285714285,0.037037037037037035,0,0,0.0625,0,0,0
"Dwight Powell","DAL",12,114,5.118110236220472,5.511811023622047,0,0,4.330708661417323,0.14285714285714285,1.1811023622047243,0.05172413793103448,0.1037037037037037,4.724409448818897,0,0,1.968503937007874,0.09615384615384616,2.7559055118110236,0.12962962962962962,0.11320754716981132,0.0967741935483871,0.17647058823529413,0.16666666666666666,0.043478260869565216,0.08333333333333333,0.17391304347826086,0.05263157894736842,0,0.1,0.16666666666666666,0,0
"Chris Paul","LAC",9,114,3.508771929824561,4.761904761904762,0.4329004329004329,0.2,2.1645021645021645,0.1111111111111111,2.1645021645021645,0.08064516129032258,0.09345794392523364,2.2222222222222223,0,0,0.4444444444444444,0.018518518518518517,1.7777777777777777,0.06666666666666667,0.043859649122807015,0.2,0,0.25,0.058823529411764705,0.18181818181818182,0.1,0,0,0.09090909090909091,0,1,0.05555555555555555
"Baylor Scheierman","BOS",11,113,5.215419501133787,8.181818181818182,1.8181818181818181,0.36363636363636365,2.727272727272727,0.1,3.6363636363636362,0.14285714285714285,0.1206896551724138,2.262443438914027,0,0,0.9049773755656109,0.03571428571428571,1.3574660633484164,0.04477611940298507,0.04065040650406504,0.0625,0.08333333333333333,0.25,0.15555555555555556,0.09090909090909091,0.058823529411764705,0.045454545454545456,0,0.05555555555555555,0,0,0
"Kevin Love","UTA",8,112,7.296137339055794,12.017167381974248,0.4291845493562232,0.3333333333333333,3.8626609442060085,0.21428571428571427,7.725321888412017,0.3050847457627119,0.26732673267326734,2.575107296137339,0.4291845493562232,0.2,0.8583690987124464,0.06060606060606061,1.2875536480686696,0.05263157894736842,0.05555555555555555,0.2222222222222222,0.17857142857142858,0.4,0.3111111111111111,0.2857142857142857,0,0.1111111111111111,0,0.0625,0,1,0.05555555555555555
"Liam McNeeley","CHA",9,112,3.5416666666666665,5.3061224489795915,0.8163265306122449,0.4,2.0408163265306123,0.09259259259259259,2.4489795918367347,0.125,0.10784313725490197,1.702127659574468,0,0,0.425531914893617,0.02,1.2765957446808511,0.05172413793103448,0.037037037037037035,0.1875,0.06896551724137931,0,0.10256410256410256,0.2222222222222222,0.05263157894736842,0,0,0.044444444444444446,0.07692307692307693,0,0
"Bronny James","LAL",10,111,1.9565217391304348,2.1459227467811157,0,0,1.2875536480686696,0.07317073170731707,0.8583690987124464,0.034482758620689655,0.050505050505050504,1.7621145374449338,0,0,0,0,1.7621145374449338,0.0784313725490196,0.043010752688172046,0.09523809523809523,0.05555555555555555,0,0.046511627906976744,0,0,0,0,0.0975609756097561,0,0,0
"Bones Hyland","MIN",12,108,2.5531914893617023,4.564315352697095,0.4149377593360996,0.07142857142857142,2.904564315352697,0.1320754716981132,1.2448132780082988,0.06382978723404255,0.1,0.4366812227074236,0,0,0,0,0.4366812227074236,0.017543859649122806,0.009615384615384616,0.125,0.15789473684210525,0.1,0.02702702702702703,0.2,0,0,0,0,0.05,0,0
"Clint Capela","HOU",11,108,11.342592592592593,10.185185185185185,0.9259259259259259,0.3333333333333333,4.166666666666667,0.225,5.092592592592593,0.16923076923076924,0.19047619047619047,12.5,0.46296296296296297,0.125,8.796296296296296,0.2835820895522388,3.240740740740741,0.15555555555555556,0.23214285714285715,0,0.38095238095238093,0.2,0.20833333333333334,0.058823529411764705,0.2222222222222222,0.17857142857142858,0.47619047619047616,0.13513513513513514,0.25,1,0.1111111111111111
"Robert Williams III","POR",9,108,7.300884955752212,7.456140350877193,1.3157894736842106,0.5,3.0701754385964914,0.12727272727272726,3.0701754385964914,0.15217391304347827,0.13861386138613863,7.142857142857143,0,0,4.017857142857143,0.16071428571428573,3.125,0.12727272727272726,0.14414414414414414,0.05,0.18181818181818182,0.15384615384615385,0.1935483870967742,0.06666666666666667,0.17391304347826086,0.17391304347826086,0.1,0.11904761904761904,0.15384615384615385,1,0.125
"Isaiah Livers","PHX",9,104,3.6117381489841986,5.357142857142857,0.44642857142857145,1,1.7857142857142858,0.07017543859649122,3.125,0.14,0.102803738317757,1.82648401826484,0.45662100456621,0.2,0,0,1.36986301369863,0.05555555555555555,0.030612244897959183,0.11764705882352941,0.06451612903225806,0,0.09090909090909091,0.5,0,0,0,0.06382978723404255,0,0,0
"Cam Christie","LAC",9,104,3.7593984962406015,5.9405940594059405,0,0,2.4752475247524752,0.10204081632653061,3.4653465346534653,0.10606060606060606,0.10434782608695652,1.5228426395939085,0,0,1.015228426395939,0.05714285714285714,0.5076142131979695,0.02040816326530612,0.03571428571428571,0.08333333333333333,0.07142857142857142,0.2222222222222222,0.11538461538461539,0.07142857142857142,0,0.1111111111111111,0,0,0.1111111111111111,1,0.06666666666666667
"Brooks Barnhizer","OKC",13,103,6.428571428571429,10.377358490566039,1.4150943396226414,0.5,5.188679245283019,0.19642857142857142,3.7735849056603774,0.14545454545454545,0.17117117117117117,2.4038461538461537,0,0,1.4423076923076923,0.07692307692307693,0.9615384615384616,0.03508771929824561,0.052083333333333336,0.2,0.23076923076923078,0.13333333333333333,0.1590909090909091,0.09090909090909091,0.16666666666666666,0,0.1,0.021739130434782608,0.09090909090909091,1,0.3333333333333333
"Justin Champagnie","WAS",12,101,8.076009501187649,7.94392523364486,0.9345794392523364,1,4.672897196261682,0.2222222222222222,2.336448598130841,0.10869565217391304,0.16483516483516483,8.21256038647343,0,0,4.830917874396135,0.15151515151515152,3.3816425120772946,0.14583333333333334,0.14912280701754385,0.1875,0.21739130434782608,0.3333333333333333,0.10526315789473684,0.125,0.17391304347826086,0.16666666666666666,0,0.10810810810810811,0.2727272727272727,2,0.14285714285714285
"Quenton Jackson","IND",5,101,3.9080459770114944,5.529953917050691,0,0,3.225806451612903,0.16279069767441862,2.304147465437788,0.08196721311475409,0.11538461538461539,2.293577981651376,0,0,0.9174311926605505,0.03389830508474576,1.3761467889908257,0.058823529411764705,0.045454545454545456,0.1875,0.17647058823529413,0.1,0.10869565217391304,0,0,0.08,0,0.046511627906976744,0.125,0,0
"Dominick Barlow","PHI",4,100,5.147058823529412,4.901960784313726,0.49019607843137253,0.25,2.450980392156863,0.1,1.9607843137254901,0.07272727272727272,0.08571428571428572,5.392156862745098,0,0,1.4705882352941178,0.0625,3.9215686274509802,0.1509433962264151,0.10891089108910891,0.058823529411764705,0.14285714285714285,0,0.10526315789473684,0,0,0.041666666666666664,0.16666666666666666,0.14634146341463414,0.16666666666666666,0,0
"Kobe Sanders","LAC",6,100,2.4630541871921183,2.450980392156863,0,0,0.49019607843137253,0.019230769230769232,1.9607843137254901,0.09090909090909091,0.052083333333333336,2.4752475247524752,0,0,0,0,2.4752475247524752,0.11627906976744186,0.05555555555555555,0,0.058823529411764705,0,0.027777777777777776,0.375,0,0,0,0.11764705882352941,0.1111111111111111,0,0
"Trayce Jackson-Davis","GSW",9,100,5,5.140186915887851,0.4672897196261682,0.2,3.2710280373831777,0.14583333333333334,1.4018691588785046,0.08823529411764706,0.12195121951219512,4.854368932038835,0,0,2.912621359223301,0.125,1.941747572815534,0.08163265306122448,0.10309278350515463,0.21428571428571427,0.13793103448275862,0,0.10344827586206896,0,0.13333333333333333,0.16,0,0.0975609756097561,0,2,0.18181818181818182
"Pat Spencer","GSW",9,99,3.110047846889952,4.186046511627907,0,0,1.8604651162790697,0.08888888888888889,2.3255813953488373,0.14285714285714285,0.1125,1.9704433497536946,0,0,0.9852216748768473,0.0425531914893617,0.9852216748768473,0.034482758620689655,0.0380952380952381,0.13333333333333333,0.08695652173913043,0,0.14285714285714285,0.14285714285714285,0.07142857142857142,0.03571428571428571,0,0.044444444444444446,0,1,0.05263157894736842
"Javon Small","MEM",8,99,1.8604651162790697,3.225806451612903,0,0,1.3824884792626728,0.061224489795918366,1.8433179723502304,0.06779661016949153,0.06481481481481481,0.4694835680751174,0,0,0.4694835680751174,0.022727272727272728,0,0,0.01020408163265306,0.08333333333333333,0.058823529411764705,0,0.06521739130434782,0.07692307692307693,0,0.038461538461538464,0,0,0,0,0
"Kevon Looney","NOP",7,99,6.585365853658536,6.829268292682927,0.4878048780487805,0.5,4.390243902439025,0.2647058823529412,1.951219512195122,0.07407407407407407,0.14772727272727273,6.341463414634147,0,0,4.390243902439025,0.16981132075471697,1.951219512195122,0.06153846153846154,0.11016949152542373,0.25,0.3,0.16666666666666666,0.09302325581395349,0,0.3333333333333333,0.1,0.06666666666666667,0.038461538461538464,0.15384615384615385,2,0.2
"Bennedict Mathurin","IND",3,98,4.12621359223301,6.829268292682927,0,0,3.902439024390244,0.17777777777777778,2.926829268292683,0.15789473684210525,0.1686746987951807,1.4492753623188406,0,0,0.966183574879227,0.03278688524590164,0.4830917874396135,0.022727272727272728,0.02857142857142857,0,0.20833333333333334,0.3333333333333333,0.13333333333333333,0.25,0.047619047619047616,0.038461538461538464,0,0.02702702702702703,0,0,0
"Blake Wesley","POR",6,98,3.2110091743119265,5.405405405405405,0,0,1.3513513513513513,0.075,4.054054054054054,0.1956521739130435,0.13953488372093023,0.9345794392523364,0,0,0,0,0.9345794392523364,0.03773584905660377,0.01834862385321101,0,0.058823529411764705,0.18181818181818182,0.2,0.18181818181818182,0,0,0,0.0425531914893617,0,2,0.11764705882352941
"Nigel Hayes-Davis","PHX",12,97,3.87409200968523,4.245283018867925,0,0,3.30188679245283,0.1346153846153846,0.9433962264150944,0.05405405405405406,0.10112359550561797,3.482587064676617,0,0,1.492537313432836,0.07142857142857142,1.9900497512437811,0.07272727272727272,0.07216494845360824,0.23529411764705882,0.08,0.1,0.07142857142857142,0,0,0.07407407407407407,0.14285714285714285,0.06976744186046512,0.08333333333333333,2,0.14285714285714285
"Ben Saraf","BKN",7,97,3.2581453634085213,4.975124378109452,0.4975124378109453,0.2,2.487562189054726,0.1111111111111111,1.9900497512437811,0.11428571428571428,0.1125,1.5151515151515151,0,0,0,0,1.5151515151515151,0.06521739130434782,0.03333333333333333,0.10526315789473684,0.11764705882352941,0.1111111111111111,0.13043478260869565,0.08333333333333333,0,0,0,0.06060606060606061,0.07692307692307693,0,0
"Pat Connaughton","CHA",10,94,4.896907216494846,8.040201005025125,0,0,6.030150753768845,0.21052631578947367,2.0100502512562812,0.10526315789473684,0.16842105263157894,1.5873015873015872,0,0,1.0582010582010581,0.041666666666666664,0.5291005291005291,0.020833333333333332,0.03125,0.10526315789473684,0.23076923076923078,0.3333333333333333,0.0967741935483871,0.14285714285714285,0,0.037037037037037035,0.25,0.02702702702702703,0,0,0
"Nick Smith Jr.","LAL",6,90,1.5544041450777202,3.076923076923077,0,0,1.0256410256410255,0.05128205128205128,2.051282051282051,0.08,0.06741573033707865,0,0,0,0,0,0,0,0,0.05555555555555555,0,0.25,0.075,0.1,0,0,0,0,0,0,0
"KJ Simpson","CHA",6,90,3.8043478260869565,5.913978494623656,0,0,2.6881720430107525,0.11627906976744186,3.225806451612903,0.1935483870967742,0.14864864864864866,1.6483516483516483,0,0,0,0,1.6483516483516483,0.07142857142857142,0.03529411764705882,0.1111111111111111,0.125,0.1111111111111111,0.2222222222222222,0,0,0,0,0.03333333333333333,0.16666666666666666,0,0
"Taelon Peter","IND",10,90,3.580562659846547,5.05050505050505,0.5050505050505051,0.14285714285714285,3.5353535353535355,0.16666666666666666,1.0101010101010102,0.038461538461538464,0.09574468085106383,2.0725388601036268,0,0,0,0,2.0725388601036268,0.06779661016949153,0.038834951456310676,0.07142857142857142,0.20833333333333334,0.25,0.022222222222222223,0.14285714285714285,0,0,0,0.09090909090909091,0,0,0
"Gabe Vincent","LAL",4,88,0.8174386920980926,1.0869565217391304,0,0,0.5434782608695652,0.027777777777777776,0.5434782608695652,0.022222222222222223,0.024691358024691357,0.546448087431694,0,0,0,0,0.546448087431694,0.027777777777777776,0.016129032258064516,0.09090909090909091,0,0,0.02702702702702703,0,0,0,0,0.038461538461538464,0,0,0
"Branden Carlson","OKC",10,86,5.915492957746479,8.241758241758241,0,0,4.395604395604396,0.16,3.8461538461538463,0.14285714285714285,0.15151515151515152,3.468208092485549,0,0,1.7341040462427746,0.09090909090909091,1.7341040462427746,0.06521739130434782,0.0759493670886076,0.23529411764705882,0.15384615384615385,0,0.14634146341463414,0.125,0.2,0,0.1111111111111111,0.05555555555555555,0.1,1,0.06666666666666667
"Julian Phillips","CHI",12,84,3.0985915492957745,2.2099447513812156,0,0,0,0,2.2099447513812156,0.0851063829787234,0.045454545454545456,4.022988505747127,0,0,2.2988505747126435,0.1111111111111111,1.7241379310344827,0.06818181818181818,0.0875,0,0,0,0.10344827586206896,0.05555555555555555,0.17647058823529413,0,0.25,0.037037037037037035,0.11764705882352941,2,0.15384615384615385
"Jett Howard","ORL",10,84,1.7857142857142858,2.9411764705882355,0,0,1.1764705882352942,0.0392156862745098,1.7647058823529411,0.09375,0.060240963855421686,0.6024096385542169,0,0,0.6024096385542169,0.022727272727272728,0,0,0.011627906976744186,0.05,0.037037037037037035,0,0.08333333333333333,0.125,0,0.05263157894736842,0,0,0,0,0
"Tidjane Salaün","CHA",7,83,7.122507122507122,11.1731843575419,0,0,3.910614525139665,0.1891891891891892,7.262569832402234,0.325,0.2597402597402597,2.9069767441860463,0,0,1.1627906976744187,0.06451612903225806,1.744186046511628,0.08108108108108109,0.07352941176470588,0.23076923076923078,0.15789473684210525,0.2,0.34375,0.25,0.1111111111111111,0,0,0.03571428571428571,0.2222222222222222,0,0
"Asa Newell","ATL",9,82,4.871060171919771,4.49438202247191,0,0,3.3707865168539324,0.1276595744680851,1.1235955056179776,0.0625,0.10126582278481013,5.2631578947368425,0,0,1.1695906432748537,0.05714285714285714,4.093567251461988,0.11864406779661017,0.09574468085106383,0.058823529411764705,0.19047619047619047,0.1111111111111111,0.08695652173913043,0,0.07692307692307693,0.05555555555555555,0,0.1282051282051282,0.1,0,0
"Obi Toppin","IND",3,82,5.797101449275362,9.941520467836257,0.5847953216374269,0.25,4.678362573099415,0.17391304347826086,4.678362573099415,0.18604651162790697,0.1797752808988764,1.7241379310344827,0,0,1.1494252873563218,0.06060606060606061,0.5747126436781609,0.0196078431372549,0.03571428571428571,0.1875,0.16,0.2,0.1,0.38461538461538464,0.06666666666666667,0.08333333333333333,0,0.023255813953488372,0,1,0.05555555555555555
"Duop Reath","POR",10,81,1.7191977077363896,2.857142857142857,0,0,1.7142857142857142,0.07692307692307693,1.1428571428571428,0.05128205128205128,0.0641025641025641,0.5747126436781609,0,0,0,0,0.5747126436781609,0.022727272727272728,0.011904761904761904,0,0.16666666666666666,0,0,0.14285714285714285,0,0,0,0,0.09090909090909091,0,0
"Dereck Lively II","DAL",5,80,6.6473988439306355,9.770114942528735,0.5747126436781609,0.3333333333333333,5.172413793103448,0.20454545454545456,4.022988505747127,0.2,0.20253164556962025,3.488372093023256,0,0,2.9069767441860463,0.10416666666666667,0.5813953488372093,0.029411764705882353,0.07317073170731707,0.18181818181818182,0.23076923076923078,0.14285714285714285,0.24,0.1,0.05555555555555555,0.18181818181818182,0,0.045454545454545456,0,0,0
"Spencer Jones","DEN",9,78,0.5813953488372093,0,0,0,0,0,0,0,0,1.2121212121212122,0,0,0.6060606060606061,0.02564102564102564,0.6060606060606061,0.02857142857142857,0.02702702702702703,0,0,0,0,0,0.058823529411764705,0,0,0.034482758620689655,0,0,0
"Caleb Love","POR",6,77,4.788732394366197,8.379888268156424,0,0,3.910614525139665,0.16279069767441862,4.4692737430167595,0.2,0.18072289156626506,1.1363636363636365,0,0,0,0,1.1363636363636365,0.0392156862745098,0.022988505747126436,0.058823529411764705,0.2222222222222222,0.25,0.2,0.2,0,0,0,0.04878048780487805,0,0,0
"Gui Santos","GSW",12,77,4.938271604938271,4.819277108433735,1.2048192771084338,0.4,0.6024096385542169,0.030303030303030304,3.0120481927710845,0.19230769230769232,0.1016949152542373,5.063291139240507,0,0,1.8987341772151898,0.075,3.1645569620253164,0.1111111111111111,0.09411764705882353,0,0.058823529411764705,0,0.17391304347826086,0.3333333333333333,0.06666666666666667,0.05555555555555555,0.14285714285714285,0.13513513513513514,0,0,0
"Olivier-Maxence Prosper","MEM",9,76,5.2631578947368425,6.779661016949152,1.694915254237288,0.6,2.2598870056497176,0.125,2.824858757062147,0.125,0.125,3.6363636363636362,0.6060606060606061,0.16666666666666666,1.2121212121212122,0.06666666666666667,1.8181818181818181,0.06521739130434782,0.06578947368421052,0.2857142857142857,0.09523809523809523,0,0.03225806451612903,0.4444444444444444,0,0.05263157894736842,0.2,0.07894736842105263,0,0,0
"Chris Boucher","BOS",7,76,5.6105610561056105,9.615384615384615,1.2820512820512822,0.5,3.2051282051282053,0.11363636363636363,5.128205128205129,0.23529411764705882,0.16666666666666666,1.3605442176870748,0,0,0,0,1.3605442176870748,0.037037037037037035,0.024096385542168676,0.16666666666666666,0.047619047619047616,0.18181818181818182,0.24,0.2222222222222222,0,0,0,0.046511627906976744,0,0,0
"Nae'Qwan Tomlin","CLE",6,76,6.191950464396285,4.938271604938271,0.6172839506172839,0.16666666666666666,1.8518518518518519,0.07317073170731707,2.4691358024691357,0.1111111111111111,0.09090909090909091,7.453416149068323,0,0,3.1055900621118013,0.1724137931034483,4.3478260869565215,0.14893617021276595,0.15789473684210525,0.07142857142857142,0.09090909090909091,0,0.07407407407407407,0.2222222222222222,0.36363636363636365,0.07142857142857142,0,0.16666666666666666,0,2,0.16666666666666666
"Gary Harris","MIL",8,76,1.3071895424836601,1.910828025477707,0,0,0,0,1.910828025477707,0.10344827586206896,0.05084745762711865,0.6711409395973155,0,0,0,0,0.6711409395973155,0.03125,0.014925373134328358,0,0,0,0.08,0.25,0,0,0,0.037037037037037035,0,0,0
"Maxime Raynaud","SAC",6,74,6.606606606606607,8.982035928143713,0,0,4.790419161676646,0.2962962962962963,4.191616766467066,0.17073170731707318,0.22058823529411764,4.216867469879518,0,0,1.8072289156626506,0.06666666666666667,2.4096385542168677,0.12903225806451613,0.09210526315789473,0.5,0.2631578947368421,0.25,0.14705882352941177,0.2857142857142857,0.2,0.07142857142857142,0,0.13636363636363635,0.1111111111111111,2,0.16666666666666666
"Jordan McLaughlin","SAS",8,74,1.597444089456869,1.2820512820512822,0,0,0,0,1.2820512820512822,0.06896551724137931,0.031746031746031744,1.910828025477707,0,0,1.2738853503184713,0.05555555555555555,0.6369426751592356,0.03225806451612903,0.04477611940298507,0,0,0,0.07692307692307693,0,0,0.16666666666666666,0,0.05555555555555555,0,2,0.14285714285714285
"Darius Garland","CLE",3,73,2.857142857142857,3.821656050955414,0,0,1.2738853503184713,0.05263157894736842,2.5477707006369426,0.1,0.07692307692307693,1.8987341772151898,0,0,1.2658227848101267,0.05405405405405406,0.6329113924050633,0.024390243902439025,0.038461538461538464,0.06666666666666667,0.05263157894736842,0,0.11538461538461539,0.07142857142857142,0,0.08,0,0,0.125,2,0.10526315789473684
"Jamison Battle","TOR",10,73,3.5483870967741935,6.451612903225806,0.6451612903225806,0.25,2.5806451612903225,0.09302325581395349,3.225806451612903,0.1388888888888889,0.11392405063291139,0.6451612903225806,0,0,0,0,0.6451612903225806,0.045454545454545456,0.019230769230769232,0.2222222222222222,0,0,0.125,0.16666666666666666,0,0,0,0,0.16666666666666666,0,0
"Jericho Sims","MIL",10,73,5.921052631578948,6.369426751592357,1.2738853503184713,0.5,1.2738853503184713,0.08,3.821656050955414,0.17647058823529413,0.13559322033898305,5.442176870748299,0,0,4.081632653061225,0.1276595744680851,1.3605442176870748,0.06896551724137931,0.10526315789473684,0.1,0,0.25,0.18518518518518517,0.14285714285714285,0.1,0.2,0,0.045454545454545456,0.14285714285714285,0,0
"Julian Strawther","DEN",9,71,4.605263157894737,9.03225806451613,0,0,3.870967741935484,0.15,5.161290322580645,0.1951219512195122,0.1728395061728395,0,0,0,0,0,0,0,0,0.125,0.058823529411764705,0.42857142857142855,0.20689655172413793,0.16666666666666666,0,0,0,0,0,0,0
"Kyle Anderson","UTA",4,69,3.5335689045936394,4.285714285714286,2.142857142857143,0.5,0,0,2.142857142857143,0.08823529411764706,0.05454545454545454,2.797202797202797,0,0,1.3986013986013985,0.05405405405405406,1.3986013986013985,0.05555555555555555,0.0547945205479452,0,0,0,0.07407407407407407,0.14285714285714285,0.14285714285714285,0,0,0.07407407407407407,0,0,0
"Tyler Kolek","NYK",10,67,1.8796992481203008,2.18978102189781,0,0,2.18978102189781,0.08823529411764706,0,0,0.047619047619047616,1.550387596899225,0,0,0,0,1.550387596899225,0.046511627906976744,0.0273972602739726,0.08333333333333333,0.07142857142857142,0.125,0,0,0,0,0,0.06666666666666667,0,0,0
"Chris Youngblood","OKC",13,66,2.6217228464419478,3.7313432835820897,0,0,1.492537313432836,0.05263157894736842,2.2388059701492535,0.07894736842105263,0.06578947368421052,1.5037593984962405,0,0,0.7518796992481203,0.05,0.7518796992481203,0.025,0.03333333333333333,0.1111111111111111,0,0.1111111111111111,0.06896551724137931,0.1111111111111111,0,0.07142857142857142,0,0.030303030303030304,0,1,0.09090909090909091
"Elijah Harkless","UTA",7,66,2.158273381294964,2.857142857142857,0,0,0,0,2.857142857142857,0.09523809523809523,0.07407407407407407,1.4492753623188406,0,0,0.7246376811594203,0.05,0.7246376811594203,0.034482758620689655,0.04081632653061224,0,0,0,0.05555555555555555,0.3333333333333333,0.2,0,0,0.04,0,0,0
"Xavier Tillman","BOS",8,65,6.666666666666667,7.6923076923076925,0,0,4.615384615384615,0.23076923076923078,3.076923076923077,0.13333333333333333,0.17857142857142858,5.6,0,0,1.6,0.10526315789473684,4,0.11363636363636363,0.1111111111111111,0.07142857142857142,0.2857142857142857,0.6,0.12,0.2,0,0.1111111111111111,0.25,0.10256410256410256,0.2,1,0.125
"Monté Morris","IND",6,65,2.491103202846975,4.195804195804196,0,0,1.3986013986013985,0.06451612903225806,2.797202797202797,0.10526315789473684,0.08695652173913043,0.7246376811594203,0,0,0.7246376811594203,0.023255813953488372,0,0,0.012658227848101266,0,0.058823529411764705,0.25,0.07692307692307693,0.16666666666666666,0.05555555555555555,0,0,0,0,0,0
"Devin Carter","SAC",8,65,4.1522491349480966,6.25,0,0,2.7777777777777777,0.19047619047619047,3.4722222222222223,0.13513513513513514,0.15517241379310345,2.0689655172413794,0,0,1.3793103448275863,0.0625,0.6896551724137931,0.03225806451612903,0.047619047619047616,0,0.2727272727272727,0.5,0.16,0.08333333333333333,0,0,0.2222222222222222,0.038461538461538464,0,0,0
"Will Riley","WAS",9,64,5.2434456928838955,8.088235294117647,0.7352941176470589,0.16666666666666666,3.676470588235294,0.1388888888888889,3.676470588235294,0.1724137931034483,0.15384615384615385,2.2900763358778624,0,0,0.7633587786259542,0.029411764705882353,1.5267175572519085,0.0625,0.045454545454545456,0.23529411764705882,0.07142857142857142,0,0.2,0,0,0.0625,0,0.037037037037037035,0.2,0,0
"Carter Bryant","SAS",9,62,3.90625,6.870229007633588,0,0,3.053435114503817,0.10526315789473684,3.816793893129771,0.16666666666666666,0.1323529411764706,0.8,0,0,0.8,0.05,0,0,0.0196078431372549,0.08333333333333333,0.15,0,0.16666666666666666,0.16666666666666666,0,0.1,0,0,0,0,0
"Thomas Bryant","CLE",9,61,6.746031746031746,9.375,0.78125,0.1111111111111111,6.25,0.27586206896551724,2.34375,0.1,0.1864406779661017,4.032258064516129,0,0,1.6129032258064515,0.09090909090909091,2.4193548387096775,0.06382978723404255,0.07246376811594203,0.25,0.35294117647058826,0,0.08,0.2,0.1111111111111111,0.14285714285714285,0,0.07894736842105263,0,0,0
"Kobe Brown","LAC",7,60,6.6371681415929205,9.565217391304348,2.608695652173913,0.6,2.608695652173913,0.125,4.3478260869565215,0.125,0.125,3.6036036036036037,0,0,1.8018018018018018,0.09523809523809523,1.8018018018018018,0.07692307692307693,0.0851063829787234,0.16666666666666666,0.15384615384615385,0,0.13793103448275862,0.09090909090909091,0,0.09090909090909091,0.2,0.1,0,0,0
"Dalen Terry","CHI",8,59,2.2813688212927756,4.477611940298507,0,0,2.985074626865672,0.0975609756097561,1.492537313432836,0.07142857142857142,0.08695652173913043,0,0,0,0,0,0,0,0,0,0.1,0.2857142857142857,0.10526315789473684,0,0,0,0,0,0,0,0
"Tristan Vukcevic","WAS",10,59,3.5573122529644268,6.25,0,0,1.5625,0.06451612903225806,4.6875,0.17647058823529413,0.12307692307692308,0.8,0,0,0,0,0.8,0.03125,0.015873015873015872,0.058823529411764705,0.1111111111111111,0,0.17857142857142858,0.16666666666666666,0,0,0,0.03333333333333333,0,0,0
"Aaron Holiday","HOU",7,58,1.6877637130801688,3.278688524590164,0,0,0.819672131147541,0.030303030303030304,2.459016393442623,0.09090909090909091,0.06060606060606061,0,0,0,0,0,0,0,0,0.16666666666666666,0,0,0.11538461538461539,0,0,0,0,0,0,0,0
"T.J. McConnell","IND",4,58,1.6129032258064515,2.4193548387096775,0.8064516129032258,0.25,1.6129032258064515,0.1111111111111111,0,0,0.05,0.8064516129032258,0,0,0.8064516129032258,0.023255813953488372,0,0,0.01282051282051282,0,0.14285714285714285,0,0,0,0,0.04,0,0,0,0,0
"Ariel Hukporti","NYK",8,56,6.938775510204081,7.936507936507937,0.7936507936507936,0.3333333333333333,3.9682539682539684,0.21739130434782608,3.1746031746031744,0.15384615384615385,0.1836734693877551,5.882352941176471,0,0,3.361344537815126,0.12903225806451613,2.5210084033613445,0.08823529411764706,0.1076923076923077,0.375,0.25,0,0.18181818181818182,0,0.18181818181818182,0.06666666666666667,0.2,0.07407407407407407,0.14285714285714285,0,0
"Jevon Carter","CHI",4,56,2.9166666666666665,4.132231404958677,0,0,2.479338842975207,0.0967741935483871,1.6528925619834711,0.08695652173913043,0.09259259259259259,1.680672268907563,0,0,0.8403361344537815,0.03571428571428571,0.8403361344537815,0.03225806451612903,0.03389830508474576,0.25,0.058823529411764705,0,0.058823529411764705,0.16666666666666666,0.05555555555555555,0,0,0.045454545454545456,0,1,0.1
"Kelly Olynyk","SAS",5,56,7.048458149779735,9.649122807017545,0.8771929824561403,0.25,6.140350877192983,0.25925925925925924,2.6315789473684212,0.1,0.17543859649122806,4.424778761061947,0,0,1.7699115044247788,0.08333333333333333,2.6548672566371683,0.11538461538461539,0.1,0.2727272727272727,0.2727272727272727,0.2,0.10526315789473684,0.09090909090909091,0.16666666666666666,0,0,0.1,0.16666666666666666,0,0
"Cody Martin","IND",4,55,5.932203389830509,10.655737704918034,0,0,1.639344262295082,0.07142857142857142,9.01639344262295,0.2894736842105263,0.19696969696969696,0.8771929824561403,0,0,0.8771929824561403,0.03333333333333333,0,0,0.014084507042253521,0.08333333333333333,0.06666666666666667,0,0.32142857142857145,0.2,0.1111111111111111,0,0,0,0,0,0
"Bobi Klintman","DET",6,53,6.956521739130435,9.401709401709402,1.7094017094017093,0.3333333333333333,0.8547008547008547,0.05555555555555555,6.837606837606837,0.26666666666666666,0.1875,4.424778761061947,0,0,1.7699115044247788,0.06896551724137931,2.6548672566371683,0.1,0.0847457627118644,0.1111111111111111,0,0,0.35,0.1,0.08333333333333333,0,0.25,0.15,0,0,0
"Jalen Pickett","DEN",7,53,3.0172413793103448,4.237288135593221,0,0,0.847457627118644,0.03571428571428571,3.389830508474576,0.14814814814814814,0.09090909090909091,1.7543859649122806,0,0,0.8771929824561403,0.045454545454545456,0.8771929824561403,0.030303030303030304,0.03636363636363636,0.08333333333333333,0,0,0.18181818181818182,0,0,0.1,0,0.04,0,0,0
"Maxi Kleber","LAL",4,50,3.4482758620689653,4.9504950495049505,0,0,3.9603960396039604,0.17391304347826086,0.9900990099009901,0.04,0.10416666666666667,1.9607843137254901,0,0,0,0,1.9607843137254901,0.11764705882352941,0.04878048780487805,0.25,0.09090909090909091,0.25,0,0.2,0,0,0,0.14285714285714285,0,0,0
"Zach Edey","MEM",2,50,8.450704225352112,10.377358490566039,0,0,1.8867924528301887,0.1,8.49056603773585,0.2727272727272727,0.20754716981132076,6.542056074766355,0,0,1.8691588785046729,0.06060606060606061,4.672897196261682,0.23809523809523808,0.12962962962962962,0,0.18181818181818182,0,0.25925925925925924,0.3333333333333333,0,0.1,0,0.26666666666666666,0.16666666666666666,0,0
"Jordan Miller","LAC",3,49,4.25531914893617,5.2631578947368425,0,0,0,0,5.2631578947368425,0.2631578947368421,0.125,3.225806451612903,1.075268817204301,0.5,1.075268817204301,0.0625,1.075268817204301,0.043478260869565216,0.05128205128205128,0,0,0,0.3125,0,0.2,0,0,0.07692307692307693,0,1,0.2
"Matisse Thybulle","POR",4,49,1.8018018018018018,3.6036036036036037,0,0,2.7027027027027026,0.125,0.9009009009009009,0.05,0.09090909090909091,0,0,0,0,0,0,0,0,0.1,0.1,0.25,0,0.2,0,0,0,0,0,0,0
"Rayan Rupert","POR",8,49,4.3478260869565215,7.6923076923076925,0,0,2.8846153846153846,0.13636363636363635,4.8076923076923075,0.23809523809523808,0.18604651162790697,0.970873786407767,0,0,0.970873786407767,0.04,0,0,0.017857142857142856,0.2,0.1111111111111111,0,0.21428571428571427,0.2857142857142857,0,0.09090909090909091,0,0,0,0,0
"Luke Travers","CLE",6,47,5.238095238095238,6.481481481481482,0.9259259259259259,0.14285714285714285,5.555555555555555,0.2222222222222222,0,0,0.13953488372093023,3.9215686274509802,0,0,0,0,3.9215686274509802,0.12121212121212122,0.07142857142857142,0.14285714285714285,0.2777777777777778,0,0,0,0,0,0,0.16,0,0,0
"Noah Penda","ORL",7,47,6.63265306122449,6.862745098039215,0.9803921568627451,0.3333333333333333,2.9411764705882355,0.11538461538461539,2.9411764705882355,0.15789473684210525,0.13333333333333333,6.382978723404255,0,0,4.25531914893617,0.19047619047619047,2.127659574468085,0.1111111111111111,0.15384615384615385,0.18181818181818182,0,0.5,0.13333333333333333,0.25,0.2857142857142857,0.2,0,0.15384615384615385,0,3,0.6
"Bismack Biyombo","SAS",6,46,3.278688524590164,4.25531914893617,1.0638297872340425,0.3333333333333333,1.0638297872340425,0.07142857142857142,2.127659574468085,0.1,0.08823529411764706,2.247191011235955,1.1235955056179776,1,1.1235955056179776,0.05,0,0,0.025,0,0,0.2,0.14285714285714285,0,0,0.25,0,0,0,0,0
"Lindy Waters III","SAS",6,46,3.8043478260869565,7.608695652173913,0,0,3.260869565217391,0.13043478260869565,4.3478260869565215,0.17391304347826086,0.15217391304347827,0,0,0,0,0,0,0,0,0.125,0.2,0,0.058823529411764705,0.5,0,0,0,0,0,0,0
"Rasheer Fleming","PHX",8,46,5.769230769230769,4.62962962962963,1.8518518518518519,1,0,0,2.7777777777777777,0.15789473684210525,0.075,7,0,0,4,0.21052631578947367,3,0.1,0.14285714285714285,0,0,0,0.11764705882352941,0.5,0.2,0.1,0.5,0.09523809523809523,0.1111111111111111,2,0.14285714285714285
"Ryan Nembhard","DAL",5,45,0.5102040816326531,0,0,0,0,0,0,0,0,1.0204081632653061,0,0,1.0204081632653061,0.04,0,0,0.023255813953488372,0,0,0,0,0,0.125,0,0,0,0,0,0
"Wendell Moore Jr.","DET",3,43,2.2988505747126435,3.4482758620689653,0,0,1.1494252873563218,0.05,2.2988505747126435,0.1,0.075,1.1494252873563218,0,0,0,0,1.1494252873563218,0.047619047619047616,0.03125,0.16666666666666666,0,0,0.1111111111111111,0,0,0,0,0.0625,0,0,0
"Bryce McGowens","NOP",6,43,2.1164021164021163,4.2105263157894735,0,0,0,0,4.2105263157894735,0.125,0.10256410256410256,0,0,0,0,0,0,0,0,0,0,0,0.08695652173913043,0.2222222222222222,0,0,0,0,0,0,0
"Yang Hansen","POR",6,42,4.7368421052631575,5.208333333333333,0,0,3.125,0.13043478260869565,2.0833333333333335,0.1111111111111111,0.12195121951219512,4.25531914893617,0,0,4.25531914893617,0.15384615384615385,0,0,0.09090909090909091,0.14285714285714285,0.125,0.125,0.14285714285714285,0,0.14285714285714285,0.16666666666666666,0.16666666666666666,0,0,0,0
"Brandon Miller","CHA",2,40,0,0,0,0,0,0,0,0,0,0,0,0,0,0,0,0,0,0,0,0,0,0,0,0,0,0,0,0,0
"Jae'Sean Tate","HOU",7,39,3.7037037037037037,5.813953488372093,1.1627906976744187,1,3.488372093023256,0.14285714285714285,1.1627906976744187,0.038461538461538464,0.0851063829787234,1.3157894736842106,0,0,1.3157894736842106,0.06666666666666667,0,0,0.03225806451612903,0.16666666666666666,0.08333333333333333,0.3333333333333333,0.05,0,0,0.1111111111111111,0,0,0,0,0
"AJ Johnson","WAS",8,38,3.2679738562091503,3.896103896103896,0,0,0,0,3.896103896103896,0.13636363636363635,0.07894736842105263,2.6315789473684212,0,0,1.3157894736842106,0.047619047619047616,1.3157894736842106,0.07142857142857142,0.05714285714285714,0,0,0,0.15,0,0.1,0,0,0.07692307692307693,0,0,0
"Joan Beringer","MIN",9,37,6.666666666666667,10.638297872340425,4.25531914893617,0.4,0,0,6.382978723404255,0.3157894736842105,0.16666666666666666,2.3255813953488373,0,0,1.1627906976744187,0.07142857142857142,1.1627906976744187,0.045454545454545456,0.05555555555555555,0,0,0,0.38461538461538464,0.16666666666666666,0,0.2,0,0,0.1111111111111111,0,0
"Leonard Miller","MIN",8,37,6.145251396648045,10.869565217391305,1.0869565217391304,0.125,5.434782608695652,0.29411764705882354,4.3478260869565215,0.23529411764705882,0.2647058823529412,1.1494252873563218,0,0,0,0,1.1494252873563218,0.045454545454545456,0.027777777777777776,0.14285714285714285,0.4444444444444444,0,0.2727272727272727,0.16666666666666666,0,0,0,0.07692307692307693,0,0,0
"Johnny Furphy","IND",3,37,3.7974683544303796,6.410256410256411,0,0,2.5641025641025643,0.125,3.8461538461538463,0.15,0.1388888888888889,1.25,0,0,1.25,0.05,0,0,0.027777777777777776,0,0.14285714285714285,0.25,0.11764705882352941,0.3333333333333333,0.14285714285714285,0,0,0,0,1,0.3333333333333333
"Jared McCain","PHI",4,36,1.4492753623188406,2.857142857142857,0,0,0,0,2.857142857142857,0.08695652173913043,0.05128205128205128,0,0,0,0,0,0,0,0,0,0,0,0.0625,0.14285714285714285,0,0,0,0,0,0,0
"Caleb Houstan","ATL",6,35,1.9867549668874172,0,0,0,0,0,0,0,0,4.166666666666667,0,0,0,0,4.166666666666667,0.13636363636363635,0.08823529411764706,0,0,0,0,0,0,0,0,0.0625,0.3333333333333333,0,0
"Nolan Traore","BKN",4,35,0.6666666666666666,1.3333333333333333,0,0,1.3333333333333333,0.05,0,0,0.03333333333333333,0,0,0,0,0,0,0,0,0,0.1111111111111111,0,0,0,0,0,0,0,0,0,0
"Jonathan Mogbo","TOR",7,35,5.769230769230769,7.594936708860759,1.2658227848101267,1,5.063291139240507,0.2222222222222222,1.2658227848101267,0.1111111111111111,0.18518518518518517,3.896103896103896,0,0,2.5974025974025974,0.1,1.2987012987012987,0.06666666666666667,0.08571428571428572,0.14285714285714285,0.25,0.3333333333333333,0.125,0,0,0.2222222222222222,0,0.09090909090909091,0,1,0.5
"Khaman Maluach","PHX",7,35,3.6809815950920246,5.882352941176471,0,0,4.705882352941177,0.26666666666666666,1.1764705882352942,0.07692307692307693,0.17857142857142858,1.2820512820512822,0,0,0,0,1.2820512820512822,0.037037037037037035,0.02702702702702703,0.16666666666666666,0.2857142857142857,0.5,0.08333333333333333,0,0,0,0,0,0.16666666666666666,0,0
"Malaki Branham","WAS",5,34,5.882352941176471,7.142857142857143,0,0,1.4285714285714286,0.05555555555555555,5.714285714285714,0.2222222222222222,0.1388888888888889,4.545454545454546,0,0,1.5151515151515151,0.07692307692307693,3.0303030303030303,0.11764705882352941,0.1,0,0,0.16666666666666666,0.2222222222222222,0,0,0,0.5,0.07692307692307693,0.25,0,0
"Mac McClung","IND",3,34,2.7210884353741496,5.405405405405405,0,0,2.7027027027027026,0.125,2.7027027027027026,0.16666666666666666,0.14285714285714285,0,0,0,0,0,0,0,0,0.16666666666666666,0.125,0,0.2,0,0,0,0,0,0,0,0
"Dylan Cardwell","SAC",3,33,3.676470588235294,4.411764705882353,0,0,1.4705882352941178,0.07142857142857142,2.9411764705882355,0.18181818181818182,0.12,2.9411764705882355,0,0,2.9411764705882355,0.1,0,0,0.06060606060606061,0,0.2,0,0.14285714285714285,0.25,0.14285714285714285,0.1111111111111111,0,0,0,0,0
"Charles Bassey","MEM",2,31,11.278195488721805,12.121212121212121,0,0,4.545454545454546,0.21428571428571427,7.575757575757576,0.4166666666666667,0.3076923076923077,10.447761194029852,0,0,2.985074626865672,0.11764705882352941,7.462686567164179,0.2631578947368421,0.19444444444444445,1,0.18181818181818182,0,0.4,0.5,0,0.18181818181818182,0,0.3125,0,0,0
"Coby White","CHI",1,30,3.125,6.25,0,0,3.125,0.15384615384615385,3.125,0.11764705882352941,0.13333333333333333,0,0,0,0,0,0,0,0,1,0.1111111111111111,0,0.07692307692307693,0.25,0,0,0,0,0,0,0
"Mason Plumlee","CHA",6,30,3.816793893129771,5.882352941176471,0,0,4.411764705882353,0.2727272727272727,1.4705882352941178,0.1,0.19047619047619047,1.5873015873015872,0,0,1.5873015873015872,0.07692307692307693,0,0,0.04,0.2,0.6666666666666666,0,0,1,0.5,0,0,0,0,0,0
"Jalen Green","PHX",2,30,3.252032520325203,3.278688524590164,0,0,1.639344262295082,0.07692307692307693,1.639344262295082,0.07142857142857142,0.07407407407407407,3.225806451612903,0,0,1.6129032258064515,0.08333333333333333,1.6129032258064515,0.07142857142857142,0.07692307692307693,0.3333333333333333,0,0,0.07692307692307693,0,0,0.2,0,0.07692307692307693,0,0,0
"Jase Richardson","ORL",7,30,0.7936507936507936,1.5384615384615385,0,0,1.5384615384615385,0.058823529411764705,0,0,0.03571428571428571,0,0,0,0,0,0,0,0,0,0.2,0,0,0,0,0,0,0,0,0,0
"LeBron James","LAL",1,30,2.3255813953488373,3.0303030303030303,0,0,1.5151515151515151,0.14285714285714285,1.5151515151515151,0.058823529411764705,0.08333333333333333,1.5873015873015872,0,0,1.5873015873015872,0.125,0,0,0.045454545454545456,0.5,0,0,0,0.25,0.2,0,0,0,0,1,0.3333333333333333
"GG Jackson","MEM",6,28,2.272727272727273,2.9411764705882355,0,0,0,0,2.9411764705882355,0.09523809523809523,0.06896551724137931,1.5625,0,0,0,0,1.5625,0.05,0.027777777777777776,0,0,0,0.06666666666666667,0.16666666666666666,0,0,0,0,0.25,0,0
"Dario Šarić","SAC",3,28,4.504504504504505,7.2727272727272725,0,0,5.454545454545454,0.21428571428571427,1.8181818181818181,0.06666666666666667,0.13793103448275862,1.7857142857142858,0,0,1.7857142857142858,0.08333333333333333,0,0,0.05263157894736842,0,0.3333333333333333,0,0,0.3333333333333333,0,0.2,0,0,0,0,0
"PJ Hall","MEM",7,27,7.086614173228346,9.090909090909092,0,0,6.0606060606060606,0.3333333333333333,3.0303030303030303,0.10526315789473684,0.1935483870967742,4.918032786885246,0,0,3.278688524590164,0.15384615384615385,1.639344262295082,0.05555555555555555,0.0967741935483871,0,0.36363636363636365,0,0.15384615384615385,0,0,0.25,0,0.0625,0,1,0.3333333333333333
"Tyson Etienne","BKN",5,25,0,0,0,0,0,0,0,0,0,0,0,0,0,0,0,0,0,0,0,0,0,0,0,0,0,0,0,0,0
"E.J. Liddell","BKN",5,25,6.862745098039215,11.538461538461538,1.9230769230769231,0.2,1.9230769230769231,0.09090909090909091,7.6923076923076925,0.3076923076923077,0.20833333333333334,2,0,0,0,0,2,0.05555555555555555,0.03571428571428571,0.3333333333333333,0,0,0.25,0.4,0,0,0,0,0.3333333333333333,0,0
"Keshad Johnson","MIA",5,24,6.956521739130435,12.068965517241379,3.4482758620689653,0.6666666666666666,1.7241379310344827,0.08333333333333333,6.896551724137931,0.36363636363636365,0.21739130434782608,1.7543859649122806,0,0,1.7543859649122806,0.05555555555555555,0,0,0.02631578947368421,0.25,0,0,0.3,1,0.125,0,0,0,0,0,0
"JD Davison","HOU",5,24,0,0,0,0,0,0,0,0,0,0,0,0,0,0,0,0,0,0,0,0,0,0,0,0,0,0,0,0,0
"DeAndre Jordan","NOP",2,23,11.764705882352942,13.953488372093023,0,0,4.651162790697675,0.2222222222222222,9.30232558139535,0.2222222222222222,0.2222222222222222,9.523809523809524,0,0,9.523809523809524,0.26666666666666666,0,0,0.13333333333333333,0,0,0.4,0.26666666666666666,0,0,0.4,0,0,0,0,0
"Joe Ingles","MIN",5,23,0,0,0,0,0,0,0,0,0,0,0,0,0,0,0,0,0,0,0,0,0,0,0,0,0,0,0,0,0
"Yanic Konan Niederhäuser","LAC",5,22,6.896551724137931,6.818181818181818,0,0,4.545454545454546,0.2222222222222222,2.272727272727273,0.06666666666666667,0.125,6.976744186046512,0,0,4.651162790697675,0.25,2.3255813953488373,0.125,0.1875,0,0.2857142857142857,0,0.07692307692307693,0,1,0.25,0,0,0.5,0,0
"Tolu Smith","DET",2,22,11.458333333333334,14.285714285714286,4.081632653061225,0.3333333333333333,8.16326530612245,0.4,2.0408163265306123,0.09090909090909091,0.23809523809523808,8.51063829787234,0,0,4.25531914893617,0.16666666666666666,4.25531914893617,0.2,0.18181818181818182,0.25,0.5,0,0.1111111111111111,0,0,0.3333333333333333,0,0.2,0.2,1,1
"Andre Jackson Jr.","MIL",6,22,2.0833333333333335,2,0,0,0,0,2,0.16666666666666666,0.058823529411764705,2.1739130434782608,0,0,2.1739130434782608,0.16666666666666666,0,0,0.0625,0,0,0,0.16666666666666666,0,0,0.3333333333333333,0,0,0,0,0
"Eric Gordon","PHI",3,21,0,0,0,0,0,0,0,0,0,0,0,0,0,0,0,0,0,0,0,0,0,0,0,0,0,0,0,0,0
"Zeke Nnaji","DEN",6,21,2.0408163265306123,1.8867924528301887,0,0,0,0,1.8867924528301887,0.0625,0.03571428571428571,2.2222222222222223,0,0,0,0,2.2222222222222223,0.058823529411764705,0.043478260869565216,0,0,0,0.07692307692307693,0,0,0,0,0,0.25,0,0
"Mark Sears","MIL",5,21,1.1235955056179776,0,0,0,0,0,0,0,0,2.380952380952381,0,0,0,0,2.380952380952381,0.125,0.07692307692307693,0,0,0,0,0,0,0,0,0.125,0,0,0
"Paul George","PHI",1,21,8.433734939759036,16.666666666666668,0,0,9.523809523809524,0.26666666666666666,7.142857142857143,0.375,0.30434782608695654,0,0,0,0,0,0,0,0,0.2,0.4,0.2,0.42857142857142855,0,0,0,0,0,0,0,0
"Antonio Reeves","CHA",2,21,2.4691358024691357,2.5,0,0,0,0,2.5,0.14285714285714285,0.0625,2.4390243902439024,0,0,0,0,2.4390243902439024,0.08333333333333333,0.038461538461538464,0,0,0,0.16666666666666666,0,0,0,0,0.1111111111111111,0,0,0
"Jamir Watkins","WAS",3,21,6.451612903225806,10.416666666666666,0,0,4.166666666666667,0.1111111111111111,6.25,0.21428571428571427,0.15625,2.2222222222222223,0,0,2.2222222222222223,0.09090909090909091,0,0,0.05,0.3333333333333333,0,0,0.23076923076923078,0,0,0,1,0,0,0,0
"Jeff Green","HOU",5,21,2.4096385542168677,2.2222222222222223,0,0,0,0,2.2222222222222223,0.09090909090909091,0.045454545454545456,2.6315789473684212,0,0,0,0,2.6315789473684212,0.14285714285714285,0.058823529411764705,0,0,0,0,0.25,0,0,0,0.16666666666666666,0,0,0
"Johnny Juzang","MIN",7,21,3.061224489795918,3.8461538461538463,1.9230769230769231,0.16666666666666666,1.9230769230769231,0.16666666666666666,0,0,0.06666666666666667,2.1739130434782608,0,0,0,0,2.1739130434782608,0.07142857142857142,0.058823529411764705,0,0.2,0,0,0,0,0,0,0.1111111111111111,0,0,0
"James Wiseman","IND",1,20,4.938271604938271,0,0,0,0,0,0,0,0,9.75609756097561,0,0,4.878048780487805,0.15384615384615385,4.878048780487805,0.15384615384615385,0.15384615384615385,0,0,0,0,0,0.3333333333333333,0.125,0,0.1,0.3333333333333333,0,0
"Isaac Jones","DET",4,18,2.857142857142857,0,0,0,0,0,0,0,0,5.714285714285714,0,0,5.714285714285714,0.18181818181818182,0,0,0.1,0,0,0,0,0,0,0.16666666666666666,0.2,0,0,0,0
"David Jones Garcia","SAS",4,18,5.194805194805195,5.2631578947368425,0,0,0,0,5.2631578947368425,0.2222222222222222,0.14285714285714285,5.128205128205129,0,0,0,0,5.128205128205129,0.2857142857142857,0.15384615384615385,0,0,0,0.14285714285714285,0.5,0,0,0,0.16666666666666666,1,0,0
"Hunter Tyson","DEN",5,17,12.658227848101266,21.428571428571427,9.523809523809524,1,4.761904761904762,0.16666666666666666,7.142857142857143,0.25,0.20833333333333334,2.7027027027027026,0,0,2.7027027027027026,0.16666666666666666,0,0,0.043478260869565216,0.2,0.16666666666666666,0,0.2,0.5,0,0.5,0,0,0,0,0
"Mohamed Diawara","NYK",7,16,2.6315789473684212,4.878048780487805,0,0,2.4390243902439024,0.1111111111111111,2.4390243902439024,0.14285714285714285,0.125,0,0,0,0,0,0,0,0,0,0.25,0,0.14285714285714285,0,0,0,0,0,0,0,0
"Drew Peterson","CHA",1,16,1.5625,0,0,0,0,0,0,0,0,3.0303030303030303,0,0,0,0,3.0303030303030303,0.1111111111111111,0.06666666666666667,0,0,0,0,0,0,0,0,0.16666666666666666,0,0,0
"Jahmyl Telfort","LAC",3,16,3.1746031746031744,6.25,0,0,3.125,0.1111111111111111,3.125,0.1,0.10526315789473684,0,0,0,0,0,0,0,0,0,0.16666666666666666,0,0.125,0,0,0,0,0,0,0,0
"Ron Harper Jr.","BOS",3,15,4.615384615384615,5.714285714285714,2.857142857142857,0.3333333333333333,0,0,2.857142857142857,0.25,0.07142857142857142,3.3333333333333335,0,0,0,0,3.3333333333333335,0.1111111111111111,0.05263157894736842,0,0,0,0.3333333333333333,0,0,0,0,0.16666666666666666,0,0,0
"N'Faly Dante","ATL",4,15,11.290322580645162,12.5,3.125,1,3.125,0.1111111111111111,6.25,0.4,0.21428571428571427,10,0,0,6.666666666666667,0.18181818181818182,3.3333333333333335,0.14285714285714285,0.16666666666666666,0,0.2,0,0.3333333333333333,0.5,0.5,0,0.5,0.25,0,1,0.3333333333333333
"Pacôme Dadiet","NYK",5,14,4.545454545454546,8.333333333333334,0,0,2.7777777777777777,0.125,5.555555555555555,0.3333333333333333,0.21428571428571427,0,0,0,0,0,0,0,0,0.3333333333333333,0,0,0.3333333333333333,0,0,0,0,0,0,0,0
"Daeqwon Plowden","SAC",1,14,3.4482758620689653,0,0,0,0,0,0,0,0,7.142857142857143,0,0,3.5714285714285716,0.125,3.5714285714285716,0.2,0.15384615384615385,0,0,0,0,0,0,0.16666666666666666,0,0,0.3333333333333333,0,0
"Anthony Gill","WAS",5,13,7.017543859649122,10.344827586206897,3.4482758620689653,0.3333333333333333,3.4482758620689653,0.16666666666666666,3.4482758620689653,0.14285714285714285,0.15384615384615385,3.5714285714285716,0,0,3.5714285714285716,0.09090909090909091,0,0,0.07142857142857142,0.3333333333333333,0,0,0.16666666666666666,0,0.16666666666666666,0,0,0,0,0,0
"Miles Kelly","DAL",2,11,6.557377049180328,10,0,0,0,0,10,0.5,0.23076923076923078,3.225806451612903,3.225806451612903,0.25,0,0,0,0,0,0,0,0,0.5,0.5,0,0,0,0,0,0,0
"Harrison Ingram","SAS",3,11,5.882352941176471,0,0,0,0,0,0,0,0,12,0,0,12,0.6,0,0,0.3,0,0,0,0,0,0,1,1,0,0,1,1
"Jahmir Young","MIA",2,10,1.9607843137254901,3.8461538461538463,0,0,3.8461538461538463,0.3333333333333333,0,0,0.1111111111111111,0,0,0,0,0,0,0,0,0,0.3333333333333333,0,0,0,0,0,0,0,0,0,0
"Kevin Porter Jr.","MIL",1,9,0,0,0,0,0,0,0,0,0,0,0,0,0,0,0,0,0,0,0,0,0,0,0,0,0,0,0,0,0
"Jacob Toppin","ATL",3,9,5.128205128205129,4.761904761904762,0,0,0,0,4.761904761904762,0.3333333333333333,0.14285714285714285,5.555555555555555,0,0,5.555555555555555,0.25,0,0,0.1111111111111111,0,0,0,0.3333333333333333,0,0,0.3333333333333333,0,0,0,0,0
"Thanasis Antetokounmpo","MIL",4,9,2.4390243902439024,4.3478260869565215,0,0,4.3478260869565215,0.16666666666666666,0,0,0.1,0,0,0,0,0,0,0,0,0,0.25,0,0,0,0,0,0,0,0,0,0
"Riley Minix","SAS",3,8,4.761904761904762,4.545454545454546,0,0,4.545454545454546,0.3333333333333333,0,0,0.16666666666666666,5,0,0,5,0.25,0,0,0.125,0.5,0,0,0,0,0.5,0,0,0,0,0,0
"Adou Thiero","LAL",2,8,2.7777777777777777,0,0,0,0,0,0,0,0,5.882352941176471,0,0,0,0,5.882352941176471,0.5,0.3333333333333333,0,0,0,0,0,0,0,0,0.5,0,0,0
"Doug McDermott","SAC",1,8,0,0,0,0,0,0,0,0,0,0,0,0,0,0,0,0,0,0,0,0,0,0,0,0,0,0,0,0,0
"Trey Jemison III","NYK",1,8,6.25,6.666666666666667,0,0,0,0,6.666666666666667,0.25,0.2,5.882352941176471,0,0,0,0,5.882352941176471,0.16666666666666666,0.14285714285714285,0,0,0,0,1,0,0,0,0.25,0,0,0
"Danny Wolf","BKN",3,8,5.882352941176471,11.11111111111111,0,0,11.11111111111111,0.5,0,0,0.2857142857142857,0,0,0,0,0,0,0,0,0.5,0,1,0,0,0,0,0,0,0,0,0
"Chris Mañon","LAL",2,7,7.407407407407407,13.333333333333334,0,0,13.333333333333334,0.4,0,0,0.25,0,0,0,0,0,0,0,0,1,0.3333333333333333,0,0,0,0,0,0,0,0,0,0
"Amari Williams","BOS",2,7,6.666666666666667,6.25,0,0,6.25,0.2,0,0,0.2,7.142857142857143,0,0,7.142857142857143,0.25,0,0,0.125,0,0.3333333333333333,0,0,0,0,0.5,0,0,0,0,0
"Colby Jones","DET",1,7,13.333333333333334,25,0,0,6.25,0.3333333333333333,18.75,0.5,0.4444444444444444,0,0,0,0,0,0,0,0,0,0.5,0,0.25,1,0,0,0,0,0,0,0
"Hunter Sallis","PHI",3,7,3.225806451612903,6.25,0,0,0,0,6.25,0.2,0.2,0,0,0,0,0,0,0,0,0,0,0,0.2,0,0,0,0,0,0,0,0
"Christian Koloko","LAL",2,6,4,7.142857142857143,0,0,0,0,7.142857142857143,0.25,0.14285714285714285,0,0,0,0,0,0,0,0,0,0,0,0.5,0,0,0,0,0,0,0,0
"Garrett Temple","TOR",2,6,0,0,0,0,0,0,0,0,0,0,0,0,0,0,0,0,0,0,0,0,0,0,0,0,0,0,0,0,0
"Johni Broome","PHI",2,6,7.142857142857143,0,0,0,0,0,0,0,0,15.384615384615385,0,0,15.384615384615385,0.5,0,0,0.2857142857142857,0,0,0,0,0,0,0.5,0,0,0,1,0.3333333333333333
"Hunter Dickinson","NOP",1,5,0,0,0,0,0,0,0,0,0,0,0,0,0,0,0,0,0,0,0,0,0,0,0,0,0,0,0,0,0
"DaRon Holmes II","DEN",2,4,0,0,0,0,0,0,0,0,0,0,0,0,0,0,0,0,0,0,0,0,0,0,0,0,0,0,0,0,0
"Pete Nance","MIL",1,4,5.555555555555555,11.11111111111111,0,0,11.11111111111111,0.25,0,0,0.16666666666666666,0,0,0,0,0,0,0,0,0,0.3333333333333333,0,0,0,0,0,0,0,0,0,0
"Koby Brea","PHX",1,4,0,0,0,0,0,0,0,0,0,0,0,0,0,0,0,0,0,0,0,0,0,0,0,0,0,0,0,0,0
"Sharife Cooper","WAS",2,4,0,0,0,0,0,0,0,0,0,0,0,0,0,0,0,0,0,0,0,0,0,0,0,0,0,0,0,0,0
"Jamaree Bouyea","PHX",1,3,0,0,0,0,0,0,0,0,0,0,0,0,0,0,0,0,0,0,0,0,0,0,0,0,0,0,0,0,0
"Kyle Lowry","PHI",1,3,0,0,0,0,0,0,0,0,0,0,0,0,0,0,0,0,0,0,0,0,0,0,0,0,0,0,0,0,0
"Myron Gardner","MIA",1,3,6.25,12.5,0,0,0,0,12.5,1,0.5,0,0,0,0,0,0,0,0,0,0,0,1,0,0,0,0,0,0,0,0
"Orlando Robinson","ORL",1,2,0,0,0,0,0,0,0,0,0,0,0,0,0,0,0,0,0,0,0,0,0,0,0,0,0,0,0,0,0
"Jamal Cain","ORL",2,1,0,0,0,0,0,0,0,0,0,0,0,0,0,0,0,0,0,0,0,0,0,0,0,0,0,0,0,0,0