"Name","TeamAbbreviation","GamesPlayed","Minutes","OffPoss","Points","FG2M","FG2A","Fg2Pct","FG3M","FG3A","Fg3Pct","NonHeaveFg3Pct","FtPoints","PtsAssisted2s","PtsUnassisted2s","PtsAssisted3s","PtsUnassisted3s","Assisted2sPct","NonPutbacksAssisted2sPct","Assisted3sPct","FG3APct","ShotQualityAvg","EfgPct","TsPct","PtsPutbacks","Fg2aBlocked","FG2APctBlocked","Fg3aBlocked","FG3APctBlocked","Usage"
"Franz Wagner","ORL",15,538,1123,30.45414069456812,7.836153161175423,15.494211932324133,0.5057471264367817,2.226179875333927,6.500445235975067,0.3424657534246575,0.3424657534246575,8.103294746215495,8.192341941228852,7.479964381121994,5.609973285841496,1.068566340160285,0.5227272727272727,0.5476190476190477,0.84,0.29554655870445345,0.5457939271255061,0.5080971659919028,0.5721476510067114,0.7123775601068566,1.335707925200356,0.08620689655172414,0,0,25.465838509316768
"Devin Booker","PHX",15,530,1117,37.33213965980304,10.205908683974933,18.442256042972247,0.5533980582524272,2.596239928379588,7.520143240823635,0.34523809523809523,0.34523809523809523,9.131602506714414,6.624888093106535,13.786929274843331,5.102954341987466,2.6857654431512983,0.32456140350877194,0.33636363636363636,0.6551724137931034,0.2896551724137931,0.498395,0.5431034482758621,0.612759643916914,0.7162041181736795,1.3428827215756491,0.07281553398058252,0,0,30.307692307692307
"Tyrese Maxey","PHI",13,525,1071,39.49579831932773,8.403361344537815,17.366946778711483,0.4838709677419355,4.6685340802987865,11.297852474323063,0.4132231404958678,0.4132231404958678,8.683473389355742,6.349206349206349,10.457516339869281,9.803921568627452,4.201680672268908,0.37777777777777777,0.38202247191011235,0.7,0.3941368078175896,0.5231758957654723,0.5374592833876222,0.5909090909090909,0.18674136321195145,1.1204481792717087,0.06451612903225806,0.2801120448179272,0.024793388429752067,30.954290296712106
"Cooper Flagg","DAL",15,505,1067,21.836925960637302,6.841611996251172,13.120899718837864,0.5214285714285715,1.5932521087160263,5.435801312089972,0.29310344827586204,0.29310344827586204,3.373945641986879,4.498594189315839,9.184629803186505,3.655107778819119,1.1246485473289598,0.3287671232876712,0.3333333333333333,0.7647058823529411,0.29292929292929293,0.5183451530612245,0.49747474747474746,0.5344036697247706,0.18744142455482662,1.0309278350515463,0.07857142857142857,0.09372071227741331,0.017241379310344827,20.934111759799833
"Lauri Markkanen","UTA",14,502,1058,40.54820415879017,8.88468809073724,15.689981096408317,0.5662650602409639,4.914933837429111,12.759924385633271,0.3851851851851852,0.3851851851851852,8.034026465028356,13.799621928166351,3.9697542533081287,13.610586011342155,1.1342155009451795,0.776595744680851,0.8488372093023255,0.9230769230769231,0.4485049833887043,0.5221353820598006,0.5714285714285714,0.6228070175438597,1.5122873345935728,1.2287334593572778,0.0783132530120482,0.0945179584120983,0.007407407407407408,28.833865814696487
"Shai Gilgeous-Alexander","OKC",15,499,1041,46.01344860710855,12.199807877041307,20.653218059558117,0.5906976744186047,3.266090297790586,8.45341018251681,0.38636363636363635,0.38636363636363635,11.815561959654179,4.226705091258405,20.172910662824208,2.3054755043227666,7.492795389048991,0.1732283464566929,0.1746031746031746,0.23529411764705882,0.29042904290429045,0.5101541254125412,0.5874587458745875,0.6606145251396648,0.19212295869356388,0.9606147934678194,0.046511627906976744,0,0,32.820512820512825
"Trey Murphy III","NOP",14,498,1031,26.77012609117362,5.33462657613967,9.50533462657614,0.5612244897959183,3.8797284190106693,10.281280310378273,0.37735849056603776,0.37735849056603776,4.461687681862269,6.789524733268671,3.8797284190106693,9.602327837051407,2.0368574199806013,0.6363636363636364,0.7142857142857143,0.825,0.5196078431372549,0.5454059113300492,0.5637254901960784,0.609375,1.1639185257032008,0.7759456838021338,0.08163265306122448,0.2909796314258002,0.02830188679245283,21.308724832214764
"Dyson Daniels","ATL",15,497,1041,12.87223823246878,5.379442843419788,10.470701248799232,0.5137614678899083,0.2881844380403458,1.2487992315081653,0.23076923076923078,0.23076923076923078,1.2487992315081653,5.95581171950048,4.803073967339097,0.8645533141210374,0,0.5535714285714286,0.6078431372549019,1,0.10655737704918032,0.5437262295081967,0.4959016393442623,0.5114503816793893,0.9606147934678194,0.6724303554274735,0.06422018348623854,0,0,13.919726729291202
"Desmond Bane","ORL",15,494,1029,24.68415937803693,6.705539358600583,13.216715257531584,0.5073529411764706,2.2351797862001943,7.288629737609329,0.30666666666666664,0.30666666666666664,4.567541302235179,6.997084548104956,6.41399416909621,4.373177842565598,2.3323615160349855,0.5217391304347826,0.5538461538461539,0.6521739130434783,0.35545023696682465,0.513995971563981,0.490521327014218,0.5413043478260869,0.7774538386783285,1.554907677356657,0.11764705882352941,0,0,22.59983007646559
"Miles Bridges","CHA",14,493,1037,29.797492767598843,5.496624879459981,11.378977820636452,0.4830508474576271,4.435872709739634,12.246865959498553,0.36220472440944884,0.36220472440944884,5.496624879459981,5.400192864030858,5.593056894889103,12.15043394406943,1.1571841851494695,0.49122807017543857,0.5185185185185185,0.9130434782608695,0.5183673469387755,0.5215383673469388,0.5142857142857142,0.5597826086956522,0.5785920925747348,0.6750241080038573,0.059322033898305086,0,0,25.168350168350166
"Derrick White","BOS",15,493,982,24.338085539714868,4.378818737270875,10.183299389002036,0.43,4.0733197556008145,13.340122199592669,0.3053435114503817,0.3053435114503817,3.360488798370672,4.684317718940937,4.0733197556008145,7.942973523421589,4.276985743380855,0.5348837209302325,0.5609756097560976,0.65,0.5670995670995671,0.5183089130434783,0.4458874458874459,0.483739837398374,0.4073319755600815,1.120162932790224,0.11,0.20366598778004075,0.015267175572519083,23.19721980886186
"VJ Edgecombe","PHI",13,485,994,20.22132796780684,4.82897384305835,11.066398390342052,0.43636363636363634,2.7162977867203217,7.2434607645875255,0.375,0.375,2.414486921529175,4.627766599597585,5.030181086519114,7.847082494969819,0.30181086519114686,0.4791666666666667,0.48936170212765956,0.9629629629629629,0.3956043956043956,0.5324914835164835,0.48626373626373626,0.5101522842639594,0.2012072434607646,0.8048289738430584,0.07272727272727272,0.1006036217303823,0.013888888888888888,18.921232876712327
"Duncan Robinson","DET",15,482,1003,18.943170488534395,1.694915254237288,3.090727816550349,0.5483870967741935,4.586241276171486,10.967098703888334,0.41818181818181815,0.41818181818181815,1.7946161515453638,2.3928215353938187,0.9970089730807578,13.45962113659023,0.29910269192422734,0.7058823529411765,0.75,0.9782608695652174,0.7801418439716312,0.544513475177305,0.6099290780141844,0.6266666666666667,0.19940179461615154,0.3988035892323031,0.12903225806451613,0,0,13.632514817950888
"Payton Pritchard","BOS",15,482,973,25.79650565262076,5.0359712230215825,8.324768756423433,0.6049382716049383,4.110996916752312,12.435765673175744,0.3305785123966942,0.3305785123966942,3.3915724563206577,1.4388489208633093,8.633093525179856,10.483042137718396,1.8499486125385407,0.14285714285714285,0.14893617021276595,0.85,0.599009900990099,0.5076195544554456,0.5396039603960396,0.5684931506849316,0.41109969167523125,0.8221993833504625,0.09876543209876543,0.10277492291880781,0.008264462809917356,20.815264527320036
"Keyonte George","UTA",14,482,1007,31.976166832174776,7.149950347567031,13.704071499503476,0.5217391304347826,2.7805362462760677,9.533267130089374,0.2916666666666667,0.2916666666666667,9.334657398212512,6.355511420059583,7.944389275074479,5.958291956305859,2.3833167825223436,0.4444444444444444,0.4444444444444444,0.7142857142857143,0.41025641025641024,0.4873974358974359,0.48717948717948717,0.579136690647482,0,1.6881827209533267,0.12318840579710146,0.09930486593843098,0.010416666666666666,27.68313458262351
"Toumani Camara","POR",14,482,1020,16.274509803921568,3.1372549019607843,5.784313725490196,0.5423728813559322,2.843137254901961,9.313725490196079,0.30526315789473685,0.30526315789473685,1.4705882352941178,5.098039215686274,1.1764705882352942,7.0588235294117645,1.4705882352941178,0.8125,0.9629629629629629,0.8275862068965517,0.6168831168831169,0.5637461038961039,0.4902597402597403,0.5060975609756098,0.9803921568627451,1.1764705882352942,0.2033898305084746,0,0,16.234309623430963
"Jaylen Brown","BOS",15,481,966,42.7536231884058,13.043478260869565,23.18840579710145,0.5625,3.1055900621118013,8.902691511387163,0.3488372093023256,0.3488372093023256,7.349896480331263,9.523809523809524,16.563146997929607,5.279503105590062,4.037267080745342,0.36507936507936506,0.3709677419354839,0.5666666666666667,0.27741935483870966,0.5044237096774193,0.5516129032258065,0.5922190201729106,0.4140786749482402,1.2422360248447204,0.05357142857142857,0,0,35.18029903254178
"Evan Mobley","CLE",14,479,1004,26.294820717131476,6.872509960159363,13.247011952191235,0.518796992481203,2.3904382470119523,6.573705179282869,0.36363636363636365,0.36363636363636365,5.378486055776892,8.764940239043824,4.9800796812749,5.677290836653387,1.4940239043824701,0.6376811594202898,0.7213114754098361,0.7916666666666666,0.3316582914572864,0.559054292929293,0.5276381909547738,0.5546218487394958,1.593625498007968,0.6972111553784861,0.05263157894736842,0.099601593625498,0.015151515151515152,23.854796888504755
"DeMar DeRozan","SAC",14,476,1006,26.143141153081512,8.548707753479125,16.40159045725646,0.5212121212121212,1.2922465208747516,3.280318091451292,0.3939393939393939,0.3939393939393939,5.168986083499006,8.946322067594433,8.151093439363818,3.8767395626242545,0,0.5232558139534884,0.5421686746987951,1,0.16666666666666666,0.4687436868686869,0.5328282828282829,0.5886363636363636,0.5964214711729622,0.7952286282306164,0.048484848484848485,0,0,20.689655172413794
"Rui Hachimura","LAL",14,475,999,21.22122122122122,5.605605605605605,9.10910910910911,0.6153846153846154,2.6026026026026026,5.405405405405405,0.48148148148148145,0.48148148148148145,2.2022022022022023,8.408408408408409,2.8028028028028027,7.807807807807808,0,0.75,0.7924528301886793,1,0.3724137931034483,0.5393675862068965,0.6551724137931034,0.6666666666666666,0.6006006006006006,0.6006006006006006,0.06593406593406594,0,0,15.583259127337488
"Deni Avdija","POR",14,473,1004,35.55776892430279,7.968127490039841,14.342629482071713,0.5555555555555556,3.4860557768924303,9.362549800796813,0.3723404255319149,0.3723404255319149,9.163346613545817,6.772908366533865,9.163346613545817,9.262948207171315,1.1952191235059761,0.425,0.4533333333333333,0.8857142857142857,0.3949579831932773,0.560965756302521,0.5567226890756303,0.6263157894736842,0.9960159362549801,1.3944223107569722,0.09722222222222222,0,0,28.268251273344653
"James Harden","LAC",13,470,953,35.67681007345226,5.456453305351522,10.703043022035677,0.5098039215686274,4.931794333683106,13.116474291710388,0.376,0.376,9.968520461699896,0.8394543546694648,10.073452256033578,6.925498426023085,7.869884575026233,0.07692307692307693,0.07692307692307693,0.46808510638297873,0.5506607929515418,0.5085980088495575,0.539647577092511,0.6339622641509434,0,1.154249737670514,0.10784313725490197,0.3147953830010493,0.024,29.522024367385193
"Jimmy Butler III","GSW",15,469,969,31.062951496388028,7.946336429308565,14.241486068111454,0.5579710144927537,1.5479876160990713,3.4055727554179565,0.45454545454545453,0.45454545454545453,10.526315789473685,7.223942208462332,8.6687306501548,3.4055727554179565,1.238390092879257,0.45454545454545453,0.49295774647887325,0.7333333333333333,0.19298245614035087,0.5297438596491229,0.5818713450292398,0.6704035874439462,1.238390092879257,0.9287925696594427,0.06521739130434782,0,0,22.773186409550046
"Brandon Ingram","TOR",14,468,981,29.76554536187564,9.27624872579001,16.411824668705403,0.5652173913043478,1.7329255861365953,6.218144750254842,0.2786885245901639,0.2786885245901639,6.014271151885831,8.358817533129459,10.193679918450561,4.587155963302752,0.6116207951070336,0.45054945054945056,0.47674418604651164,0.8823529411764706,0.2747747747747748,0.5141414414414415,0.5247747747747747,0.5870445344129555,1.019367991845056,1.7329255861365953,0.10559006211180125,0.1019367991845056,0.01639344262295082,25.84167424931756
"Devin Vassell","SAS",14,465,967,19.648397104446744,3.5160289555325748,7.549120992761117,0.4657534246575342,3.5160289555325748,10.13443640124095,0.3469387755102041,0.3469387755102041,2.0682523267838677,4.963805584281283,2.0682523267838677,10.237849017580144,0.31023784901758017,0.7058823529411765,0.7058823529411765,0.9705882352941176,0.5730994152046783,0.5303991228070175,0.49707602339181284,0.5222222222222223,0,0.20682523267838676,0.0273972602739726,0,0,17.915904936014627
"Ryan Rollins","MIL",15,464,956,27.301255230125523,6.589958158995816,12.02928870292887,0.5478260869565217,3.8702928870292888,8.368200836820083,0.4625,0.4625,2.510460251046025,2.719665271966527,10.460251046025105,7.845188284518828,3.7656903765690375,0.20634920634920634,0.20967741935483872,0.6756756756756757,0.41025641025641024,0.568071282051282,0.6076923076923076,0.6256038647342995,0.20920502092050208,1.3598326359832635,0.11304347826086956,0.10460251046025104,0.0125,23.084200567644274
"Julius Randle","MIN",14,464,974,35.215605749486656,9.44558521560575,16.2217659137577,0.5822784810126582,2.6694045174537986,7.084188911704312,0.37681159420289856,0.37681159420289856,8.316221765913758,6.776180698151951,12.114989733059549,6.468172484599589,1.540041067761807,0.358695652173913,0.39759036144578314,0.8076923076923077,0.3039647577092511,0.5444548458149779,0.5770925110132159,0.6428571428571429,1.8480492813141685,1.0266940451745379,0.06329113924050633,0,0,27.28921124206709
"Andrew Wiggins","MIA",14,461,1005,23.28358208955224,6.766169154228856,12.139303482587065,0.5573770491803278,2.487562189054726,6.965174129353234,0.35714285714285715,0.35714285714285715,2.288557213930348,6.169154228855722,7.36318407960199,6.865671641791045,0.5970149253731343,0.45588235294117646,0.5081967213114754,0.92,0.3645833333333333,0.5480669270833333,0.5494791666666666,0.5652173913043478,1.3930348258706469,0.9950248756218906,0.08196721311475409,0,0,21.01513802315227
"Kon Knueppel","CHA",14,460,968,25.516528925619834,4.235537190082645,7.541322314049586,0.5616438356164384,4.648760330578512,11.570247933884298,0.4017857142857143,0.4017857142857143,3.0991735537190084,5.785123966942149,2.6859504132231407,13.016528925619834,0.9297520661157025,0.6829268292682927,0.7,0.9333333333333333,0.6054054054054054,0.5461204918032787,0.5864864864864865,0.6180904522613065,0.2066115702479339,0.8264462809917356,0.1095890410958904,0,0,21.024258760107816
"Mikal Bridges","NYK",13,456,948,22.151898734177216,4.957805907172996,8.649789029535865,0.573170731707317,3.3755274261603376,8.016877637130802,0.42105263157894735,0.42105263157894735,2.109704641350211,5.274261603375527,4.641350210970464,9.810126582278482,0.31645569620253167,0.5319148936170213,0.5555555555555556,0.96875,0.4810126582278481,0.5771917721518987,0.6012658227848101,0.625,0.4219409282700422,0.31645569620253167,0.036585365853658534,0,0,16.380090497737555
"Scottie Barnes","TOR",14,455,955,28.48167539267016,8.900523560209423,16.649214659685864,0.5345911949685535,2.1989528795811517,5.445026178010472,0.40384615384615385,0.40384615384615385,4.0837696335078535,10.261780104712042,7.539267015706806,5.654450261780105,0.9424083769633508,0.5764705882352941,0.6282051282051282,0.8571428571428571,0.24644549763033174,0.5473781990521327,0.5521327014218009,0.5887445887445888,1.4659685863874345,0.5235602094240838,0.031446540880503145,0,0,23.491773308957953
"Wendell Carter Jr.","ORL",15,454,946,20.19027484143763,4.651162790697675,7.822410147991543,0.5945945945945946,2.0084566596194504,4.545454545454546,0.4418604651162791,0.4418604651162791,4.862579281183932,6.765327695560254,2.536997885835095,6.025369978858351,0,0.7272727272727273,0.9142857142857143,1,0.36752136752136755,0.5647901709401709,0.6196581196581197,0.6678321678321678,1.9027484143763214,0.8456659619450317,0.10810810810810811,0,0,16.036866359447004
"Pascal Siakam","IND",13,454,952,34.03361344537815,9.243697478991596,18.907563025210084,0.4888888888888889,2.6260504201680672,7.2478991596638656,0.36231884057971014,0.36231884057971014,7.668067226890757,6.932773109243698,11.554621848739496,5.6722689075630255,2.2058823529411766,0.375,0.39285714285714285,0.72,0.27710843373493976,0.49264196787148595,0.5040160642570282,0.5454545454545454,0.8403361344537815,0.6302521008403361,0.03333333333333333,0,0,29.63963963963964
"Brandin Podziemski","GSW",16,452,938,19.616204690831555,4.051172707889126,7.995735607675906,0.5066666666666667,3.091684434968017,7.995735607675906,0.38666666666666666,0.38666666666666666,2.2388059701492535,5.330490405117271,2.771855010660981,7.67590618336887,1.5991471215351811,0.6578947368421053,0.6578947368421053,0.8275862068965517,0.5,0.5207776666666667,0.5433333333333333,0.5609756097560976,0,0.31982942430703626,0.04,0,0,17.44518589132507
"Myles Turner","MIL",15,449,938,19.722814498933904,2.878464818763326,6.3965884861407245,0.45,3.837953091684435,8.84861407249467,0.43373493975903615,0.43373493975903615,2.4520255863539444,3.624733475479744,2.1321961620469083,11.513859275053305,0,0.6296296296296297,0.7391304347826086,1,0.5804195804195804,0.5259153846153846,0.5664335664335665,0.5854430379746836,0.8528784648187633,0.6396588486140725,0.1,0.10660980810234541,0.012048192771084338,17.311411992263057
"Nikola Jokić","DEN",13,448,951,39.95793901156677,12.407991587802313,16.61409043112513,0.7468354430379747,2.5236593059936907,6.414300736067298,0.39344262295081966,0.39344262295081966,7.570977917981073,14.511041009463723,10.304942166140904,6.94006309148265,0.6309148264984227,0.5847457627118644,0.6699029126213593,0.9166666666666666,0.2785388127853881,0.5167557339449541,0.7031963470319634,0.7364341085271318,3.1545741324921135,0.5257623554153522,0.03164556962025317,0,0,27.38970588235294
"Max Christie","DAL",15,447,934,19.379014989293363,2.569593147751606,5.139186295503212,0.5,4.0685224839400425,8.886509635974305,0.4578313253012048,0.4578313253012048,2.0342612419700212,3.640256959314775,1.4989293361884368,12.205567451820128,0,0.7083333333333334,0.7083333333333334,1,0.6335877862595419,0.557643893129771,0.6183206106870229,0.6328671328671329,0,0.6423982869379015,0.125,0,0,15.128449096098954
"Royce O'Neale","PHX",15,444,930,18.27956989247312,1.1827956989247312,2.4731182795698925,0.4782608695652174,5.161290322580645,12.150537634408602,0.4247787610619469,0.4247787610619469,0.43010752688172044,1.2903225806451613,1.075268817204301,14.516129032258064,0.967741935483871,0.5454545454545454,0.6,0.9375,0.8308823529411765,0.5414100000000001,0.6102941176470589,0.6115107913669064,0.21505376344086022,0.21505376344086022,0.08695652173913043,0,0,15.103189493433396
"Onyeka Okongwu","ATL",15,444,932,25.858369098712448,6.223175965665236,10.193133047210301,0.6105263157894737,3.004291845493562,7.4034334763948495,0.4057971014492754,0.4057971014492754,4.399141630901288,10.515021459227468,1.9313304721030042,9.012875536480687,0,0.8448275862068966,0.9074074074074074,1,0.42073170731707316,0.5624539634146342,0.6097560975609756,0.6451612903225806,0.8583690987124464,0.9656652360515021,0.09473684210526316,0,0,20.36328871892925
"Donovan Mitchell","CLE",13,443,951,42.27129337539432,8.727655099894848,13.774973711882229,0.6335877862595419,5.467928496319663,14.09043112513144,0.3880597014925373,0.3880597014925373,8.412197686645635,3.5751840168243953,13.8801261829653,9.14826498422713,7.255520504731861,0.20481927710843373,0.2073170731707317,0.5576923076923077,0.5056603773584906,0.5338360377358491,0.6075471698113207,0.6540983606557377,0.2103049421661409,0.5257623554153522,0.03816793893129771,0.10515247108307045,0.007462686567164179,31.92272309107636
"RJ Barrett","TOR",14,442,923,28.927410617551462,8.234019501625136,13.867822318526544,0.59375,2.7085590465872156,8.017334777898158,0.33783783783783783,0.33783783783783783,4.333694474539545,9.100758396533044,7.367280606717227,7.8006500541711805,0.3250270855904659,0.5526315789473685,0.5915492957746479,0.96,0.36633663366336633,0.5789170792079208,0.5618811881188119,0.5933333333333334,1.0834236186348862,1.5167930660888407,0.109375,0.3250270855904659,0.04054054054054054,23.841698841698843
"Alperen Sengun","HOU",12,442,893,30.907054871220605,8.958566629339305,18.365061590145576,0.4878048780487805,1.9036954087346025,4.25531914893617,0.4473684210526316,0.4473684210526316,7.278835386338186,6.047032474804031,11.87010078387458,5.039193729003359,0.671892497200448,0.3375,0.375,0.8823529411764706,0.18811881188118812,0.5106160891089109,0.5222772277227723,0.5726141078838174,1.7917133258678613,1.7917133258678613,0.0975609756097561,0,0,26.63507109004739
"Ivica Zubac","LAC",14,441,885,25.310734463276837,10.96045197740113,17.627118644067796,0.6217948717948718,0,0,0,0,3.389830508474576,13.559322033898304,8.361581920903955,0,0,0.6185567010309279,0.7692307692307693,0,0,0.5418544871794873,0.6217948717948718,0.6473988439306358,4.293785310734464,1.3559322033898304,0.07692307692307693,0,0,20.240480961923847
"Cade Cunningham","DET",12,441,918,35.62091503267974,10.239651416122005,20.26143790849673,0.5053763440860215,2.396514161220044,8.714596949891067,0.275,0.275,7.952069716775599,5.228758169934641,15.250544662309368,2.287581699346405,4.901960784313726,0.2553191489361702,0.2553191489361702,0.3181818181818182,0.3007518796992481,0.5090776315789474,0.4774436090225564,0.5380794701986755,0,1.3071895424836601,0.06451612903225806,0.10893246187363835,0.0125,31.564501372369627
"Rudy Gobert","MIN",14,439,902,16.62971175166297,7.095343680709535,9.312638580931264,0.7619047619047619,0,0,0,0,2.4390243902439024,9.312638580931264,4.878048780487805,0,0,0.65625,0.9545454545454546,0,0,0.6537428571428572,0.7619047619047619,0.7211538461538461,4.434589800443459,0.4434589800443459,0.047619047619047616,0,0,12.427184466019417
"Immanuel Quickley","TOR",14,439,912,24.12280701754386,4.934210526315789,8.662280701754385,0.569620253164557,3.6184210526315788,9.649122807017545,0.375,0.375,3.3991228070175437,3.508771929824561,6.359649122807017,8.881578947368421,1.9736842105263157,0.35555555555555557,0.3902439024390244,0.8181818181818182,0.5269461077844312,0.5461092814371258,0.5658682634730539,0.5978260869565217,0.8771929824561403,1.3157894736842106,0.1518987341772152,0.10964912280701754,0.011363636363636364,20.45009784735812
"Jaden McDaniels","MIN",14,436,899,27.25250278086763,7.6751946607341495,13.570634037819799,0.5655737704918032,2.7808676307007785,5.339265850945495,0.5208333333333334,0.5208333333333334,3.5595105672969964,10.233592880978865,5.116796440489432,7.6751946607341495,0.6674082313681868,0.6666666666666666,0.71875,0.92,0.2823529411764706,0.5445023529411764,0.6264705882352941,0.6586021505376344,1.1123470522803114,1.3348164627363737,0.09836065573770492,0,0,21.17296222664016
"Jaren Jackson Jr.","MEM",15,435,903,29.678848283499445,7.751937984496124,14.839424141749722,0.5223880597014925,2.768549280177187,7.530454042081949,0.36764705882352944,0.36764705882352944,5.869324473975637,8.859357696566999,6.644518272425249,8.305647840531561,0,0.5714285714285714,0.5970149253731343,1,0.33663366336633666,0.5075960396039604,0.5321782178217822,0.5826086956521739,0.6644518272425249,1.2181616832779623,0.08208955223880597,0.11074197120708748,0.014705882352941176,25.387596899224807
"Jalen Johnson","ATL",13,434,934,30.620985010706637,9.957173447537473,15.845824411134904,0.6283783783783784,1.7130620985010707,4.496788008565311,0.38095238095238093,0.38095238095238093,5.56745182012848,11.777301927194861,8.137044967880085,4.817987152034261,0.32119914346895073,0.5913978494623656,0.632183908045977,0.9375,0.22105263157894736,0.5676865789473684,0.6157894736842106,0.6604651162790698,1.284796573875803,1.0706638115631693,0.06756756756756757,0,0,24.757281553398055
"Kevin Durant","HOU",12,433,893,34.82642777155655,9.29451287793953,16.90929451287794,0.5496688741721855,2.463605823068309,6.159014557670773,0.4,0.4,8.846584546472565,8.286674132138858,10.302351623740202,5.039193729003359,2.3516237402015676,0.4457831325301205,0.4457831325301205,0.6818181818181818,0.2669902912621359,0.4856097087378641,0.5631067961165048,0.6301652892561983,0,0.4479283314669653,0.026490066225165563,0,0,26.0543580131209
"Austin Reaves","LAL",12,433,907,37.15545755237045,7.82800441014333,12.458654906284455,0.6283185840707964,3.4178610804851157,10.474090407938258,0.3263157894736842,0.3263157894736842,11.245865490628445,5.2921719955898565,10.363836824696802,7.276736493936053,2.9768467475192946,0.3380281690140845,0.34782608695652173,0.7096774193548387,0.4567307692307692,0.5105836538461539,0.5649038461538461,0.6509803921568628,0.4410143329658214,0.5512679162072768,0.04424778761061947,0.33076074972436603,0.031578947368421054,29.048086359175663
"Davion Mitchell","MIA",14,431,938,15.778251599147122,4.477611940298507,7.782515991471215,0.5753424657534246,1.812366737739872,4.690831556503198,0.38636363636363635,0.38636363636363635,1.3859275053304905,2.771855010660981,6.183368869936034,4.797441364605544,0.6396588486140725,0.30952380952380953,0.30952380952380953,0.8823529411764706,0.37606837606837606,0.5314893162393163,0.5769230769230769,0.578125,0,0.42643923240938164,0.0547945205479452,0.10660980810234541,0.022727272727272728,14.685990338164252
"Karl-Anthony Towns","NYK",13,430,903,31.33997785160576,7.198228128460687,14.617940199335548,0.49242424242424243,2.768549280177187,8.416389811738648,0.32894736842105265,0.32894736842105265,8.637873754152825,7.530454042081949,6.866002214839424,7.973421926910299,0.33222591362126247,0.5230769230769231,0.6181818181818182,0.96,0.36538461538461536,0.578721875,0.49278846153846156,0.5785123966942148,2.2148394241417497,1.6611295681063123,0.11363636363636363,0.22148394241417496,0.02631578947368421,26.48752399232246
"P.J. Washington","DAL",14,430,909,23.102310231023104,6.380638063806381,12.211221122112212,0.5225225225225225,1.9801980198019802,6.49064906490649,0.3050847457627119,0.3050847457627119,4.400440044004401,7.48074807480748,5.2805280528052805,5.6105610561056105,0.33003300330033003,0.5862068965517241,0.6538461538461539,0.9444444444444444,0.34705882352941175,0.520985294117647,0.5,0.5412371134020618,1.3201320132013201,0.8800880088008801,0.07207207207207207,0,0,22.546161321671526
"Jake LaRavia","LAL",15,428,888,17.905405405405407,4.617117117117117,7.77027027027027,0.5942028985507246,1.9144144144144144,5.63063063063063,0.34,0.34,2.9279279279279278,6.306306306306307,2.9279279279279278,5.743243243243243,0,0.6829268292682927,0.7777777777777778,1,0.42016806722689076,0.5684860169491526,0.5588235294117647,0.5845588235294118,1.1261261261261262,0.45045045045045046,0.057971014492753624,0.11261261261261261,0.02,15.262636273538156
"Isaiah Hartenstein","OKC",15,427,878,22.095671981776764,9.681093394077449,13.553530751708427,0.7142857142857143,0,0.45558086560364464,0,0,2.733485193621868,15.034168564920273,4.328018223234624,0,0,0.7764705882352941,0.8918918918918919,0,0.032520325203252036,0.5991191056910569,0.6910569105691057,0.708029197080292,2.5056947608200457,0.683371298405467,0.05042016806722689,0,0,16.79920477137177
"Amen Thompson","HOU",12,426,859,24.09778812572759,8.614668218859139,16.41443538998836,0.524822695035461,0.6984866123399301,3.3760186263096625,0.20689655172413793,0.20689655172413793,4.772991850989523,9.31315483119907,7.916181606519208,2.0954598370197903,0,0.5405405405405406,0.5714285714285714,1,0.17058823529411765,0.5504276470588235,0.48823529411764705,0.5390625,0.9313154831199069,1.979045401629802,0.12056737588652482,0,0,21.303501945525294
"Dennis Schröder","SAC",14,426,897,19.175027870680044,4.793756967670011,10.925306577480491,0.4387755102040816,2.4526198439241917,7.1348940914158305,0.34375,0.34375,2.229654403567447,1.7837235228539576,7.803790412486065,4.682274247491639,2.6755852842809364,0.18604651162790697,0.18604651162790697,0.6363636363636364,0.3950617283950617,0.4989268518518518,0.4691358024691358,0.49710982658959535,0,1.2263099219620959,0.11224489795918367,0.11148272017837235,0.015625,19.880715705765407
"Donte DiVincenzo","MIN",14,425,885,22.259887005649716,2.2598870056497176,3.84180790960452,0.5882352941176471,4.632768361581921,12.203389830508474,0.37962962962962965,0.37962962962962965,3.84180790960452,3.1638418079096047,1.3559322033898304,13.559322033898304,0.3389830508474576,0.7,0.7777777777777778,0.975609756097561,0.7605633802816901,0.5561862676056337,0.573943661971831,0.6234177215189873,0.4519774011299435,0.11299435028248588,0.029411764705882353,0.11299435028248588,0.009259259259259259,17.74675972083749
"Draymond Green","GSW",15,425,876,13.584474885844749,2.2831050228310503,5.251141552511416,0.43478260869565216,2.625570776255708,7.30593607305936,0.359375,0.359375,1.1415525114155252,4.109589041095891,0.45662100456621,7.876712328767123,0,0.9,0.9,1,0.5818181818181818,0.5591881818181819,0.4954545454545455,0.5042372881355932,0,0.684931506849315,0.13043478260869565,0.1141552511415525,0.015625,16.956077630234937
"Deandre Ayton","LAL",14,425,884,26.131221719457013,12.330316742081449,17.647058823529413,0.6987179487179487,0,0,0,0,1.4705882352941178,19.90950226244344,4.751131221719457,0,0,0.8073394495412844,0.967032967032967,0,0,0.5463820512820513,0.6987179487179487,0.6957831325301205,4.072398190045249,0.9049773755656109,0.05128205128205128,0,0,20.321931589537225
"Jaime Jaquez Jr.","MIA",14,424,927,25.889967637540455,9.60086299892125,16.50485436893204,0.5816993464052288,0.6472491909385113,2.912621359223301,0.2222222222222222,0.2222222222222222,4.746494066882416,9.70873786407767,9.492988133764833,1.941747572815534,0,0.5056179775280899,0.5487804878048781,1,0.15,0.5593502777777778,0.5444444444444444,0.5882352941176471,1.5102481121898597,0.970873786407767,0.058823529411764705,0,0,22.063037249283667
"Michael Porter Jr.","BKN",13,424,863,36.50057937427578,8.111239860950175,13.904982618771726,0.5833333333333334,4.750869061413673,13.209733487833141,0.35964912280701755,0.35964912280701755,6.025492468134415,10.196987253765933,6.025492468134415,12.862108922363847,1.3904982618771726,0.6285714285714286,0.7096774193548387,0.9024390243902439,0.48717948717948717,0.5268799145299146,0.561965811965812,0.6082677165354331,1.853997682502897,0.9269988412514485,0.06666666666666667,0.11587485515643106,0.008771929824561403,28.600405679513187
"Herbert Jones","NOP",14,423,868,15.668202764976959,2.9953917050691246,7.027649769585254,0.4262295081967213,2.6497695852534564,7.142857142857143,0.3709677419354839,0.3709677419354839,1.728110599078341,2.7649769585253456,3.225806451612903,7.949308755760368,0,0.46153846153846156,0.46153846153846156,1,0.5040650406504065,0.5444170731707317,0.491869918699187,0.5151515151515151,0,1.0368663594470047,0.14754098360655737,0,0,15.6686626746507
"AJ Green","MIL",15,422,880,18.522727272727273,0.5681818181818182,1.0227272727272727,0.5555555555555556,5.2272727272727275,11.022727272727273,0.4742268041237113,0.4742268041237113,1.7045454545454546,0.6818181818181818,0.45454545454545453,14.318181818181818,1.3636363636363635,0.6,0.6,0.9130434782608695,0.9150943396226415,0.5382066037735849,0.6981132075471698,0.7168141592920354,0,0.11363636363636363,0.1111111111111111,0,0,12.653061224489795
"Ajay Mitchell","OKC",15,421,880,27.84090909090909,8.068181818181818,16.25,0.4965034965034965,2.0454545454545454,6.4772727272727275,0.3157894736842105,0.3157894736842105,5.568181818181818,6.363636363636363,9.772727272727273,4.090909090909091,2.0454545454545454,0.39436619718309857,0.4057971014492754,0.6666666666666666,0.285,0.51852225,0.49,0.5518018018018018,0.45454545454545453,1.0227272727272727,0.06293706293706294,0,0,25.02532928064843
"Harrison Barnes","SAS",14,418,853,21.101992966002346,2.9308323563892147,4.220398593200469,0.6944444444444444,4.220398593200469,8.675263774912075,0.4864864864864865,0.4864864864864865,2.5791324736225087,3.048065650644783,2.8135990621336457,11.957796014067995,0.7033997655334114,0.52,0.5416666666666666,0.9444444444444444,0.6727272727272727,0.5645140909090909,0.7181818181818181,0.743801652892562,0.23446658851113716,0.23446658851113716,0.05555555555555555,0,0,14.752370916754478
"Kelly Oubre Jr.","PHI",12,418,865,23.23699421965318,5.895953757225434,9.479768786127167,0.6219512195121951,2.658959537572254,7.745664739884393,0.34328358208955223,0.34328358208955223,3.468208092485549,6.473988439306359,5.317919075144508,7.630057803468208,0.3468208092485549,0.5490196078431373,0.6086956521739131,0.9565217391304348,0.44966442953020136,0.5449228187919463,0.5738255033557047,0.6090909090909091,1.1560693641618498,1.0404624277456647,0.10975609756097561,0,0,18.28171828171828
"Grayson Allen","PHX",13,417,864,27.77777777777778,3.4722222222222223,6.828703703703703,0.5084745762711864,5.902777777777778,13.194444444444445,0.4473684210526316,0.4473684210526316,3.125,3.935185185185185,3.009259259259259,14.23611111111111,3.4722222222222223,0.5666666666666667,0.5666666666666667,0.803921568627451,0.6589595375722543,0.530314450867052,0.615606936416185,0.6390374331550802,0,1.2731481481481481,0.1864406779661017,0,0,21.126760563380284
"Victor Wembanyama","SAS",12,416,860,36.51162790697674,10.581395348837209,18.953488372093023,0.558282208588957,2.3255813953488373,6.744186046511628,0.3448275862068966,0.3448275862068966,8.372093023255815,12.325581395348838,8.837209302325581,5.930232558139535,1.0465116279069768,0.5824175824175825,0.6385542168674698,0.85,0.26244343891402716,0.5417997737556561,0.5475113122171946,0.6003861003861004,1.8604651162790697,0.3488372093023256,0.018404907975460124,0,0,30.816326530612244
"Stephon Castle","SAS",13,416,868,25.691244239631338,7.373271889400922,11.981566820276498,0.6153846153846154,1.3824884792626728,5.76036866359447,0.24,0.24,6.797235023041475,4.608294930875576,10.138248847926267,4.147465437788019,0,0.3125,0.35714285714285715,1,0.3246753246753247,0.5619295454545454,0.5324675324675324,0.5807291666666666,1.8433179723502304,1.0368663594470047,0.08653846153846154,0,0,24.64503042596349
"Gary Trent Jr.","MIL",15,415,863,17.72885283893395,2.20162224797219,4.866743916570104,0.4523809523809524,3.939745075318656,10.544611819235225,0.37362637362637363,0.37362637362637363,1.5063731170336037,2.549246813441483,1.853997682502897,10.428736964078794,1.3904982618771726,0.5789473684210527,0.5789473684210527,0.8823529411764706,0.6842105263157895,0.5324323308270678,0.5263157894736842,0.5464285714285714,0,0.23174971031286212,0.047619047619047616,0,0,15.811518324607329
"Giannis Antetokounmpo","MIL",13,414,862,46.98375870069606,17.053364269141532,26.682134570765662,0.6391304347826087,1.0440835266821347,2.0881670533642693,0.5,0.5,9.74477958236659,15.31322505800464,18.79350348027842,2.4361948955916475,0.6960556844547564,0.4489795918367347,0.5196850393700787,0.7777777777777778,0.07258064516129033,0.6305290322580644,0.6471774193548387,0.6596091205211726,4.640371229698376,1.3921113689095128,0.05217391304347826,0,0,36.50465356773526
"Zach LaVine","SAC",12,412,866,31.40877598152425,6.466512702078522,10.854503464203233,0.5957446808510638,4.387990762124711,10.392609699769054,0.4222222222222222,0.4222222222222222,5.311778290993072,8.775981524249422,4.157043879907621,10.392609699769054,2.771362586605081,0.6785714285714286,0.6785714285714286,0.7894736842105263,0.4891304347826087,0.5427114130434783,0.6141304347826086,0.6609756097560976,0,0.4618937644341801,0.0425531914893617,0,0,23.583934088568483
"Jamal Murray","DEN",12,412,850,32.588235294117645,8.235294117647058,15.294117647058824,0.5384615384615384,3.5294117647058822,9.882352941176471,0.35714285714285715,0.35714285714285715,5.529411764705882,4.705882352941177,11.764705882352942,4.9411764705882355,5.647058823529412,0.2857142857142857,0.2898550724637681,0.4666666666666667,0.3925233644859813,0.508618779342723,0.5373831775700935,0.5836909871244635,0.23529411764705882,0.5882352941176471,0.038461538461538464,0,0,26.90721649484536
"Nic Claxton","BKN",14,412,831,24.548736462093864,9.14560770156438,15.16245487364621,0.6031746031746031,0,0.7220216606498195,0,0,6.257521058965103,10.58965102286402,7.701564380264741,0,0,0.5789473684210527,0.676923076923077,0,0.045454545454545456,0.5673295454545455,0.5757575757575758,0.6219512195121951,2.647412755716005,1.5643802647412757,0.10317460317460317,0,0,19.38883034773446
"Nikola Vučević","CHI",13,409,869,23.705408515535098,6.444188722669735,12.197928653624857,0.5283018867924528,2.8768699654775602,7.019562715765248,0.4098360655737705,0.4098360655737705,2.186421173762946,10.817031070195627,2.0713463751438437,8.285385500575375,0.34522439585730724,0.8392857142857143,0.9215686274509803,0.96,0.3652694610778443,0.5223652694610779,0.5598802395209581,0.5754189944134078,1.1507479861910241,0.8055235903337169,0.0660377358490566,0,0,20.850622406639005
"Jarace Walker","IND",14,407,860,16.27906976744186,3.0232558139534884,9.186046511627907,0.3291139240506329,2.2093023255813953,8.372093023255815,0.2638888888888889,0.2638888888888889,3.604651162790698,2.7906976744186047,3.255813953488372,5.5813953488372094,1.0465116279069768,0.46153846153846156,0.5217391304347826,0.8421052631578947,0.4768211920529801,0.508737417218543,0.3609271523178808,0.41420118343195267,0.6976744186046512,0.46511627906976744,0.05063291139240506,0,0,20
"Quentin Grimes","PHI",13,406,842,25.890736342042754,4.394299287410926,7.719714964370547,0.5692307692307692,3.8004750593824226,9.501187648456057,0.4,0.4,5.7007125890736345,5.7007125890736345,3.0878859857482186,9.97624703087886,1.4251781472684086,0.6486486486486487,0.6666666666666666,0.875,0.5517241379310345,0.5518861111111111,0.5862068965517241,0.6449704142011834,0.2375296912114014,0.7125890736342043,0.09230769230769231,0,0,21.296296296296294
"Cason Wallace","OKC",14,406,841,14.030915576694412,2.4970273483947683,5.58858501783591,0.44680851063829785,2.615933412604043,7.015457788347206,0.3728813559322034,0.3728813559322034,1.1890606420927468,1.6646848989298455,3.329369797859691,7.8478002378121285,0,0.3333333333333333,0.35,1,0.5566037735849056,0.5678792452830189,0.5094339622641509,0.5315315315315315,0.23781212841854935,0.5945303210463734,0.10638297872340426,0,0,13.459516298633018
"Luka Dončić","LAL",11,405,842,45.24940617577197,9.382422802850357,15.20190023752969,0.6171875,4.513064133016627,14.251781472684085,0.31666666666666665,0.31666666666666665,12.945368171021377,3.8004750593824226,14.964370546318289,4.98812351543943,8.551068883610451,0.20253164556962025,0.21052631578947367,0.3684210526315789,0.4838709677419355,0.5044123481781376,0.5483870967741935,0.6225490196078431,0.7125890736342043,0.35629453681710216,0.0234375,0.2375296912114014,0.016666666666666666,36.986301369863014
"Anthony Black","ORL",15,402,819,21.489621489621488,6.105006105006105,10.256410256410257,0.5952380952380952,1.8315018315018314,6.349206349206349,0.28846153846153844,0.28846153846153844,3.785103785103785,6.105006105006105,6.105006105006105,5.128205128205129,0.3663003663003663,0.5,0.5102040816326531,0.9333333333333333,0.38235294117647056,0.5638078358208956,0.5330882352941176,0.5714285714285714,0.2442002442002442,1.465201465201465,0.14285714285714285,0,0,19.892473118279568
"Nickeil Alexander-Walker","ATL",13,401,859,27.70663562281723,6.5192083818393485,11.757857974388823,0.5544554455445545,2.7939464493597206,9.31315483119907,0.3,0.3,6.286379511059371,6.752037252619325,6.286379511059371,7.334109429569266,1.0477299185098952,0.5178571428571429,0.5272727272727272,0.875,0.4419889502762431,0.5632104972375691,0.5082872928176796,0.5669856459330144,0.23282887077997672,0.46565774155995343,0.039603960396039604,0.11641443538998836,0.0125,25.157232704402517
"Stephen Curry","GSW",13,401,864,42.013888888888886,6.712962962962963,11.689814814814815,0.5742574257425742,6.712962962962963,17.24537037037037,0.38926174496644295,0.38926174496644295,8.449074074074074,6.481481481481482,6.944444444444445,14.23611111111111,5.902777777777778,0.4827586206896552,0.4827586206896552,0.7068965517241379,0.596,0.5373006048387097,0.58,0.6387900355871886,0,0.5787037037037037,0.04950495049504951,0,0,33.09053069719043
"Jrue Holiday","POR",12,401,863,23.174971031286212,4.9826187717265356,9.385863267670915,0.5308641975308642,3.5921205098493627,9.84936268829664,0.36470588235294116,0.36470588235294116,2.433371958285052,3.707995365005794,6.257242178447277,4.866743916570104,5.909617612977984,0.37209302325581395,0.3902439024390244,0.45161290322580644,0.5120481927710844,0.5362027108433735,0.5391566265060241,0.5621468926553672,0.46349942062572425,0.6952491309385863,0.07407407407407407,0,0,21.178821178821178
"Shaedon Sharpe","POR",14,400,860,36.74418604651163,10.465116279069768,19.186046511627907,0.5454545454545454,2.9069767441860463,11.279069767441861,0.25773195876288657,0.25773195876288657,7.093023255813954,10,10.930232558139535,6.27906976744186,2.441860465116279,0.4777777777777778,0.4777777777777778,0.72,0.3702290076335878,0.5594700381679389,0.4866412213740458,0.541095890410959,0,1.5116279069767442,0.07878787878787878,0.11627906976744186,0.010309278350515464,32.19844357976654
"Cedric Coward","MEM",15,399,858,25.058275058275058,5.011655011655011,9.324009324009324,0.5375,3.2634032634032635,8.041958041958042,0.4057971014492754,0.4057971014492754,5.244755244755245,6.526806526806527,3.4965034965034967,9.090909090909092,0.6993006993006993,0.6511627906976745,0.7,0.9285714285714286,0.46308724832214765,0.5550506711409396,0.5704697986577181,0.6213872832369942,0.6993006993006993,0.9324009324009324,0.1,0.11655011655011654,0.014492753623188406,19.65376782077393
"Russell Westbrook","SAC",14,399,863,23.290845886442643,4.750869061413673,10.312862108922364,0.4606741573033708,3.4762456546929315,8.574739281575898,0.40540540540540543,0.40540540540540543,3.3603707995365006,3.0127462340672073,6.488991888760139,7.995365005793743,2.433371958285052,0.3170731707317073,0.34210526315789475,0.7666666666666667,0.4539877300613497,0.5257644171779141,0.5276073619631901,0.5491803278688525,0.6952491309385863,1.3904982618771726,0.1348314606741573,0,0,23.60248447204969
"Naji Marshall","DAL",15,394,842,19.95249406175772,5.10688836104513,9.026128266033254,0.5657894736842105,1.3064133016627077,4.869358669833729,0.2682926829268293,0.2682926829268293,5.819477434679335,5.463182897862233,4.750593824228028,3.5629453681710213,0.35629453681710216,0.5348837209302325,0.5609756097560976,0.9090909090909091,0.3504273504273504,0.5439905982905983,0.5085470085470085,0.5874125874125874,0.4750593824228028,1.0688836104513064,0.11842105263157894,0.1187648456057007,0.024390243902439025,16.666666666666664
"Paolo Banchero","ORL",12,393,829,31.363088057901084,8.56453558504222,16.164053075995174,0.5298507462686567,1.3268998793727382,5.307599517490953,0.25,0.25,10.253317249698432,6.031363088057901,11.097708082026537,3.6188178528347406,0.3618817852834741,0.352112676056338,0.3787878787878788,0.9090909090909091,0.24719101123595505,0.530664606741573,0.49157303370786515,0.5752212389380531,1.2062726176115801,1.9300361881785284,0.11940298507462686,0,0,27.35949098621421
"Santi Aldama","MEM",15,384,820,22.804878048780488,6.463414634146342,11.341463414634147,0.5698924731182796,2.4390243902439024,8.048780487804878,0.30303030303030304,0.30303030303030304,2.5609756097560976,10.487804878048781,2.4390243902439024,7.317073170731708,0,0.8113207547169812,0.9347826086956522,1,0.41509433962264153,0.5469657232704402,0.5220125786163522,0.5436046511627907,1.7073170731707317,0.36585365853658536,0.03225806451612903,0.12195121951219512,0.015151515151515152,20.427807486631018
"CJ McCollum","WAS",13,384,828,25.603864734299517,4.468599033816425,10.869565217391305,0.4111111111111111,4.106280193236715,10.869565217391305,0.37777777777777777,0.37777777777777777,4.3478260869565215,2.657004830917874,6.280193236714976,8.333333333333334,3.9855072463768115,0.2972972972972973,0.3055555555555556,0.6764705882352942,0.5,0.5204511111111111,0.4888888888888889,0.5355329949238579,0.24154589371980675,0.8454106280193237,0.07777777777777778,0,0,23.003194888178914
"Julian Champagnie","SAS",14,381,796,17.08542713567839,1.6331658291457287,2.8894472361809047,0.5652173913043478,3.64321608040201,9.673366834170855,0.37662337662337664,0.37662337662337664,2.8894472361809047,2.512562814070352,0.7537688442211056,10.552763819095478,0.3768844221105528,0.7692307692307693,0.9090909090909091,0.9655172413793104,0.77,0.588587,0.565,0.6071428571428571,0.5025125628140703,0.5025125628140703,0.17391304347826086,0,0,14.459161147902869
"Jaylen Wells","MEM",15,380,790,17.974683544303797,3.9240506329113924,8.227848101265822,0.47692307692307695,2.7848101265822787,9.873417721518987,0.28205128205128205,0.28205128205128205,1.7721518987341771,5.3164556962025316,2.5316455696202533,7.594936708860759,0.759493670886076,0.6774193548387096,0.75,0.9090909090909091,0.5454545454545454,0.5335283216783216,0.44755244755244755,0.47019867549668876,0.759493670886076,1.2658227848101267,0.15384615384615385,0.12658227848101267,0.01282051282051282,17.841409691629956
"Terance Mann","BKN",14,380,771,17.120622568093385,4.409857328145266,8.171206225680933,0.5396825396825397,1.9455252918287937,5.447470817120623,0.35714285714285715,0.35714285714285715,2.4643320363164722,3.6316472114137484,5.188067444876784,4.669260700389105,1.1673151750972763,0.4117647058823529,0.5185185185185185,0.8,0.4,0.5373447619047619,0.5380952380952381,0.5689655172413793,1.8158236057068742,1.0376134889753568,0.12698412698412698,0,0,14.41543700340522
"Josh Giddey","CHI",11,379,802,29.925187032418954,8.603491271820449,16.708229426433917,0.5149253731343284,2.119700748129676,5.985037406483791,0.3541666666666667,0.3541666666666667,6.359102244389027,6.234413965087282,10.972568578553616,5.236907730673317,1.1221945137157108,0.36231884057971014,0.36764705882352944,0.8235294117647058,0.26373626373626374,0.5442585164835164,0.5192307692307693,0.5584112149532711,0.24937655860349128,1.371571072319202,0.08208955223880597,0.12468827930174564,0.020833333333333332,28.04878048780488
"Svi Mykhailiuk","UTA",14,378,790,17.21518987341772,2.7848101265822787,3.7974683544303796,0.7333333333333333,3.670886075949367,9.49367088607595,0.38666666666666666,0.38666666666666666,0.6329113924050633,4.050632911392405,1.518987341772152,10.253164556962025,0.759493670886076,0.7272727272727273,0.7272727272727273,0.9310344827586207,0.7142857142857143,0.5416409523809524,0.6238095238095238,0.6415094339622641,0,0.12658227848101267,0.03333333333333333,0,0,12.184873949579833
"Matas Buzelis","CHI",13,378,811,24.04438964241677,5.7953144266337855,11.097410604192355,0.5222222222222223,2.9593094944512948,7.398273736128237,0.4,0.4,3.5758323057953145,5.6720098643649814,5.9186189889025895,8.508014796547473,0.36991368680641185,0.48936170212765956,0.5227272727272727,0.9583333333333334,0.4,0.5887063333333333,0.5533333333333333,0.5945121951219512,0.7398273736128237,1.1097410604192355,0.1,0.12330456226880394,0.016666666666666666,20.58823529411765
"Alex Sarr","WAS",13,377,788,29.949238578680202,10.65989847715736,18.908629441624367,0.5637583892617449,1.7766497461928934,5.0761421319796955,0.35,0.35,3.299492385786802,15.228426395939087,6.091370558375634,5.32994923857868,0,0.7142857142857143,0.8450704225352113,1,0.21164021164021163,0.5207722222222222,0.5555555555555556,0.5756097560975609,3.299492385786802,2.1573604060913705,0.11409395973154363,0.12690355329949238,0.025,26.6065388951522
"Jalen Duren","DET",13,376,782,34.271099744245525,12.404092071611252,18.414322250639387,0.6736111111111112,0,0,0,0,9.462915601023019,15.345268542199488,9.462915601023019,0,0,0.6185567010309279,0.759493670886076,0,0,0.5575520833333333,0.6736111111111112,0.7165775401069518,4.603580562659847,1.5345268542199488,0.08333333333333333,0,0,23.484848484848484
"Sion James","CHA",14,374,769,13.784135240572171,1.9505851755526658,4.031209362808843,0.4838709677419355,2.600780234070221,5.851755526657997,0.4444444444444444,0.4444444444444444,2.080624187256177,2.080624187256177,1.8205461638491547,7.802340702210663,0,0.5333333333333333,0.5714285714285714,1,0.5921052631578947,0.5815842105263158,0.5921052631578947,0.6309523809523809,0.26007802340702213,0.7802340702210663,0.1935483870967742,0,0,10.986547085201794
"Jalen Brunson","NYK",11,373,785,39.23566878980892,9.681528662420382,18.471337579617835,0.5241379310344828,3.949044585987261,10.700636942675159,0.36904761904761907,0.36904761904761907,8.02547770700637,5.350318471337579,14.012738853503185,6.496815286624204,5.350318471337579,0.27631578947368424,0.27631578947368424,0.5483870967741935,0.36681222707423583,0.5352458515283842,0.5349344978165939,0.5945945945945946,0,1.019108280254777,0.05517241379310345,0,0,31.55021834061135
"OG Anunoby","NYK",12,373,779,24.390243902439025,5.006418485237484,8.729139922978177,0.5735294117647058,3.9794608472400514,10.141206675224646,0.3924050632911392,0.3924050632911392,2.4390243902439024,6.161745827984595,3.851091142490372,11.553273427471117,0.3851091142490372,0.6153846153846154,0.7058823529411765,0.967741935483871,0.5374149659863946,0.6194972789115647,0.5816326530612245,0.6012658227848101,1.2836970474967908,1.1553273427471116,0.1323529411764706,0.3851091142490372,0.0379746835443038,19.672131147540984
"Kyshawn George","WAS",12,371,793,25.598991172761664,5.422446406052964,9.709962168978562,0.5584415584415584,3.909205548549811,8.701134930643127,0.4492753623188406,0.4492753623188406,3.0264817150063053,2.5220680958385877,8.32282471626734,9.836065573770492,1.8915510718789408,0.23255813953488372,0.23809523809523808,0.8387096774193549,0.4726027397260274,0.5222417808219177,0.613013698630137,0.634375,0.25220680958385877,1.1349306431273645,0.11688311688311688,0.12610340479192939,0.014492753623188406,22.56235827664399
"Jeremiah Fears","NOP",14,369,758,28.232189973614776,8.575197889182059,17.810026385224276,0.48148148148148145,2.242744063324538,6.332453825857519,0.3541666666666667,0.3541666666666667,4.353562005277045,6.332453825857519,10.817941952506596,4.353562005277045,2.37467018469657,0.36923076923076925,0.39344262295081966,0.6470588235294118,0.26229508196721313,0.5341898907103825,0.49453551912568305,0.5376884422110553,1.0554089709762533,1.9788918205804749,0.1111111111111111,0,0,26.674233825198638
"Anfernee Simons","BOS",15,368,734,27.111716621253407,3.9509536784741144,9.264305177111716,0.4264705882352941,5.449591280653951,13.487738419618529,0.40404040404040403,0.40404040404040403,2.861035422343324,0.8174386920980926,7.084468664850136,11.852861035422343,4.4959128065395095,0.10344827586206896,0.10714285714285714,0.725,0.592814371257485,0.5056703592814371,0.5329341317365269,0.5625,0.2724795640326976,1.2261580381471389,0.1323529411764706,0,0,22.977725674091445
"Neemias Queta","BOS",15,367,727,18.707015130674,8.253094910591471,13.067400275103164,0.631578947368421,0,0.4126547455295736,0,0,2.200825309491059,12.379642365887207,4.126547455295736,0,0,0.75,0.9782608695652174,0,0.030612244897959183,0.5802377551020408,0.6122448979591837,0.6238532110091743,3.8514442916093534,0.4126547455295736,0.031578947368421054,0,0,14.269005847953215
"Collin Gillespie","PHX",15,365,749,21.09479305740988,2.2696929238985315,5.473965287049399,0.4146341463414634,4.806408544726302,12.283044058744993,0.391304347826087,0.391304347826087,2.1361815754339117,1.6021361815754338,2.937249666221629,10.814419225634179,3.6048064085447264,0.35294117647058826,0.35294117647058826,0.75,0.6917293233082706,0.5205981203007518,0.5338345864661654,0.5602836879432624,0,0.6675567423230975,0.12195121951219512,0,0,18.678815489749432
"Domantas Sabonis","SAC",11,365,775,24.387096774193548,9.03225806451613,16.129032258064516,0.56,0.5161290322580645,2.5806451612903225,0.2,0.2,4.774193548387097,12.903225806451612,5.161290322580645,1.5483870967741935,0,0.7142857142857143,0.8620689655172413,1,0.13793103448275862,0.5468803448275862,0.5241379310344828,0.5591715976331361,3.096774193548387,1.8064516129032258,0.112,0,0,22.722029988465973
"Aaron Gordon","DEN",12,365,756,32.142857142857146,7.142857142857143,12.037037037037036,0.5934065934065934,3.7037037037037037,8.201058201058201,0.45161290322580644,0.45161290322580644,6.746031746031746,8.201058201058201,6.084656084656085,8.73015873015873,2.380952380952381,0.5740740740740741,0.6739130434782609,0.7857142857142857,0.40522875816993464,0.5636140522875818,0.6274509803921569,0.6825842696629213,2.1164021164021163,0.5291005291005291,0.04395604395604396,0.13227513227513227,0.016129032258064516,22.43958573072497
"Jabari Smith Jr.","HOU",11,363,735,21.632653061224488,5.034013605442177,9.523809523809524,0.5285714285714286,2.993197278911565,8.02721088435374,0.3728813559322034,0.3728813559322034,2.5850340136054424,5.98639455782313,4.081632653061225,8.571428571428571,0.40816326530612246,0.5945945945945946,0.6875,0.9545454545454546,0.4573643410852713,0.5356430232558139,0.5426356589147286,0.5760869565217391,1.3605442176870748,1.08843537414966,0.11428571428571428,0,0,17.365967365967364
"Kyle Kuzma","MIL",14,362,762,24.409448818897637,7.480314960629921,12.46719160104987,0.6,1.7060367454068242,6.036745406824147,0.2826086956521739,0.2826086956521739,4.330708661417323,8.923884514435695,6.036745406824147,4.724409448818897,0.3937007874015748,0.5964912280701754,0.6538461538461539,0.9230769230769231,0.3262411347517731,0.5550578014184396,0.5425531914893617,0.5886075949367089,1.3123359580052494,1.0498687664041995,0.08421052631578947,0,0,20.933014354066987
"Jerami Grant","POR",13,362,775,30.70967741935484,5.548387096774194,10.838709677419354,0.5119047619047619,3.4838709677419355,8.64516129032258,0.40298507462686567,0.40298507462686567,9.161290322580646,4.387096774193548,6.709677419354839,10.451612903225806,0,0.3953488372093023,0.4358974358974359,1,0.44370860927152317,0.5649890728476821,0.5529801324503312,0.6413043478260869,1.032258064516129,1.6774193548387097,0.15476190476190477,0,0,22.502744237102085
"Ryan Dunn","PHX",15,361,735,17.687074829931973,5.170068027210885,8.843537414965986,0.5846153846153846,2.0408163265306123,6.122448979591836,0.3333333333333333,0.3333333333333333,1.2244897959183674,6.530612244897959,3.8095238095238093,6.122448979591836,0,0.631578947368421,0.8275862068965517,1,0.4090909090909091,0.5899427272727272,0.55,0.5603448275862069,2.4489795918367347,0.6802721088435374,0.07692307692307693,0,0,15.28588098016336
"Jonathan Kuminga","GSW",13,360,747,23.96251673360107,7.095046854082999,13.25301204819277,0.5353535353535354,1.606425702811245,4.953145917001339,0.32432432432432434,0.32432432432432434,4.953145917001339,6.42570281124498,7.764390896921017,4.417670682730924,0.40160642570281124,0.4528301886792453,0.47058823529411764,0.9166666666666666,0.27205882352941174,0.5370426470588235,0.5220588235294118,0.5664556962025317,0.535475234270415,1.2048192771084338,0.09090909090909091,0,0,23.197115384615383
"Kris Dunn","LAC",14,360,719,14.047287899860917,3.6161335187760777,6.536856745479833,0.5531914893617021,1.6689847009735743,4.589707927677329,0.36363636363636365,0.36363636363636365,1.8080667593880388,3.6161335187760777,3.6161335187760777,5.006954102920723,0,0.5,0.5416666666666666,1,0.4125,0.545608125,0.55,0.5738636363636364,0.5563282336578581,0.9735744089012517,0.14893617021276595,0,0,13.449564134495642
"Jock Landale","MEM",15,360,756,19.576719576719576,5.555555555555555,9.920634920634921,0.56,2.1164021164021163,4.894179894179894,0.43243243243243246,0.43243243243243246,2.1164021164021163,7.671957671957672,3.439153439153439,6.349206349206349,0,0.6904761904761905,0.9354838709677419,1,0.33035714285714285,0.541496875,0.5892857142857143,0.592,2.9100529100529102,1.4550264550264551,0.14666666666666667,0,0,16.247139588100687
"Ronald Holland II","DET",15,358,756,17.063492063492063,4.497354497354498,9.788359788359788,0.4594594594594595,1.8518518518518519,6.349206349206349,0.2916666666666667,0.2916666666666667,2.513227513227513,4.761904761904762,4.232804232804233,5.555555555555555,0,0.5294117647058824,0.5625,1,0.39344262295081966,0.5421229508196721,0.45081967213114754,0.49236641221374045,0.5291005291005291,1.1904761904761905,0.12162162162162163,0,0,18.057142857142857
"Saddiq Bey","NOP",13,358,738,21.81571815718157,3.9295392953929538,8.536585365853659,0.4603174603174603,3.794037940379404,9.48509485094851,0.4,0.4,2.5745257452574526,2.710027100271003,5.149051490514905,10.975609756097562,0.4065040650406504,0.3448275862068966,0.43478260869565216,0.9642857142857143,0.5263157894736842,0.5420203007518797,0.5338345864661654,0.5513698630136986,1.6260162601626016,1.2195121951219512,0.14285714285714285,0.13550135501355012,0.014285714285714285,18.10747663551402
"John Collins","LAC",14,355,707,23.62093352192362,7.496463932107496,13.154172560113155,0.5698924731182796,1.6973125884016973,5.091937765205092,0.3333333333333333,0.3333333333333333,3.536067892503536,11.032531824611032,3.9603960396039604,5.091937765205092,0,0.7358490566037735,0.8666666666666667,1,0.27906976744186046,0.5326143410852713,0.5503875968992248,0.5964285714285714,2.263083451202263,1.1315417256011315,0.08602150537634409,0,0,20.642768850432635
"Ben Sheppard","IND",14,354,748,11.898395721925134,2.6737967914438503,6.283422459893048,0.425531914893617,1.7379679144385027,7.754010695187166,0.22413793103448276,0.22413793103448276,1.3368983957219251,3.7433155080213902,1.6042780748663101,4.81283422459893,0.40106951871657753,0.7,0.7368421052631579,0.9230769230769231,0.5523809523809524,0.5552428571428571,0.3761904761904762,0.4009009009009009,0.26737967914438504,0.8021390374331551,0.1276595744680851,0.13368983957219252,0.017241379310344827,13.574660633484163
"Tristan da Silva","ORL",15,353,719,24.756606397774686,4.589707927677329,7.7885952712100135,0.5892857142857143,4.3115438108484,10.570236439499304,0.40789473684210525,0.40789473684210525,2.642559109874826,4.728789986091794,4.450625869262865,12.517385257301807,0.4172461752433936,0.5151515151515151,0.6071428571428571,0.967741935483871,0.5757575757575758,0.5496844696969697,0.6022727272727273,0.6180555555555556,1.3908205841446453,0.4172461752433936,0.05357142857142857,0,0,19.105199516324063
"Donovan Clingan","POR",14,350,743,16.689098250336475,5.518169582772543,8.613728129205922,0.640625,1.0767160161507403,5.383580080753701,0.2,0.2,2.4226110363391657,6.191117092866756,4.8452220726783315,3.2301480484522207,0,0.5609756097560976,0.9583333333333334,1,0.38461538461538464,0.573689423076923,0.5096153846153846,0.5585585585585585,4.576043068640646,0.8075370121130552,0.09375,0,0,13.495575221238939
"Javonte Green","DET",15,349,736,16.57608695652174,3.260869565217391,6.385869565217392,0.5106382978723404,2.0380434782608696,6.657608695652174,0.30612244897959184,0.30612244897959184,3.9402173913043477,5.434782608695652,1.0869565217391304,6.114130434782608,0,0.8333333333333334,0.8333333333333334,1,0.5104166666666666,0.5442635416666667,0.484375,0.5398230088495575,0,0.5434782608695652,0.0851063829787234,0.1358695652173913,0.02040816326530612,14.534883720930234
"Bub Carrington","WAS",13,349,741,11.201079622132253,1.484480431848853,6.207827260458839,0.2391304347826087,2.294197031039136,5.2631578947368425,0.4358974358974359,0.4358974358974359,1.349527665317139,0.8097165991902834,2.1592442645074224,5.2631578947368425,1.6194331983805668,0.2727272727272727,0.2727272727272727,0.7647058823529411,0.4588235294117647,0.5035741176470588,0.4294117647058823,0.45555555555555555,0,0.6747638326585695,0.10869565217391304,0,0,14.734299516908214
"Noah Clowney","BKN",14,348,700,19.428571428571427,1.8571428571428572,4.142857142857143,0.4482758620689655,3.5714285714285716,11,0.3246753246753247,0.3246753246753247,5,2,1.7142857142857142,10.714285714285714,0,0.5384615384615384,0.5384615384615384,1,0.7264150943396226,0.5448735849056604,0.47641509433962265,0.5271317829457365,0,0.7142857142857143,0.1724137931034483,0.42857142857142855,0.03896103896103896,18.633540372670804
"Kentavious Caldwell-Pope","MEM",15,346,731,15.73187414500684,3.283173734610123,7.7975376196990425,0.42105263157894735,1.915184678522572,6.839945280437757,0.28,0.28,3.4199726402188784,5.198358413132695,1.3679890560875514,5.33515731874145,0.4103967168262654,0.7916666666666666,0.7916666666666666,0.9285714285714286,0.4672897196261682,0.5224906542056075,0.4205607476635514,0.475,0,0.5471956224350205,0.07017543859649122,0.13679890560875513,0.02,16.24850657108722
"Ryan Kalkbrenner","CHA",13,346,731,17.647058823529413,7.660738714090288,9.30232558139535,0.8235294117647058,0,0.13679890560875513,0,0,2.3255813953488373,10.39671682626539,4.924760601915184,0,0,0.6785714285714286,0.95,0,0.014492753623188406,0.6569499999999999,0.8115942028985508,0.8269230769230769,4.377564979480164,0.6839945280437757,0.07352941176470588,0,0,12.106537530266344
"De'Andre Hunter","CLE",12,346,735,28.435374149659864,6.938775510204081,11.700680272108844,0.5930232558139535,2.993197278911565,10.748299319727892,0.27848101265822783,0.27848101265822783,5.578231292517007,8.16326530612245,5.714285714285714,6.938775510204081,2.0408163265306123,0.5882352941176471,0.6122448979591837,0.7727272727272727,0.47878787878787876,0.5254248484848485,0.509090909090909,0.5679347826086957,0.54421768707483,1.08843537414966,0.09302325581395349,0,0,23.72093023255814
"Ja Morant","MEM",12,345,747,28.781793842034805,8.032128514056225,18.072289156626507,0.4444444444444444,1.3386880856760375,8.032128514056225,0.16666666666666666,0.16666666666666666,8.701472556894243,4.551539491298527,11.512717536813922,2.4096385542168677,1.606425702811245,0.2833333333333333,0.288135593220339,0.6,0.3076923076923077,0.5078280927835052,0.38461538461538464,0.473568281938326,0.2677376171352075,1.4725568942436413,0.08148148148148149,0.13386880856760375,0.016666666666666666,31.887456037514657
"Norman Powell","MIA",11,345,763,36.69724770642202,6.946264744429882,14.154652686762779,0.49074074074074076,4.587155963302752,9.960681520314548,0.4605263157894737,0.4605263157894737,9.043250327653997,7.077326343381389,6.815203145478375,11.795543905635649,1.9659239842726082,0.5094339622641509,0.5192307692307693,0.8571428571428571,0.41304347826086957,0.5399467391304348,0.5733695652173914,0.6587677725118484,0.2621231979030144,1.4416775884665793,0.10185185185185185,0.1310615989515072,0.013157894736842105,27.810650887573967
"Moses Moody","GSW",14,345,727,24.346629986244842,2.063273727647868,4.951856946354883,0.4166666666666667,5.502063273727648,12.379642365887207,0.4444444444444444,0.4444444444444444,3.7138927097661623,2.200825309491059,1.9257221458046767,16.09353507565337,0.4126547455295736,0.5333333333333333,0.6153846153846154,0.975,0.7142857142857143,0.5391650793650793,0.5952380952380952,0.6285714285714286,0.5502063273727648,0.8253094910591472,0.16666666666666666,0.1375515818431912,0.011111111111111112,19.38650306748466
"Kevin Huerter","CHI",13,343,744,25.134408602150536,6.586021505376344,9.946236559139784,0.6621621621621622,2.8225806451612905,8.736559139784946,0.3230769230769231,0.3230769230769231,3.4946236559139785,8.870967741935484,4.301075268817204,8.46774193548387,0,0.673469387755102,0.75,1,0.4676258992805755,0.5790838129496403,0.579136690647482,0.6151315789473685,1.3440860215053763,0.9408602150537635,0.0945945945945946,0,0,20.76830732292917
"Jusuf Nurkić","UTA",14,342,742,14.016172506738544,4.716981132075472,9.973045822102426,0.47297297297297297,0.5390835579514824,3.3692722371967654,0.16,0.16,2.964959568733154,5.121293800539084,4.3126684636118595,1.6172506738544474,0,0.5428571428571428,0.76,1,0.25252525252525254,0.5082469696969697,0.41414141414141414,0.4482758620689655,2.6954177897574123,1.2129380053908356,0.12162162162162163,0.1347708894878706,0.04,18.045977011494255
"Kel'el Ware","MIA",14,342,746,21.0455764075067,6.434316353887399,10.455764075067025,0.6153846153846154,1.876675603217158,4.825737265415549,0.3888888888888889,0.3888888888888889,2.546916890080429,9.115281501340483,3.753351206434316,5.630026809651475,0,0.7083333333333334,0.9444444444444444,1,0.3157894736842105,0.5828074561403509,0.6052631578947368,0.6330645161290323,3.2171581769436997,0.6702412868632708,0.0641025641025641,0,0,16.466346153846153
"Collin Sexton","CHA",13,342,711,28.41068917018284,6.1884669479606185,12.236286919831224,0.5057471264367817,2.9535864978902953,7.032348804500703,0.42,0.42,7.172995780590718,5.063291139240507,7.313642756680731,6.751054852320675,2.109704641350211,0.4090909090909091,0.4186046511627907,0.7619047619047619,0.36496350364963503,0.5400773722627737,0.551094890510949,0.6134969325153374,0.2812939521800281,1.4064697609001406,0.11494252873563218,0,0,24.721878862793574
"Naz Reid","MIN",14,338,707,24.328147100424328,5.516265912305516,9.75954738330976,0.5652173913043478,3.818953323903819,10.608203677510609,0.36,0.36,1.8387553041018387,5.657708628005658,5.374823196605375,10.183875530410184,1.272984441301273,0.5128205128205128,0.5714285714285714,0.8888888888888888,0.5208333333333334,0.5347346153846154,0.5520833333333334,0.5620915032679739,1.1315417256011315,1.272984441301273,0.13043478260869565,0,0,21.375921375921376
"Marcus Smart","LAL",12,338,713,16.40953716690042,3.3660589060308554,5.049088359046284,0.6666666666666666,1.8232819074333801,7.854137447405329,0.23214285714285715,0.23214285714285715,4.207573632538569,3.3660589060308554,3.3660589060308554,4.207573632538569,1.262272089761571,0.5,0.5217391304347826,0.7692307692307693,0.6086956521739131,0.545104347826087,0.47282608695652173,0.5467289719626168,0.2805049088359046,0.1402524544179523,0.027777777777777776,0.1402524544179523,0.017857142857142856,16.729559748427672
"Jarrett Allen","CLE",13,335,728,27.335164835164836,10.302197802197803,17.032967032967033,0.6048387096774194,0,0.5494505494505495,0,0,6.730769230769231,16.483516483516482,4.1208791208791204,0,0,0.8,0.9090909090909091,0,0.03125,0.5508171875,0.5859375,0.629746835443038,2.4725274725274726,2.0604395604395602,0.12096774193548387,0,0,21.46282973621103
"Aaron Nesmith","IND",11,335,695,24.46043165467626,3.3093525179856114,9.20863309352518,0.359375,4.460431654676259,11.942446043165468,0.37349397590361444,0.37349397590361444,4.460431654676259,5.467625899280575,1.1510791366906474,12.517985611510792,0.8633093525179856,0.8260869565217391,0.8260869565217391,0.9354838709677419,0.564625850340136,0.5310017006802721,0.47278911564625853,0.5185185185185185,0,1.1510791366906474,0.125,0.28776978417266186,0.024096385542168676,20.581113801452783
"Keldon Johnson","SAS",14,331,681,23.788546255506606,8.516886930983848,12.62848751835536,0.6744186046511628,1.1747430249632893,4.845814977973569,0.24242424242424243,0.24242424242424243,3.2305433186490453,9.397944199706314,7.63582966226138,3.0837004405286343,0.44052863436123346,0.5517241379310345,0.6808510638297872,0.875,0.2773109243697479,0.622531512605042,0.5882352941176471,0.6183206106870229,3.2305433186490453,1.908957415565345,0.1511627906976744,0.14684287812041116,0.030303030303030304,17.99746514575412
"Isaac Okoro","CHI",13,330,688,14.680232558139535,3.197674418604651,6.25,0.5116279069767442,2.0348837209302326,5.6686046511627906,0.358974358974359,0.358974358974359,2.1802325581395348,4.3604651162790695,2.0348837209302326,6.104651162790698,0,0.6818181818181818,0.75,1,0.47560975609756095,0.6185371951219513,0.524390243902439,0.5611111111111111,0.5813953488372093,1.308139534883721,0.20930232558139536,0,0,13.583441138421733
"D'Angelo Russell","DAL",15,330,694,25.792507204610953,6.484149855907781,12.680115273775217,0.5113636363636364,2.4495677233429394,10.806916426512968,0.22666666666666666,0.22666666666666666,5.475504322766571,4.322766570605188,8.645533141210375,6.051873198847262,1.2968299711815563,0.3333333333333333,0.3409090909090909,0.8235294117647058,0.4601226993865031,0.5017815950920246,0.4325153374233129,0.4734042553191489,0.2881844380403458,0.4322766570605187,0.03409090909090909,0,0,28.8860103626943
"Tre Jones","CHI",11,329,705,20.70921985815603,5.957446808510638,11.347517730496454,0.525,0.851063829787234,2.4113475177304964,0.35294117647058826,0.35294117647058826,6.24113475177305,4.822695035460993,7.092198581560283,2.5531914893617023,0,0.40476190476190477,0.4358974358974359,1,0.17525773195876287,0.5961711340206186,0.5257731958762887,0.5934959349593496,0.851063829787234,1.8439716312056738,0.1625,0,0,17.581047381546135
"Chet Holmgren","OKC",11,328,680,32.205882352941174,8.676470588235293,12.5,0.6941176470588235,2.7941176470588234,6.911764705882353,0.40425531914893614,0.40425531914893614,6.470588235294118,11.764705882352942,5.588235294117647,7.5,0.8823529411764706,0.6779661016949152,0.7547169811320755,0.8947368421052632,0.3560606060606061,0.5432575757575757,0.6628787878787878,0.7019230769230769,1.7647058823529411,1.1764705882352942,0.09411764705882353,0.14705882352941177,0.02127659574468085,23.346303501945524
"Tre Johnson","WAS",13,327,709,21.156558533145276,4.372355430183357,9.16784203102962,0.47692307692307695,3.5260930888575457,9.449929478138223,0.373134328358209,0.373134328358209,1.8335684062059239,3.1029619181946404,5.6417489421720735,8.46262341325811,2.1156558533145273,0.3548387096774194,0.36666666666666664,0.8,0.5075757575757576,0.5025666666666667,0.5189393939393939,0.5434782608695652,0.2820874471086037,0.14104372355430184,0.015384615384615385,0,0,20.050761421319798
"Mark Williams","PHX",13,326,686,22.157434402332363,8.892128279883382,14.139941690962099,0.6288659793814433,0,0,0,0,4.373177842565598,13.411078717201166,4.373177842565598,0,0,0.7540983606557377,0.9387755102040817,0,0,0.5531432989690721,0.6288659793814433,0.6608695652173913,3.498542274052478,1.3119533527696794,0.09278350515463918,0,0,16.116751269035532
"Christian Braun","DEN",11,325,679,18.40942562592047,6.185567010309279,10.1620029455081,0.6086956521739131,0.8836524300441826,4.123711340206185,0.21428571428571427,0.21428571428571427,3.3873343151693667,9.425625920471282,2.9455081001472756,2.6509572901325478,0,0.7619047619047619,0.8648648648648649,1,0.28865979381443296,0.5776206185567011,0.5257731958762887,0.5681818181818182,1.4727540500736378,0.8836524300441826,0.08695652173913043,0,0,15.95881595881596
"Derrick Jones Jr.","LAC",13,324,658,20.66869300911854,5.015197568389058,6.990881458966565,0.717391304347826,2.43161094224924,6.990881458966565,0.34782608695652173,0.34782608695652173,3.3434650455927053,7.2948328267477205,2.735562310030395,7.2948328267477205,0,0.7272727272727273,0.8888888888888888,1,0.5,0.5663766304347826,0.6195652173913043,0.6666666666666666,1.8237082066869301,0.9118541033434651,0.13043478260869565,0,0,15.217391304347826
"Sam Hauser","BOS",15,323,661,14.97730711043873,0.45385779122541603,1.966717095310136,0.23076923076923078,4.53857791225416,13.61573373676248,0.3333333333333333,0.3333333333333333,0.45385779122541603,0.9077155824508321,0,12.254160363086234,1.361573373676248,1,1,0.9,0.8737864077669902,0.5251830097087379,0.46601941747572817,0.4714285714285714,0,0,0,0.15128593040847202,0.011111111111111112,14.99348109517601
"Moussa Diabaté","CHA",14,319,649,22.18798151001541,8.166409861325116,12.01848998459168,0.6794871794871795,0,0,0,0,5.855161787365177,11.093990755007704,5.238828967642527,0,0,0.6792452830188679,0.8780487804878049,0,0,0.5900038461538462,0.6794871794871795,0.7058823529411765,3.6979969183359014,0.9244992295839753,0.07692307692307693,0,0,14.637305699481866
"Derik Queen","NOP",14,316,649,22.34206471494607,8.166409861325116,16.178736517719567,0.5047619047619047,0.15408320493066255,1.5408320493066257,0.1,0.1,5.546995377503852,6.779661016949152,9.553158705701078,0,0.4622496147919877,0.41509433962264153,0.5,0,0.08695652173913043,0.5280865217391305,0.47391304347826085,0.5291970802919708,2.773497688751926,1.2326656394453004,0.0761904761904762,0,0,22.68456375838926
"Ausar Thompson","DET",11,314,638,22.727272727272727,8.934169278996865,16.771159874608152,0.5327102803738317,0.6269592476489029,2.0376175548589344,0.3076923076923077,0.3076923076923077,2.9780564263322886,9.717868338557993,8.150470219435737,1.8808777429467085,0,0.543859649122807,0.5961538461538461,1,0.10833333333333334,0.5423383333333334,0.525,0.5291970802919708,1.567398119122257,0.7836990595611285,0.04672897196261682,0,0,20.268456375838927
"Bobby Portis","MIL",15,313,643,22.70606531881804,5.909797822706065,11.975116640746501,0.4935064935064935,3.1104199066874028,7.309486780715397,0.425531914893617,0.425531914893617,1.5552099533437014,9.331259720062208,2.488335925349922,9.331259720062208,0,0.7894736842105263,0.8571428571428571,1,0.3790322580645161,0.5126145161290323,0.5483870967741935,0.5572519083969466,0.9331259720062208,1.088646967340591,0.09090909090909091,0,0,20.467032967032967
"Dean Wade","CLE",14,312,654,11.773700305810397,1.529051987767584,2.7522935779816513,0.5555555555555556,2.4464831804281344,7.6452599388379205,0.32,0.32,1.3761467889908257,2.4464831804281344,0.6116207951070336,6.8807339449541285,0.45871559633027525,0.8,0.8888888888888888,0.9375,0.7352941176470589,0.5880757352941177,0.5,0.5273972602739726,0.3058103975535168,0.45871559633027525,0.16666666666666666,0,0,10.266666666666667
"Sam Merrill","CLE",12,311,677,24.667651403249632,1.4771048744460857,2.511078286558346,0.5882352941176471,6.499261447562777,14.623338257016249,0.4444444444444444,0.4444444444444444,2.2156573116691285,2.363367799113737,0.5908419497784343,17.725258493353028,1.7725258493353029,0.8,1,0.9090909090909091,0.853448275862069,0.5500969827586207,0.6551724137931034,0.6747967479674797,0.5908419497784343,0,0,0,0,17.02944942381562
"Tre Mann","CHA",14,308,633,22.432859399684045,5.055292259083728,12.006319115323855,0.42105263157894735,3.4755134281200633,11.374407582938389,0.3055555555555556,0.3055555555555556,1.8957345971563981,2.843601895734597,7.2669826224328595,8.530805687203792,1.8957345971563981,0.28125,0.28125,0.8181818181818182,0.4864864864864865,0.5288823129251701,0.4391891891891892,0.461038961038961,0,0.7898894154818326,0.06578947368421052,0,0,24.133333333333333
"Cameron Johnson","DEN",12,306,635,15.433070866141732,3.4645669291338583,7.086614173228346,0.4888888888888889,2.047244094488189,7.086614173228346,0.28888888888888886,0.28888888888888886,2.3622047244094486,4.409448818897638,2.5196850393700787,5.669291338582677,0.47244094488188976,0.6363636363636364,0.6666666666666666,0.9230769230769231,0.5,0.5723522222222222,0.46111111111111114,0.5,0.31496062992125984,1.1023622047244095,0.15555555555555556,0.15748031496062992,0.022222222222222223,14.227086183310535
"Josh Hart","NYK",12,306,639,17.21439749608764,4.851330203442879,8.450704225352112,0.5740740740740741,1.8779342723004695,5.790297339593114,0.32432432432432434,0.32432432432432434,1.8779342723004695,6.259780907668231,3.4428794992175273,4.694835680751174,0.9389671361502347,0.6451612903225806,0.6451612903225806,0.8333333333333334,0.4065934065934066,0.5741659340659341,0.5384615384615384,0.5670103092783505,0,0.4694835680751174,0.05555555555555555,0.1564945226917058,0.02702702702702703,16.245006657789613
"Pelle Larsson","MIA",14,305,670,21.19402985074627,4.925373134328358,7.313432835820896,0.673469387755102,2.537313432835821,6.567164179104478,0.38636363636363635,0.38636363636363635,3.7313432835820897,5.970149253731344,3.8805970149253732,7.611940298507463,0,0.6060606060606061,0.6451612903225806,1,0.4731182795698925,0.5507720430107527,0.6290322580645161,0.6698113207547169,0.5970149253731343,0.746268656716418,0.10204081632653061,0.14925373134328357,0.022727272727272728,16.84931506849315
"Anthony Edwards","MIN",10,303,644,40.21739130434783,8.540372670807454,16.149068322981368,0.5288461538461539,4.813664596273292,12.422360248447205,0.3875,0.3875,8.695652173913043,6.211180124223603,10.869565217391305,7.919254658385094,6.521739130434782,0.36363636363636365,0.37037037037037035,0.5483870967741935,0.43478260869565216,0.5269304347826087,0.5516304347826086,0.6076555023923444,0.3105590062111801,1.0869565217391304,0.0673076923076923,0,0,31.700680272108844
"Peyton Watson","DEN",13,300,622,13.344051446945338,4.019292604501608,7.877813504823151,0.5102040816326531,0.8038585209003215,3.054662379421222,0.2631578947368421,0.2631578947368421,2.8938906752411575,6.752411575562701,1.2861736334405145,2.4115755627009645,0,0.84,0.9130434782608695,1,0.27941176470588236,0.6017345588235293,0.47794117647058826,0.5253164556962026,0.6430868167202572,0.9646302250803859,0.12244897959183673,0,0,12.994350282485875
"Nikola Jović","MIA",14,299,664,18.52409638554217,3.9156626506024095,7.680722891566265,0.5098039215686274,2.2590361445783134,7.680722891566265,0.29411764705882354,0.29411764705882354,3.9156626506024095,5.120481927710843,2.710843373493976,6.77710843373494,0,0.6538461538461539,0.7391304347826086,1,0.5,0.5471445544554455,0.47549019607843135,0.5256410256410257,0.9036144578313253,0.6024096385542169,0.0784313725490196,0,0,19.18918918918919
"Kris Murray","POR",13,298,636,10.534591194968554,3.30188679245283,5.9748427672955975,0.5526315789473685,1.10062893081761,3.459119496855346,0.3181818181818182,0.3181818181818182,0.6289308176100629,5.031446540880503,1.5723270440251573,3.30188679245283,0,0.7619047619047619,0.8,1,0.36666666666666664,0.5942616666666667,0.525,0.5317460317460317,0.31446540880503143,0.7861635220125787,0.13157894736842105,0,0,9.162303664921467
"Klay Thompson","DAL",14,298,645,20.46511627906977,2.3255813953488373,5.5813953488372094,0.4166666666666667,4.961240310077519,15.968992248062015,0.3106796116504854,0.3106796116504854,0.9302325581395349,4.0310077519379846,0.6201550387596899,13.488372093023257,1.3953488372093024,0.8666666666666667,0.8666666666666667,0.90625,0.7410071942446043,0.5282330935251799,0.45323741007194246,0.45714285714285713,0,0.46511627906976744,0.08333333333333333,0,0,21.08108108108108
"Zaccharie Risacher","ATL",12,297,640,24.21875,6.40625,10.9375,0.5857142857142857,3.125,9.0625,0.3448275862068966,0.3448275862068966,2.03125,9.6875,3.125,8.4375,0.9375,0.7560975609756098,0.8378378378378378,0.9,0.453125,0.586152734375,0.5546875,0.5740740740740741,1.25,0.9375,0.08571428571428572,0,0,20.110957004160888
"Tim Hardaway Jr.","DEN",13,296,624,23.71794871794872,2.5641025641025643,5.769230769230769,0.4444444444444444,5.288461538461538,11.217948717948717,0.4714285714285714,0.4714285714285714,2.7243589743589745,3.8461538461538463,1.2820512820512822,14.903846153846153,0.9615384615384616,0.75,0.8,0.9393939393939394,0.660377358490566,0.5456716981132076,0.6179245283018868,0.6491228070175439,0.32051282051282054,0.32051282051282054,0.05555555555555555,0,0,16.40953716690042
"Tyrese Martin","BKN",14,293,585,17.60683760683761,3.58974358974359,7.35042735042735,0.4883720930232558,3.076923076923077,10.256410256410257,0.3,0.3,1.1965811965811965,3.076923076923077,4.102564102564102,8.717948717948717,0.5128205128205128,0.42857142857142855,0.47368421052631576,0.9444444444444444,0.5825242718446602,0.5393233009708738,0.46601941747572817,0.4858490566037736,0.6837606837606838,0.17094017094017094,0.023255813953488372,0,0,17.54385964912281
"Bruce Brown","DEN",13,292,607,13.179571663920923,3.2948929159802307,7.907742998352553,0.4166666666666667,1.4827018121911038,3.624382207578254,0.4090909090909091,0.4090909090909091,2.1416803953871497,3.9538714991762767,2.6359143327841843,4.448105436573312,0,0.6,0.7058823529411765,1,0.3142857142857143,0.5500635714285714,0.4785714285714286,0.5194805194805194,0.9884678747940692,1.6474464579901154,0.20833333333333334,0,0,12.554112554112555
"Luke Kennard","ATL",13,291,610,16.885245901639344,2.7868852459016393,4.918032786885246,0.5666666666666667,3.1147540983606556,7.213114754098361,0.4318181818181818,0.4318181818181818,1.9672131147540983,3.6065573770491803,1.9672131147540983,9.344262295081966,0,0.6470588235294118,0.7333333333333333,1,0.5945945945945946,0.5550277027027026,0.6148648648648649,0.6392405063291139,0.6557377049180327,0.6557377049180327,0.13333333333333333,0.16393442622950818,0.022727272727272728,13.848396501457726
"Landry Shamet","NYK",13,288,607,21.4168039538715,2.1416803953871497,3.9538714991762767,0.5416666666666666,4.283360790774299,10.378912685337726,0.4126984126984127,0.4126984126984127,4.283360790774299,2.6359143327841843,1.6474464579901154,12.8500823723229,0,0.6153846153846154,0.6666666666666666,1,0.7241379310344828,0.5707413793103449,0.5977011494252874,0.65,0.32948929159802304,0.4942339373970346,0.125,0.16474464579901152,0.015873015873015872,14.950634696755994
"Cam Spencer","MEM",15,285,593,23.102866779089375,2.0236087689713322,4.8903878583473865,0.41379310344827586,5.059021922428331,11.298482293423271,0.44776119402985076,0.44776119402985076,3.87858347386172,2.360876897133221,1.6863406408094435,12.647554806070826,2.5295109612141653,0.5833333333333334,0.5833333333333334,0.8333333333333334,0.6979166666666666,0.5218380208333333,0.59375,0.6296296296296297,0,0.3372681281618887,0.06896551724137931,0,0,17.872968980797637
"Ace Bailey","UTA",14,284,603,20.23217247097844,5.472636815920398,10.779436152570481,0.5076923076923077,2.3217247097844114,7.628524046434494,0.30434782608695654,0.30434782608695654,2.3217247097844114,7.960199004975125,2.985074626865672,5.970149253731344,0.9950248756218906,0.7272727272727273,0.9230769230769231,0.8571428571428571,0.4144144144144144,0.5369581081081081,0.4864864864864865,0.5126050420168067,2.3217247097844114,0.4975124378109453,0.046153846153846156,0,0,19.327731092436977
"Patrick Williams","CHI",13,284,613,16.965742251223492,2.4469820554649266,5.220228384991843,0.46875,3.2626427406199023,7.993474714518761,0.40816326530612246,0.40816326530612246,2.2838499184339316,1.6313213703099512,3.2626427406199023,8.809135399673735,0.9787928221859706,0.3333333333333333,0.38461538461538464,0.9,0.6049382716049383,0.5452314814814815,0.5555555555555556,0.5777777777777777,0.6525285481239804,0.3262642740619902,0.0625,0,0,15.028901734104046
"Jaylon Tyson","CLE",11,284,595,20.50420168067227,3.361344537815126,6.38655462184874,0.5263157894736842,4.033613445378151,8.739495798319327,0.46153846153846156,0.46153846153846156,1.680672268907563,4.369747899159663,2.3529411764705883,12.100840336134453,0,0.65,0.8125,1,0.5777777777777777,0.5771727777777778,0.6222222222222222,0.6421052631578947,1.3445378151260505,0.6722689075630253,0.10526315789473684,0,0,15.164520743919885
"Josh Minott","BOS",14,282,547,19.561243144424132,4.021937842778794,6.946983546617916,0.5789473684210527,2.9250457038391224,7.678244972577697,0.38095238095238093,0.38095238095238093,2.742230347349177,5.484460694698354,2.5594149908592323,8.226691042047532,0.5484460694698354,0.6818181818181818,0.8333333333333334,0.9375,0.525,0.5732700000000001,0.575,0.601123595505618,1.4625228519195612,1.0968921389396709,0.15789473684210525,0,0,14.786585365853659
"Mike Conley","MIN",14,282,592,14.527027027027026,1.1824324324324325,3.3783783783783785,0.35,3.2094594594594597,6.925675675675675,0.4634146341463415,0.4634146341463415,2.5337837837837838,2.027027027027027,0.33783783783783783,8.614864864864865,1.0135135135135136,0.8571428571428571,0.8571428571428571,0.8947368421052632,0.6721311475409836,0.5496852459016394,0.5819672131147541,0.6194029850746269,0,0,0,0,0,12.01780415430267
"Ayo Dosunmu","CHI",11,280,588,29.421768707482993,7.142857142857143,11.73469387755102,0.6086956521739131,3.401360544217687,7.312925170068027,0.46511627906976744,0.46511627906976744,4.931972789115647,6.122448979591836,8.16326530612245,10.204081632653061,0,0.42857142857142855,0.42857142857142855,1,0.38392857142857145,0.5909892857142857,0.6428571428571429,0.688,0,0.8503401360544217,0.07246376811594203,0,0,20.87087087087087
"Ziaire Williams","BKN",12,279,567,21.516754850088184,2.821869488536155,4.585537918871252,0.6153846153846154,3.880070546737213,12.522045855379188,0.30985915492957744,0.30985915492957744,4.232804232804233,3.1746031746031744,2.4691358024691357,11.11111111111111,0.5291005291005291,0.5625,0.6,0.9545454545454546,0.7319587628865979,0.5643190721649485,0.5051546391752577,0.5648148148148148,0.3527336860670194,0.5291005291005291,0.11538461538461539,0.1763668430335097,0.014084507042253521,18.18181818181818
"Isaiah Stewart","DET",12,276,563,23.623445825932503,6.216696269982238,11.190053285968029,0.5555555555555556,2.4866785079928952,6.394316163410302,0.3888888888888889,0.3888888888888889,3.730017761989343,9.591474245115453,2.841918294849023,7.460035523978686,0,0.7714285714285715,0.9642857142857143,1,0.36363636363636365,0.5493161616161616,0.5656565656565656,0.5990990990990991,2.4866785079928952,0.7104795737122558,0.06349206349206349,0,0,19.171779141104295
"Lonzo Ball","CLE",12,276,608,12.5,0.9868421052631579,2.3026315789473686,0.42857142857142855,3.125,9.703947368421053,0.3220338983050847,0.3220338983050847,1.1513157894736843,0.6578947368421053,1.3157894736842106,6.907894736842105,2.4671052631578947,0.3333333333333333,0.4,0.7368421052631579,0.8082191780821918,0.5638184931506849,0.4726027397260274,0.4935064935064935,0.32894736842105265,0.32894736842105265,0.14285714285714285,0.16447368421052633,0.01694915254237288,14.89971346704871
"Reed Sheppard","HOU",12,275,569,26.537785588752197,4.042179261862917,7.9086115992970125,0.5111111111111111,5.799648506151143,12.126537785588752,0.4782608695652174,0.4782608695652174,1.054481546572935,2.81195079086116,5.272407732864675,13.181019332161688,4.21792618629174,0.34782608695652173,0.34782608695652173,0.7575757575757576,0.6052631578947368,0.5133521929824562,0.6359649122807017,0.6452991452991453,0,0.351493848857645,0.044444444444444446,0.1757469244288225,0.014492753623188406,19.526627218934912
"Andre Drummond","PHI",12,274,549,18.579234972677597,6.0109289617486334,9.289617486338798,0.6470588235294118,1.2750455373406193,2.914389799635701,0.4375,0.4375,2.73224043715847,6.557377049180328,5.46448087431694,3.8251366120218577,0,0.5454545454545454,0.9,1,0.23880597014925373,0.5927865671641791,0.6492537313432836,0.6538461538461539,4.735883424408015,0.546448087431694,0.058823529411764705,0,0,13.178294573643411
"Cole Anthony","MIL",14,274,572,21.503496503496503,7.1678321678321675,15.20979020979021,0.47126436781609193,1.9230769230769231,6.468531468531468,0.2972972972972973,0.2972972972972973,1.3986013986013985,2.797202797202797,11.538461538461538,3.6713286713286712,2.097902097902098,0.1951219512195122,0.1951219512195122,0.6363636363636364,0.29838709677419356,0.4999193548387097,0.4637096774193548,0.47307692307692306,0,0.5244755244755245,0.034482758620689655,0,0,24.57496136012365
"Luguentz Dort","OKC",9,273,550,12.727272727272727,2,4.181818181818182,0.4782608695652174,2.1818181818181817,8,0.2727272727272727,0.2727272727272727,2.1818181818181817,2.1818181818181817,1.8181818181818181,6.545454545454546,0,0.5454545454545454,0.6,1,0.6567164179104478,0.5740708955223881,0.43283582089552236,0.4794520547945205,0.36363636363636365,0.5454545454545454,0.13043478260869565,0,0,12.53968253968254
"Brandon Williams","DAL",13,272,584,24.315068493150687,7.705479452054795,14.383561643835616,0.5357142857142857,0.8561643835616438,5.308219178082192,0.16129032258064516,0.16129032258064516,6.335616438356165,4.794520547945205,10.616438356164384,2.5684931506849313,0,0.3111111111111111,0.3181818181818182,1,0.26956521739130435,0.5592313043478261,0.45652173913043476,0.5182481751824818,0.3424657534246575,1.5410958904109588,0.10714285714285714,0.17123287671232876,0.03225806451612903,24.210526315789473
"Josh Okogie","HOU",12,271,536,17.91044776119403,2.798507462686567,5.223880597014926,0.5357142857142857,2.985074626865672,6.529850746268656,0.45714285714285713,0.45714285714285713,3.3582089552238807,2.985074626865672,2.611940298507463,8.955223880597014,0,0.5333333333333333,0.6666666666666666,1,0.5555555555555556,0.6061269841269842,0.6190476190476191,0.6486486486486487,1.1194029850746268,0.746268656716418,0.14285714285714285,0,0,12.695924764890282
"Egor Dëmin","BKN",13,269,547,17.550274223034734,1.4625228519195612,4.021937842778794,0.36363636363636365,4.387568555758683,11.517367458866545,0.38095238095238093,0.38095238095238093,1.4625228519195612,1.4625228519195612,1.4625228519195612,10.420475319926874,2.742230347349177,0.5,0.5,0.7916666666666666,0.7411764705882353,0.5376217647058824,0.5176470588235295,0.5393258426966292,0,0.5484460694698354,0.13636363636363635,0,0,17.61904761904762
"Isaiah Jackson","IND",14,268,563,21.492007104795736,8.348134991119005,14.38721136767318,0.5802469135802469,0,0,0,0,4.7957371225577266,9.591474245115453,7.104795737122558,0,0,0.574468085106383,0.8181818181818182,0,0,0.5762185185185185,0.5802469135802469,0.6302083333333334,4.9733570159857905,0.3552397868561279,0.024691358024691357,0,0,16.766467065868266
"Buddy Hield","GSW",16,267,568,18.661971830985916,3.5211267605633805,5.809859154929577,0.6060606060606061,3.1690140845070425,10.035211267605634,0.3157894736842105,0.3157894736842105,2.112676056338028,4.577464788732394,2.464788732394366,8.450704225352112,1.056338028169014,0.65,0.65,0.8888888888888888,0.6333333333333333,0.5441094444444444,0.5222222222222223,0.5526315789473685,0,0.352112676056338,0.06060606060606061,0.352112676056338,0.03508771929824561,17.370892018779344
"Malik Monk","SAC",11,267,573,25.130890052356023,5.2356020942408374,11.169284467713787,0.46875,3.8394415357766145,8.726003490401396,0.44,0.44,3.141361256544503,5.2356020942408374,5.2356020942408374,9.424083769633508,2.094240837696335,0.5,0.5,0.8181818181818182,0.43859649122807015,0.5120478070175438,0.5526315789473685,0.5806451612903226,0,1.0471204188481675,0.09375,0,0,21.360759493670884
"Miles McBride","NYK",11,267,554,19.855595667870038,2.888086642599278,6.67870036101083,0.43243243243243246,4.332129963898917,11.191335740072201,0.3870967741935484,0.3870967741935484,1.0830324909747293,2.1660649819494586,3.6101083032490973,10.830324909747292,2.1660649819494586,0.375,0.4,0.8333333333333334,0.6262626262626263,0.5487378787878787,0.5252525252525253,0.5339805825242718,0.36101083032490977,0.5415162454873647,0.08108108108108109,0,0,17.151607963246555
"Simone Fontecchio","MIA",14,266,585,27.521367521367523,2.735042735042735,5.641025641025641,0.48484848484848486,6.3247863247863245,12.649572649572649,0.5,0.5,3.076923076923077,4.444444444444445,1.0256410256410255,18.46153846153846,0.5128205128205128,0.8125,0.8666666666666667,0.972972972972973,0.6915887850467289,0.5625915887850467,0.6682242990654206,0.7079646017699115,0.3418803418803419,1.0256410256410255,0.18181818181818182,0,0,18.76876876876877
"Jaylin Williams","OKC",14,266,559,12.522361359570661,1.2522361359570662,1.6100178890876566,0.7777777777777778,3.041144901610018,11.449016100178891,0.265625,0.265625,0.8944543828264758,2.5044722719141324,0,9.123434704830053,0,1,1,1,0.8767123287671232,0.5534027397260274,0.4452054794520548,0.4605263157894737,0,0,0,0,0,14.634146341463413
"Dillon Brooks","PHX",9,265,554,33.935018050541515,8.12274368231047,14.07942238267148,0.5769230769230769,3.9711191335740073,12.274368231046932,0.3235294117647059,0.3235294117647059,5.776173285198556,5.415162454873646,10.830324909747292,10.288808664259928,1.6245487364620939,0.3333333333333333,0.3488372093023256,0.8636363636363636,0.4657534246575342,0.5337565068493151,0.5342465753424658,0.5838509316770186,0.7220216606498195,0.5415162454873647,0.038461538461538464,0.36101083032490977,0.029411764705882353,28.081123244929795
"Keon Ellis","SAC",14,262,559,17.71019677996422,1.7889087656529516,3.7567084078711988,0.47619047619047616,4.293381037567084,9.66010733452594,0.4444444444444444,0.4444444444444444,1.2522361359570662,2.146690518783542,1.4311270125223614,12.343470483005367,0.5366726296958855,0.6,0.6,0.9583333333333334,0.72,0.5462633333333333,0.6133333333333333,0.61875,0,0,0,0,0,13.64365971107544
"Craig Porter Jr.","CLE",15,259,545,16.146788990825687,4.220183486238532,7.155963302752293,0.5897435897435898,2.2018348623853212,4.954128440366972,0.4444444444444444,0.4444444444444444,1.1009174311926606,4.036697247706422,4.4036697247706424,4.954128440366972,1.651376146788991,0.4782608695652174,0.5238095238095238,0.75,0.4090909090909091,0.5739378787878788,0.6212121212121212,0.6197183098591549,0.7339449541284404,0.1834862385321101,0.02564102564102564,0,0,13.375796178343949
"Isaiah Joe","OKC",10,258,546,26.923076923076923,2.0146520146520146,3.663003663003663,0.55,6.227106227106227,15.384615384615385,0.40476190476190477,0.40476190476190477,4.212454212454213,3.663003663003663,0.3663003663003663,17.582417582417584,1.098901098901099,0.9090909090909091,1,0.9411764705882353,0.8076923076923077,0.5436274038461538,0.5961538461538461,0.6336206896551724,0.3663003663003663,0.3663003663003663,0.1,0.3663003663003663,0.023809523809523808,20.717781402936378
"Kyle Filipowski","UTA",13,258,537,18.808193668528865,4.4692737430167595,9.31098696461825,0.48,2.0484171322160147,6.517690875232774,0.3142857142857143,0.3142857142857143,3.7243947858473,6.70391061452514,2.2346368715083798,6.145251396648045,0,0.75,0.8181818181818182,1,0.4117647058823529,0.5116505882352941,0.4764705882352941,0.5153061224489796,0.74487895716946,1.48975791433892,0.16,0.186219739292365,0.02857142857142857,18.037974683544302
"Jose Alvarado","NOP",13,258,524,18.893129770992367,2.6717557251908395,5.7251908396946565,0.4666666666666667,3.816793893129771,9.732824427480915,0.39215686274509803,0.39215686274509803,2.099236641221374,1.9083969465648856,3.435114503816794,5.7251908396946565,5.7251908396946565,0.35714285714285715,0.38461538461538464,0.5,0.6296296296296297,0.5161086419753086,0.5432098765432098,0.5689655172413793,0.3816793893129771,0.5725190839694656,0.1,0.5725190839694656,0.058823529411764705,16.833333333333332
"Jarred Vanderbilt","LAL",14,257,533,12.007504690431519,3.377110694183865,6.75422138836773,0.5,0.7504690431519699,2.626641651031895,0.2857142857142857,0.2857142857142857,3.0018761726078798,3.75234521575985,3.0018761726078798,2.25140712945591,0,0.5555555555555556,0.625,1,0.28,0.622881,0.48,0.5423728813559322,0.7504690431519699,1.5009380863039399,0.2222222222222222,0,0,13.213703099510603
"Tari Eason","HOU",11,255,528,23.863636363636363,3.787878787878788,7.954545454545454,0.47619047619047616,5.113636363636363,10.037878787878787,0.5094339622641509,0.5094339622641509,0.946969696969697,2.272727272727273,5.303030303030303,14.772727272727273,0.5681818181818182,0.3,0.4,0.9629629629629629,0.5578947368421052,0.5673351063829788,0.6368421052631579,0.6428571428571429,1.893939393939394,0.946969696969697,0.11904761904761904,0,0,18.425196850393704
"LaMelo Ball","CHA",8,255,552,31.884057971014492,6.702898550724638,13.58695652173913,0.49333333333333335,4.166666666666667,13.22463768115942,0.3150684931506849,0.3150684931506849,5.978260869565218,1.4492753623188406,11.956521739130435,9.23913043478261,3.260869565217391,0.10810810810810811,0.12903225806451613,0.7391304347826086,0.49324324324324326,0.5151868243243243,0.4831081081081081,0.5303030303030303,2.1739130434782608,1.2681159420289856,0.09333333333333334,0,0,30.476190476190478
"Jakob Poeltl","TOR",10,254,537,21.042830540037244,8.752327746741155,12.104283054003725,0.7230769230769231,0,0,0,0,3.538175046554935,14.8975791433892,2.60707635009311,0,0,0.851063829787234,1,0,0,0.6084938461538462,0.7230769230769231,0.6890243902439024,2.60707635009311,0.74487895716946,0.06153846153846154,0,0,15.384615384615383
"Jamal Shead","TOR",14,253,534,16.292134831460675,2.4344569288389515,5.430711610486892,0.4482758620689655,2.9962546816479403,7.116104868913857,0.42105263157894735,0.42105263157894735,2.4344569288389515,1.4981273408239701,3.3707865168539324,7.303370786516854,1.6853932584269662,0.3076923076923077,0.3076923076923077,0.8125,0.5671641791044776,0.5543179104477611,0.5522388059701493,0.5878378378378378,0,1.1235955056179776,0.20689655172413793,0,0,14.983713355048861
"Mouhamed Gueye","ATL",15,253,529,18.525519848771268,5.671077504725898,8.128544423440454,0.6976744186046512,2.0793950850661624,7.3724007561436675,0.28205128205128205,0.28205128205128205,0.945179584120983,9.829867674858223,1.5122873345935728,6.238185255198488,0,0.8666666666666667,1,1,0.47560975609756095,0.5799896341463415,0.5670731707317073,0.5764705882352941,1.5122873345935728,0.1890359168241966,0.023255813953488372,0,0,16.554054054054053
"Jalen Suggs","ORL",11,253,541,25.508317929759706,5.175600739371534,6.839186691312385,0.7567567567567568,3.3271719038817005,9.611829944547136,0.34615384615384615,0.34615384615384615,5.175600739371534,3.6968576709796674,6.654343807763401,8.317929759704251,1.6635859519408502,0.35714285714285715,0.38461538461538464,0.8333333333333334,0.5842696629213483,0.5572275280898876,0.6179775280898876,0.6601941747572816,0.7393715341959335,0.18484288354898337,0.02702702702702703,0.18484288354898337,0.019230769230769232,21.93548387096774
"Will Richard","GSW",14,252,544,23.529411764705884,4.779411764705882,6.0661764705882355,0.7878787878787878,3.4926470588235294,8.272058823529411,0.4222222222222222,0.4222222222222222,3.4926470588235294,6.25,3.3088235294117645,9.926470588235293,0.5514705882352942,0.6538461538461539,0.8947368421052632,0.9473684210526315,0.5769230769230769,0.5640544871794873,0.6987179487179487,0.7191011235955056,2.573529411764706,0.5514705882352942,0.09090909090909091,0,0,15.92356687898089
"Nicolas Batum","LAC",14,250,502,11.752988047808765,0.398406374501992,0.9960159362549801,0.4,3.3864541832669324,10.358565737051793,0.3269230769230769,0.3269230769230769,0.796812749003984,0.398406374501992,0.398406374501992,10.159362549800797,0,0.5,0.5,1,0.9122807017543859,0.5437070175438596,0.4824561403508772,0.5,0,0,0,0.199203187250996,0.019230769230769232,11.858407079646017
"Dalton Knecht","LAL",14,249,517,19.148936170212767,4.6421663442940035,7.350096711798839,0.631578947368421,2.9013539651837523,8.897485493230175,0.32608695652173914,0.32608695652173914,1.1605415860735009,5.802707930367505,3.481624758220503,8.123791102514506,0.5802707930367504,0.625,0.6818181818181818,0.9333333333333333,0.5476190476190477,0.5309119047619048,0.5535714285714286,0.5625,0.7736943907156673,0.5802707930367504,0.07894736842105263,0.19342359767891681,0.021739130434782608,16.49484536082474
"Goga Bitadze","ORL",15,249,514,17.315175097276263,6.031128404669261,7.782101167315175,0.775,0.38910505836575876,1.1673151750972763,0.3333333333333333,0.3333333333333333,4.085603112840467,7.782101167315175,4.280155642023346,1.1673151750972763,0,0.6451612903225806,0.9523809523809523,1,0.13043478260869565,0.5956782608695652,0.7391304347826086,0.7416666666666667,3.8910505836575875,0.38910505836575876,0.05,0,0,11.16751269035533
"Aaron Wiggins","OKC",9,248,519,25.626204238921,5.009633911368016,9.826589595375722,0.5098039215686274,4.8169556840077075,11.560693641618498,0.4166666666666667,0.4166666666666667,1.1560693641618498,6.165703275529865,3.8535645472061657,13.294797687861271,1.1560693641618498,0.6153846153846154,0.6666666666666666,0.92,0.5405405405405406,0.5667157657657658,0.5720720720720721,0.5782608695652174,0.7707129094412332,0.7707129094412332,0.0784313725490196,0,0,21.05263157894737
"Khris Middleton","WAS",10,248,524,18.893129770992367,5.534351145038168,9.923664122137405,0.5576923076923077,1.717557251908397,5.343511450381679,0.32142857142857145,0.32142857142857145,2.6717557251908395,6.106870229007634,4.961832061068702,4.00763358778626,1.1450381679389312,0.5517241379310345,0.5925925925925926,0.7777777777777778,0.35,0.5111975,0.53125,0.5568181818181818,0.7633587786259542,0.9541984732824428,0.09615384615384616,0,0,17.36930860033727
"Corey Kispert","WAS",13,247,542,19.18819188191882,3.321033210332103,4.612546125461255,0.72,3.321033210332103,8.671586715867159,0.3829787234042553,0.3829787234042553,2.5830258302583027,4.797047970479705,1.845018450184502,9.409594095940959,0.5535055350553506,0.7222222222222222,0.7647058823529411,0.9444444444444444,0.6527777777777778,0.5527430555555556,0.625,0.6582278481012658,0.36900369003690037,0.5535055350553506,0.12,0.18450184501845018,0.02127659574468085,14.521452145214523
"Vít Krejčí","ATL",11,247,505,23.762376237623762,2.5742574257425743,3.9603960396039604,0.65,5.742574257425742,12.277227722772277,0.46774193548387094,0.46774193548387094,1.386138613861386,3.9603960396039604,1.188118811881188,16.03960396039604,1.188118811881188,0.7692307692307693,0.7692307692307693,0.9310344827586207,0.7560975609756098,0.543370731707317,0.6890243902439024,0.6976744186046512,0,0.594059405940594,0.15,0,0,16.291161178509533
"Al Horford","GSW",11,243,508,12.401574803149606,1.3779527559055118,3.7401574803149606,0.3684210526315789,2.952755905511811,9.251968503937007,0.3191489361702128,0.3191489361702128,0.7874015748031497,1.968503937007874,0.7874015748031497,8.858267716535433,0,0.7142857142857143,0.7142857142857143,1,0.7121212121212122,0.527340909090909,0.44696969696969696,0.4632352941176471,0,0.5905511811023622,0.15789473684210525,0,0,14.510489510489512
"Bam Adebayo","MIA",8,243,531,29.943502824858758,7.532956685499058,14.500941619585687,0.5194805194805194,3.0131826741996233,8.851224105461393,0.3404255319148936,0.3404255319148936,5.83804143126177,10.922787193973635,4.143126177024482,9.03954802259887,0,0.725,0.7435897435897436,1,0.3790322580645161,0.5394282258064516,0.5161290322580645,0.5602836879432624,0.3766478342749529,0.9416195856873822,0.06493506493506493,0,0,26.678141135972464
"Steven Adams","HOU",11,239,489,13.701431492842536,5.112474437627812,10.020449897750511,0.5102040816326531,0,0,0,0,3.476482617586912,4.08997955010225,6.134969325153374,0,0,0.4,1,0,0,0.5968326530612246,0.5102040816326531,0.5583333333333333,6.134969325153374,0.40899795501022496,0.04081632653061224,0,0,12.121212121212121
"Oso Ighodaro","PHX",15,236,478,15.271966527196653,6.694560669456067,11.92468619246862,0.5614035087719298,0,0,0,0,1.8828451882845187,10.878661087866108,2.510460251046025,0,0,0.8125,0.8666666666666667,0,0,0.543342105263158,0.5614035087719298,0.5793650793650794,0.8368200836820083,1.4644351464435146,0.12280701754385964,0,0,14.882032667876588
"Gradey Dick","TOR",14,234,506,21.343873517786562,3.3596837944664033,6.324110671936759,0.53125,3.3596837944664033,9.288537549407115,0.3617021276595745,0.3617021276595745,4.545454545454546,5.533596837944664,1.1857707509881423,10.079051383399209,0,0.8235294117647058,0.8235294117647058,1,0.5949367088607594,0.5620632911392405,0.5379746835443038,0.5815217391304348,0,1.1857707509881423,0.1875,0,0,17.017543859649123
"Jordan Clarkson","NYK",13,233,483,28.571428571428573,6.418219461697722,10.973084886128364,0.5849056603773585,3.9337474120082816,10.766045548654244,0.36538461538461536,0.36538461538461536,3.9337474120082816,7.0393374741200825,5.797101449275362,10.559006211180124,1.2422360248447204,0.5483870967741935,0.5862068965517241,0.8947368421052632,0.49523809523809526,0.5622566666666666,0.5666666666666667,0.6052631578947368,0.8281573498964804,0.4140786749482402,0.03773584905660377,0.2070393374741201,0.019230769230769232,22.380106571936057
"Kristaps Porziņģis","ATL",9,232,487,32.03285420944559,7.186858316221766,14.168377823408624,0.5072463768115942,2.8747433264887063,9.240246406570842,0.3111111111111111,0.3111111111111111,9.034907597535934,8.213552361396303,6.160164271047228,8.624229979466119,0,0.5714285714285714,0.6666666666666666,1,0.39473684210526316,0.528055701754386,0.49122807017543857,0.5693430656934306,2.0533880903490758,0.6160164271047228,0.043478260869565216,0,0,26.344086021505376
"Sandro Mamukelashvili","TOR",13,232,501,24.35129740518962,5.9880239520958085,8.982035928143713,0.6666666666666666,2.7944111776447107,6.187624750499002,0.45161290322580644,0.45161290322580644,3.992015968063872,8.383233532934131,3.592814371257485,8.383233532934131,0,0.7,0.75,1,0.40789473684210525,0.6047072368421053,0.6710526315789473,0.7011494252873564,0.7984031936127745,0.5988023952095808,0.06666666666666667,0,0,17.584369449378332
"Dru Smith","MIA",14,232,511,17.22113502935421,3.9138943248532287,7.045009784735812,0.5555555555555556,2.3483365949119372,6.066536203522505,0.3870967741935484,0.3870967741935484,2.3483365949119372,3.9138943248532287,3.9138943248532287,6.457925636007828,0.5870841487279843,0.5,0.5882352941176471,0.9166666666666666,0.4626865671641791,0.5423194029850746,0.5671641791044776,0.5958904109589042,1.1741682974559686,1.36986301369863,0.19444444444444445,0,0,14.604810996563574
"Quinten Post","GSW",16,227,452,18.805309734513273,2.8761061946902653,4.424778761061947,0.65,3.982300884955752,11.504424778761061,0.34615384615384615,0.34615384615384615,1.1061946902654867,3.0973451327433628,2.6548672566371683,11.946902654867257,0,0.5384615384615384,0.7,1,0.7222222222222222,0.5492284722222222,0.5555555555555556,0.5666666666666667,1.3274336283185841,0.22123893805309736,0.05,0.22123893805309736,0.019230769230769232,16.40625
"Cam Thomas","BKN",8,226,465,36.55913978494624,7.956989247311828,18.70967741935484,0.42528735632183906,3.4408602150537635,9.46236559139785,0.36363636363636365,0.36363636363636365,10.32258064516129,6.881720430107527,9.03225806451613,5.806451612903226,4.516129032258065,0.43243243243243246,0.4444444444444444,0.5625,0.33587786259541985,0.4903015267175573,0.46564885496183206,0.5487012987012987,0.43010752688172044,1.2903225806451613,0.06896551724137931,0,0,31.835205992509366
"Keaton Wallace","ATL",14,222,455,14.945054945054945,2.197802197802198,5.054945054945055,0.43478260869565216,3.2967032967032965,7.6923076923076925,0.42857142857142855,0.42857142857142855,0.6593406593406593,0.8791208791208791,3.5164835164835164,7.912087912087912,1.978021978021978,0.2,0.2,0.8,0.603448275862069,0.5010758620689655,0.5603448275862069,0.5573770491803278,0,0.6593406593406593,0.13043478260869565,0,0,14.341846758349705
"Cam Whitmore","WAS",13,221,476,24.369747899159663,7.142857142857143,13.655462184873949,0.5230769230769231,2.310924369747899,7.142857142857143,0.3235294117647059,0.3235294117647059,3.1512605042016806,7.983193277310924,6.302521008403361,3.7815126050420167,3.1512605042016806,0.5588235294117647,0.6129032258064516,0.5454545454545454,0.3434343434343434,0.5587005050505051,0.51010101010101,0.5420560747663551,1.2605042016806722,2.310924369747899,0.16923076923076924,0,0,22.5140712945591
"Collin Murray-Boyles","TOR",11,220,446,20.85201793721973,5.605381165919282,11.210762331838565,0.5,2.0179372197309418,4.0358744394618835,0.5,0.5,3.587443946188341,8.52017937219731,2.690582959641256,6.053811659192825,0,0.76,0.8636363636363636,1,0.2647058823529412,0.5993330882352941,0.5661764705882353,0.5961538461538461,1.345291479820628,0.4484304932735426,0.04,0,0,17.964071856287426
"Daniss Jenkins","DET",10,219,463,25.48596112311015,7.34341252699784,14.254859611231101,0.5151515151515151,2.8077753779697625,6.263498920086393,0.4482758620689655,0.4482758620689655,2.375809935205184,3.8876889848812093,10.799136069114471,8.423326133909287,0,0.2647058823529412,0.28125,1,0.30526315789473685,0.5015234042553192,0.5631578947368421,0.5728155339805825,0.8639308855291576,1.511879049676026,0.10606060606060606,0,0,21.755027422303474
"Trendon Watford","PHI",10,213,448,19.866071428571427,6.696428571428571,11.830357142857142,0.5660377358490566,1.1160714285714286,2.6785714285714284,0.4166666666666667,0.4166666666666667,3.125,7.142857142857143,6.25,3.3482142857142856,0,0.5333333333333333,0.5925925925925926,1,0.18461538461538463,0.5452276923076923,0.5769230769230769,0.6180555555555556,1.3392857142857142,1.5625,0.1320754716981132,0,0,16.475095785440615
"Brook Lopez","LAC",14,213,422,22.03791469194313,3.3175355450236967,5.687203791469194,0.5833333333333334,4.502369668246446,12.796208530805687,0.35185185185185186,0.35185185185185186,1.8957345971563981,4.265402843601896,2.3696682464454977,13.507109004739336,0,0.6428571428571429,0.6428571428571429,1,0.6923076923076923,0.5004442307692307,0.5448717948717948,0.5602409638554217,0,0.23696682464454977,0.041666666666666664,0,0,20.38216560509554
"Jordan Poole","NOP",7,212,445,27.191011235955056,3.3707865168539324,8.98876404494382,0.375,4.49438202247191,13.258426966292134,0.3389830508474576,0.3389830508474576,6.966292134831461,2.696629213483146,4.044943820224719,7.415730337078652,6.067415730337078,0.4,0.42857142857142855,0.55,0.5959595959595959,0.539510101010101,0.45454545454545453,0.5225225225225225,0.449438202247191,2.0224719101123596,0.225,0.2247191011235955,0.01694915254237288,24.137931034482758
"Bogdan Bogdanović","LAC",8,209,407,18.91891891891892,2.9484029484029484,6.142506142506143,0.48,3.43980343980344,10.073710073710073,0.34146341463414637,0.34146341463414637,2.7027027027027026,0.4914004914004914,5.405405405405405,6.6339066339066335,3.6855036855036856,0.08333333333333333,0.08333333333333333,0.6428571428571429,0.6212121212121212,0.5124462121212121,0.5,0.5347222222222222,0,0.2457002457002457,0.04,0.2457002457002457,0.024390243902439025,18.625277161862527
"Jalen Smith","CHI",13,208,444,29.954954954954953,6.081081081081081,10.135135135135135,0.6,4.954954954954955,12.387387387387387,0.4,0.4,2.9279279279279278,8.558558558558559,3.6036036036036037,14.864864864864865,0,0.7037037037037037,0.9047619047619048,1,0.55,0.571782,0.6,0.6214953271028038,2.7027027027027026,0.9009009009009009,0.08888888888888889,0.22522522522522523,0.01818181818181818,23.21083172147002
"Daniel Gafford","DAL",9,207,429,22.377622377622377,8.624708624708624,13.053613053613054,0.6607142857142857,0,0,0,0,5.128205128205129,10.722610722610723,6.526806526806527,0,0,0.6216216216216216,0.8518518518518519,0,0,0.5896821428571428,0.6607142857142857,0.7164179104477612,4.662004662004662,1.6317016317016317,0.125,0,0,15.811088295687885
"Day'Ron Sharpe","BKN",13,206,419,22.195704057279237,7.637231503579952,10.262529832935561,0.7441860465116279,0.7159904534606205,2.863961813842482,0.25,0.25,4.77326968973747,8.1145584725537,7.159904534606206,2.1479713603818618,0,0.53125,0.7083333333333334,1,0.21818181818181817,0.5586954545454546,0.6636363636363637,0.6838235294117647,3.818615751789976,0.477326968973747,0.046511627906976744,0,0,18.940936863543786
"Jordan Goodwin","PHX",12,205,421,19.71496437054632,3.8004750593824226,8.31353919239905,0.45714285714285713,3.5629453681710213,9.026128266033254,0.39473684210526316,0.39473684210526316,1.4251781472684086,3.32541567695962,4.275534441805226,9.263657957244655,1.4251781472684086,0.4375,0.6363636363636364,0.8666666666666667,0.5205479452054794,0.5339876712328767,0.5273972602739726,0.5460526315789473,2.375296912114014,0.4750593824228028,0.05714285714285714,0.2375296912114014,0.02631578947368421,17.693836978131213
"Luka Garza","BOS",14,205,414,24.154589371980677,6.763285024154589,9.903381642512077,0.6829268292682927,1.932367149758454,5.072463768115942,0.38095238095238093,0.38095238095238093,4.830917874396135,7.729468599033816,5.797101449275362,5.797101449275362,0,0.5714285714285714,0.8888888888888888,1,0.3387096774193548,0.5474362903225806,0.6451612903225806,0.684931506849315,4.830917874396135,1.6908212560386473,0.17073170731707318,0,0,16.155419222903888
"Drew Eubanks","SAC",14,205,430,20.697674418604652,8.604651162790697,12.790697674418604,0.6727272727272727,0,0.23255813953488372,0,0,3.488372093023256,15.813953488372093,1.3953488372093024,0,0,0.918918918918919,0.9714285714285714,0,0.017857142857142856,0.5198071428571429,0.6607142857142857,0.6357142857142857,0.9302325581395349,0.23255813953488372,0.01818181818181818,0,0,17.364016736401673
"De'Aaron Fox","SAS",6,204,427,31.850117096018735,8.899297423887587,14.988290398126464,0.59375,3.51288056206089,9.36768149882904,0.375,0.375,3.51288056206089,6.0889929742388755,11.7096018735363,5.620608899297424,4.918032786885246,0.34210526315789475,0.37142857142857144,0.5333333333333333,0.38461538461538464,0.5356798076923077,0.5817307692307693,0.6126126126126126,1.405152224824356,1.17096018735363,0.078125,0,0,28.059071729957804
"Tony Bradley","IND",14,204,418,18.89952153110048,7.894736842105263,13.157894736842104,0.6,0,0.23923444976076555,0,0,3.110047846889952,11.004784688995215,4.784688995215311,0,0,0.696969696969697,0.8846153846153846,0,0.017857142857142856,0.5458142857142857,0.5892857142857143,0.6076923076923076,3.349282296650718,1.674641148325359,0.12727272727272726,0,0,14.229249011857709
"Vince Williams Jr.","MEM",10,203,423,20.33096926713948,3.0732860520094563,6.382978723404255,0.48148148148148145,3.5460992907801416,10.401891252955084,0.3409090909090909,0.3409090909090909,3.5460992907801416,1.8912529550827424,4.25531914893617,8.51063829787234,2.127659574468085,0.3076923076923077,0.3333333333333333,0.8,0.6197183098591549,0.54645,0.5,0.5379746835443038,0.4728132387706856,0,0,0,0,20.28985507246377
"Jay Huff","IND",14,202,435,17.471264367816094,3.218390804597701,5.287356321839081,0.6086956521739131,2.9885057471264367,11.264367816091953,0.2653061224489796,0.2653061224489796,2.0689655172413794,4.597701149425287,1.839080459770115,8.96551724137931,0,0.7142857142857143,0.8333333333333334,1,0.6805555555555556,0.5445756944444444,0.4652777777777778,0.48717948717948717,0.9195402298850575,0.22988505747126436,0.043478260869565216,0,0,16.862745098039216
"Kawhi Leonard","LAC",6,201,407,35.87223587223587,9.582309582309582,17.1990171990172,0.5571428571428572,3.43980343980344,8.5995085995086,0.4,0.4,6.388206388206388,5.896805896805897,13.267813267813267,6.6339066339066335,3.6855036855036856,0.3076923076923077,0.3333333333333333,0.6428571428571429,0.3333333333333333,0.4898242857142857,0.5714285714285714,0.625,1.4742014742014742,0.2457002457002457,0.014285714285714285,0,0,27.429805615550755
"Jaxson Hayes","LAL",12,200,411,15.571776155717762,6.326034063260341,9.002433090024331,0.7027027027027027,0.24330900243309003,0.24330900243309003,1,1,2.18978102189781,10.218978102189782,2.4330900243309004,0.7299270072992701,0,0.8076923076923077,1,1,0.02631578947368421,0.627471052631579,0.7236842105263158,0.7272727272727273,2.4330900243309004,0.9732360097323601,0.10810810810810811,0,0,10.729613733905579
"Andrew Nembhard","IND",7,200,422,29.14691943127962,5.687203791469194,12.559241706161137,0.4528301886792453,3.080568720379147,9.47867298578199,0.325,0.325,8.530805687203792,2.843601895734597,8.530805687203792,5.687203791469194,3.5545023696682465,0.25,0.25,0.6153846153846154,0.43010752688172044,0.4918768817204301,0.46774193548387094,0.555045871559633,0,0.23696682464454977,0.018867924528301886,0.47393364928909953,0.05,25.609756097560975
"Caris LeVert","DET",10,198,422,22.274881516587676,5.450236966824645,9.24170616113744,0.5897435897435898,2.843601895734597,7.109004739336493,0.4,0.4,2.843601895734597,6.161137440758294,4.739336492890995,4.265402843601896,4.265402843601896,0.5652173913043478,0.5652173913043478,0.5,0.43478260869565216,0.5251739130434783,0.5942028985507246,0.6025641025641025,0,0.47393364928909953,0.05128205128205128,0,0,20
"Jaylen Clark","MIN",12,197,403,14.88833746898263,3.225806451612903,5.955334987593052,0.5416666666666666,1.9851116625310175,5.459057071960298,0.36363636363636365,0.36363636363636365,2.4813895781637716,2.4813895781637716,3.970223325062035,5.955334987593052,0,0.38461538461538464,0.5555555555555556,1,0.4782608695652174,0.5906065217391304,0.5434782608695652,0.5555555555555556,1.9851116625310175,0.24813895781637718,0.041666666666666664,0,0,12.215320910973086
"Jordan Hawkins","NOP",13,194,387,15.24547803617571,3.10077519379845,7.751937984496124,0.4,2.5839793281653747,10.335917312661499,0.25,0.25,1.2919896640826873,4.134366925064599,2.0671834625322996,6.976744186046512,0.7751937984496124,0.6666666666666666,0.7272727272727273,0.9,0.5714285714285714,0.5042028571428571,0.38571428571428573,0.4041095890410959,0.5167958656330749,0.25839793281653745,0.03333333333333333,0,0,17.46031746031746
"Tobias Harris","DET",6,193,411,19.708029197080293,4.866180048661801,10.46228710462287,0.46511627906976744,1.9464720194647203,6.81265206812652,0.2857142857142857,0.2857142857142857,4.13625304136253,4.37956204379562,5.35279805352798,5.839416058394161,0,0.45,0.5294117647058824,1,0.39436619718309857,0.5189577464788732,0.4507042253521127,0.5192307692307693,1.4598540145985401,0.9732360097323601,0.09302325581395349,0,0,17.479674796747968
"Tyus Jones","ORL",15,193,397,7.052896725440806,2.0151133501259446,4.534005037783375,0.4444444444444444,1.0075566750629723,5.289672544080605,0.19047619047619047,0.19047619047619047,0,2.0151133501259446,2.0151133501259446,3.022670025188917,0,0.5,0.5714285714285714,1,0.5384615384615384,0.5461474358974359,0.358974358974359,0.358974358974359,0.5037783375314862,0.7556675062972292,0.16666666666666666,0,0,9.421841541755889
"Nique Clifford","SAC",10,192,420,11.19047619047619,2.619047619047619,6.666666666666667,0.39285714285714285,1.4285714285714286,5.476190476190476,0.2608695652173913,0.2608695652173913,1.6666666666666667,2.857142857142857,2.380952380952381,3.5714285714285716,0.7142857142857143,0.5454545454545454,0.6666666666666666,0.8333333333333334,0.45098039215686275,0.510257843137255,0.39215686274509803,0.41964285714285715,0.9523809523809523,0.7142857142857143,0.10714285714285714,0.23809523809523808,0.043478260869565216,13.375796178343949
"Brice Sensabaugh","UTA",13,191,414,27.053140096618357,3.864734299516908,5.555555555555555,0.6956521739130435,5.314009661835748,15.458937198067632,0.34375,0.34375,3.3816425120772946,6.280193236714976,1.4492753623188406,15.217391304347826,0.7246376811594203,0.8125,0.8666666666666667,0.9545454545454546,0.735632183908046,0.5266241379310345,0.5632183908045977,0.6021505376344086,0.4830917874396135,0.966183574879227,0.17391304347826086,0,0,22.317596566523605
"Marvin Bagley III","WAS",13,190,421,22.327790973871736,8.31353919239905,12.351543942992874,0.6730769230769231,0.7125890736342043,1.4251781472684086,0.5,0.5,3.5629453681710213,9.026128266033254,7.600950118764845,2.137767220902613,0,0.5428571428571428,0.8260869565217391,1,0.10344827586206896,0.5680431034482759,0.6810344827586207,0.7121212121212122,5.7007125890736345,1.4251781472684086,0.11538461538461539,0,0,16.455696202531644
"Jeremiah Robinson-Earl","IND",9,187,385,12.727272727272727,4.1558441558441555,9.35064935064935,0.4444444444444444,0.7792207792207793,4.415584415584416,0.17647058823529413,0.17647058823529413,2.0779220779220777,3.6363636363636362,4.675324675324675,2.3376623376623376,0,0.4375,0.875,1,0.32075471698113206,0.5430962264150944,0.3867924528301887,0.4375,4.1558441558441555,1.8181818181818181,0.19444444444444445,0,0,13.362068965517242
"Jalen Wilson","BKN",12,185,365,18.63013698630137,1.36986301369863,4.657534246575342,0.29411764705882354,4.383561643835616,10.684931506849315,0.41025641025641024,0.41025641025641024,2.73972602739726,1.643835616438356,1.095890410958904,13.150684931506849,0,0.6,0.6,1,0.6964285714285714,0.5260312500000001,0.5178571428571429,0.5483870967741935,0,0.821917808219178,0.17647058823529413,0,0,16.317016317016318
"Jordan Walsh","BOS",11,184,353,14.164305949008499,3.68271954674221,6.798866855524079,0.5416666666666666,1.9830028328611897,4.81586402266289,0.4117647058823529,0.4117647058823529,0.8498583569405099,5.09915014164306,2.26628895184136,5.949008498583569,0,0.6923076923076923,0.8181818181818182,1,0.4146341463414634,0.5924975609756098,0.573170731707317,0.5813953488372093,1.13314447592068,1.6997167138810199,0.25,0,0,10.66350710900474
"Alex Caruso","OKC",10,183,378,15.343915343915343,1.8518518518518519,4.497354497354498,0.4117647058823529,3.439153439153439,9.25925925925926,0.37142857142857144,0.37142857142857144,1.3227513227513228,2.6455026455026456,1.0582010582010581,10.317460317460318,0,0.7142857142857143,0.7142857142857143,1,0.6730769230769231,0.5601326923076922,0.5096153846153846,0.5272727272727272,0,0.7936507936507936,0.17647058823529413,0,0,15.384615384615383
"Larry Nance Jr.","CLE",12,181,376,11.702127659574469,2.925531914893617,7.180851063829787,0.4074074074074074,1.8617021276595744,6.914893617021277,0.2692307692307692,0.2692307692307692,0.26595744680851063,4.787234042553192,1.0638297872340425,5.585106382978723,0,0.8181818181818182,0.8181818181818182,1,0.49056603773584906,0.5938405660377358,0.4056603773584906,0.4074074074074074,0,1.0638297872340425,0.14814814814814814,0,0,14.788732394366198
"Walter Clayton Jr.","UTA",11,178,381,17.84776902887139,3.1496062992125986,6.561679790026247,0.48,2.6246719160104988,7.611548556430447,0.3448275862068966,0.3448275862068966,3.674540682414698,1.0498687664041995,5.2493438320209975,6.299212598425197,1.5748031496062993,0.16666666666666666,0.16666666666666666,0.8,0.5370370370370371,0.5004675925925925,0.5,0.576271186440678,0,0.7874015748031497,0.12,0,0,16.444444444444443
"Adem Bona","PHI",12,177,369,7.046070460704607,2.4390243902439024,5.149051490514905,0.47368421052631576,0,0.27100271002710025,0,0,2.168021680216802,1.6260162601626016,3.252032520325203,0,0,0.3333333333333333,0.75,0,0.05,0.598625,0.45,0.4482758620689655,2.710027100271003,0.8130081300813008,0.15789473684210525,0,0,7.6923076923076925
"Yves Missi","NOP",9,175,363,14.600550964187327,6.0606060606060606,9.917355371900827,0.6111111111111112,0,0,0,0,2.479338842975207,8.81542699724518,3.3057851239669422,0,0,0.7272727272727273,0.8,0,0,0.6084,0.6111111111111112,0.6022727272727273,1.1019283746556474,0.5509641873278237,0.05555555555555555,0,0,12.88056206088993
"Taurean Prince","MIL",8,169,362,13.535911602209945,1.3812154696132597,2.7624309392265194,0.5,3.314917127071823,7.734806629834254,0.42857142857142855,0.42857142857142855,0.8287292817679558,2.2099447513812156,0.5524861878453039,9.94475138121547,0,0.8,0.8,1,0.7368421052631579,0.5729960526315789,0.6052631578947368,0.6282051282051282,0,0,0,0.27624309392265195,0.03571428571428571,11.027568922305765
"Paul Reed","DET",13,163,350,25.428571428571427,10,13.714285714285714,0.7291666666666666,1.1428571428571428,2.2857142857142856,0.5,0.5,2,16,4,2.5714285714285716,0.8571428571428571,0.8,0.9333333333333333,0.75,0.14285714285714285,0.5477116071428572,0.7321428571428571,0.7295081967213115,2.857142857142857,0.2857142857142857,0.020833333333333332,0,0,18.337408312958434
"Luke Kornet","SAS",7,163,338,18.047337278106507,7.396449704142012,9.467455621301776,0.78125,0,0,0,0,3.2544378698224854,11.242603550295858,3.5502958579881656,0,0,0.76,0.9047619047619048,0,0,0.71580625,0.78125,0.7625,2.366863905325444,0.591715976331361,0.0625,0,0,11.139240506329113
"RayJ Dennis","IND",11,161,345,18.55072463768116,2.898550724637681,9.565217391304348,0.30303030303030304,3.4782608695652173,10.72463768115942,0.32432432432432434,0.32432432432432434,2.318840579710145,3.4782608695652173,2.318840579710145,7.826086956521739,2.608695652173913,0.6,0.6,0.75,0.5285714285714286,0.50478,0.4,0.42567567567567566,0,0.5797101449275363,0.06060606060606061,0,0,21.256038647342997
"Jabari Walker","PHI",13,158,321,11.838006230529595,4.361370716510903,8.09968847352025,0.5384615384615384,0.6230529595015576,3.7383177570093458,0.16666666666666666,0.16666666666666666,1.2461059190031152,2.4922118380062304,6.230529595015576,1.8691588785046729,0,0.2857142857142857,0.6666666666666666,1,0.3157894736842105,0.5762776315789474,0.4473684210526316,0.475,4.984423676012461,2.4922118380062304,0.3076923076923077,0,0,11.904761904761905
"Zion Williamson","NOP",5,157,326,34.969325153374236,11.656441717791411,23.926380368098158,0.48717948717948717,0,0,0,0,11.656441717791411,10.429447852760736,12.883435582822086,0,0,0.4473684210526316,0.5,0,0,0.5395153846153846,0.48717948717948717,0.5480769230769231,2.4539877300613497,3.9877300613496933,0.16666666666666666,0,0,32.09549071618037
"Nick Richards","PHX",15,156,318,20.754716981132077,7.547169811320755,13.522012578616351,0.5581395348837209,0,0,0,0,5.660377358490566,10.69182389937107,4.40251572327044,0,0,0.7083333333333334,0.8947368421052632,0,0,0.5305139534883722,0.5581395348837209,0.5909090909090909,3.1446540880503147,1.8867924528301887,0.13953488372093023,0,0,17.894736842105264
"Jonas Valančiūnas","DEN",13,155,307,34.527687296416936,12.37785016286645,21.824104234527688,0.5671641791044776,0.6514657980456026,1.9543973941368078,0.3333333333333333,0.3333333333333333,7.817589576547231,12.37785016286645,12.37785016286645,1.9543973941368078,0,0.5,0.6785714285714286,1,0.0821917808219178,0.4993273972602739,0.5616438356164384,0.5955056179775281,6.514657980456026,2.2801302931596092,0.1044776119402985,0,0,29.261363636363637
"Justin Edwards","PHI",11,154,322,20.80745341614907,2.484472049689441,4.658385093167702,0.5333333333333333,4.968944099378882,11.801242236024844,0.42105263157894735,0.42105263157894735,0.9316770186335404,2.484472049689441,2.484472049689441,13.975155279503106,0.9316770186335404,0.5,0.5714285714285714,0.9375,0.7169811320754716,0.5114537735849056,0.6037735849056604,0.6203703703703703,0.6211180124223602,0.3105590062111801,0.06666666666666667,0.3105590062111801,0.02631578947368421,16.032608695652172
"Walker Kessler","UTA",5,154,310,23.225806451612904,6.451612903225806,9.35483870967742,0.6896551724137931,1.935483870967742,2.5806451612903225,0.75,0.75,4.516129032258065,7.741935483870968,5.161290322580645,5.806451612903226,0,0.6,1,1,0.21621621621621623,0.5767702702702703,0.7837837837837838,0.782608695652174,5.161290322580645,1.6129032258064515,0.1724137931034483,0,0,16.893732970027248
"Isaiah Collier","UTA",6,152,334,19.161676646706585,5.688622754491018,9.281437125748504,0.6129032258064516,0.5988023952095808,1.4970059880239521,0.4,0.4,5.9880239520958085,4.790419161676646,6.586826347305389,1.7964071856287425,0,0.42105263157894735,0.42105263157894735,1,0.1388888888888889,0.49138194444444444,0.6111111111111112,0.6666666666666666,0,1.4970059880239521,0.16129032258064516,0,0,17.158176943699733
"John Konchar","MEM",13,151,322,9.627329192546584,1.8633540372670807,2.484472049689441,0.75,1.8633540372670807,4.968944099378882,0.375,0.375,0.3105590062111801,3.1055900621118013,0.6211180124223602,5.590062111801243,0,0.8333333333333334,1,1,0.6666666666666666,0.59245625,0.625,0.6458333333333334,0.6211180124223602,0.3105590062111801,0.125,0,0,7.446808510638299
"Anthony Davis","DAL",5,149,313,33.22683706070288,11.501597444089457,20.447284345047922,0.5625,0.9584664536741214,3.5143769968051117,0.2727272727272727,0.2727272727272727,7.348242811501597,10.86261980830671,12.140575079872205,1.9169329073482428,0.9584664536741214,0.4722222222222222,0.5666666666666667,0.6666666666666666,0.14666666666666667,0.5257953333333333,0.54,0.5786516853932584,3.8338658146964857,0.9584664536741214,0.046875,0,0,28.490028490028493
"Drake Powell","BKN",8,149,298,15.436241610738255,4.697986577181208,8.724832214765101,0.5384615384615384,1.6778523489932886,4.3624161073825505,0.38461538461538464,0.38461538461538464,1.0067114093959733,3.3557046979865772,6.040268456375839,4.026845637583893,1.0067114093959733,0.35714285714285715,0.35714285714285715,0.8,0.3333333333333333,0.49417820512820515,0.5512820512820513,0.575,0,0.6711409395973155,0.07692307692307693,0,0,15.454545454545455
"Taylor Hendricks","UTA",9,148,319,12.539184952978056,3.4482758620689653,7.210031347962382,0.4782608695652174,1.2539184952978057,5.329153605015674,0.23529411764705882,0.23529411764705882,1.8808777429467085,5.6426332288401255,1.2539184952978057,3.761755485893417,0,0.8181818181818182,0.9,1,0.425,0.55690125,0.425,0.45454545454545453,0.6269592476489029,1.2539184952978057,0.17391304347826086,0,0,12.860892388451443
"Gary Payton II","GSW",15,148,305,12.131147540983607,4.590163934426229,7.540983606557377,0.6086956521739131,0.9836065573770492,5.245901639344262,0.1875,0.1875,0,7.868852459016393,1.3114754098360655,2.9508196721311477,0,0.8571428571428571,1,1,0.41025641025641024,0.5998474358974359,0.47435897435897434,0.47435897435897434,1.3114754098360655,0.32786885245901637,0.043478260869565216,0,0,13.202247191011235
"Tyrese Proctor","CLE",12,142,287,20.905923344947734,3.1358885017421603,7.317073170731708,0.42857142857142855,4.181184668989547,14.285714285714286,0.2926829268292683,0.2926829268292683,2.0905923344947737,1.3937282229965158,4.878048780487805,10.452961672473867,2.0905923344947737,0.2222222222222222,0.2222222222222222,0.8333333333333334,0.6612903225806451,0.5441314516129032,0.43548387096774194,0.46153846153846156,0,1.0452961672473868,0.14285714285714285,0,0,21.19402985074627
"Dylan Harper","SAS",6,140,279,30.107526881720432,9.67741935483871,17.921146953405017,0.54,1.7921146953405018,5.017921146953405,0.35714285714285715,0.35714285714285715,5.376344086021505,4.301075268817204,15.053763440860216,5.376344086021505,0,0.2222222222222222,0.23076923076923078,1,0.21875,0.5788796875,0.5390625,0.5915492957746479,0.7168458781362007,1.4336917562724014,0.08,0,0,24.773413897280967
"Joel Embiid","PHI",6,140,290,40.689655172413794,10.689655172413794,20.344827586206897,0.5254237288135594,3.103448275862069,9.655172413793103,0.32142857142857145,0.32142857142857145,10,11.724137931034482,9.655172413793103,8.275862068965518,1.0344827586206897,0.5483870967741935,0.6071428571428571,0.8888888888888888,0.3218390804597701,0.5091310344827586,0.5114942528735632,0.5784313725490197,2.0689655172413794,1.7241379310344827,0.0847457627118644,0,0,35.64954682779456
"Trae Young","ATL",5,139,307,28.990228013029316,6.840390879478828,14.332247557003257,0.4772727272727273,1.6286644951140066,8.469055374592834,0.19230769230769232,0.19230769230769232,10.423452768729641,3.257328990228013,10.423452768729641,1.9543973941368078,2.9315960912052117,0.23809523809523808,0.23809523809523808,0.4,0.37142857142857144,0.5193621428571429,0.40714285714285714,0.5057471264367817,0,0.3257328990228013,0.022727272727272728,0,0,28.197674418604652
"Karlo Matković","NOP",12,137,281,20.99644128113879,7.829181494661921,9.9644128113879,0.7857142857142857,1.4234875444839858,3.202846975088968,0.4444444444444444,0.4444444444444444,1.0676156583629892,11.387900355871887,4.270462633451957,4.270462633451957,0,0.7272727272727273,0.8888888888888888,1,0.24324324324324326,0.6228635135135135,0.7567567567567568,0.7195121951219512,2.8469750889679717,0.35587188612099646,0.03571428571428571,0,0,14.285714285714285
"Hugo González","BOS",11,136,266,12.406015037593985,3.3834586466165413,7.894736842105263,0.42857142857142855,1.8796992481203008,3.7593984962406015,0.5,0.5,0,2.255639097744361,4.511278195488722,5.639097744360902,0,0.3333333333333333,0.42857142857142855,1,0.3225806451612903,0.5507290322580646,0.532258064516129,0.515625,1.5037593984962405,1.1278195488721805,0.14285714285714285,0,0,11.935483870967742
"Rob Dillingham","MIN",12,136,289,20.41522491349481,7.26643598615917,16.608996539792386,0.4375,1.0380622837370241,4.498269896193771,0.23076923076923078,0.23076923076923078,2.7681660899653977,5.536332179930795,8.996539792387543,2.0761245674740483,1.0380622837370241,0.38095238095238093,0.38095238095238093,0.6666666666666666,0.21311475409836064,0.5335786885245901,0.4180327868852459,0.45384615384615384,0,2.7681660899653977,0.16666666666666666,0,0,24.770642201834864
"Ousmane Dieng","OKC",12,135,269,10.780669144981413,2.973977695167286,7.063197026022305,0.42105263157894735,1.1152416356877324,6.319702602230484,0.17647058823529413,0.17647058823529413,1.486988847583643,2.973977695167286,2.973977695167286,2.2304832713754648,1.1152416356877324,0.5,0.5714285714285714,0.6666666666666666,0.4722222222222222,0.5305263888888888,0.3472222222222222,0.3815789473684211,0.7434944237918215,0.37174721189591076,0.05263157894736842,0,0,14.76510067114094
"Moussa Cisse","DAL",11,133,283,17.314487632508833,7.067137809187279,10.60070671378092,0.6666666666666666,0,0,0,0,3.1802120141342756,10.60070671378092,3.5335689045936394,0,0,0.75,0.8823529411764706,0,0,0.6963266666666666,0.6666666666666666,0.5975609756097561,2.1201413427561837,0.35335689045936397,0.03333333333333333,0,0,15.644171779141105
"Jonathan Isaac","ORL",14,133,271,12.546125461254613,2.5830258302583027,4.428044280442805,0.5833333333333334,1.4760147601476015,7.011070110701107,0.21052631578947367,0.21052631578947367,2.952029520295203,2.2140221402214024,2.952029520295203,4.428044280442805,0,0.42857142857142855,0.6,1,0.6129032258064516,0.6099903225806452,0.41935483870967744,0.4594594594594595,1.4760147601476015,0,0,0,0,12.693498452012385
"Jeremy Sochan","SAS",8,132,271,20.66420664206642,5.166051660516605,7.749077490774908,0.6666666666666666,2.5830258302583027,4.797047970479705,0.5384615384615384,0.5384615384615384,2.5830258302583027,8.118081180811808,2.2140221402214024,7.749077490774908,0,0.7857142857142857,0.8461538461538461,1,0.38235294117647056,0.6246397058823528,0.7205882352941176,0.7368421052631579,0.7380073800738007,0.36900369003690037,0.047619047619047616,0,0,15.9468438538206
"Jaden Hardy","DAL",12,131,286,24.825174825174827,2.4475524475524475,7.3426573426573425,0.3333333333333333,5.244755244755245,11.538461538461538,0.45454545454545453,0.45454545454545453,4.195804195804196,2.097902097902098,2.797202797202797,11.538461538461538,4.195804195804196,0.42857142857142855,0.5,0.7333333333333333,0.6111111111111112,0.524112962962963,0.5462962962962963,0.5819672131147541,0.6993006993006993,1.048951048951049,0.14285714285714285,0,0,23.270440251572325
"Caleb Martin","DAL",13,130,284,7.746478873239437,2.112676056338028,5.28169014084507,0.4,0.352112676056338,2.464788732394366,0.14285714285714285,0.14285714285714285,2.464788732394366,3.5211267605633805,0.704225352112676,1.056338028169014,0,0.8333333333333334,0.8333333333333334,1,0.3181818181818182,0.5829931818181818,0.3409090909090909,0.44,0,0.704225352112676,0.13333333333333333,0,0,9.846153846153847
"Amir Coffey","MIL",13,128,260,8.076923076923077,2.3076923076923075,4.230769230769231,0.5454545454545454,0.7692307692307693,3.076923076923077,0.25,0.25,1.1538461538461537,1.5384615384615385,3.076923076923077,2.3076923076923075,0,0.3333333333333333,0.4,1,0.42105263157894735,0.5330315789473684,0.47368421052631576,0.525,0.7692307692307693,0,0,0.38461538461538464,0.125,7.317073170731707
"Chaz Lanier","DET",11,128,274,15.693430656934307,0.7299270072992701,1.4598540145985401,0.5,4.37956204379562,13.138686131386862,0.3333333333333333,0.3333333333333333,1.094890510948905,0,1.4598540145985401,12.043795620437956,1.094890510948905,0,0,0.9166666666666666,0.9,0.534075,0.5,0.524390243902439,0,0,0,0,0,13.08411214953271
"Ochai Agbaji","TOR",9,125,268,8.955223880597014,2.985074626865672,4.850746268656716,0.6153846153846154,0.373134328358209,4.477611940298507,0.08333333333333333,0.08333333333333333,1.8656716417910448,5.223880597014926,0.746268656716418,1.1194029850746268,0,0.875,1,1,0.48,0.660222,0.38,0.41379310344827586,0.746268656716418,1.1194029850746268,0.23076923076923078,0,0,10.491803278688526
"Ja'Kobe Walter","TOR",11,123,251,12.749003984063744,1.593625498007968,3.585657370517928,0.4444444444444444,2.3904382470119523,8.764940239043824,0.2727272727272727,0.2727272727272727,2.3904382470119523,3.187250996015936,0,7.171314741035856,0,1,1,1,0.7096774193548387,0.5265209677419355,0.41935483870967744,0.47058823529411764,0,0.796812749003984,0.2222222222222222,0,0,15.302491103202847
"Bilal Coulibaly","WAS",5,123,258,18.6046511627907,4.263565891472868,10.465116279069768,0.4074074074074074,1.937984496124031,6.589147286821706,0.29411764705882354,0.29411764705882354,4.263565891472868,3.10077519379845,5.426356589147287,5.813953488372093,0,0.36363636363636365,0.4444444444444444,1,0.38636363636363635,0.5794784090909091,0.42045454545454547,0.47058823529411764,1.550387596899225,1.1627906976744187,0.1111111111111111,0,0,20.962199312714777
"Bradley Beal","LAC",6,121,243,20.16460905349794,4.526748971193416,11.934156378600823,0.3793103448275862,2.880658436213992,7.818930041152264,0.3684210526315789,0.3684210526315789,2.4691358024691357,6.584362139917696,2.4691358024691357,8.641975308641975,0,0.7272727272727273,0.7272727272727273,1,0.3958333333333333,0.5163354166666666,0.4479166666666667,0.47115384615384615,0,0.411522633744856,0.034482758620689655,0,0,22.761194029850746
"Micah Peavy","NOP",10,118,244,12.295081967213115,4.098360655737705,8.19672131147541,0.5,1.2295081967213115,4.918032786885246,0.25,0.25,0.4098360655737705,4.098360655737705,4.098360655737705,3.6885245901639343,0,0.5,0.625,1,0.375,0.5690578125,0.453125,0.45454545454545453,1.639344262295082,0,0,0,0,12.323943661971832
"Cody Williams","UTA",9,118,261,9.578544061302683,3.4482758620689653,6.130268199233717,0.5625,0.7662835249042146,5.363984674329502,0.14285714285714285,0.14285714285714285,0.3831417624521073,6.130268199233717,0.7662835249042146,2.2988505747126435,0,0.8888888888888888,0.8888888888888888,1,0.4666666666666667,0.5339633333333332,0.4,0.4032258064516129,0,1.9157088122605364,0.3125,0,0,11.683848797250858
"Precious Achiuwa","SAC",7,118,252,16.26984126984127,6.746031746031746,9.126984126984127,0.7391304347826086,0,3.1746031746031744,0,0,2.7777777777777777,8.73015873015873,4.761904761904762,0,0,0.6470588235294118,0.8461538461538461,0,0.25806451612903225,0.5691596774193548,0.5483870967741935,0.5694444444444444,3.1746031746031744,0,0,0,0,13.87900355871886
"Sidy Cissoko","POR",9,117,248,10.887096774193548,2.8225806451612905,5.241935483870968,0.5384615384615384,0.8064516129032258,3.629032258064516,0.2222222222222222,0.2222222222222222,2.8225806451612905,2.4193548387096775,3.225806451612903,2.4193548387096775,0,0.42857142857142855,0.5,1,0.4090909090909091,0.5514136363636364,0.45454545454545453,0.5,0.8064516129032258,0.4032258064516129,0.07692307692307693,0,0,9.966777408637874
"Guerschon Yabusele","NYK",12,116,242,12.396694214876034,1.2396694214876034,3.71900826446281,0.3333333333333333,2.8925619834710745,9.090909090909092,0.3181818181818182,0.3181818181818182,1.2396694214876034,1.6528925619834711,0.8264462809917356,7.43801652892562,1.2396694214876034,0.6666666666666666,1,0.8571428571428571,0.7096774193548387,0.5809661290322581,0.43548387096774194,0.4411764705882353,0.8264462809917356,0.8264462809917356,0.2222222222222222,0.4132231404958678,0.045454545454545456,12.99638989169675
"Mitchell Robinson","NYK",7,116,230,11.73913043478261,5.6521739130434785,9.565217391304348,0.5909090909090909,0,0,0,0,0.43478260869565216,4.3478260869565215,6.956521739130435,0,0,0.38461538461538464,1,0,0,0.6744818181818182,0.5909090909090909,0.5869565217391305,6.956521739130435,0.43478260869565216,0.045454545454545456,0,0,9.45945945945946
"Terrence Shannon Jr.","MIN",7,115,239,11.297071129707113,2.092050209205021,7.112970711297071,0.29411764705882354,1.6736401673640167,4.602510460251046,0.36363636363636365,0.36363636363636365,2.092050209205021,0.8368200836820083,3.3472803347280333,1.2552301255230125,3.7656903765690375,0.2,0.25,0.25,0.39285714285714285,0.5841035714285715,0.39285714285714285,0.43548387096774194,0.8368200836820083,2.510460251046025,0.35294117647058826,0,0,13.454545454545455
"Dwight Powell","DAL",12,114,254,10.62992125984252,2.3622047244094486,4.724409448818897,0.5,0,0,0,0,5.905511811023622,3.937007874015748,0.7874015748031497,0,0,0.8333333333333334,0.8333333333333334,0,0,0.5814666666666667,0.5,0.6428571428571429,0,0.7874015748031497,0.16666666666666666,0,0,8.602150537634408
"Chris Paul","LAC",9,114,225,9.333333333333334,0.4444444444444444,3.111111111111111,0.14285714285714285,2.6666666666666665,8.88888888888889,0.3,0.3,0.4444444444444444,0,0.8888888888888888,4,4,0,0,0.5,0.7407407407407407,0.5015944444444445,0.37037037037037035,0.37037037037037035,0,0.4444444444444444,0.14285714285714285,0,0,13.229571984435799
"Baylor Scheierman","BOS",11,113,221,14.479638009049774,0.9049773755656109,1.3574660633484164,0.6666666666666666,4.072398190045249,7.6923076923076925,0.5294117647058824,0.5294117647058824,0.45248868778280543,0,1.8099547511312217,12.217194570135746,0,0,0,1,0.85,0.5587575,0.775,0.775,0.9049773755656109,0,0,0,0,8.333333333333332
"Kevin Love","UTA",8,112,233,14.592274678111588,1.2875536480686696,1.7167381974248928,0.75,2.575107296137339,9.871244635193133,0.2608695652173913,0.2608695652173913,4.291845493562231,1.7167381974248928,0.8583690987124464,7.725321888412017,0,0.6666666666666666,1,1,0.8518518518518519,0.5413388888888888,0.4444444444444444,0.5151515151515151,0.8583690987124464,0,0,0,0,15.503875968992247
"Liam McNeeley","CHA",9,112,235,15.74468085106383,1.2765957446808511,4.680851063829787,0.2727272727272727,2.5531914893617023,7.659574468085107,0.3333333333333333,0.3333333333333333,5.531914893617022,2.5531914893617023,0,7.659574468085107,0,1,1,1,0.6206896551724138,0.5005879310344827,0.41379310344827586,0.5138888888888888,0,0.851063829787234,0.18181818181818182,0,0,15.185185185185183
"Bronny James","LAL",10,111,227,9.251101321585903,2.202643171806167,7.048458149779735,0.3125,1.3215859030837005,4.845814977973569,0.2727272727272727,0.2727272727272727,0.8810572687224669,3.5242290748898677,0.8810572687224669,3.9647577092511015,0,0.8,0.8,1,0.4074074074074074,0.49913888888888885,0.35185185185185186,0.375,0,0.8810572687224669,0.125,0,0,13.8996138996139
"Bones Hyland","MIN",12,108,229,21.397379912663755,4.8034934497816595,6.11353711790393,0.7857142857142857,3.493449781659389,10.043668122270743,0.34782608695652173,0.34782608695652173,1.3100436681222707,3.493449781659389,6.11353711790393,5.240174672489083,5.240174672489083,0.36363636363636365,0.36363636363636365,0.5,0.6216216216216216,0.5767391891891892,0.6216216216216216,0.6282051282051282,0,0.8733624454148472,0.14285714285714285,0,0,18.43137254901961
"Clint Capela","HOU",11,108,216,18.51851851851852,7.407407407407407,11.574074074074074,0.64,0,0,0,0,3.7037037037037037,9.25925925925926,5.555555555555555,0,0,0.625,0.9090909090909091,0,0,0.594884,0.64,0.6666666666666666,4.62962962962963,0,0,0,0,12.639405204460967
"Robert Williams III","POR",9,108,224,16.517857142857142,7.589285714285714,11.160714285714286,0.68,0.44642857142857145,1.3392857142857142,0.3333333333333333,0.3333333333333333,0,8.928571428571429,6.25,1.3392857142857142,0,0.5882352941176471,0.8333333333333334,1,0.10714285714285714,0.6460607142857143,0.6607142857142857,0.6607142857142857,4.464285714285714,0.8928571428571429,0.08,0,0,11.877394636015326
"Isaiah Livers","PHX",9,104,219,12.32876712328767,0.91324200913242,0.91324200913242,1,2.73972602739726,7.762557077625571,0.35294117647058826,0.35294117647058826,2.2831050228310503,0.91324200913242,0.91324200913242,8.219178082191782,0,0.5,0.5,1,0.8947368421052632,0.5667105263157894,0.5789473684210527,0.6190476190476191,0,0,0,0,0,8.527131782945736
"Cam Christie","LAC",9,104,197,23.3502538071066,3.553299492385787,7.614213197969543,0.4666666666666667,3.553299492385787,8.629441624365482,0.4117647058823529,0.4117647058823529,5.583756345177665,4.060913705583756,3.045685279187817,10.65989847715736,0,0.5714285714285714,0.8,1,0.53125,0.5260129032258064,0.546875,0.5897435897435898,2.030456852791878,1.015228426395939,0.13333333333333333,0,0,18.72146118721461
"Brooks Barnhizer","OKC",13,103,208,7.6923076923076925,3.3653846153846154,6.25,0.5384615384615384,0,0.4807692307692308,0,0,0.9615384615384616,2.8846153846153846,3.8461538461538463,0,0,0.42857142857142855,0.6,0,0.07142857142857142,0.5898464285714285,0.5,0.5,1.9230769230769231,1.4423076923076923,0.23076923076923078,0.4807692307692308,1,7.488986784140969
"Justin Champagnie","WAS",12,101,207,15.458937198067632,2.898550724637681,7.246376811594203,0.4,0.966183574879227,4.830917874396135,0.2,0.2,6.763285024154589,0.966183574879227,4.830917874396135,2.898550724637681,0,0.16666666666666666,0.5,1,0.4,0.524768,0.36,0.48484848484848486,3.864734299516908,0.966183574879227,0.13333333333333333,0,0,13.88888888888889
"Quenton Jackson","IND",5,101,218,27.06422018348624,6.422018348623853,11.46788990825688,0.56,2.7522935779816513,5.504587155963303,0.5,0.5,5.963302752293578,4.587155963302752,8.256880733944953,8.256880733944953,0,0.35714285714285715,0.38461538461538464,1,0.32432432432432434,0.550722972972973,0.6216216216216216,0.6555555555555556,0.9174311926605505,1.834862385321101,0.16,0,0,19.921875
"Dominick Barlow","PHI",4,100,204,15.686274509803921,4.901960784313726,7.8431372549019605,0.625,0.9803921568627451,2.9411764705882355,0.3333333333333333,0.3333333333333333,2.9411764705882355,6.862745098039215,2.9411764705882355,2.9411764705882355,0,0.7,0.875,1,0.2727272727272727,0.5806386363636364,0.5909090909090909,0.64,1.9607843137254901,0.9803921568627451,0.125,0,0,13.617021276595745
"Kobe Sanders","LAC",6,100,202,20.792079207920793,2.9702970297029703,6.435643564356436,0.46153846153846156,3.9603960396039604,10.396039603960396,0.38095238095238093,0.38095238095238093,2.9702970297029703,1.9801980198019802,3.9603960396039604,11.881188118811881,0,0.3333333333333333,0.4,1,0.6176470588235294,0.527114705882353,0.5294117647058824,0.5675675675675675,0.9900990099009901,0,0,0,0,18.454935622317596
"Trayce Jackson-Davis","GSW",9,100,206,18.446601941747574,7.281553398058253,13.592233009708737,0.5357142857142857,0,0,0,0,3.883495145631068,10.679611650485437,3.883495145631068,0,0,0.7333333333333333,0.9166666666666666,0,0,0.5966964285714286,0.5357142857142857,0.59375,2.912621359223301,0.970873786407767,0.07142857142857142,0,0,16.25
"Pat Spencer","GSW",9,99,203,21.67487684729064,4.433497536945813,13.300492610837438,0.3333333333333333,2.4630541871921183,6.403940886699507,0.38461538461538464,0.38461538461538464,5.41871921182266,1.9704433497536946,6.896551724137931,4.433497536945813,2.955665024630542,0.2222222222222222,0.25,0.6,0.325,0.471925,0.4125,0.4782608695652174,0.9852216748768473,2.955665024630542,0.2222222222222222,0,0,21.42857142857143
"Javon Small","MEM",8,99,213,15.96244131455399,1.8779342723004695,4.225352112676056,0.4444444444444444,2.816901408450704,8.92018779342723,0.3157894736842105,0.3157894736842105,3.755868544600939,2.816901408450704,0.9389671361502347,5.633802816901408,2.816901408450704,0.75,0.75,0.6666666666666666,0.6785714285714286,0.5199321428571428,0.4642857142857143,0.53125,0,1.408450704225352,0.3333333333333333,0,0,16.736401673640167
"Kevon Looney","NOP",7,99,205,9.75609756097561,3.4146341463414633,8.292682926829269,0.4117647058823529,0.4878048780487805,2.926829268292683,0.16666666666666666,0.16666666666666666,1.4634146341463414,2.926829268292683,3.902439024390244,1.4634146341463414,0,0.42857142857142855,1,1,0.2608695652173913,0.5348065217391305,0.3695652173913043,0.38461538461538464,3.902439024390244,1.4634146341463414,0.17647058823529413,0.4878048780487805,0.16666666666666666,13.135593220338984
"Bennedict Mathurin","IND",3,98,207,42.028985507246375,7.729468599033816,13.526570048309178,0.5714285714285714,3.864734299516908,9.178743961352657,0.42105263157894735,0.42105263157894735,14.97584541062802,8.695652173913043,6.763285024154589,5.797101449275362,5.797101449275362,0.5625,0.5625,0.5,0.40425531914893614,0.5144925531914893,0.5957446808510638,0.671875,0,0.966183574879227,0.07142857142857142,0,0,30.416666666666668
"Blake Wesley","POR",6,98,214,16.822429906542055,5.607476635514018,11.214953271028037,0.5,0.9345794392523364,4.672897196261682,0.2,0.2,2.803738317757009,1.8691588785046729,9.345794392523365,2.803738317757009,0,0.16666666666666666,0.16666666666666666,1,0.29411764705882354,0.5899426470588236,0.4411764705882353,0.47368421052631576,0,1.4018691588785046,0.125,0,0,17.578125
"Nigel Hayes-Davis","PHX",12,97,201,9.45273631840796,3.9800995024875623,7.462686567164179,0.5333333333333333,0.4975124378109453,4.477611940298507,0.1111111111111111,0.1111111111111111,0,2.985074626865672,4.975124378109452,1.492537313432836,0,0.375,0.5,1,0.375,0.4667645833333333,0.3958333333333333,0.3958333333333333,1.9900497512437811,0,0,0,0,12.608695652173914
"Ben Saraf","BKN",7,97,198,11.616161616161616,2.0202020202020203,7.070707070707071,0.2857142857142857,1.5151515151515151,6.565656565656566,0.23076923076923078,0.23076923076923078,3.0303030303030303,0,4.040404040404041,4.545454545454546,0,0,0,1,0.48148148148148145,0.5686537037037037,0.3148148148148148,0.3709677419354839,1.0101010101010102,1.5151515151515151,0.21428571428571427,0.5050505050505051,0.07692307692307693,17.69911504424779
"Pat Connaughton","CHA",10,94,189,20.105820105820104,3.7037037037037037,5.8201058201058204,0.6363636363636364,3.1746031746031744,8.994708994708995,0.35294117647058826,0.35294117647058826,3.1746031746031744,5.291005291005291,2.1164021164021163,9.523809523809524,0,0.7142857142857143,0.7142857142857143,1,0.6071428571428571,0.5526982142857143,0.5714285714285714,0.59375,0,0,0,0.5291005291005291,0.058823529411764705,15.981735159817353
"Nick Smith Jr.","LAL",6,90,191,21.98952879581152,4.18848167539267,9.947643979057592,0.42105263157894735,4.18848167539267,9.424083769633508,0.4444444444444444,0.4444444444444444,1.0471204188481675,1.0471204188481675,7.329842931937173,7.853403141361256,4.712041884816754,0.125,0.125,0.625,0.4864864864864865,0.48286216216216216,0.5405405405405406,0.5526315789473685,0,0.5235602094240838,0.05263157894736842,0,0,22.966507177033495
"KJ Simpson","CHA",6,90,182,18.681318681318682,4.395604395604396,12.637362637362637,0.34782608695652173,2.7472527472527473,7.6923076923076925,0.35714285714285715,0.35714285714285715,1.6483516483516483,1.098901098901099,7.6923076923076925,8.241758241758241,0,0.125,0.14285714285714285,1,0.3783783783783784,0.5153229729729729,0.4189189189189189,0.4358974358974359,1.098901098901099,1.098901098901099,0.08695652173913043,0,0,22.790697674418606
"Taelon Peter","IND",10,90,193,10.362694300518134,0.5181347150259067,1.0362694300518134,0.5,2.5906735751295336,11.398963730569948,0.22727272727272727,0.22727272727272727,1.5544041450777202,0,1.0362694300518134,6.217616580310881,1.5544041450777202,0,0,0.8,0.9166666666666666,0.5210729166666667,0.3541666666666667,0.4,0,0,0,0,0,14.93212669683258
"Gabe Vincent","LAL",4,88,183,9.289617486338798,0.546448087431694,1.639344262295082,0.3333333333333333,2.185792349726776,7.103825136612022,0.3076923076923077,0.3076923076923077,1.639344262295082,1.092896174863388,0,6.557377049180328,0,1,1,1,0.8125,0.523509375,0.4375,0.5,0,1.092896174863388,0.6666666666666666,0.546448087431694,0.07692307692307693,9.405940594059405
"Branden Carlson","OKC",10,86,173,18.497109826589597,5.202312138728324,8.670520231213873,0.6,2.3121387283236996,8.670520231213873,0.26666666666666666,0.26666666666666666,1.1560693641618498,8.092485549132949,2.3121387283236996,6.936416184971098,0,0.7777777777777778,1,1,0.5,0.5851583333333333,0.5,0.5,2.3121387283236996,1.1560693641618498,0.13333333333333333,0,0,18.51851851851852
"Julian Phillips","CHI",12,84,174,12.068965517241379,3.4482758620689653,6.896551724137931,0.5,1.7241379310344827,6.896551724137931,0.25,0.25,0,5.747126436781609,1.1494252873563218,5.172413793103448,0,0.8333333333333334,1,1,0.5,0.5866895833333333,0.4375,0.4375,1.1494252873563218,1.1494252873563218,0.16666666666666666,0,0,12.755102040816327
"Jett Howard","ORL",10,84,166,16.867469879518072,1.2048192771084338,4.216867469879518,0.2857142857142857,4.819277108433735,13.25301204819277,0.36363636363636365,0.36363636363636365,0,1.2048192771084338,1.2048192771084338,14.457831325301205,0,0.5,0.5,1,0.7586206896551724,0.5079965517241379,0.4827586206896552,0.4827586206896552,0,0,0,0,0,15.306122448979592
"Tidjane Salaün","CHA",7,83,172,12.790697674418604,1.744186046511628,4.069767441860465,0.42857142857142855,2.3255813953488373,6.976744186046512,0.3333333333333333,0.3333333333333333,2.3255813953488373,2.3255813953488373,1.1627906976744187,6.976744186046512,0,0.6666666666666666,0.6666666666666666,1,0.631578947368421,0.5570552631578947,0.47368421052631576,0.5,0,0.5813953488372093,0.14285714285714285,0,0,12.254901960784313
"Asa Newell","ATL",9,82,171,27.485380116959064,4.678362573099415,9.35672514619883,0.5,4.678362573099415,9.35672514619883,0.5,0.5,4.093567251461988,4.678362573099415,4.678362573099415,14.035087719298245,0,0.5,0.6666666666666666,1,0.5,0.5846703125,0.625,0.6527777777777778,2.3391812865497075,2.3391812865497075,0.25,0,0,20.304568527918782
"Obi Toppin","IND",3,82,174,24.137931034482758,6.896551724137931,10.919540229885058,0.631578947368421,1.7241379310344827,9.770114942528735,0.17647058823529413,0.17647058823529413,5.172413793103448,5.747126436781609,8.045977011494253,5.172413793103448,0,0.4166666666666667,0.5,1,0.4722222222222222,0.5449875,0.4583333333333333,0.525,2.2988505747126435,1.1494252873563218,0.10526315789473684,0,0,23.58974358974359
"Duop Reath","POR",10,81,174,23.563218390804597,0.5747126436781609,1.1494252873563218,0.5,7.471264367816092,12.64367816091954,0.5909090909090909,0.5909090909090909,0,1.1494252873563218,0,22.413793103448278,0,1,1,1,0.9166666666666666,0.5367645833333333,0.8541666666666666,0.8541666666666666,0,0,0,0,0,12.56281407035176
"Dereck Lively II","DAL",5,80,172,12.790697674418604,5.232558139534884,8.13953488372093,0.6428571428571429,0,0,0,0,2.3255813953488373,9.30232558139535,1.1627906976744187,0,0,0.8888888888888888,0.8888888888888888,0,0,0.6838142857142857,0.6428571428571429,0.6470588235294118,0,0.5813953488372093,0.07142857142857142,0,0,12.88659793814433
"Spencer Jones","DEN",9,78,165,9.090909090909092,1.8181818181818181,2.4242424242424243,0.75,1.2121212121212122,3.0303030303030303,0.4,0.4,1.8181818181818181,2.4242424242424243,1.2121212121212122,3.6363636363636362,0,0.6666666666666666,1,1,0.5555555555555556,0.6226611111111111,0.6666666666666666,0.6818181818181818,1.2121212121212122,0,0,0,0,9.18918918918919
"Caleb Love","POR",6,77,176,19.318181818181817,4.545454545454546,9.090909090909092,0.5,3.409090909090909,13.068181818181818,0.2608695652173913,0.2608695652173913,0,2.272727272727273,6.818181818181818,8.522727272727273,1.7045454545454546,0.25,0.25,0.8333333333333334,0.5897435897435898,0.5152641025641026,0.4358974358974359,0.4358974358974359,0,1.1363636363636365,0.125,0,0,21.182266009852217
"Gui Santos","GSW",12,77,158,15.189873417721518,2.5316455696202533,3.1645569620253164,0.8,3.1645569620253164,10.126582278481013,0.3125,0.3125,0.6329113924050633,5.063291139240507,0,9.49367088607595,0,1,1,1,0.7619047619047619,0.5367952380952381,0.5476190476190477,0.5454545454545454,0,0,0,0,0,13.846153846153847
"Olivier-Maxence Prosper","MEM",9,76,165,21.818181818181817,6.0606060606060606,9.090909090909092,0.6666666666666666,0,3.0303030303030303,0,0,9.696969696969697,10.909090909090908,1.2121212121212122,0,0,0.9,0.9,0,0.25,0.5897574999999999,0.5,0.6428571428571429,0,0.6060606060606061,0.06666666666666667,0,0,17.02127659574468
"Chris Boucher","BOS",7,76,147,11.564625850340136,4.081632653061225,6.802721088435374,0.6,0.6802721088435374,8.16326530612245,0.08333333333333333,0.08333333333333333,1.3605442176870748,5.442176870748299,2.7210884353741496,2.0408163265306123,0,0.6666666666666666,0.8,1,0.5454545454545454,0.5657409090909091,0.3409090909090909,0.3695652173913043,1.3605442176870748,0.6802721088435374,0.1,0,0,13.953488372093023
"Nae'Qwan Tomlin","CLE",6,76,161,22.981366459627328,8.695652173913043,11.801242236024844,0.7368421052631579,0,4.968944099378882,0,0,5.590062111801243,9.937888198757763,7.453416149068323,0,0,0.5714285714285714,0.8,0,0.2962962962962963,0.6592333333333333,0.5185185185185185,0.578125,4.968944099378882,0.6211180124223602,0.05263157894736842,0,0,17.80104712041885
"Gary Harris","MIL",8,76,149,13.422818791946309,2.684563758389262,4.697986577181208,0.5714285714285714,2.684563758389262,6.7114093959731544,0.4,0.4,0,5.369127516778524,0,8.053691275167786,0,1,1,1,0.5882352941176471,0.5466970588235295,0.5882352941176471,0.5882352941176471,0,0.6711409395973155,0.14285714285714285,0.6711409395973155,0.1,10.982658959537572
"Maxime Raynaud","SAC",6,74,166,15.662650602409638,5.421686746987952,12.048192771084338,0.45,0,1.8072289156626506,0,0,4.819277108433735,7.228915662650603,3.6144578313253013,0,0,0.6666666666666666,0.8571428571428571,0,0.13043478260869565,0.4996391304347826,0.391304347826087,0.48148148148148145,2.4096385542168677,1.2048192771084338,0.1,0,0,18.0327868852459
"Jordan McLaughlin","SAS",8,74,157,17.8343949044586,3.1847133757961785,5.732484076433121,0.5555555555555556,3.1847133757961785,9.554140127388536,0.3333333333333333,0.3333333333333333,1.910828025477707,1.2738853503184713,5.095541401273885,9.554140127388536,0,0.2,0.25,1,0.625,0.5757645833333334,0.5208333333333334,0.56,1.2738853503184713,0,0,0,0,14.835164835164834
"Darius Garland","CLE",3,73,158,24.68354430379747,3.1645569620253164,10.759493670886076,0.29411764705882354,4.430379746835443,12.025316455696203,0.3684210526315789,0.3684210526315789,5.063291139240507,2.5316455696202533,3.7974683544303796,9.49367088607595,3.7974683544303796,0.4,0.4,0.7142857142857143,0.5277777777777778,0.4914041666666667,0.4305555555555556,0.4875,0,1.8987341772151898,0.17647058823529413,0,0,23.93617021276596
"Jamison Battle","TOR",10,73,155,26.451612903225808,2.5806451612903225,3.870967741935484,0.6666666666666666,7.096774193548387,9.67741935483871,0.7333333333333333,0.7333333333333333,0,5.161290322580645,0,21.29032258064516,0,1,1,1,0.7142857142857143,0.5663285714285714,0.9761904761904762,0.9761904761904762,0,0,0,0,0,14.450867052023122
"Jericho Sims","MIL",10,73,147,7.482993197278912,2.7210884353741496,4.081632653061225,0.6666666666666666,0,0,0,0,2.0408163265306123,4.081632653061225,1.3605442176870748,0,0,0.75,1,0,0,0.56985,0.6666666666666666,0.6875,1.3605442176870748,0,0,0,0,7.185628742514971
"Julian Strawther","DEN",9,71,149,22.14765100671141,6.040268456375839,9.395973154362416,0.6428571428571429,1.342281879194631,10.738255033557047,0.125,0.125,6.040268456375839,8.053691275167786,4.026845637583893,4.026845637583893,0,0.6666666666666666,0.6666666666666666,1,0.5333333333333333,0.529975,0.4,0.4583333333333333,0,1.342281879194631,0.14285714285714285,0,0,23.636363636363637
"Kyle Anderson","UTA",4,69,143,18.181818181818183,6.993006993006993,15.384615384615385,0.45454545454545453,0,0,0,0,4.195804195804196,6.993006993006993,6.993006993006993,0,0,0.5,0.5555555555555556,0,0,0.5211727272727272,0.45454545454545453,0.5,1.3986013986013985,1.3986013986013985,0.09090909090909091,0,0,17.261904761904763
"Tyler Kolek","NYK",10,67,129,17.829457364341085,5.426356589147287,8.527131782945736,0.6363636363636364,2.3255813953488373,10.077519379844961,0.23076923076923078,0.23076923076923078,0,4.651162790697675,6.2015503875969,4.651162790697675,2.3255813953488373,0.42857142857142855,0.42857142857142855,0.6666666666666666,0.5416666666666666,0.5757354166666667,0.4791666666666667,0.4791666666666667,0,0.7751937984496124,0.09090909090909091,0,0,18.987341772151897
"Chris Youngblood","OKC",13,66,133,13.533834586466165,0,0.7518796992481203,0,3.007518796992481,10.526315789473685,0.2857142857142857,0.2857142857142857,4.511278195488722,0,0,9.022556390977444,0,0,0,1,0.9333333333333333,0.5300833333333334,0.4,0.5,0,0,0,0,0,12.587412587412588
"Elijah Harkless","UTA",7,66,138,12.318840579710145,1.4492753623188406,2.898550724637681,0.5,1.4492753623188406,5.072463768115942,0.2857142857142857,0.2857142857142857,5.072463768115942,0,2.898550724637681,4.3478260869565215,0,0,0,1,0.6363636363636364,0.5420318181818181,0.45454545454545453,0.5666666666666667,1.4492753623188406,0,0,0,0,11.842105263157894
"Xavier Tillman","BOS",8,65,125,16,5.6,8,0.7,1.6,6.4,0.25,0.25,0,9.6,1.6,4.8,0,0.8571428571428571,1,1,0.4444444444444444,0.5406388888888889,0.5555555555555556,0.5555555555555556,1.6,0.8,0.1,0,0,13.013698630136986
"Monté Morris","IND",6,65,138,13.043478260869565,3.6231884057971016,8.695652173913043,0.4166666666666667,1.4492753623188406,5.797101449275362,0.25,0.25,1.4492753623188406,4.3478260869565215,2.898550724637681,4.3478260869565215,0,0.6,0.6,1,0.4,0.5476125,0.4,0.4090909090909091,0,0.7246376811594203,0.08333333333333333,0,0,14.723926380368098
"Devin Carter","SAC",8,65,145,11.724137931034482,2.0689655172413794,6.896551724137931,0.3,1.3793103448275863,6.896551724137931,0.2,0.2,3.4482758620689653,0,4.137931034482759,4.137931034482759,0,0,0,1,0.5,0.491235,0.3,0.38636363636363635,1.3793103448275863,0.6896551724137931,0.1,0,0,17.5
"Will Riley","WAS",9,64,131,15.267175572519085,5.343511450381679,10.687022900763358,0.5,0.7633587786259542,3.053435114503817,0.25,0.25,2.2900763358778624,7.633587786259542,3.053435114503817,2.2900763358778624,0,0.7142857142857143,0.7142857142857143,1,0.2222222222222222,0.5027027777777778,0.4722222222222222,0.47619047619047616,0,0.7633587786259542,0.07142857142857142,0,0,15.333333333333334
"Carter Bryant","SAS",9,62,125,17.6,4,9.6,0.4166666666666667,2.4,11.2,0.21428571428571427,0.21428571428571427,2.4,3.2,4.8,7.2,0,0.4,0.5,1,0.5384615384615384,0.5876711538461539,0.36538461538461536,0.4074074074074074,1.6,0,0,0,0,22.302158273381295
"Thomas Bryant","CLE",9,61,124,16.129032258064516,8.064516129032258,9.67741935483871,0.8333333333333334,0,8.870967741935484,0,0,0,11.290322580645162,4.838709677419355,0,0,0.7,0.875,0,0.4782608695652174,0.5720478260869565,0.43478260869565216,0.43478260869565216,3.225806451612903,0.8064516129032258,0.08333333333333333,0,0,16
"Kobe Brown","LAC",7,60,111,13.513513513513514,3.6036036036036037,4.504504504504505,0.8,0.9009009009009009,5.405405405405405,0.16666666666666666,0.16666666666666666,3.6036036036036037,7.207207207207207,0,2.7027027027027026,0,1,1,1,0.5454545454545454,0.5501454545454545,0.5,0.5769230769230769,0,0.9009009009009009,0.2,0,0,12.698412698412698
"Dalen Terry","CHI",8,59,129,13.178294573643411,3.10077519379845,6.2015503875969,0.5,1.550387596899225,3.875968992248062,0.4,0.4,2.3255813953488373,4.651162790697675,1.550387596899225,4.651162790697675,0,0.75,0.75,1,0.38461538461538464,0.6006423076923076,0.5384615384615384,0.53125,0,0.7751937984496124,0.125,0,0,11.842105263157894
"Tristan Vukcevic","WAS",10,59,125,23.2,5.6,9.6,0.5833333333333334,2.4,8,0.3,0.3,4.8,9.6,1.6,7.2,0,0.8571428571428571,0.8571428571428571,1,0.45454545454545453,0.5095590909090909,0.5227272727272727,0.5384615384615384,0,1.6,0.16666666666666666,0,0,21.58273381294964
"Aaron Holiday","HOU",7,58,115,28.695652173913043,4.3478260869565215,6.086956521739131,0.7142857142857143,4.3478260869565215,9.565217391304348,0.45454545454545453,0.45454545454545453,6.956521739130435,5.217391304347826,3.4782608695652173,13.043478260869565,0,0.6,0.6,1,0.6111111111111112,0.5340194444444444,0.6944444444444444,0.75,0,0,0,0,0,20.149253731343283
"T.J. McConnell","IND",4,58,124,20.967741935483872,8.870967741935484,23.387096774193548,0.3793103448275862,0.8064516129032258,4.838709677419355,0.16666666666666666,0.16666666666666666,0.8064516129032258,6.451612903225806,11.290322580645162,2.4193548387096775,0,0.36363636363636365,0.36363636363636365,1,0.17142857142857143,0.4668657142857143,0.35714285714285715,0.37142857142857144,0,2.4193548387096775,0.10344827586206896,0.8064516129032258,0.16666666666666666,25.174825174825177
"Ariel Hukporti","NYK",8,56,119,6.722689075630252,3.361344537815126,6.722689075630252,0.5,0,0,0,0,0,5.042016806722689,1.680672268907563,0,0,0.75,1,0,0,0.6443375,0.5,0.5,1.680672268907563,1.680672268907563,0.25,0,0,9.558823529411764
"Jevon Carter","CHI",4,56,119,26.89075630252101,0,3.361344537815126,0,8.403361344537815,14.285714285714286,0.5882352941176471,0.5882352941176471,1.680672268907563,0,0,17.647058823529413,7.563025210084033,0,0,0.7,0.8095238095238095,0.5596309523809524,0.7142857142857143,0.7272727272727273,0,0.8403361344537815,0.25,0,0,17.39130434782609
"Kelly Olynyk","SAS",5,56,113,18.58407079646018,5.3097345132743365,7.964601769911504,0.6666666666666666,1.7699115044247788,4.424778761061947,0.4,0.4,2.6548672566371683,5.3097345132743365,5.3097345132743365,5.3097345132743365,0,0.5,0.6,1,0.35714285714285715,0.5951357142857142,0.6428571428571429,0.65625,1.7699115044247788,1.7699115044247788,0.2222222222222222,0,0,15.625
"Cody Martin","IND",4,55,114,6.140350877192983,1.7543859649122806,4.385964912280702,0.4,0,4.385964912280702,0,0,2.6315789473684212,1.7543859649122806,1.7543859649122806,0,0,0.5,0.5,0,0.5,0.509745,0.2,0.2692307692307692,0,0.8771929824561403,0.2,0,0,12.499999999999998
"Bobi Klintman","DET",6,53,113,15.044247787610619,3.5398230088495577,8.849557522123893,0.4,2.6548672566371683,9.734513274336283,0.2727272727272727,0.2727272727272727,0,5.3097345132743365,1.7699115044247788,7.964601769911504,0,0.75,0.75,1,0.5238095238095238,0.5572761904761905,0.40476190476190477,0.38636363636363635,0,1.7699115044247788,0.2,0,0,19.852941176470587
"Jalen Pickett","DEN",7,53,114,15.789473684210526,3.508771929824561,7.017543859649122,0.5,2.6315789473684212,6.140350877192983,0.42857142857142855,0.42857142857142855,0.8771929824561403,3.508771929824561,3.508771929824561,7.894736842105263,0,0.5,0.5,1,0.4666666666666667,0.545,0.5666666666666667,0.6,0,1.7543859649122806,0.25,0,0,14.285714285714285
"Maxi Kleber","LAL",4,50,102,6.862745098039215,0,0.9803921568627451,0,1.9607843137254901,2.9411764705882355,0.6666666666666666,0.6666666666666666,0.9803921568627451,0,0,5.882352941176471,0,0,0,1,0.75,0.57115,0.75,0.7,0,0.9803921568627451,1,0,0,4.201680672268908
"Zach Edey","MEM",2,50,107,19.626168224299064,6.542056074766355,14.953271028037383,0.4375,0,0.9345794392523364,0,0,6.542056074766355,11.214953271028037,1.8691588785046729,0,0,0.8571428571428571,1,0,0.058823529411764705,0.5830352941176471,0.4117647058823529,0.5,1.8691588785046729,0.9345794392523364,0.0625,0,0,19.68503937007874
"Jordan Miller","LAC",3,49,93,30.107526881720432,3.225806451612903,7.526881720430108,0.42857142857142855,5.376344086021505,9.67741935483871,0.5555555555555556,0.5555555555555556,7.526881720430108,2.150537634408602,4.301075268817204,16.129032258064516,0,0.3333333333333333,1,1,0.5625,0.52726,0.65625,0.7,4.301075268817204,3.225806451612903,0.42857142857142855,0,0,22.549019607843135
"Matisse Thybulle","POR",4,49,111,18.01801801801802,1.8018018018018018,3.6036036036036037,0.5,3.6036036036036037,5.405405405405405,0.6666666666666666,0.6666666666666666,3.6036036036036037,0,3.6036036036036037,10.81081081081081,0,0,0,1,0.6,0.6488050000000001,0.8,0.8333333333333334,0,0.9009009009009009,0.25,0,0,10.483870967741936
"Rayan Rupert","POR",8,49,103,8.737864077669903,1.941747572815534,3.883495145631068,0.5,0.970873786407767,6.796116504854369,0.14285714285714285,0.14285714285714285,1.941747572815534,1.941747572815534,1.941747572815534,2.912621359223301,0,0.5,0.5,1,0.6363636363636364,0.5713045454545455,0.3181818181818182,0.34615384615384615,0,1.941747572815534,0.5,0,0,12.195121951219512
"Luke Travers","CLE",6,47,102,9.803921568627452,1.9607843137254901,9.803921568627452,0.2,0,5.882352941176471,0,0,5.882352941176471,3.9215686274509802,0,0,0,1,1,0,0.375,0.578503125,0.125,0.2631578947368421,0,1.9607843137254901,0.2,0,0,16.528925619834713
"Noah Penda","ORL",7,47,94,18.085106382978722,4.25531914893617,9.574468085106384,0.4444444444444444,2.127659574468085,2.127659574468085,1,1,3.1914893617021276,4.25531914893617,4.25531914893617,6.382978723404255,0,0.5,0.5,1,0.18181818181818182,0.5514636363636364,0.6363636363636364,0.6538461538461539,0,0,0,0,0,14.545454545454545
"Bismack Biyombo","SAS",6,46,89,2.247191011235955,1.1235955056179776,2.247191011235955,0.5,0,0,0,0,0,2.247191011235955,0,0,0,1,1,0,0,0.735,0.5,0.5,0,0,0,0,0,4.040404040404041
"Lindy Waters III","SAS",6,46,92,16.304347826086957,0,0,0,5.434782608695652,13.043478260869565,0.4166666666666667,0.4166666666666667,0,0,0,16.304347826086957,0,0,0,1,1,0.5386875,0.625,0.625,0,0,0,0,0,11.538461538461538
"Rasheer Fleming","PHX",8,46,100,16,3,8,0.375,2,11,0.18181818181818182,0.18181818181818182,4,4,2,6,0,0.6666666666666666,1,1,0.5789473684210527,0.5879552631578948,0.3157894736842105,0.38095238095238093,2,0,0,0,0,20.168067226890756
"Ryan Nembhard","DAL",5,45,98,16.3265306122449,7.142857142857143,11.224489795918368,0.6363636363636364,0,4.081632653061225,0,0,2.0408163265306123,4.081632653061225,10.204081632653061,0,0,0.2857142857142857,0.2857142857142857,0,0.26666666666666666,0.4516233333333333,0.4666666666666667,0.5,0,1.0204081632653061,0.09090909090909091,0,0,19.819819819819816
"Wendell Moore Jr.","DET",3,43,87,6.896551724137931,3.4482758620689653,5.747126436781609,0.6,0,1.1494252873563218,0,0,0,2.2988505747126435,4.597701149425287,0,0,0.3333333333333333,0.3333333333333333,0,0.16666666666666666,0.585325,0.5,0.5,0,1.1494252873563218,0.2,0,0,7.526881720430107
"Bryce McGowens","NOP",6,43,94,19.148936170212767,5.319148936170213,11.702127659574469,0.45454545454545453,0,2.127659574468085,0,0,8.51063829787234,6.382978723404255,4.25531914893617,0,0,0.6,0.6,0,0.15384615384615385,0.5775846153846154,0.38461538461538464,0.5,0,2.127659574468085,0.18181818181818182,0,0,17.59259259259259
"Yang Hansen","POR",6,42,94,19.148936170212767,6.382978723404255,11.702127659574469,0.5454545454545454,0,5.319148936170213,0,0,6.382978723404255,8.51063829787234,4.25531914893617,0,0,0.6666666666666666,0.8,0,0.3125,0.562278125,0.375,0.47368421052631576,2.127659574468085,2.127659574468085,0.18181818181818182,0,0,23.36448598130841
"Brandon Miller","CHA",2,40,85,34.11764705882353,9.411764705882353,16.470588235294116,0.5714285714285714,2.3529411764705883,12.941176470588236,0.18181818181818182,0.18181818181818182,8.235294117647058,9.411764705882353,9.411764705882353,7.0588235294117645,0,0.5,0.5,1,0.44,0.564814,0.44,0.5,0,0,0,0,0,33.68421052631579
"Jae'Sean Tate","HOU",7,39,76,10.526315789473685,5.2631578947368425,10.526315789473685,0.5,0,3.9473684210526314,0,0,0,5.2631578947368425,5.2631578947368425,0,0,0.5,0.5,0,0.2727272727272727,0.48472272727272725,0.36363636363636365,0.36363636363636365,0,0,0,0,0,13.636363636363637
"AJ Johnson","WAS",8,38,76,9.210526315789474,2.6315789473684212,11.842105263157896,0.2222222222222222,0,2.6315789473684212,0,0,3.9473684210526314,5.2631578947368425,0,0,0,1,1,0,0.18181818181818182,0.5483272727272728,0.18181818181818182,0.2692307692307692,0,5.2631578947368425,0.4444444444444444,0,0,15.730337078651685
"Joan Beringer","MIN",9,37,86,20.930232558139537,9.30232558139535,12.790697674418604,0.7272727272727273,0,0,0,0,2.3255813953488373,16.27906976744186,2.3255813953488373,0,0,0.875,0.875,0,0,0.7649454545454546,0.7272727272727273,0.75,0,0,0,0,0,15.217391304347826
"Leonard Miller","MIN",8,37,87,17.24137931034483,6.896551724137931,8.045977011494253,0.8571428571428571,0,5.747126436781609,0,0,3.4482758620689653,11.494252873563218,2.2988505747126435,0,0,0.8333333333333334,0.8333333333333334,0,0.4166666666666667,0.5639041666666667,0.5,0.5357142857142857,0,0,0,0,0,19.35483870967742
"Johnny Furphy","IND",3,37,80,10,1.25,3.75,0.3333333333333333,2.5,3.75,0.6666666666666666,0.6666666666666666,0,2.5,0,7.5,0,1,1,1,0.5,0.533575,0.6666666666666666,0.6666666666666666,0,0,0,0,0,10
"Jared McCain","PHI",4,36,68,0,0,10.294117647058824,0,0,2.9411764705882355,0,0,0,0,0,0,0,0,0,0,0.2222222222222222,0.4951944444444445,0,0,0,2.9411764705882355,0.2857142857142857,0,0,12.345679012345679
"Caleb Houstan","ATL",6,35,72,19.444444444444443,1.3888888888888888,4.166666666666667,0.3333333333333333,4.166666666666667,9.722222222222221,0.42857142857142855,0.42857142857142855,4.166666666666667,2.7777777777777777,0,12.5,0,1,1,1,0.7,0.54964,0.55,0.6363636363636364,0,1.3888888888888888,0.3333333333333333,0,0,17.5
"Nolan Traore","BKN",4,35,75,9.333333333333334,0,4,0,2.6666666666666665,8,0.3333333333333333,0.3333333333333333,1.3333333333333333,0,0,8,0,0,0,1,0.6666666666666666,0.5537277777777778,0.3333333333333333,0.35,0,0,0,0,0,13.186813186813186
"Jonathan Mogbo","TOR",7,35,77,7.792207792207792,3.896103896103896,7.792207792207792,0.5,0,0,0,0,0,5.194805194805195,2.5974025974025974,0,0,0.6666666666666666,1,0,0,0.5469666666666667,0.5,0.5,2.5974025974025974,1.2987012987012987,0.16666666666666666,0,0,8.045977011494253
"Khaman Maluach","PHX",7,35,78,16.666666666666668,3.8461538461538463,5.128205128205129,0.75,0,3.8461538461538463,0,0,8.974358974358974,7.6923076923076925,0,0,0,1,1,0,0.42857142857142855,0.6485000000000001,0.42857142857142855,0.5909090909090909,0,1.2820512820512822,0.25,0,0,17.391304347826086
"Malaki Branham","WAS",5,34,66,28.78787878787879,7.575757575757576,9.090909090909092,0.8333333333333334,1.5151515151515151,7.575757575757576,0.2,0.2,9.090909090909092,9.090909090909092,6.0606060606060606,4.545454545454546,0,0.6,0.75,1,0.45454545454545453,0.5455863636363637,0.5909090909090909,0.6333333333333333,3.0303030303030303,1.5151515151515151,0.16666666666666666,0,0,21.05263157894737
"Mac McClung","IND",3,34,73,26.027397260273972,6.8493150684931505,10.95890410958904,0.625,2.73972602739726,13.698630136986301,0.2,0.2,4.109589041095891,10.95890410958904,2.73972602739726,4.109589041095891,4.109589041095891,0.8,0.8,0.5,0.5555555555555556,0.5676852941176471,0.4444444444444444,0.5,0,1.36986301369863,0.125,0,0,22.105263157894736
"Dylan Cardwell","SAC",3,33,68,7.352941176470588,2.9411764705882355,7.352941176470588,0.4,0,1.4705882352941178,0,0,1.4705882352941178,5.882352941176471,0,0,0,1,1,0,0.16666666666666666,0.5120416666666666,0.3333333333333333,0.35714285714285715,0,2.9411764705882355,0.4,0,0,10.843373493975903
"Charles Bassey","MEM",2,31,67,10.447761194029852,4.477611940298507,11.940298507462687,0.375,0,0,0,0,1.492537313432836,5.970149253731344,2.985074626865672,0,0,0.6666666666666666,1,0,0,0.556,0.375,0.3888888888888889,2.985074626865672,1.492537313432836,0.125,0,0,12.5
"Coby White","CHI",1,30,64,42.1875,3.125,9.375,0.3333333333333333,4.6875,12.5,0.375,0.375,21.875,0,6.25,14.0625,0,0,0,1,0.5714285714285714,0.45604285714285714,0.4642857142857143,0.65,0,0,0,0,0,31.944444444444446
"Mason Plumlee","CHA",6,30,63,9.523809523809524,3.1746031746031744,3.1746031746031744,1,0,0,0,0,3.1746031746031744,6.349206349206349,0,0,0,1,1,0,0,0.73765,1,0.75,0,0,0,0,0,8.333333333333334
"Jalen Green","PHX",2,30,62,50,8.064516129032258,14.516129032258064,0.5555555555555556,9.67741935483871,22.580645161290324,0.42857142857142855,0.42857142857142855,4.838709677419355,0,16.129032258064516,29.032258064516128,0,0,0,1,0.6086956521739131,0.5445739130434782,0.6086956521739131,0.62,0,0,0,0,0,36.986301369863014
"Jase Richardson","ORL",7,30,61,4.918032786885246,1.639344262295082,3.278688524590164,0.5,0,4.918032786885246,0,0,1.639344262295082,3.278688524590164,0,0,0,1,1,0,0.6,0.49356,0.2,0.25,0,0,0,0,0,12.5
"LeBron James","LAL",1,30,63,17.46031746031746,3.1746031746031744,6.349206349206349,0.5,3.1746031746031744,4.761904761904762,0.6666666666666666,0.6666666666666666,1.5873015873015872,6.349206349206349,0,9.523809523809524,0,1,1,1,0.42857142857142855,0.5671357142857143,0.7142857142857143,0.6111111111111112,0,0,0,0,0,14.084507042253522
"GG Jackson","MEM",6,28,64,18.75,6.25,12.5,0.5,0,9.375,0,0,6.25,9.375,3.125,0,0,0.75,0.75,0,0.42857142857142855,0.5240642857142858,0.2857142857142857,0.35294117647058826,0,1.5625,0.125,0,0,22.972972972972972
"Dario Šarić","SAC",3,28,56,8.928571428571429,0,5.357142857142857,0,1.7857142857142858,3.5714285714285716,0.5,0.5,3.5714285714285716,0,0,5.357142857142857,0,0,0,1,0.4,0.5351899999999999,0.3,0.4166666666666667,0,1.7857142857142858,0.3333333333333333,0,0,11.864406779661017
"PJ Hall","MEM",7,27,61,21.311475409836067,6.557377049180328,9.836065573770492,0.6666666666666666,1.639344262295082,4.918032786885246,0.3333333333333333,0.3333333333333333,3.278688524590164,13.114754098360656,0,4.918032786885246,0,1,1,1,0.3333333333333333,0.5086388888888889,0.6111111111111112,0.65,0,1.639344262295082,0.16666666666666666,0,0,15.714285714285715
"Tyson Etienne","BKN",5,25,50,12,0,2,0,4,20,0.2,0.2,0,0,0,12,0,0,0,1,0.9090909090909091,0.5105863636363637,0.2727272727272727,0.2727272727272727,0,0,0,0,0,18.333333333333336
"E.J. Liddell","BKN",5,25,50,24,4,6,0.6666666666666666,4,16,0.25,0.25,4,4,4,12,0,0.5,1,1,0.7272727272727273,0.49072272727272725,0.45454545454545453,0.5,4,2,0.3333333333333333,0,0,19.047619047619047
"Keshad Johnson","MIA",5,24,57,12.280701754385966,3.508771929824561,12.280701754385966,0.2857142857142857,1.7543859649122806,12.280701754385966,0.14285714285714285,0.14285714285714285,0,0,7.017543859649122,5.2631578947368425,0,0,0,1,0.5,0.5302535714285714,0.25,0.25,0,1.7543859649122806,0.14285714285714285,0,0,21.73913043478261
"JD Davison","HOU",5,24,43,25.58139534883721,2.3255813953488373,4.651162790697675,0.5,6.976744186046512,13.953488372093023,0.5,0.5,0,4.651162790697675,0,20.930232558139537,0,1,1,1,0.75,0.4867642857142857,0.6875,0.6111111111111112,0,0,0,0,0,18.367346938775512
"DeAndre Jordan","NOP",2,23,42,21.428571428571427,9.523809523809524,11.904761904761905,0.8,0,0,0,0,2.380952380952381,9.523809523809524,9.523809523809524,0,0,0.5,1,0,0,0.65698,0.8,0.9,9.523809523809524,2.380952380952381,0.2,0,0,11.76470588235294
"Joe Ingles","MIN",5,23,53,0,0,0,0,0,3.7735849056603774,0,0,0,0,0,0,0,0,0,0,1,0.503175,0,0,0,0,0,0,0,3.6363636363636362
"Yanic Konan Niederhäuser","LAC",5,22,43,44.18604651162791,16.27906976744186,18.6046511627907,0.875,0,0,0,0,11.627906976744185,27.906976744186046,4.651162790697675,0,0,0.8571428571428571,1,0,0,0.592075,0.875,0.7916666666666666,4.651162790697675,0,0,0,0,26.53061224489796
"Tolu Smith","DET",2,22,47,36.170212765957444,12.76595744680851,17.02127659574468,0.75,0,0,0,0,10.638297872340425,17.02127659574468,8.51063829787234,0,0,0.6666666666666666,0.8,0,0,0.56775,0.75,0.7727272727272727,4.25531914893617,2.127659574468085,0.125,0,0,21.428571428571427
"Andre Jackson Jr.","MIL",6,22,46,0,0,2.1739130434782608,0,0,2.1739130434782608,0,0,0,0,0,0,0,0,0,0,0.5,0.40335,0,0,0,0,0,0,0,7.8431372549019605
"Eric Gordon","PHI",3,21,45,17.77777777777778,2.2222222222222223,2.2222222222222223,1,4.444444444444445,8.88888888888889,0.5,0.5,0,4.444444444444445,0,13.333333333333334,0,1,1,1,0.8,0.55885,0.8,0.8,0,0,0,0,0,12.962962962962962
"Zeke Nnaji","DEN",6,21,45,24.444444444444443,6.666666666666667,6.666666666666667,1,2.2222222222222223,8.88888888888889,0.25,0.25,4.444444444444445,8.88888888888889,4.444444444444445,6.666666666666667,0,0.6666666666666666,0.6666666666666666,1,0.5714285714285714,0.5545357142857142,0.6428571428571429,0.6875,0,0,0,0,0,20
"Mark Sears","MIL",5,21,42,45.23809523809524,4.761904761904762,9.523809523809524,0.5,7.142857142857143,11.904761904761905,0.6,0.6,14.285714285714286,0,9.523809523809524,14.285714285714286,7.142857142857143,0,0,0.6666666666666666,0.5555555555555556,0.4998166666666667,0.7222222222222222,0.7307692307692307,0,0,0,0,0,36.95652173913043
"Paul George","PHI",1,21,41,21.951219512195124,2.4390243902439024,12.195121951219512,0.2,2.4390243902439024,9.75609756097561,0.25,0.25,9.75609756097561,0,4.878048780487805,7.317073170731708,0,0,0,1,0.4444444444444444,0.5026166666666667,0.2777777777777778,0.375,0,2.4390243902439024,0.2,0,0,27.659574468085108
"Antonio Reeves","CHA",2,21,41,21.951219512195124,0,2.4390243902439024,0,7.317073170731708,12.195121951219512,0.6,0.6,0,0,0,21.951219512195124,0,0,0,1,0.8333333333333334,0.5393416666666667,0.75,0.75,0,0,0,0,0,11.538461538461538
"Jamir Watkins","WAS",3,21,45,13.333333333333334,6.666666666666667,6.666666666666667,1,0,2.2222222222222223,0,0,0,8.88888888888889,4.444444444444445,0,0,0.6666666666666666,0.6666666666666666,0,0.25,0.6434625,0.75,0.75,0,0,0,0,0,9.25925925925926
"Jeff Green","HOU",5,21,38,31.57894736842105,0,0,0,10.526315789473685,15.789473684210526,0.6666666666666666,0.6666666666666666,0,0,0,31.57894736842105,0,0,0,1,1,0.52585,1,1,0,0,0,0,0,13.636363636363637
"Johnny Juzang","MIN",7,21,46,19.565217391304348,2.1739130434782608,4.3478260869565215,0.5,4.3478260869565215,15.217391304347826,0.2857142857142857,0.2857142857142857,2.1739130434782608,0,4.3478260869565215,13.043478260869565,0,0,0,1,0.7777777777777778,0.4802333333333333,0.4444444444444444,0.45,0,0,0,0,0,22
"James Wiseman","IND",1,20,41,9.75609756097561,4.878048780487805,7.317073170731708,0.6666666666666666,0,0,0,0,0,4.878048780487805,4.878048780487805,0,0,0.5,1,0,0,0.5705333333333333,0.6666666666666666,0.6666666666666666,4.878048780487805,0,0,0,0,12.765957446808512
"Isaac Jones","DET",4,18,35,14.285714285714286,5.714285714285714,5.714285714285714,1,0,5.714285714285714,0,0,2.857142857142857,5.714285714285714,5.714285714285714,0,0,0.5,1,0,0.5,0.570625,0.5,0.5,5.714285714285714,0,0,0,0,12.5
"David Jones Garcia","SAS",4,18,39,28.205128205128204,12.820512820512821,20.512820512820515,0.625,0,0,0,0,2.5641025641025643,0,25.641025641025642,0,0,0,0,0,0,0.6161875,0.625,0.6111111111111112,5.128205128205129,0,0,0,0,19.565217391304348
"Hunter Tyson","DEN",5,17,37,0,0,8.108108108108109,0,0,10.81081081081081,0,0,0,0,0,0,0,0,0,0,0.5714285714285714,0.5095428571428572,0,0,0,8.108108108108109,1,0,0,16.666666666666668
"Mohamed Diawara","NYK",7,16,35,20,5.714285714285714,8.571428571428571,0.6666666666666666,2.857142857142857,2.857142857142857,1,1,0,11.428571428571429,0,8.571428571428571,0,1,1,1,0.25,0.5268625,0.875,0.7,0,0,0,0,0,15
"Drew Peterson","CHA",1,16,33,3.0303030303030303,0,3.0303030303030303,0,0,6.0606060606060606,0,0,3.0303030303030303,0,0,0,0,0,0,0,0.6666666666666666,0.5311166666666667,0,0.125,0,0,0,0,0,10.526315789473685
"Jahmyl Telfort","LAC",3,16,31,3.225806451612903,0,0,0,0,6.451612903225806,0,0,3.225806451612903,0,0,0,0,0,0,0,1,0.5454,0,0.125,0,0,0,0,0,15.15151515151515
"Ron Harper Jr.","BOS",3,15,30,26.666666666666668,3.3333333333333335,3.3333333333333335,1,6.666666666666667,20,0.3333333333333333,0.3333333333333333,0,6.666666666666667,0,20,0,1,1,1,0.8571428571428571,0.5259857142857143,0.5714285714285714,0.5714285714285714,0,0,0,0,0,18.42105263157895
"N'Faly Dante","ATL",4,15,30,10,3.3333333333333335,13.333333333333334,0.25,0,0,0,0,3.3333333333333335,6.666666666666667,0,0,0,1,1,0,0,0.53525,0.25,0.3,0,0,0,0,0,12.82051282051282
"Pacôme Dadiet","NYK",5,14,30,13.333333333333334,3.3333333333333335,10,0.3333333333333333,0,3.3333333333333335,0,0,6.666666666666667,6.666666666666667,0,0,0,1,1,0,0.25,0.520275,0.25,0.4,0,0,0,0,0,13.88888888888889
"Daeqwon Plowden","SAC",1,14,28,7.142857142857143,3.5714285714285716,7.142857142857143,0.5,0,10.714285714285714,0,0,0,0,7.142857142857143,0,0,0,0,0,0.6,0.58175,0.2,0.2,7.142857142857143,3.5714285714285716,0.5,0,0,15.625
"Anthony Gill","WAS",5,13,28,32.142857142857146,7.142857142857143,10.714285714285714,0.6666666666666666,3.5714285714285716,3.5714285714285716,1,1,7.142857142857143,7.142857142857143,7.142857142857143,10.714285714285714,0,0.5,0.5,1,0.25,0.5405625,0.875,0.9,0,3.5714285714285716,0.3333333333333333,0,0,21.875
"Miles Kelly","DAL",2,11,31,6.451612903225806,3.225806451612903,3.225806451612903,1,0,3.225806451612903,0,0,0,6.451612903225806,0,0,0,1,1,0,0.5,0.464975,0.5,0.5,0,0,0,0,0,8.571428571428571
"Harrison Ingram","SAS",3,11,25,20,4,8,0.5,4,4,1,1,0,0,8,12,0,0,0,1,0.3333333333333333,0.54015,0.8333333333333334,0.8333333333333334,8,0,0,0,0,9.375
"Jahmir Young","MIA",2,10,25,8,4,8,0.5,0,4,0,0,0,0,8,0,0,0,0,0,0.3333333333333333,0.5428499999999999,0.3333333333333333,0.3333333333333333,0,4,0.5,0,0,14.814814814814813
"Kevin Porter Jr.","MIL",1,9,21,47.61904761904762,4.761904761904762,9.523809523809524,0.5,9.523809523809524,14.285714285714286,0.6666666666666666,0.6666666666666666,9.523809523809524,0,9.523809523809524,28.571428571428573,0,0,0,1,0.6,0.59938,0.8,0.8333333333333334,0,0,0,0,0,26.08695652173913
"Jacob Toppin","ATL",3,9,18,33.333333333333336,16.666666666666668,22.22222222222222,0.75,0,0,0,0,0,11.11111111111111,22.22222222222222,0,0,0.3333333333333333,0.5,0,0,0.5481,0.75,0.75,11.11111111111111,0,0,0,0,19.047619047619047
"Thanasis Antetokounmpo","MIL",4,9,18,11.11111111111111,5.555555555555555,11.11111111111111,0.5,0,0,0,0,0,11.11111111111111,0,0,0,1,1,0,0,0.5967,0.5,0.5,0,0,0,0,0,9.523809523809524
"Riley Minix","SAS",3,8,20,45,15,15,1,5,15,0.3333333333333333,0.3333333333333333,0,10,20,15,0,0.3333333333333333,0.5,1,0.5,0.658375,0.75,0.75,10,0,0,0,0,24
"Adou Thiero","LAL",2,8,17,35.294117647058826,11.764705882352942,11.764705882352942,1,0,0,0,0,11.764705882352942,23.529411764705884,0,0,0,1,1,0,0,0.6784,1,1,0,0,0,0,0,15.789473684210526
"Doug McDermott","SAC",1,8,19,31.57894736842105,0,0,0,10.526315789473685,15.789473684210526,0.6666666666666666,0.6666666666666666,0,0,0,31.57894736842105,0,0,0,1,1,0.5106499999999999,1,1,0,0,0,0,0,20
"Trey Jemison III","NYK",1,8,17,0,0,0,0,0,0,0,0,0,0,0,0,0,0,0,0,0,0,0,0,0,0,0,0,0,0
"Danny Wolf","BKN",3,8,16,12.5,0,6.25,0,0,0,0,0,12.5,0,0,0,0,0,0,0,0,0.7035,0,0.5,0,0,0,0,0,9.090909090909092
"Chris Mañon","LAL",2,7,12,0,0,0,0,0,8.333333333333334,0,0,0,0,0,0,0,0,0,0,1,0.57405,0,0,0,0,0,0,0,5.2631578947368425
"Amari Williams","BOS",2,7,14,14.285714285714286,7.142857142857143,14.285714285714286,0.5,0,0,0,0,0,14.285714285714286,0,0,0,1,1,0,0,0.4184,0.5,0.5,0,7.142857142857143,0.5,0,0,11.76470588235294
"Colby Jones","DET",1,7,14,14.285714285714286,7.142857142857143,7.142857142857143,1,0,14.285714285714286,0,0,0,0,14.285714285714286,0,0,0,0,0,0.6666666666666666,0.4800333333333333,0.3333333333333333,0.3333333333333333,0,0,0,0,0,16.666666666666668
"Hunter Sallis","PHI",3,7,15,13.333333333333334,6.666666666666667,6.666666666666667,1,0,0,0,0,0,0,13.333333333333334,0,0,0,0,0,0,0.4037,1,1,0,0,0,0,0,17.64705882352941
"Christian Koloko","LAL",2,6,11,0,0,0,0,0,0,0,0,0,0,0,0,0,0,0,0,0,0,0,0,0,0,0,0,0,0
"Garrett Temple","TOR",2,6,14,0,0,0,0,0,7.142857142857143,0,0,0,0,0,0,0,0,0,0,1,0.4713,0,0,0,0,0,7.142857142857143,1,7.142857142857142
"Johni Broome","PHI",2,6,13,30.76923076923077,15.384615384615385,30.76923076923077,0.5,0,7.6923076923076925,0,0,0,15.384615384615385,15.384615384615385,0,0,0.5,1,0,0.2,0.48017000000000004,0.4,0.4,15.384615384615385,0,0,0,0,31.25
"Hunter Dickinson","NOP",1,5,10,20,10,20,0.5,0,0,0,0,0,20,0,0,0,1,1,0,0,0.43405,0.5,0.5,0,0,0,0,0,36.36363636363637
"DaRon Holmes II","DEN",2,4,9,33.333333333333336,0,0,0,11.11111111111111,11.11111111111111,1,1,0,0,0,33.333333333333336,0,0,0,1,1,0.56865,1.5,1.5,0,0,0,0,0,11.11111111111111
"Pete Nance","MIL",1,4,9,111.11111111111111,22.22222222222222,22.22222222222222,1,22.22222222222222,33.333333333333336,0.6666666666666666,0.6666666666666666,0,44.44444444444444,0,66.66666666666667,0,1,1,1,0.6,0.5120199999999999,1,1,0,0,0,0,0,55.55555555555556
"Koby Brea","PHX",1,4,10,40,10,10,1,0,10,0,0,20,0,20,0,0,0,0,0,0.5,0.6307,0.5,0.6666666666666666,0,0,0,0,0,25
"Sharife Cooper","WAS",2,4,7,0,0,0,0,0,0,0,0,0,0,0,0,0,0,0,0,0,0,0,0,0,0,0,0,0,14.285714285714285
"Jamaree Bouyea","PHX",1,3,8,37.5,0,12.5,0,12.5,12.5,1,1,0,0,0,0,37.5,0,0,0,0.5,0.435725,0.75,0.75,0,0,0,0,0,15.384615384615383
"Kyle Lowry","PHI",1,3,8,37.5,0,0,0,12.5,12.5,1,1,0,0,0,37.5,0,0,0,1,1,0.5628,1.5,1.5,0,0,0,0,0,11.11111111111111
"Myron Gardner","MIA",1,3,8,37.5,0,0,0,12.5,12.5,1,1,0,0,0,37.5,0,0,0,1,1,0.5043,1.5,1.5,0,0,0,0,0,12.5
"Orlando Robinson","ORL",1,2,4,0,0,0,0,0,0,0,0,0,0,0,0,0,0,0,0,0,0,0,0,0,0,0,0,0,0
"Jamal Cain","ORL",2,1,2,0,0,0,0,0,0,0,0,0,0,0,0,0,0,0,0,0,0,0,0,0,0,0,0,0,0