"Name","TeamAbbreviation","GamesPlayed","Minutes","ShotQualityAvg","AtRimFG3AFrequency","Avg2ptShotDistance","Avg3ptShotDistance","AtRimFGM","AtRimFGA","AtRimFrequency","AtRimAccuracy","UnblockedAtRimAccuracy","AtRimPctAssisted","AtRimPctBlocked","ShortMidRangeFGM","ShortMidRangeFGA","ShortMidRangeFrequency","ShortMidRangeAccuracy","UnblockedShortMidRangeAccuracy","ShortMidRangePctAssisted","ShortMidRangePctBlocked","LongMidRangeFGM","LongMidRangeFGA","LongMidRangeFrequency","LongMidRangeAccuracy","UnblockedLongMidRangeAccuracy","LongMidRangePctAssisted","LongMidRangePctBlocked","Corner3FGM","Corner3FGA","Corner3Frequency","Corner3Accuracy","UnblockedCorner3Accuracy","Corner3PctAssisted","Corner3PctBlocked","Arc3FGM","Arc3FGA","Arc3Frequency","Arc3Accuracy","UnblockedArc3Accuracy","Arc3PctAssisted","Arc3PctBlocked","NonHeaveArc3FGM","NonHeaveArc3FGA","NonHeaveArc3Accuracy","HeaveAttempts","HeaveMakes"
"Franz Wagner","ORL",15,538,0.5457939271255061,0.6558704453441295,5.357471264367816,25.947945205479453,5.253784505788068,7.92520035618878,0.3603238866396761,0.6629213483146067,0.686046511627907,0.559322033898305,0.033707865168539325,2.13713268032057,6.233303650934996,0.2834008097165992,0.34285714285714286,0.41379310344827586,0.4583333333333333,0.17142857142857143,0.4452359750667854,1.335707925200356,0.06072874493927125,0.3333333333333333,0.3333333333333333,0.4,0,0.3561887800534283,0.8904719501335708,0.04048582995951417,0.4,0.4,0.75,0,1.8699910952804986,5.609973285841496,0.2550607287449393,0.3333333333333333,0.3333333333333333,0.8571428571428571,0,21,63,0.3333333333333333,0,0
"Devin Booker","PHX",15,530,0.498395,0.4379310344827586,10.233980582524271,26.62142857142857,3.043867502238138,3.849597135183527,0.1482758620689655,0.7906976744186046,0.8095238095238095,0.38235294117647056,0.023255813953488372,4.565801253357207,9.042076991942704,0.3482758620689655,0.504950495049505,0.5730337078651685,0.3333333333333333,0.1188118811881188,2.596239928379588,5.550581915846016,0.21379310344827587,0.46774193548387094,0.48333333333333334,0.2413793103448276,0.03225806451612903,0.26857654431512984,0.7162041181736795,0.027586206896551724,0.375,0.375,1,0,2.3276633840644583,6.803939122649955,0.2620689655172414,0.34210526315789475,0.34210526315789475,0.6153846153846154,0,26,76,0.34210526315789475,0,0
"Tyrese Maxey","PHI",13,525,0.5231758957654723,0.6286644951140065,7.743010752688172,26.663636363636364,4.014939309056956,6.722689075630252,0.23452768729641693,0.5972222222222222,0.671875,0.3953488372093023,0.1111111111111111,2.987861811391223,6.816059757236228,0.23778501628664495,0.4383561643835616,0.463768115942029,0.40625,0.0547945205479452,1.4005602240896358,3.828197945845005,0.13355048859934854,0.36585365853658536,0.36585365853658536,0.26666666666666666,0,0.3734827264239029,0.9337068160597572,0.03257328990228013,0.4,0.4,0.75,0,4.295051353874883,10.364145658263306,0.36156351791530944,0.4144144144144144,0.42592592592592593,0.6956521739130435,0.02702702702702703,46,111,0.4144144144144144,0,0
"Cooper Flagg","DAL",15,505,0.5183451530612245,0.5808080808080808,7.4,25.275862068965516,3.373945641986879,5.342080599812559,0.2878787878787879,0.631578947368421,0.6792452830188679,0.3611111111111111,0.07017543859649122,2.717900656044986,5.342080599812559,0.2878787878787879,0.5087719298245614,0.58,0.27586206896551724,0.12280701754385964,0.7497656982193065,2.436738519212746,0.13131313131313133,0.3076923076923077,0.3076923076923077,0.375,0,0.09372071227741331,1.218369259606373,0.06565656565656566,0.07692307692307693,0.07692307692307693,0,0,1.499531396438613,4.217432052483599,0.22727272727272727,0.35555555555555557,0.36363636363636365,0.8125,0.022222222222222223,16,45,0.35555555555555557,0,0
"Lauri Markkanen","UTA",14,502,0.5221353820598006,0.6677740863787376,6.301807228915662,25.84,4.725897920604915,6.238185255198488,0.21926910299003322,0.7575757575757576,0.78125,0.76,0.030303030303030304,3.497164461247637,7.466918714555765,0.26245847176079734,0.46835443037974683,0.5441176470588235,0.8648648648648649,0.13924050632911392,0.6616257088846881,1.9848771266540643,0.06976744186046512,0.3333333333333333,0.3333333333333333,0.42857142857142855,0,1.3232514177693762,2.4574669187145557,0.08637873754152824,0.5384615384615384,0.5384615384615384,0.9285714285714286,0,3.5916824196597354,10.302457466918714,0.36212624584717606,0.3486238532110092,0.35185185185185186,0.9210526315789473,0.009174311926605505,38,109,0.3486238532110092,0,0
"Shai Gilgeous-Alexander","OKC",15,499,0.5101541254125412,0.5082508250825083,9.346976744186046,25.86704545454546,4.803073967339097,6.340057636887608,0.21782178217821782,0.7575757575757576,0.819672131147541,0.24,0.07575757575757576,4.707012487992315,8.93371757925072,0.3069306930693069,0.5268817204301075,0.550561797752809,0.14285714285714285,0.043010752688172046,2.689721421709894,5.379442843419788,0.1848184818481848,0.5,0.509090909090909,0.10714285714285714,0.017857142857142856,0.19212295869356388,0.4803073967339097,0.0165016501650165,0.4,0.4,0.5,0,3.073967339097022,7.973102785782901,0.2739273927392739,0.3855421686746988,0.3855421686746988,0.21875,0,32,83,0.3855421686746988,0,0
"Trey Murphy III","NOP",14,498,0.5454059113300492,0.7843137254901961,5.46734693877551,26.671698113207544,3.588748787584869,5.237633365664403,0.2647058823529412,0.6851851851851852,0.74,0.6756756756756757,0.07407407407407407,1.5518913676042676,3.6857419980601356,0.18627450980392157,0.42105263157894735,0.47058823529411764,0.5,0.10526315789473684,0.19398642095053345,0.5819592628516004,0.029411764705882353,0.3333333333333333,0.3333333333333333,1,0,0.3879728419010669,0.8729388942774006,0.04411764705882353,0.4444444444444444,0.4444444444444444,1,0,3.4917555771096023,9.408341416100873,0.47549019607843135,0.3711340206185567,0.3829787234042553,0.8055555555555556,0.030927835051546393,36,97,0.3711340206185567,0,0
"Dyson Daniels","ATL",15,497,0.5437262295081967,0.5245901639344263,4.614678899082569,25.53076923076923,2.97790585975024,4.899135446685879,0.4180327868852459,0.6078431372549019,0.6595744680851063,0.5806451612903226,0.0784313725490196,2.4015369836695486,5.571565802113352,0.47540983606557374,0.43103448275862066,0.45454545454545453,0.52,0.05172413793103448,0,0,0,0,0,0,0,0.19212295869356388,0.38424591738712777,0.03278688524590164,0.5,0.5,1,0,0.09606147934678194,0.8645533141210374,0.07377049180327869,0.1111111111111111,0.1111111111111111,1,0,1,9,0.1111111111111111,0,0
"Desmond Bane","ORL",15,494,0.513995971563981,0.6255924170616114,7.333088235294118,25.674666666666667,3.401360544217687,5.539358600583091,0.27014218009478674,0.6140350877192983,0.7142857142857143,0.5714285714285714,0.14035087719298245,2.2351797862001943,5.150631681243926,0.25118483412322273,0.4339622641509434,0.5111111111111111,0.43478260869565216,0.1509433962264151,1.0689990281827018,2.5267249757045676,0.12322274881516587,0.4230769230769231,0.4230769230769231,0.5454545454545454,0,0.5830903790087464,1.749271137026239,0.08530805687203792,0.3333333333333333,0.3333333333333333,1,0,1.652089407191448,5.539358600583091,0.27014218009478674,0.2982456140350877,0.2982456140350877,0.5294117647058824,0,17,57,0.2982456140350877,0,0
"Miles Bridges","CHA",14,493,0.5215383673469388,0.746938775510204,5.859322033898305,25.444881889763778,2.700096432015429,5.400192864030858,0.22857142857142856,0.5,0.5384615384615384,0.5714285714285714,0.07142857142857142,2.6036644165863065,5.400192864030858,0.22857142857142856,0.48214285714285715,0.5094339622641509,0.4074074074074074,0.05357142857142857,0.19286403085824494,0.5785920925747348,0.024489795918367346,0.3333333333333333,0.3333333333333333,0.5,0,1.3500482160077145,3.278688524590164,0.13877551020408163,0.4117647058823529,0.4117647058823529,1,0,3.085824493731919,8.96817743490839,0.3795918367346939,0.34408602150537637,0.34408602150537637,0.875,0,32,93,0.34408602150537637,0,0
"Derrick White","BOS",15,493,0.5183089130434783,0.6796536796536796,9.474,25.980916030534353,1.5274949083503055,2.6476578411405294,0.11255411255411256,0.5769230769230769,0.7142857142857143,0.3333333333333333,0.19230769230769232,1.7311608961303462,4.887983706720978,0.2077922077922078,0.3541666666666667,0.3953488372093023,0.6470588235294118,0.10416666666666667,1.120162932790224,2.6476578411405294,0.11255411255411256,0.4230769230769231,0.44,0.6363636363636364,0.038461538461538464,0.9164969450101833,2.443991853360489,0.1038961038961039,0.375,0.391304347826087,1,0.041666666666666664,3.1568228105906315,10.896130346232178,0.46320346320346323,0.2897196261682243,0.29245283018867924,0.5483870967741935,0.009345794392523364,31,107,0.2897196261682243,0,0
"VJ Edgecombe","PHI",13,485,0.5324914835164835,0.6648351648351648,6.87,25.681944444444444,2.816901408450704,4.929577464788732,0.2692307692307692,0.5714285714285714,0.6363636363636364,0.6071428571428571,0.10204081632653061,1.5090543259557343,4.527162977867203,0.24725274725274726,0.3333333333333333,0.3488372093023256,0.26666666666666666,0.044444444444444446,0.5030181086519114,1.6096579476861168,0.08791208791208792,0.3125,0.3333333333333333,0.4,0.0625,0.30181086519114686,0.9054325955734407,0.04945054945054945,0.3333333333333333,0.375,1,0.1111111111111111,2.414486921529175,6.338028169014085,0.34615384615384615,0.38095238095238093,0.38095238095238093,0.9583333333333334,0,24,63,0.38095238095238093,0,0
"Duncan Robinson","DET",15,482,0.544513475177305,0.8723404255319149,4.641935483870968,25.575454545454548,0.8973080757726819,1.296111665004985,0.09219858156028368,0.6923076923076923,0.75,0.7777777777777778,0.07692307692307693,0.7976071784646062,1.7946161515453638,0.1276595744680851,0.4444444444444444,0.5333333333333333,0.625,0.16666666666666666,0,0,0,0,0,0,0,0.9970089730807578,2.093718843469591,0.14893617021276595,0.47619047619047616,0.47619047619047616,1,0,3.5892323030907276,8.873379860418744,0.6312056737588653,0.4044943820224719,0.4044943820224719,0.9722222222222222,0,36,89,0.4044943820224719,0,0
"Payton Pritchard","BOS",15,482,0.5076195544554456,0.6881188118811881,10.700000000000001,26.72396694214876,1.1305241521068858,1.8499486125385407,0.0891089108910891,0.6111111111111112,0.8461538461538461,0.18181818181818182,0.2777777777777778,2.774922918807811,4.316546762589928,0.2079207920792079,0.6428571428571429,0.675,0.07407407407407407,0.047619047619047616,1.1305241521068858,2.158273381294964,0.10396039603960396,0.5238095238095238,0.55,0.2727272727272727,0.047619047619047616,0.30832476875642345,0.8221993833504625,0.039603960396039604,0.375,0.375,1,0,3.802672147995889,11.613566289825282,0.5594059405940595,0.3274336283185841,0.33035714285714285,0.8378378378378378,0.008849557522123894,37,113,0.3274336283185841,0,0
"Keyonte George","UTA",14,482,0.4873974358974359,0.5042735042735043,9.12536231884058,25.391666666666666,1.5888778550148956,2.1847070506454815,0.09401709401709402,0.7272727272727273,0.8421052631578947,0.5,0.13636363636363635,4.369414101290963,8.738828202581926,0.37606837606837606,0.5,0.5789473684210527,0.45454545454545453,0.13636363636363635,1.1916583912611718,2.7805362462760677,0.11965811965811966,0.42857142857142855,0.46153846153846156,0.3333333333333333,0.07142857142857142,0.49652432969215493,1.3902681231380338,0.05982905982905983,0.35714285714285715,0.35714285714285715,1,0,2.284011916583913,8.14299900695134,0.3504273504273504,0.2804878048780488,0.2839506172839506,0.6521739130434783,0.012195121951219513,23,82,0.2804878048780488,0,0
"Toumani Camara","POR",14,482,0.5637461038961039,0.8766233766233766,3.9237288135593222,24.967368421052633,2.843137254901961,3.9215686274509802,0.2597402597402597,0.725,0.8055555555555556,0.7931034482758621,0.1,0.29411764705882354,1.5686274509803921,0.1038961038961039,0.1875,0.375,1,0.5,0,0.29411764705882354,0.01948051948051948,0,0,0,0,0.8823529411764706,3.1372549019607843,0.2077922077922078,0.28125,0.28125,0.8888888888888888,0,1.9607843137254901,6.176470588235294,0.4090909090909091,0.31746031746031744,0.31746031746031744,0.8,0,20,63,0.31746031746031744,0,0
"Jaylen Brown","BOS",15,481,0.5044237096774193,0.5032258064516129,9.98794642857143,26.248837209302327,5.175983436853002,7.246376811594203,0.22580645161290322,0.7142857142857143,0.7575757575757576,0.36,0.05714285714285714,2.7950310559006213,6.625258799171843,0.2064516129032258,0.421875,0.48214285714285715,0.25925925925925924,0.125,5.072463768115942,9.316770186335404,0.2903225806451613,0.5444444444444444,0.5444444444444444,0.42857142857142855,0,0.2070393374741201,0.6211180124223602,0.01935483870967742,0.3333333333333333,0.3333333333333333,1,0,2.898550724637681,8.281573498964804,0.25806451612903225,0.35,0.35,0.5357142857142857,0,28,80,0.35,0,0
"Evan Mobley","CLE",14,479,0.559054292929293,0.6482412060301508,5.887218045112782,26.060606060606062,4.382470119521912,6.274900398406374,0.3165829145728643,0.6984126984126984,0.7333333333333333,0.6590909090909091,0.047619047619047616,2.2908366533864544,5.776892430278885,0.2914572864321608,0.39655172413793105,0.42592592592592593,0.6086956521739131,0.06896551724137931,0.199203187250996,1.1952191235059761,0.06030150753768844,0.16666666666666666,0.16666666666666666,0.5,0,0.099601593625498,0.29880478087649404,0.01507537688442211,0.3333333333333333,0.3333333333333333,1,0,2.2908366533864544,6.274900398406374,0.3165829145728643,0.36507936507936506,0.3709677419354839,0.782608695652174,0.015873015873015872,23,63,0.36507936507936506,0,0
"DeMar DeRozan","SAC",14,476,0.4687436868686869,0.31313131313131315,11.847878787878788,24.6030303030303,1.9880715705765408,2.8827037773359843,0.14646464646464646,0.6896551724137931,0.7692307692307693,0.4,0.10344827586206896,3.5785288270377733,6.560636182902584,0.3333333333333333,0.5454545454545454,0.5625,0.5277777777777778,0.030303030303030304,2.982107355864811,6.958250497017892,0.35353535353535354,0.42857142857142855,0.44776119402985076,0.6,0.04285714285714286,0.8946322067594433,2.0874751491053676,0.10606060606060606,0.42857142857142855,0.42857142857142855,1,0,0.3976143141153082,1.1928429423459244,0.06060606060606061,0.3333333333333333,0.3333333333333333,1,0,4,12,0.3333333333333333,0,0
"Rui Hachimura","LAL",14,475,0.5393675862068965,0.6551724137931034,8.523076923076923,24.883333333333333,2.5025025025025025,4.104104104104104,0.2827586206896552,0.6097560975609756,0.6410256410256411,0.84,0.04878048780487805,1.3013013013013013,2.4024024024024024,0.16551724137931034,0.5416666666666666,0.5652173913043478,0.6153846153846154,0.041666666666666664,1.8018018018018018,2.6026026026026026,0.1793103448275862,0.6923076923076923,0.782608695652174,0.7222222222222222,0.11538461538461539,1.001001001001001,2.5025025025025025,0.1724137931034483,0.4,0.4,1,0,1.6016016016016017,2.9029029029029028,0.2,0.5517241379310345,0.5517241379310345,1,0,16,29,0.5517241379310345,0,0
"Deni Avdija","POR",14,473,0.560965756302521,0.7605042016806722,4.794444444444444,25.76595744680851,5.776892430278885,8.665338645418327,0.36554621848739494,0.6666666666666666,0.7073170731707317,0.4482758620689655,0.05747126436781609,1.792828685258964,4.681274900398407,0.19747899159663865,0.3829787234042553,0.47368421052631576,0.3333333333333333,0.19148936170212766,0.398406374501992,0.9960159362549801,0.04201680672268908,0.4,0.4,0.5,0,0.5976095617529881,1.095617529880478,0.046218487394957986,0.5454545454545454,0.5454545454545454,0.8333333333333334,0,2.8884462151394423,8.266932270916335,0.3487394957983193,0.3493975903614458,0.3493975903614458,0.896551724137931,0,29,83,0.3493975903614458,0,0
"James Harden","LAC",13,470,0.5085980088495575,0.7444933920704846,5.776470588235295,27.0536,3.147953830010493,4.616998950682056,0.19383259911894274,0.6818181818181818,0.8108108108108109,0.13333333333333333,0.1590909090909091,1.888772298006296,5.141657922350472,0.21585903083700442,0.3673469387755102,0.4,0,0.08163265306122448,0.4197271773347324,0.944386149003148,0.039647577092511016,0.4444444444444444,0.4444444444444444,0,0,0.2098635886673662,0.5246589716684156,0.022026431718061675,0.4,0.5,0,0.2,4.72193074501574,12.591815320041972,0.5286343612334802,0.375,0.3813559322033898,0.4888888888888889,0.016666666666666666,45,120,0.375,0,0
"Jimmy Butler III","GSW",15,469,0.5297438596491229,0.5847953216374269,6.010144927536231,25.324242424242424,5.056759545923633,6.914344685242518,0.391812865497076,0.7313432835820896,0.7424242424242424,0.5102040816326531,0.014925373134328358,2.6831785345717236,5.572755417956657,0.3157894736842105,0.48148148148148145,0.5306122448979592,0.3076923076923077,0.09259259259259259,0.20639834881320948,1.7543859649122806,0.09941520467836257,0.11764705882352941,0.14285714285714285,1,0.17647058823529413,0.7223942208462333,1.5479876160990713,0.08771929824561403,0.4666666666666667,0.4666666666666667,1,0,0.8255933952528379,1.8575851393188854,0.10526315789473684,0.4444444444444444,0.4444444444444444,0.5,0,8,18,0.4444444444444444,0,0
"Brandon Ingram","TOR",14,468,0.5141414414414415,0.46396396396396394,10.093788819875776,25.140983606557377,2.650356778797146,4.281345565749236,0.1891891891891892,0.6190476190476191,0.8387096774193549,0.5,0.2619047619047619,4.1794087665647295,7.237512742099898,0.31981981981981983,0.5774647887323944,0.5942028985507246,0.34146341463414637,0.028169014084507043,2.4464831804281344,4.892966360856269,0.21621621621621623,0.5,0.5454545454545454,0.5833333333333334,0.08333333333333333,0.509683995922528,1.7329255861365953,0.07657657657657657,0.29411764705882354,0.29411764705882354,0.8,0,1.2232415902140672,4.485219164118247,0.1981981981981982,0.2727272727272727,0.27906976744186046,0.9166666666666666,0.022727272727272728,12,44,0.2727272727272727,0,0
"Devin Vassell","SAS",14,465,0.5303991228070175,0.6608187134502924,11.142465753424657,25.35408163265306,0.9307135470527405,1.5511892450879008,0.08771929824561403,0.6,0.6,0.5555555555555556,0,0.9307135470527405,2.8955532574974145,0.16374269005847952,0.32142857142857145,0.34615384615384615,0.6666666666666666,0.07142857142857142,1.654601861427094,3.1023784901758016,0.17543859649122806,0.5333333333333333,0.5333333333333333,0.8125,0,0.827300930713547,2.5853154084798344,0.14619883040935672,0.32,0.32,1,0,2.688728024819028,7.549120992761117,0.4269005847953216,0.3561643835616438,0.3561643835616438,0.9615384615384616,0,26,73,0.3561643835616438,0,0
"Ryan Rollins","MIL",15,464,0.568071282051282,0.7384615384615385,6.480869565217391,25.61875,4.602510460251046,6.694560669456067,0.3282051282051282,0.6875,0.8,0.20454545454545456,0.140625,1.4644351464435146,3.1380753138075312,0.15384615384615385,0.4666666666666667,0.5384615384615384,0.14285714285714285,0.13333333333333333,0.5230125523012552,2.196652719665272,0.1076923076923077,0.23809523809523808,0.23809523809523808,0.4,0,1.1506276150627615,1.5690376569037656,0.07692307692307693,0.7333333333333333,0.7333333333333333,0.9090909090909091,0,2.719665271966527,6.799163179916318,0.3333333333333333,0.4,0.40625,0.5769230769230769,0.015384615384615385,26,65,0.4,0,0
"Julius Randle","MIN",14,464,0.5444548458149779,0.6343612334801763,6.091139240506329,25.06086956521739,5.646817248459959,7.700205338809035,0.3303964757709251,0.7333333333333333,0.7746478873239436,0.4,0.05333333333333334,3.080082135523614,6.878850102669404,0.29515418502202645,0.44776119402985076,0.4918032786885246,0.23333333333333334,0.08955223880597014,0.7186858316221766,1.6427104722792607,0.07048458149779736,0.4375,0.4375,0.5714285714285714,0,0.5133470225872689,1.540041067761807,0.06607929515418502,0.3333333333333333,0.3333333333333333,1,0,2.1560574948665296,5.544147843942505,0.23788546255506607,0.3888888888888889,0.3888888888888889,0.7619047619047619,0,21,54,0.3888888888888889,0,0
"Andrew Wiggins","MIA",14,461,0.5480669270833333,0.6458333333333334,6.755737704918033,25.197142857142858,3.482587064676617,5.373134328358209,0.28125,0.6481481481481481,0.7142857142857143,0.5714285714285714,0.09259259259259259,2.388059701492537,5.074626865671642,0.265625,0.47058823529411764,0.5106382978723404,0.3333333333333333,0.0784313725490196,0.8955223880597015,1.691542288557214,0.08854166666666667,0.5294117647058824,0.5625,0.3333333333333333,0.058823529411764705,0.7960199004975125,2.189054726368159,0.11458333333333333,0.36363636363636365,0.36363636363636365,1,0,1.691542288557214,4.776119402985074,0.25,0.3541666666666667,0.3541666666666667,0.8823529411764706,0,17,48,0.3541666666666667,0,0
"Kon Knueppel","CHA",14,460,0.5461204918032787,0.8108108108108109,6.17945205479452,25.604464285714283,2.272727272727273,3.925619834710744,0.20540540540540542,0.5789473684210527,0.6666666666666666,0.5909090909090909,0.13157894736842105,1.5495867768595042,2.6859504132231407,0.14054054054054055,0.5769230769230769,0.625,0.7333333333333333,0.07692307692307693,0.4132231404958678,0.9297520661157025,0.04864864864864865,0.4444444444444444,0.5,1,0.1111111111111111,1.5495867768595042,3.409090909090909,0.1783783783783784,0.45454545454545453,0.45454545454545453,1,0,3.0991735537190084,8.161157024793388,0.42702702702702705,0.379746835443038,0.379746835443038,0.9,0,30,79,0.379746835443038,0,0
"Mikal Bridges","NYK",13,456,0.5771917721518987,0.7468354430379747,6.242682926829268,24.782894736842106,3.059071729957806,4.430379746835443,0.26582278481012656,0.6904761904761905,0.725,0.6551724137931034,0.047619047619047616,1.371308016877637,3.481012658227848,0.2088607594936709,0.3939393939393939,0.40625,0.3076923076923077,0.030303030303030304,0.5274261603375527,0.7383966244725738,0.04430379746835443,0.7142857142857143,0.7142857142857143,0.4,0,1.8987341772151898,3.3755274261603376,0.20253164556962025,0.5625,0.5625,1,0,1.4767932489451476,4.641350210970464,0.27848101265822783,0.3181818181818182,0.3181818181818182,0.9285714285714286,0,14,44,0.3181818181818182,0,0
"Scottie Barnes","TOR",14,455,0.5473781990521327,0.5687203791469194,6.793081761006289,25.657692307692308,5.2356020942408374,7.12041884816754,0.3222748815165877,0.7352941176470589,0.7692307692307693,0.68,0.04411764705882353,2.4083769633507854,6.9109947643979055,0.3127962085308057,0.3484848484848485,0.359375,0.17391304347826086,0.030303030303030304,1.256544502617801,2.6178010471204187,0.11848341232227488,0.48,0.48,0.9166666666666666,0,0.418848167539267,1.4659685863874345,0.06635071090047394,0.2857142857142857,0.2857142857142857,1,0,1.780104712041885,3.979057591623037,0.18009478672985782,0.4473684210526316,0.4473684210526316,0.8235294117647058,0,17,38,0.4473684210526316,0,0
"Wendell Carter Jr.","ORL",15,454,0.5647901709401709,0.7692307692307693,5.66081081081081,24.741860465116282,3.488372093023256,4.968287526427061,0.4017094017094017,0.7021276595744681,0.825,0.6666666666666666,0.14893617021276595,0.7399577167019028,1.5856236786469344,0.1282051282051282,0.4666666666666667,0.5,1,0.06666666666666667,0.42283298097251587,1.2684989429175475,0.10256410256410256,0.3333333333333333,0.3333333333333333,0.75,0,0.8456659619450317,1.9027484143763214,0.15384615384615385,0.4444444444444444,0.4444444444444444,1,0,1.1627906976744187,2.6427061310782243,0.21367521367521367,0.44,0.44,1,0,11,25,0.44,0,0
"Pascal Siakam","IND",13,454,0.49264196787148595,0.4819277108433735,8.670555555555556,26.028985507246375,3.1512605042016806,5.357142857142857,0.20481927710843373,0.5882352941176471,0.6521739130434783,0.43333333333333335,0.09803921568627451,4.831932773109243,9.978991596638656,0.3815261044176707,0.4842105263157895,0.4842105263157895,0.3695652173913043,0,1.2605042016806722,3.5714285714285716,0.13654618473895583,0.35294117647058826,0.36363636363636365,0.25,0.029411764705882353,0.10504201680672269,0.31512605042016806,0.012048192771084338,0.3333333333333333,0.3333333333333333,1,0,2.5210084033613445,6.932773109243698,0.26506024096385544,0.36363636363636365,0.36363636363636365,0.7083333333333334,0,24,66,0.36363636363636365,0,0
"Brandin Podziemski","GSW",16,452,0.5207776666666667,0.68,8.277333333333333,25.677333333333333,2.345415778251599,2.878464818763326,0.18,0.8148148148148148,0.9166666666666666,0.6818181818181818,0.1111111111111111,0.9594882729211087,3.304904051172708,0.20666666666666667,0.2903225806451613,0.2903225806451613,0.5555555555555556,0,0.746268656716418,1.812366737739872,0.11333333333333333,0.4117647058823529,0.4117647058823529,0.7142857142857143,0,0.9594882729211087,1.812366737739872,0.11333333333333333,0.5294117647058824,0.5294117647058824,0.8888888888888888,0,2.1321961620469083,6.183368869936034,0.38666666666666666,0.3448275862068966,0.3448275862068966,0.8,0,20,58,0.3448275862068966,0,0
"Myles Turner","MIL",15,449,0.5259153846153846,0.7412587412587412,8.288333333333334,26.110843373493974,1.3859275053304905,2.4520255863539444,0.16083916083916083,0.5652173913043478,0.6842105263157895,0.6153846153846154,0.17391304347826086,0.8528784648187633,2.55863539445629,0.16783216783216784,0.3333333333333333,0.36363636363636365,0.625,0.08333333333333333,0.6396588486140725,1.3859275053304905,0.09090909090909091,0.46153846153846156,0.46153846153846156,0.6666666666666666,0,0.8528784648187633,1.492537313432836,0.0979020979020979,0.5714285714285714,0.5714285714285714,1,0,2.985074626865672,7.356076759061834,0.4825174825174825,0.4057971014492754,0.4117647058823529,1,0.014492753623188406,28,69,0.4057971014492754,0,0
"Nikola Jokić","DEN",13,448,0.5167557339449541,0.5799086757990868,5.692405063291139,25.988524590163934,5.783385909568874,6.94006309148265,0.3013698630136986,0.8333333333333334,0.8461538461538461,0.5818181818181818,0.015151515151515152,5.3627760252365935,8.201892744479496,0.3561643835616438,0.6538461538461539,0.6891891891891891,0.6274509803921569,0.05128205128205128,1.2618296529968454,1.4721345951629863,0.0639269406392694,0.8571428571428571,0.8571428571428571,0.4166666666666667,0,0.2103049421661409,0.31545741324921134,0.0136986301369863,0.6666666666666666,0.6666666666666666,1,0,2.3133543638275498,6.0988433228180865,0.2648401826484018,0.3793103448275862,0.3793103448275862,0.9090909090909091,0,22,58,0.3793103448275862,0,0
"Max Christie","DAL",15,447,0.557643893129771,0.8320610687022901,4.435416666666667,24.612048192771084,1.9271948608137044,2.78372591006424,0.1984732824427481,0.6923076923076923,0.782608695652174,0.7222222222222222,0.11538461538461539,0.6423982869379015,2.355460385438972,0.16793893129770993,0.2727272727272727,0.3157894736842105,0.6666666666666666,0.13636363636363635,0,0,0,0,0,0,0,2.355460385438972,4.0685224839400425,0.2900763358778626,0.5789473684210527,0.5789473684210527,1,0,1.7130620985010707,4.817987152034261,0.3435114503816794,0.35555555555555557,0.35555555555555557,1,0,16,45,0.35555555555555557,0,0
"Royce O'Neale","PHX",15,444,0.5414100000000001,0.9044117647058824,6.639130434782608,26.49646017699115,0.43010752688172044,1.075268817204301,0.07352941176470588,0.4,0.4444444444444444,0.25,0.1,0.5376344086021505,1.1827956989247312,0.08088235294117647,0.45454545454545453,0.5,0.6,0.09090909090909091,0.21505376344086022,0.21505376344086022,0.014705882352941176,1,1,1,0,1.1827956989247312,2.150537634408602,0.14705882352941177,0.55,0.55,1,0,3.978494623655914,10,0.6838235294117647,0.3978494623655914,0.3978494623655914,0.918918918918919,0,37,93,0.3978494623655914,0,0
"Onyeka Okongwu","ATL",15,444,0.5624539634146342,0.75,4.267368421052631,24.808695652173913,4.399141630901288,5.793991416309013,0.32926829268292684,0.7592592592592593,0.82,0.8536585365853658,0.07407407407407407,1.8240343347639485,4.399141630901288,0.25,0.4146341463414634,0.4722222222222222,0.8235294117647058,0.12195121951219512,0,0,0,0,0,0,0,1.3948497854077253,2.7896995708154506,0.15853658536585366,0.5,0.5,1,0,1.609442060085837,4.613733905579399,0.2621951219512195,0.3488372093023256,0.3488372093023256,1,0,15,43,0.3488372093023256,0,0
"Donovan Mitchell","CLE",13,443,0.5338360377358491,0.690566037735849,8.213740458015268,26.002985074626867,3.5751840168243953,5.152471083070452,0.18490566037735848,0.6938775510204082,0.723404255319149,0.23529411764705882,0.04081632653061224,3.259726603575184,5.573080967402734,0.2,0.5849056603773585,0.62,0.0967741935483871,0.05660377358490566,1.8927444794952681,3.0494216614090432,0.10943396226415095,0.6206896551724138,0.6206896551724138,0.3333333333333333,0,0.8412197686645636,1.5772870662460567,0.05660377358490566,0.5333333333333333,0.5333333333333333,0.875,0,4.6267087276550996,12.513144058885384,0.4490566037735849,0.3697478991596639,0.3728813559322034,0.5,0.008403361344537815,44,119,0.3697478991596639,0,0
"RJ Barrett","TOR",14,442,0.5789170792079208,0.7128712871287128,4.38359375,25.12837837837838,4.9837486457204765,7.583965330444204,0.3465346534653465,0.6571428571428571,0.7666666666666667,0.5652173913043478,0.14285714285714285,3.2502708559046587,6.175514626218852,0.28217821782178215,0.5263157894736842,0.5660377358490566,0.5333333333333333,0.07017543859649122,0,0.10834236186348863,0.0049504950495049506,0,0,0,0,0.7583965330444203,2.058504875406284,0.09405940594059406,0.3684210526315789,0.4117647058823529,1,0.10526315789473684,1.9501625135427951,5.958829902491875,0.2722772277227723,0.32727272727272727,0.3333333333333333,0.9444444444444444,0.01818181818181818,18,55,0.32727272727272727,0,0
"Alperen Sengun","HOU",12,442,0.5106160891089109,0.5346534653465347,6.7317073170731705,26.73157894736842,5.039193729003359,7.838745800671893,0.3465346534653465,0.6428571428571429,0.703125,0.4222222222222222,0.08571428571428572,2.9115341545352744,7.838745800671893,0.3465346534653465,0.37142857142857144,0.4262295081967213,0.23076923076923078,0.12857142857142856,1.007838745800672,2.687569988801792,0.1188118811881188,0.375,0.391304347826087,0.2222222222222222,0.041666666666666664,0.335946248600224,0.4479283314669653,0.019801980198019802,0.75,0.75,1,0,1.5677491601343785,3.807390817469205,0.16831683168316833,0.4117647058823529,0.4117647058823529,0.8571428571428571,0,14,34,0.4117647058823529,0,0
"Ivica Zubac","LAC",14,441,0.5418544871794873,0.5064102564102564,4.292948717948718,0,6.553672316384181,8.926553672316384,0.5064102564102564,0.7341772151898734,0.8055555555555556,0.5689655172413793,0.08860759493670886,4.406779661016949,8.700564971751412,0.4935897435897436,0.5064935064935064,0.5416666666666666,0.6923076923076923,0.06493506493506493,0,0,0,0,0,0,0,0,0,0,0,0,0,0,0,0,0,0,0,0,0,0,0,0,0,0
"Cade Cunningham","DET",12,441,0.5090776315789474,0.5526315789473685,6.947849462365591,26.52375,4.139433551198257,7.298474945533769,0.2518796992481203,0.5671641791044776,0.59375,0.3157894736842105,0.04477611940298507,4.901960784313726,10.239651416122005,0.3533834586466165,0.4787234042553192,0.5232558139534884,0.24444444444444444,0.0851063829787234,1.198257080610022,2.7233115468409586,0.09398496240601503,0.44,0.4583333333333333,0.09090909090909091,0.04,0,0.2178649237472767,0.007518796992481203,0,0,0,0,2.396514161220044,8.49673202614379,0.2932330827067669,0.28205128205128205,0.2857142857142857,0.3181818181818182,0.01282051282051282,22,78,0.28205128205128205,0,0
"Rudy Gobert","MIN",14,439,0.6537428571428572,0.8571428571428571,1.9416666666666667,0,6.430155210643015,7.982261640798226,0.8571428571428571,0.8055555555555556,0.8405797101449275,0.6379310344827587,0.041666666666666664,0.6651884700665188,1.3303769401330376,0.14285714285714285,0.5,0.5454545454545454,0.8333333333333334,0.08333333333333333,0,0,0,0,0,0,0,0,0,0,0,0,0,0,0,0,0,0,0,0,0,0,0,0,0,0
"Immanuel Quickley","TOR",14,439,0.5461092814371258,0.7005988023952096,7.29367088607595,26.002272727272725,2.3026315789473686,3.1798245614035086,0.17365269461077845,0.7241379310344828,0.84,0.2857142857142857,0.13793103448275862,2.192982456140351,4.605263157894737,0.25149700598802394,0.47619047619047616,0.5714285714285714,0.4,0.16666666666666666,0.43859649122807015,0.8771929824561403,0.04790419161676647,0.5,0.5714285714285714,0.5,0.125,0.10964912280701754,1.0964912280701755,0.059880239520958084,0.1,0.1,1,0,3.508771929824561,8.552631578947368,0.46706586826347307,0.41025641025641024,0.4155844155844156,0.8125,0.01282051282051282,32,78,0.41025641025641024,0,0
"Jaden McDaniels","MIN",14,436,0.5445023529411764,0.6,5.8754098360655735,24.585416666666664,4.4493882091212456,6.0066740823136815,0.3176470588235294,0.7407407407407407,0.8163265306122449,0.675,0.09259259259259259,2.8921023359288096,6.674082313681868,0.35294117647058826,0.43333333333333335,0.4727272727272727,0.6923076923076923,0.08333333333333333,0.3337041156840934,0.8898776418242491,0.047058823529411764,0.375,0.5,0.3333333333333333,0.25,1.3348164627363737,2.447163515016685,0.12941176470588237,0.5454545454545454,0.5454545454545454,0.9166666666666666,0,1.4460511679644048,2.8921023359288096,0.15294117647058825,0.5,0.5,0.9230769230769231,0,13,26,0.5,0,0
"Jaren Jackson Jr.","MEM",15,435,0.5075960396039604,0.5247524752475248,7.056716417910448,25.413235294117644,2.4363233665559245,4.208194905869324,0.18811881188118812,0.5789473684210527,0.6666666666666666,0.5454545454545454,0.13157894736842105,5.3156146179401995,10.077519379844961,0.4504950495049505,0.5274725274725275,0.5647058823529412,0.5833333333333334,0.06593406593406594,0,0.5537098560354374,0.024752475247524754,0,0,0,0,0.6644518272425249,1.6611295681063123,0.07425742574257425,0.4,0.4,1,0,2.104097452934662,5.869324473975637,0.2623762376237624,0.3584905660377358,0.36538461538461536,1,0.018867924528301886,19,53,0.3584905660377358,0,0
"Jalen Johnson","ATL",13,434,0.5676865789473684,0.6473684210526316,5.421621621621622,25.75238095238095,6.852248394004283,8.67237687366167,0.4263157894736842,0.7901234567901234,0.8533333333333334,0.625,0.07407407407407407,2.569593147751606,5.781584582441114,0.28421052631578947,0.4444444444444444,0.48,0.5833333333333334,0.07407407407407407,0.5353319057815846,1.39186295503212,0.06842105263157895,0.38461538461538464,0.38461538461538464,0.2,0,0.10706638115631692,0.6423982869379015,0.031578947368421054,0.16666666666666666,0.16666666666666666,1,0,1.6059957173447537,3.854389721627409,0.18947368421052632,0.4166666666666667,0.4166666666666667,0.9333333333333333,0,15,36,0.4166666666666667,0,0
"Kevin Durant","HOU",12,433,0.4856097087378641,0.38349514563106796,11.040397350993377,25.865454545454543,2.127659574468085,2.687569988801792,0.11650485436893204,0.7916666666666666,0.8260869565217391,0.5789473684210527,0.041666666666666664,4.367301231802911,8.51063829787234,0.36893203883495146,0.5131578947368421,0.527027027027027,0.3333333333333333,0.02631578947368421,2.799552071668533,5.711086226203808,0.24757281553398058,0.49019607843137253,0.5,0.52,0.0196078431372549,0,0.11198208286674133,0.0048543689320388345,0,0,0,0,2.463605823068309,6.047032474804031,0.2621359223300971,0.4074074074074074,0.4074074074074074,0.6818181818181818,0,22,54,0.4074074074074074,0,0
"Austin Reaves","LAL",12,433,0.5105836538461539,0.6153846153846154,8.064601769911505,26.49263157894737,2.9768467475192946,3.6383682469680263,0.15865384615384615,0.8181818181818182,0.8709677419354839,0.4074074074074074,0.06060606060606061,4.0793825799338475,6.615214994487321,0.28846153846153844,0.6166666666666667,0.6491228070175439,0.32432432432432434,0.05,0.7717750826901875,2.205071664829107,0.09615384615384616,0.35,0.35,0.14285714285714285,0,0.2205071664829107,0.7717750826901875,0.03365384615384615,0.2857142857142857,0.3333333333333333,1,0.14285714285714285,3.197353914002205,9.70231532524807,0.4230769230769231,0.32954545454545453,0.3372093023255814,0.6896551724137931,0.022727272727272728,29,88,0.32954545454545453,0,0
"Davion Mitchell","MIA",14,431,0.5314893162393163,0.6581196581196581,5.942465753424658,25.545454545454547,2.4520255863539444,3.518123667377399,0.28205128205128205,0.696969696969697,0.7419354838709677,0.34782608695652173,0.06060606060606061,1.9189765458422174,3.7313432835820897,0.29914529914529914,0.5142857142857142,0.5454545454545454,0.2777777777777778,0.05714285714285714,0.10660980810234541,0.5330490405117271,0.042735042735042736,0.2,0.2,0,0,0,0.5330490405117271,0.042735042735042736,0,0,0,0,1.812366737739872,4.157782515991471,0.3333333333333333,0.4358974358974359,0.4473684210526316,0.8823529411764706,0.02564102564102564,17,39,0.4358974358974359,0,0
"Karl-Anthony Towns","NYK",13,430,0.578721875,0.8413461538461539,3.5924242424242423,26.63157894736842,6.2015503875969,10.96345514950166,0.47596153846153844,0.5656565656565656,0.6292134831460674,0.5714285714285714,0.10101010101010101,0.8859357696566998,2.8792912513842746,0.125,0.3076923076923077,0.38095238095238093,0.25,0.19230769230769232,0.11074197120708748,0.7751937984496124,0.03365384615384615,0.14285714285714285,0.14285714285714285,0,0,0.22148394241417496,0.4429678848283499,0.019230769230769232,0.5,0.5,0.5,0,2.547065337763012,7.973421926910299,0.34615384615384615,0.3194444444444444,0.32857142857142857,1,0.027777777777777776,23,72,0.3194444444444444,0,0
"P.J. Washington","DAL",14,430,0.520985294117647,0.5823529411764706,6.6000000000000005,24.63728813559322,2.6402640264026402,4.400440044004401,0.23529411764705882,0.6,0.631578947368421,0.5833333333333334,0.05,3.3003300330033003,6.710671067106711,0.3588235294117647,0.4918032786885246,0.5454545454545454,0.5666666666666667,0.09836065573770492,0.44004400440044006,1.1001100110011002,0.058823529411764705,0.4,0.4,0.75,0,0.9900990099009901,2.5302530253025304,0.13529411764705881,0.391304347826087,0.391304347826087,1,0,0.9900990099009901,3.9603960396039604,0.21176470588235294,0.25,0.25,0.8888888888888888,0,9,36,0.25,0,0
"Jake LaRavia","LAL",15,428,0.5684860169491526,0.8151260504201681,4.41159420289855,25.454,3.7162162162162162,5.292792792792793,0.3949579831932773,0.7021276595744681,0.7333333333333333,0.6666666666666666,0.0425531914893617,0.7882882882882883,2.1396396396396398,0.15966386554621848,0.3684210526315789,0.4117647058823529,0.8571428571428571,0.10526315789473684,0.11261261261261261,0.33783783783783783,0.025210084033613446,0.3333333333333333,0.3333333333333333,0,0,0.7882882882882883,2.027027027027027,0.15126050420168066,0.3888888888888889,0.3888888888888889,1,0,1.1261261261261262,3.6036036036036037,0.2689075630252101,0.3125,0.3225806451612903,1,0.03125,10,32,0.3125,0,0
"Isaiah Hartenstein","OKC",15,427,0.5991191056910569,0.6341463414634146,4.060504201680672,24.3,7.175398633257403,8.428246013667426,0.6016260162601627,0.8513513513513513,0.8873239436619719,0.7777777777777778,0.04054054054054054,2.5056947608200457,5.011389521640091,0.35772357723577236,0.5,0.5365853658536586,0.7727272727272727,0.06818181818181818,0,0.11389521640091116,0.008130081300813009,0,0,0,0,0,0.22779043280182232,0.016260162601626018,0,0,0,0,0,0.22779043280182232,0.016260162601626018,0,0,0,0,0,2,0,0,0
"Amen Thompson","HOU",12,426,0.5504276470588235,0.6470588235294118,5.418439716312057,24.75172413793103,6.868451688009313,9.429569266589057,0.4764705882352941,0.7283950617283951,0.7972972972972973,0.6610169491525424,0.08641975308641975,1.280558789289872,5.355064027939465,0.27058823529411763,0.2391304347826087,0.3055555555555556,0,0.21739130434782608,0.46565774155995343,1.6298020954598371,0.08235294117647059,0.2857142857142857,0.2857142857142857,0.25,0,0.23282887077997672,1.7462165308498254,0.08823529411764706,0.13333333333333333,0.13333333333333333,1,0,0.46565774155995343,1.6298020954598371,0.08235294117647059,0.2857142857142857,0.2857142857142857,1,0,4,14,0.2857142857142857,0,0
"Dennis Schröder","SAC",14,426,0.4989268518518518,0.5679012345679012,8.433673469387756,25.91875,2.0066889632107023,3.121516164994426,0.1728395061728395,0.6428571428571429,0.72,0.2777777777777778,0.10714285714285714,1.4492753623188406,5.2396878483835,0.29012345679012347,0.2765957446808511,0.325,0.07692307692307693,0.14893617021276595,1.3377926421404682,2.5641025641025643,0.1419753086419753,0.5217391304347826,0.5454545454545454,0.16666666666666666,0.043478260869565216,0.33444816053511706,0.8918617614269788,0.04938271604938271,0.375,0.375,1,0,2.118171683389075,6.243032329988852,0.345679012345679,0.3392857142857143,0.34545454545454546,0.5789473684210527,0.017857142857142856,19,56,0.3392857142857143,0,0
"Donte DiVincenzo","MIN",14,425,0.5561862676056337,0.8732394366197183,5.676470588235294,25.680555555555557,1.2429378531073447,1.807909604519774,0.11267605633802817,0.6875,0.7333333333333333,0.6363636363636364,0.0625,0.6779661016949152,1.694915254237288,0.1056338028169014,0.4,0.4,0.6666666666666666,0,0.3389830508474576,0.3389830508474576,0.02112676056338028,1,1,1,0,0.6779661016949152,2.4858757062146895,0.15492957746478872,0.2727272727272727,0.2727272727272727,1,0,3.9548022598870056,9.717514124293785,0.6056338028169014,0.4069767441860465,0.4117647058823529,0.9714285714285714,0.011627906976744186,35,86,0.4069767441860465,0,0
"Draymond Green","GSW",15,425,0.5591881818181819,0.8545454545454545,5.015217391304348,25.1515625,1.7123287671232876,3.4246575342465753,0.2727272727272727,0.5,0.5555555555555556,0.8666666666666667,0.1,0.45662100456621,1.2557077625570776,0.1,0.36363636363636365,0.5,1,0.2727272727272727,0.1141552511415525,0.5707762557077626,0.045454545454545456,0.2,0.2,1,0,1.2557077625570776,2.625570776255708,0.20909090909090908,0.4782608695652174,0.4782608695652174,1,0,1.36986301369863,4.680365296803653,0.37272727272727274,0.2926829268292683,0.3,1,0.024390243902439025,12,41,0.2926829268292683,0,0
"Deandre Ayton","LAL",14,425,0.5463820512820513,0.5192307692307693,5.77051282051282,0,6.900452488687783,9.16289592760181,0.5192307692307693,0.7530864197530864,0.8133333333333334,0.7213114754098361,0.07407407407407407,4.298642533936651,6.67420814479638,0.3782051282051282,0.6440677966101694,0.6666666666666666,0.8947368421052632,0.03389830508474576,1.1312217194570136,1.8099547511312217,0.10256410256410256,0.625,0.625,1,0,0,0,0,0,0,0,0,0,0,0,0,0,0,0,0,0,0,0,0
"Jaime Jaquez Jr.","MIA",14,424,0.5593502777777778,0.5888888888888889,4.877777777777777,25.21481481481481,6.148867313915858,8.522114347357066,0.4388888888888889,0.7215189873417721,0.7402597402597403,0.5964912280701754,0.02531645569620253,3.236245954692557,7.44336569579288,0.38333333333333336,0.43478260869565216,0.4838709677419355,0.3333333333333333,0.10144927536231885,0.21574973031283712,0.5393743257820928,0.027777777777777776,0.4,0.4,0.5,0,0.10787486515641856,0.6472491909385113,0.03333333333333333,0.16666666666666666,0.16666666666666666,1,0,0.5393743257820928,2.26537216828479,0.11666666666666667,0.23809523809523808,0.23809523809523808,1,0,5,21,0.23809523809523808,0,0
"Michael Porter Jr.","BKN",13,424,0.5268799145299146,0.6923076923076923,8.738333333333333,25.33859649122807,4.519119351100811,5.5619930475086905,0.20512820512820512,0.8125,0.8863636363636364,0.6410256410256411,0.08333333333333333,1.969872537659328,4.519119351100811,0.16666666666666666,0.4358974358974359,0.4722222222222222,0.6470588235294118,0.07692307692307693,1.6222479721900347,3.8238702201622248,0.14102564102564102,0.42424242424242425,0.4375,0.5714285714285714,0.030303030303030304,0.6952491309385863,2.317497103128621,0.08547008547008547,0.3,0.3,1,0,4.055619930475087,10.89223638470452,0.4017094017094017,0.3723404255319149,0.3763440860215054,0.8857142857142857,0.010638297872340425,35,94,0.3723404255319149,0,0
"Herbert Jones","NOP",14,423,0.5444170731707317,0.7723577235772358,6.844262295081967,24.788709677419355,1.728110599078341,3.80184331797235,0.2682926829268293,0.45454545454545453,0.5769230769230769,0.6,0.21212121212121213,0.8064516129032258,2.1889400921658986,0.15447154471544716,0.3684210526315789,0.4117647058823529,0.14285714285714285,0.10526315789473684,0.4608294930875576,1.0368663594470047,0.07317073170731707,0.4444444444444444,0.4444444444444444,0.5,0,0.9216589861751152,2.4193548387096775,0.17073170731707318,0.38095238095238093,0.38095238095238093,1,0,1.728110599078341,4.723502304147465,0.3333333333333333,0.36585365853658536,0.36585365853658536,1,0,15,41,0.36585365853658536,0,0
"AJ Green","MIL",15,422,0.5382066037735849,0.9339622641509434,9.033333333333333,25.578350515463917,0.11363636363636363,0.22727272727272727,0.018867924528301886,0.5,1,1,0.5,0.45454545454545453,0.6818181818181818,0.05660377358490566,0.6666666666666666,0.6666666666666666,0.5,0,0,0.11363636363636363,0.009433962264150943,0,0,0,0,2.159090909090909,3.0681818181818183,0.25471698113207547,0.7037037037037037,0.7037037037037037,0.9473684210526315,0,3.0681818181818183,7.954545454545454,0.660377358490566,0.38571428571428573,0.38571428571428573,0.8888888888888888,0,27,70,0.38571428571428573,0,0
"Ajay Mitchell","OKC",15,421,0.51852225,0.6,6.47972027972028,24.978947368421053,4.659090909090909,7.159090909090909,0.315,0.6507936507936508,0.6721311475409836,0.4634146341463415,0.031746031746031744,3.1818181818181817,7.2727272727272725,0.32,0.4375,0.4827586206896552,0.2857142857142857,0.09375,0.22727272727272727,1.8181818181818181,0.08,0.125,0.13333333333333333,0.5,0.0625,0.6818181818181818,1.8181818181818181,0.08,0.375,0.375,1,0,1.3636363636363635,4.659090909090909,0.205,0.2926829268292683,0.2926829268292683,0.5,0,12,41,0.2926829268292683,0,0
"Harrison Barnes","SAS",14,418,0.5645140909090909,0.8545454545454545,4.438888888888889,24.735135135135135,1.8757327080890973,2.3446658851113718,0.18181818181818182,0.8,0.8421052631578947,0.5,0.05,1.0550996483001172,1.7584994138335288,0.13636363636363635,0.6,0.6428571428571429,0.5555555555555556,0.06666666666666667,0,0.11723329425556858,0.00909090909090909,0,0,0,0,1.8757327080890973,4.220398593200469,0.32727272727272727,0.4444444444444444,0.4444444444444444,1,0,2.3446658851113718,4.4548651817116065,0.34545454545454546,0.5263157894736842,0.5263157894736842,0.9,0,20,38,0.5263157894736842,0,0
"Kelly Oubre Jr.","PHI",12,418,0.5449228187919463,0.6778523489932886,5.986585365853658,25.51641791044776,3.005780346820809,3.930635838150289,0.22818791946308725,0.7647058823529411,0.8666666666666667,0.6153846153846154,0.11764705882352941,2.3121387283236996,4.393063583815029,0.2550335570469799,0.5263157894736842,0.6060606060606061,0.45,0.13157894736842105,0.5780346820809249,1.1560693641618498,0.06711409395973154,0.5,0.5,0.6,0,0.9248554913294798,2.0809248554913293,0.12080536912751678,0.4444444444444444,0.4444444444444444,1,0,1.7341040462427746,5.664739884393064,0.3288590604026846,0.30612244897959184,0.30612244897959184,0.9333333333333333,0,15,49,0.30612244897959184,0,0
"Grayson Allen","PHX",13,417,0.530314450867052,0.791907514450867,5.47457627118644,26.647368421052633,1.8518518518518519,2.662037037037037,0.1329479768786127,0.6956521739130435,0.8,0.5,0.13043478260869565,1.5046296296296295,4.050925925925926,0.2023121387283237,0.37142857142857144,0.48148148148148145,0.6153846153846154,0.22857142857142856,0.11574074074074074,0.11574074074074074,0.005780346820809248,1,1,1,0,0.6944444444444444,2.0833333333333335,0.10404624277456648,0.3333333333333333,0.3333333333333333,1,0,5.208333333333333,11.11111111111111,0.5549132947976878,0.46875,0.46875,0.7777777777777778,0,45,96,0.46875,0,0
"Victor Wembanyama","SAS",12,416,0.5417997737556561,0.6018099547511312,7.431288343558282,26.412068965517243,6.627906976744186,8.720930232558139,0.3393665158371041,0.76,0.7702702702702703,0.6666666666666666,0.013333333333333334,2.2093023255813953,5.6976744186046515,0.22171945701357465,0.3877551020408163,0.40425531914893614,0.21052631578947367,0.04081632653061224,1.744186046511628,4.534883720930233,0.17647058823529413,0.38461538461538464,0.38461538461538464,0.7333333333333333,0,0.3488372093023256,0.6976744186046512,0.027149321266968326,0.5,0.5,1,0,1.9767441860465116,6.046511627906977,0.23529411764705882,0.3269230769230769,0.3269230769230769,0.8235294117647058,0,17,52,0.3269230769230769,0,0
"Stephon Castle","SAS",13,416,0.5619295454545454,0.6753246753246753,5.210576923076923,26.146,4.2626728110599075,6.221198156682028,0.35064935064935066,0.6851851851851852,0.7708333333333334,0.35135135135135137,0.1111111111111111,2.7649769585253456,5.0691244239631335,0.2857142857142857,0.5454545454545454,0.5853658536585366,0.20833333333333334,0.06818181818181818,0.3456221198156682,0.6912442396313364,0.03896103896103896,0.5,0.5,0.6666666666666666,0,0.3456221198156682,0.9216589861751152,0.05194805194805195,0.375,0.375,1,0,1.0368663594470047,4.838709677419355,0.2727272727272727,0.21428571428571427,0.21428571428571427,1,0,9,42,0.21428571428571427,0,0
"Gary Trent Jr.","MIL",15,415,0.5324323308270678,0.7669172932330827,10.097619047619048,25.554945054945055,0.6952491309385863,1.2746234067207416,0.08270676691729323,0.5454545454545454,0.6,0.6666666666666666,0.09090909090909091,0.8111239860950173,1.853997682502897,0.12030075187969924,0.4375,0.4666666666666667,0.5714285714285714,0.0625,0.6952491309385863,1.7381228273464657,0.11278195488721804,0.4,0.4,0.5,0,1.3904982618771726,2.549246813441483,0.16541353383458646,0.5454545454545454,0.5454545454545454,1,0,2.549246813441483,7.995365005793743,0.518796992481203,0.3188405797101449,0.3188405797101449,0.8181818181818182,0,22,69,0.3188405797101449,0,0
"Giannis Antetokounmpo","MIL",13,414,0.6305290322580644,0.782258064516129,4.1839130434782605,26.066666666666666,15.429234338747099,20.417633410672853,0.7096774193548387,0.7556818181818182,0.7964071856287425,0.45112781954887216,0.05113636363636364,0.8120649651972158,2.4361948955916475,0.0846774193548387,0.3333333333333333,0.3888888888888889,0.5714285714285714,0.14285714285714285,0.8120649651972158,3.82830626450116,0.13306451612903225,0.21212121212121213,0.21212121212121213,0.2857142857142857,0,0,0,0,0,0,0,0,1.0440835266821347,2.0881670533642693,0.07258064516129033,0.5,0.5,0.7777777777777778,0,9,18,0.5,0,0
"Zach LaVine","SAC",12,412,0.5427114130434783,0.7336956521739131,7.324468085106383,25.973333333333333,3.695150115473441,5.196304849884527,0.24456521739130435,0.7111111111111111,0.7619047619047619,0.78125,0.06666666666666667,1.9630484988452657,3.348729792147806,0.15760869565217392,0.5862068965517241,0.6071428571428571,0.6470588235294118,0.034482758620689655,0.8083140877598153,2.3094688221709005,0.10869565217391304,0.35,0.35,0.2857142857142857,0,1.0392609699769053,1.9630484988452657,0.09239130434782608,0.5294117647058824,0.5294117647058824,1,0,3.348729792147806,8.429561200923787,0.3967391304347826,0.3972602739726027,0.3972602739726027,0.7241379310344828,0,29,73,0.3972602739726027,0,0
"Jamal Murray","DEN",12,412,0.508618779342723,0.5934579439252337,9.564615384615385,26.10833333333333,3.176470588235294,5.0588235294117645,0.20093457943925233,0.627906976744186,0.675,0.4444444444444444,0.06976744186046512,2.4705882352941178,5.176470588235294,0.205607476635514,0.4772727272727273,0.5,0.23809523809523808,0.045454545454545456,2.588235294117647,5.0588235294117645,0.20093457943925233,0.5116279069767442,0.5116279069767442,0.13636363636363635,0,0.11764705882352941,0.8235294117647058,0.03271028037383177,0.14285714285714285,0.14285714285714285,1,0,3.411764705882353,9.058823529411764,0.3598130841121495,0.37662337662337664,0.37662337662337664,0.4482758620689655,0,29,77,0.37662337662337664,0,0
"Nic Claxton","BKN",14,412,0.5673295454545455,0.6666666666666666,3.7817460317460316,25.766666666666666,6.618531889290012,9.867629362214199,0.6212121212121212,0.6707317073170732,0.7534246575342466,0.6,0.10975609756097561,2.286401925391095,4.9338146811070995,0.3106060606060606,0.4634146341463415,0.5135135135135135,0.5263157894736842,0.0975609756097561,0.24067388688327315,0.36101083032490977,0.022727272727272728,0.6666666666666666,0.6666666666666666,0.5,0,0,0,0,0,0,0,0,0,0.7220216606498195,0.045454545454545456,0,0,0,0,0,6,0,0,0
"Nikola Vučević","CHI",13,409,0.5223652694610779,0.5868263473053892,6.806603773584905,26.011475409836066,2.5316455696202533,4.25776754890679,0.2215568862275449,0.5945945945945946,0.6470588235294118,0.7272727272727273,0.08108108108108109,3.33716915995397,6.329113924050633,0.32934131736526945,0.5272727272727272,0.5686274509803921,0.896551724137931,0.07272727272727272,0.5753739930955121,1.6110471806674338,0.08383233532934131,0.35714285714285715,0.35714285714285715,1,0,0.11507479861910241,0.5753739930955121,0.029940119760479042,0.2,0.2,1,0,2.761795166858458,6.444188722669735,0.33532934131736525,0.42857142857142855,0.42857142857142855,0.9583333333333334,0,24,56,0.42857142857142855,0,0
"Jarace Walker","IND",14,407,0.508737417218543,0.6622516556291391,7.008860759493672,25.694444444444443,1.5116279069767442,3.255813953488372,0.18543046357615894,0.4642857142857143,0.5,0.7692307692307693,0.07142857142857142,1.3953488372093024,5.232558139534884,0.2980132450331126,0.26666666666666666,0.27906976744186046,0.16666666666666666,0.044444444444444446,0.11627906976744186,0.6976744186046512,0.039735099337748346,0.16666666666666666,0.16666666666666666,0,0,0.3488372093023256,1.0465116279069768,0.059602649006622516,0.3333333333333333,0.3333333333333333,1,0,1.8604651162790697,7.325581395348837,0.41721854304635764,0.25396825396825395,0.25396825396825395,0.8125,0,16,63,0.25396825396825395,0,0
"Quentin Grimes","PHI",13,406,0.5518861111111111,0.8482758620689655,5.243076923076924,26.09375,3.5629453681710213,5.10688836104513,0.296551724137931,0.6976744186046512,0.75,0.6333333333333333,0.06976744186046512,0.5938242280285035,1.3064133016627077,0.07586206896551724,0.45454545454545453,0.625,0.8,0.2727272727272727,0.2375296912114014,1.3064133016627077,0.07586206896551724,0.18181818181818182,0.18181818181818182,0.5,0,0.4750593824228028,1.4251781472684086,0.08275862068965517,0.3333333333333333,0.3333333333333333,0.75,0,3.32541567695962,8.076009501187649,0.4689655172413793,0.4117647058823529,0.4117647058823529,0.8928571428571429,0,28,68,0.4117647058823529,0,0
"Cason Wallace","OKC",14,406,0.5678792452830189,0.8018867924528302,4.431914893617021,24.78813559322034,2.0214030915576693,3.0915576694411415,0.24528301886792453,0.6538461538461539,0.68,0.29411764705882354,0.038461538461538464,0.4756242568370987,2.3781212841854935,0.18867924528301888,0.2,0.25,0.5,0.2,0,0.11890606420927467,0.009433962264150943,0,0,0,0,0.9512485136741974,2.0214030915576693,0.16037735849056603,0.47058823529411764,0.47058823529411764,1,0,1.6646848989298455,4.9940546967895365,0.39622641509433965,0.3333333333333333,0.3333333333333333,1,0,14,42,0.3333333333333333,0,0
"Luka Dončić","LAL",11,405,0.5044123481781376,0.6048387096774194,9.81953125,26.8875,3.2066508313539193,3.5629453681710213,0.12096774193548387,0.9,0.9,0.25925925925925924,0,4.275534441805226,7.838479809976247,0.2661290322580645,0.5454545454545454,0.5625,0.2222222222222222,0.030303030303030304,1.9002375296912113,3.8004750593824226,0.12903225806451613,0.5,0.5161290322580645,0.0625,0.03125,0.1187648456057007,1.187648456057007,0.04032258064516129,0.1,0.1,1,0,4.394299287410926,13.064133016627078,0.4435483870967742,0.33636363636363636,0.3425925925925926,0.35135135135135137,0.01818181818181818,37,110,0.33636363636363636,0,0
"Anthony Black","ORL",15,402,0.5638078358208956,0.7867647058823529,5.025,26.45576923076923,4.63980463980464,6.715506715506716,0.40441176470588236,0.6909090909090909,0.8085106382978723,0.47368421052631576,0.14545454545454545,1.465201465201465,2.442002442002442,0.14705882352941177,0.6,0.75,0.5833333333333334,0.2,0,1.098901098901099,0.0661764705882353,0,0,0,0,0.6105006105006106,1.7094017094017093,0.10294117647058823,0.35714285714285715,0.35714285714285715,1,0,1.221001221001221,4.63980463980464,0.27941176470588236,0.2631578947368421,0.2631578947368421,0.9,0,10,38,0.2631578947368421,0,0
"Nickeil Alexander-Walker","ATL",13,401,0.5632104972375691,0.7403314917127072,6.332673267326733,25.169999999999998,4.423748544819557,6.286379511059371,0.2983425414364641,0.7037037037037037,0.7307692307692307,0.5526315789473685,0.037037037037037035,1.5133876600698486,3.8416763678696157,0.18232044198895028,0.3939393939393939,0.41935483870967744,0.38461538461538464,0.06060606060606061,0.5820721769499418,1.6298020954598371,0.07734806629834254,0.35714285714285715,0.35714285714285715,0.6,0,0.8149010477299186,2.3282887077997674,0.11049723756906077,0.35,0.35,1,0,1.979045401629802,6.984866123399302,0.3314917127071823,0.2833333333333333,0.288135593220339,0.8235294117647058,0.016666666666666666,17,60,0.2833333333333333,0,0
"Stephen Curry","GSW",13,401,0.5373006048387097,0.784,7.197029702970297,26.810067114093957,3.587962962962963,5.439814814814815,0.188,0.6595744680851063,0.7209302325581395,0.45161290322580644,0.0851063829787234,2.199074074074074,3.8194444444444446,0.132,0.5757575757575758,0.59375,0.5263157894736842,0.030303030303030304,0.9259259259259259,2.4305555555555554,0.084,0.38095238095238093,0.38095238095238093,0.5,0,0.6944444444444444,1.5046296296296295,0.052,0.46153846153846156,0.46153846153846156,1,0,6.018518518518518,15.74074074074074,0.544,0.38235294117647056,0.38235294117647056,0.6730769230769231,0,52,136,0.38235294117647056,0,0
"Jrue Holiday","POR",12,401,0.5362027108433735,0.7108433734939759,6.939506172839507,25.651764705882353,2.6651216685979144,3.8238702201622248,0.19879518072289157,0.696969696969697,0.8214285714285714,0.391304347826087,0.15151515151515152,1.7381228273464657,4.287369640787949,0.22289156626506024,0.40540540540540543,0.4166666666666667,0.4,0.02702702702702703,0.5793742757821553,1.2746234067207416,0.06626506024096386,0.45454545454545453,0.45454545454545453,0.2,0,0.5793742757821553,1.2746234067207416,0.06626506024096386,0.45454545454545453,0.45454545454545453,0.8,0,3.0127462340672073,8.574739281575898,0.4457831325301205,0.35135135135135137,0.35135135135135137,0.38461538461538464,0,26,74,0.35135135135135137,0,0
"Shaedon Sharpe","POR",14,400,0.5594700381679389,0.7022900763358778,6.88,26.12061855670103,6.511627906976744,10.116279069767442,0.3320610687022901,0.6436781609195402,0.7088607594936709,0.5892857142857143,0.09195402298850575,2.2093023255813953,4.4186046511627906,0.1450381679389313,0.5,0.5757575757575758,0.3157894736842105,0.13157894736842105,1.744186046511628,4.651162790697675,0.15267175572519084,0.375,0.375,0.26666666666666666,0,0.23255813953488372,1.0465116279069768,0.03435114503816794,0.2222222222222222,0.2222222222222222,1,0,2.6744186046511627,10.232558139534884,0.33587786259541985,0.26136363636363635,0.26436781609195403,0.6956521739130435,0.011363636363636364,23,88,0.26136363636363635,0,0
"Cedric Coward","MEM",15,399,0.5550506711409396,0.7449664429530202,5.3950000000000005,24.842028985507245,3.37995337995338,4.895104895104895,0.28187919463087246,0.6904761904761905,0.7837837837837838,0.6896551724137931,0.11904761904761904,1.3986013986013985,4.0792540792540795,0.2348993288590604,0.34285714285714286,0.375,0.6666666666666666,0.08571428571428572,0.2331002331002331,0.34965034965034963,0.020134228187919462,0.6666666666666666,0.6666666666666666,0,0,0.5827505827505828,2.331002331002331,0.1342281879194631,0.25,0.2631578947368421,1,0.05,2.6806526806526807,5.7109557109557105,0.3288590604026846,0.46938775510204084,0.46938775510204084,0.9130434782608695,0,23,49,0.46938775510204084,0,0
"Russell Westbrook","SAC",14,399,0.5257644171779141,0.6993865030674846,6.319101123595505,25.16216216216216,3.0127462340672073,4.634994206257242,0.24539877300613497,0.65,0.7428571428571429,0.4230769230769231,0.125,1.5063731170336037,4.519119351100811,0.2392638036809816,0.3333333333333333,0.40625,0.07692307692307693,0.1794871794871795,0.23174971031286212,1.1587485515643106,0.06134969325153374,0.2,0.2,0.5,0,1.3904982618771726,2.8968713789107765,0.15337423312883436,0.48,0.48,0.9166666666666666,0,2.085747392815759,5.677867902665121,0.3006134969325153,0.3673469387755102,0.3673469387755102,0.6666666666666666,0,18,49,0.3673469387755102,0,0
"Naji Marshall","DAL",15,394,0.5439905982905983,0.6581196581196581,6.36578947368421,24.339024390243903,2.969121140142518,4.275534441805226,0.3076923076923077,0.6944444444444444,0.7575757575757576,0.52,0.08333333333333333,2.019002375296912,3.9192399049881237,0.28205128205128205,0.5151515151515151,0.6296296296296297,0.5882352941176471,0.18181818181818182,0.1187648456057007,0.831353919239905,0.05982905982905983,0.14285714285714285,0.14285714285714285,0,0,0.831353919239905,2.8503562945368173,0.20512820512820512,0.2916666666666667,0.30434782608695654,1,0.041666666666666664,0.4750593824228028,2.019002375296912,0.1452991452991453,0.23529411764705882,0.23529411764705882,0.75,0,4,17,0.23529411764705882,0,0
"Paolo Banchero","ORL",12,393,0.530664606741573,0.5730337078651685,7.552985074626866,26.004545454545454,4.704463208685163,6.996381182147165,0.3258426966292135,0.6724137931034483,0.78,0.41025641025641024,0.13793103448275862,2.6537997587454765,6.634499396863691,0.3089887640449438,0.4,0.46808510638297873,0.3181818181818182,0.14545454545454545,1.2062726176115801,2.5331724969843186,0.11797752808988764,0.47619047619047616,0.47619047619047616,0.2,0,0,0.4825090470446321,0.02247191011235955,0,0,0,0,1.3268998793727382,4.8250904704463204,0.2247191011235955,0.275,0.275,0.9090909090909091,0,11,40,0.275,0,0
"Santi Aldama","MEM",15,384,0.5469657232704402,0.7044025157232704,5.972043010752688,25.207575757575757,3.902439024390244,5.609756097560975,0.2893081761006289,0.6956521739130435,0.7111111111111111,0.75,0.021739130434782608,2.1951219512195124,4.512195121951219,0.23270440251572327,0.4864864864864865,0.5142857142857142,0.9444444444444444,0.05405405405405406,0.36585365853658536,1.2195121951219512,0.06289308176100629,0.3,0.3,0.6666666666666666,0,0.975609756097561,1.951219512195122,0.10062893081761007,0.5,0.5333333333333333,1,0.0625,1.4634146341463414,6.097560975609756,0.31446540880503143,0.24,0.24,1,0,12,50,0.24,0,0
"CJ McCollum","WAS",13,384,0.5204511111111111,0.6555555555555556,8.557777777777778,26.004444444444445,1.932367149758454,3.3816425120772946,0.15555555555555556,0.5714285714285714,0.64,0.4375,0.10714285714285714,1.8115942028985508,5.314009661835748,0.24444444444444444,0.3409090909090909,0.375,0.2,0.09090909090909091,0.7246376811594203,2.1739130434782608,0.1,0.3333333333333333,0.3333333333333333,0.16666666666666666,0,0.7246376811594203,2.0531400966183573,0.09444444444444444,0.35294117647058826,0.35294117647058826,1,0,3.3816425120772946,8.816425120772946,0.40555555555555556,0.3835616438356164,0.3835616438356164,0.6071428571428571,0,28,73,0.3835616438356164,0,0
"Julian Champagnie","SAS",14,381,0.588587,0.95,2.847826086956522,24.784415584415587,1.6331658291457287,2.2613065326633164,0.18,0.7222222222222222,0.8125,0.7692307692307693,0.1111111111111111,0,0.628140703517588,0.05,0,0,0,0.4,0,0,0,0,0,0,0,2.0100502512562812,4.522613065326633,0.36,0.4444444444444444,0.4444444444444444,0.9375,0,1.6331658291457287,5.150753768844221,0.41,0.3170731707317073,0.3170731707317073,1,0,13,41,0.3170731707317073,0,0
"Jaylen Wells","MEM",15,380,0.5335283216783216,0.7062937062937062,8.846153846153847,24.878205128205128,1.8987341772151898,2.911392405063291,0.16083916083916083,0.6521739130434783,0.7894736842105263,0.6666666666666666,0.17391304347826086,1.139240506329114,3.037974683544304,0.16783216783216784,0.375,0.47368421052631576,0.6666666666666666,0.20833333333333334,0.8860759493670886,2.278481012658228,0.1258741258741259,0.3888888888888889,0.4117647058823529,0.7142857142857143,0.05555555555555555,0.759493670886076,3.1645569620253164,0.17482517482517482,0.24,0.24,1,0,2.0253164556962027,6.708860759493671,0.3706293706293706,0.3018867924528302,0.3076923076923077,0.875,0.018867924528301886,16,53,0.3018867924528302,0,0
"Terance Mann","BKN",14,380,0.5373447619047619,0.7238095238095238,5.384126984126984,25.138095238095236,2.7237354085603114,4.409857328145266,0.3238095238095238,0.6176470588235294,0.7241379310344828,0.2857142857142857,0.14705882352941177,1.4267185473411155,3.2425421530479897,0.23809523809523808,0.44,0.5,0.5454545454545454,0.12,0.2594033722438392,0.5188067444876784,0.0380952380952381,0.5,0.5,1,0,0.5188067444876784,1.8158236057068742,0.13333333333333333,0.2857142857142857,0.2857142857142857,1,0,1.4267185473411155,3.6316472114137484,0.26666666666666666,0.39285714285714285,0.39285714285714285,0.7272727272727273,0,11,28,0.39285714285714285,0,0
"Josh Giddey","CHI",11,379,0.5442585164835164,0.6263736263736264,5.824626865671642,25.6125,4.86284289276808,8.229426433915211,0.3626373626373626,0.5909090909090909,0.6842105263157895,0.48717948717948717,0.13636363636363635,3.491271820448878,7.107231920199501,0.3131868131868132,0.49122807017543857,0.509090909090909,0.17857142857142858,0.03508771929824561,0.24937655860349128,1.371571072319202,0.06043956043956044,0.18181818181818182,0.18181818181818182,0.5,0,0.12468827930174564,0.3740648379052369,0.016483516483516484,0.3333333333333333,0.3333333333333333,1,0,1.9950124688279303,5.610972568578553,0.24725274725274726,0.35555555555555557,0.36363636363636365,0.8125,0.022222222222222223,16,45,0.35555555555555557,0,0
"Svi Mykhailiuk","UTA",14,378,0.5416409523809524,0.8476190476190476,5.913333333333333,25.085333333333335,1.2658227848101267,1.7721518987341771,0.13333333333333333,0.7142857142857143,0.7142857142857143,0.9,0,1.3924050632911393,1.7721518987341771,0.13333333333333333,0.7857142857142857,0.8461538461538461,0.5454545454545454,0.07142857142857142,0.12658227848101267,0.25316455696202533,0.01904761904761905,0.5,0.5,1,0,1.7721518987341771,3.9240506329113924,0.29523809523809524,0.45161290322580644,0.45161290322580644,1,0,1.8987341772151898,5.569620253164557,0.41904761904761906,0.3409090909090909,0.3409090909090909,0.8666666666666667,0,15,44,0.3409090909090909,0,0
"Matas Buzelis","CHI",13,378,0.5887063333333333,0.84,3.608888888888889,24.86,4.808877928483354,8.13810110974106,0.44,0.5909090909090909,0.639344262295082,0.4358974358974359,0.07575757575757576,0.7398273736128237,2.466091245376079,0.13333333333333333,0.3,0.35294117647058826,0.6666666666666666,0.15,0.2466091245376079,0.4932182490752158,0.02666666666666667,0.5,0.6666666666666666,1,0.25,0.9864364981504316,2.8360049321824907,0.15333333333333332,0.34782608695652173,0.36363636363636365,1,0.043478260869565216,1.972872996300863,4.562268803945746,0.24666666666666667,0.43243243243243246,0.43243243243243246,0.9375,0,16,37,0.43243243243243246,0,0
"Alex Sarr","WAS",13,377,0.5207722222222222,0.5767195767195767,5.786577181208054,25.98,6.725888324873097,8.756345177664974,0.36507936507936506,0.7681159420289855,0.8688524590163934,0.7169811320754716,0.11594202898550725,3.299492385786802,8.756345177664974,0.36507936507936506,0.37681159420289856,0.43333333333333335,0.6923076923076923,0.13043478260869565,0.6345177664974619,1.3959390862944163,0.0582010582010582,0.45454545454545453,0.45454545454545453,0.8,0,0.12690355329949238,0.38071065989847713,0.015873015873015872,0.3333333333333333,0.5,1,0.3333333333333333,1.649746192893401,4.695431472081219,0.19576719576719576,0.35135135135135137,0.35135135135135137,1,0,13,37,0.35135135135135137,0,0
"Jalen Duren","DET",13,376,0.5575520833333333,0.6875,3.396527777777778,0,8.823529411764707,12.659846547314578,0.6875,0.696969696969697,0.75,0.6666666666666666,0.0707070707070707,3.1969309462915603,5.242966751918159,0.2847222222222222,0.6097560975609756,0.6944444444444444,0.56,0.12195121951219512,0.3836317135549872,0.5115089514066496,0.027777777777777776,0.75,0.75,0,0,0,0,0,0,0,0,0,0,0,0,0,0,0,0,0,0,0,0,0
"Sion James","CHA",14,374,0.5815842105263158,0.9342105263157895,2.861290322580645,24.60222222222222,1.8205461638491547,3.3810143042912872,0.34210526315789475,0.5384615384615384,0.6666666666666666,0.5,0.19230769230769232,0.13003901170351106,0.6501950585175552,0.06578947368421052,0.2,0.25,1,0.2,0,0,0,0,0,0,0,1.0403120936280885,2.730819245773732,0.27631578947368424,0.38095238095238093,0.38095238095238093,1,0,1.5604681404421326,3.120936280884265,0.3157894736842105,0.5,0.5,1,0,12,24,0.5,0,0
"Jalen Brunson","NYK",11,373,0.5352458515283842,0.5982532751091703,7.89448275862069,25.78690476190476,4.203821656050955,6.751592356687898,0.2314410480349345,0.6226415094339622,0.66,0.30303030303030304,0.05660377358490566,3.821656050955414,8.662420382165605,0.29694323144104806,0.4411764705882353,0.47619047619047616,0.3,0.07352941176470588,1.6560509554140128,3.0573248407643314,0.10480349344978165,0.5416666666666666,0.5416666666666666,0.15384615384615385,0,0.7643312101910829,1.5286624203821657,0.05240174672489083,0.5,0.5,1,0,3.1847133757961785,9.171974522292993,0.314410480349345,0.3472222222222222,0.3472222222222222,0.44,0,25,72,0.3472222222222222,0,0
"OG Anunoby","NYK",12,373,0.6194972789115647,0.9183673469387755,3.0426470588235297,24.82405063291139,4.7496790757381255,7.188703465982028,0.38095238095238093,0.6607142857142857,0.7708333333333334,0.5945945945945946,0.14285714285714285,0.12836970474967907,1.2836970474967908,0.06802721088435375,0.1,0.1111111111111111,1,0.1,0.12836970474967907,0.25673940949935814,0.013605442176870748,0.5,0.5,1,0,2.4390243902439024,5.006418485237484,0.2653061224489796,0.48717948717948717,0.5,1,0.02564102564102564,1.5404364569961488,5.134788189987163,0.272108843537415,0.3,0.3157894736842105,0.9166666666666666,0.05,12,40,0.3,0,0
"Kyshawn George","WAS",12,371,0.5222417808219177,0.7054794520547946,7.740259740259741,26.57246376811594,3.278688524590164,4.287515762925599,0.2328767123287671,0.7647058823529411,0.8125,0.34615384615384615,0.058823529411764705,1.2610340479192939,3.278688524590164,0.1780821917808219,0.38461538461538464,0.47619047619047616,0.1,0.19230769230769232,0.8827238335435057,2.1437578814627996,0.11643835616438356,0.4117647058823529,0.4666666666666667,0,0.11764705882352941,1.1349306431273645,1.639344262295082,0.08904109589041095,0.6923076923076923,0.6923076923076923,1,0,2.7742749054224465,7.061790668348046,0.3835616438356164,0.39285714285714285,0.4,0.7727272727272727,0.017857142857142856,22,56,0.39285714285714285,0,0
"Jeremiah Fears","NOP",14,369,0.5341898907103825,0.6120218579234973,6.542962962962963,26.039583333333336,5.277044854881266,8.443271767810026,0.34972677595628415,0.625,0.6896551724137931,0.45,0.09375,2.5065963060686016,6.728232189973615,0.2786885245901639,0.37254901960784315,0.4523809523809524,0.21052631578947367,0.17647058823529413,0.7915567282321899,2.638522427440633,0.1092896174863388,0.3,0.3,0.3333333333333333,0,0.39577836411609496,1.0554089709762533,0.04371584699453552,0.375,0.375,1,0,1.8469656992084433,5.277044854881266,0.2185792349726776,0.35,0.35,0.5714285714285714,0,14,40,0.35,0,0
"Anfernee Simons","BOS",15,368,0.5056703592814371,0.6706586826347305,11.204411764705881,26.104040404040404,0.9536784741144414,1.771117166212534,0.07784431137724551,0.5384615384615384,0.7777777777777778,0,0.3076923076923077,1.9073569482288828,3.8147138964577656,0.16766467065868262,0.5,0.56,0.21428571428571427,0.10714285714285714,1.0899182561307903,3.678474114441417,0.16167664670658682,0.2962962962962963,0.32,0,0.07407407407407407,0.4087193460490463,1.2261580381471389,0.05389221556886228,0.3333333333333333,0.3333333333333333,1,0,5.040871934604905,12.26158038147139,0.5389221556886228,0.4111111111111111,0.4111111111111111,0.7027027027027027,0,37,90,0.4111111111111111,0,0
"Neemias Queta","BOS",15,367,0.5802377551020408,0.6938775510204082,3.5347368421052634,24.866666666666664,6.6024759284731775,8.940852819807429,0.6632653061224489,0.7384615384615385,0.7619047619047619,0.7083333333333334,0.03076923076923077,1.6506189821182944,3.576341127922971,0.2653061224489796,0.46153846153846156,0.48,0.9166666666666666,0.038461538461538464,0,0.5502063273727648,0.04081632653061224,0,0,0,0,0,0.1375515818431912,0.01020408163265306,0,0,0,0,0,0.2751031636863824,0.02040816326530612,0,0,0,0,0,2,0,0,0
"Collin Gillespie","PHX",15,365,0.5205981203007518,0.7593984962406015,10.036585365853659,26.316304347826087,0.40053404539385845,1.2016021361815754,0.06766917293233082,0.3333333333333333,0.6,0,0.4444444444444444,1.2016021361815754,2.937249666221629,0.16541353383458646,0.4090909090909091,0.42857142857142855,0.3333333333333333,0.045454545454545456,0.6675567423230975,1.335113484646195,0.07518796992481203,0.5,0.5,0.6,0,1.6021361815754338,2.0026702269692924,0.11278195488721804,0.8,0.8,1,0,3.2042723631508676,10.280373831775702,0.5789473684210527,0.3116883116883117,0.3116883116883117,0.625,0,24,77,0.3116883116883117,0,0
"Domantas Sabonis","SAC",11,365,0.5468803448275862,0.6758620689655173,4.0872,25.555,6.451612903225806,10.064516129032258,0.5379310344827586,0.6410256410256411,0.7246376811594203,0.68,0.11538461538461539,2.193548387096774,5.548387096774194,0.296551724137931,0.3953488372093023,0.4358974358974359,0.7647058823529411,0.09302325581395349,0.3870967741935484,0.5161290322580645,0.027586206896551724,0.75,1,1,0.25,0.12903225806451613,0.3870967741935484,0.020689655172413793,0.3333333333333333,0.3333333333333333,1,0,0.3870967741935484,2.193548387096774,0.11724137931034483,0.17647058823529413,0.17647058823529413,1,0,3,17,0.17647058823529413,0,0
"Aaron Gordon","DEN",12,365,0.5636140522875818,0.7581699346405228,5.585714285714285,25.333870967741937,5.6878306878306875,7.142857142857143,0.35294117647058826,0.7962962962962963,0.8113207547169812,0.627906976744186,0.018518518518518517,0.9259259259259259,3.1746031746031744,0.1568627450980392,0.2916666666666667,0.3181818181818182,0.2857142857142857,0.08333333333333333,0.5291005291005291,1.7195767195767195,0.08496732026143791,0.3076923076923077,0.3333333333333333,0.5,0.07692307692307693,0.7936507936507936,2.248677248677249,0.1111111111111111,0.35294117647058826,0.35294117647058826,0.8333333333333334,0,2.9100529100529102,5.9523809523809526,0.29411764705882354,0.4888888888888889,0.5,0.7727272727272727,0.022222222222222223,22,45,0.4888888888888889,0,0
"Jabari Smith Jr.","HOU",11,363,0.5356430232558139,0.6511627906976745,8.128571428571428,24.837288135593223,2.4489795918367347,3.401360544217687,0.1937984496124031,0.72,0.8181818181818182,0.4444444444444444,0.12,1.9047619047619047,3.945578231292517,0.2248062015503876,0.4827586206896552,0.5833333333333334,0.7142857142857143,0.1724137931034483,0.6802721088435374,2.17687074829932,0.12403100775193798,0.3125,0.3125,0.8,0,1.9047619047619047,3.945578231292517,0.2248062015503876,0.4827586206896552,0.4827586206896552,1,0,1.08843537414966,4.081632653061225,0.23255813953488372,0.26666666666666666,0.26666666666666666,0.875,0,8,30,0.26666666666666666,0,0
"Kyle Kuzma","MIL",14,362,0.5550578014184396,0.7163120567375887,4.688421052631579,25.3,4.724409448818897,7.217847769028872,0.3900709219858156,0.6545454545454545,0.6923076923076923,0.6388888888888888,0.05454545454545454,2.3622047244094486,4.4619422572178475,0.24113475177304963,0.5294117647058824,0.6206896551724138,0.6111111111111112,0.14705882352941177,0.3937007874015748,0.7874015748031497,0.0425531914893617,0.5,0.5,0,0,0.6561679790026247,2.2309711286089238,0.12056737588652482,0.29411764705882354,0.29411764705882354,1,0,1.0498687664041995,3.8057742782152233,0.20567375886524822,0.27586206896551724,0.27586206896551724,0.875,0,8,29,0.27586206896551724,0,0
"Jerami Grant","POR",13,362,0.5649890728476821,0.8278145695364238,4.123809523809523,25.05373134328358,4.645161290322581,7.483870967741935,0.3841059602649007,0.6206896551724138,0.7058823529411765,0.3888888888888889,0.1206896551724138,0.9032258064516129,2.838709677419355,0.1456953642384106,0.3181818181818182,0.4375,0.42857142857142855,0.2727272727272727,0,0.5161290322580645,0.026490066225165563,0,0,0,0,1.6774193548387097,3.225806451612903,0.16556291390728478,0.52,0.52,1,0,1.8064516129032258,5.419354838709677,0.2781456953642384,0.3333333333333333,0.3333333333333333,1,0,14,42,0.3333333333333333,0,0
"Ryan Dunn","PHX",15,361,0.5899427272727272,0.8,3.6846153846153844,24.20888888888889,4.217687074829932,5.850340136054422,0.39090909090909093,0.7209302325581395,0.7948717948717948,0.5806451612903226,0.09302325581395349,0.9523809523809523,2.857142857142857,0.19090909090909092,0.3333333333333333,0.35,0.8571428571428571,0.047619047619047616,0,0.1360544217687075,0.00909090909090909,0,0,0,0,1.4965986394557824,4.489795918367347,0.3,0.3333333333333333,0.3333333333333333,1,0,0.54421768707483,1.6326530612244898,0.10909090909090909,0.3333333333333333,0.3333333333333333,1,0,4,12,0.3333333333333333,0,0
"Jonathan Kuminga","GSW",13,360,0.5370426470588235,0.6397058823529411,5.3969696969696965,25.32702702702703,4.28380187416332,6.693440428380187,0.36764705882352944,0.64,0.6666666666666666,0.5625,0.04,2.8112449799196786,5.622489959839357,0.3088235294117647,0.5,0.6,0.2857142857142857,0.16666666666666666,0,0.9370816599732262,0.051470588235294115,0,0,0,0,0.6693440428380187,2.2757697456492636,0.125,0.29411764705882354,0.29411764705882354,1,0,0.9370816599732262,2.677376171352075,0.14705882352941177,0.35,0.35,0.8571428571428571,0,7,20,0.35,0,0
"Kris Dunn","LAC",14,360,0.545608125,0.7,6.199999999999999,24.73939393939394,2.2253129346314324,3.198887343532684,0.2875,0.6956521739130435,0.8421052631578947,0.4375,0.17391304347826086,1.1126564673157162,2.364394993045897,0.2125,0.47058823529411764,0.5714285714285714,0.625,0.17647058823529413,0.27816411682892905,0.9735744089012517,0.0875,0.2857142857142857,0.2857142857142857,0.5,0,0.9735744089012517,2.086230876216968,0.1875,0.4666666666666667,0.4666666666666667,1,0,0.6954102920723226,2.5034770514603615,0.225,0.2777777777777778,0.2777777777777778,1,0,5,18,0.2777777777777778,0,0
"Jock Landale","MEM",15,360,0.541496875,0.6964285714285714,4.870666666666667,25.305405405405406,3.439153439153439,5.423280423280423,0.36607142857142855,0.6341463414634146,0.7647058823529411,0.5769230769230769,0.17073170731707318,1.7195767195767195,3.9682539682539684,0.26785714285714285,0.43333333333333335,0.5,0.8461538461538461,0.13333333333333333,0.3968253968253968,0.5291005291005291,0.03571428571428571,0.75,0.75,1,0,0.26455026455026454,0.7936507936507936,0.05357142857142857,0.3333333333333333,0.3333333333333333,1,0,1.8518518518518519,4.1005291005291005,0.2767857142857143,0.45161290322580644,0.45161290322580644,1,0,14,31,0.45161290322580644,0,0
"Ronald Holland II","DET",15,358,0.5421229508196721,0.7131147540983607,5.447297297297298,24.60625,3.1746031746031744,5.158730158730159,0.319672131147541,0.6153846153846154,0.75,0.5,0.1794871794871795,1.1904761904761905,3.7037037037037037,0.22950819672131148,0.32142857142857145,0.34615384615384615,0.5555555555555556,0.07142857142857142,0.13227513227513227,0.9259259259259259,0.05737704918032787,0.14285714285714285,0.14285714285714285,1,0,1.1904761904761905,4.1005291005291005,0.2540983606557377,0.2903225806451613,0.2903225806451613,1,0,0.6613756613756614,2.248677248677249,0.13934426229508196,0.29411764705882354,0.29411764705882354,1,0,5,17,0.29411764705882354,0,0
"Saddiq Bey","NOP",13,358,0.5420203007518797,0.7819548872180451,5.433333333333334,25.164285714285715,2.5745257452574526,4.607046070460704,0.2556390977443609,0.5588235294117647,0.6333333333333333,0.42105263157894735,0.11764705882352941,1.3550135501355014,3.3875338753387534,0.18796992481203006,0.4,0.5,0.2,0.2,0,0.5420054200542005,0.03007518796992481,0,0,0,0,0.6775067750677507,3.116531165311653,0.17293233082706766,0.21739130434782608,0.22727272727272727,1,0.043478260869565216,3.116531165311653,6.368563685636857,0.3533834586466165,0.48936170212765956,0.48936170212765956,0.9565217391304348,0,23,47,0.48936170212765956,0,0
"John Collins","LAC",14,355,0.5326143410852713,0.627906976744186,5.721505376344086,24.62222222222222,4.9504950495049505,6.364922206506365,0.3488372093023256,0.7777777777777778,0.8333333333333334,0.7142857142857143,0.06666666666666667,2.4045261669024045,5.657708628005658,0.31007751937984496,0.425,0.4722222222222222,0.7647058823529411,0.1,0.14144271570014144,1.1315417256011315,0.06201550387596899,0.125,0.14285714285714285,1,0.125,1.272984441301273,2.828854314002829,0.15503875968992248,0.45,0.45,1,0,0.4243281471004243,2.263083451202263,0.12403100775193798,0.1875,0.1875,1,0,3,16,0.1875,0,0
"Ben Sheppard","IND",14,354,0.5552428571428571,0.819047619047619,5.561702127659574,25.586206896551722,1.8716577540106951,3.7433155080213902,0.26666666666666666,0.5,0.56,0.5714285714285714,0.10714285714285714,0.5347593582887701,1.8716577540106951,0.13333333333333333,0.2857142857142857,0.36363636363636365,1,0.21428571428571427,0.26737967914438504,0.6684491978609626,0.047619047619047616,0.4,0.4,1,0,0.6684491978609626,2.5401069518716577,0.18095238095238095,0.2631578947368421,0.2777777777777778,1,0.05263157894736842,1.0695187165775402,5.213903743315508,0.37142857142857144,0.20512820512820512,0.20512820512820512,0.875,0,8,39,0.20512820512820512,0,0
"Tristan da Silva","ORL",15,353,0.5496844696969697,0.7878787878787878,5.453571428571428,24.935526315789474,2.642559109874826,3.8942976356050067,0.21212121212121213,0.6785714285714286,0.7037037037037037,0.5789473684210527,0.03571428571428571,1.8080667593880388,3.477051460361613,0.1893939393939394,0.52,0.5652173913043478,0.46153846153846156,0.08,0.13908205841446453,0.4172461752433936,0.022727272727272728,0.3333333333333333,0.3333333333333333,0,0,1.6689847009735743,3.6161335187760777,0.19696969696969696,0.46153846153846156,0.46153846153846156,1,0,2.642559109874826,6.954102920723226,0.3787878787878788,0.38,0.38,0.9473684210526315,0,19,50,0.38,0,0
"Donovan Clingan","POR",14,350,0.573689423076923,0.9230769230769231,2.240625,25.21,5.114401076716016,7.537012113055182,0.5384615384615384,0.6785714285714286,0.7450980392156863,0.5789473684210527,0.08928571428571429,0.4037685060565276,1.0767160161507403,0.07692307692307693,0.375,0.42857142857142855,0.3333333333333333,0.125,0,0,0,0,0,0,0,0,0.9421265141318977,0.0673076923076923,0,0,0,0,1.0767160161507403,4.441453566621804,0.3173076923076923,0.24242424242424243,0.24242424242424243,1,0,8,33,0.24242424242424243,0,0
"Javonte Green","DET",15,349,0.5442635416666667,0.8020833333333334,4.953191489361703,25.302040816326528,2.5815217391304346,3.8043478260869565,0.2916666666666667,0.6785714285714286,0.76,0.7894736842105263,0.10714285714285714,0.5434782608695652,2.1739130434782608,0.16666666666666666,0.25,0.26666666666666666,1,0.0625,0.1358695652173913,0.4076086956521739,0.03125,0.3333333333333333,0.3333333333333333,1,0,0.6793478260869565,2.3097826086956523,0.17708333333333334,0.29411764705882354,0.29411764705882354,1,0,1.358695652173913,4.3478260869565215,0.3333333333333333,0.3125,0.3225806451612903,1,0.03125,10,32,0.3125,0,0
"Bub Carrington","WAS",13,349,0.5035741176470588,0.5529411764705883,10.041304347826086,25.866666666666667,0.2699055330634278,1.0796221322537112,0.09411764705882353,0.25,0.2857142857142857,1,0.125,0.8097165991902834,3.3738191632928474,0.29411764705882354,0.24,0.2727272727272727,0,0.12,0.4048582995951417,1.7543859649122806,0.15294117647058825,0.23076923076923078,0.25,0.3333333333333333,0.07692307692307693,0.4048582995951417,1.214574898785425,0.10588235294117647,0.3333333333333333,0.3333333333333333,1,0,1.8893387314439947,4.048582995951417,0.35294117647058826,0.4666666666666667,0.4666666666666667,0.7142857142857143,0,14,30,0.4666666666666667,0,0
"Noah Clowney","BKN",14,348,0.5448735849056604,0.8773584905660378,5.3,25.353246753246754,1.1428571428571428,2.2857142857142856,0.1509433962264151,0.5,0.5333333333333333,0.75,0.0625,0.7142857142857143,1.7142857142857142,0.11320754716981132,0.4166666666666667,0.625,0.2,0.3333333333333333,0,0.14285714285714285,0.009433962264150943,0,0,0,0,1.1428571428571428,2.857142857142857,0.18867924528301888,0.4,0.47058823529411764,1,0.15,2.4285714285714284,8.142857142857142,0.5377358490566038,0.2982456140350877,0.2982456140350877,1,0,17,57,0.2982456140350877,0,0
"Kentavious Caldwell-Pope","MEM",15,346,0.5224906542056075,0.6448598130841121,9.72982456140351,25.284000000000002,1.5047879616963065,2.5991792065663475,0.17757009345794392,0.5789473684210527,0.5789473684210527,0.7272727272727273,0,0.8207934336525308,2.5991792065663475,0.17757009345794392,0.3157894736842105,0.4,1,0.21052631578947367,0.957592339261286,2.5991792065663475,0.17757009345794392,0.3684210526315789,0.3684210526315789,0.7142857142857143,0,0,1.3679890560875514,0.09345794392523364,0,0,0,0,1.915184678522572,5.471956224350206,0.37383177570093457,0.35,0.358974358974359,0.9285714285714286,0.025,14,40,0.35,0,0
"Ryan Kalkbrenner","CHA",13,346,0.6569499999999999,0.9130434782608695,1.8558823529411765,24.6,7.113543091655266,8.481532147742818,0.8985507246376812,0.8387096774193549,0.9122807017543859,0.6538461538461539,0.08064516129032258,0.5471956224350205,0.8207934336525308,0.08695652173913043,0.6666666666666666,0.6666666666666666,1,0,0,0,0,0,0,0,0,0,0,0,0,0,0,0,0,0.13679890560875513,0.014492753623188406,0,0,0,0,0,1,0,0,0
"De'Andre Hunter","CLE",12,346,0.5254248484848485,0.6060606060606061,8.867441860465117,25.588607594936708,2.0408163265306123,2.857142857142857,0.12727272727272726,0.7142857142857143,0.8333333333333334,0.6,0.14285714285714285,3.673469387755102,6.394557823129252,0.28484848484848485,0.574468085106383,0.6428571428571429,0.6296296296296297,0.10638297872340426,1.2244897959183674,2.4489795918367347,0.10909090909090909,0.5,0.5,0.4444444444444444,0,0.8163265306122449,2.312925170068027,0.10303030303030303,0.35294117647058826,0.35294117647058826,1,0,2.17687074829932,8.435374149659864,0.37575757575757573,0.25806451612903225,0.25806451612903225,0.6875,0,16,62,0.25806451612903225,0,0
"Ja Morant","MEM",12,345,0.5078280927835052,0.5025641025641026,8.565925925925926,25.83,2.8112449799196786,5.087014725568943,0.19487179487179487,0.5526315789473685,0.6176470588235294,0.3333333333333333,0.10526315789473684,4.149933065595716,10.040160642570282,0.38461538461538464,0.41333333333333333,0.4492753623188406,0.25806451612903225,0.08,1.07095046854083,2.9451137884872827,0.11282051282051282,0.36363636363636365,0.38095238095238093,0.25,0.045454545454545456,0.6693440428380187,1.2048192771084338,0.046153846153846156,0.5555555555555556,0.5555555555555556,1,0,0.6693440428380187,6.827309236947791,0.26153846153846155,0.09803921568627451,0.1,0.2,0.0196078431372549,5,51,0.09803921568627451,0,0
"Norman Powell","MIA",11,345,0.5399467391304348,0.6847826086956522,6.151851851851852,25.642105263157895,3.9318479685452163,6.553079947575361,0.2717391304347826,0.6,0.6666666666666666,0.5333333333333333,0.1,2.490170380078637,6.159895150720839,0.2554347826086957,0.40425531914893614,0.4634146341463415,0.47368421052631576,0.1276595744680851,0.5242463958060288,1.4416775884665793,0.059782608695652176,0.36363636363636365,0.36363636363636365,0.5,0,0.7863695937090432,2.2280471821756227,0.09239130434782608,0.35294117647058826,0.35294117647058826,1,0,3.800786369593709,7.732634338138925,0.32065217391304346,0.4915254237288136,0.5,0.8275862068965517,0.01694915254237288,29,59,0.4915254237288136,0,0
"Moses Moody","GSW",14,345,0.5391650793650793,0.8333333333333334,6.713888888888889,25.465555555555557,1.2379642365887207,2.063273727647868,0.11904761904761904,0.6,0.75,0.6666666666666666,0.2,0.687757909215956,2.200825309491059,0.12698412698412698,0.3125,0.38461538461538464,0.4,0.1875,0.1375515818431912,0.687757909215956,0.03968253968253968,0.2,0.2,0,0,1.375515818431912,2.6134800550206325,0.15079365079365079,0.5263157894736842,0.5263157894736842,0.9,0,4.126547455295736,9.766162310866575,0.5634920634920635,0.4225352112676056,0.42857142857142855,1,0.014084507042253521,30,71,0.4225352112676056,0,0
"Kevin Huerter","CHI",13,343,0.5790838129496403,0.8201438848920863,3.586486486486486,25.29230769230769,4.973118279569892,6.586021505376344,0.35251798561151076,0.7551020408163265,0.8604651162790697,0.6756756756756757,0.12244897959183673,1.6129032258064515,3.360215053763441,0.17985611510791366,0.48,0.5,0.6666666666666666,0.04,0,0,0,0,0,0,0,1.075268817204301,2.4193548387096775,0.12949640287769784,0.4444444444444444,0.4444444444444444,1,0,1.7473118279569892,6.317204301075269,0.3381294964028777,0.2765957446808511,0.2765957446808511,1,0,13,47,0.2765957446808511,0,0
"Jusuf Nurkić","UTA",14,342,0.5082469696969697,0.5656565656565656,4.551351351351352,26.048000000000002,2.4258760107816713,4.177897574123989,0.31313131313131315,0.5806451612903226,0.6666666666666666,0.4444444444444444,0.12903225806451613,2.2911051212938007,5.660377358490566,0.42424242424242425,0.40476190476190477,0.4594594594594595,0.6470588235294118,0.11904761904761904,0,0.1347708894878706,0.010101010101010102,0,0,0,0,0,0,0,0,0,0,0,0.5390835579514824,3.3692722371967654,0.25252525252525254,0.16,0.16666666666666666,1,0.04,4,25,0.16,0,0
"Kel'el Ware","MIA",14,342,0.5828074561403509,0.7807017543859649,3.355128205128205,24.5,5.227882037533512,7.10455764075067,0.4649122807017544,0.7358490566037735,0.75,0.6666666666666666,0.018867924528301886,1.0723860589812333,3.2171581769436997,0.21052631578947367,0.3333333333333333,0.4,0.875,0.16666666666666666,0.13404825737265416,0.13404825737265416,0.008771929824561403,1,1,1,0,0.938337801608579,2.1447721179624666,0.14035087719298245,0.4375,0.4375,1,0,0.938337801608579,2.680965147453083,0.17543859649122806,0.35,0.35,1,0,7,20,0.35,0,0
"Collin Sexton","CHA",13,342,0.5400773722627737,0.6715328467153284,6.49080459770115,25.7,4.360056258790436,5.9071729957805905,0.30656934306569344,0.7380952380952381,0.8157894736842105,0.41935483870967744,0.09523809523809523,1.4064697609001406,4.781997187060478,0.24817518248175183,0.29411764705882354,0.35714285714285715,0.4,0.17647058823529413,0.4219409282700422,1.5471167369901546,0.08029197080291971,0.2727272727272727,0.2727272727272727,0.3333333333333333,0,0.5625879043600562,1.1251758087201125,0.058394160583941604,0.5,0.5,1,0,2.390998593530239,5.9071729957805905,0.30656934306569344,0.40476190476190477,0.40476190476190477,0.7058823529411765,0,17,42,0.40476190476190477,0,0
"Naz Reid","MIN",14,338,0.5347346153846154,0.7152777777777778,5.831884057971014,25.476,2.9702970297029703,3.9603960396039604,0.19444444444444445,0.75,0.8076923076923077,0.5714285714285714,0.07142857142857142,2.4045261669024045,5.091937765205092,0.25,0.4722222222222222,0.5862068965517241,0.4117647058823529,0.19444444444444445,0.14144271570014144,0.7072135785007072,0.034722222222222224,0.2,0.2,1,0,1.5558698727015559,3.536067892503536,0.1736111111111111,0.44,0.44,0.9090909090909091,0,2.263083451202263,7.072135785007072,0.3472222222222222,0.32,0.32,0.875,0,16,50,0.32,0,0
"Marcus Smart","LAL",12,338,0.545104347826087,0.7608695652173914,7.5,25.491071428571427,1.5427769985974755,1.9635343618513323,0.15217391304347827,0.7857142857142857,0.8461538461538461,0.5454545454545454,0.07142857142857142,1.5427769985974755,2.3842917251051894,0.18478260869565216,0.6470588235294118,0.6470588235294118,0.45454545454545453,0,0.2805049088359046,0.7012622720897616,0.05434782608695652,0.4,0.4,0.5,0,0.42075736325385693,1.5427769985974755,0.11956521739130435,0.2727272727272727,0.2727272727272727,1,0,1.402524544179523,6.3113604488078545,0.4891304347826087,0.2222222222222222,0.22727272727272727,0.7,0.022222222222222223,10,45,0.2222222222222222,0,0
"Jarrett Allen","CLE",13,335,0.5508171875,0.5234375,4.687903225806451,24.825,6.043956043956044,8.653846153846153,0.4921875,0.6984126984126984,0.8301886792452831,0.75,0.15873015873015872,3.8461538461538463,7.829670329670329,0.4453125,0.49122807017543857,0.5384615384615384,0.8571428571428571,0.08771929824561403,0.41208791208791207,0.5494505494505495,0.03125,0.75,0.75,1,0,0,0.41208791208791207,0.0234375,0,0,0,0,0,0.13736263736263737,0.0078125,0,0,0,0,0,1,0,0,0
"Aaron Nesmith","IND",11,335,0.5310017006802721,0.7619047619047619,7.525,25.42168674698795,2.014388489208633,4.172661870503597,0.19727891156462585,0.4827586206896552,0.6086956521739131,0.9285714285714286,0.20689655172413793,1.0071942446043165,3.4532374100719423,0.16326530612244897,0.2916666666666667,0.3181818181818182,0.5714285714285714,0.08333333333333333,0.28776978417266186,1.5827338129496402,0.07482993197278912,0.18181818181818182,0.18181818181818182,1,0,1.1510791366906474,3.0215827338129495,0.14285714285714285,0.38095238095238093,0.4,0.875,0.047619047619047616,3.3093525179856114,8.920863309352518,0.4217687074829932,0.3709677419354839,0.3770491803278688,0.9565217391304348,0.016129032258064516,23,62,0.3709677419354839,0,0
"Keldon Johnson","SAS",14,331,0.622531512605042,0.8571428571428571,2.4383720930232555,23.845454545454544,7.195301027900147,10.13215859030837,0.5798319327731093,0.7101449275362319,0.8596491228070176,0.5306122448979592,0.17391304347826086,1.1747430249632893,2.3494860499265786,0.13445378151260504,0.5,0.5333333333333333,0.625,0.0625,0.14684287812041116,0.14684287812041116,0.008403361344537815,1,1,1,0,0.8810572687224669,3.5242290748898677,0.20168067226890757,0.25,0.2608695652173913,1,0.041666666666666664,0.2936857562408223,1.3215859030837005,0.07563025210084033,0.2222222222222222,0.2222222222222222,0.5,0,2,9,0.2222222222222222,0,0
"Isaac Okoro","CHI",13,330,0.6185371951219513,0.9512195121951219,2.1999999999999997,24,3.052325581395349,5.6686046511627906,0.47560975609756095,0.5384615384615384,0.6774193548387096,0.6666666666666666,0.20512820512820512,0.14534883720930233,0.5813953488372093,0.04878048780487805,0.25,0.3333333333333333,1,0.25,0,0,0,0,0,0,0,1.4534883720930232,4.069767441860465,0.34146341463414637,0.35714285714285715,0.35714285714285715,1,0,0.5813953488372093,1.5988372093023255,0.13414634146341464,0.36363636363636365,0.36363636363636365,1,0,4,11,0.36363636363636365,0,0
"D'Angelo Russell","DAL",15,330,0.5017815950920246,0.5766871165644172,8.729545454545455,25.829333333333334,1.7291066282420748,2.7377521613832854,0.1165644171779141,0.631578947368421,0.6666666666666666,0.4166666666666667,0.05263157894736842,3.4582132564841497,7.348703170028818,0.3128834355828221,0.47058823529411764,0.4897959183673469,0.2916666666666667,0.0392156862745098,1.2968299711815563,2.5936599423631126,0.11042944785276074,0.5,0.5,0.3333333333333333,0,0.2881844380403458,1.7291066282420748,0.0736196319018405,0.16666666666666666,0.16666666666666666,0.5,0,2.161383285302594,9.077809798270893,0.38650306748466257,0.23809523809523808,0.23809523809523808,0.8666666666666667,0,15,63,0.23809523809523808,0,0
"Tre Jones","CHI",11,329,0.5961711340206186,0.7319587628865979,3.6087499999999997,25.076470588235296,4.680851063829787,7.659574468085107,0.5567010309278351,0.6111111111111112,0.7333333333333333,0.42424242424242425,0.16666666666666666,1.2765957446808511,3.404255319148936,0.24742268041237114,0.375,0.45,0.3333333333333333,0.16666666666666666,0,0.28368794326241137,0.020618556701030927,0,0,0,0,0.28368794326241137,0.425531914893617,0.030927835051546393,0.6666666666666666,0.6666666666666666,1,0,0.5673758865248227,1.9858156028368794,0.14432989690721648,0.2857142857142857,0.2857142857142857,1,0,4,14,0.2857142857142857,0,0
"Chet Holmgren","OKC",11,328,0.5432575757575757,0.6893939393939394,6.5,25.48936170212766,5,6.470588235294118,0.3333333333333333,0.7727272727272727,0.8717948717948718,0.7058823529411765,0.11363636363636363,2.9411764705882355,4.705882352941177,0.24242424242424243,0.625,0.6896551724137931,0.65,0.09375,0.7352941176470589,1.3235294117647058,0.06818181818181818,0.5555555555555556,0.5555555555555556,0.6,0,0.14705882352941177,0.8823529411764706,0.045454545454545456,0.16666666666666666,0.16666666666666666,1,0,2.6470588235294117,6.029411764705882,0.3106060606060606,0.43902439024390244,0.45,0.8888888888888888,0.024390243902439025,18,41,0.43902439024390244,0,0
"Tre Johnson","WAS",13,327,0.5025666666666667,0.5833333333333334,9.344615384615384,26.070149253731344,0.9873060648801129,1.4104372355430184,0.07575757575757576,0.7,0.7,0.5714285714285714,0,2.2566995768688294,5.923836389280677,0.3181818181818182,0.38095238095238093,0.3902439024390244,0.25,0.023809523809523808,1.1283497884344147,1.8335684062059239,0.09848484848484848,0.6153846153846154,0.6153846153846154,0.375,0,0.9873060648801129,2.397743300423131,0.12878787878787878,0.4117647058823529,0.4117647058823529,0.7142857142857143,0,2.538787023977433,7.052186177715091,0.3787878787878788,0.36,0.36,0.8333333333333334,0,18,50,0.36,0,0
"Mark Williams","PHX",13,326,0.5531432989690721,0.5773195876288659,4.0237113402061855,0,5.97667638483965,8.16326530612245,0.5773195876288659,0.7321428571428571,0.7884615384615384,0.6829268292682927,0.07142857142857142,2.7696793002915454,5.685131195335277,0.4020618556701031,0.48717948717948717,0.5588235294117647,0.8947368421052632,0.1282051282051282,0.1457725947521866,0.2915451895043732,0.020618556701030927,0.5,0.5,1,0,0,0,0,0,0,0,0,0,0,0,0,0,0,0,0,0,0,0,0
"Christian Braun","DEN",11,325,0.5776206185567011,0.8247422680412371,4.286956521739131,25.792857142857144,5.154639175257732,7.658321060382916,0.5360824742268041,0.6730769230769231,0.7446808510638298,0.7714285714285715,0.09615384615384616,0.7363770250368189,1.6200294550810015,0.1134020618556701,0.45454545454545453,0.5,0.8,0.09090909090909091,0.29455081001472755,0.8836524300441826,0.061855670103092786,0.3333333333333333,0.3333333333333333,0.5,0,0.29455081001472755,0.5891016200294551,0.041237113402061855,0.5,0.5,1,0,0.5891016200294551,3.5346097201767304,0.24742268041237114,0.16666666666666666,0.16666666666666666,1,0,4,24,0.16666666666666666,0,0
"Derrick Jones Jr.","LAC",13,324,0.5663766304347826,0.8369565217391305,4.054347826086956,24.945652173913043,3.951367781155015,4.711246200607903,0.33695652173913043,0.8387096774193549,0.896551724137931,0.6923076923076923,0.06451612903225806,0.9118541033434651,1.9756838905775076,0.14130434782608695,0.46153846153846156,0.6666666666666666,0.8333333333333334,0.3076923076923077,0.1519756838905775,0.303951367781155,0.021739130434782608,0.5,0.5,1,0,0.9118541033434651,3.1914893617021276,0.22826086956521738,0.2857142857142857,0.2857142857142857,1,0,1.5197568389057752,3.7993920972644375,0.2717391304347826,0.4,0.4,1,0,10,25,0.4,0,0
"Sam Hauser","BOS",15,323,0.5251830097087379,0.883495145631068,14.846153846153847,26.065555555555555,0,0.15128593040847202,0.009708737864077669,0,0,0,0,0.15128593040847202,0.45385779122541603,0.02912621359223301,0.3333333333333333,0.3333333333333333,1,0,0.30257186081694404,1.361573373676248,0.08737864077669903,0.2222222222222222,0.2222222222222222,1,0,0.6051437216338881,1.966717095310136,0.1262135922330097,0.3076923076923077,0.3076923076923077,1,0,3.933434190620272,11.649016641452345,0.7475728155339806,0.33766233766233766,0.34210526315789475,0.8846153846153846,0.012987012987012988,26,77,0.33766233766233766,0,0
"Moussa Diabaté","CHA",14,319,0.5900038461538462,0.7564102564102564,3.214102564102564,0,6.471494607087828,9.090909090909092,0.7564102564102564,0.711864406779661,0.75,0.6428571428571429,0.05084745762711865,1.694915254237288,2.773497688751926,0.23076923076923078,0.6111111111111112,0.7333333333333333,0.8181818181818182,0.16666666666666666,0,0.15408320493066255,0.01282051282051282,0,0,0,0,0,0,0,0,0,0,0,0,0,0,0,0,0,0,0,0,0,0,0
"Derik Queen","NOP",14,316,0.5280865217391305,0.591304347826087,5.459047619047619,25.419999999999998,6.00924499229584,8.936825885978429,0.5043478260869565,0.6724137931034483,0.7090909090909091,0.4358974358974359,0.05172413793103448,2.0030816640986133,6.00924499229584,0.3391304347826087,0.3333333333333333,0.38235294117647056,0.3076923076923077,0.1282051282051282,0.15408320493066255,1.2326656394453004,0.06956521739130435,0.125,0.125,1,0,0,0.3081664098613251,0.017391304347826087,0,0,0,0,0.15408320493066255,1.2326656394453004,0.06956521739130435,0.125,0.125,0,0,1,8,0.125,0,0
"Ausar Thompson","DET",11,314,0.5423383333333334,0.5583333333333333,5.176635514018692,25.430769230769233,5.172413793103448,8.463949843260188,0.45,0.6111111111111112,0.6346153846153846,0.6363636363636364,0.037037037037037035,3.605015673981191,7.523510971786834,0.4,0.4791666666666667,0.5111111111111111,0.391304347826087,0.0625,0.15673981191222572,0.7836990595611285,0.041666666666666664,0.2,0.2,1,0,0.4702194357366771,0.7836990595611285,0.041666666666666664,0.6,0.6,1,0,0.15673981191222572,1.2539184952978057,0.06666666666666667,0.125,0.125,1,0,1,8,0.125,0,0
"Bobby Portis","MIL",15,313,0.5126145161290323,0.5483870967741935,9.318181818181818,25.529787234042555,2.332814930015552,3.265940902021773,0.1693548387096774,0.7142857142857143,0.75,0.6666666666666666,0.047619047619047616,2.332814930015552,5.287713841368585,0.27419354838709675,0.4411764705882353,0.5172413793103449,0.8666666666666667,0.14705882352941177,1.244167962674961,3.421461897356143,0.1774193548387097,0.36363636363636365,0.38095238095238093,0.875,0.045454545454545456,0.7776049766718507,1.8662519440124417,0.0967741935483871,0.4166666666666667,0.4166666666666667,1,0,2.332814930015552,5.443234836702955,0.28225806451612906,0.42857142857142855,0.42857142857142855,1,0,15,35,0.42857142857142855,0,0
"Dean Wade","CLE",14,312,0.5880757352941177,0.9411764705882353,3.861111111111111,24.728,1.3761467889908257,2.140672782874618,0.20588235294117646,0.6428571428571429,0.8181818181818182,0.7777777777777778,0.21428571428571427,0,0.3058103975535168,0.029411764705882353,0,0,0,0,0.1529051987767584,0.3058103975535168,0.029411764705882353,0.5,0.5,1,0,0.764525993883792,2.90519877675841,0.27941176470588236,0.2631578947368421,0.2631578947368421,1,0,1.6819571865443426,4.740061162079511,0.45588235294117646,0.3548387096774194,0.3548387096774194,0.9090909090909091,0,11,31,0.3548387096774194,0,0
"Sam Merrill","CLE",12,311,0.5500969827586207,0.9224137931034483,7.970588235294118,25.52020202020202,1.03397341211226,1.1816838995568686,0.06896551724137931,0.875,0.875,0.7142857142857143,0,0.14771048744460857,0.5908419497784343,0.034482758620689655,0.25,0.25,1,0,0.29542097488921715,0.7385524372230429,0.04310344827586207,0.4,0.4,1,0,1.1816838995568686,2.2156573116691285,0.12931034482758622,0.5333333333333333,0.5333333333333333,0.875,0,5.317577548005908,12.407680945347119,0.7241379310344828,0.42857142857142855,0.42857142857142855,0.9166666666666666,0,36,84,0.42857142857142855,0,0
"Tre Mann","CHA",14,308,0.5288823129251701,0.6756756756756757,7.261842105263158,26.166666666666668,2.211690363349131,4.423380726698262,0.1891891891891892,0.5,0.5384615384615384,0.21428571428571427,0.07142857142857142,2.3696682464454977,6.161137440758294,0.2635135135135135,0.38461538461538464,0.4166666666666667,0.3333333333333333,0.07692307692307693,0.47393364928909953,1.4218009478672986,0.060810810810810814,0.3333333333333333,0.3333333333333333,0.3333333333333333,0,1.263823064770932,2.527646129541864,0.10810810810810811,0.5,0.5,1,0,2.211690363349131,8.846761453396525,0.3783783783783784,0.25,0.25,0.7142857142857143,0,14,56,0.25,0,0
"Cameron Johnson","DEN",12,306,0.5723522222222222,0.7666666666666667,6.364444444444444,25.242222222222225,2.204724409448819,3.779527559055118,0.26666666666666666,0.5833333333333334,0.7368421052631579,0.7857142857142857,0.20833333333333334,0.47244094488188976,1.889763779527559,0.13333333333333333,0.25,0.3,0.6666666666666666,0.16666666666666666,0.7874015748031497,1.4173228346456692,0.1,0.5555555555555556,0.5555555555555556,0.2,0,0.6299212598425197,2.047244094488189,0.14444444444444443,0.3076923076923077,0.3076923076923077,1,0,1.4173228346456692,5.039370078740157,0.35555555555555557,0.28125,0.2903225806451613,0.8888888888888888,0.03125,9,32,0.28125,0,0
"Josh Hart","NYK",12,306,0.5741659340659341,0.7582417582417582,5.0814814814814815,24.6027027027027,3.4428794992175273,5.007824726134586,0.3516483516483517,0.6875,0.7333333333333333,0.7272727272727273,0.0625,1.2519561815336464,2.6604068857589986,0.18681318681318682,0.47058823529411764,0.5,0.5,0.058823529411764705,0.1564945226917058,0.7824726134585289,0.054945054945054944,0.2,0.2,0,0,0.7824726134585289,2.190923317683881,0.15384615384615385,0.35714285714285715,0.38461538461538464,1,0.07142857142857142,1.0954616588419406,3.599374021909233,0.25274725274725274,0.30434782608695654,0.30434782608695654,0.7142857142857143,0,7,23,0.30434782608695654,0,0
"Pelle Larsson","MIA",14,305,0.5507720430107527,0.7311827956989247,4.773469387755102,25.097727272727273,3.1343283582089554,3.582089552238806,0.25806451612903225,0.875,0.875,0.6190476190476191,0,1.791044776119403,3.582089552238806,0.25806451612903225,0.5,0.631578947368421,0.5833333333333334,0.20833333333333334,0,0.14925373134328357,0.010752688172043012,0,0,0,0,0.746268656716418,1.791044776119403,0.12903225806451613,0.4166666666666667,0.4166666666666667,1,0,1.791044776119403,4.776119402985074,0.34408602150537637,0.375,0.3870967741935484,1,0.03125,12,32,0.375,0,0
"Anthony Edwards","MIN",10,303,0.5269304347826087,0.6521739130434783,8.209615384615384,25.8975,4.3478260869565215,6.211180124223603,0.21739130434782608,0.7,0.7777777777777778,0.4642857142857143,0.1,2.1739130434782608,5.900621118012422,0.20652173913043478,0.3684210526315789,0.3888888888888889,0.2857142857142857,0.05263157894736842,2.018633540372671,4.037267080745342,0.14130434782608695,0.5,0.52,0.23076923076923078,0.038461538461538464,0.15527950310559005,0.3105590062111801,0.010869565217391304,0.5,0.5,1,0,4.658385093167702,12.111801242236025,0.42391304347826086,0.38461538461538464,0.38461538461538464,0.5333333333333333,0,30,78,0.38461538461538464,0,0
"Peyton Watson","DEN",13,300,0.6017345588235293,0.8382352941176471,3.1346938775510202,24.931578947368422,3.536977491961415,6.109324758842444,0.5588235294117647,0.5789473684210527,0.6470588235294118,0.8181818181818182,0.10526315789473684,0.3215434083601286,1.607717041800643,0.14705882352941177,0.2,0.25,1,0.2,0.1607717041800643,0.1607717041800643,0.014705882352941176,1,1,1,0,0.6430868167202572,1.2861736334405145,0.11764705882352941,0.5,0.5,1,0,0.1607717041800643,1.7684887459807075,0.16176470588235295,0.09090909090909091,0.09090909090909091,1,0,1,11,0.09090909090909091,0,0
"Nikola Jović","MIA",14,299,0.5471445544554455,0.7450980392156863,5.007843137254902,25.89411764705882,2.2590361445783134,3.7650602409638556,0.24509803921568626,0.6,0.6521739130434783,0.6,0.08,1.6566265060240963,3.463855421686747,0.22549019607843138,0.4782608695652174,0.5,0.7272727272727273,0.043478260869565216,0,0.45180722891566266,0.029411764705882353,0,0,0,0.3333333333333333,0.15060240963855423,1.2048192771084338,0.0784313725490196,0.125,0.125,1,0,2.108433734939759,6.475903614457831,0.4215686274509804,0.32558139534883723,0.32558139534883723,1,0,14,43,0.32558139534883723,0,0
"Kris Murray","POR",13,298,0.5942616666666667,0.9,2.5473684210526315,24.55454545454546,3.1446540880503147,5.031446540880503,0.5333333333333333,0.625,0.7142857142857143,0.75,0.125,0.15723270440251572,0.9433962264150944,0.1,0.16666666666666666,0.2,1,0.16666666666666666,0,0,0,0,0,0,0,0.6289308176100629,1.8867924528301887,0.2,0.3333333333333333,0.3333333333333333,1,0,0.4716981132075472,1.5723270440251573,0.16666666666666666,0.3,0.3,1,0,3,10,0.3,0,0
"Klay Thompson","DAL",14,298,0.5282330935251799,0.7841726618705036,13.18611111111111,24.886407766990292,0.31007751937984496,0.9302325581395349,0.04316546762589928,0.3333333333333333,0.4,1,0.16666666666666666,0.6201550387596899,1.3953488372093024,0.06474820143884892,0.4444444444444444,0.5714285714285714,1,0.2222222222222222,1.3953488372093024,3.255813953488372,0.1510791366906475,0.42857142857142855,0.42857142857142855,0.7777777777777778,0,1.0852713178294573,3.875968992248062,0.17985611510791366,0.28,0.28,0.8571428571428571,0,3.875968992248062,12.093023255813954,0.5611510791366906,0.32051282051282054,0.32051282051282054,0.92,0,25,78,0.32051282051282054,0,0
"Zaccharie Risacher","ATL",12,297,0.586152734375,0.796875,5.357142857142857,25.894827586206898,4.375,6.875,0.34375,0.6363636363636364,0.7,0.75,0.09090909090909091,1.71875,2.8125,0.140625,0.6111111111111112,0.6875,0.7272727272727273,0.1111111111111111,0.3125,1.25,0.0625,0.25,0.25,1,0,0.9375,2.1875,0.109375,0.42857142857142855,0.42857142857142855,1,0,2.1875,6.875,0.34375,0.3181818181818182,0.3181818181818182,0.8571428571428571,0,14,44,0.3181818181818182,0,0
"Tim Hardaway Jr.","DEN",13,296,0.5456716981132076,0.7924528301886793,7.977777777777778,25.41,1.1217948717948718,2.2435897435897436,0.1320754716981132,0.5,0.5833333333333334,0.7142857142857143,0.14285714285714285,0.8012820512820513,2.0833333333333335,0.12264150943396226,0.38461538461538464,0.38461538461538464,0.6,0,0.6410256410256411,1.4423076923076923,0.08490566037735849,0.4444444444444444,0.4444444444444444,1,0,1.2820512820512822,2.5641025641025643,0.1509433962264151,0.5,0.5,1,0,4.006410256410256,8.653846153846153,0.5094339622641509,0.46296296296296297,0.46296296296296297,0.92,0,25,54,0.46296296296296297,0,0
"Tyrese Martin","BKN",14,293,0.5393233009708738,0.7961165048543689,4.609302325581395,25.886666666666667,2.905982905982906,3.7606837606837606,0.21359223300970873,0.7727272727272727,0.7727272727272727,0.5294117647058824,0,0.6837606837606838,3.247863247863248,0.18446601941747573,0.21052631578947367,0.2222222222222222,0,0.05263157894736842,0,0.3418803418803419,0.019417475728155338,0,0,0,0,0.6837606837606838,2.5641025641025643,0.14563106796116504,0.26666666666666666,0.26666666666666666,1,0,2.393162393162393,7.6923076923076925,0.4368932038834951,0.3111111111111111,0.3111111111111111,0.9285714285714286,0,14,45,0.3111111111111111,0,0
"Bruce Brown","DEN",13,292,0.5500635714285714,0.7,5.172916666666667,25.027272727272727,2.3064250411861615,4.448105436573312,0.38571428571428573,0.5185185185185185,0.6363636363636364,0.7857142857142857,0.18518518518518517,0.9884678747940692,2.9654036243822075,0.2571428571428571,0.3333333333333333,0.42857142857142855,0.16666666666666666,0.2222222222222222,0,0.4942339373970346,0.04285714285714286,0,0,0,0.3333333333333333,0.4942339373970346,1.1532125205930808,0.1,0.42857142857142855,0.42857142857142855,1,0,0.9884678747940692,2.471169686985173,0.21428571428571427,0.4,0.4,1,0,6,15,0.4,0,0
"Luke Kennard","ATL",13,291,0.5550277027027026,0.7702702702702703,7.026666666666667,24.975,1.3114754098360655,2.1311475409836067,0.17567567567567569,0.6153846153846154,0.7272727272727273,0.75,0.15384615384615385,0.819672131147541,1.8032786885245902,0.14864864864864866,0.45454545454545453,0.5555555555555556,0.4,0.18181818181818182,0.6557377049180327,0.9836065573770492,0.08108108108108109,0.6666666666666666,0.6666666666666666,0.75,0,1.3114754098360655,2.459016393442623,0.20270270270270271,0.5333333333333333,0.5333333333333333,1,0,1.8032786885245902,4.754098360655738,0.3918918918918919,0.3793103448275862,0.39285714285714285,1,0.034482758620689655,11,29,0.3793103448275862,0,0
"Landry Shamet","NYK",13,288,0.5707413793103449,0.8850574712643678,6.5,24.63174603174603,1.3179571663920921,2.3064250411861615,0.16091954022988506,0.5714285714285714,0.7272727272727273,0.625,0.21428571428571427,0.16474464579901152,0.8237232289950577,0.05747126436781609,0.2,0.2,1,0,0.6589785831960461,0.8237232289950577,0.05747126436781609,0.8,0.8,0.5,0,2.3064250411861615,4.7775947281713345,0.3333333333333333,0.4827586206896552,0.5,1,0.034482758620689655,1.9769357495881383,5.601317957166392,0.39080459770114945,0.35294117647058826,0.35294117647058826,1,0,12,34,0.35294117647058826,0,0
"Cam Spencer","MEM",15,285,0.5218380208333333,0.7604166666666666,9.389655172413793,25.86268656716418,0.5059021922428331,1.0118043844856661,0.0625,0.5,0.75,0.6666666666666666,0.3333333333333333,1.1804384485666104,2.866779089376054,0.17708333333333334,0.4117647058823529,0.4117647058823529,0.7142857142857143,0,0.3372681281618887,1.0118043844856661,0.0625,0.3333333333333333,0.3333333333333333,0,0,0.8431703204047217,1.349072512647555,0.08333333333333333,0.625,0.625,1,0,4.2158516020236085,9.949409780775717,0.6145833333333334,0.423728813559322,0.423728813559322,0.8,0,25,59,0.423728813559322,0,0
"Ace Bailey","UTA",14,284,0.5369581081081081,0.7027027027027027,8.470769230769232,24.817391304347826,3.814262023217247,5.306799336650083,0.2882882882882883,0.71875,0.7666666666666667,0.7391304347826086,0.0625,0.4975124378109453,1.824212271973466,0.0990990990990991,0.2727272727272727,0.3,0.3333333333333333,0.09090909090909091,1.1608623548922057,3.648424543946932,0.1981981981981982,0.3181818181818182,0.3181818181818182,0.8571428571428571,0,0.9950248756218906,2.6533996683250414,0.14414414414414414,0.375,0.375,0.8333333333333334,0,1.3266998341625207,4.975124378109452,0.2702702702702703,0.26666666666666666,0.26666666666666666,0.875,0,8,30,0.26666666666666666,0,0
"Patrick Williams","CHI",13,284,0.5452314814814815,0.8024691358024691,5.815625,25.646938775510204,1.468189233278956,2.6101141924959217,0.19753086419753085,0.5625,0.6,0.3333333333333333,0.0625,0.6525285481239804,2.2838499184339316,0.1728395061728395,0.2857142857142857,0.3076923076923077,0.25,0.07142857142857142,0.3262642740619902,0.3262642740619902,0.024691358024691357,1,1,0.5,0,1.1419249592169658,2.2838499184339316,0.1728395061728395,0.5,0.5,1,0,2.1207177814029365,5.709624796084829,0.43209876543209874,0.37142857142857144,0.37142857142857144,0.8461538461538461,0,13,35,0.37142857142857144,0,0
"Jaylon Tyson","CLE",11,284,0.5771727777777778,0.8333333333333334,3.642105263157895,24.86730769230769,2.857142857142857,3.865546218487395,0.25555555555555554,0.7391304347826086,0.85,0.5882352941176471,0.13043478260869565,0.5042016806722689,2.3529411764705883,0.15555555555555556,0.21428571428571427,0.23076923076923078,1,0.07142857142857142,0,0.16806722689075632,0.011111111111111112,0,0,0,0,1.5126050420168067,3.361344537815126,0.2222222222222222,0.45,0.45,1,0,2.5210084033613445,5.378151260504202,0.35555555555555557,0.46875,0.46875,1,0,15,32,0.46875,0,0
"Josh Minott","BOS",14,282,0.5732700000000001,0.825,3.960526315789474,25.01904761904762,3.473491773308958,4.387568555758683,0.3,0.7916666666666666,0.8636363636363636,0.6842105263157895,0.08333333333333333,0.5484460694698354,2.376599634369287,0.1625,0.23076923076923078,0.3333333333333333,0.6666666666666666,0.3076923076923077,0,0.18281535648994515,0.0125,0,0,0,0,1.4625228519195612,3.473491773308958,0.2375,0.42105263157894735,0.42105263157894735,1,0,1.4625228519195612,4.204753199268739,0.2875,0.34782608695652173,0.34782608695652173,0.875,0,8,23,0.34782608695652173,0,0
"Mike Conley","MIN",14,282,0.5496852459016394,0.8688524590163934,5.42,24.990243902439023,0.8445945945945946,2.027027027027027,0.19672131147540983,0.4166666666666667,0.4166666666666667,0.8,0,0.33783783783783783,1.1824324324324325,0.11475409836065574,0.2857142857142857,0.2857142857142857,1,0,0,0.16891891891891891,0.01639344262295082,0,0,0,0,0.5067567567567568,1.1824324324324325,0.11475409836065574,0.42857142857142855,0.42857142857142855,1,0,2.7027027027027026,5.743243243243243,0.5573770491803278,0.47058823529411764,0.47058823529411764,0.875,0,16,34,0.47058823529411764,0,0
"Ayo Dosunmu","CHI",11,280,0.5909892857142857,0.8125,3.8492753623188407,24.6046511627907,4.931972789115647,8.16326530612245,0.42857142857142855,0.6041666666666666,0.6590909090909091,0.4482758620689655,0.08333333333333333,2.0408163265306123,3.2312925170068025,0.16964285714285715,0.631578947368421,0.6666666666666666,0.3333333333333333,0.05263157894736842,0.17006802721088435,0.3401360544217687,0.017857142857142856,0.5,0.5,1,0,1.530612244897959,3.2312925170068025,0.16964285714285715,0.47368421052631576,0.47368421052631576,1,0,1.870748299319728,4.081632653061225,0.21428571428571427,0.4583333333333333,0.4583333333333333,1,0,11,24,0.4583333333333333,0,0
"Ziaire Williams","BKN",12,279,0.5643190721649485,0.9072164948453608,3.8307692307692305,24.935211267605634,2.292768959435626,2.998236331569665,0.17525773195876287,0.7647058823529411,0.8666666666666667,0.6153846153846154,0.11764705882352941,0.5291005291005291,1.5873015873015872,0.09278350515463918,0.3333333333333333,0.375,0.3333333333333333,0.1111111111111111,0,0,0,0,0,0,0,0.5291005291005291,4.409171075837743,0.25773195876288657,0.12,0.125,1,0.04,3.3509700176366843,8.112874779541446,0.4742268041237113,0.41304347826086957,0.41304347826086957,0.9473684210526315,0,19,46,0.41304347826086957,0,0
"Isaiah Stewart","DET",12,276,0.5493161616161616,0.7777777777777778,3.242857142857143,24.869444444444444,4.9733570159857905,7.282415630550622,0.41414141414141414,0.6829268292682927,0.7,0.75,0.024390243902439025,1.2433392539964476,3.730017761989343,0.21212121212121213,0.3333333333333333,0.3888888888888889,0.8571428571428571,0.14285714285714285,0,0.17761989342806395,0.010101010101010102,0,0,0,0,1.0657193605683837,2.664298401420959,0.15151515151515152,0.4,0.4,1,0,1.4209591474245116,3.730017761989343,0.21212121212121213,0.38095238095238093,0.38095238095238093,1,0,8,21,0.38095238095238093,0,0
"Lonzo Ball","CLE",12,276,0.5638184931506849,0.9178082191780822,5.642857142857143,25.976271186440677,0.6578947368421053,1.3157894736842106,0.1095890410958904,0.5,0.5714285714285714,0.5,0.125,0.32894736842105265,0.8223684210526315,0.0684931506849315,0.4,0.5,0,0.2,0,0.16447368421052633,0.0136986301369863,0,0,0,0,0.32894736842105265,1.3157894736842106,0.1095890410958904,0.25,0.2857142857142857,1,0.125,2.7960526315789473,8.388157894736842,0.6986301369863014,0.3333333333333333,0.3333333333333333,0.7058823529411765,0,17,51,0.3333333333333333,0,0
"Reed Sheppard","HOU",12,275,0.5133521929824562,0.6754385964912281,10.324444444444445,26.485507246376812,0.8787346221441125,1.40597539543058,0.07017543859649122,0.625,0.625,0.4,0,1.9332161687170475,4.042179261862917,0.20175438596491227,0.4782608695652174,0.5238095238095238,0.2727272727272727,0.08695652173913043,1.2302284710017575,2.460456942003515,0.12280701754385964,0.5,0.5,0.42857142857142855,0,1.054481546572935,2.2847100175746924,0.11403508771929824,0.46153846153846156,0.46153846153846156,1,0,4.745166959578207,9.84182776801406,0.49122807017543857,0.48214285714285715,0.4909090909090909,0.7037037037037037,0.017857142857142856,27,56,0.48214285714285715,0,0
"Andre Drummond","PHI",12,274,0.5927865671641791,0.8805970149253731,1.9686274509803923,23.425,5.46448087431694,7.832422586520948,0.6417910447761194,0.6976744186046512,0.75,0.5,0.06976744186046512,0.546448087431694,1.4571948998178506,0.11940298507462686,0.375,0.375,1,0,0,0,0,0,0,0,0,1.2750455373406193,2.5500910746812386,0.208955223880597,0.5,0.5,1,0,0,0.36429872495446264,0.029850746268656716,0,0,0,0,0,2,0,0,0
"Cole Anthony","MIL",14,274,0.4999193548387097,0.4838709677419355,8.848275862068965,26.035135135135135,2.272727272727273,4.020979020979021,0.18548387096774194,0.5652173913043478,0.5909090909090909,0.46153846153846156,0.043478260869565216,3.3216783216783217,8.041958041958042,0.3709677419354839,0.41304347826086957,0.4318181818181818,0.05263157894736842,0.043478260869565216,1.5734265734265733,3.1468531468531467,0.14516129032258066,0.5,0.5,0.1111111111111111,0,0.5244755244755245,1.7482517482517483,0.08064516129032258,0.3,0.3,1,0,1.3986013986013985,4.72027972027972,0.21774193548387097,0.2962962962962963,0.2962962962962963,0.5,0,8,27,0.2962962962962963,0,0
"Luguentz Dort","OKC",9,273,0.5740708955223881,0.8507462686567164,5.086956521739131,25.24318181818182,1.6363636363636365,2.3636363636363638,0.19402985074626866,0.6923076923076923,0.75,0.5555555555555556,0.07692307692307693,0.36363636363636365,1.6363636363636365,0.13432835820895522,0.2222222222222222,0.2857142857142857,0.5,0.2222222222222222,0,0.18181818181818182,0.014925373134328358,0,0,0,0,0.36363636363636365,2.1818181818181817,0.1791044776119403,0.16666666666666666,0.16666666666666666,1,0,1.8181818181818181,5.818181818181818,0.47761194029850745,0.3125,0.3125,1,0,10,32,0.3125,0,0
"Brandon Williams","DAL",13,272,0.5592313043478261,0.7043478260869566,4.992857142857143,24.82903225806452,5.308219178082192,8.561643835616438,0.43478260869565216,0.62,0.6739130434782609,0.2903225806451613,0.08,1.8835616438356164,4.794520547945205,0.24347826086956523,0.39285714285714285,0.4782608695652174,0.36363636363636365,0.17857142857142858,0.5136986301369864,1.0273972602739727,0.05217391304347826,0.5,0.5,0.3333333333333333,0,0.3424657534246575,1.5410958904109588,0.0782608695652174,0.2222222222222222,0.2222222222222222,1,0,0.5136986301369864,3.767123287671233,0.19130434782608696,0.13636363636363635,0.14285714285714285,1,0.045454545454545456,3,22,0.13636363636363635,0,0
"Josh Okogie","HOU",12,271,0.6061269841269842,0.9206349206349206,2.507142857142857,24.61714285714286,2.425373134328358,4.291044776119403,0.36507936507936506,0.5652173913043478,0.6842105263157895,0.46153846153846156,0.17391304347826086,0.373134328358209,0.9328358208955224,0.07936507936507936,0.4,0.4,1,0,0,0,0,0,0,0,0,1.6791044776119404,3.544776119402985,0.30158730158730157,0.47368421052631576,0.47368421052631576,1,0,1.3059701492537314,2.985074626865672,0.25396825396825395,0.4375,0.4375,1,0,7,16,0.4375,0,0
"Egor Dëmin","BKN",13,269,0.5376217647058824,0.8941176470588236,7.2,26.038095238095238,0.9140767824497258,2.376599634369287,0.15294117647058825,0.38461538461538464,0.45454545454545453,0.4,0.15384615384615385,0.18281535648994515,0.5484460694698354,0.03529411764705882,0.3333333333333333,0.5,1,0.3333333333333333,0.3656307129798903,1.0968921389396709,0.07058823529411765,0.3333333333333333,0.3333333333333333,0.5,0,0.7312614259597806,1.4625228519195612,0.09411764705882353,0.5,0.5,1,0,3.656307129798903,10.054844606946984,0.6470588235294118,0.36363636363636365,0.36363636363636365,0.75,0,20,55,0.36363636363636365,0,0
"Isaiah Jackson","IND",14,268,0.5762185185185185,0.7160493827160493,3.425925925925926,0,6.74955595026643,10.301953818827709,0.7160493827160493,0.6551724137931034,0.6785714285714286,0.5263157894736842,0.034482758620689655,1.5985790408525755,3.374777975133215,0.2345679012345679,0.47368421052631576,0.47368421052631576,0.7777777777777778,0,0,0.7104795737122558,0.04938271604938271,0,0,0,0,0,0,0,0,0,0,0,0,0,0,0,0,0,0,0,0,0,0,0
"Buddy Hield","GSW",16,267,0.5441094444444444,0.8555555555555555,5.5636363636363635,26.12982456140351,2.288732394366197,3.5211267605633805,0.2222222222222222,0.65,0.7222222222222222,0.6923076923076923,0.1,1.056338028169014,1.5845070422535212,0.1,0.6666666666666666,0.6666666666666666,0.5,0,0.176056338028169,0.704225352112676,0.044444444444444446,0.25,0.25,1,0,0.704225352112676,1.5845070422535212,0.1,0.4444444444444444,0.5,1,0.1111111111111111,2.464788732394366,8.450704225352112,0.5333333333333333,0.2916666666666667,0.2978723404255319,0.8571428571428571,0.020833333333333332,14,48,0.2916666666666667,0,0
"Malik Monk","SAC",11,267,0.5120478070175438,0.5614035087719298,8.63125,26.256,1.5706806282722514,2.443280977312391,0.12280701754385964,0.6428571428571429,0.6923076923076923,0.4444444444444444,0.07142857142857142,2.6178010471204187,6.631762652705061,0.3333333333333333,0.39473684210526316,0.45454545454545453,0.5333333333333333,0.13157894736842105,1.0471204188481675,2.094240837696335,0.10526315789473684,0.5,0.5,0.5,0,0.5235602094240838,1.9197207678883073,0.09649122807017543,0.2727272727272727,0.2727272727272727,1,0,3.3158813263525304,6.806282722513089,0.34210526315789475,0.48717948717948717,0.48717948717948717,0.7894736842105263,0,19,39,0.48717948717948717,0,0
"Miles McBride","NYK",11,267,0.5487378787878787,0.7878787878787878,8.732432432432432,25.15,1.9855595667870036,2.888086642599278,0.16161616161616163,0.6875,0.8461538461538461,0.2727272727272727,0.1875,0.18050541516245489,1.8050541516245486,0.10101010101010101,0.1,0.1,0,0,0.7220216606498195,1.9855595667870036,0.1111111111111111,0.36363636363636365,0.36363636363636365,0.75,0,1.263537906137184,3.4296028880866425,0.1919191919191919,0.3684210526315789,0.3684210526315789,1,0,3.068592057761733,7.76173285198556,0.43434343434343436,0.3953488372093023,0.3953488372093023,0.7647058823529411,0,17,43,0.3953488372093023,0,0
"Simone Fontecchio","MIA",14,266,0.5625915887850467,0.8878504672897196,5.242424242424242,25.37027027027027,1.8803418803418803,3.58974358974359,0.19626168224299065,0.5238095238095238,0.6470588235294118,0.8181818181818182,0.19047619047619047,0.5128205128205128,1.1965811965811965,0.06542056074766354,0.42857142857142855,0.6,1,0.2857142857142857,0.3418803418803419,0.8547008547008547,0.04672897196261682,0.4,0.4,0.5,0,2.2222222222222223,3.4188034188034186,0.18691588785046728,0.65,0.65,0.9230769230769231,0,4.102564102564102,9.23076923076923,0.5046728971962616,0.4444444444444444,0.4444444444444444,1,0,24,54,0.4444444444444444,0,0
"Jaylin Williams","OKC",14,266,0.5534027397260274,0.958904109589041,5.966666666666667,25.521875,0.8944543828264758,1.073345259391771,0.0821917808219178,0.8333333333333334,0.8333333333333334,1,0,0.17889087656529518,0.17889087656529518,0.0136986301369863,1,1,1,0,0.17889087656529518,0.35778175313059035,0.0273972602739726,0.5,0.5,1,0,0.17889087656529518,2.146690518783542,0.1643835616438356,0.08333333333333333,0.08333333333333333,1,0,2.862254025044723,9.30232558139535,0.7123287671232876,0.3076923076923077,0.3076923076923077,1,0,16,52,0.3076923076923077,0,0
"Dillon Brooks","PHX",9,265,0.5337565068493151,0.6232876712328768,8.612820512820512,25.64558823529412,2.888086642599278,4.1516245487364625,0.15753424657534246,0.6956521739130435,0.7619047619047619,0.625,0.08695652173913043,3.4296028880866425,7.03971119133574,0.2671232876712329,0.48717948717948717,0.5,0.15789473684210525,0.02564102564102564,1.8050541516245486,2.888086642599278,0.1095890410958904,0.625,0.625,0.2,0,0.5415162454873647,2.527075812274368,0.0958904109589041,0.21428571428571427,0.23076923076923078,1,0.07142857142857142,3.4296028880866425,9.747292418772563,0.3698630136986301,0.35185185185185186,0.3584905660377358,0.8421052631578947,0.018518518518518517,19,54,0.35185185185185186,0,0
"Keon Ellis","SAC",14,262,0.5462633333333333,0.8266666666666667,8.614285714285714,25.135185185185183,1.073345259391771,1.4311270125223614,0.10666666666666667,0.75,0.75,0.5,0,0.7155635062611807,1.4311270125223614,0.10666666666666667,0.5,0.5,0.75,0,0,0.8944543828264758,0.06666666666666667,0,0,0,0,1.7889087656529516,3.7567084078711988,0.28,0.47619047619047616,0.47619047619047616,1,0,2.5044722719141324,5.903398926654741,0.44,0.42424242424242425,0.42424242424242425,0.9285714285714286,0,14,33,0.42424242424242425,0,0
"Craig Porter Jr.","CLE",15,259,0.5739378787878788,0.6818181818181818,5.98974358974359,25.151851851851852,2.5688073394495414,3.302752293577982,0.2727272727272727,0.7777777777777778,0.7777777777777778,0.5,0,1.4678899082568808,3.302752293577982,0.2727272727272727,0.4444444444444444,0.47058823529411764,0.375,0.05555555555555555,0.1834862385321101,0.5504587155963303,0.045454545454545456,0.3333333333333333,0.3333333333333333,1,0,0.5504587155963303,1.651376146788991,0.13636363636363635,0.3333333333333333,0.3333333333333333,1,0,1.651376146788991,3.302752293577982,0.2727272727272727,0.5,0.5,0.6666666666666666,0,9,18,0.5,0,0
"Isaiah Joe","OKC",10,258,0.5436274038461538,0.8846153846153846,9.725,25.384523809523813,1.098901098901099,1.465201465201465,0.07692307692307693,0.75,0.8571428571428571,0.8333333333333334,0.125,0.3663003663003663,0.9157509157509157,0.04807692307692308,0.4,0.4,1,0,0.5494505494505495,1.2820512820512822,0.0673076923076923,0.42857142857142855,0.5,1,0.14285714285714285,1.8315018315018314,4.212454212454213,0.22115384615384615,0.43478260869565216,0.45454545454545453,1,0.043478260869565216,4.395604395604396,11.172161172161172,0.5865384615384616,0.39344262295081966,0.4,0.9166666666666666,0.01639344262295082,24,61,0.39344262295081966,0,0
"Kyle Filipowski","UTA",13,258,0.5116505882352941,0.6352941176470588,5.06,24.545714285714286,2.0484171322160147,3.538175046554935,0.2235294117647059,0.5789473684210527,0.6470588235294118,0.7272727272727273,0.10526315789473684,2.4208566108007448,5.58659217877095,0.35294117647058826,0.43333333333333335,0.5416666666666666,0.7692307692307693,0.2,0,0.186219739292365,0.011764705882352941,0,0,0,0,1.303538175046555,2.60707635009311,0.16470588235294117,0.5,0.5384615384615384,1,0.07142857142857142,0.74487895716946,3.910614525139665,0.24705882352941178,0.19047619047619047,0.19047619047619047,1,0,4,21,0.19047619047619047,0,0
"Jose Alvarado","NOP",13,258,0.5161086419753086,0.7407407407407407,5.9766666666666675,25.523529411764706,1.1450381679389312,1.717557251908397,0.1111111111111111,0.6666666666666666,0.6666666666666666,0.5,0,1.3358778625954197,3.816793893129771,0.24691358024691357,0.35,0.4117647058823529,0.2857142857142857,0.15,0.19083969465648856,0.19083969465648856,0.012345679012345678,1,1,0,0,0.5725190839694656,2.2900763358778624,0.14814814814814814,0.25,0.25,1,0,3.2442748091603053,7.442748091603053,0.48148148148148145,0.4358974358974359,0.4722222222222222,0.4117647058823529,0.07692307692307693,17,39,0.4358974358974359,0,0
"Jarred Vanderbilt","LAL",14,257,0.622881,0.9,2.6722222222222225,23.55,3.377110694183865,5.816135084427767,0.62,0.5806451612903226,0.6923076923076923,0.5555555555555556,0.16129032258064516,0,0.7504690431519699,0.08,0,0,0,0.75,0,0.18761726078799248,0.02,0,0,0,0,0.7504690431519699,2.626641651031895,0.28,0.2857142857142857,0.2857142857142857,1,0,0,0,0,0,0,0,0,0,0,0,0,0
"Tari Eason","HOU",11,255,0.5673351063829788,0.8315789473684211,6.011904761904762,25.260377358490565,3.5984848484848486,4.924242424242424,0.2736842105263158,0.7307692307692307,0.8260869565217391,0.3157894736842105,0.11538461538461539,0.1893939393939394,1.7045454545454546,0.09473684210526316,0.1111111111111111,0.14285714285714285,0,0.2222222222222222,0,1.3257575757575757,0.07368421052631578,0,0,0,0,3.0303030303030303,4.924242424242424,0.2736842105263158,0.6153846153846154,0.6153846153846154,1,0,2.0833333333333335,5.113636363636363,0.28421052631578947,0.4074074074074074,0.4074074074074074,0.9090909090909091,0,11,27,0.4074074074074074,0,0
"LaMelo Ball","CHA",8,255,0.5151868243243243,0.6351351351351351,7.752,27.08082191780822,2.717391304347826,3.8043478260869565,0.14189189189189189,0.7142857142857143,0.7142857142857143,0.13333333333333333,0,3.260869565217391,8.333333333333334,0.3108108108108108,0.391304347826087,0.46153846153846156,0.05555555555555555,0.15217391304347827,0.7246376811594203,1.4492753623188406,0.05405405405405406,0.5,0.5,0.25,0,0.7246376811594203,1.6304347826086956,0.060810810810810814,0.4444444444444444,0.4444444444444444,1,0,3.4420289855072466,11.594202898550725,0.43243243243243246,0.296875,0.296875,0.6842105263157895,0,19,64,0.296875,0,0
"Jakob Poeltl","TOR",10,254,0.6084938461538462,0.6923076923076923,3.8430769230769233,0,6.890130353817504,8.379888268156424,0.6923076923076923,0.8222222222222222,0.8809523809523809,0.8108108108108109,0.06666666666666667,1.86219739292365,3.7243947858473,0.3076923076923077,0.5,0.5263157894736842,1,0.05,0,0,0,0,0,0,0,0,0,0,0,0,0,0,0,0,0,0,0,0,0,0,0,0,0,0
"Jamal Shead","TOR",14,253,0.5543179104477611,0.8059701492537313,4.475862068965518,25.75263157894737,1.6853932584269662,2.9962546816479403,0.23880597014925373,0.5625,0.6923076923076923,0.2222222222222222,0.1875,0.7490636704119851,2.4344569288389515,0.19402985074626866,0.3076923076923077,0.4,0.5,0.23076923076923078,0,0,0,0,0,0,0,0.37453183520599254,1.1235955056179776,0.08955223880597014,0.3333333333333333,0.3333333333333333,0.5,0,2.6217228464419478,5.992509363295881,0.47761194029850745,0.4375,0.4375,0.8571428571428571,0,14,32,0.4375,0,0
"Mouhamed Gueye","ATL",15,253,0.5799896341463415,0.7926829268292683,4.467441860465116,23.776923076923076,4.536862003780718,4.914933837429111,0.3170731707317073,0.9230769230769231,0.9230769230769231,0.8333333333333334,0,1.1342155009451795,3.0245746691871456,0.1951219512195122,0.375,0.4,1,0.0625,0,0.1890359168241966,0.012195121951219513,0,0,0,0,1.7013232514177694,5.482041587901701,0.35365853658536583,0.3103448275862069,0.3103448275862069,1,0,0.3780718336483932,1.890359168241966,0.12195121951219512,0.2,0.2,1,0,2,10,0.2,0,0
"Jalen Suggs","ORL",11,253,0.5572275280898876,0.8314606741573034,5.697297297297298,26.15,3.3271719038817005,4.066543438077634,0.24719101123595505,0.8181818181818182,0.8181818181818182,0.4444444444444444,0,1.2939001848428835,2.033271719038817,0.12359550561797752,0.6363636363636364,0.7,0.2857142857142857,0.09090909090909091,0.5545286506469501,0.7393715341959335,0.0449438202247191,0.75,0.75,0,0,0.9242144177449169,1.8484288354898337,0.11235955056179775,0.5,0.5,1,0,2.402957486136784,7.763401109057301,0.47191011235955055,0.30952380952380953,0.3170731707317073,0.7692307692307693,0.023809523809523808,13,42,0.30952380952380953,0,0
"Will Richard","GSW",14,252,0.5640544871794873,0.8461538461538461,4.387878787878789,24.88,3.4926470588235294,3.860294117647059,0.2692307692307692,0.9047619047619048,0.95,0.631578947368421,0.047619047619047616,0.9191176470588235,1.6544117647058822,0.11538461538461539,0.5555555555555556,0.7142857142857143,0.8,0.2222222222222222,0.36764705882352944,0.5514705882352942,0.038461538461538464,0.6666666666666666,0.6666666666666666,0.5,0,1.4705882352941178,3.676470588235294,0.2564102564102564,0.4,0.4,1,0,2.0220588235294117,4.595588235294118,0.32051282051282054,0.44,0.44,0.9090909090909091,0,11,25,0.44,0,0
"Nicolas Batum","LAC",14,250,0.5437070175438596,0.9473684210526315,10.6,24.58076923076923,0.199203187250996,0.398406374501992,0.03508771929824561,0.5,0.5,0,0,0,0,0,0,0,0,0,0.199203187250996,0.5976095617529881,0.05263157894736842,0.3333333333333333,0.3333333333333333,1,0,1.9920318725099602,5.179282868525896,0.45614035087719296,0.38461538461538464,0.38461538461538464,1,0,1.3944223107569722,5.179282868525896,0.45614035087719296,0.2692307692307692,0.28,1,0.038461538461538464,7,26,0.2692307692307692,0,0
"Dalton Knecht","LAL",14,249,0.5309119047619048,0.7023809523809523,7.515789473684211,25.73913043478261,1.9342359767891684,2.514506769825919,0.15476190476190477,0.7692307692307693,0.8333333333333334,0.7,0.07692307692307693,2.127659574468085,3.6750483558994196,0.2261904761904762,0.5789473684210527,0.6470588235294118,0.5454545454545454,0.10526315789473684,0.5802707930367504,1.1605415860735009,0.07142857142857142,0.5,0.5,0.6666666666666666,0,0.5802707930367504,2.3210831721470018,0.14285714285714285,0.25,0.25,1,0,2.3210831721470018,6.576402321083172,0.40476190476190477,0.35294117647058826,0.36363636363636365,0.9166666666666666,0.029411764705882353,12,34,0.35294117647058826,0,0
"Goga Bitadze","ORL",15,249,0.5956782608695652,0.8260869565217391,2.705,25.099999999999998,5.058365758754864,6.22568093385214,0.6956521739130435,0.8125,0.8387096774193549,0.5769230769230769,0.03125,0.9727626459143969,1.3618677042801557,0.15217391304347827,0.7142857142857143,0.8333333333333334,1,0.14285714285714285,0,0.19455252918287938,0.021739130434782608,0,0,0,0,0.19455252918287938,0.38910505836575876,0.043478260869565216,0.5,0.5,1,0,0.19455252918287938,0.7782101167315175,0.08695652173913043,0.25,0.25,1,0,1,4,0.25,0,0
"Aaron Wiggins","OKC",9,248,0.5667157657657658,0.8108108108108109,3.9352941176470586,24.965,3.468208092485549,5.780346820809249,0.2702702702702703,0.6,0.6923076923076923,0.5555555555555556,0.13333333333333333,1.5414258188824663,3.8535645472061657,0.18018018018018017,0.4,0.4,0.75,0,0,0.1926782273603083,0.009009009009009009,0,0,0,0,1.5414258188824663,3.8535645472061657,0.18018018018018017,0.4,0.4,1,0,3.275529865125241,7.707129094412331,0.36036036036036034,0.425,0.425,0.8823529411764706,0,17,40,0.425,0,0
"Khris Middleton","WAS",10,248,0.5111975,0.55,9.786538461538461,25.557142857142857,1.717557251908397,3.053435114503817,0.2,0.5625,0.6428571428571429,0.6666666666666666,0.125,1.9083969465648856,4.00763358778626,0.2625,0.47619047619047616,0.5555555555555556,0.4,0.14285714285714285,1.9083969465648856,2.8625954198473282,0.1875,0.6666666666666666,0.6666666666666666,0.6,0,0.3816793893129771,1.1450381679389312,0.075,0.3333333333333333,0.3333333333333333,1,0,1.3358778625954197,4.198473282442748,0.275,0.3181818181818182,0.3181818181818182,0.7142857142857143,0,7,22,0.3181818181818182,0,0
"Corey Kispert","WAS",13,247,0.5527430555555556,0.9305555555555556,3.7319999999999998,26.28085106382979,2.7675276752767526,3.690036900369004,0.2777777777777778,0.75,0.8333333333333334,0.6666666666666666,0.1,0.5535055350553506,0.922509225092251,0.06944444444444445,0.6,0.75,1,0.2,0,0,0,0,0,0,0,0.922509225092251,2.029520295202952,0.1527777777777778,0.45454545454545453,0.5,1,0.09090909090909091,2.3985239852398523,6.642066420664206,0.5,0.3611111111111111,0.3611111111111111,0.9230769230769231,0,13,36,0.3611111111111111,0,0
"Vít Krejčí","ATL",11,247,0.543370731707317,0.8902439024390244,5.4799999999999995,25.646774193548385,1.7821782178217822,2.1782178217821784,0.13414634146341464,0.8181818181818182,0.9,0.7777777777777778,0.09090909090909091,0.594059405940594,1.5841584158415842,0.0975609756097561,0.375,0.5,0.6666666666666666,0.25,0.19801980198019803,0.19801980198019803,0.012195121951219513,1,1,1,0,0.9900990099009901,2.9702970297029703,0.18292682926829268,0.3333333333333333,0.3333333333333333,1,0,4.752475247524752,9.306930693069306,0.573170731707317,0.5106382978723404,0.5106382978723404,0.9166666666666666,0,24,47,0.5106382978723404,0,0
"Al Horford","GSW",11,243,0.527340909090909,0.7727272727272727,7.331578947368421,25.20212765957447,0.3937007874015748,0.7874015748031497,0.06060606060606061,0.5,0.6666666666666666,1,0.25,0.984251968503937,2.559055118110236,0.19696969696969696,0.38461538461538464,0.45454545454545453,0.6,0.15384615384615385,0,0.3937007874015748,0.030303030303030304,0,0,0,0,1.7716535433070866,3.1496062992125986,0.24242424242424243,0.5625,0.5625,1,0,1.1811023622047243,6.102362204724409,0.4696969696969697,0.1935483870967742,0.1935483870967742,1,0,6,31,0.1935483870967742,0,0
"Bam Adebayo","MIA",8,243,0.5394282258064516,0.5725806451612904,7.697402597402598,24.861702127659573,3.389830508474576,4.519774011299435,0.1935483870967742,0.75,0.8571428571428571,0.8888888888888888,0.125,3.2015065913371,7.909604519774011,0.3387096774193548,0.40476190476190477,0.425,0.5882352941176471,0.047619047619047616,0.9416195856873822,2.071563088512241,0.08870967741935484,0.45454545454545453,0.45454545454545453,0.6,0,1.5065913370998116,4.3314500941619585,0.18548387096774194,0.34782608695652173,0.34782608695652173,1,0,1.5065913370998116,4.519774011299435,0.1935483870967742,0.3333333333333333,0.3333333333333333,1,0,8,24,0.3333333333333333,0,0
"Steven Adams","HOU",11,239,0.5968326530612246,0.8571428571428571,1.6224489795918366,0,4.703476482617587,8.588957055214724,0.8571428571428571,0.5476190476190477,0.5476190476190477,0.391304347826087,0,0.40899795501022496,1.4314928425357873,0.14285714285714285,0.2857142857142857,0.4,0.5,0.2857142857142857,0,0,0,0,0,0,0,0,0,0,0,0,0,0,0,0,0,0,0,0,0,0,0,0,0,0
"Oso Ighodaro","PHX",15,236,0.543342105263158,0.47368421052631576,5.114035087719298,0,4.811715481171548,5.648535564853557,0.47368421052631576,0.8518518518518519,0.92,0.782608695652174,0.07407407407407407,1.8828451882845187,6.2761506276150625,0.5263157894736842,0.3,0.36,0.8888888888888888,0.16666666666666666,0,0,0,0,0,0,0,0,0,0,0,0,0,0,0,0,0,0,0,0,0,0,0,0,0,0
"Gradey Dick","TOR",14,234,0.5620632911392405,0.8227848101265823,6.15625,24.85531914893617,2.1739130434782608,3.5573122529644268,0.22784810126582278,0.6111111111111112,0.7857142857142857,0.7272727272727273,0.2222222222222222,0.7905138339920948,1.976284584980237,0.12658227848101267,0.4,0.5,1,0.2,0.3952569169960474,0.7905138339920948,0.05063291139240506,0.5,0.5,1,0,1.976284584980237,3.7549407114624507,0.24050632911392406,0.5263157894736842,0.5263157894736842,1,0,1.383399209486166,5.533596837944664,0.35443037974683544,0.25,0.25,1,0,7,28,0.25,0,0
"Jordan Clarkson","NYK",13,233,0.5622566666666666,0.7619047619047619,5.173584905660377,25.034615384615385,3.9337474120082816,5.797101449275362,0.26666666666666666,0.6785714285714286,0.6785714285714286,0.5789473684210527,0,2.277432712215321,4.554865424430642,0.20952380952380953,0.5,0.5238095238095238,0.45454545454545453,0.045454545454545456,0.2070393374741201,0.6211180124223602,0.02857142857142857,0.3333333333333333,0.5,1,0.3333333333333333,0.8281573498964804,3.5196687370600412,0.1619047619047619,0.23529411764705882,0.23529411764705882,1,0,3.1055900621118013,7.246376811594203,0.3333333333333333,0.42857142857142855,0.4411764705882353,0.8666666666666667,0.02857142857142857,15,35,0.42857142857142855,0,0
"Kristaps Porziņģis","ATL",9,232,0.528055701754386,0.6140350877192983,8.62463768115942,26.306666666666665,2.6694045174537986,5.13347022587269,0.21929824561403508,0.52,0.5652173913043478,0.5384615384615384,0.08,2.4640657084188913,4.722792607802875,0.20175438596491227,0.5217391304347826,0.5454545454545454,0.6666666666666666,0.043478260869565216,2.0533880903490758,4.312114989733059,0.18421052631578946,0.47619047619047616,0.47619047619047616,0.5,0,0.6160164271047228,1.0266940451745379,0.043859649122807015,0.6,0.6,1,0,2.2587268993839835,8.213552361396303,0.3508771929824561,0.275,0.275,1,0,11,40,0.275,0,0
"Sandro Mamukelashvili","TOR",13,232,0.6047072368421053,0.8421052631578947,2.7777777777777777,25.80322580645161,4.990019960079841,6.586826347305389,0.4342105263157895,0.7575757575757576,0.8064516129032258,0.76,0.06060606060606061,0.998003992015968,2.395209580838323,0.15789473684210525,0.4166666666666667,0.45454545454545453,0.4,0.08333333333333333,0,0,0,0,0,0,0,0.3992015968063872,0.998003992015968,0.06578947368421052,0.4,0.4,1,0,2.395209580838323,5.189620758483034,0.34210526315789475,0.46153846153846156,0.46153846153846156,1,0,12,26,0.46153846153846156,0,0
"Dru Smith","MIA",14,232,0.5423194029850746,0.7164179104477612,4.819444444444445,24.729032258064517,2.73972602739726,3.3268101761252447,0.2537313432835821,0.8235294117647058,0.875,0.42857142857142855,0.058823529411764705,0.9784735812133072,3.522504892367906,0.26865671641791045,0.2777777777777778,0.4166666666666667,0.6,0.3333333333333333,0.19569471624266144,0.19569471624266144,0.014925373134328358,1,1,1,0,0.7827788649706457,2.3483365949119372,0.1791044776119403,0.3333333333333333,0.3333333333333333,1,0,1.5655577299412915,3.7181996086105675,0.2835820895522388,0.42105263157894735,0.42105263157894735,0.875,0,8,19,0.42105263157894735,0,0
"Quinten Post","GSW",16,227,0.5492284722222222,0.8333333333333334,6.595000000000001,25.534615384615385,1.3274336283185841,1.7699115044247788,0.1111111111111111,0.75,0.75,0.5,0,1.3274336283185841,1.991150442477876,0.125,0.6666666666666666,0.75,0.6666666666666666,0.1111111111111111,0.22123893805309736,0.6637168141592921,0.041666666666666664,0.3333333333333333,0.3333333333333333,0,0,1.1061946902654867,2.6548672566371683,0.16666666666666666,0.4166666666666667,0.4166666666666667,1,0,2.8761061946902653,8.849557522123893,0.5555555555555556,0.325,0.3333333333333333,1,0.025,13,40,0.325,0,0
"Cam Thomas","BKN",8,226,0.4903015267175573,0.4732824427480916,10.227586206896552,25.547727272727272,1.5053763440860215,3.870967741935484,0.13740458015267176,0.3888888888888889,0.5,0.42857142857142855,0.2222222222222222,5.376344086021505,9.67741935483871,0.3435114503816794,0.5555555555555556,0.5555555555555556,0.4,0,1.075268817204301,5.161290322580645,0.183206106870229,0.20833333333333334,0.22727272727272727,0.6,0.08333333333333333,0.43010752688172044,0.8602150537634409,0.030534351145038167,0.5,0.5,0.5,0,3.010752688172043,8.602150537634408,0.3053435114503817,0.35,0.35,0.5714285714285714,0,14,40,0.35,0,0
"Keaton Wallace","ATL",14,222,0.5010758620689655,0.6551724137931034,9.643478260869566,25.97714285714286,0.43956043956043955,0.6593406593406593,0.05172413793103448,0.6666666666666666,1,0,0.3333333333333333,1.5384615384615385,3.7362637362637363,0.29310344827586204,0.4117647058823529,0.4666666666666667,0.14285714285714285,0.11764705882352941,0.21978021978021978,0.6593406593406593,0.05172413793103448,0.3333333333333333,0.3333333333333333,1,0,0.6593406593406593,1.098901098901099,0.08620689655172414,0.6,0.6,1,0,2.6373626373626373,6.593406593406593,0.5172413793103449,0.4,0.4,0.75,0,12,30,0.4,0,0
"Cam Whitmore","WAS",13,221,0.5587005050505051,0.7474747474747475,5.349230769230769,26.538235294117644,5.6722689075630255,8.403361344537815,0.40404040404040403,0.675,0.7714285714285715,0.5925925925925926,0.125,1.2605042016806722,3.5714285714285716,0.1717171717171717,0.35294117647058826,0.5,0.3333333333333333,0.29411764705882354,0.21008403361344538,1.680672268907563,0.08080808080808081,0.125,0.14285714285714285,1,0.125,0,0.6302521008403361,0.030303030303030304,0,0,0,0,2.310924369747899,6.512605042016807,0.31313131313131315,0.3548387096774194,0.3548387096774194,0.5454545454545454,0,11,31,0.3548387096774194,0,0
"Collin Murray-Boyles","TOR",11,220,0.5993330882352941,0.8088235294117647,4.096,25.022222222222222,5.15695067264574,8.295964125560538,0.5441176470588235,0.6216216216216216,0.6571428571428571,0.782608695652174,0.05405405405405406,0.4484304932735426,1.7937219730941705,0.11764705882352941,0.25,0.25,0.5,0,0,1.1210762331838564,0.07352941176470588,0,0,0,0,0.2242152466367713,0.672645739910314,0.04411764705882353,0.3333333333333333,0.3333333333333333,1,0,1.7937219730941705,3.3632286995515694,0.22058823529411764,0.5333333333333333,0.5333333333333333,1,0,8,15,0.5333333333333333,0,0
"Daniss Jenkins","DET",10,219,0.5015234042553192,0.5789473684210527,7.196969696969697,27.04137931034483,4.103671706263499,5.615550755939525,0.2736842105263158,0.7307692307692307,0.7916666666666666,0.3157894736842105,0.07692307692307693,2.591792656587473,6.479481641468682,0.3157894736842105,0.4,0.48,0.16666666666666666,0.16666666666666666,0.6479481641468683,2.159827213822894,0.10526315789473684,0.3,0.3,0.3333333333333333,0,0.6479481641468683,1.079913606911447,0.05263157894736842,0.6,0.6,1,0,2.159827213822894,5.183585313174946,0.25263157894736843,0.4166666666666667,0.4166666666666667,1,0,10,24,0.4166666666666667,0,0
"Trendon Watford","PHI",10,213,0.5452276923076923,0.676923076923077,4.607547169811321,25.166666666666668,4.017857142857143,7.142857142857143,0.49230769230769234,0.5625,0.6206896551724138,0.6111111111111112,0.09375,2.455357142857143,4.017857142857143,0.27692307692307694,0.6111111111111112,0.7857142857142857,0.45454545454545453,0.2222222222222222,0.22321428571428573,0.6696428571428571,0.046153846153846156,0.3333333333333333,0.3333333333333333,0,0,0.22321428571428573,0.8928571428571429,0.06153846153846154,0.25,0.25,1,0,0.8928571428571429,1.7857142857142858,0.12307692307692308,0.5,0.5,1,0,4,8,0.5,0,0
"Brook Lopez","LAC",14,213,0.5004442307692307,0.7692307692307693,8.233333333333333,27.135185185185183,0.9478672985781991,1.4218009478672986,0.07692307692307693,0.6666666666666666,0.6666666666666666,0.75,0,2.3696682464454977,3.7914691943127963,0.20512820512820512,0.625,0.6666666666666666,0.6,0.0625,0,0.47393364928909953,0.02564102564102564,0,0,0,0,0,1.1848341232227488,0.0641025641025641,0,0,0,0,4.502369668246446,11.611374407582938,0.6282051282051282,0.3877551020408163,0.3877551020408163,1,0,19,49,0.3877551020408163,0,0
"Jordan Poole","NOP",7,212,0.539510101010101,0.8484848484848485,5.135,26.68983050847458,2.247191011235955,5.617977528089888,0.25252525252525254,0.4,0.5263157894736842,0.5,0.24,1.1235955056179776,2.9213483146067416,0.13131313131313133,0.38461538461538464,0.5,0.2,0.23076923076923078,0,0.449438202247191,0.020202020202020204,0,0,0,0,0.6741573033707865,1.1235955056179776,0.050505050505050504,0.6,0.6,1,0,3.8202247191011236,12.134831460674157,0.5454545454545454,0.3148148148148148,0.32075471698113206,0.47058823529411764,0.018518518518518517,17,54,0.3148148148148148,0,0
"Bogdan Bogdanović","LAC",8,209,0.5124462121212121,0.7727272727272727,8.412,26.41219512195122,1.4742014742014742,2.457002457002457,0.15151515151515152,0.6,0.6666666666666666,0,0.1,1.2285012285012284,2.7027027027027026,0.16666666666666666,0.45454545454545453,0.45454545454545453,0.2,0,0.2457002457002457,0.9828009828009828,0.06060606060606061,0.25,0.25,0,0,0.4914004914004914,0.4914004914004914,0.030303030303030304,1,1,1,0,2.9484029484029484,9.582309582309582,0.5909090909090909,0.3076923076923077,0.3157894736842105,0.5833333333333334,0.02564102564102564,12,39,0.3076923076923077,0,0
"Jalen Smith","CHI",13,208,0.571782,0.92,3.3444444444444446,25.50181818181818,5.405405405405405,8.333333333333334,0.37,0.6486486486486487,0.7272727272727273,0.6666666666666666,0.10810810810810811,0.45045045045045046,1.1261261261261262,0.05,0.4,0.4,1,0,0.22522522522522523,0.6756756756756757,0.03,0.3333333333333333,0.3333333333333333,1,0,0.9009009009009009,2.2522522522522523,0.1,0.4,0.4,1,0,4.054054054054054,10.135135135135135,0.45,0.4,0.4090909090909091,1,0.022222222222222223,18,45,0.4,0,0
"Daniel Gafford","DAL",9,207,0.5896821428571428,0.75,3.005357142857143,0,7.226107226107226,9.79020979020979,0.75,0.7380952380952381,0.8378378378378378,0.5806451612903226,0.11904761904761904,1.1655011655011656,3.0303030303030303,0.23214285714285715,0.38461538461538464,0.45454545454545453,0.8,0.15384615384615385,0.2331002331002331,0.2331002331002331,0.017857142857142856,1,1,1,0,0,0,0,0,0,0,0,0,0,0,0,0,0,0,0,0,0,0,0
"Day'Ron Sharpe","BKN",13,206,0.5586954545454546,0.7272727272727273,3.0348837209302326,25.191666666666666,6.205250596658711,6.682577565632458,0.509090909090909,0.9285714285714286,0.9629629629629629,0.5,0.03571428571428571,1.431980906921241,3.579952267303103,0.2727272727272727,0.4,0.42857142857142855,0.6666666666666666,0.06666666666666667,0,0,0,0,0,0,0,0,0.2386634844868735,0.01818181818181818,0,0,0,0,0.7159904534606205,2.6252983293556085,0.2,0.2727272727272727,0.2727272727272727,1,0,3,11,0.2727272727272727,0,0
"Jordan Goodwin","PHX",12,205,0.5339876712328767,0.726027397260274,7.991428571428571,25.294736842105266,2.6128266033254155,3.5629453681710213,0.2054794520547945,0.7333333333333333,0.7857142857142857,0.36363636363636365,0.06666666666666667,0.7125890736342043,3.32541567695962,0.1917808219178082,0.21428571428571427,0.23076923076923078,0.3333333333333333,0.07142857142857142,0.4750593824228028,1.4251781472684086,0.0821917808219178,0.3333333333333333,0.3333333333333333,1,0,1.66270783847981,3.5629453681710213,0.2054794520547945,0.4666666666666667,0.4666666666666667,1,0,1.9002375296912113,5.463182897862233,0.3150684931506849,0.34782608695652173,0.36363636363636365,0.75,0.043478260869565216,8,23,0.34782608695652173,0,0
"Luka Garza","BOS",14,205,0.5474362903225806,0.7419354838709677,4.487804878048781,25.638095238095236,4.106280193236715,6.038647342995169,0.4032258064516129,0.68,0.8095238095238095,0.4117647058823529,0.16,2.4154589371980677,3.6231884057971016,0.24193548387096775,0.6666666666666666,0.8333333333333334,0.8,0.2,0.24154589371980675,0.24154589371980675,0.016129032258064516,1,1,1,0,0.4830917874396135,1.2077294685990339,0.08064516129032258,0.4,0.4,1,0,1.4492753623188406,3.864734299516908,0.25806451612903225,0.375,0.375,1,0,6,16,0.375,0,0
"Drew Eubanks","SAC",14,205,0.5198071428571429,0.4642857142857143,5.265454545454546,24.3,4.651162790697675,5.813953488372093,0.44642857142857145,0.8,0.8333333333333334,0.9,0.04,3.7209302325581395,6.27906976744186,0.48214285714285715,0.5925925925925926,0.5925925925925926,0.9375,0,0.23255813953488372,0.6976744186046512,0.05357142857142857,0.3333333333333333,0.3333333333333333,1,0,0,0.23255813953488372,0.017857142857142856,0,0,0,0,0,0,0,0,0,0,0,0,0,0,0,0
"De'Aaron Fox","SAS",6,204,0.5356798076923077,0.5961538461538461,7.08125,25.572499999999998,4.4496487119437935,5.152224824355972,0.21153846153846154,0.8636363636363636,0.9047619047619048,0.42105263157894735,0.045454545454545456,3.747072599531616,7.494145199063232,0.3076923076923077,0.5,0.5714285714285714,0.3125,0.125,0.702576112412178,2.34192037470726,0.09615384615384616,0.3,0.3,0,0,0.702576112412178,1.17096018735363,0.04807692307692308,0.6,0.6,1,0,2.810304449648712,8.19672131147541,0.33653846153846156,0.34285714285714286,0.34285714285714286,0.4166666666666667,0,12,35,0.34285714285714286,0,0
"Tony Bradley","IND",14,204,0.5458142857142857,0.625,3.6836363636363636,23,4.784688995215311,8.133971291866029,0.6071428571428571,0.5882352941176471,0.6896551724137931,0.65,0.14705882352941177,2.6315789473684212,4.545454545454546,0.3392857142857143,0.5789473684210527,0.6470588235294118,0.7272727272727273,0.10526315789473684,0.4784688995215311,0.4784688995215311,0.03571428571428571,1,1,1,0,0,0.23923444976076555,0.017857142857142856,0,0,0,0,0,0,0,0,0,0,0,0,0,0,0,0
"Vince Williams Jr.","MEM",10,203,0.54645,0.7746478873239436,5.688888888888889,25.222727272727273,1.4184397163120568,2.600472813238771,0.15492957746478872,0.5454545454545454,0.5454545454545454,0.3333333333333333,0,1.6548463356973995,3.5460992907801416,0.2112676056338028,0.4666666666666667,0.4666666666666667,0.2857142857142857,0,0,0.2364066193853428,0.014084507042253521,0,0,0,0,0.7092198581560284,2.3640661938534278,0.14084507042253522,0.3,0.3,1,0,2.8368794326241136,8.037825059101655,0.4788732394366197,0.35294117647058826,0.35294117647058826,0.75,0,12,34,0.35294117647058826,0,0
"Jay Huff","IND",14,202,0.5445756944444444,0.8888888888888888,2.865217391304348,25.955102040816325,2.528735632183908,3.4482758620689653,0.20833333333333334,0.7333333333333333,0.7857142857142857,0.8181818181818182,0.06666666666666667,0.6896551724137931,1.839080459770115,0.1111111111111111,0.375,0.375,0.3333333333333333,0,0,0,0,0,0,0,0,0.22988505747126436,1.6091954022988506,0.09722222222222222,0.14285714285714285,0.14285714285714285,1,0,2.7586206896551726,9.655172413793103,0.5833333333333334,0.2857142857142857,0.2857142857142857,1,0,12,42,0.2857142857142857,0,0
"Kawhi Leonard","LAC",6,201,0.4898242857142857,0.4380952380952381,10.268571428571429,25.86857142857143,1.71990171990172,2.7027027027027026,0.10476190476190476,0.6363636363636364,0.7,0.7142857142857143,0.09090909090909091,6.142506142506143,10.31941031941032,0.4,0.5952380952380952,0.5952380952380952,0.16,0,1.71990171990172,4.176904176904177,0.1619047619047619,0.4117647058823529,0.4117647058823529,0.42857142857142855,0,0.4914004914004914,1.2285012285012284,0.047619047619047616,0.4,0.4,1,0,2.9484029484029484,7.371007371007371,0.2857142857142857,0.4,0.4,0.5833333333333334,0,12,30,0.4,0,0
"Jaxson Hayes","LAL",12,200,0.627471052631579,0.8421052631578947,2.2729729729729726,27.3,5.839416058394161,7.542579075425791,0.8157894736842105,0.7741935483870968,0.8,0.8333333333333334,0.03225806451612903,0.48661800486618007,1.4598540145985401,0.15789473684210525,0.3333333333333333,0.6666666666666666,0.5,0.5,0,0,0,0,0,0,0,0,0,0,0,0,0,0,0.24330900243309003,0.24330900243309003,0.02631578947368421,1,1,1,0,1,1,1,0,0
"Andrew Nembhard","IND",7,200,0.4918768817204301,0.5053763440860215,11.318867924528302,26.422500000000003,1.1848341232227488,1.6587677725118484,0.07526881720430108,0.7142857142857143,0.7142857142857143,0.2,0,3.080568720379147,5.924170616113744,0.26881720430107525,0.52,0.5416666666666666,0.23076923076923078,0.04,1.4218009478672986,4.976303317535545,0.22580645161290322,0.2857142857142857,0.2857142857142857,0.3333333333333333,0,0,0.7109004739336493,0.03225806451612903,0,0,0,0.3333333333333333,3.080568720379147,8.76777251184834,0.3978494623655914,0.35135135135135137,0.3611111111111111,0.6153846153846154,0.02702702702702703,13,37,0.35135135135135137,0,0
"Caris LeVert","DET",10,198,0.5251739130434783,0.7101449275362319,6.989743589743591,26.05666666666667,3.7914691943127963,4.502369668246446,0.2753623188405797,0.8421052631578947,0.8888888888888888,0.6875,0.05263157894736842,1.1848341232227488,3.3175355450236967,0.2028985507246377,0.35714285714285715,0.38461538461538464,0.4,0.07142857142857142,0.47393364928909953,1.4218009478672986,0.08695652173913043,0.3333333333333333,0.3333333333333333,0,0,0.23696682464454977,0.7109004739336493,0.043478260869565216,0.3333333333333333,0.3333333333333333,1,0,2.6066350710900474,6.398104265402844,0.391304347826087,0.4074074074074074,0.4074074074074074,0.45454545454545453,0,11,27,0.4074074074074074,0,0
"Jaylen Clark","MIN",12,197,0.5906065217391304,0.8260869565217391,3.6791666666666667,23.44545454545454,2.4813895781637716,3.970223325062035,0.34782608695652173,0.625,0.6666666666666666,0.4,0.0625,0.7444168734491315,1.9851116625310175,0.17391304347826086,0.375,0.375,0.3333333333333333,0,0,0,0,0,0,0,0,1.9851116625310175,4.714640198511166,0.41304347826086957,0.42105263157894735,0.42105263157894735,1,0,0,0.7444168734491315,0.06521739130434782,0,0,0,0,0,3,0,0,0
"Jordan Hawkins","NOP",13,194,0.5042028571428571,0.6428571428571429,13.176666666666668,25.575,0.7751937984496124,1.2919896640826873,0.07142857142857142,0.6,0.75,0.6666666666666666,0.2,0.25839793281653745,1.8087855297157622,0.1,0.14285714285714285,0.14285714285714285,0,0,2.0671834625322996,4.651162790697675,0.2571428571428571,0.4444444444444444,0.4444444444444444,0.75,0,0.5167958656330749,1.0335917312661498,0.05714285714285714,0.5,0.5,1,0,2.0671834625322996,9.30232558139535,0.5142857142857142,0.2222222222222222,0.2222222222222222,0.875,0,8,36,0.2222222222222222,0,0
"Tobias Harris","DET",6,193,0.5189577464788732,0.6619718309859155,5.8930232558139535,24.985714285714288,2.4330900243309004,4.622871046228711,0.2676056338028169,0.5263157894736842,0.5555555555555556,0.4,0.05263157894736842,1.9464720194647203,5.109489051094891,0.29577464788732394,0.38095238095238093,0.4444444444444444,0.625,0.14285714285714285,0.48661800486618007,0.7299270072992701,0.04225352112676056,0.6666666666666666,0.6666666666666666,0,0,0.7299270072992701,3.1630170316301705,0.18309859154929578,0.23076923076923078,0.23076923076923078,1,0,1.2165450121654502,3.6496350364963503,0.2112676056338028,0.3333333333333333,0.3333333333333333,1,0,5,15,0.3333333333333333,0,0
"Tyus Jones","ORL",15,193,0.5461474358974359,0.717948717948718,6.5055555555555555,25.31904761904762,0.7556675062972292,1.7632241813602014,0.1794871794871795,0.42857142857142855,0.6,0.6666666666666666,0.2857142857142857,1.0075566750629723,2.5188916876574305,0.2564102564102564,0.4,0.4444444444444444,0.25,0.1,0.2518891687657431,0.2518891687657431,0.02564102564102564,1,1,1,0,0.2518891687657431,1.5113350125944585,0.15384615384615385,0.16666666666666666,0.16666666666666666,1,0,0.7556675062972292,3.7783375314861463,0.38461538461538464,0.2,0.2,1,0,3,15,0.2,0,0
"Nique Clifford","SAC",10,192,0.510257843137255,0.6274509803921569,7.103571428571429,25.321739130434782,1.9047619047619047,2.142857142857143,0.17647058823529413,0.8888888888888888,0.8888888888888888,0.625,0,0.7142857142857143,3.5714285714285716,0.29411764705882354,0.2,0.25,0.3333333333333333,0.2,0,0.9523809523809523,0.0784313725490196,0,0,0,0,0.23809523809523808,1.4285714285714286,0.11764705882352941,0.16666666666666666,0.16666666666666666,1,0,1.1904761904761905,4.0476190476190474,0.3333333333333333,0.29411764705882354,0.3125,0.8,0.058823529411764705,5,17,0.29411764705882354,0,0
"Brice Sensabaugh","UTA",13,191,0.5266241379310345,0.7701149425287356,9.252173913043478,25.7,0.7246376811594203,0.7246376811594203,0.034482758620689655,1,1,0.6666666666666666,0,2.4154589371980677,3.864734299516908,0.1839080459770115,0.625,0.7692307692307693,0.9,0.1875,0.7246376811594203,0.966183574879227,0.04597701149425287,0.75,1,0.6666666666666666,0.25,1.6908212560386473,3.6231884057971016,0.1724137931034483,0.4666666666666667,0.4666666666666667,1,0,3.6231884057971016,11.83574879227053,0.5632183908045977,0.30612244897959184,0.30612244897959184,0.9333333333333333,0,15,49,0.30612244897959184,0,0
"Marvin Bagley III","WAS",13,190,0.5680431034482759,0.7586206896551724,2.696153846153846,25.816666666666666,6.888361045130641,9.026128266033254,0.6551724137931034,0.7631578947368421,0.8285714285714286,0.4827586206896552,0.07894736842105263,1.4251781472684086,3.32541567695962,0.2413793103448276,0.42857142857142855,0.5454545454545454,0.8333333333333334,0.21428571428571427,0,0,0,0,0,0,0,0.2375296912114014,0.2375296912114014,0.017241379310344827,1,1,1,0,0.4750593824228028,1.187648456057007,0.08620689655172414,0.4,0.4,1,0,2,5,0.4,0,0
"Jeremiah Robinson-Earl","IND",9,187,0.5430962264150944,0.7924528301886793,4.641666666666667,24.564705882352943,3.3766233766233764,6.4935064935064934,0.4716981132075472,0.52,0.6190476190476191,0.38461538461538464,0.16,0.5194805194805194,2.0779220779220777,0.1509433962264151,0.25,0.4,0.5,0.375,0.2597402597402597,0.7792207792207793,0.05660377358490566,0.3333333333333333,0.3333333333333333,1,0,0.5194805194805194,2.3376623376623376,0.16981132075471697,0.2222222222222222,0.2222222222222222,1,0,0.2597402597402597,2.0779220779220777,0.1509433962264151,0.125,0.125,1,0,1,8,0.125,0,0
"Jalen Wilson","BKN",12,185,0.5260312500000001,0.8214285714285714,5.870588235294117,25.056410256410256,0.547945205479452,1.917808219178082,0.125,0.2857142857142857,0.4,0.5,0.2857142857142857,0.821917808219178,2.4657534246575343,0.16071428571428573,0.3333333333333333,0.375,0.6666666666666666,0.1111111111111111,0,0.273972602739726,0.017857142857142856,0,0,0,0,1.095890410958904,3.835616438356164,0.25,0.2857142857142857,0.2857142857142857,1,0,3.287671232876712,6.8493150684931505,0.44642857142857145,0.48,0.48,1,0,12,25,0.48,0,0
"Jordan Walsh","BOS",11,184,0.5924975609756098,0.8536585365853658,2.3666666666666667,25.18235294117647,3.1161473087818696,5.09915014164306,0.43902439024390244,0.6111111111111112,0.7857142857142857,0.6363636363636364,0.2222222222222222,0.56657223796034,1.6997167138810199,0.14634146341463414,0.3333333333333333,0.5,1,0.3333333333333333,0,0,0,0,0,0,0,0.56657223796034,1.6997167138810199,0.14634146341463414,0.3333333333333333,0.3333333333333333,1,0,1.4164305949008498,3.1161473087818696,0.2682926829268293,0.45454545454545453,0.45454545454545453,1,0,5,11,0.45454545454545453,0,0
"Alex Caruso","OKC",10,183,0.5601326923076922,0.8653846153846154,4.741176470588235,25.042857142857144,1.5873015873015872,2.6455026455026456,0.19230769230769232,0.6,0.75,0.6666666666666666,0.2,0.26455026455026454,1.8518518518518519,0.1346153846153846,0.14285714285714285,0.16666666666666666,1,0.14285714285714285,0,0,0,0,0,0,0,0.5291005291005291,2.1164021164021163,0.15384615384615385,0.25,0.25,1,0,2.9100529100529102,7.142857142857143,0.5192307692307693,0.4074074074074074,0.4074074074074074,1,0,11,27,0.4074074074074074,0,0
"Larry Nance Jr.","CLE",12,181,0.5938405660377358,0.9056603773584906,2.6333333333333333,24.673076923076923,2.6595744680851063,5.851063829787234,0.41509433962264153,0.45454545454545453,0.5555555555555556,0.8,0.18181818181818182,0.26595744680851063,1.3297872340425532,0.09433962264150944,0.2,0.2,1,0,0,0,0,0,0,0,0,1.3297872340425532,3.723404255319149,0.2641509433962264,0.35714285714285715,0.35714285714285715,1,0,0.5319148936170213,3.1914893617021276,0.22641509433962265,0.16666666666666666,0.16666666666666666,1,0,2,12,0.16666666666666666,0,0
"Walter Clayton Jr.","UTA",11,178,0.5004675925925925,0.7037037037037037,7.48,26.548275862068966,1.3123359580052494,2.3622047244094486,0.16666666666666666,0.5555555555555556,0.625,0.4,0.1111111111111111,1.5748031496062993,3.1496062992125986,0.2222222222222222,0.5,0.6,0,0.16666666666666666,0.26246719160104987,1.0498687664041995,0.07407407407407407,0.25,0.25,0,0,0,0.26246719160104987,0.018518518518518517,0,0,0,0,2.6246719160104988,7.349081364829396,0.5185185185185185,0.35714285714285715,0.35714285714285715,0.8,0,10,28,0.35714285714285715,0,0
"Adem Bona","PHI",12,177,0.598625,0.8,1.8105263157894735,23,2.168021680216802,4.065040650406504,0.75,0.5333333333333333,0.6666666666666666,0.375,0.2,0.27100271002710025,1.084010840108401,0.2,0.25,0.25,0,0,0,0,0,0,0,0,0,0,0.27100271002710025,0.05,0,0,0,0,0,0,0,0,0,0,0,0,0,0,0,0
"Yves Missi","NOP",9,175,0.6084,0.75,2.8833333333333333,0,4.958677685950414,7.43801652892562,0.75,0.6666666666666666,0.6923076923076923,0.6666666666666666,0.037037037037037035,1.1019283746556474,2.479338842975207,0.25,0.4444444444444444,0.5,1,0.1111111111111111,0,0,0,0,0,0,0,0,0,0,0,0,0,0,0,0,0,0,0,0,0,0,0,0,0,0
"Taurean Prince","MIL",8,169,0.5729960526315789,0.868421052631579,5.9799999999999995,24.714285714285715,0.8287292817679558,1.3812154696132597,0.13157894736842105,0.6,0.6,1,0,0.27624309392265195,0.8287292817679558,0.07894736842105263,0.3333333333333333,0.3333333333333333,1,0,0.27624309392265195,0.5524861878453039,0.05263157894736842,0.5,0.5,0,0,1.3812154696132597,3.867403314917127,0.3684210526315789,0.35714285714285715,0.35714285714285715,1,0,1.9337016574585635,3.867403314917127,0.3684210526315789,0.5,0.5384615384615384,1,0.07142857142857142,7,14,0.5,0,0
"Paul Reed","DET",13,163,0.5477116071428572,0.75,4.172916666666667,25.4625,7.714285714285714,9.714285714285714,0.6071428571428571,0.7941176470588235,0.8181818181818182,0.7777777777777778,0.029411764705882353,1.7142857142857142,2.857142857142857,0.17857142857142858,0.6,0.6,1,0,0.5714285714285714,1.1428571428571428,0.07142857142857142,0.5,0.5,0.5,0,0,0.5714285714285714,0.03571428571428571,0,0,0,0,1.1428571428571428,1.7142857142857142,0.10714285714285714,0.6666666666666666,0.6666666666666666,0.75,0,4,6,0.6666666666666666,0,0
"Luke Kornet","SAS",7,163,0.71580625,0.90625,1.49375,0,7.100591715976331,8.579881656804734,0.90625,0.8275862068965517,0.8275862068965517,0.75,0,0.2958579881656805,0.8875739644970414,0.09375,0.3333333333333333,1,1,0.6666666666666666,0,0,0,0,0,0,0,0,0,0,0,0,0,0,0,0,0,0,0,0,0,0,0,0,0,0
"RayJ Dennis","IND",11,161,0.50478,0.6571428571428571,7.93030303030303,26.31081081081081,1.1594202898550725,2.608695652173913,0.12857142857142856,0.4444444444444444,0.5,0.75,0.1111111111111111,1.7391304347826086,6.3768115942028984,0.3142857142857143,0.2727272727272727,0.2857142857142857,0.5,0.045454545454545456,0,0.5797101449275363,0.02857142857142857,0,0,0,0,0,1.7391304347826086,0.08571428571428572,0,0,0,0,3.4782608695652173,8.985507246376812,0.44285714285714284,0.3870967741935484,0.3870967741935484,0.75,0,12,31,0.3870967741935484,0,0
"Jabari Walker","PHI",13,158,0.5762776315789474,0.9210526315789473,2.9538461538461536,24.55,4.049844236760125,7.165109034267913,0.6052631578947368,0.5652173913043478,0.7647058823529411,0.3076923076923077,0.2608695652173913,0,0.6230529595015576,0.05263157894736842,0,0,0,1,0.3115264797507788,0.3115264797507788,0.02631578947368421,1,1,0,0,0,1.557632398753894,0.13157894736842105,0,0,0,0,0.6230529595015576,2.1806853582554515,0.18421052631578946,0.2857142857142857,0.2857142857142857,1,0,2,7,0.2857142857142857,0,0
"Zion Williamson","NOP",5,157,0.5395153846153846,0.5641025641025641,4.170512820512821,0,7.361963190184049,13.496932515337424,0.5641025641025641,0.5454545454545454,0.6153846153846154,0.5416666666666666,0.11363636363636363,4.294478527607362,10.429447852760736,0.4358974358974359,0.4117647058823529,0.5384615384615384,0.2857142857142857,0.23529411764705882,0,0,0,0,0,0,0,0,0,0,0,0,0,0,0,0,0,0,0,0,0,0,0,0,0,0
"Nick Richards","PHX",15,156,0.5305139534883722,0.4418604651162791,5.558139534883721,0,3.7735849056603774,5.9748427672955975,0.4418604651162791,0.631578947368421,0.7058823529411765,0.75,0.10526315789473684,3.459119496855346,6.60377358490566,0.4883720930232558,0.5238095238095238,0.6470588235294118,0.6363636363636364,0.19047619047619047,0.31446540880503143,0.9433962264150944,0.06976744186046512,0.3333333333333333,0.3333333333333333,1,0,0,0,0,0,0,0,0,0,0,0,0,0,0,0,0,0,0,0,0
"Jonas Valančiūnas","DEN",13,155,0.4993273972602739,0.4520547945205479,6.335820895522388,25.916666666666668,5.537459283387622,8.794788273615636,0.3698630136986301,0.6296296296296297,0.7083333333333334,0.47058823529411764,0.1111111111111111,6.514657980456026,11.074918566775244,0.4657534246575342,0.5882352941176471,0.6451612903225806,0.5,0.08823529411764706,0.3257328990228013,1.9543973941368078,0.0821917808219178,0.16666666666666666,0.2,1,0.16666666666666666,0,0,0,0,0,0,0,0.6514657980456026,1.9543973941368078,0.0821917808219178,0.3333333333333333,0.3333333333333333,1,0,2,6,0.3333333333333333,0,0
"Justin Edwards","PHI",11,154,0.5114537735849056,0.7924528301886793,8.353333333333333,25.676315789473687,1.2422360248447204,1.2422360248447204,0.07547169811320754,1,1,0.25,0,0.6211180124223602,2.484472049689441,0.1509433962264151,0.25,0.2857142857142857,0.5,0.125,0.6211180124223602,0.9316770186335404,0.05660377358490566,0.6666666666666666,0.6666666666666666,1,0,1.2422360248447204,3.1055900621118013,0.18867924528301888,0.4,0.4444444444444444,1,0.1,3.7267080745341614,8.695652173913043,0.5283018867924528,0.42857142857142855,0.42857142857142855,0.9166666666666666,0,12,28,0.42857142857142855,0,0
"Walker Kessler","UTA",5,154,0.5767702702702703,0.7837837837837838,2.6724137931034484,25.05,4.516129032258065,6.774193548387097,0.5675675675675675,0.6666666666666666,0.7777777777777778,0.5,0.14285714285714285,1.935483870967742,2.5806451612903225,0.21621621621621623,0.75,1,0.8333333333333334,0.25,0,0,0,0,0,0,0,0.6451612903225806,0.6451612903225806,0.05405405405405406,1,1,1,0,1.2903225806451613,1.935483870967742,0.16216216216216217,0.6666666666666666,0.6666666666666666,1,0,4,6,0.6666666666666666,0,0
"Isaiah Collier","UTA",6,152,0.49138194444444444,0.4722222222222222,5.509677419354839,25.3,2.694610778443114,3.592814371257485,0.3333333333333333,0.75,0.9,0.5555555555555556,0.16666666666666666,2.9940119760479043,5.389221556886228,0.5,0.5555555555555556,0.6666666666666666,0.3,0.16666666666666666,0,0.2994011976047904,0.027777777777777776,0,0,0,0,0,0.2994011976047904,0.027777777777777776,0,0,0,0,0.5988023952095808,1.1976047904191616,0.1111111111111111,0.5,0.5,1,0,2,4,0.5,0,0
"John Konchar","MEM",13,151,0.59245625,0.9166666666666666,2.15,24.75,1.5527950310559007,1.8633540372670807,0.25,0.8333333333333334,1,0.8,0.16666666666666666,0.3105590062111801,0.6211180124223602,0.08333333333333333,0.5,0.5,1,0,0,0,0,0,0,0,0,0.9316770186335404,2.484472049689441,0.3333333333333333,0.375,0.375,1,0,0.9316770186335404,2.484472049689441,0.3333333333333333,0.375,0.375,1,0,3,8,0.375,0,0
"Anthony Davis","DAL",5,149,0.5257953333333333,0.5733333333333334,7.1703125,25.372727272727275,6.7092651757188495,10.223642172523961,0.4266666666666667,0.65625,0.7241379310344828,0.47619047619047616,0.09375,3.8338658146964857,6.389776357827476,0.26666666666666666,0.6,0.6,0.5,0,0.9584664536741214,3.8338658146964857,0.16,0.25,0.25,0.3333333333333333,0,0,0.6389776357827476,0.02666666666666667,0,0,0,0,0.9584664536741214,2.8753993610223643,0.12,0.3333333333333333,0.3333333333333333,0.6666666666666666,0,3,9,0.3333333333333333,0,0
"Drake Powell","BKN",8,149,0.49417820512820515,0.5897435897435898,8.326923076923077,25.153846153846153,2.348993288590604,3.3557046979865772,0.2564102564102564,0.7,0.7777777777777778,0.5714285714285714,0.1,1.342281879194631,2.684563758389262,0.20512820512820512,0.5,0.5714285714285714,0.25,0.125,1.0067114093959733,2.684563758389262,0.20512820512820512,0.375,0.375,0,0,0,0.6711409395973155,0.05128205128205128,0,0,0,0,1.6778523489932886,3.6912751677852347,0.28205128205128205,0.45454545454545453,0.45454545454545453,0.8,0,5,11,0.45454545454545453,0,0
"Taylor Hendricks","UTA",9,148,0.55690125,0.85,3.760869565217391,24.541176470588233,2.8213166144200628,5.329153605015674,0.425,0.5294117647058824,0.6,0.7777777777777778,0.11764705882352941,0.31347962382445144,1.567398119122257,0.125,0.2,0.3333333333333333,1,0.4,0.31347962382445144,0.31347962382445144,0.025,1,1,1,0,1.2539184952978057,2.8213166144200628,0.225,0.4444444444444444,0.4444444444444444,1,0,0,2.5078369905956115,0.2,0,0,0,0,0,8,0,0,0
"Gary Payton II","GSW",15,148,0.5998474358974359,0.9743589743589743,2.0826086956521737,25.1375,4.590163934426229,7.213114754098361,0.5641025641025641,0.6363636363636364,0.6666666666666666,0.8571428571428571,0.045454545454545456,0,0.32786885245901637,0.02564102564102564,0,0,0,0,0,0,0,0,0,0,0,0.6557377049180327,1.639344262295082,0.1282051282051282,0.4,0.4,1,0,0.32786885245901637,3.6065573770491803,0.28205128205128205,0.09090909090909091,0.09090909090909091,1,0,1,11,0.09090909090909091,0,0
"Tyrese Proctor","CLE",12,142,0.5441314516129032,0.7741935483870968,7.776190476190477,25.682926829268293,1.3937282229965158,2.4390243902439024,0.11290322580645161,0.5714285714285714,0.6666666666666666,0.25,0.14285714285714285,1.0452961672473868,3.484320557491289,0.16129032258064516,0.3,0.375,0.3333333333333333,0.2,0.6968641114982579,1.3937282229965158,0.06451612903225806,0.5,0.5,0,0,0.6968641114982579,1.7421602787456445,0.08064516129032258,0.4,0.4,1,0,3.484320557491289,12.543554006968641,0.5806451612903226,0.2777777777777778,0.2777777777777778,0.8,0,10,36,0.2777777777777778,0,0
"Dylan Harper","SAS",6,140,0.5788796875,0.78125,4.004,25.157142857142855,7.168458781362007,12.903225806451612,0.5625,0.5555555555555556,0.5882352941176471,0.2,0.05555555555555555,2.150537634408602,3.942652329749104,0.171875,0.5454545454545454,0.6666666666666666,0.3333333333333333,0.18181818181818182,0.35842293906810035,1.075268817204301,0.046875,0.3333333333333333,0.3333333333333333,0,0,0.7168458781362007,1.075268817204301,0.046875,0.6666666666666666,0.6666666666666666,1,0,1.075268817204301,3.942652329749104,0.171875,0.2727272727272727,0.2727272727272727,1,0,3,11,0.2727272727272727,0,0
"Joel Embiid","PHI",6,140,0.5091310344827586,0.5977011494252874,8.694915254237289,26.38214285714286,5.517241379310345,8.275862068965518,0.27586206896551724,0.6666666666666666,0.7619047619047619,0.5625,0.125,2.7586206896551726,5.172413793103448,0.1724137931034483,0.5333333333333333,0.5714285714285714,0.5,0.06666666666666667,2.413793103448276,6.896551724137931,0.22988505747126436,0.35,0.3684210526315789,0.5714285714285714,0.05,0,0,0,0,0,0,0,3.103448275862069,9.655172413793103,0.3218390804597701,0.32142857142857145,0.32142857142857145,0.8888888888888888,0,9,28,0.32142857142857145,0,0
"Trae Young","ATL",5,139,0.5193621428571429,0.5857142857142857,7.659090909090909,26.292307692307695,2.6058631921824102,4.88599348534202,0.21428571428571427,0.5333333333333333,0.5714285714285714,0.25,0.06666666666666667,3.583061889250814,7.166123778501628,0.3142857142857143,0.5,0.5,0.18181818181818182,0,0.6514657980456026,2.2801302931596092,0.1,0.2857142857142857,0.2857142857142857,0.5,0,0.6514657980456026,1.6286644951140066,0.07142857142857142,0.4,0.4,1,0,0.9771986970684039,6.840390879478828,0.3,0.14285714285714285,0.14285714285714285,0,0,3,21,0.14285714285714285,0,0
"Karlo Matković","NOP",12,137,0.6228635135135135,0.918918918918919,1.9607142857142856,25.555555555555557,7.473309608540926,8.896797153024911,0.6756756756756757,0.84,0.875,0.7142857142857143,0.04,0.35587188612099646,1.0676156583629892,0.08108108108108109,0.3333333333333333,0.3333333333333333,1,0,0,0,0,0,0,0,0,0.35587188612099646,0.7117437722419929,0.05405405405405406,0.5,0.5,1,0,1.0676156583629892,2.491103202846975,0.1891891891891892,0.42857142857142855,0.42857142857142855,1,0,3,7,0.42857142857142855,0,0
"Hugo González","BOS",11,136,0.5507290322580646,0.6774193548387096,5.9904761904761905,25.11,2.255639097744361,4.135338345864661,0.3548387096774194,0.5454545454545454,0.6666666666666666,0.3333333333333333,0.18181818181818182,0.7518796992481203,2.6315789473684212,0.22580645161290322,0.2857142857142857,0.3333333333333333,0.5,0.14285714285714285,0.37593984962406013,1.1278195488721805,0.0967741935483871,0.3333333333333333,0.3333333333333333,0,0,1.1278195488721805,1.5037593984962405,0.12903225806451613,0.75,0.75,1,0,0.7518796992481203,2.255639097744361,0.1935483870967742,0.3333333333333333,0.3333333333333333,1,0,2,6,0.3333333333333333,0,0
"Rob Dillingham","MIN",12,136,0.5335786885245901,0.5573770491803278,7.704166666666667,25.200000000000003,3.8062283737024223,7.26643598615917,0.3442622950819672,0.5238095238095238,0.7333333333333333,0.45454545454545453,0.2857142857142857,2.422145328719723,5.536332179930795,0.26229508196721313,0.4375,0.4666666666666667,0.42857142857142855,0.0625,1.0380622837370241,3.8062283737024223,0.18032786885245902,0.2727272727272727,0.3,0,0.09090909090909091,0,0.6920415224913494,0.03278688524590164,0,0,0,0,1.0380622837370241,3.8062283737024223,0.18032786885245902,0.2727272727272727,0.2727272727272727,0.6666666666666666,0,3,11,0.2727272727272727,0,0
"Ousmane Dieng","OKC",12,135,0.5305263888888888,0.6111111111111112,7.552631578947368,25.170588235294115,1.1152416356877324,1.858736059479554,0.1388888888888889,0.6,0.75,0.6666666666666666,0.2,1.1152416356877324,4.089219330855019,0.3055555555555556,0.2727272727272727,0.2727272727272727,0.3333333333333333,0,0.7434944237918215,1.1152416356877324,0.08333333333333333,0.6666666666666666,0.6666666666666666,0.5,0,0.37174721189591076,1.858736059479554,0.1388888888888889,0.2,0.2,1,0,0.7434944237918215,4.4609665427509295,0.3333333333333333,0.16666666666666666,0.16666666666666666,0.5,0,2,12,0.16666666666666666,0,0
"Moussa Cisse","DAL",11,133,0.6963266666666666,0.9666666666666667,1.37,0,7.067137809187279,10.247349823321555,0.9666666666666667,0.6896551724137931,0.7142857142857143,0.75,0.034482758620689655,0,0.35335689045936397,0.03333333333333333,0,0,0,0,0,0,0,0,0,0,0,0,0,0,0,0,0,0,0,0,0,0,0,0,0,0,0,0,0,0
"Jonathan Isaac","ORL",14,133,0.6099903225806452,0.967741935483871,2.3333333333333335,23.71578947368421,2.5830258302583027,4.059040590405904,0.3548387096774194,0.6363636363636364,0.6363636363636364,0.42857142857142855,0,0,0,0,0,0,0,0,0,0.36900369003690037,0.03225806451612903,0,0,0,0,1.1070110701107012,5.535055350553505,0.4838709677419355,0.2,0.2,1,0,0.36900369003690037,1.4760147601476015,0.12903225806451613,0.25,0.25,1,0,1,4,0.25,0,0
"Jeremy Sochan","SAS",8,132,0.6246397058823528,0.9117647058823529,2.1095238095238096,24.153846153846153,4.428044280442805,6.642066420664206,0.5294117647058824,0.6666666666666666,0.7058823529411765,0.8333333333333334,0.05555555555555555,0.7380073800738007,1.1070110701107012,0.08823529411764706,0.6666666666666666,0.6666666666666666,0.5,0,0,0,0,0,0,0,0,1.845018450184502,2.952029520295203,0.23529411764705882,0.625,0.625,1,0,0.7380073800738007,1.845018450184502,0.14705882352941177,0.4,0.4,1,0,2,5,0.4,0,0
"Jaden Hardy","DAL",12,131,0.524112962962963,0.7407407407407407,7.061904761904763,24.51212121212121,1.048951048951049,2.4475524475524475,0.12962962962962962,0.42857142857142855,0.5,0.3333333333333333,0.14285714285714285,1.3986013986013985,4.195804195804196,0.2222222222222222,0.3333333333333333,0.4,0.5,0.16666666666666666,0,0.6993006993006993,0.037037037037037035,0,0,0,0,1.3986013986013985,3.1468531468531467,0.16666666666666666,0.4444444444444444,0.4444444444444444,1,0,3.8461538461538463,8.391608391608392,0.4444444444444444,0.4583333333333333,0.4583333333333333,0.6363636363636364,0,11,24,0.4583333333333333,0,0
"Caleb Martin","DAL",13,130,0.5829931818181818,0.6818181818181818,7.3933333333333335,23.571428571428573,1.7605633802816902,2.816901408450704,0.36363636363636365,0.625,0.625,0.8,0,0,1.056338028169014,0.13636363636363635,0,0,0,0.6666666666666666,0.352112676056338,1.408450704225352,0.18181818181818182,0.25,0.25,1,0,0.352112676056338,1.7605633802816902,0.22727272727272727,0.2,0.2,1,0,0,0.704225352112676,0.09090909090909091,0,0,0,0,0,2,0,0,0
"Amir Coffey","MIL",13,128,0.5330315789473684,0.631578947368421,7.127272727272728,23.8625,1.5384615384615385,1.5384615384615385,0.21052631578947367,1,1,0.25,0,0.38461538461538464,1.9230769230769231,0.2631578947368421,0.2,0.2,1,0,0.38461538461538464,0.7692307692307693,0.10526315789473684,0.5,0.5,0,0,0.38461538461538464,2.6923076923076925,0.3684210526315789,0.14285714285714285,0.16666666666666666,1,0.14285714285714285,0.38461538461538464,0.38461538461538464,0.05263157894736842,1,1,1,0,1,1,1,0,0
"Chaz Lanier","DET",11,128,0.534075,0.9,16,25.452777777777776,0,0,0,0,0,0,0,0.36496350364963503,0.36496350364963503,0.025,1,1,0,0,0.36496350364963503,1.094890510948905,0.075,0.3333333333333333,0.3333333333333333,0,0,0.36496350364963503,2.5547445255474455,0.175,0.14285714285714285,0.14285714285714285,1,0,4.014598540145985,10.583941605839415,0.725,0.3793103448275862,0.3793103448275862,0.9090909090909091,0,11,29,0.3793103448275862,0,0
"Ochai Agbaji","TOR",9,125,0.660222,0.96,1.5,24.599999999999998,2.985074626865672,4.477611940298507,0.48,0.6666666666666666,0.8,0.875,0.16666666666666666,0,0.373134328358209,0.04,0,0,0,1,0,0,0,0,0,0,0,0,2.2388059701492535,0.24,0,0,0,0,0.373134328358209,2.2388059701492535,0.24,0.16666666666666666,0.16666666666666666,1,0,1,6,0.16666666666666666,0,0
"Ja'Kobe Walter","TOR",11,123,0.5265209677419355,0.8387096774193549,6.511111111111111,26.018181818181816,0.796812749003984,1.593625498007968,0.12903225806451613,0.5,0.5,1,0,0.796812749003984,1.593625498007968,0.12903225806451613,0.5,0.6666666666666666,1,0.25,0,0.398406374501992,0.03225806451612903,0,0,0,1,0.398406374501992,0.796812749003984,0.06451612903225806,0.5,0.5,1,0,1.9920318725099602,7.968127490039841,0.6451612903225806,0.25,0.25,1,0,5,20,0.25,0,0
"Bilal Coulibaly","WAS",5,123,0.5794784090909091,0.7272727272727273,4.551851851851852,25.258823529411764,4.263565891472868,5.813953488372093,0.3409090909090909,0.7333333333333333,0.8461538461538461,0.36363636363636365,0.13333333333333333,0,4.263565891472868,0.25,0,0,0,0.09090909090909091,0,0.3875968992248062,0.022727272727272728,0,0,0,0,0.7751937984496124,1.937984496124031,0.11363636363636363,0.4,0.4,1,0,1.1627906976744187,4.651162790697675,0.2727272727272727,0.25,0.25,1,0,3,12,0.25,0,0
"Bradley Beal","LAC",6,121,0.5163354166666666,0.5833333333333334,10.134482758620688,25.310526315789474,2.4691358024691357,3.7037037037037037,0.1875,0.6666666666666666,0.75,0.6666666666666666,0.1111111111111111,0.823045267489712,4.938271604938271,0.25,0.16666666666666666,0.16666666666666666,0.5,0,1.2345679012345678,3.292181069958848,0.16666666666666666,0.375,0.375,1,0,0.411522633744856,1.646090534979424,0.08333333333333333,0.25,0.25,1,0,2.4691358024691357,6.172839506172839,0.3125,0.4,0.4,1,0,6,15,0.4,0,0
"Micah Peavy","NOP",10,118,0.5690578125,0.84375,3.325,24.90833333333333,3.278688524590164,6.147540983606557,0.46875,0.5333333333333333,0.5333333333333333,0.375,0,0.819672131147541,1.639344262295082,0.125,0.5,0.5,1,0,0,0.4098360655737705,0.03125,0,0,0,0,0.819672131147541,2.459016393442623,0.1875,0.3333333333333333,0.3333333333333333,1,0,0.4098360655737705,2.459016393442623,0.1875,0.16666666666666666,0.16666666666666666,1,0,1,6,0.16666666666666666,0,0
"Cody Williams","UTA",9,118,0.5339633333333332,0.6333333333333333,5.61875,24.00714285714286,1.9157088122605364,1.9157088122605364,0.16666666666666666,1,1,0.8,0,1.5325670498084292,3.8314176245210727,0.3333333333333333,0.4,0.8,1,0.5,0,0.3831417624521073,0.03333333333333333,0,0,0,0,0.3831417624521073,3.8314176245210727,0.3333333333333333,0.1,0.1,1,0,0.3831417624521073,1.5325670498084292,0.13333333333333333,0.25,0.25,1,0,1,4,0.25,0,0
"Precious Achiuwa","SAC",7,118,0.5691596774193548,0.7096774193548387,3.8000000000000003,24.2375,4.761904761904762,5.555555555555555,0.45161290322580644,0.8571428571428571,0.8571428571428571,0.75,0,1.9841269841269842,3.5714285714285716,0.2903225806451613,0.5555555555555556,0.5555555555555556,0.4,0,0,0,0,0,0,0,0,0,2.380952380952381,0.1935483870967742,0,0,0,0,0,0.7936507936507936,0.06451612903225806,0,0,0,0,0,2,0,0,0
"Sidy Cissoko","POR",9,117,0.5514136363636364,0.7272727272727273,4.538461538461538,24.833333333333332,2.0161290322580645,2.8225806451612905,0.3181818181818182,0.7142857142857143,0.7142857142857143,0.6,0,0.8064516129032258,2.4193548387096775,0.2727272727272727,0.3333333333333333,0.4,0,0.16666666666666666,0,0,0,0,0,0,0,0.4032258064516129,2.0161290322580645,0.22727272727272727,0.2,0.2,1,0,0.4032258064516129,1.6129032258064515,0.18181818181818182,0.25,0.25,1,0,1,4,0.25,0,0
"Guerschon Yabusele","NYK",12,116,0.5809661290322581,0.9354838709677419,2.977777777777778,24.981818181818184,1.2396694214876034,2.8925619834710745,0.22580645161290322,0.42857142857142855,0.5,0.6666666666666666,0.14285714285714285,0,0.8264462809917356,0.06451612903225806,0,0,0,0.5,0,0,0,0,0,0,0,0.8264462809917356,3.3057851239669422,0.25806451612903225,0.25,0.2857142857142857,1,0.125,2.0661157024793386,5.785123966942149,0.45161290322580644,0.35714285714285715,0.35714285714285715,0.8,0,5,14,0.35714285714285715,0,0
"Mitchell Robinson","NYK",7,116,0.6744818181818182,1,0.4318181818181818,0,5.6521739130434785,9.565217391304348,1,0.5909090909090909,0.6190476190476191,0.38461538461538464,0.045454545454545456,0,0,0,0,0,0,0,0,0,0,0,0,0,0,0,0,0,0,0,0,0,0,0,0,0,0,0,0,0,0,0,0,0
"Terrence Shannon Jr.","MIN",7,115,0.5841035714285715,0.7142857142857143,4.711764705882352,25.10909090909091,1.6736401673640167,3.7656903765690375,0.32142857142857145,0.4444444444444444,0.5,0.25,0.1111111111111111,0.41841004184100417,2.510460251046025,0.21428571428571427,0.16666666666666666,1,0,0.8333333333333334,0,0.8368200836820083,0.07142857142857142,0,0,0,0,0.41841004184100417,2.092050209205021,0.17857142857142858,0.2,0.2,0,0,1.2552301255230125,2.510460251046025,0.21428571428571427,0.5,0.5,0.3333333333333333,0,3,6,0.5,0,0
"Dwight Powell","DAL",12,114,0.5814666666666667,1,2.6333333333333333,0,2.3622047244094486,4.724409448818897,1,0.5,0.6,0.8333333333333334,0.16666666666666666,0,0,0,0,0,0,0,0,0,0,0,0,0,0,0,0,0,0,0,0,0,0,0,0,0,0,0,0,0,0,0,0,0
"Chris Paul","LAC",9,114,0.5015944444444445,0.7777777777777778,12.885714285714286,26.255000000000003,0,0.4444444444444444,0.037037037037037035,0,0,0,1,0.4444444444444444,0.8888888888888888,0.07407407407407407,0.5,0.5,0,0,0,1.7777777777777777,0.14814814814814814,0,0,0,0,0.4444444444444444,0.8888888888888888,0.07407407407407407,0.5,0.5,0,0,2.2222222222222223,8,0.6666666666666666,0.2777777777777778,0.2777777777777778,0.6,0,5,18,0.2777777777777778,0,0
"Baylor Scheierman","BOS",11,113,0.5587575,1,0.7666666666666666,24.54705882352941,0.9049773755656109,1.3574660633484164,0.15,0.6666666666666666,0.6666666666666666,0,0,0,0,0,0,0,0,0,0,0,0,0,0,0,0,2.262443438914027,3.167420814479638,0.35,0.7142857142857143,0.7142857142857143,1,0,1.8099547511312217,4.524886877828054,0.5,0.4,0.4,1,0,4,10,0.4,0,0
"Kevin Love","UTA",8,112,0.5413388888888888,0.9259259259259259,7.55,25.595652173913045,0.4291845493562232,0.8583690987124464,0.07407407407407407,0.5,0.5,0,0,0.4291845493562232,0.4291845493562232,0.037037037037037035,1,1,1,0,0.4291845493562232,0.4291845493562232,0.037037037037037035,1,1,1,0,0.8583690987124464,1.7167381974248928,0.14814814814814814,0.5,0.5,1,0,1.7167381974248928,8.15450643776824,0.7037037037037037,0.21052631578947367,0.21052631578947367,1,0,4,19,0.21052631578947367,0,0
"Liam McNeeley","CHA",9,112,0.5005879310344827,0.7241379310344828,5.572727272727272,25.72222222222222,0.851063829787234,1.2765957446808511,0.10344827586206896,0.6666666666666666,0.6666666666666666,1,0,0.425531914893617,3.404255319148936,0.27586206896551724,0.125,0.16666666666666666,1,0.25,0,0,0,0,0,0,0,0.851063829787234,2.978723404255319,0.2413793103448276,0.2857142857142857,0.2857142857142857,1,0,1.702127659574468,4.680851063829787,0.3793103448275862,0.36363636363636365,0.36363636363636365,1,0,4,11,0.36363636363636365,0,0
"Bronny James","LAL",10,111,0.49913888888888885,0.5185185185185185,9.35625,25.454545454545453,0.8810572687224669,1.3215859030837005,0.1111111111111111,0.6666666666666666,1,0.5,0.3333333333333333,1.3215859030837005,4.405286343612334,0.37037037037037035,0.3,0.3333333333333333,1,0.1,0,1.3215859030837005,0.1111111111111111,0,0,0,0,0,1.7621145374449338,0.14814814814814814,0,0,0,0,1.3215859030837005,3.0837004405286343,0.25925925925925924,0.42857142857142855,0.42857142857142855,1,0,3,7,0.42857142857142855,0,0
"Bones Hyland","MIN",12,108,0.5767391891891892,0.972972972972973,2.6999999999999997,25.67391304347826,4.366812227074236,5.676855895196507,0.35135135135135137,0.7692307692307693,0.9090909090909091,0.3,0.15384615384615385,0,0,0,0,0,0,0,0.4366812227074236,0.4366812227074236,0.02702702702702703,1,1,1,0,0.4366812227074236,1.7467248908296944,0.10810810810810811,0.25,0.25,1,0,3.056768558951965,8.296943231441048,0.5135135135135135,0.3684210526315789,0.3684210526315789,0.42857142857142855,0,7,19,0.3684210526315789,0,0
"Clint Capela","HOU",11,108,0.594884,0.8,2.12,0,6.944444444444445,9.25925925925926,0.8,0.75,0.75,0.6,0,0.46296296296296297,2.314814814814815,0.2,0.2,0.2,1,0,0,0,0,0,0,0,0,0,0,0,0,0,0,0,0,0,0,0,0,0,0,0,0,0,0,0
"Robert Williams III","POR",9,108,0.6460607142857143,0.8214285714285714,2.3040000000000003,23.2,6.696428571428571,8.928571428571429,0.7142857142857143,0.75,0.7894736842105263,0.5333333333333333,0.05,0.8928571428571429,2.232142857142857,0.17857142857142858,0.4,0.5,1,0.2,0,0,0,0,0,0,0,0,0.8928571428571429,0.07142857142857142,0,0,0,0,0.44642857142857145,0.44642857142857145,0.03571428571428571,1,1,1,0,1,1,1,0,0
"Isaiah Livers","PHX",9,104,0.5667105263157894,1,2.55,24.929411764705883,0.91324200913242,0.91324200913242,0.10526315789473684,1,1,0.5,0,0,0,0,0,0,0,0,0,0,0,0,0,0,0,0.91324200913242,3.1963470319634704,0.3684210526315789,0.2857142857142857,0.2857142857142857,1,0,1.82648401826484,4.566210045662101,0.5263157894736842,0.4,0.4,1,0,4,10,0.4,0,0
"Cam Christie","LAC",9,104,0.5260129032258064,0.75,4.733333333333333,25.823529411764707,3.045685279187817,3.553299492385787,0.21875,0.8571428571428571,0.8571428571428571,0.5,0,0.5076142131979695,4.060913705583756,0.25,0.125,0.16666666666666666,1,0.25,0,0,0,0,0,0,0,1.015228426395939,2.030456852791878,0.125,0.5,0.5,1,0,2.5380710659898478,6.598984771573604,0.40625,0.38461538461538464,0.38461538461538464,1,0,5,13,0.38461538461538464,0,0
"Brooks Barnhizer","OKC",13,103,0.5898464285714285,0.7142857142857143,3.0461538461538464,22.6,2.4038461538461537,4.326923076923077,0.6428571428571429,0.5555555555555556,0.7142857142857143,0.4,0.2222222222222222,0.9615384615384616,1.9230769230769231,0.2857142857142857,0.5,0.6666666666666666,0.5,0.25,0,0,0,0,0,0,0,0,0.4807692307692308,0.07142857142857142,0,0,0,1,0,0,0,0,0,0,0,0,0,0,0,0
"Justin Champagnie","WAS",12,101,0.524768,0.76,3.4866666666666664,25.55,1.4492753623188406,4.3478260869565215,0.36,0.3333333333333333,0.42857142857142855,0,0.2222222222222222,1.4492753623188406,2.898550724637681,0.24,0.5,0.5,0.3333333333333333,0,0,0,0,0,0,0,0,0,1.4492753623188406,0.12,0,0,0,0,0.966183574879227,3.3816425120772946,0.28,0.2857142857142857,0.2857142857142857,1,0,2,7,0.2857142857142857,0,0
"Quenton Jackson","IND",5,101,0.550722972972973,0.7027027027027027,5.436,26.175,4.587155963302752,6.422018348623853,0.3783783783783784,0.7142857142857143,0.8333333333333334,0.4,0.14285714285714285,1.3761467889908257,3.2110091743119265,0.1891891891891892,0.42857142857142855,0.6,0,0.2857142857142857,0.45871559633027525,1.834862385321101,0.10810810810810811,0.25,0.25,1,0,0,0.9174311926605505,0.05405405405405406,0,0,0,0,2.7522935779816513,4.587155963302752,0.2702702702702703,0.6,0.6,1,0,6,10,0.6,0,0
"Dominick Barlow","PHI",4,100,0.5806386363636364,0.7272727272727273,3.8875,23.71666666666667,3.4313725490196076,4.901960784313726,0.45454545454545453,0.7,0.875,0.7142857142857143,0.2,1.4705882352941178,2.450980392156863,0.22727272727272727,0.6,0.6,0.6666666666666666,0,0,0.49019607843137253,0.045454545454545456,0,0,0,0,0.49019607843137253,2.450980392156863,0.22727272727272727,0.2,0.2,1,0,0.49019607843137253,0.49019607843137253,0.045454545454545456,1,1,1,0,1,1,1,0,0
"Kobe Sanders","LAC",6,100,0.527114705882353,0.7058823529411765,12.561538461538463,24.861904761904764,1.4851485148514851,1.4851485148514851,0.08823529411764706,1,1,0.3333333333333333,0,0,1.4851485148514851,0.08823529411764706,0,0,0,0,1.4851485148514851,3.4653465346534653,0.20588235294117646,0.42857142857142855,0.42857142857142855,0.3333333333333333,0,2.4752475247524752,4.9504950495049505,0.29411764705882354,0.5,0.5,1,0,1.4851485148514851,5.445544554455446,0.3235294117647059,0.2727272727272727,0.2727272727272727,1,0,3,11,0.2727272727272727,0,0
"Trayce Jackson-Davis","GSW",9,100,0.5966964285714286,0.7857142857142857,2.5928571428571425,0,6.310679611650485,10.679611650485437,0.7857142857142857,0.5909090909090909,0.65,0.6923076923076923,0.09090909090909091,0.970873786407767,2.912621359223301,0.21428571428571427,0.3333333333333333,0.3333333333333333,1,0,0,0,0,0,0,0,0,0,0,0,0,0,0,0,0,0,0,0,0,0,0,0,0,0,0,0
"Pat Spencer","GSW",9,99,0.471925,0.475,7.844444444444445,25.584615384615386,1.477832512315271,2.955665024630542,0.15,0.5,1,0.3333333333333333,0.5,1.477832512315271,7.8817733990147785,0.4,0.1875,0.23076923076923078,0.3333333333333333,0.1875,1.477832512315271,2.4630541871921183,0.125,0.6,0.6,0,0,0,0.9852216748768473,0.05,0,0,0,0,2.4630541871921183,5.41871921182266,0.275,0.45454545454545453,0.45454545454545453,0.6,0,5,11,0.45454545454545453,0,0
"Javon Small","MEM",8,99,0.5199321428571428,0.8214285714285714,6.188888888888889,25.83157894736842,1.408450704225352,1.8779342723004695,0.14285714285714285,0.75,1,0.6666666666666666,0.25,0,1.8779342723004695,0.14285714285714285,0,0,0,0.5,0.4694835680751174,0.4694835680751174,0.03571428571428571,1,1,1,0,0,0.4694835680751174,0.03571428571428571,0,0,0,0,2.816901408450704,8.450704225352112,0.6428571428571429,0.3333333333333333,0.3333333333333333,0.6666666666666666,0,6,18,0.3333333333333333,0,0
"Kevon Looney","NOP",7,99,0.5348065217391305,0.782608695652174,5.047058823529412,25.349999999999998,3.4146341463414633,5.853658536585366,0.5217391304347826,0.5833333333333334,0.7,0.42857142857142855,0.16666666666666666,0,0.4878048780487805,0.043478260869565216,0,0,0,0,0,1.951219512195122,0.17391304347826086,0,0,0,0.25,0,0.4878048780487805,0.043478260869565216,0,0,0,0,0.4878048780487805,2.4390243902439024,0.21739130434782608,0.2,0.25,1,0.2,1,5,0.2,0,0
"Bennedict Mathurin","IND",3,98,0.5144925531914893,0.723404255319149,7.3428571428571425,26.78421052631579,5.314009661835748,7.246376811594203,0.3191489361702128,0.7333333333333333,0.7333333333333333,0.6363636363636364,0,1.4492753623188406,3.864734299516908,0.1702127659574468,0.375,0.5,0.3333333333333333,0.25,0.966183574879227,2.4154589371980677,0.10638297872340426,0.4,0.4,0.5,0,0,0,0,0,0,0,0,3.864734299516908,9.178743961352657,0.40425531914893614,0.42105263157894735,0.42105263157894735,0.5,0,8,19,0.42105263157894735,0,0
"Blake Wesley","POR",6,98,0.5899426470588236,0.7352941176470589,7.3500000000000005,25.259999999999998,4.672897196261682,7.009345794392523,0.4411764705882353,0.6666666666666666,0.8333333333333334,0.1,0.2,0,0.4672897196261682,0.029411764705882353,0,0,0,0,0.9345794392523364,3.7383177570093458,0.23529411764705882,0.25,0.25,0.5,0,0,0.4672897196261682,0.029411764705882353,0,0,0,0,0.9345794392523364,4.205607476635514,0.2647058823529412,0.2222222222222222,0.2222222222222222,1,0,2,9,0.2222222222222222,0,0
"Nigel Hayes-Davis","PHX",12,97,0.4667645833333333,0.4583333333333333,9.2,24.98888888888889,0.4975124378109453,0.9950248756218906,0.08333333333333333,0.5,0.5,0,0,2.487562189054726,4.975124378109452,0.4166666666666667,0.5,0.5,0.4,0,0.9950248756218906,1.492537313432836,0.125,0.6666666666666666,0.6666666666666666,0.5,0,0,1.492537313432836,0.125,0,0,0,0,0.4975124378109453,2.985074626865672,0.25,0.16666666666666666,0.16666666666666666,1,0,1,6,0.16666666666666666,0,0
"Ben Saraf","BKN",7,97,0.5686537037037037,0.8148148148148148,3.9642857142857144,24.86923076923077,1.0101010101010102,4.545454545454546,0.3333333333333333,0.2222222222222222,0.3333333333333333,0,0.3333333333333333,1.0101010101010102,2.525252525252525,0.18518518518518517,0.4,0.4,0,0,0,0,0,0,0,0,0,0,2.0202020202020203,0.14814814814814814,0,0,0,0.25,1.5151515151515151,4.545454545454546,0.3333333333333333,0.3333333333333333,0.3333333333333333,1,0,3,9,0.3333333333333333,0,0
"Pat Connaughton","CHA",10,94,0.5526982142857143,0.8214285714285714,4.545454545454546,25.447058823529414,1.5873015873015872,3.1746031746031744,0.21428571428571427,0.5,0.5,0.6666666666666666,0,2.1164021164021163,2.6455026455026456,0.17857142857142858,0.8,0.8,0.75,0,0,0,0,0,0,0,0,1.5873015873015872,3.1746031746031744,0.21428571428571427,0.5,0.6,1,0.16666666666666666,1.5873015873015872,5.8201058201058204,0.39285714285714285,0.2727272727272727,0.2727272727272727,1,0,3,11,0.2727272727272727,0,0
"Nick Smith Jr.","LAL",6,90,0.48286216216216216,0.5405405405405406,11.68421052631579,26.283333333333335,0.5235602094240838,1.0471204188481675,0.05405405405405406,0.5,0.5,0,0,2.6178010471204187,5.7591623036649215,0.2972972972972973,0.45454545454545453,0.5,0.2,0.09090909090909091,1.0471204188481675,3.141361256544503,0.16216216216216217,0.3333333333333333,0.3333333333333333,0,0,0,0.5235602094240838,0.02702702702702703,0,0,0,0,4.18848167539267,8.900523560209423,0.4594594594594595,0.47058823529411764,0.47058823529411764,0.625,0,8,17,0.47058823529411764,0,0
"KJ Simpson","CHA",6,90,0.5153229729729729,0.5945945945945946,7.143478260869566,26.12857142857143,2.197802197802198,4.395604395604396,0.21621621621621623,0.5,0.5714285714285714,0.25,0.125,2.197802197802198,6.593406593406593,0.32432432432432434,0.3333333333333333,0.36363636363636365,0,0.08333333333333333,0,1.6483516483516483,0.08108108108108109,0,0,0,0,0.5494505494505495,0.5494505494505495,0.02702702702702703,1,1,1,0,2.197802197802198,7.142857142857143,0.35135135135135137,0.3076923076923077,0.3076923076923077,1,0,4,13,0.3076923076923077,0,0
"Taelon Peter","IND",10,90,0.5210729166666667,0.9166666666666666,11.4,25.836363636363636,0,0,0,0,0,0,0,0.5181347150259067,0.5181347150259067,0.041666666666666664,1,1,0,0,0,0.5181347150259067,0.041666666666666664,0,0,0,0,0.5181347150259067,4.66321243523316,0.375,0.1111111111111111,0.1111111111111111,1,0,2.0725388601036268,6.7357512953367875,0.5416666666666666,0.3076923076923077,0.3076923076923077,0.75,0,4,13,0.3076923076923077,0,0
"Gabe Vincent","LAL",4,88,0.523509375,0.8125,13.133333333333333,25.876923076923074,0,0,0,0,0,0,0,0,0.546448087431694,0.0625,0,0,0,1,0.546448087431694,1.092896174863388,0.125,0.5,1,1,0.5,1.092896174863388,2.185792349726776,0.25,0.5,0.5,1,0,1.092896174863388,4.918032786885246,0.5625,0.2222222222222222,0.25,1,0.1111111111111111,2,9,0.2222222222222222,0,0
"Branden Carlson","OKC",10,86,0.5851583333333333,0.9,3.1333333333333333,25.58,4.624277456647399,6.936416184971098,0.4,0.6666666666666666,0.7272727272727273,0.75,0.08333333333333333,0.5780346820809249,1.1560693641618498,0.06666666666666667,0.5,1,1,0.5,0,0.5780346820809249,0.03333333333333333,0,0,0,0,0,1.1560693641618498,0.06666666666666667,0,0,0,0,2.3121387283236996,7.514450867052023,0.43333333333333335,0.3076923076923077,0.3076923076923077,1,0,4,13,0.3076923076923077,0,0
"Julian Phillips","CHI",12,84,0.5866895833333333,0.875,2.9416666666666664,23.833333333333332,3.4482758620689653,5.172413793103448,0.375,0.6666666666666666,0.75,0.8333333333333334,0.1111111111111111,0,1.7241379310344827,0.125,0,0,0,0.3333333333333333,0,0,0,0,0,0,0,1.1494252873563218,6.32183908045977,0.4583333333333333,0.18181818181818182,0.18181818181818182,1,0,0.5747126436781609,0.5747126436781609,0.041666666666666664,1,1,1,0,1,1,1,0,0
"Jett Howard","ORL",10,84,0.5079965517241379,0.8620689655172413,6.7,25.477272727272727,0.6024096385542169,1.8072289156626506,0.10344827586206896,0.3333333333333333,0.3333333333333333,0,0,0,1.8072289156626506,0.10344827586206896,0,0,0,0,0.6024096385542169,0.6024096385542169,0.034482758620689655,1,1,1,0,0.6024096385542169,2.4096385542168677,0.13793103448275862,0.25,0.25,1,0,4.216867469879518,10.843373493975903,0.6206896551724138,0.3888888888888889,0.3888888888888889,1,0,7,18,0.3888888888888889,0,0
"Tidjane Salaün","CHA",7,83,0.5570552631578947,0.8947368421052632,3.1142857142857143,25.633333333333336,1.744186046511628,2.9069767441860463,0.2631578947368421,0.6,0.6,0.6666666666666666,0,0,1.1627906976744187,0.10526315789473684,0,0,0,0.5,0,0,0,0,0,0,0,0,1.1627906976744187,0.10526315789473684,0,0,0,0,2.3255813953488373,5.813953488372093,0.5263157894736842,0.4,0.4,1,0,4,10,0.4,0,0
"Asa Newell","ATL",9,82,0.5846703125,0.90625,2.78125,23.91875,4.093567251461988,7.60233918128655,0.40625,0.5384615384615384,0.7777777777777778,0.42857142857142855,0.3076923076923077,0.5847953216374269,1.7543859649122806,0.09375,0.3333333333333333,0.3333333333333333,1,0,0,0,0,0,0,0,0,3.508771929824561,7.017543859649122,0.375,0.5,0.5,1,0,1.1695906432748537,2.3391812865497075,0.125,0.5,0.5,1,0,2,4,0.5,0,0
"Obi Toppin","IND",3,82,0.5449875,0.8055555555555556,5.473684210526316,25.294117647058822,4.597701149425287,6.896551724137931,0.3333333333333333,0.6666666666666666,0.7272727272727273,0.375,0.08333333333333333,2.2988505747126435,3.4482758620689653,0.16666666666666666,0.6666666666666666,0.8,0.5,0.16666666666666666,0,0.5747126436781609,0.027777777777777776,0,0,0,0,0,2.2988505747126435,0.1111111111111111,0,0,0,0,1.7241379310344827,7.471264367816092,0.3611111111111111,0.23076923076923078,0.23076923076923078,1,0,3,13,0.23076923076923078,0,0
"Duop Reath","POR",10,81,0.5367645833333333,0.9583333333333334,5.15,24.91818181818182,0.5747126436781609,0.5747126436781609,0.041666666666666664,1,1,1,0,0,0.5747126436781609,0.041666666666666664,0,0,0,0,0,0,0,0,0,0,0,4.022988505747127,4.597701149425287,0.3333333333333333,0.875,0.875,1,0,3.4482758620689653,8.045977011494253,0.5833333333333334,0.42857142857142855,0.42857142857142855,1,0,6,14,0.42857142857142855,0,0
"Dereck Lively II","DAL",5,80,0.6838142857142857,0.8571428571428571,2.207142857142857,0,4.651162790697675,6.976744186046512,0.8571428571428571,0.6666666666666666,0.7272727272727273,0.875,0.08333333333333333,0.5813953488372093,1.1627906976744187,0.14285714285714285,0.5,0.5,1,0,0,0,0,0,0,0,0,0,0,0,0,0,0,0,0,0,0,0,0,0,0,0,0,0,0,0
"Spencer Jones","DEN",9,78,0.6226611111111111,1,0.95,24.68,1.8181818181818181,2.4242424242424243,0.4444444444444444,0.75,0.75,0.6666666666666666,0,0,0,0,0,0,0,0,0,0,0,0,0,0,0,0.6060606060606061,1.8181818181818181,0.3333333333333333,0.3333333333333333,0.3333333333333333,1,0,0.6060606060606061,1.2121212121212122,0.2222222222222222,0.5,0.5,1,0,1,2,0.5,0,0
"Caleb Love","POR",6,77,0.5152641025641026,0.8205128205128205,5.3125,26.339130434782607,2.272727272727273,5.113636363636363,0.23076923076923078,0.4444444444444444,0.5714285714285714,0.25,0.2222222222222222,1.7045454545454546,3.409090909090909,0.15384615384615385,0.5,0.5,0.3333333333333333,0,0.5681818181818182,0.5681818181818182,0.02564102564102564,1,1,0,0,0.5681818181818182,1.7045454545454546,0.07692307692307693,0.3333333333333333,0.3333333333333333,1,0,2.840909090909091,11.363636363636363,0.5128205128205128,0.25,0.25,0.8,0,5,20,0.25,0,0
"Gui Santos","GSW",12,77,0.5367952380952381,0.9523809523809523,2.62,25.85,1.8987341772151898,2.5316455696202533,0.19047619047619047,0.75,0.75,1,0,0.6329113924050633,0.6329113924050633,0.047619047619047616,1,1,1,0,0,0,0,0,0,0,0,0.6329113924050633,1.2658227848101267,0.09523809523809523,0.5,0.5,1,0,2.5316455696202533,8.860759493670885,0.6666666666666666,0.2857142857142857,0.2857142857142857,1,0,4,14,0.2857142857142857,0,0
"Olivier-Maxence Prosper","MEM",9,76,0.5897574999999999,0.7,4.3933333333333335,24.66,3.6363636363636362,5.454545454545454,0.45,0.6666666666666666,0.6666666666666666,1,0,2.4242424242424243,3.0303030303030303,0.25,0.8,0.8,0.75,0,0,0.6060606060606061,0.05,0,0,0,1,0,1.2121212121212122,0.1,0,0,0,0,0,1.8181818181818181,0.15,0,0,0,0,0,3,0,0,0
"Chris Boucher","BOS",7,76,0.5657409090909091,0.8636363636363636,4.11,25.308333333333334,3.401360544217687,4.761904761904762,0.3181818181818182,0.7142857142857143,0.8333333333333334,0.6,0.14285714285714285,0.6802721088435374,1.3605442176870748,0.09090909090909091,0.5,0.5,1,0,0,0.6802721088435374,0.045454545454545456,0,0,0,0,0,2.0408163265306123,0.13636363636363635,0,0,0,0,0.6802721088435374,6.122448979591836,0.4090909090909091,0.1111111111111111,0.1111111111111111,1,0,1,9,0.1111111111111111,0,0
"Nae'Qwan Tomlin","CLE",6,76,0.6592333333333333,0.9259259259259259,2.0157894736842104,24.8875,8.074534161490684,10.559006211180124,0.6296296296296297,0.7647058823529411,0.8125,0.6153846153846154,0.058823529411764705,0.6211180124223602,1.2422360248447204,0.07407407407407407,0.5,0.5,0,0,0,0,0,0,0,0,0,0,1.8633540372670807,0.1111111111111111,0,0,0,0,0,3.1055900621118013,0.18518518518518517,0,0,0,0,0,5,0,0,0
"Gary Harris","MIL",8,76,0.5466970588235295,0.7647058823529411,5.271428571428571,24.240000000000002,1.342281879194631,2.0134228187919465,0.17647058823529413,0.6666666666666666,0.6666666666666666,1,0,1.342281879194631,2.684563758389262,0.23529411764705882,0.5,0.6666666666666666,1,0.25,0,0,0,0,0,0,0,2.0134228187919465,4.697986577181208,0.4117647058823529,0.42857142857142855,0.42857142857142855,1,0,0.6711409395973155,2.0134228187919465,0.17647058823529413,0.3333333333333333,0.5,1,0.3333333333333333,1,3,0.3333333333333333,0,0
"Maxime Raynaud","SAC",6,74,0.4996391304347826,0.391304347826087,6.205,26.566666666666666,1.8072289156626506,3.6144578313253013,0.2608695652173913,0.5,0.5,0,0,3.6144578313253013,7.831325301204819,0.5652173913043478,0.46153846153846156,0.5454545454545454,1,0.15384615384615385,0,0.6024096385542169,0.043478260869565216,0,0,0,0,0,0,0,0,0,0,0,0,1.8072289156626506,0.13043478260869565,0,0,0,0,0,3,0,0,0
"Jordan McLaughlin","SAS",8,74,0.5757645833333334,0.875,4.166666666666667,24.7,3.1847133757961785,3.821656050955414,0.25,0.8333333333333334,0.8333333333333334,0.2,0,0,1.2738853503184713,0.08333333333333333,0,0,0,0,0,0.6369426751592356,0.041666666666666664,0,0,0,0,0.6369426751592356,5.095541401273885,0.3333333333333333,0.125,0.125,1,0,2.5477707006369426,4.45859872611465,0.2916666666666667,0.5714285714285714,0.5714285714285714,1,0,4,7,0.5714285714285714,0,0
"Darius Garland","CLE",3,73,0.4914041666666667,0.6111111111111112,8.976470588235294,26.878947368421052,1.2658227848101267,1.8987341772151898,0.08333333333333333,0.6666666666666666,1,0,0.3333333333333333,1.2658227848101267,7.594936708860759,0.3333333333333333,0.16666666666666666,0.2,1,0.16666666666666666,0.6329113924050633,1.2658227848101267,0.05555555555555555,0.5,0.5,0,0,0.6329113924050633,2.5316455696202533,0.1111111111111111,0.25,0.25,1,0,3.7974683544303796,9.49367088607595,0.4166666666666667,0.4,0.4,0.6666666666666666,0,6,15,0.4,0,0
"Jamison Battle","TOR",10,73,0.5663285714285714,0.9047619047619048,4.866666666666666,25.146666666666665,2.5806451612903225,2.5806451612903225,0.19047619047619047,1,1,1,0,0,0.6451612903225806,0.047619047619047616,0,0,0,0,0,0.6451612903225806,0.047619047619047616,0,0,0,0,2.5806451612903225,3.870967741935484,0.2857142857142857,0.6666666666666666,0.6666666666666666,1,0,4.516129032258065,5.806451612903226,0.42857142857142855,0.7777777777777778,0.7777777777777778,1,0,7,9,0.7777777777777778,0,0
"Jericho Sims","MIL",10,73,0.56985,0.8333333333333334,4.116666666666666,0,2.7210884353741496,3.401360544217687,0.8333333333333334,0.8,0.8,0.75,0,0,0.6802721088435374,0.16666666666666666,0,0,0,0,0,0,0,0,0,0,0,0,0,0,0,0,0,0,0,0,0,0,0,0,0,0,0,0,0,0
"Julian Strawther","DEN",9,71,0.529975,0.7,7.371428571428572,25.375,3.3557046979865772,3.3557046979865772,0.16666666666666666,1,1,0.4,0,2.684563758389262,6.040268456375839,0.3,0.4444444444444444,0.5714285714285714,1,0.2222222222222222,0,0,0,0,0,0,0,0,3.3557046979865772,0.16666666666666666,0,0,0,0,1.342281879194631,7.382550335570469,0.36666666666666664,0.18181818181818182,0.18181818181818182,1,0,2,11,0.18181818181818182,0,0
"Kyle Anderson","UTA",4,69,0.5211727272727272,0.45454545454545453,5.490909090909091,0,3.4965034965034967,6.993006993006993,0.45454545454545453,0.5,0.625,0.6,0.2,3.4965034965034967,7.6923076923076925,0.5,0.45454545454545453,0.45454545454545453,0.4,0,0,0.6993006993006993,0.045454545454545456,0,0,0,0,0,0,0,0,0,0,0,0,0,0,0,0,0,0,0,0,0,0,0
"Tyler Kolek","NYK",10,67,0.5757354166666667,0.8333333333333334,4.509090909090909,25.984615384615385,3.875968992248062,5.426356589147287,0.2916666666666667,0.7142857142857143,0.8333333333333334,0.2,0.14285714285714285,1.550387596899225,2.3255813953488373,0.125,0.6666666666666666,0.6666666666666666,1,0,0,0.7751937984496124,0.041666666666666664,0,0,0,0,0,0.7751937984496124,0.041666666666666664,0,0,0,0,2.3255813953488373,9.30232558139535,0.5,0.25,0.25,0.6666666666666666,0,3,12,0.25,0,0
"Chris Youngblood","OKC",13,66,0.5300833333333334,0.9333333333333333,6.2,25.27857142857143,0,0,0,0,0,0,0,0,0.7518796992481203,0.06666666666666667,0,0,0,0,0,0,0,0,0,0,0,1.5037593984962405,3.007518796992481,0.26666666666666666,0.5,0.5,1,0,1.5037593984962405,7.518796992481203,0.6666666666666666,0.2,0.2,1,0,2,10,0.2,0,0
"Elijah Harkless","UTA",7,66,0.5420318181818181,0.8181818181818182,8.475,25.071428571428573,0.7246376811594203,1.4492753623188406,0.18181818181818182,0.5,0.5,0,0,0,0.7246376811594203,0.09090909090909091,0,0,0,0,0.7246376811594203,0.7246376811594203,0.09090909090909091,1,1,0,0,1.4492753623188406,1.4492753623188406,0.18181818181818182,1,1,1,0,0,3.6231884057971016,0.45454545454545453,0,0,0,0,0,5,0,0,0
"Xavier Tillman","BOS",8,65,0.5406388888888889,0.8333333333333334,4.64,24.95,3.2,5.6,0.3888888888888889,0.5714285714285714,0.6666666666666666,0.75,0.14285714285714285,2.4,2.4,0.16666666666666666,1,1,1,0,0,0,0,0,0,0,0,0,1.6,0.1111111111111111,0,0,0,0,1.6,4.8,0.3333333333333333,0.3333333333333333,0.3333333333333333,1,0,2,6,0.3333333333333333,0,0
"Monté Morris","IND",6,65,0.5476125,0.7,6.416666666666667,24.8875,2.898550724637681,4.3478260869565215,0.3,0.6666666666666666,0.6666666666666666,0.5,0,0,2.898550724637681,0.2,0,0,0,0.25,0.7246376811594203,1.4492753623188406,0.1,0.5,0.5,1,0,0,2.1739130434782608,0.15,0,0,0,0,1.4492753623188406,3.6231884057971016,0.25,0.4,0.4,1,0,2,5,0.4,0,0
"Devin Carter","SAC",8,65,0.491235,0.6,6.3100000000000005,26.52,0.6896551724137931,1.3793103448275863,0.1,0.5,1,0,0.5,1.3793103448275863,5.517241379310345,0.4,0.25,0.25,0,0,0,0,0,0,0,0,0,0,0,0,0,0,0,0,1.3793103448275863,6.896551724137931,0.5,0.2,0.2,1,0,2,10,0.2,0,0
"Will Riley","WAS",9,64,0.5027027777777778,0.4444444444444444,7.107142857142857,27.7,2.2900763358778624,3.053435114503817,0.2222222222222222,0.75,0.75,1,0,3.053435114503817,6.106870229007634,0.4444444444444444,0.5,0.5714285714285714,0.5,0.125,0,1.5267175572519085,0.1111111111111111,0,0,0,0,0,0,0,0,0,0,0,0.7633587786259542,3.053435114503817,0.2222222222222222,0.25,0.25,1,0,1,4,0.25,0,0
"Carter Bryant","SAS",9,62,0.5876711538461539,0.8076923076923077,5.233333333333333,25.228571428571428,4,5.6,0.2692307692307692,0.7142857142857143,0.7142857142857143,0.4,0,0,2.4,0.11538461538461539,0,0,0,0,0,1.6,0.07692307692307693,0,0,0,0,0,4,0.19230769230769232,0,0,0,0,2.4,7.2,0.34615384615384615,0.3333333333333333,0.3333333333333333,1,0,3,9,0.3333333333333333,0,0
"Thomas Bryant","CLE",9,61,0.5720478260869565,0.8695652173913043,3.6166666666666667,25.90909090909091,6.451612903225806,7.258064516129032,0.391304347826087,0.8888888888888888,1,0.625,0.1111111111111111,1.6129032258064515,1.6129032258064515,0.08695652173913043,1,1,1,0,0,0.8064516129032258,0.043478260869565216,0,0,0,0,0,0,0,0,0,0,0,0,8.870967741935484,0.4782608695652174,0,0,0,0,0,11,0,0,0
"Kobe Brown","LAC",7,60,0.5501454545454545,1,2.84,24.983333333333334,3.6036036036036037,4.504504504504505,0.45454545454545453,0.8,1,1,0.2,0,0,0,0,0,0,0,0,0,0,0,0,0,0,0,2.7027027027027026,0.2727272727272727,0,0,0,0,0.9009009009009009,2.7027027027027026,0.2727272727272727,0.3333333333333333,0.3333333333333333,1,0,1,3,0.3333333333333333,0,0
"Dalen Terry","CHI",8,59,0.6006423076923076,0.8461538461538461,2.575,24.22,1.550387596899225,4.651162790697675,0.46153846153846156,0.3333333333333333,0.4,1,0.16666666666666666,1.550387596899225,1.550387596899225,0.15384615384615385,1,1,0.5,0,0,0,0,0,0,0,0,0.7751937984496124,1.550387596899225,0.15384615384615385,0.5,0.5,1,0,0.7751937984496124,2.3255813953488373,0.23076923076923078,0.3333333333333333,0.3333333333333333,1,0,1,3,0.3333333333333333,0,0
"Tristan Vukcevic","WAS",10,59,0.5095590909090909,0.6363636363636364,8.991666666666667,26.27,1.6,3.2,0.18181818181818182,0.5,1,1,0.5,2.4,4,0.22727272727272727,0.6,0.6,1,0,1.6,2.4,0.13636363636363635,0.6666666666666666,0.6666666666666666,0.5,0,0,0,0,0,0,0,0,2.4,8,0.45454545454545453,0.3,0.3,1,0,3,10,0.3,0,0
"Aaron Holiday","HOU",7,58,0.5340194444444444,0.7777777777777778,5.771428571428571,26.1,1.7391304347826086,2.608695652173913,0.16666666666666666,0.6666666666666666,0.6666666666666666,0.5,0,2.608695652173913,3.4782608695652173,0.2222222222222222,0.75,0.75,0.6666666666666666,0,0,0,0,0,0,0,0,0.8695652173913043,1.7391304347826086,0.1111111111111111,0.5,0.5,1,0,3.4782608695652173,7.826086956521739,0.5,0.4444444444444444,0.4444444444444444,1,0,4,9,0.4444444444444444,0,0
"T.J. McConnell","IND",4,58,0.4668657142857143,0.34285714285714286,9.455172413793104,25.133333333333336,2.4193548387096775,4.838709677419355,0.17142857142857143,0.5,0.6,0,0.16666666666666666,5.645161290322581,15.32258064516129,0.5428571428571428,0.3684210526315789,0.4117647058823529,0.5714285714285714,0.10526315789473684,0.8064516129032258,3.225806451612903,0.11428571428571428,0.25,0.25,0,0,0.8064516129032258,0.8064516129032258,0.02857142857142857,1,1,1,0,0,4.032258064516129,0.14285714285714285,0,0,0,0.2,0,5,0,0,0
"Ariel Hukporti","NYK",8,56,0.6443375,0.75,2.9,0,3.361344537815126,5.042016806722689,0.75,0.6666666666666666,0.8,0.75,0.16666666666666666,0,1.680672268907563,0.25,0,0,0,0.5,0,0,0,0,0,0,0,0,0,0,0,0,0,0,0,0,0,0,0,0,0,0,0,0,0,0
"Jevon Carter","CHI",4,56,0.5596309523809524,0.9047619047619048,7.6,24.83529411764706,0,1.680672268907563,0.09523809523809523,0,0,0,0.5,0,0.8403361344537815,0.047619047619047616,0,0,0,0,0,0.8403361344537815,0.047619047619047616,0,0,0,0,4.201680672268908,6.722689075630252,0.38095238095238093,0.625,0.625,1,0,4.201680672268908,7.563025210084033,0.42857142857142855,0.5555555555555556,0.5555555555555556,0.4,0,5,9,0.5555555555555556,0,0
"Kelly Olynyk","SAS",5,56,0.5951357142857142,0.9285714285714286,2.2444444444444445,25.28,4.424778761061947,7.079646017699115,0.5714285714285714,0.625,0.8333333333333334,0.6,0.25,0.8849557522123894,0.8849557522123894,0.07142857142857142,1,1,0,0,0,0,0,0,0,0,0,1.7699115044247788,1.7699115044247788,0.14285714285714285,1,1,1,0,0,2.6548672566371683,0.21428571428571427,0,0,0,0,0,3,0,0,0
"Cody Martin","IND",4,55,0.509745,0.6,5.9799999999999995,24.94,0.8771929824561403,0.8771929824561403,0.1,1,1,1,0,0.8771929824561403,3.508771929824561,0.4,0.25,0.3333333333333333,0,0.25,0,0,0,0,0,0,0,0,1.7543859649122806,0.2,0,0,0,0,0,2.6315789473684212,0.3,0,0,0,0,0,3,0,0,0
"Bobi Klintman","DET",6,53,0.5572761904761905,0.7619047619047619,6.029999999999999,25.10909090909091,2.6548672566371683,4.424778761061947,0.23809523809523808,0.6,0.75,1,0.2,0.8849557522123894,3.5398230088495577,0.19047619047619047,0.25,0.3333333333333333,0,0.25,0,0.8849557522123894,0.047619047619047616,0,0,0,0,0,3.5398230088495577,0.19047619047619047,0,0,0,0,2.6548672566371683,6.1946902654867255,0.3333333333333333,0.42857142857142855,0.42857142857142855,1,0,3,7,0.42857142857142855,0,0
"Jalen Pickett","DEN",7,53,0.545,0.8,6.35,26.214285714285715,1.7543859649122806,4.385964912280702,0.3333333333333333,0.4,0.6666666666666666,1,0.4,0.8771929824561403,0.8771929824561403,0.06666666666666667,1,1,0,0,0.8771929824561403,1.7543859649122806,0.13333333333333333,0.5,0.5,0,0,0,0.8771929824561403,0.06666666666666667,0,0,0,0,2.6315789473684212,5.2631578947368425,0.4,0.5,0.5,1,0,3,6,0.5,0,0
"Maxi Kleber","LAL",4,50,0.57115,1,1,25.933333333333334,0,0.9803921568627451,0.25,0,0,0,1,0,0,0,0,0,0,0,0,0,0,0,0,0,0,0,0,0,0,0,0,0,1.9607843137254901,2.9411764705882355,0.75,0.6666666666666666,0.6666666666666666,1,0,2,3,0.6666666666666666,0,0
"Zach Edey","MEM",2,50,0.5830352941176471,0.5882352941176471,3.2375,24.7,3.7383177570093458,8.411214953271028,0.5294117647058824,0.4444444444444444,0.5,0.75,0.1111111111111111,2.803738317757009,6.542056074766355,0.4117647058823529,0.42857142857142855,0.42857142857142855,1,0,0,0,0,0,0,0,0,0,0,0,0,0,0,0,0,0.9345794392523364,0.058823529411764705,0,0,0,0,0,1,0,0,0
"Jordan Miller","LAC",3,49,0.52726,0.875,3.914285714285714,27.522222222222222,3.225806451612903,5.376344086021505,0.3125,0.6,0.75,0.3333333333333333,0.2,0,2.150537634408602,0.125,0,0,0,1,0,0,0,0,0,0,0,0,1.075268817204301,0.0625,0,0,0,0,5.376344086021505,8.602150537634408,0.5,0.625,0.625,1,0,5,8,0.625,0,0
"Matisse Thybulle","POR",4,49,0.6488050000000001,1,1.75,25.616666666666664,1.8018018018018018,3.6036036036036037,0.4,0.5,0.6666666666666666,0,0.25,0,0,0,0,0,0,0,0,0,0,0,0,0,0,0,0,0,0,0,0,0,3.6036036036036037,5.405405405405405,0.6,0.6666666666666666,0.6666666666666666,1,0,4,6,0.6666666666666666,0,0
"Rayan Rupert","POR",8,49,0.5713045454545455,0.9090909090909091,2.6,24.87142857142857,1.941747572815534,2.912621359223301,0.2727272727272727,0.6666666666666666,1,0.5,0.3333333333333333,0,0.970873786407767,0.09090909090909091,0,0,0,1,0,0,0,0,0,0,0,0,0.970873786407767,0.09090909090909091,0,0,0,0,0.970873786407767,5.825242718446602,0.5454545454545454,0.16666666666666666,0.16666666666666666,1,0,1,6,0.16666666666666666,0,0
"Luke Travers","CLE",6,47,0.578503125,0.8125,4.01,24.483333333333334,0.9803921568627451,6.862745098039215,0.4375,0.14285714285714285,0.2,1,0.2857142857142857,0.9803921568627451,1.9607843137254901,0.125,0.5,0.5,1,0,0,0.9803921568627451,0.0625,0,0,0,0,0,1.9607843137254901,0.125,0,0,0,0,0,3.9215686274509802,0.25,0,0,0,0,0,4,0,0,0
"Noah Penda","ORL",7,47,0.5514636363636364,0.7272727272727273,2.8,25.45,3.1914893617021276,6.382978723404255,0.5454545454545454,0.5,0.5,0.6666666666666666,0,1.0638297872340425,3.1914893617021276,0.2727272727272727,0.3333333333333333,0.3333333333333333,0,0,0,0,0,0,0,0,0,1.0638297872340425,1.0638297872340425,0.09090909090909091,1,1,1,0,1.0638297872340425,1.0638297872340425,0.09090909090909091,1,1,1,0,1,1,1,0,0
"Bismack Biyombo","SAS",6,46,0.735,1,1.6,0,1.1235955056179776,2.247191011235955,1,0.5,0.5,1,0,0,0,0,0,0,0,0,0,0,0,0,0,0,0,0,0,0,0,0,0,0,0,0,0,0,0,0,0,0,0,0,0,0
"Lindy Waters III","SAS",6,46,0.5386875,1,0,25.53333333333333,0,0,0,0,0,0,0,0,0,0,0,0,0,0,0,0,0,0,0,0,0,2.1739130434782608,4.3478260869565215,0.3333333333333333,0.5,0.5,1,0,3.260869565217391,8.695652173913043,0.6666666666666666,0.375,0.375,1,0,3,8,0.375,0,0
"Rasheer Fleming","PHX",8,46,0.5879552631578948,0.9473684210526315,2.525,24.781818181818185,3,7,0.3684210526315789,0.42857142857142855,0.42857142857142855,0.6666666666666666,0,0,1,0.05263157894736842,0,0,0,0,0,0,0,0,0,0,0,1,5,0.2631578947368421,0.2,0.2,1,0,1,6,0.3157894736842105,0.16666666666666666,0.16666666666666666,1,0,1,6,0.16666666666666666,0,0
"Ryan Nembhard","DAL",5,45,0.4516233333333333,0.4,13.154545454545454,25.775,1.0204081632653061,2.0408163265306123,0.13333333333333333,0.5,1,0,0.5,2.0408163265306123,3.061224489795918,0.2,0.6666666666666666,0.6666666666666666,0,0,4.081632653061225,6.122448979591836,0.4,0.6666666666666666,0.6666666666666666,0.5,0,0,0,0,0,0,0,0,0,4.081632653061225,0.26666666666666666,0,0,0,0,0,4,0,0,0
"Wendell Moore Jr.","DET",3,43,0.585325,0.8333333333333334,3.08,23.4,3.4482758620689653,4.597701149425287,0.6666666666666666,0.75,0.75,0.3333333333333333,0,0,1.1494252873563218,0.16666666666666666,0,0,0,1,0,0,0,0,0,0,0,0,1.1494252873563218,0.16666666666666666,0,0,0,0,0,0,0,0,0,0,0,0,0,0,0,0
"Bryce McGowens","NOP",6,43,0.5775846153846154,0.9230769230769231,2.9454545454545453,24.7,4.25531914893617,10.638297872340425,0.7692307692307693,0.4,0.5,0.75,0.2,1.0638297872340425,1.0638297872340425,0.07692307692307693,1,1,0,0,0,0,0,0,0,0,0,0,1.0638297872340425,0.07692307692307693,0,0,0,0,0,1.0638297872340425,0.07692307692307693,0,0,0,0,0,1,0,0,0
"Yang Hansen","POR",6,42,0.562278125,0.8125,4.7,26.6,6.382978723404255,8.51063829787234,0.5,0.75,0.8571428571428571,0.6666666666666666,0.125,0,1.0638297872340425,0.0625,0,0,0,1,0,2.127659574468085,0.125,0,0,0,0,0,0,0,0,0,0,0,0,5.319148936170213,0.3125,0,0,0,0,0,5,0,0,0
"Brandon Miller","CHA",2,40,0.564814,0.76,6.021428571428571,25.44545454545454,7.0588235294117645,9.411764705882353,0.32,0.75,0.75,0.6666666666666666,0,2.3529411764705883,7.0588235294117645,0.24,0.3333333333333333,0.3333333333333333,0,0,0,0,0,0,0,0,0,1.1764705882352942,3.5294117647058822,0.12,0.3333333333333333,0.3333333333333333,1,0,1.1764705882352942,9.411764705882353,0.32,0.125,0.125,1,0,1,8,0.125,0,0
"Jae'Sean Tate","HOU",7,39,0.48472272727272725,0.45454545454545453,5.7875,26.233333333333334,1.3157894736842106,2.6315789473684212,0.18181818181818182,0.5,0.5,1,0,3.9473684210526314,7.894736842105263,0.5454545454545454,0.5,0.5,0.3333333333333333,0,0,0,0,0,0,0,0,0,0,0,0,0,0,0,0,3.9473684210526314,0.2727272727272727,0,0,0,0,0,3,0,0,0
"AJ Johnson","WAS",8,38,0.5483272727272728,0.7272727272727273,3.577777777777778,25.9,1.3157894736842106,7.894736842105263,0.5454545454545454,0.16666666666666666,0.5,1,0.6666666666666666,1.3157894736842106,3.9473684210526314,0.2727272727272727,0.3333333333333333,0.3333333333333333,1,0,0,0,0,0,0,0,0,0,1.3157894736842106,0.09090909090909091,0,0,0,0,0,1.3157894736842106,0.09090909090909091,0,0,0,0,0,1,0,0,0
"Joan Beringer","MIN",9,37,0.7649454545454546,1,1.0454545454545454,0,9.30232558139535,12.790697674418604,1,0.7272727272727273,0.7272727272727273,0.875,0,0,0,0,0,0,0,0,0,0,0,0,0,0,0,0,0,0,0,0,0,0,0,0,0,0,0,0,0,0,0,0,0,0
"Leonard Miller","MIN",8,37,0.5639041666666667,0.8333333333333334,3.4857142857142853,23.419999999999998,5.747126436781609,5.747126436781609,0.4166666666666667,1,1,1,0,1.1494252873563218,2.2988505747126435,0.16666666666666666,0.5,0.5,0,0,0,0,0,0,0,0,0,0,5.747126436781609,0.4166666666666667,0,0,0,0,0,0,0,0,0,0,0,0,0,0,0,0
"Johnny Furphy","IND",3,37,0.533575,1,3.1666666666666665,25.166666666666668,1.25,3.75,0.5,0.3333333333333333,0.3333333333333333,1,0,0,0,0,0,0,0,0,0,0,0,0,0,0,0,1.25,1.25,0.16666666666666666,1,1,1,0,1.25,2.5,0.3333333333333333,0.5,0.5,1,0,1,2,0.5,0,0
"Jared McCain","PHI",4,36,0.4951944444444445,0.3333333333333333,9.314285714285715,26.35,0,1.4705882352941178,0.1111111111111111,0,0,0,0,0,5.882352941176471,0.4444444444444444,0,0,0,0.5,0,2.9411764705882355,0.2222222222222222,0,0,0,0,0,1.4705882352941178,0.1111111111111111,0,0,0,0,0,1.4705882352941178,0.1111111111111111,0,0,0,0,0,1,0,0,0
"Caleb Houstan","ATL",6,35,0.54964,0.9,3.966666666666667,24.82857142857143,1.3888888888888888,2.7777777777777777,0.2,0.5,0.5,1,0,0,1.3888888888888888,0.1,0,0,0,1,0,0,0,0,0,0,0,1.3888888888888888,2.7777777777777777,0.2,0.5,0.5,1,0,2.7777777777777777,6.944444444444445,0.5,0.4,0.4,1,0,2,5,0.4,0,0
"Nolan Traore","BKN",4,35,0.5537277777777778,0.8888888888888888,4.033333333333333,24.916666666666668,0,2.6666666666666665,0.2222222222222222,0,0,0,0,0,1.3333333333333333,0.1111111111111111,0,0,0,0,0,0,0,0,0,0,0,0,4,0.3333333333333333,0,0,0,0,2.6666666666666665,4,0.3333333333333333,0.6666666666666666,0.6666666666666666,1,0,2,3,0.6666666666666666,0,0
"Jonathan Mogbo","TOR",7,35,0.5469666666666667,0.6666666666666666,3.35,0,2.5974025974025974,5.194805194805195,0.6666666666666666,0.5,0.6666666666666666,0.5,0.25,1.2987012987012987,2.5974025974025974,0.3333333333333333,0.5,0.5,1,0,0,0,0,0,0,0,0,0,0,0,0,0,0,0,0,0,0,0,0,0,0,0,0,0,0,0
"Khaman Maluach","PHX",7,35,0.6485000000000001,1,1.375,25.433333333333334,3.8461538461538463,5.128205128205129,0.5714285714285714,0.75,1,1,0.25,0,0,0,0,0,0,0,0,0,0,0,0,0,0,0,1.2820512820512822,0.14285714285714285,0,0,0,0,0,2.5641025641025643,0.2857142857142857,0,0,0,0,0,2,0,0,0
"Malaki Branham","WAS",5,34,0.5455863636363637,0.7272727272727273,4.966666666666667,26.139999999999997,4.545454545454546,4.545454545454546,0.2727272727272727,1,1,0.3333333333333333,0,3.0303030303030303,4.545454545454546,0.2727272727272727,0.6666666666666666,1,1,0.3333333333333333,0,0,0,0,0,0,0,0,1.5151515151515151,0.09090909090909091,0,0,0,0,1.5151515151515151,6.0606060606060606,0.36363636363636365,0.25,0.25,1,0,1,4,0.25,0,0
"Mac McClung","IND",3,34,0.5676852941176471,0.8333333333333334,4.0875,27.869999999999997,5.47945205479452,6.8493150684931505,0.2777777777777778,0.8,0.8,0.75,0,1.36986301369863,4.109589041095891,0.16666666666666666,0.3333333333333333,0.5,1,0.3333333333333333,0,0,0,0,0,0,0,0,1.36986301369863,0.05555555555555555,0,0,0,0,2.73972602739726,12.32876712328767,0.5,0.2222222222222222,0.2222222222222222,0.5,0,2,9,0.2222222222222222,0,0
"Dylan Cardwell","SAC",3,33,0.5120416666666666,0.6666666666666666,3.5200000000000005,23.8,2.9411764705882355,4.411764705882353,0.5,0.6666666666666666,0.6666666666666666,1,0,0,2.9411764705882355,0.3333333333333333,0,0,0,1,0,0,0,0,0,0,0,0,1.4705882352941178,0.16666666666666666,0,0,0,0,0,0,0,0,0,0,0,0,0,0,0,0
"Charles Bassey","MEM",2,31,0.556,0.5,4.35,0,4.477611940298507,5.970149253731344,0.5,0.75,0.75,0.6666666666666666,0,0,5.970149253731344,0.5,0,0,0,0.25,0,0,0,0,0,0,0,0,0,0,0,0,0,0,0,0,0,0,0,0,0,0,0,0,0,0
"Coby White","CHI",1,30,0.45604285714285714,0.5714285714285714,9.75,25.9,0,0,0,0,0,0,0,3.125,7.8125,0.35714285714285715,0.4,0.4,0,0,0,1.5625,0.07142857142857142,0,0,0,0,1.5625,1.5625,0.07142857142857142,1,1,1,0,3.125,10.9375,0.5,0.2857142857142857,0.2857142857142857,1,0,2,7,0.2857142857142857,0,0
"Mason Plumlee","CHA",6,30,0.73765,1,1.8,0,3.1746031746031744,3.1746031746031744,1,1,1,1,0,0,0,0,0,0,0,0,0,0,0,0,0,0,0,0,0,0,0,0,0,0,0,0,0,0,0,0,0,0,0,0,0,0
"Jalen Green","PHX",2,30,0.5445739130434782,0.8260869565217391,7.199999999999999,25.900000000000002,3.225806451612903,8.064516129032258,0.21739130434782608,0.4,0.4,0,0,0,1.6129032258064515,0.043478260869565216,0,0,0,0,4.838709677419355,4.838709677419355,0.13043478260869565,1,1,0,0,3.225806451612903,3.225806451612903,0.08695652173913043,1,1,1,0,6.451612903225806,19.35483870967742,0.5217391304347826,0.3333333333333333,0.3333333333333333,1,0,4,12,0.3333333333333333,0,0
"Jase Richardson","ORL",7,30,0.49356,1,3.3,23.599999999999998,1.639344262295082,3.278688524590164,0.4,0.5,0.5,1,0,0,0,0,0,0,0,0,0,0,0,0,0,0,0,0,1.639344262295082,0.2,0,0,0,0,0,3.278688524590164,0.4,0,0,0,0,0,2,0,0,0
"LeBron James","LAL",1,30,0.5671357142857143,0.7142857142857143,5.925,26.566666666666666,1.5873015873015872,3.1746031746031744,0.2857142857142857,0.5,0.5,1,0,0,1.5873015873015872,0.14285714285714285,0,0,0,0,1.5873015873015872,1.5873015873015872,0.14285714285714285,1,1,1,0,0,0,0,0,0,0,0,3.1746031746031744,4.761904761904762,0.42857142857142855,0.6666666666666666,0.6666666666666666,1,0,2,3,0.6666666666666666,0,0
"GG Jackson","MEM",6,28,0.5240642857142858,0.7857142857142857,4.2,25.849999999999998,4.6875,7.8125,0.35714285714285715,0.6,0.6,0.6666666666666666,0,1.5625,4.6875,0.21428571428571427,0.3333333333333333,0.5,1,0.3333333333333333,0,0,0,0,0,0,0,0,3.125,0.14285714285714285,0,0,0,0,0,6.25,0.2857142857142857,0,0,0,0,0,4,0,0,0
"Dario Šarić","SAC",3,28,0.5351899999999999,0.8,6.466666666666666,22.9,0,3.5714285714285716,0.4,0,0,0,0,0,0,0,0,0,0,0,0,1.7857142857142858,0.2,0,0,0,1,1.7857142857142858,3.5714285714285716,0.4,0.5,0.5,1,0,0,0,0,0,0,0,0,0,0,0,0,0
"PJ Hall","MEM",7,27,0.5086388888888889,0.7777777777777778,4.233333333333333,25.599999999999998,4.918032786885246,6.557377049180328,0.4444444444444444,0.75,1,1,0.25,1.639344262295082,3.278688524590164,0.2222222222222222,0.5,0.5,1,0,0,0,0,0,0,0,0,0,1.639344262295082,0.1111111111111111,0,0,0,0,1.639344262295082,3.278688524590164,0.2222222222222222,0.5,0.5,1,0,1,2,0.5,0,0
"Tyson Etienne","BKN",5,25,0.5105863636363637,0.9090909090909091,20.7,26.18,0,0,0,0,0,0,0,0,0,0,0,0,0,0,0,2,0.09090909090909091,0,0,0,0,0,2,0.09090909090909091,0,0,0,0,4,18,0.8181818181818182,0.2222222222222222,0.2222222222222222,1,0,2,9,0.2222222222222222,0,0
"E.J. Liddell","BKN",5,25,0.49072272727272725,0.8181818181818182,5.466666666666666,25.8625,2,2,0.09090909090909091,1,1,0,0,2,4,0.18181818181818182,0.5,1,1,0.5,0,0,0,0,0,0,0,2,4,0.18181818181818182,0.5,0.5,1,0,2,12,0.5454545454545454,0.16666666666666666,0.16666666666666666,1,0,1,6,0.16666666666666666,0,0
"Keshad Johnson","MIA",5,24,0.5302535714285714,0.7142857142857143,5.3999999999999995,24.557142857142857,1.7543859649122806,5.2631578947368425,0.21428571428571427,0.3333333333333333,0.3333333333333333,0,0,0,5.2631578947368425,0.21428571428571427,0,0,0,0.3333333333333333,1.7543859649122806,1.7543859649122806,0.07142857142857142,1,1,0,0,0,5.2631578947368425,0.21428571428571427,0,0,0,0,1.7543859649122806,7.017543859649122,0.2857142857142857,0.25,0.25,1,0,1,4,0.25,0,0
"JD Davison","HOU",5,24,0.4867642857142857,0.875,6.45,26.616666666666664,2.3255813953488373,2.3255813953488373,0.125,1,1,1,0,0,2.3255813953488373,0.125,0,0,0,0,0,0,0,0,0,0,0,0,2.3255813953488373,0.125,0,0,0,0,6.976744186046512,11.627906976744185,0.625,0.6,0.6,1,0,3,5,0.6,0,0
"DeAndre Jordan","NOP",2,23,0.65698,0.8,1.3599999999999999,0,9.523809523809524,9.523809523809524,0.8,1,1,0.5,0,0,2.380952380952381,0.2,0,0,0,1,0,0,0,0,0,0,0,0,0,0,0,0,0,0,0,0,0,0,0,0,0,0,0,0,0,0
"Joe Ingles","MIN",5,23,0.503175,1,0,27.35,0,0,0,0,0,0,0,0,0,0,0,0,0,0,0,0,0,0,0,0,0,0,0,0,0,0,0,0,0,3.7735849056603774,1,0,0,0,0,0,2,0,0,0
"Yanic Konan Niederhäuser","LAC",5,22,0.592075,0.75,3.075,0,13.953488372093023,13.953488372093023,0.75,1,1,0.8333333333333334,0,2.3255813953488373,4.651162790697675,0.25,0.5,0.5,1,0,0,0,0,0,0,0,0,0,0,0,0,0,0,0,0,0,0,0,0,0,0,0,0,0,0,0
"Tolu Smith","DET",2,22,0.56775,0.75,2.7875,0,10.638297872340425,12.76595744680851,0.75,0.8333333333333334,1,0.8,0.16666666666666666,2.127659574468085,4.25531914893617,0.25,0.5,0.5,0,0,0,0,0,0,0,0,0,0,0,0,0,0,0,0,0,0,0,0,0,0,0,0,0,0,0,0
"Andre Jackson Jr.","MIL",6,22,0.40335,0.5,22,26,0,0,0,0,0,0,0,0,0,0,0,0,0,0,0,2.1739130434782608,0.5,0,0,0,0,0,0,0,0,0,0,0,0,2.1739130434782608,0.5,0,0,0,0,0,1,0,0,0
"Eric Gordon","PHI",3,21,0.55885,1,2.6,27.6,2.2222222222222223,2.2222222222222223,0.2,1,1,1,0,0,0,0,0,0,0,0,0,0,0,0,0,0,0,0,0,0,0,0,0,0,4.444444444444445,8.88888888888889,0.8,0.5,0.5,1,0,2,4,0.5,0,0
"Zeke Nnaji","DEN",6,21,0.5545357142857142,1,2.2666666666666666,25.6,6.666666666666667,6.666666666666667,0.42857142857142855,1,1,0.6666666666666666,0,0,0,0,0,0,0,0,0,0,0,0,0,0,0,0,0,0,0,0,0,0,2.2222222222222223,8.88888888888889,0.5714285714285714,0.25,0.25,1,0,1,4,0.25,0,0
"Mark Sears","MIL",5,21,0.4998166666666667,0.6666666666666666,8.425,26.02,2.380952380952381,2.380952380952381,0.1111111111111111,1,1,0,0,2.380952380952381,7.142857142857143,0.3333333333333333,0.3333333333333333,0.3333333333333333,0,0,0,0,0,0,0,0,0,0,0,0,0,0,0,0,7.142857142857143,11.904761904761905,0.5555555555555556,0.6,0.6,0.6666666666666666,0,3,5,0.6,0,0
"Paul George","PHI",1,21,0.5026166666666667,0.5555555555555556,8.26,25.525,2.4390243902439024,2.4390243902439024,0.1111111111111111,1,1,0,0,0,9.75609756097561,0.4444444444444444,0,0,0,0.25,0,0,0,0,0,0,0,0,2.4390243902439024,0.1111111111111111,0,0,0,0,2.4390243902439024,7.317073170731708,0.3333333333333333,0.3333333333333333,0.3333333333333333,1,0,1,3,0.3333333333333333,0,0
"Antonio Reeves","CHA",2,21,0.5393416666666667,1,3.4,24.46,0,2.4390243902439024,0.16666666666666666,0,0,0,0,0,0,0,0,0,0,0,0,0,0,0,0,0,0,4.878048780487805,7.317073170731708,0.5,0.6666666666666666,0.6666666666666666,1,0,2.4390243902439024,4.878048780487805,0.3333333333333333,0.5,0.5,1,0,1,2,0.5,0,0
"Jamir Watkins","WAS",3,21,0.6434625,1,1.8,23.8,6.666666666666667,6.666666666666667,0.75,1,1,0.6666666666666666,0,0,0,0,0,0,0,0,0,0,0,0,0,0,0,0,2.2222222222222223,0.25,0,0,0,0,0,0,0,0,0,0,0,0,0,0,0,0
"Jeff Green","HOU",5,21,0.52585,1,0,24.983333333333334,0,0,0,0,0,0,0,0,0,0,0,0,0,0,0,0,0,0,0,0,0,5.2631578947368425,5.2631578947368425,0.3333333333333333,1,1,1,0,5.2631578947368425,10.526315789473685,0.6666666666666666,0.5,0.5,1,0,2,4,0.5,0,0
"Johnny Juzang","MIN",7,21,0.4802333333333333,0.7777777777777778,14.6,24.842857142857145,0,0,0,0,0,0,0,0,2.1739130434782608,0.1111111111111111,0,0,0,0,2.1739130434782608,2.1739130434782608,0.1111111111111111,1,1,0,0,2.1739130434782608,6.521739130434782,0.3333333333333333,0.3333333333333333,0.3333333333333333,1,0,2.1739130434782608,8.695652173913043,0.4444444444444444,0.25,0.25,1,0,1,4,0.25,0,0
"James Wiseman","IND",1,20,0.5705333333333333,0.6666666666666666,3.1333333333333333,0,4.878048780487805,4.878048780487805,0.6666666666666666,1,1,0.5,0,0,2.4390243902439024,0.3333333333333333,0,0,0,0,0,0,0,0,0,0,0,0,0,0,0,0,0,0,0,0,0,0,0,0,0,0,0,0,0,0
"Isaac Jones","DET",4,18,0.570625,1,1.45,26.05,5.714285714285714,5.714285714285714,0.5,1,1,0.5,0,0,0,0,0,0,0,0,0,0,0,0,0,0,0,0,2.857142857142857,0.25,0,0,0,0,0,2.857142857142857,0.25,0,0,0,0,0,1,0,0,0
"David Jones Garcia","SAS",4,18,0.6161875,0.625,4,0,7.6923076923076925,12.820512820512821,0.625,0.6,0.6,0,0,5.128205128205129,7.6923076923076925,0.375,0.6666666666666666,0.6666666666666666,0,0,0,0,0,0,0,0,0,0,0,0,0,0,0,0,0,0,0,0,0,0,0,0,0,0,0,0
"Hunter Tyson","DEN",5,17,0.5095428571428572,0.8571428571428571,7.633333333333333,25.025,0,5.405405405405405,0.2857142857142857,0,0,0,1,0,0,0,0,0,0,0,0,2.7027027027027026,0.14285714285714285,0,0,0,1,0,2.7027027027027026,0.14285714285714285,0,0,0,0,0,8.108108108108109,0.42857142857142855,0,0,0,0,0,3,0,0,0
"Mohamed Diawara","NYK",7,16,0.5268625,0.5,14.9,25.6,2.857142857142857,2.857142857142857,0.25,1,1,1,0,0,0,0,0,0,0,0,2.857142857142857,5.714285714285714,0.5,0.5,0.5,1,0,0,0,0,0,0,0,0,2.857142857142857,2.857142857142857,0.25,1,1,1,0,1,1,1,0,0
"Drew Peterson","CHA",1,16,0.5311166666666667,1,2.7,24.85,0,3.0303030303030303,0.3333333333333333,0,0,0,0,0,0,0,0,0,0,0,0,0,0,0,0,0,0,0,3.0303030303030303,0.3333333333333333,0,0,0,0,0,3.0303030303030303,0.3333333333333333,0,0,0,0,0,1,0,0,0
"Jahmyl Telfort","LAC",3,16,0.5454,1,0,24,0,0,0,0,0,0,0,0,0,0,0,0,0,0,0,0,0,0,0,0,0,0,3.225806451612903,0.5,0,0,0,0,0,3.225806451612903,0.5,0,0,0,0,0,1,0,0,0
"Ron Harper Jr.","BOS",3,15,0.5259857142857143,1,1.7,26.46666666666667,3.3333333333333335,3.3333333333333335,0.14285714285714285,1,1,1,0,0,0,0,0,0,0,0,0,0,0,0,0,0,0,0,3.3333333333333335,0.14285714285714285,0,0,0,0,6.666666666666667,16.666666666666668,0.7142857142857143,0.4,0.4,1,0,2,5,0.4,0,0
"N'Faly Dante","ATL",4,15,0.53525,0.5,4.25,0,3.3333333333333335,6.666666666666667,0.5,0.5,0.5,1,0,0,6.666666666666667,0.5,0,0,0,0,0,0,0,0,0,0,0,0,0,0,0,0,0,0,0,0,0,0,0,0,0,0,0,0,0,0
"Pacôme Dadiet","NYK",5,14,0.520275,0.5,14.266666666666666,25.7,3.3333333333333335,3.3333333333333335,0.25,1,1,1,0,0,0,0,0,0,0,0,0,6.666666666666667,0.5,0,0,0,0,0,0,0,0,0,0,0,0,3.3333333333333335,0.25,0,0,0,0,0,1,0,0,0
"Daeqwon Plowden","SAC",1,14,0.58175,0.8,2.85,24.46666666666667,3.5714285714285716,3.5714285714285716,0.2,1,1,0,0,0,3.5714285714285716,0.2,0,0,0,1,0,0,0,0,0,0,0,0,7.142857142857143,0.4,0,0,0,0,0,3.5714285714285716,0.2,0,0,0,0,0,1,0,0,0
"Anthony Gill","WAS",5,13,0.5405625,0.75,4.066666666666666,23.4,3.5714285714285716,7.142857142857143,0.5,0.5,1,1,0.5,3.5714285714285716,3.5714285714285716,0.25,1,1,0,0,0,0,0,0,0,0,0,3.5714285714285716,3.5714285714285716,0.25,1,1,1,0,0,0,0,0,0,0,0,0,0,0,0,0
"Miles Kelly","DAL",2,11,0.464975,0.5,7.5,22.8,0,0,0,0,0,0,0,3.225806451612903,3.225806451612903,0.5,1,1,1,0,0,0,0,0,0,0,0,0,3.225806451612903,0.5,0,0,0,0,0,0,0,0,0,0,0,0,0,0,0,0
"Harrison Ingram","SAS",3,11,0.54015,0.6666666666666666,4.35,26,4,4,0.3333333333333333,1,1,0,0,0,4,0.3333333333333333,0,0,0,0,0,0,0,0,0,0,0,0,0,0,0,0,0,0,4,4,0.3333333333333333,1,1,1,0,1,1,1,0,0
"Jahmir Young","MIA",2,10,0.5428499999999999,0.6666666666666666,3.75,24.4,0,4,0.3333333333333333,0,0,0,1,4,4,0.3333333333333333,1,1,0,0,0,0,0,0,0,0,0,0,0,0,0,0,0,0,0,4,0.3333333333333333,0,0,0,0,0,1,0,0,0
"Kevin Porter Jr.","MIL",1,9,0.59938,0.8,9.15,25.599999999999998,4.761904761904762,4.761904761904762,0.2,1,1,0,0,0,0,0,0,0,0,0,0,4.761904761904762,0.2,0,0,0,0,0,4.761904761904762,0.2,0,0,0,0,9.523809523809524,9.523809523809524,0.4,1,1,1,0,2,2,1,0,0
"Jacob Toppin","ATL",3,9,0.5481,0.5,5.9,0,11.11111111111111,11.11111111111111,0.5,1,1,0.5,0,5.555555555555555,11.11111111111111,0.5,0.5,0.5,0,0,0,0,0,0,0,0,0,0,0,0,0,0,0,0,0,0,0,0,0,0,0,0,0,0,0,0
"Thanasis Antetokounmpo","MIL",4,9,0.5967,1,2.3,0,5.555555555555555,11.11111111111111,1,0.5,0.5,1,0,0,0,0,0,0,0,0,0,0,0,0,0,0,0,0,0,0,0,0,0,0,0,0,0,0,0,0,0,0,0,0,0,0
"Riley Minix","SAS",3,8,0.658375,1,0.7000000000000001,25.633333333333336,15,15,0.5,1,1,0.3333333333333333,0,0,0,0,0,0,0,0,0,0,0,0,0,0,0,5,5,0.16666666666666666,1,1,1,0,0,10,0.3333333333333333,0,0,0,0,0,2,0,0,0
"Adou Thiero","LAL",2,8,0.6784,1,2.35,0,11.764705882352942,11.764705882352942,1,1,1,1,0,0,0,0,0,0,0,0,0,0,0,0,0,0,0,0,0,0,0,0,0,0,0,0,0,0,0,0,0,0,0,0,0,0
"Doug McDermott","SAC",1,8,0.5106499999999999,1,0,25.96666666666667,0,0,0,0,0,0,0,0,0,0,0,0,0,0,0,0,0,0,0,0,0,10.526315789473685,10.526315789473685,0.6666666666666666,1,1,1,0,0,5.2631578947368425,0.3333333333333333,0,0,0,0,0,1,0,0,0
"Trey Jemison III","NYK",1,8,0,0,0,0,0,0,0,0,0,0,0,0,0,0,0,0,0,0,0,0,0,0,0,0,0,0,0,0,0,0,0,0,0,0,0,0,0,0,0,0,0,0,0,0
"Danny Wolf","BKN",3,8,0.7035,1,1.8,0,0,6.25,1,0,0,0,0,0,0,0,0,0,0,0,0,0,0,0,0,0,0,0,0,0,0,0,0,0,0,0,0,0,0,0,0,0,0,0,0,0
"Chris Mañon","LAL",2,7,0.57405,1,0,24.8,0,0,0,0,0,0,0,0,0,0,0,0,0,0,0,0,0,0,0,0,0,0,0,0,0,0,0,0,0,8.333333333333334,1,0,0,0,0,0,1,0,0,0
"Amari Williams","BOS",2,7,0.4184,0,5.5,0,0,0,0,0,0,0,0,7.142857142857143,14.285714285714286,1,0.5,1,1,0.5,0,0,0,0,0,0,0,0,0,0,0,0,0,0,0,0,0,0,0,0,0,0,0,0,0,0
"Colby Jones","DET",1,7,0.4800333333333333,0.6666666666666666,4.5,23.05,0,0,0,0,0,0,0,7.142857142857143,7.142857142857143,0.3333333333333333,1,1,0,0,0,0,0,0,0,0,0,0,14.285714285714286,0.6666666666666666,0,0,0,0,0,0,0,0,0,0,0,0,0,0,0,0
"Hunter Sallis","PHI",3,7,0.4037,0,8.6,0,0,0,0,0,0,0,0,6.666666666666667,6.666666666666667,1,1,1,0,0,0,0,0,0,0,0,0,0,0,0,0,0,0,0,0,0,0,0,0,0,0,0,0,0,0,0
"Christian Koloko","LAL",2,6,0,0,0,0,0,0,0,0,0,0,0,0,0,0,0,0,0,0,0,0,0,0,0,0,0,0,0,0,0,0,0,0,0,0,0,0,0,0,0,0,0,0,0,0
"Garrett Temple","TOR",2,6,0.4713,1,0,25,0,0,0,0,0,0,0,0,0,0,0,0,0,0,0,0,0,0,0,0,0,0,0,0,0,0,0,0,0,7.142857142857143,1,0,0,0,1,0,1,0,0,0
"Johni Broome","PHI",2,6,0.48017000000000004,0.4,4.15,23.9,7.6923076923076925,7.6923076923076925,0.2,1,1,0,0,7.6923076923076925,23.076923076923077,0.6,0.3333333333333333,0.3333333333333333,1,0,0,0,0,0,0,0,0,0,7.6923076923076925,0.2,0,0,0,0,0,0,0,0,0,0,0,0,0,0,0,0
"Hunter Dickinson","NOP",1,5,0.43405,0,12.8,0,0,0,0,0,0,0,0,10,20,1,0.5,0.5,1,0,0,0,0,0,0,0,0,0,0,0,0,0,0,0,0,0,0,0,0,0,0,0,0,0,0,0
"DaRon Holmes II","DEN",2,4,0.56865,1,0,24.1,0,0,0,0,0,0,0,0,0,0,0,0,0,0,0,0,0,0,0,0,0,11.11111111111111,11.11111111111111,1,1,1,1,0,0,0,0,0,0,0,0,0,0,0,0,0
"Pete Nance","MIL",1,4,0.5120199999999999,0.8,4.55,25.166666666666668,11.11111111111111,11.11111111111111,0.2,1,1,1,0,11.11111111111111,11.11111111111111,0.2,1,1,1,0,0,0,0,0,0,0,0,0,0,0,0,0,0,0,22.22222222222222,33.333333333333336,0.6,0.6666666666666666,0.6666666666666666,1,0,2,3,0.6666666666666666,0,0
"Koby Brea","PHX",1,4,0.6307,1,1.3,26.8,10,10,0.5,1,1,0,0,0,0,0,0,0,0,0,0,0,0,0,0,0,0,0,0,0,0,0,0,0,0,10,0.5,0,0,0,0,0,1,0,0,0
"Sharife Cooper","WAS",2,4,0,0,0,0,0,0,0,0,0,0,0,0,0,0,0,0,0,0,0,0,0,0,0,0,0,0,0,0,0,0,0,0,0,0,0,0,0,0,0,0,0,0,0,0
"Jamaree Bouyea","PHX",1,3,0.435725,0.5,22.8,24.7,0,0,0,0,0,0,0,0,0,0,0,0,0,0,0,12.5,0.5,0,0,0,0,0,0,0,0,0,0,0,12.5,12.5,0.5,1,1,0,0,1,1,1,0,0
"Kyle Lowry","PHI",1,3,0.5628,1,0,24.2,0,0,0,0,0,0,0,0,0,0,0,0,0,0,0,0,0,0,0,0,0,12.5,12.5,1,1,1,1,0,0,0,0,0,0,0,0,0,0,0,0,0
"Myron Gardner","MIA",1,3,0.5043,1,0,25,0,0,0,0,0,0,0,0,0,0,0,0,0,0,0,0,0,0,0,0,0,0,0,0,0,0,0,0,12.5,12.5,1,1,1,1,0,1,1,1,0,0
"Orlando Robinson","ORL",1,2,0,0,0,0,0,0,0,0,0,0,0,0,0,0,0,0,0,0,0,0,0,0,0,0,0,0,0,0,0,0,0,0,0,0,0,0,0,0,0,0,0,0,0,0
"Jamal Cain","ORL",2,1,0,0,0,0,0,0,0,0,0,0,0,0,0,0,0,0,0,0,0,0,0,0,0,0,0,0,0,0,0,0,0,0,0,0,0,0,0,0,0,0,0,0,0,0