"Name","TeamAbbreviation","GamesPlayed","Minutes","PlusMinus","OnOffRtg","OnDefRtg","FirstChancePoints","ThreePtOffReboundedPct","AtRimOffReboundedPct","ShortMidRangeOffReboundedPct","LongMidRangeOffReboundedPct","Blocks","Blocked2s","Blocked3s","BlockedAtRim","BlockedShortMidRange","BlockedLongMidRange","BlockedCorner3","BlockedArc3","RecoveredBlocks","BlocksRecoveredPct","Steals","LostBallSteals","BadPassSteals","DefensiveGoaltends"
"Mikal Bridges","NYK",82,3036,6.01105462306441,120.55829228243022,114.5472376593658,21.001642036124796,0.23655913978494625,0.375,0.3508771929824561,0.29508196721311475,0.7028440666884603,0.6047728015691403,0.09807126511932004,0.42497548218372017,0.17979731938542007,0,0.032690421706440015,0.06538084341288003,0.44132069303694016,0.627906976744186,1.2258908139915006,20,55,0.016345210853220007
"Josh Hart","NYK",77,2897,3.9436788099739744,120.01725625539257,116.0735774454186,15.703192407247627,0.21935483870967742,0.43,0.2535211267605634,0.21739130434782608,0.46415678184631254,0.4469657899260787,0.017190991920233798,0.24067388688327315,0.20629190304280556,0,0,0.017190991920233798,0.24067388688327315,0.5185185185185185,2.045728038507822,48,71,0
"Anthony Edwards","MIN",79,2871,4.761413681268422,117.80113734275375,113.03972366148533,34.447699465793555,0.23655913978494625,0.3643410852713178,0.26582278481012656,0.2037037037037037,0.8808290155440415,0.8117443868739206,0.0690846286701209,0.41450777202072536,0.3454231433506045,0.05181347150259067,0.03454231433506045,0.03454231433506045,0.5181347150259067,0.5882352941176471,1.5716753022452505,39,52,0.017271157167530225
"Devin Booker","PHX",75,2795,-3.6600297955869223,117.11711711711712,120.77714691270404,31.24889595477831,0.21487603305785125,0.43548387096774194,0.3037383177570093,0.26495726495726496,0.28388928317955997,0.248403122782115,0.035486160397444996,0.14194464158977999,0.10645848119233499,0,0,0.035486160397444996,0.177430801987225,0.625,1.1887863733144073,28,39,0.017743080198722498
"James Harden","LAC",79,2789,5.870394755019319,116.76952918356551,110.89913442854619,29.642038441192028,0.2632850241545894,0.3950617283950617,0.3640776699029126,0.25,0.9715597950892069,0.724253665430136,0.24730612965907084,0.24730612965907084,0.4592828122239887,0.01766472354707649,0.1413177883766119,0.10598834128245893,0.5476064299593711,0.5636363636363636,2.0844373785550254,43,75,0
"DeMar DeRozan","SAC",77,2768,1.0940585111413696,118.70019479369577,117.6061362825544,27.855498494775986,0.3018867924528302,0.5,0.33495145631067963,0.29056603773584905,0.5708169818052087,0.5708169818052087,0,0.1962183374955405,0.3389225829468427,0.03567606136282554,0,0,0.41027470567249374,0.71875,1.1059579022475918,23,39,0
"Trae Young","ATL",76,2739,0.2640400057261587,117.59918616480164,117.33514615907545,28.501186842997626,0.28888888888888886,0.39805825242718446,0.3023255813953488,0.41935483870967744,0.20394289598912305,0.13596193065941536,0.06798096532970768,0.0849762066621346,0.05098572399728076,0,0.01699524133242692,0.05098572399728076,0.11896668932698844,0.5833333333333334,1.5465669612508497,40,51,0
"Tyler Herro","MIA",77,2725,1.2433110605986997,115.70202665692896,114.45871559633028,30.691984663136754,0.21921182266009853,0.38961038961038963,0.2784090909090909,0.19607843137254902,0.3119266055045872,0.27522935779816515,0.03669724770642202,0.22018348623853212,0.03669724770642202,0.01834862385321101,0,0.03669724770642202,0.1834862385321101,0.5882352941176471,1.2660550458715596,19,50,0.03669724770642202
"OG Anunoby","NYK",74,2706,5.512377003182763,119.72688687949807,114.2145098763153,21.922863997047425,0.28113879003558717,0.4318181818181818,0.40298507462686567,0.26666666666666666,1.199926158390253,0.904559719401883,0.29536643898836995,0.5168912682296474,0.3507476462986893,0.036920804873546244,0.11076241462063872,0.1846040243677312,0.7753369023444711,0.6461538461538462,2.030644268045043,43,67,0
"Jalen Green","HOU",82,2697,2.289757198350884,115.7751586582049,113.48540145985402,28.794197642792383,0.3482587064676617,0.4426229508196721,0.42857142857142855,0.23846153846153847,0.4927007299270073,0.4744525547445255,0.01824817518248175,0.12773722627737227,0.3284671532846715,0.01824817518248175,0.01824817518248175,0,0.38321167883211676,0.7777777777777778,1.2956204379562044,27,44,0.0364963503649635
"Christian Braun","DEN",79,2675,9.08613398226278,125.40344514959203,116.31731116732924,20.163191296464188,0.21212121212121213,0.44166666666666665,0.38571428571428573,0.2777777777777778,0.6685941452837008,0.6143838091796169,0.054210336104083844,0.2529815684857246,0.30719190458980844,0.054210336104083844,0,0.054210336104083844,0.46982291290206,0.7027027027027027,1.5359595229490424,28,57,0.018070112034694615
"Bam Adebayo","MIA",78,2674,0.4667817894902697,113.26164874551972,112.79486695602944,23.24089794378419,0.20610687022900764,0.2875,0.22021660649819494,0.2054794520547945,1.000188714851859,0.9813172296659747,0.018871485185884128,0.47178712964710323,0.4529156444612191,0.05661445555765239,0,0.018871485185884128,0.6605019815059445,0.660377358490566,1.8494055482166447,30,68,0.22645782223060956
"Ivica Zubac","LAC",80,2624,9.409815616495052,118.2605421686747,108.85072655217965,19.59713855421687,0,0.4357142857142857,0.21,0.25,1.6984336667295716,1.6418192111719192,0.05661445555765239,0.8680883185506699,0.7548594074353652,0.018871485185884128,0.018871485185884128,0.037742970371768256,1.0945461407812795,0.6444444444444445,1.037931685223627,21,34,0.05661445555765239
"Jayson Tatum","BOS",72,2624,9.400753570865746,121.15094339622641,111.75018982536066,33.679245283018865,0.25272331154684097,0.358695652173913,0.2890625,0.26,0.721336370539104,0.5694760820045558,0.15186028853454822,0.360668185269552,0.2088078967350038,0,0,0.15186028853454822,0.45558086560364464,0.631578947368421,1.442672741078208,32,44,0.037965072133637055
"Jaden McDaniels","MIN",82,2614,3.951776100740261,115.94341426113553,111.9916381603953,16.325750334544065,0.2828282828282828,0.5277777777777778,0.37037037037037035,0.20833333333333334,1.4063093880653743,1.3112884834663625,0.09502090459901179,0.8361839604713037,0.4751045229950589,0,0.03800836183960471,0.05701254275940707,0.798175598631699,0.5675675675675675,2.090459901178259,39,71,0.13302926643861648
"Keegan Murray","SAC",76,2610,1.1036194784171158,117.07362885048835,115.97000937207123,15.5709992486852,0.18815331010452963,0.4,0.3010752688172043,0.15625,1.2933458294283036,1.2371134020618557,0.056232427366447985,0.5435801312089972,0.6560449859418932,0.03748828491096532,0,0.056232427366447985,0.7685098406747891,0.5942028985507246,1.1433926897844424,21,40,0.07497656982193064
"Zach LaVine","SAC",74,2603,-1.3185307805755713,117.42915354695313,118.74768432752872,29.50546397481015,0.1916376306620209,0.35514018691588783,0.2676056338028169,0.23275862068965517,0.2223045572434235,0.16672841793256762,0.05557613931085587,0.037050759540570584,0.12967765839199705,0,0,0.05557613931085587,0.09262689885142646,0.4166666666666667,1.0744720266765468,17,41,0
"Shai Gilgeous-Alexander","OKC",76,2598,16.098062749942315,124.0580775592722,107.96001480932988,41.33431354530417,0.2868217054263566,0.35772357723577236,0.2835820895522388,0.18333333333333332,1.4253980007404665,1.3328396890040726,0.09255831173639392,0.5923731951129212,0.684931506849315,0.055534987041836355,0.055534987041836355,0.037023324694557574,0.7960014809329878,0.5584415584415584,2.425027767493521,59,72,0
"Michael Porter Jr.","DEN",77,2593,4.979568018045214,122.62991246042094,117.65034444237573,21.773142112125164,0.20701754385964913,0.4,0.2602739726027397,0.1891891891891892,0.7075032582386892,0.6516477378514243,0.05585552038726494,0.24204058834481473,0.3723701359150996,0.03723701359150996,0,0.05585552038726494,0.44684416309811953,0.631578947368421,0.930925339787749,15,35,0.0930925339787749
"Derrick White","BOS",76,2574,10.02275727051989,121.6456921587609,111.622934888241,21.839303000968055,0.23933649289099526,0.4827586206896552,0.2037037037037037,0.375,1.554907677356657,1.379980563654033,0.1749271137026239,0.5830903790087464,0.7191448007774538,0.07774538386783285,0.038872691933916424,0.1360544217687075,1.0689990281827018,0.6875,1.3994169096209912,32,40,0
"Dyson Daniels","ATL",76,2571,-0.7209756526071658,115.5055768879137,116.22655254052086,17.297494971658438,0.23076923076923078,0.4392523364485981,0.4175257731958763,0.42857142857142855,1.0016390457111637,0.9287925696594427,0.072846476051721,0.4735020943361865,0.4188672372973957,0.0364232380258605,0.01821161901293025,0.05463485703879075,0.509925332362047,0.509090909090909,4.170460753961027,93,136,0.0364232380258605
"Nikola Jokić","DEN",70,2571,10.847303145439795,127.47680890538034,116.62950575994054,33.13543599257885,0.17073170731707318,0.5294117647058824,0.4222222222222222,0.24324324324324326,0.8361204013377926,0.7989594946116685,0.03716090672612412,0.4087699739873653,0.37160906726124115,0.01858045336306206,0.01858045336306206,0.01858045336306206,0.4830917874396135,0.5777777777777777,2.3597175771088814,26,101,0
"Austin Reaves","LAL",73,2550,3.9252593043301687,119.31577935806266,115.39052005373249,26.503940034595427,0.2168284789644013,0.4666666666666667,0.25547445255474455,0.13793103448275862,0.42218384187296104,0.3454231433506045,0.07676069852235655,0.11514104778353483,0.23028209556706966,0,0.019190174630589137,0.057570523891767415,0.21109192093648052,0.5,1.5544041450777202,25,56,0
"Toumani Camara","POR",78,2548,-2.129084354251958,113.13559322033898,115.26467757459095,14.233436055469953,0.23076923076923078,0.30526315789473685,0.29850746268656714,1,0.9624639076034649,0.904716073147257,0.05774783445620789,0.5774783445620789,0.28873917228103946,0.03849855630413859,0,0.05774783445620789,0.5774783445620789,0.6,2.2329162656400383,35,81,0.11549566891241578
"Pascal Siakam","IND",78,2548,6.28698588184254,117.63248189096454,111.34549600912202,26.89668318719024,0.19170984455958548,0.3888888888888889,0.31088082901554404,0.13953488372093023,0.798175598631699,0.7791714177118966,0.019004180919802355,0.45610034207525657,0.32307107563664006,0,0.019004180919802355,0,0.45610034207525657,0.5714285714285714,1.330292664386165,42,28,0.05701254275940707
"Brook Lopez","MIL",80,2546,1.9905128500362963,116.89925444465685,114.90874159462057,17.262473714394954,0.18695652173913044,0.3409090909090909,0.25316455696202533,0,2.8434197886647454,2.76657060518732,0.07684918347742556,1.4793467819404418,1.2680115273775217,0.01921229586935639,0.05763688760806916,0.01921229586935639,1.9596541786743515,0.6891891891891891,0.9606147934678194,23,27,0.03842459173871278
"Karl-Anthony Towns","NYK",72,2517,6.520114382521854,121.95026434305855,115.4301499605367,28.41198355198747,0.18041237113402062,0.3614457831325301,0.281437125748503,0.075,0.9865824782951855,0.9865824782951855,0,0.6708760852407262,0.2959747434885556,0.01973164956590371,0,0,0.611681136543015,0.62,1.4009471191791634,20,51,0.03946329913180742
"Bub Carrington","WAS",82,2458,-15.425151503745255,105.54259043173862,120.96774193548387,14.799688837028393,0.20610687022900764,0.30952380952380953,0.3333333333333333,0.28125,0.4080839486980179,0.388651379712398,0.0194325689856199,0.2526233968130587,0.1360279828993393,0,0.0194325689856199,0,0.2137582588418189,0.5238095238095238,1.0493587252234746,24,30,0
"Cade Cunningham","DET",70,2452,2.8406003048336146,117.18260188087774,114.34200157604414,33.6794670846395,0.22093023255813954,0.39072847682119205,0.3173431734317343,0.273972602739726,1.0441292356185974,1.024428684003152,0.019700551615445233,0.6501182033096927,0.3743104806934594,0,0.019700551615445233,0,0.5319148936170213,0.5094339622641509,1.3987391646966114,38,33,0.019700551615445233
"Tyrese Haliburton","IND",73,2451,3.384242214165482,119.61440094432422,116.23015873015873,25.024591776509936,0.1951219512195122,0.35135135135135137,0.27586206896551724,0.16666666666666666,0.9722222222222222,0.7341269841269841,0.23809523809523808,0.2777777777777778,0.35714285714285715,0.0992063492063492,0.05952380952380952,0.17857142857142858,0.6349206349206349,0.6530612244897959,2.0833333333333335,14,91,0
"Coby White","CHI",74,2450,-2.711614977925535,114.28571428571429,116.99732926363983,26.47339309555598,0.22752808988764045,0.3173076923076923,0.28865979381443296,0.175,0.30522701259061424,0.30522701259061424,0,0.19076688286913393,0.11446012972148036,0,0,0,0.13353681800839373,0.4375,1.316291491797024,21,48,0
"LeBron James","LAL",70,2444,-1.013796305027455,116.0843373493976,117.09813365442506,31.40562248995984,0.21721311475409835,0.3541666666666667,0.3254437869822485,0.20388349514563106,0.7826610475617098,0.7826610475617098,0,0.4013646397752358,0.3411599438089504,0.04013646397752358,0,0,0.4013646397752358,0.5128205128205128,1.4047762392133254,13,57,0.02006823198876179
"Domantas Sabonis","SAC",70,2429,2.4238138631037742,118.34069907593411,115.91688521283034,20.831659300924066,0.1978021978021978,0.375886524822695,0.23232323232323232,0.09375,0.5245107928182369,0.5245107928182369,0,0.18156142828323582,0.342949364535001,0,0,0,0.342949364535001,0.6538461538461539,0.968327617510591,18,30,0.020173492031470647
"Jamal Murray","DEN",67,2418,6.441046310907353,124.46722959388822,118.02618328298087,26.87977482911138,0.2775330396475771,0.410958904109589,0.38686131386861317,0.2462686567164179,0.6646525679758308,0.6243705941591138,0.04028197381671702,0.3423967774420947,0.2618328298086606,0.02014098690835851,0,0.04028197381671702,0.3826787512588117,0.5757575757575758,1.8328298086606243,30,61,0
"Alperen Sengun","HOU",76,2394,7.00897669001597,117.17917179171792,110.17019510170195,23.944239442394423,0.23809523809523808,0.43373493975903615,0.314878892733564,0.17647058823529413,1.2660855126608552,1.2453300124533002,0.020755500207555,0.8094645080946451,0.43586550435865506,0,0.020755500207555,0,0.7679535076795351,0.6065573770491803,1.7434620174346203,30,54,0.16604400166044
"Rudy Gobert","MIN",72,2388,6.691561214464585,116.3872590108969,109.69569779643233,12.678122380553226,0,0.3786407766990291,0.3728813559322034,0.5,2.1825813221406087,2.056663168940189,0.1259181532004197,0.8184679958027282,1.1122770199370409,0.1259181532004197,0.02098635886673662,0.1049317943336831,1.3431269674711437,0.6153846153846154,1.1752360965372508,13,43,0.1049317943336831
"Dillon Brooks","HOU",75,2388,3.956559012845389,115.25423728813558,111.29767827529021,18.809425382389417,0.32727272727272727,0.4838709677419355,0.3951612903225806,0.175,0.33167495854063017,0.33167495854063017,0,0.20729684908789386,0.12437810945273632,0,0,0,0.22802653399668324,0.6875,1.243781094527363,17,43,0
"Tobias Harris","DET",73,2306,3.7796661678106034,116.62119622245541,112.8415300546448,18.76180482686254,0.23255813953488372,0.4090909090909091,0.32,0.23404255319148937,1.1979823455233292,1.0718789407313998,0.12610340479192939,0.44136191677175285,0.6094997898276587,0.021017234131988232,0.042034468263976464,0.08406893652795293,0.6725514922236234,0.5614035087719298,1.555275325767129,26,48,0
"Jalen Brunson","NYK",65,2301,2.546370060562623,120.17297297297297,117.62660291241035,34.16216216216216,0.2754237288135593,0.37037037037037035,0.3105263157894737,0.22580645161290322,0.1738752445120626,0.1738752445120626,0,0.06520321669202347,0.10867202782003912,0,0,0,0.13040643338404695,0.75,1.3040643338404694,22,38,0
"Darius Garland","CLE",75,2301,9.8040243135611,125,115.1959756864389,29.566305254378648,0.3,0.4074074074074074,0.2945205479452055,0.32,0.23055963110459024,0.23055963110459024,0,0.12575979878432195,0.06287989939216097,0.04191993292810731,0,0,0.1467197652483756,0.6363636363636364,1.9073569482288828,19,72,0
"Jarrett Allen","CLE",82,2296,11.16201720462773,124.34307336556654,113.18105616093881,19.003573680891318,0,0.22580645161290322,0.17857142857142858,0.5,1.5297569153394803,1.5297569153394803,0,0.9430008382229673,0.586756077116513,0,0,0,0.8172673931265717,0.5342465753424658,1.6135792120704107,25,52,0.041911148365465216
"Chris Paul","SAS",82,2292,-1.2765563234662523,116.54310527430628,117.81966159777255,13.958907011226435,0.23318385650224216,0,0.1951219512195122,0.17543859649122806,0.47119297494110085,0.47119297494110085,0,0.23559648747055043,0.23559648747055043,0,0,0,0.2570143499678732,0.5454545454545454,2.206039837224245,52,51,0
"Anfernee Simons","POR",70,2292,-4.7062095560441435,111.41935483870968,116.12556439475382,25.806451612903224,0.28254847645429365,0.3235294117647059,0.3469387755102041,0.2765957446808511,0.1075037626316921,0.1075037626316921,0,0.043001505052676844,0.06450225757901526,0,0,0,0.06450225757901526,0.6,1.2900451515803053,22,38,0
"Giannis Antetokounmpo","MIL",67,2289,6.565842989645546,120.55260361317748,113.98676062353192,38.320935175345376,0.13333333333333333,0.33689839572192515,0.29411764705882354,0.11764705882352941,1.6655989750160154,1.6442451420029895,0.021353833013025837,1.0249839846252402,0.5979073243647235,0.021353833013025837,0.021353833013025837,0,1.1317531496903694,0.6794871794871795,1.2385223147554987,22,36,0.14947683109118087
"Malik Beasley","DET",82,2283,3.0224337502761927,116.08786610878661,113.0654323585104,25.06276150627615,0.2511415525114155,0.5151515151515151,0.3404255319148936,0.22857142857142856,0.1051967178624027,0.06311803071744161,0.042078687144961074,0.021039343572480537,0.042078687144961074,0,0,0.042078687144961074,0.06311803071744161,0.6,1.5358720807910793,23,50,0
"Kentavious Caldwell-Pope","ORL",77,2279,0.41785621529791683,110.82760150876415,110.40974529346623,13.17949855779898,0.21962616822429906,0.3684210526315789,0.2916666666666667,0.20454545454545456,0.7530454042081949,0.6866002214839424,0.0664451827242525,0.37652270210409744,0.31007751937984496,0,0.0221483942414175,0.044296788482835,0.46511627906976744,0.6176470588235294,2.1926910299003324,30,69,0
"Nikola Vučević","CHI",73,2278,-2.5454134222457157,115.46201232032854,118.00742574257427,23.963039014373717,0.20526315789473684,0.3626373626373626,0.19135802469135801,0.175,1.0726072607260726,1.051980198019802,0.020627062706270627,0.5775577557755776,0.4744224422442244,0,0,0.020627062706270627,0.6188118811881188,0.5769230769230769,1.2582508250825082,16,45,0
"Payton Pritchard","BOS",80,2271,9.029273430047581,120.63421170165252,111.60493827160495,21.974095578383206,0.315028901734104,0.3870967741935484,0.3225806451612903,0.23809523809523808,0.31425364758698093,0.24691358024691357,0.06734006734006734,0.04489337822671156,0.17957351290684623,0.02244668911335578,0.02244668911335578,0.04489337822671156,0.2244668911335578,0.7142857142857143,1.5712682379349046,24,46,0
"Kevin Durant","PHX",62,2265,-1.2874126671639772,118.03667745415318,119.32409012131717,32.750809061488674,0.22596153846153846,0.38461538461538464,0.24257425742574257,0.14772727272727273,1.668110918544194,1.516464471403813,0.15164644714038128,0.5199306759098787,0.9315424610051993,0.06499133448873484,0.043327556325823226,0.10831889081455806,0.9315424610051993,0.5584415584415584,1.0831889081455806,15,35,0
"Stephen Curry","GSW",70,2252,4.957826810979398,120.45502870508186,115.49720189410245,32.085902615351905,0.2792207792207792,0.39285714285714285,0.3983050847457627,0.15217391304347827,0.6457167455876023,0.6026689625484287,0.04304778303917348,0.12914334911752046,0.4089539388721481,0.06457167455876023,0,0.04304778303917348,0.27981058975462764,0.43333333333333335,1.7219113215669393,33,47,0
"Shaedon Sharpe","POR",72,2252,-3.247722817287709,113.3029513888889,116.55067420617661,26.01996527777778,0.28888888888888886,0.39285714285714285,0.3302752293577982,0.25,0.34797738147020446,0.32622879512831665,0.02174858634188778,0.21748586341887777,0.10874293170943888,0,0,0.02174858634188778,0.17398869073510223,0.5,1.3484123531970422,20,42,0.02174858634188778
"De'Aaron Fox","SAS",62,2241,-1.9872368213600424,116.23766623766625,118.22490305902627,28.871728871728873,0.24324324324324326,0.4430379746835443,0.3333333333333333,0.17647058823529413,0.5385609651012495,0.38776389487289964,0.15079707022834984,0.12925463162429987,0.25850926324859974,0,0.08616975441619991,0.06462731581214994,0.32313657906074966,0.6,1.9603619129685481,49,42,0
"Jalen Williams","OKC",69,2237,9.35454556080228,118.47269624573379,109.1181506849315,29.031569965870307,0.2714285714285714,0.23157894736842105,0.27722772277227725,0.1724137931034483,0.9845890410958904,0.9845890410958904,0,0.5351027397260274,0.4066780821917808,0.04280821917808219,0,0,0.5565068493150684,0.5652173913043478,2.3758561643835616,54,57,0.0642123287671233
"Donovan Mitchell","CLE",71,2232,10.824526153615054,122.9076790336497,112.08315288003465,33.62812769628991,0.2924281984334204,0.3333333333333333,0.31851851851851853,0.1919191919191919,0.36812472932005197,0.36812472932005197,0,0.303161541792984,0.06496318752706799,0,0,0,0.21654395842355997,0.5882352941176471,2.0571676050238197,31,64,0
"Harrison Barnes","SAS",82,2228,-1.5284572275610628,116.77984665936474,118.3083038869258,19.474260679079958,0.2727272727272727,0.40298507462686567,0.3620689655172414,0.2,0.30918727915194344,0.30918727915194344,0,0.24293286219081273,0.06625441696113074,0,0,0,0.24293286219081273,0.7857142857142857,0.8613074204946997,12,27,0
"Julius Randle","MIN",69,2226,3.6387660516842004,117.63652641002686,113.99776035834267,24.574753804834376,0.23,0.40229885057471265,0.2981366459627329,0.11538461538461539,0.3583426651735722,0.3583426651735722,0,0.2687569988801792,0.08958566629339305,0,0,0,0.1791713325867861,0.5,1.0526315789473684,15,32,0.022396416573348264
"Amen Thompson","HOU",69,2225,6.130790297431517,116.96191319751993,110.83112290008842,18.11337466784765,0.3559322033898305,0.36,0.37142857142857144,0.3939393939393939,1.967285587975243,1.900972590627763,0.06631299734748011,0.9062776304155614,0.8620689655172413,0.13262599469496023,0.04420866489832007,0.022104332449160036,1.2157382847038019,0.6179775280898876,2.1441202475685235,48,49,0.08841732979664015
"Jaren Jackson Jr.","MEM",74,2207,6.609119854978971,118.66525423728812,112.05613438230917,31.52542372881356,0.2683982683982684,0.38571428571428573,0.3458904109589041,0.26666666666666666,2.3814586434190943,2.3814586434190943,0,1.2970444397193281,1.0844142036997662,0,0,0,1.382096534127153,0.5803571428571429,1.9561981713799703,41,51,0.0637890708058686
"Desmond Bane","MEM",69,2205,2.3425983911245822,118.2453909726637,115.90279258153913,24.66624284806103,0.25691699604743085,0.4074074074074074,0.38028169014084506,0.28888888888888886,0.5968876572159454,0.5329354082285227,0.06395224898742273,0.2984438286079727,0.23449157962054998,0,0.021317416329140908,0.042634832658281815,0.4263483265828182,0.7142857142857143,1.7053933063312727,29,51,0
"Naz Reid","MIN",80,2200,7.488703245637083,118.61976249159757,111.1310592459605,21.82388527896034,0.2669039145907473,0.4605263157894737,0.2558139534883721,0.3333333333333333,1.6157989228007181,1.5260323159784561,0.08976660682226212,0.8527827648114902,0.6283662477558348,0.04488330341113106,0.04488330341113106,0.04488330341113106,1.0323159784560143,0.6388888888888888,1.3240574506283662,13,46,0.11220825852782765
"Tyus Jones","PHX",81,2174,-2.9181412180624164,115.81332125056637,118.73146246862879,17.285908473040326,0.2629310344827586,0.38461538461538464,0.34285714285714286,0.15,0.18252338580880675,0.13689253935660506,0.04563084645220169,0.06844626967830253,0.04563084645220169,0.022815423226100844,0,0.04563084645220169,0.09126169290440338,0.5,1.5742642026009583,27,42,0
"Myles Turner","IND",72,2174,4.643596443599833,118.32284172661872,113.67924528301886,22.684352517985612,0.21120689655172414,0.2857142857142857,0.21875,0.06666666666666667,3.234501347708895,3.1446540880503147,0.08984725965858041,1.9766397124887691,1.1455525606469004,0.022461814914645103,0.0673854447439353,0.022461814914645103,1.729559748427673,0.5347222222222222,1.2129380053908356,20,34,0.17969451931716082
"Evan Mobley","CLE",71,2167,11.606520487162783,123.38960462016881,111.78308413300601,24.85561972456686,0.3076923076923077,0.3564356435643564,0.24060150375939848,0.13333333333333333,2.5217585360410624,2.49944208881946,0.02231644722160232,1.3389868332961392,1.0711894666369115,0.08926578888640928,0,0.02231644722160232,1.5621513055121625,0.6194690265486725,1.3613032805177416,25,36,0.02231644722160232
"Taurean Prince","MIL",80,2166,-0.7551204426611804,116.33064516129032,117.0857656039515,13.709677419354838,0.20218579234972678,0.3170731707317073,0.34146341463414637,0.1111111111111111,0.3367759317467445,0.3143242029636282,0.0224517287831163,0.1571621014818141,0.1347103726986978,0.0224517287831163,0,0.0224517287831163,0.1122586439155815,0.3333333333333333,1.7063313875168389,25,51,0.0449034575662326
"Stephon Castle","SAS",81,2162,-4.402001686130603,114.61176997091073,119.0137716570413,24.278362049675543,0.20089285714285715,0.34328358208955223,0.3237410071942446,0.11320754716981132,0.48867170146601513,0.44424700133274103,0.0444247001332741,0.24433585073300756,0.19991115059973344,0,0.02221235006663705,0.02221235006663705,0.2665482007996446,0.5454545454545454,1.6437139049311418,25,49,0
"Deni Avdija","POR",72,2161,-1.424091628564625,115.37066424846974,116.79475587703435,23.396055316254817,0.2830188679245283,0.49107142857142855,0.47368421052631576,0.42857142857142855,0.7911392405063291,0.7911392405063291,0,0.47468354430379744,0.31645569620253167,0,0,0,0.5424954792043399,0.6857142857142857,1.604882459312839,14,57,0.022603978300180832
"Jaylen Brown","BOS",63,2158,9.031267606997403,122.82832913133164,113.79706152433424,28.902131560852624,0.3025210084033613,0.3917525773195876,0.34831460674157305,0.2125,0.4361799816345271,0.4132231404958678,0.02295684113865932,0.25252525252525254,0.13774104683195593,0.02295684113865932,0,0.02295684113865932,0.27548209366391185,0.631578947368421,1.6758494031221305,32,41,0.02295684113865932
"Tim Hardaway Jr.","DET",77,2153,-0.11912977347947162,116.35092467298149,116.47005444646098,16.892196662156067,0.24825174825174826,0.43478260869565216,0.3469387755102041,0.19047619047619047,0.1588021778584392,0.11343012704174228,0.045372050816696916,0.09074410163339383,0.022686025408348458,0,0.022686025408348458,0.022686025408348458,0.06805807622504537,0.42857142857142855,0.8620689655172413,11,27,0
"Bennedict Mathurin","IND",72,2149,2.6319042800967765,116.78305924757828,114.15115496748149,23.293534579860328,0.2702702702702703,0.39285714285714285,0.30612244897959184,0.1111111111111111,0.5382372729311505,0.5382372729311505,0,0.4036779546983629,0.13455931823278763,0,0,0,0.2915451895043732,0.5416666666666666,1.054047992823503,18,29,0.022426553038797935
"Spencer Dinwiddie","DAL",79,2136,-4.8052234730984225,112.82051282051282,117.62573629361124,18.40254141139097,0.14423076923076922,0.32653061224489793,0.2636363636363636,0.2777777777777778,0.3851381966470322,0.31717263253285,0.06796556411418214,0.18124150430448574,0.13593112822836428,0,0.022655188038060717,0.045310376076121435,0.13593112822836428,0.35294117647058826,1.58586316266425,19,51,0
"Scottie Barnes","TOR",65,2134,-2.62945872701971,110.43360433604336,113.06306306306307,25.474254742547426,0.23979591836734693,0.41836734693877553,0.3036649214659686,0.18823529411764706,1.4189189189189189,1.2612612612612613,0.15765765765765766,0.9009009009009009,0.36036036036036034,0,0.04504504504504504,0.11261261261261261,0.7657657657657657,0.5396825396825397,2.0945945945945947,37,56,0.11261261261261261
"Max Christie","DAL",78,2127,-0.8959002607387987,115.53398058252428,116.42988084326306,15.973185390661119,0.26455026455026454,0.3333333333333333,0.37662337662337664,0.2727272727272727,0.7103574702108157,0.6416131989000916,0.06874427131072411,0.27497708524289644,0.3208065994500458,0.045829514207149404,0.022914757103574702,0.045829514207149404,0.43538038496791936,0.6129032258064516,1.466544454628781,17,47,0
"Josh Giddey","CHI",70,2117,-1.0699382579391425,115.71111111111111,116.78104936905025,20.288888888888888,0.21052631578947367,0.3177570093457944,0.336,0.21052631578947367,0.9962364401151207,0.9298206774407792,0.06641576267434138,0.5091875138366172,0.42063316360416203,0,0.044277175116227585,0.022138587558113793,0.531326101394731,0.5333333333333333,1.8596413548815585,37,47,0
"Fred VanVleet","HOU",60,2113,5.849673295322589,117.02378149281846,111.17410819749587,18.059806922533554,0.33098591549295775,0.5652173913043478,0.43103448275862066,0.32786885245901637,0.5905976848570753,0.5905976848570753,0,0.21261516654854712,0.3543586109142452,0.023623907394283016,0,0,0.3307347035199622,0.56,2.2206472950626033,50,44,0
"Keyonte George","UTA",67,2108,-11.453743527849156,112.18842899611252,123.64217252396166,23.599359707294763,0.28307692307692306,0.3333333333333333,0.4066666666666667,0.20588235294117646,0.2053856686444546,0.18256503879507074,0.022820629849383843,0.09128251939753537,0.09128251939753537,0,0,0.022820629849383843,0.045641259698767686,0.2222222222222222,1.0497489730716567,8,38,0
"Dennis Schröder","BKN",75,2106,-1.72457476844734,114.85634197617378,116.58091674462115,20.929689324924084,0.28193832599118945,0.3181818181818182,0.325,0.3220338983050847,0.2806361085126286,0.2806361085126286,0,0.023386342376052385,0.25724976613657624,0,0,0,0.21047708138447146,0.75,1.5434985968194574,23,43,0
"Damian Lillard","MIL",58,2093,0.4145935560609644,117.15867158671587,116.74407803065489,31.50369003690037,0.16720257234726688,0.358974358974359,0.34375,0.14473684210526316,0.2322340919647004,0.20901068276823037,0.023223409196470042,0.06967022758941012,0.13934045517882024,0,0,0.023223409196470042,0.18578727357176034,0.8,1.625638643752903,31,39,0
"Russell Westbrook","DEN",75,2092,0.4769508592838889,118.71011850501367,118.23316764572978,20.03190519598906,0.27319587628865977,0.35964912280701755,0.30927835051546393,0.17777777777777778,0.8359692724807953,0.7681879801174876,0.06778129236330772,0.4066877541798464,0.3615002259376412,0,0,0.06778129236330772,0.3615002259376412,0.43243243243243246,2.394938996836873,48,58,0.022593764121102575
"Kelly Oubre Jr.","PHI",60,2078,-5.481617816422329,112.74767247553115,118.22929029195348,18.64406779661017,0.21686746987951808,0.43617021276595747,0.2857142857142857,0.125,0.7120816520294327,0.5696653216235462,0.14241633040588655,0.3797768810823641,0.18988844054118206,0,0.047472110135295516,0.09494422027059103,0.26109660574412535,0.36666666666666664,2.183717066223594,56,36,0
"Luguentz Dort","OKC",71,2073,12.810005035826421,122.07311429893568,109.26310926310927,14.183248496066636,0.2510460251046025,0.35,0.32432432432432434,0.3076923076923077,0.9009009009009009,0.8547008547008547,0.0462000462000462,0.4158004158004158,0.4389004389004389,0,0,0.0462000462000462,0.6699006699006699,0.7435897435897436,1.824901824901825,38,41,0
"Nickeil Alexander-Walker","MIN",82,2073,7.135286979454932,118.00382043935052,110.86853345989559,16.4756446991404,0.26146788990825687,0.30952380952380953,0.24561403508771928,0.15384615384615385,0.8068343616516374,0.7831039392501187,0.023730422401518746,0.33222591362126247,0.4508780256288562,0,0,0.023730422401518746,0.5220692928334124,0.6470588235294118,1.1865211200759374,18,32,0
"Onyeka Okongwu","ATL",74,2064,0.9076469253460431,117.01837985023826,116.11073292489222,17.835262083049695,0.2391304347826087,0.33636363636363636,0.15,0,1.5203085999546178,1.4976174268209665,0.02269117313365101,0.7941910596777854,0.6807351940095303,0.02269117313365101,0.02269117313365101,0,0.9303380984796914,0.6119402985074627,1.5656909462219197,29,40,0
"Malik Monk","SAC",65,2054,2.3664647014020375,119.20187793427229,116.83541323287027,24.413145539906104,0.22382671480144403,0.38571428571428573,0.3416666666666667,0.225,0.894749234753944,0.7299270072992701,0.1648222274546739,0.2825523899222981,0.4002825523899223,0.04709206498704968,0.07063809748057452,0.09418412997409936,0.49446668236402164,0.5526315789473685,1.4363079821050153,22,39,0
"Jaylen Wells","MEM",79,2043,4.316272775297762,118.94930029823352,114.63302752293578,16.05872906629961,0.28286852589641437,0.5588235294117647,0.5507246376811594,0.3548387096774194,0.1834862385321101,0.1834862385321101,0,0.09174311926605505,0.09174311926605505,0,0,0,0.11467889908256881,0.625,1.0091743119266054,14,30,0
"Jalen Duren","DET",78,2035,1.1640456699454376,117.92183031458532,116.75778464463988,15.443279313632031,0,0.3684210526315789,0.2962962962962963,0,2.1155217494651772,2.0442120275730926,0.07130972189208462,1.2598050867601616,0.7368671262182077,0.04753981459472308,0,0.07130972189208462,1.4024245305443308,0.6629213483146067,1.2835749940575232,23,31,0.14261944378416924
"Jalen Wilson","BKN",79,2031,-6.517412935323378,109.65174129353233,116.16915422885572,15.870646766169154,0.32489451476793246,0.38181818181818183,0.25,0.4,0.12437810945273632,0.09950248756218906,0.024875621890547265,0.024875621890547265,0.07462686567164178,0,0,0.024875621890547265,0.04975124378109453,0.4,0.9950248756218906,11,29,0
"Miles Bridges","CHA",64,2029,-6.3737072134157415,109.87299305056315,116.24670026397888,26.671459381739755,0.23825503355704697,0.38738738738738737,0.3275862068965517,0.28,1.079913606911447,1.0319174466042718,0.04799616030717543,0.4799616030717543,0.503959683225342,0.04799616030717543,0.023998080153587713,0.023998080153587713,0.5759539236861051,0.5333333333333333,1.0559155267578593,13,31,0.07199424046076314
"Davion Mitchell","MIA",74,2027,-0.10128837126617896,113.25655476598872,113.3578431372549,13.550600343053173,0.226890756302521,0.28125,0.23404255319148937,0.3333333333333333,0.39215686274509803,0.3431372549019608,0.049019607843137254,0.19607843137254902,0.12254901960784313,0.024509803921568627,0.024509803921568627,0.024509803921568627,0.1715686274509804,0.4375,1.7647058823529411,34,38,0
"Franz Wagner","ORL",60,2023,5.898174129737086,113.99554124349766,108.09736711376055,32.79663116175378,0.2918454935622318,0.330188679245283,0.3832599118942731,0.21951219512195122,0.5216095380029806,0.44709388971684055,0.07451564828614009,0.19870839542970692,0.24838549428713363,0,0.024838549428713365,0.04967709885742673,0.24838549428713363,0.47619047619047616,1.8628912071535022,34,41,0
"Quentin Grimes","PHI",75,2013,-6.296446288883445,114.56616577799322,120.86261206687665,23.654871546291808,0.24206349206349206,0.29577464788732394,0.3333333333333333,0.2962962962962963,0.5330748727889508,0.484613520717228,0.0484613520717228,0.1938454082868912,0.2907681124303368,0,0,0.0484613520717228,0.2665374363944754,0.5,1.7930700266537436,38,36,0
"Jordan Poole","WAS",68,2001,-14.077370531877648,106.437265917603,120.51463644948065,30.594569288389515,0.20107238605898123,0.38571428571428573,0.3627450980392157,0.1794871794871795,0.6373937677053825,0.5429650613786591,0.09442870632672333,0.1652502360717658,0.3777148253068933,0,0.047214353163361665,0.047214353163361665,0.3777148253068933,0.5925925925925926,2.0302171860245513,19,67,0
"Devin Vassell","SAS",64,1983,-6.623222941518264,113.60643745427944,120.22966039579771,23.384540356010728,0.24615384615384617,0.42105263157894735,0.2903225806451613,0.2571428571428571,0.8062545809919375,0.7818226239921817,0.02443195699975568,0.4886391399951136,0.2443195699975568,0.04886391399951136,0,0.02443195699975568,0.43977522599560226,0.5454545454545454,2.052284387979477,16,68,0.1221597849987784
"Draymond Green","GSW",68,1983,6.835788009545126,118.42040716212901,111.58461915258388,13.735589894530293,0.21604938271604937,0.33962264150943394,0.28125,0,1.7389174626500123,1.3715405339211364,0.36737692872887584,0.41636051922605927,0.9551800146950772,0,0.12245897624295861,0.24491795248591722,1.0041636051922607,0.5774647887323944,2.4246877296105804,37,62,0
"Klay Thompson","DAL",72,1965,-2.0411178272903214,115.49925484351715,117.54037267080746,22.255340288127172,0.18154761904761904,0.3181818181818182,0.3150684931506849,0.12195121951219512,0.7453416149068323,0.7204968944099379,0.024844720496894408,0.2484472049689441,0.422360248447205,0.049689440993788817,0.024844720496894408,0,0.4720496894409938,0.6333333333333333,1.2422360248447204,14,36,0
"Tyrese Maxey","PHI",52,1960,-3.9662625131626186,115.39430587049635,119.36056838365899,32.07357016880827,0.26384364820846906,0.33070866141732286,0.2926829268292683,0.10810810810810811,0.5328596802841918,0.5074854097944684,0.02537427048972342,0.1268713524486171,0.3298655163664045,0.05074854097944684,0,0.02537427048972342,0.1522456229383405,0.2857142857142857,2.3090586145648313,35,56,0
"Norman Powell","LAC",60,1958,8.72798835678617,117.83932135728543,109.11133300049924,29.940119760479043,0.24166666666666667,0.4578313253012048,0.3162393162393162,0.3333333333333333,0.22466300549176235,0.14977533699450823,0.07488766849725412,0.02496255616575137,0.09985022466300549,0.02496255616575137,0.07488766849725412,0,0.14977533699450823,0.6666666666666666,1.8222666000998502,28,45,0
"Yves Missi","NOP",73,1956,-13.077165444816984,110.03260596940056,123.10977141421752,11.236518685728617,0,0.34615384615384615,0.24193548387096775,0,2.461693041949259,2.461693041949259,0,1.733232856066315,0.728460185882944,0,0,0,1.4318010550113036,0.5816326530612245,0.9294147199196182,18,19,0.4019090680733484
"Keon Ellis","SAC",80,1948,2.986648078106384,119.2090395480226,116.22239146991622,15.485362095531586,0.26704545454545453,0.38461538461538464,0.25,0.15384615384615385,1.5993907083015995,1.3709063214013708,0.2284843869002285,0.4823559279004824,0.8123889312008123,0.07616146230007616,0.05077430820005077,0.17771007870017771,0.8885503935008886,0.5555555555555556,3.0718456461030716,52,69,0
"Bilal Coulibaly","WAS",59,1948,-13.736646735690385,106.45239834429023,120.18904507998062,15.899683467251036,0.175,0.3389830508474576,0.3939393939393939,0.3,0.9936984973339796,0.9209888511875909,0.07270964614638875,0.5089675230247213,0.3877847794474067,0.024236548715462918,0.024236548715462918,0.048473097430925836,0.5332040717401842,0.5365853658536586,1.8904507998061075,23,55,0
"Kyle Kuzma","MIL",65,1936,-10.184151745059438,108.43195266272188,118.61610440778134,21.918145956607496,0.215311004784689,0.3188405797101449,0.25806451612903225,0.20588235294117646,0.4678650578675203,0.4432405811376508,0.02462447672986949,0.19699581383895592,0.2462447672986949,0,0,0.02462447672986949,0.19699581383895592,0.42105263157894735,0.8864811622753016,11,25,0.02462447672986949
"Julian Champagnie","SAS",82,1932,-2.0376414996281937,114.87357461576597,116.91121611539418,18.0466038671294,0.22333333333333333,0.391304347826087,0.2727272727272727,0.2857142857142857,0.870430241233524,0.7958219348420791,0.07460830639144492,0.4476498383486695,0.3481720964934096,0,0.04973887092762994,0.02486943546381497,0.4476498383486695,0.5142857142857142,1.5170355632927133,20,41,0.07460830639144492
"Keon Johnson","BKN",79,1925,-10.726620108274886,106.43910007757951,117.16572018585441,19.808637186449445,0.20610687022900764,0.38613861386138615,0.425,0.3125,0.7743933918430562,0.748580278781621,0.02581311306143521,0.43882292204439854,0.3097573567372225,0,0,0.02581311306143521,0.33557046979865773,0.43333333333333335,2.1166752710376873,33,49,0.18069179143004646
"Naji Marshall","DAL",69,1919,-2.9045798436387287,114.14831688180207,117.0528967254408,20.222728423184005,0.2112676056338028,0.18333333333333332,0.27049180327868855,0,0.2770780856423174,0.2770780856423174,0,0.15113350125944586,0.12594458438287154,0,0,0,0.10075566750629723,0.36363636363636365,1.7632241813602014,31,39,0.02518891687657431
"Guerschon Yabusele","PHI",70,1896,-3.1274288335906277,115.84815503052826,118.9755838641189,17.998407220599947,0.12048192771084337,0.21311475409836064,0.21428571428571427,0.2857142857142857,0.6369426751592356,0.6369426751592356,0,0.37154989384288745,0.21231422505307856,0.05307855626326964,0,0,0.34501061571125263,0.5416666666666666,1.5392781316348196,25,33,0.02653927813163482
"Jrue Holiday","BOS",62,1896,8.879119238814496,118.5473411154345,109.66822187662001,16.16083009079118,0.18686868686868688,0.3684210526315789,0.29850746268656714,0.38461538461538464,0.6998444790046656,0.6480041472265422,0.05184033177812338,0.2592016588906169,0.36288232244686364,0.02592016588906169,0,0.05184033177812338,0.3110419906687403,0.4444444444444444,1.7107309486780715,27,39,0
"Gary Trent Jr.","MIL",74,1893,1.6533754572663781,118.6340206185567,116.98064516129033,19.40721649484536,0.21774193548387097,0.48148148148148145,0.37777777777777777,0.22916666666666666,0.12903225806451613,0.12903225806451613,0,0.05161290322580645,0.07741935483870968,0,0,0,0.025806451612903226,0.2,1.8580645161290323,42,30,0
"Josh Green","CHA",68,1887,-9.459459459459453,107.56237006237006,117.02182952182953,11.278586278586278,0.28,0.22857142857142856,0.23076923076923078,0.26666666666666666,0.3898128898128898,0.33783783783783783,0.05197505197505198,0.2079002079002079,0.07796257796257797,0.05197505197505198,0,0.05197505197505198,0.18191268191268192,0.4666666666666667,1.9230769230769231,38,36,0
"Anthony Black","ORL",78,1887,-0.42523804132189014,108.96717373899119,109.39241178031308,17.74753135842007,0.2682926829268293,0.34065934065934067,0.4074074074074074,0.20833333333333334,1.2735473600424516,1.0347572300344918,0.23879013000795968,0.5837092066861237,0.39798355001326613,0.05306447333510215,0.05306447333510215,0.1857256566728575,0.7959671000265323,0.625,2.2817723534093926,33,53,0
"Andrew Nembhard","IND",65,1881,5.533913789757605,117.94079794079794,112.40688415104033,15.907335907335908,0.16379310344827586,0.37142857142857144,0.1794871794871795,0.20754716981132076,0.2825584382224505,0.23118417672745956,0.05137426149499101,0.07706139224248651,0.15412278448497302,0,0.025687130747495505,0.025687130747495505,0.12843565373747753,0.45454545454545453,2.029283329052145,29,50,0
"Nic Claxton","BKN",70,1880,-12.746463415338582,106.2449528936743,118.99141630901288,15.477792732166892,0.23076923076923078,0.3068181818181818,0.264,0.3125,2.6824034334763946,2.467811158798283,0.2145922746781116,1.636266094420601,0.8315450643776824,0,0.08047210300429185,0.13412017167381973,1.636266094420601,0.61,1.6630901287553648,22,40,0.5633047210300429
"Cason Wallace","OKC",68,1876,9.867431390512522,119.38880328710837,109.52137189659585,12.480739599383668,0.27906976744186046,0.41509433962264153,0.3770491803278688,0.3333333333333333,0.8958280010238034,0.6654722293319683,0.23035577169183516,0.3071410289224469,0.3071410289224469,0.051190171487074485,0.07678525723061172,0.15357051446122344,0.4607115433836703,0.5142857142857142,3.071410289224469,64,56,0
"Derrick Jones Jr.","LAC",77,1873,6.532004197271775,117.70724029380904,111.17523609653726,17.654774396642182,0.1510791366906475,0.4605263157894737,0.40350877192982454,0,0.8656873032528857,0.7869884575026233,0.07869884575026233,0.2885624344176285,0.4197271773347324,0.07869884575026233,0.026232948583420776,0.05246589716684155,0.3672612801678909,0.42424242424242425,2.0724029380902413,21,58,0.05246589716684155
"RJ Barrett","TOR",58,1869,-3.537361915875124,112.35955056179776,115.89691247767288,28.038815117466804,0.24210526315789474,0.34394904458598724,0.33986928104575165,0.09090909090909091,0.43378412860423576,0.40826741515692777,0.025516713447307986,0.28068384792038786,0.12758356723653994,0,0.025516713447307986,0,0.25516713447307987,0.5882352941176471,1.1737688185761674,19,27,0
"Rui Hachimura","LAL",59,1869,4.381127122599452,117.42804330604702,113.04691618344755,18.11460258780037,0.30344827586206896,0.3584905660377358,0.29508196721311475,0.18181818181818182,0.6852925672113864,0.6852925672113864,0,0.36900369003690037,0.316288877174486,0,0,0,0.5798629414865577,0.8461538461538461,1.1860832894043225,13,32,0.0790722192936215
"Buddy Hield","GSW",82,1864,1.516248147261905,114.94671172342085,113.43046357615894,20.95139069404731,0.26409495548961426,0.3783783783783784,0.3181818181818182,0.2857142857142857,0.609271523178808,0.609271523178808,0,0.2119205298013245,0.3973509933774834,0,0,0,0.26490066225165565,0.43478260869565216,1.8278145695364238,30,39,0
"Trey Murphy III","NOP",53,1854,-10.536262081084473,110.86451612903225,121.40077821011674,26.038709677419355,0.26714801444043323,0.3333333333333333,0.3684210526315789,0.3157894736842105,1.0116731517509727,0.9857328145265889,0.02594033722438392,0.622568093385214,0.33722438391699094,0.02594033722438392,0,0.02594033722438392,0.5706874189364461,0.5641025641025641,1.4526588845654993,20,36,0.02594033722438392
"Zaccharie Risacher","ATL",75,1843,-3.157297241511486,114.4927536231884,117.65005086469989,21.128909229595727,0.21818181818181817,0.35,0.44047619047619047,0.1875,0.940996948118006,0.940996948118006,0,0.5595116988809766,0.3306205493387589,0.0508646998982706,0,0,0.3560528992878942,0.3783783783783784,1.3224821973550356,18,34,0
"Andrew Wiggins","MIA",60,1842,-2.47710159040075,111.45971816006382,113.93681975046455,25.52512629619782,0.17757009345794392,0.48717948717948717,0.38596491228070173,0.3125,1.3273161667109106,1.0618529333687283,0.2654632333421821,0.3185558800106185,0.7167507300238917,0.026546323334218212,0.07963897000265463,0.18582426333952748,0.7698433766923282,0.58,1.5927794000530926,25,35,0.053092646668436425
"Isaiah Collier","UTA",71,1839,-10.369097108348797,111.05015673981191,121.41925384816072,15.047021943573668,0.23478260869565218,0.4482758620689655,0.375,0.18181818181818182,0.4174276024002087,0.3652491521001826,0.05217845030002609,0.15653535090007828,0.1826245760500913,0.026089225150013044,0,0.05217845030002609,0.2348030263501174,0.5625,1.721888859900861,27,39,0
"Keldon Johnson","SAS",77,1838,-5.958737720769378,112.74535461920964,118.70409233997903,22.08845851871238,0.29213483146067415,0.47115384615384615,0.33663366336633666,0.16666666666666666,0.577124868835257,0.5508919202518363,0.026232948583420776,0.2885624344176285,0.2623294858342078,0,0,0.026232948583420776,0.2885624344176285,0.5,1.285414480587618,13,36,0
"Royce O'Neale","PHX",75,1837,-3.4189409758957794,115.28781793842035,118.70675891431613,16.251673360107095,0.20242914979757085,0.5,0.3888888888888889,0.2,0.9047365620010644,0.9047365620010644,0,0.31931878658861096,0.532197977647685,0.05321979776476849,0,0,0.47897817988291647,0.5294117647058824,1.7828632251197445,18,49,0.026609898882384245
"P.J. Washington","DAL",57,1835,1.3477059951535324,116.70606776989756,115.35836177474401,19.254005778828475,0.2925170068027211,0.5161290322580645,0.4028776978417266,0.06666666666666667,1.5752165922814387,1.4964557626673667,0.07876082961407194,1.023890784982935,0.4725649776844316,0,0.026253609871357313,0.05250721974271463,0.9188763454975059,0.5833333333333334,1.6539774218955106,17,46,0.05250721974271463
"CJ McCollum","NOP",56,1832,-8.188533907327397,114.0571728297928,122.2457067371202,28.24547600314713,0.2771929824561403,0.35714285714285715,0.32608695652173914,0.18181818181818182,0.6340819022457067,0.5812417437252312,0.052840158520475564,0.21136063408190225,0.31704095112285335,0.052840158520475564,0,0.052840158520475564,0.36988110964332893,0.5833333333333334,1.215323645970938,18,28,0
"Dorian Finney-Smith","LAL",63,1821,8.628680413745471,121.7511013215859,113.12242090784044,13.105726872246697,0.24157303370786518,0.4117647058823529,0.3888888888888889,1,0.6327372764786795,0.5777166437414031,0.055020632737276476,0.4126547455295736,0.16506189821182943,0,0.055020632737276476,0,0.33012379642365886,0.5217391304347826,1.595598349381018,23,35,0.027510316368638238
"Haywood Highsmith","MIA",74,1818,2.283275619770194,114.45214979195562,112.16887417218543,11.15117891816921,0.2097902097902098,0.3225806451612903,0.2727272727272727,0.5,1.020971302428256,0.8830022075055187,0.13796909492273732,0.24834437086092714,0.6346578366445916,0,0.02759381898454746,0.11037527593818984,0.4966887417218543,0.4864864864864865,1.8763796909492274,26,42,0.02759381898454746
"Alex Sarr","WAS",67,1814,-13.686753850779496,105.11821252273317,118.80496637351268,18.810080540400104,0.18376068376068377,0.37681159420289856,0.22941176470588234,0.12,2.612519399896534,2.612519399896534,0,1.3191929643041904,1.2933264355923435,0,0,0,1.7330574236937404,0.6633663366336634,1.1381272633212622,9,35,0.20693222969477496
"Kyrie Irving","DAL",50,1804,2.756811476662307,118.68072452014057,115.92391304347827,29.845904298459043,0.2985781990521327,0.32786885245901637,0.3202614379084967,0.30303030303030304,0.625,0.5978260869565217,0.02717391304347826,0.24456521739130435,0.3532608695652174,0,0,0.02717391304347826,0.3804347826086957,0.6086956521739131,1.7934782608695652,40,26,0
"Kyshawn George","WAS",68,1802,-9.632477797965734,108.48404255319149,118.1165203511572,14.654255319148936,0.2413793103448276,0.40425531914893614,0.29545454545454547,0.09090909090909091,1.3301409949454641,1.223729715349827,0.10641127959563713,0.39904229848363926,0.7980845969672785,0.026602819898909284,0,0.10641127959563713,0.7714817770683693,0.58,1.8089917531258313,26,42,0
"Cameron Johnson","BKN",57,1800,-6.140693244122289,113.07499303038752,119.21568627450979,27.32088095901868,0.2190082644628099,0.4318181818181818,0.24561403508771928,0.25,0.7002801120448179,0.6162464985994398,0.08403361344537816,0.2801120448179272,0.33613445378151263,0,0.028011204481792718,0.056022408963585436,0.3081232492997199,0.44,1.484593837535014,15,38,0.028011204481792718
"Duncan Robinson","MIA",74,1786,0.6865926955940296,112.76238455079766,112.07579185520362,21.186677861740833,0.24210526315789474,0.2727272727272727,0.28888888888888886,0,0.16968325791855204,0.16968325791855204,0,0.05656108597285068,0.08484162895927602,0.02828054298642534,0,0,0.08484162895927602,0.5,1.1312217194570136,11,29,0
"Kris Dunn","LAC",74,1783,7.626132601919224,115.94564614531336,108.31951354339414,12.118691070438159,0.1554054054054054,0.2962962962962963,0.3114754098360656,0,0.746268656716418,0.746268656716418,0,0.22111663902708678,0.46987285793255945,0.055279159756771695,0,0,0.3869541182974019,0.5185185185185185,3.5378662244333885,47,81,0
"Luka Dončić","LAL",50,1769,8.4764105014022,121.35016465422613,112.87375415282393,35.04390779363337,0.296551724137931,0.45652173913043476,0.22388059701492538,0.11688311688311688,0.5813953488372093,0.5260243632336655,0.05537098560354374,0.16611295681063123,0.33222591362126247,0.02768549280177187,0.02768549280177187,0.02768549280177187,0.3599114064230343,0.6190476190476191,2.4640088593576968,27,62,0.02768549280177187
"Scoot Henderson","POR",66,1759,-1.3382942468565915,114.73017621145374,116.06847045831033,21.035242290748897,0.2967032967032967,0.43956043956043955,0.4,0.1875,0.35891772501380453,0.3313086692435119,0.027609055770292656,0.1932633903920486,0.11043622308117063,0.027609055770292656,0,0.027609055770292656,0.16565433462175594,0.46153846153846156,1.8774157923799006,29,39,0
"Wendell Carter Jr.","ORL",68,1758,0.23434283031585323,110.05169442848937,109.81735159817352,13.612866168868466,0.26666666666666666,0.24074074074074073,0.22807017543859648,0.12903225806451613,1.1700913242009132,1.1415525114155252,0.028538812785388126,0.684931506849315,0.4280821917808219,0.028538812785388126,0,0.028538812785388126,0.7134703196347032,0.6097560975609756,1.4840182648401827,26,26,0.028538812785388126
"Collin Sexton","UTA",63,1758,-7.136482135572194,113.12154696132596,120.25802909689816,29.08839779005525,0.24203821656050956,0.5074626865671642,0.3942857142857143,0.1702127659574468,0.16469942355201755,0.1372495196266813,0.02744990392533626,0.08234971177600878,0.05489980785067252,0,0,0.02744990392533626,0.08234971177600878,0.5,1.2901454844908042,16,31,0
"Mike Conley","MIN",71,1756,6.550171814974917,118.05002842524162,111.49985661026672,14.553723706651507,0.22777777777777777,0.34615384615384615,0.47368421052631576,0.07142857142857142,0.401491253226269,0.37281330656724976,0.028677946659019213,0.14338973329509608,0.2007456266131345,0.028677946659019213,0.028677946659019213,0,0.2581015199311729,0.6428571428571429,2.265557786062518,35,44,0
"Amir Coffey","LAC",72,1748,-1.8974331435764356,111.22102882984737,113.11846197342382,17.29790842283776,0.24113475177304963,0.4,0.2962962962962963,0.12903225806451613,0.19790783149561775,0.19790783149561775,0,0.08481764206955046,0.11309018942606729,0,0,0,0.11309018942606729,0.5714285714285714,1.1309018942606728,23,17,0
"Jimmy Butler III","GSW",55,1746,6.755918845327301,118.81750994883457,112.06159110350727,24.04775440591245,0.27692307692307694,0.41333333333333333,0.4260869565217391,0.25806451612903225,0.5132591958939264,0.45623039635015683,0.057028799543769604,0.285143997718848,0.1710863986313088,0,0.028514399771884802,0.028514399771884802,0.3136583974907328,0.6111111111111112,2.1956087824351296,27,50,0.028514399771884802
"Aaron Wiggins","OKC",76,1744,13.479826748531394,123.13844456701601,109.65861781848459,21.869829012686157,0.2376237623762376,0.33783783783783783,0.2597402597402597,0.08333333333333333,0.4995836802664446,0.4995836802664446,0,0.38856508465167916,0.11101859561476547,0,0,0,0.2497918401332223,0.5,1.665278934221482,17,43,0
"Walker Kessler","UTA",58,1740,-9.00186507829389,111.2597547380156,120.26161981630949,11.176142697881827,0.14814814814814814,0.375,0.2857142857142857,0,3.84080155858614,3.5903145004174783,0.2504870581686613,1.6142499304202615,1.809073197884776,0.16699137211244086,0.055663790704146954,0.19482326746451434,2.504870581686613,0.6521739130434783,0.9741163373225716,12,23,0.2504870581686613
"De'Andre Hunter","CLE",64,1740,2.6179357358489312,118.64908503767494,116.03114930182599,26.910656620021527,0.2645739910313901,0.32075471698113206,0.375,0.3103448275862069,0.34908700322234154,0.26852846401718583,0.08055853920515575,0.1611170784103115,0.10741138560687433,0,0.02685284640171858,0.05370569280343716,0.24167561761546724,0.6923076923076923,1.3426423200859292,20,30,0
"Ochai Agbaji","TOR",64,1739,-5.756837000631819,108.595909342178,114.35274634280984,16.224433388612493,0.2,0.4266666666666667,0.3055555555555556,0.6,0.8280430582390285,0.8280430582390285,0,0.6072315760419542,0.22081148219707425,0,0,0,0.46922439966878277,0.5666666666666667,1.6008832459287883,15,43,0
"Brandin Podziemski","GSW",64,1716,7.318054856216875,114.99713795077277,107.67908309455588,18.66056096164854,0.22099447513812154,0.2727272727272727,0.3076923076923077,0.16216216216216217,0.37249283667621774,0.3151862464183381,0.05730659025787966,0.05730659025787966,0.25787965616045844,0,0.02865329512893983,0.02865329512893983,0.20057306590257878,0.5384615384615384,1.9770773638968482,25,44,0
"Jabari Smith Jr.","HOU",57,1716,7.148984844152125,115.7277666571347,108.57878181298256,15.842150414641122,0.33146067415730335,0.5116279069767442,0.21052631578947367,0.15789473684210525,1.1724335144409495,1.1438375750643408,0.028595939376608523,0.6863025450386046,0.45753503002573637,0,0,0.028595939376608523,0.77209036316843,0.6585365853658537,0.7148984844152131,14,11,0.08578781812982557
"Anthony Davis","DAL",51,1706,0.7911229784875786,115.47826086956522,114.68713789107763,31.71014492753623,0.11627906976744186,0.3111111111111111,0.1781609195402299,0.18072289156626506,3.186558516801854,3.041714947856315,0.14484356894553882,1.361529548088065,1.593279258400927,0.08690614136732329,0.05793742757821553,0.08690614136732329,2.0567786790266513,0.6454545454545455,1.709154113557358,20,39,0.028968713789107765
"Bradley Beal","PHX",53,1702,-7.667007480169445,113.35833814195038,121.02534562211981,23.860357761107906,0.2356687898089172,0.3235294117647059,0.17045454545454544,0.21311475409836064,0.8064516129032258,0.6912442396313364,0.1152073732718894,0.2304147465437788,0.4032258064516129,0.0576036866359447,0.02880184331797235,0.08640552995391705,0.5184331797235023,0.6428571428571429,1.6705069124423964,23,35,0
"Georges Niang","ATL",79,1697,4.543155269566043,121.55536770921385,117.01221243964783,20.400112707805015,0.22083333333333333,0.38235294117647056,0.4423076923076923,0.25,0.3976143141153082,0.3976143141153082,0,0.2272081794944618,0.17040613462084636,0,0,0,0.14200511218403863,0.35714285714285715,0.7952286282306164,14,14,0
"Jakob Poeltl","TOR",57,1686,-0.4077876218892982,113.61677678827922,114.02456441016852,18.012065498419993,0,0.37037037037037035,0.226890756302521,0.3333333333333333,2.0279920022850613,2.0279920022850613,0,1.113967437874893,0.8854612967723507,0.028563267637817767,0,0,1.2567837760639817,0.6197183098591549,1.8851756640959725,16,50,0
"Scotty Pippen Jr.","MEM",79,1683,2.481022820711317,114.65661641541038,112.17559359469907,19.458403126744834,0.272,0.3013698630136986,0.3548387096774194,0.3333333333333333,0.8282716731087797,0.7178354500276091,0.11043622308117063,0.13804527885146328,0.5521811154058531,0.027609055770292656,0.05521811154058531,0.05521811154058531,0.5245720596355604,0.6333333333333333,2.8437327443401434,58,45,0
"Kevin Huerter","CHI",69,1679,2.6703725675448027,116.78062678062678,114.11025421308199,16.951566951566953,0.27058823529411763,0.3333333333333333,0.37777777777777777,0.125,0.6569551556698087,0.6569551556698087,0,0.11425307055127107,0.4570122822050843,0.0856898029134533,0,0,0.4284490145672665,0.6521739130434783,1.8851756640959725,18,48,0
"Santi Aldama","MEM",65,1660,3.84244150910817,118.68531468531468,114.84287317620651,19.32867132867133,0.22885572139303484,0.5365853658536586,0.5,0.1111111111111111,0.813692480359147,0.7856341189674523,0.028058361391694726,0.4208754208754209,0.3367003367003367,0.028058361391694726,0,0.028058361391694726,0.4769921436588103,0.5862068965517241,1.4590347923681257,12,40,0.05611672278338945
"AJ Green","MIL",73,1659,6.022026839521558,116.16014026884864,110.13811342932706,14.552893045002921,0.125,0,0.3333333333333333,0.18181818181818182,0.20570085218924478,0.17631501616220982,0.02938583602703497,0.05877167205406994,0.11754334410813988,0,0,0.02938583602703497,0.08815750808110491,0.42857142857142855,1.087275933000294,20,17,0
"Al Horford","BOS",60,1659,11.81486835517012,122.42736077481841,110.61249241964828,14.709443099273608,0.2878787878787879,0.4782608695652174,0.34285714285714286,0.375,1.5463917525773196,1.212856276531231,0.3335354760460885,0.6064281382656155,0.4851425106124924,0.1212856276531231,0.1212856276531231,0.21224984839296543,0.939963614311704,0.6078431372549019,1.0915706488781078,10,26,0.030321406913280776
"Terry Rozier","MIA",64,1658,-4.472713723604514,109.88978254393804,114.36249626754254,18.17098599940423,0.20095693779904306,0.25,0.27710843373493976,0.11538461538461539,0.41803523439832785,0.3881755747984473,0.029859659599880562,0.1492982979994028,0.2388772767990445,0,0,0.029859659599880562,0.2985965959988056,0.7142857142857143,1.1048074051955807,6,31,0
"Peyton Watson","DEN",68,1657,1.404836087971546,117.56557618626584,116.1607400982943,14.736221632773358,0.27586206896551724,0.37681159420289856,0.2857142857142857,0.2,2.6886383347788376,2.197166811217115,0.491471523561723,1.32986412257878,0.7516623301532235,0.1156403584851113,0.2023706273489448,0.28910089621277824,1.358774212200058,0.5053763440860215,1.3876843018213356,16,32,0.14455044810638912
"Moses Moody","GSW",74,1649,5.114141326668374,116.66169005673335,111.54754873006497,18.662287249925352,0.2822966507177033,0.41935483870967744,0.25396825396825395,0.3076923076923077,0.9155345540460721,0.7974010632014176,0.11813349084465447,0.23626698168930893,0.5020673360897815,0.05906674542232723,0.029533372711163616,0.08860011813349085,0.6792675723567632,0.7419354838709677,1.7424689899586532,26,33,0
"Tristan da Silva","ORL",74,1629,-3.8801739011888117,108.74027993779161,112.62045383898041,14.339035769828927,0.2611464968152866,0.4528301886792453,0.41818181818181815,0.3125,0.5595275101025801,0.46627292508548335,0.09325458501709667,0.18650917003419334,0.27976375505129003,0,0,0.09325458501709667,0.24867889337892446,0.4444444444444444,1.0258004351880634,8,25,0
"Donte DiVincenzo","MIN",62,1606,6.334690855238804,117.56756756756756,111.23287671232876,20.577395577395578,0.23529411764705882,0.32432432432432434,0.23684210526315788,0,0.517503805175038,0.517503805175038,0,0.30441400304414,0.213089802130898,0,0,0,0.334855403348554,0.6470588235294118,2.2222222222222223,27,46,0
"Isaiah Joe","OKC",74,1604,15.018912920242272,122.55751419181357,107.5386012715713,20.436211532715866,0.2767527675276753,0.36363636363636365,0.2,0.1111111111111111,0.2724795640326976,0.2724795640326976,0,0.15137753557372086,0.12110202845897669,0,0,0,0.060551014229488345,0.2222222222222222,1.4532243415077202,24,24,0
"Corey Kispert","WAS",61,1602,-9.234477367480636,111.07802263251936,120.3125,18.70160810005956,0.215,0.2682926829268293,0.34545454545454546,0.3333333333333333,0.4206730769230769,0.4206730769230769,0,0.3004807692307692,0.09014423076923077,0.030048076923076924,0,0,0.21033653846153846,0.5,0.78125,12,14,0.030048076923076924
"Caris LeVert","ATL",64,1596,6.685821642608204,122.3796870386773,115.6938653960691,20.6967818128137,0.3058823529411765,0.37681159420289856,0.3220338983050847,0.07692307692307693,0.9827278141751042,0.8338296605122096,0.14889815366289458,0.357355568790947,0.44669446098868376,0.029779630732578916,0.029779630732578916,0.11911852293031566,0.38713519952352593,0.3939393939393939,1.697438951756998,23,34,0
"Miles McBride","NYK",64,1593,7.790315265109996,119.94996873045653,112.15965346534654,17.13570981863665,0.23404255319148937,0.4444444444444444,0.2553191489361702,0.29411764705882354,0.525990099009901,0.46410891089108913,0.06188118811881188,0.12376237623762376,0.34034653465346537,0,0,0.06188118811881188,0.3094059405940594,0.5882352941176471,2.073019801980198,24,43,0
"Isaiah Hartenstein","OKC",57,1590,12.10699080815857,120.56500607533414,108.45801526717557,15.40097205346294,0.21052631578947367,0.3090909090909091,0.18487394957983194,0.3333333333333333,1.8931297709923665,1.8015267175572518,0.0916030534351145,1.099236641221374,0.7022900763358778,0,0.030534351145038167,0.061068702290076333,1.251908396946565,0.6612903225806451,1.4351145038167938,18,29,0
"Gradey Dick","TOR",54,1587,-6.129576979980499,112.09358857490126,118.22316555488176,20.723184442418717,0.32057416267942584,0.32,0.29508196721311475,0.17647058823529413,0.30321406913280774,0.27289266221952696,0.030321406913280776,0.1212856276531231,0.15160703456640387,0,0,0.030321406913280776,0.18192844147968465,0.6,1.4554275318374772,18,30,0.030321406913280776
"Paolo Banchero","ORL",46,1582,-0.6666666666666714,110.95238095238095,111.61904761904762,33.58730158730159,0.3107344632768362,0.3291139240506329,0.2814814814814815,0.24731182795698925,0.8888888888888888,0.7936507936507936,0.09523809523809523,0.31746031746031744,0.47619047619047616,0,0.06349206349206349,0.031746031746031744,0.6984126984126984,0.7857142857142857,1.1428571428571428,16,20,0
"Patrick Williams","CHI",63,1576,-4.550575716514118,111.39315230224321,115.94372801875734,14.757969303423849,0.20348837209302326,0.39344262295081966,0.29411764705882354,0,0.9378663540445487,0.8792497069167644,0.05861664712778429,0.4396248534583822,0.4396248534583822,0,0,0.05861664712778429,0.5568581477139508,0.59375,1.4067995310668229,25,23,0.08792497069167643
"Obi Toppin","IND",79,1545,-2.461538461538467,117.04615384615384,119.50769230769231,23.29230769230769,0.2023121387283237,0.36363636363636365,0.25,0.2,0.8615384615384616,0.7692307692307693,0.09230769230769231,0.36923076923076925,0.36923076923076925,0.03076923076923077,0.03076923076923077,0.06153846153846154,0.4,0.4642857142857143,1.4153846153846155,10,36,0.15384615384615385
"Grayson Allen","PHX",64,1544,-3.8399164274298982,117.90337859172718,121.74329501915709,19.29270603094411,0.22110552763819097,0.34615384615384615,0.2,1,0.6066411238825032,0.6066411238825032,0,0.2554278416347382,0.351213282247765,0,0,0,0.351213282247765,0.5789473684210527,1.7241379310344827,26,28,0
"Ziaire Williams","BKN",63,1541,-10.097141368069302,108.96596858638743,119.06310995445673,18.030104712041886,0.19072164948453607,0.4166666666666667,0.32432432432432434,0.3333333333333333,0.9108653220559532,0.6831489915419648,0.2277163305139883,0.357839947950553,0.32530904359141183,0,0.09759271307742355,0.13012361743656473,0.6831489915419648,0.75,2.0169160702667535,18,44,0
"Sam Hauser","BOS",71,1541,9.954092475768647,122.7618103733069,112.80771789753827,16.749256689791874,0.2391304347826087,0.3333333333333333,0.3333333333333333,0.125,0.4324683965402528,0.36593479707252163,0.0665335994677312,0.1330671989354624,0.2328675981370592,0,0,0.0665335994677312,0.33266799733865604,0.7692307692307693,1.3639387890884898,11,30,0
"Victor Wembanyama","SAS",46,1527,2.9685719098055046,115.77266922094508,112.80409731113957,31.513409961685824,0.21031746031746032,0.3877551020408163,0.2608695652173913,0.15151515151515152,5.633802816901408,5.28169014084507,0.352112676056338,3.297055057618438,1.7605633802816902,0.22407170294494239,0.09603072983354674,0.2560819462227913,3.7131882202304736,0.6590909090909091,1.6645326504481435,15,37,0.2560819462227913
"Gabe Vincent","LAL",72,1525,0.9674331727410106,114.49228791773778,113.52485474499677,13.399742930591259,0.21354166666666666,0.5333333333333333,0.4,0.4166666666666667,0.4196255648805681,0.4196255648805681,0,0.0645577792123951,0.35506778566817304,0,0,0,0.19367333763718528,0.46153846153846156,1.6462233699160749,23,28,0
"Jonas Valančiūnas","SAC",81,1524,-10.164928520760455,112.08931419457734,122.25424271533781,19.074960127591705,0.13793103448275862,0.5180722891566265,0.16666666666666666,0.125,1.4729426833173231,1.4729426833173231,0,0.5763688760806917,0.8965738072366315,0,0,0,0.9285943003522255,0.6304347826086957,1.1847582452769774,12,25,0.06404098623118797
"Jerami Grant","POR",47,1524,-6.496898926465704,109.30604413175568,115.80294305822136,19.571474256475856,0.33695652173913043,0.34177215189873417,0.3125,0.41379310344827586,1.471529110684581,1.183621241202815,0.28790786948176583,0.7357645553422905,0.44785668586052463,0,0.03198976327575176,0.2559181062060141,0.8957133717210493,0.6086956521739131,1.3115802943058221,21,20,0.06397952655150352
"Kyle Filipowski","UTA",72,1522,-11.141250930159458,110.48973143759873,121.63098236775818,18.862559241706162,0.2536231884057971,0.4,0.3728813559322034,0.3333333333333333,0.6926952141057935,0.6926952141057935,0,0.3778337531486146,0.3148614609571788,0,0,0,0.4093198992443325,0.5909090909090909,1.5113350125944585,10,38,0.09445843828715365
"Ja Morant","MEM",50,1519,6.0281918455482355,118.6471663619744,112.61897451642616,32.75441803778184,0.2857142857142857,0.3645833333333333,0.3532934131736527,0.13043478260869565,0.368437212158428,0.368437212158428,0,0.24562480810561868,0.12281240405280934,0,0,0,0.184218606079214,0.5,1.8728891618053423,28,33,0.092109303039607
"Matas Buzelis","CHI",80,1511,-1.5346349457923338,113.01138111350355,114.54601605929585,19.10181482620732,0.2485207100591716,0.3855421686746988,0.38095238095238093,0.16666666666666666,2.316244595429277,2.2235948116121063,0.0926497838171711,1.3897467572575664,0.8029647930821495,0.030883261272390366,0.06176652254478073,0.030883261272390366,1.4823965410747375,0.64,0.8956145768993206,9,20,0.06176652254478073
"LaMelo Ball","CHA",47,1505,-4.905097931795851,114.80411046885035,119.7092084006462,33.71868978805395,0.30678466076696165,0.4074074074074074,0.3805970149253731,0.26666666666666666,0.420032310177706,0.3877221324717286,0.03231017770597738,0.22617124394184168,0.12924071082390953,0.03231017770597738,0.03231017770597738,0,0.22617124394184168,0.5384615384615384,1.7447495961227786,15,39,0
"Dalton Knecht","LAL",78,1494,-2.0986216220542246,115.53463349024882,117.63325511230306,21.04909213180901,0.2,0.375,0.3404255319148936,0.2,0.2681863895407308,0.23466309084813947,0.03352329869259135,0.1340931947703654,0.10056989607777406,0,0,0.03352329869259135,0.10056989607777406,0.375,0.8045591686221925,4,20,0
"Kevin Porter Jr.","MIL",75,1482,1.4399701110598357,111.92994051553205,110.48997040447222,23.793787177792467,0.22608695652173913,0.2549019607843137,0.22115384615384615,0.21794871794871795,0.4274909569220651,0.3288391976323578,0.09865175928970733,0.1644195988161789,0.1644195988161789,0,0.03288391976323578,0.06576783952647156,0.295955277869122,0.6923076923076923,2.663597500822098,31,50,0.03288391976323578
"D'Angelo Russell","BKN",58,1481,-1.3698561228524397,113.12728481222997,114.49714093508241,21.734795613160518,0.2320675105485232,0.43333333333333335,0.1875,0.2,0.7736293306424487,0.6390850992263707,0.13454423141607805,0.2690884628321561,0.3699966363942146,0,0.06727211570803902,0.06727211570803902,0.2690884628321561,0.34782608695652173,1.8836192398250926,16,40,0
"Lauri Markkanen","UTA",47,1476,-6.150785588026594,113.77734247469802,119.9281280627246,25.13875285667646,0.2702702702702703,0.375,0.3150684931506849,0.45,0.5553740607644561,0.5553740607644561,0,0.3266906239790918,0.22868343678536426,0,0,0,0.1633453119895459,0.29411764705882354,1.078079059131003,8,25,0.09800718719372754
"Luke Kennard","MEM",65,1472,3.3942867817107185,120.69952305246423,117.30523627075351,15.739268680445152,0.23809523809523808,0.2727272727272727,0.4634146341463415,0.4090909090909091,0.15964240102171137,0.15964240102171137,0,0.031928480204342274,0.1277139208173691,0,0,0,0.031928480204342274,0.2,1.5964240102171137,15,35,0
"Jamal Shead","TOR",75,1467,-7.547127781387687,108.52254030931228,116.06966809069996,15.992102665350444,0.2986111111111111,0.3488372093023256,0.3409090909090909,0.47058823529411764,0.3286230693394676,0.2628984554715741,0.06572461386789352,0.06572461386789352,0.19717384160368057,0,0.03286230693394676,0.03286230693394676,0.1643115346697338,0.5,1.9060138021689124,17,41,0
"Aaron Gordon","DEN",51,1447,9.501816323521751,124.85049833887042,115.34868201534869,21.694352159468437,0.17708333333333334,0.6133333333333333,0.36363636363636365,0.35294117647058826,0.4671338004671338,0.4337671004337671,0.0333667000333667,0.2335669002335669,0.2002002002002002,0,0,0.0333667000333667,0.2335669002335669,0.5,0.7674341007674341,5,18,0
"Isaiah Stewart","DET",72,1434,0.5377609378810178,112.49575551782682,111.9579945799458,10.865874363327674,0.1388888888888889,0.40350877192982454,0.21428571428571427,0,3.421409214092141,3.3875338753387534,0.03387533875338753,1.897018970189702,1.456639566395664,0.03387533875338753,0,0.03387533875338753,2.1341463414634148,0.6237623762376238,0.948509485094851,11,17,0.3048780487804878
"Brice Sensabaugh","UTA",71,1432,-10.060051806518928,111.92599933927981,121.98605114579874,22.398414271555996,0.26666666666666666,0.5652173913043478,0.2923076923076923,0.15789473684210525,0.2656924609764198,0.2656924609764198,0,0.16605778811026237,0.09963467286615742,0,0,0,0.16605778811026237,0.625,1.5277316506144138,21,25,0
"Goga Bitadze","ORL",70,1430,2.69916371318331,112.4552612741589,109.75609756097562,12.133142448103078,0.18181818181818182,0.5303030303030303,0.23529411764705882,0.2857142857142857,3.51506456241033,3.479196556671449,0.035868005738880916,1.6140602582496413,1.793400286944046,0.07173601147776183,0,0.035868005738880916,2.33142037302726,0.6632653061224489,1.757532281205165,21,28,0.6097560975609756
"Kel'el Ware","MIA",64,1422,2.2108126616298733,115.69317382125263,113.48236115962278,16.85432793807178,0.16901408450704225,0.2878787878787879,0.15384615384615385,0.2,2.4799161718477123,2.444987775061125,0.0349283967865875,1.3272790778903247,1.1177086971708,0,0.0349283967865875,0,1.2923506811037373,0.5211267605633803,1.3622074746769124,8,31,0.38421236465246245
"Tari Eason","HOU",57,1420,5.388203017832652,117.8326474622771,112.44444444444444,18.07270233196159,0.27586206896551724,0.4230769230769231,0.4264705882352941,0.5333333333333333,1.7094017094017093,1.641025641025641,0.06837606837606838,0.717948717948718,0.8888888888888888,0.03418803418803419,0.03418803418803419,0.03418803418803419,1.1282051282051282,0.66,3.3162393162393164,46,51,0.03418803418803419
"Zach Edey","MEM",66,1416,6.0388918352683305,120.4629319020463,114.42404006677796,13.887957061388796,0.29411764705882354,0.4666666666666667,0.32051282051282054,0,2.8380634390651087,2.7378964941569284,0.1001669449081803,1.2353923205342237,1.4357262103505843,0.0667779632721202,0.0667779632721202,0.0333889816360601,1.7028380634390652,0.6,1.2020033388981637,11,25,0.0333889816360601
"T.J. McConnell","IND",79,1415,-0.9890047118112051,115.50965120216728,116.49865591397848,23.366068405011852,0.06451612903225806,0.3188405797101449,0.23026315789473684,0.20512820512820512,0.7056451612903226,0.6720430107526881,0.033602150537634407,0.20161290322580644,0.47043010752688175,0,0,0.033602150537634407,0.26881720430107525,0.38095238095238093,2.788978494623656,25,58,0
"Terance Mann","ATL",67,1414,-1.7520333191148865,115.92334494773519,117.67537826685007,15.993031358885018,0.31,0.2,0.3958333333333333,0,0.515818431911967,0.4814305364511692,0.0343878954607978,0.2407152682255846,0.2407152682255846,0,0,0.0343878954607978,0.343878954607978,0.6666666666666666,1.6162310866574965,21,26,0
"Ryan Dunn","PHX",74,1410,-3.5748934234009937,114.54283657307415,118.11772999647515,15.37077033837293,0.2696629213483146,0.35714285714285715,0.46153846153846156,0.125,1.4099400775467044,1.3041945717307015,0.10574550581600282,0.6697215368346845,0.5992245329573493,0.035248501938667604,0.035248501938667604,0.07049700387733521,0.7402185407120198,0.525,1.5509340853013747,17,27,0.14099400775467041
"Sam Merrill","CLE",71,1401,10.60635104109167,120.33195020746888,109.72559916637722,15.836791147994468,0.2290748898678414,0.2727272727272727,0,0.5,0.4862799583188607,0.38207711010767625,0.10420284821118445,0.24313997915943036,0.13893713094824592,0,0.06946856547412296,0.03473428273706148,0.2084056964223689,0.42857142857142855,1.8409169850642584,16,37,0
"Ayo Dosunmu","CHI",46,1394,-7.214942940925468,113.00675675675676,120.22169969768223,17.533783783783782,0.18110236220472442,0.3387096774193548,0.32142857142857145,0.6666666666666666,0.6046355391333558,0.6046355391333558,0,0.3359086328518643,0.26872690628149143,0,0,0,0.235136042996305,0.3888888888888889,1.4444071212630165,14,29,0.10077258985555929
"Ty Jerome","CLE",70,1393,9.385295880020749,122.65840220385675,113.27310632383599,26.34297520661157,0.27205882352941174,0.40476190476190477,0.36633663366336633,0.2857142857142857,0.10423905489923559,0.10423905489923559,0,0.06949270326615706,0.03474635163307853,0,0,0,0.06949270326615706,0.6666666666666666,2.710215427380125,40,38,0
"Julian Strawther","DEN",65,1384,-2.213935460437014,114.74048442906575,116.95441988950276,19.06574394463668,0.23699421965317918,0.4,0.2786885245901639,0.4444444444444444,0.5524861878453039,0.4488950276243094,0.10359116022099447,0.17265193370165746,0.27624309392265195,0,0,0.10359116022099447,0.3453038674033149,0.625,1.3466850828729282,18,21,0
"Nick Smith Jr.","CHA",60,1369,-15.063977389516964,103.89285714285714,118.9568345323741,18.464285714285715,0.24623115577889448,0.21052631578947367,0.29213483146067415,0.18181818181818182,0.2158273381294964,0.17985611510791366,0.03597122302158273,0.07194244604316546,0.07194244604316546,0.03597122302158273,0,0.03597122302158273,0.03597122302158273,0.16666666666666666,0.6115107913669064,6,11,0
"Jaime Jaquez Jr.","MIA",66,1368,-5.6380185541746926,110.91370558375635,116.55172413793103,18.491660623640318,0.2727272727272727,0.40540540540540543,0.2976190476190476,0,0.5081669691470054,0.47186932849364793,0.036297640653357534,0.29038112522686027,0.18148820326678766,0,0.036297640653357534,0,0.3629764065335753,0.7142857142857143,2.2141560798548094,22,39,0.036297640653357534
"Jeremy Sochan","SAS",54,1367,-2.631668322337987,114.45783132530121,117.08949964763919,18.284904323175052,0.24193548387096775,0.32967032967032966,0.4423076923076923,0.125,0.9513742071881607,0.8809020436927414,0.07047216349541931,0.5990133897110641,0.28188865398167723,0,0,0.07047216349541931,0.5285412262156448,0.5555555555555556,1.5856236786469344,16,29,0.14094432699083861
"Nicolas Batum","LAC",78,1367,5.794429391551688,113.56421356421357,107.76978417266187,10.425685425685426,0.18018018018018017,0.2222222222222222,0.5,0,1.2949640287769784,1.079136690647482,0.2158273381294964,0.4676258992805755,0.6115107913669064,0,0.07194244604316546,0.14388489208633093,0.8992805755395683,0.6944444444444444,1.870503597122302,12,40,0.03597122302158273
"Jose Alvarado","NOP",56,1366,-9.434770656002158,110.6810035842294,120.11577424023154,19.2831541218638,0.30569948186528495,0.5,0.23943661971830985,0.375,0.5065123010130246,0.4341534008683068,0.0723589001447178,0.0723589001447178,0.2894356005788712,0.0723589001447178,0.0361794500723589,0.0361794500723589,0.2894356005788712,0.5714285714285714,2.6772793053545585,30,44,0
"Luke Kornet","BOS",73,1361,15.030890651127407,124.45200302343159,109.42111237230421,10.808767951625095,0,0.43333333333333335,0.26666666666666666,0,2.686341278849792,2.4214907302307984,0.26485054861899354,1.0215664018161181,1.362088535754824,0.037835792659856225,0.1513431706394249,0.11350737797956867,1.8917896329928112,0.704225352112676,1.362088535754824,8,28,0.07567158531971245
"Trey Lyles","SAC",69,1349,-2.135862815665206,114.98717478930011,117.12303760496532,13.521436423598388,0.20261437908496732,0.34375,0.2727272727272727,0,0.8397225264695144,0.8032128514056225,0.03650967506389193,0.32858707557502737,0.4746257758305951,0,0.03650967506389193,0,0.4746257758305951,0.5652173913043478,1.4968966776195691,17,24,0.18254837531945967
"Jake LaRavia","SAC",66,1349,4.756982908688087,118.48591549295776,113.72893258426966,13.943661971830986,0.3037974683544304,0.4166666666666667,0.4528301886792453,0.4,0.8075842696629213,0.5617977528089888,0.24578651685393257,0.2808988764044944,0.21067415730337077,0.0702247191011236,0.10533707865168539,0.1404494382022472,0.351123595505618,0.43478260869565216,2.1769662921348316,29,33,0
"Bogdan Bogdanović","LAC",54,1348,2.7490416984371535,115.44802867383513,112.69898697539797,18.49462365591398,0.24157303370786518,0.45161290322580644,0.26,0.25,0.3979739507959479,0.361794500723589,0.0361794500723589,0.2532561505065123,0.1085383502170767,0,0.0361794500723589,0,0.2170767004341534,0.5454545454545454,1.4833574529667148,17,24,0
"Justin Champagnie","WAS",62,1340,-9.276778376403982,109.97854077253218,119.25531914893617,15.665236051502147,0.21739130434782608,0.4146341463414634,0.3157894736842105,0.3333333333333333,1.3829787234042554,1.2411347517730495,0.14184397163120568,0.6737588652482269,0.5319148936170213,0.03546099290780142,0.03546099290780142,0.10638297872340426,0.7446808510638298,0.5384615384615384,2.3049645390070923,23,42,0.14184397163120568
"Paul George","PHI",41,1334,-3.866029499251013,110.30280649926145,114.16883599851245,22.41506646971935,0.23952095808383234,0.23809523809523808,0.3064516129032258,0.11428571428571428,0.7437709185570844,0.6322052807735218,0.11156563778356267,0.3718854592785422,0.22313127556712534,0.03718854592785422,0.03718854592785422,0.07437709185570844,0.4834510970621049,0.65,2.7891409445890667,29,46,0.03718854592785422
"Ausar Thompson","DET",59,1328,3.824608150470226,116.10909090909091,112.28448275862068,18.181818181818183,0.3125,0.3695652173913043,0.3125,0.5,1.4367816091954022,1.221264367816092,0.21551724137931033,0.646551724137931,0.5747126436781609,0,0.10775862068965517,0.10775862068965517,0.6824712643678161,0.475,3.5201149425287355,42,56,0.07183908045977011
"Donovan Clingan","POR",67,1324,0.12800423944693762,112.58690084156605,112.45889660211911,9.732894255397,0.11764705882352941,0.43529411764705883,0.25806451612903225,0.5,4.01899890390939,3.6901717208622578,0.3288271830471319,1.6441359152356594,1.8998903909389844,0.1461454146876142,0.0730727073438071,0.2557544757033248,2.3748629886737302,0.5909090909090909,1.2422360248447204,10,24,0.1461454146876142
"Jordan Hawkins","NOP",56,1321,-12.486004698030769,108.91089108910892,121.3968957871397,19.655298863219656,0.2876712328767123,0.36,0.3,0.14285714285714285,0.8499630450849963,0.8130081300813008,0.03695491500369549,0.5912786400591279,0.18477457501847747,0.03695491500369549,0,0.03695491500369549,0.6282335550628233,0.7391304347826086,1.1086474501108647,11,19,0.11086474501108648
"Tyrese Martin","BKN",60,1315,-9.363208608632164,106.79648720885834,116.15969581749049,17.64032073310424,0.2742857142857143,0.43478260869565216,0.38596491228070173,0.3333333333333333,0.34220532319391633,0.3041825095057034,0.03802281368821293,0.22813688212927757,0.07604562737642585,0,0,0.03802281368821293,0.2661596958174905,0.7777777777777778,1.2927756653992395,14,20,0
"Mason Plumlee","PHX",74,1300,0.7588822832926923,119.12154486936767,118.36266258607498,9.617569102612647,0,0.375,0.24242424242424243,0,1.7980107115531752,1.7597551644988523,0.03825554705432287,0.8033664881407804,0.9563886763580719,0,0,0.03825554705432287,1.224177505738332,0.6808510638297872,1.2624330527926548,14,19,0.03825554705432287
"Jonathan Mogbo","TOR",63,1286,-9.416318369971464,106.04026845637584,115.4565868263473,12.15510812826249,0.1956521739130435,0.33766233766233766,0.4,0.2,1.2724550898203593,1.0479041916167664,0.2245508982035928,0.4491017964071856,0.5988023952095808,0,0,0.2245508982035928,0.5239520958083832,0.4117647058823529,2.058383233532934,27,28,0.0374251497005988
"Jalen Johnson","ATL",36,1284,1.7709572300480119,114.6393972012917,112.8684399712437,20.882669537136707,0.18478260869565216,0.4666666666666667,0.297029702970297,0.36363636363636365,1.2940330697340043,1.1861969805895038,0.10783608914450037,0.7907979870596693,0.39539899352983465,0,0.07189072609633357,0.035945363048166784,0.7189072609633357,0.5555555555555556,2.01294033069734,12,44,0.10783608914450037
"Max Strus","CLE",50,1273,8.424019529624928,122.56351915054987,114.13949962092495,16.07887751232461,0.24571428571428572,0.2857142857142857,0.5,0,0.45489006823351025,0.41698256254738436,0.03790750568612585,0.18953752843062927,0.22744503411675512,0,0,0.03790750568612585,0.18953752843062927,0.4166666666666667,0.9855951478392722,7,19,0
"Johnny Juzang","UTA",64,1270,-13.922238457629888,109.4553706505295,123.37760910815939,19.17549167927383,0.2512820512820513,0.4444444444444444,0.25,0.13333333333333333,0.3036053130929791,0.3036053130929791,0,0.07590132827324478,0.22770398481973433,0,0,0,0.15180265654648956,0.5,1.4800759013282732,15,24,0
"Ronald Holland II","DET",81,1266,-0.5459144159570855,113.21414691022153,113.76006132617862,18.266614846482707,0.2897196261682243,0.3584905660377358,0.3333333333333333,0.3333333333333333,0.6515906477577615,0.4982752012265236,0.15331544653123802,0.19164430816404754,0.2683020314296665,0.038328861632809505,0.07665772326561901,0.07665772326561901,0.2683020314296665,0.4117647058823529,1.8781142200076657,24,25,0.038328861632809505
"Javonte Green","CLE",68,1258,-7.39548235633967,112.5048243921266,119.90030674846626,10.961018911617137,0.20212765957446807,0.3783783783783784,0.4,0.6666666666666666,1.1886503067484662,1.1503067484662577,0.03834355828220859,0.8819018404907976,0.23006134969325154,0.03834355828220859,0,0.03834355828220859,0.6901840490797546,0.5806451612903226,2.4923312883435584,23,42,0
"Nick Richards","PHX",57,1256,-8.041436420845017,114.99005964214713,123.03149606299213,14.473161033797217,0,0.3064516129032258,0.23943661971830985,0.14285714285714285,2.1653543307086616,2.1653543307086616,0,1.1811023622047243,0.984251968503937,0,0,0,1.220472440944882,0.5636363636363636,0.5511811023622047,3,11,0.3543307086614173
"Dean Wade","CLE",59,1252,11.668126569999345,123.36448598130842,111.69635941130906,10.630841121495328,0.26618705035971224,0.3333333333333333,0.2,0.3333333333333333,0.774593338497289,0.774593338497289,0,0.2711076684740511,0.5034856700232379,0,0,0,0.34856700232378,0.45,1.6266460108443068,13,29,0
"Ricky Council IV","PHI",73,1250,-6.161548872031631,112.5098347757671,118.67138364779873,19.00078678206137,0.20666666666666667,0.46153846153846156,0.3114754098360656,0.5833333333333334,0.5110062893081762,0.5110062893081762,0,0.35377358490566035,0.1179245283018868,0.03930817610062893,0,0,0.2751572327044025,0.5384615384615384,1.2578616352201257,13,19,0
"Tidjane Salaün","CHA",60,1244,-12.600288575102255,101.81159420289855,114.4118827780008,12.52012882447665,0.25,0.3333333333333333,0.2765957446808511,0.4,0.5620232838217584,0.5218787635487756,0.04014452027298274,0.3211561621838619,0.20072260136491368,0,0,0.04014452027298274,0.3211561621838619,0.5714285714285714,1.1641910879164994,10,19,0.04014452027298274
"Bobby Portis","MIL",49,1244,2.991118077324984,116.66666666666667,113.6755485893417,22.0404984423676,0.10909090909090909,0.3488372093023256,0.1827956989247312,0.14925373134328357,1.0188087774294672,0.9404388714733543,0.07836990595611286,0.5094043887147336,0.39184952978056425,0.03918495297805643,0,0.07836990595611286,0.6661442006269592,0.6538461538461539,1.371473354231975,13,22,0.03918495297805643
"Moussa Diabaté","CHA",71,1241,-3.9669131720378346,109.28805237315875,113.25496554519658,11.988543371522095,0.6,0.3880597014925373,0.2564102564102564,1,1.6214025131738954,1.5403323875152006,0.08107012565869477,1.053911633563032,0.4864207539521686,0,0,0.08107012565869477,0.8917713822456425,0.55,1.8646128901499797,22,24,0.12160518848804215
"Jeremiah Robinson-Earl","NOP",66,1239,-12.355291035241223,109.44510035419127,121.80039138943248,12.436048799685164,0.18867924528301888,0.24390243902439024,0.22580645161290322,0,0.273972602739726,0.273972602739726,0,0.19569471624266144,0.07827788649706457,0,0,0,0.03913894324853229,0.14285714285714285,1.5264187866927592,13,26,0.03913894324853229
"Simone Fontecchio","DET",75,1237,0.40556097230431476,113.92012407910043,113.51456310679612,14.811942613416052,0.2413793103448276,0.28125,0.39285714285714285,0.1,0.46601941747572817,0.42718446601941745,0.038834951456310676,0.23300970873786409,0.1941747572815534,0,0.038834951456310676,0,0.34951456310679613,0.75,1.203883495145631,10,21,0.07766990291262135
"Cole Anthony","ORL",67,1234,-1.4656175196590482,110.19082419813236,111.65644171779141,23.345513601299228,0.29545454545454547,0.3055555555555556,0.3333333333333333,0.09375,1.30879345603272,1.2269938650306749,0.081799591002045,0.5725971370143149,0.6134969325153374,0.0408997955010225,0,0.081799591002045,0.4498977505112474,0.34375,1.8404907975460123,20,25,0
"Ben Sheppard","IND",63,1228,-0.7903391133509814,114.97053045186641,115.76086956521739,11.394891944990176,0.21705426356589147,0.3684210526315789,0.4666666666666667,1,0.5434782608695652,0.5434782608695652,0,0.15527950310559005,0.34937888198757766,0.03881987577639751,0,0,0.2717391304347826,0.5,1.4751552795031055,13,25,0
"Daniel Gafford","DAL",57,1226,1.4306199978978071,118.03797468354429,116.6073546856465,20.213607594936708,0,0.3902439024390244,0.2894736842105263,0,4.033214709371293,3.835508105970739,0.19770660340055357,2.76789244760775,1.0280743376828787,0.039541320680110716,0.039541320680110716,0.15816528272044286,2.2538552787663106,0.5588235294117647,0.9094503756425465,12,11,0.4349545274812179
"John Collins","UTA",40,1220,-0.7693524348708962,114.97431845120506,115.74367088607595,24.891347293559857,0.2247191011235955,0.48148148148148145,0.3493975903614458,0.25,1.5822784810126582,1.5822784810126582,0,0.6724683544303798,0.9098101265822784,0,0,0,1.0284810126582278,0.65,1.5427215189873418,17,22,0.19778481012658228
"Caleb Martin","DAL",45,1218,-6.157846583683693,109.39679934345506,115.55464592713876,12.761592121460813,0.1111111111111111,0.2727272727272727,0.4473684210526316,0.38235294117647056,0.9414654113794515,0.7367990176013098,0.20466639377814164,0.3683995088006549,0.28653295128939826,0.08186655751125665,0.04093327875562833,0.1637331150225133,0.3274662300450266,0.34782608695652173,1.882930822758903,12,34,0
"Kristaps Porziņģis","BOS",42,1210,6.17391556223815,118.71463217461601,112.54071661237785,29.547291835084884,0.2013888888888889,0.5263157894736842,0.189873417721519,0.125,2.5651465798045603,2.52442996742671,0.04071661237785016,1.3436482084690553,1.1400651465798046,0.04071661237785016,0,0.04071661237785016,1.710097719869707,0.6666666666666666,1.262214983713355,5,26,0.16286644951140064
"Brandon Clarke","MEM",64,1207,8.122570162994975,119.44768572539867,111.3251155624037,15.558148580318942,0,0.38235294117647056,0.22826086956521738,0,1.386748844375963,1.386748844375963,0,0.4622496147919877,0.9244992295839753,0,0,0,0.847457627118644,0.6111111111111112,2.0030816640986133,18,34,0
"Deandre Ayton","POR",40,1206,-7.100286601069357,111.75990200081667,118.86018860188602,17.68068599428338,0.08,0.3958333333333333,0.3246753246753247,0.2,1.5990159901599017,1.5990159901599017,0,1.1070110701107012,0.45100451004510045,0.04100041000410004,0,0,0.9020090200902009,0.5641025641025641,1.2710127101271014,7,24,0
"Jarace Walker","IND",75,1187,-5.006556919575189,109.93136859103755,114.93792551061274,17.07710940654017,0.1792452830188679,0.2571428571428571,0.3,0.35714285714285715,1.001201441730076,0.8410092110532639,0.16019223067681218,0.4004805766920304,0.4004805766920304,0.040048057669203045,0.040048057669203045,0.12014417300760913,0.5606728073688426,0.56,2.1625951141369644,34,20,0
"Kawhi Leonard","LAC",37,1180,12.765836984749967,122.26944326391839,109.50360627916844,31.831704207394814,0.14414414414414414,0.28125,0.2608695652173913,0.19607843137254902,0.7212558336868902,0.6788290199406024,0.04242681374628765,0.0848536274925753,0.5515485787017395,0.04242681374628765,0.04242681374628765,0,0.3818413237165889,0.5294117647058824,2.5031820110309715,23,36,0
"Clint Capela","ATL",55,1176,-2.919376173239442,111.55378486055777,114.47316103379723,14.621513944223107,0,0.36633663366336633,0.24242424242424243,0,2.0675944333996026,2.0675944333996026,0,1.4314115308151094,0.5964214711729622,0.039761431411530816,0,0,1.312127236580517,0.6346153846153846,1.3518886679920477,10,24,0
"Cody Martin","PHX",53,1173,-2.9122635144883304,110.9674728940784,113.87973640856671,13.344453711426189,0.3269230769230769,0.3448275862068966,0.14814814814814814,0.21739130434782608,1.3179571663920921,1.2767710049423393,0.04118616144975288,0.7825370675453048,0.41186161449752884,0.08237232289950576,0,0.04118616144975288,0.700164744645799,0.53125,2.3064250411861615,21,35,0
"Mark Williams","CHA",44,1171,-12.929124091912627,108.58564910825383,121.51477320016646,22.23143923683119,0.75,0.27380952380952384,0.1411764705882353,0,2.247191011235955,2.0807324178110695,0.16645859342488556,1.2068248023304202,0.8322929671244278,0.04161464835622139,0.12484394506866417,0.04161464835622139,1.1235955056179776,0.5,1.3316687473990845,9,23,0.4161464835622139
"Precious Achiuwa","NYK",57,1170,-0.39005697188243005,113.7462876537972,114.13634462567963,12.176495545184556,0.34615384615384615,0.375,0.2459016393442623,0,1.7565872020075282,1.631116687578419,0.12547051442910917,1.3383521539104977,0.2927645336679214,0,0,0.12547051442910917,1.2547051442910917,0.7142857142857143,1.9657047260560434,19,28,0.12547051442910917
"Justin Edwards","PHI",44,1156,-12.098971031071102,113.95646606914212,126.05543710021323,16.51728553137004,0.19834710743801653,0.5,0.3055555555555556,0.15384615384615385,0.6823027718550106,0.6823027718550106,0,0.3411513859275053,0.29850746268656714,0.042643923240938165,0,0,0.3837953091684435,0.5625,1.9189765458422174,18,27,0
"Nikola Jović","MIA",46,1156,-1.9802764863793954,111.67381974248927,113.65409622886865,19.699570815450645,0.25,0.39285714285714285,0.23809523809523808,0,0.5635023840485479,0.5635023840485479,0,0.3467706978760295,0.21673168617251842,0,0,0,0.3034243606415258,0.5384615384615384,1.64716081491114,10,28,0
"Vít Krejčí","ATL",57,1153,-2.3287780424027176,112.18801996672214,114.51679800912484,15.349417637271214,0.19469026548672566,0.5,0.29411764705882354,0,1.0783907092492742,1.0369141435089175,0.0414765657403567,0.5806719203649938,0.41476565740356697,0.0414765657403567,0,0.0414765657403567,0.6221484861053505,0.5769230769230769,1.4931563666528411,16,20,0.0414765657403567
"Jonathan Kuminga","GSW",47,1144,0.6771361230653383,112.16795201371036,111.49081589064502,27.463581833761783,0.29,0.4489795918367347,0.3181818181818182,0.19047619047619047,0.897052541648868,0.8543357539513029,0.042716787697565144,0.3844510892780863,0.42716787697565145,0.042716787697565144,0,0.042716787697565144,0.6407518154634771,0.7142857142857143,1.6232379325074755,16,22,0.08543357539513029
"Kevon Looney","GSW",76,1142,5.946846647856503,115.8826068191627,109.9357601713062,9.192921881743635,0,0.5625,0.3469387755102041,0.29411764705882354,1.5845824411134903,1.4989293361884368,0.08565310492505353,0.5139186295503212,0.9850107066381156,0,0.042826552462526764,0.042826552462526764,0.8993576017130621,0.5675675675675675,1.9700214132762313,24,22,0
"Kenrich Williams","OKC",69,1132,14.202783484167085,121.47160068846817,107.26881720430107,16.566265060240966,0.24271844660194175,0.40625,0.3548387096774194,0.42857142857142855,0.43010752688172044,0.3870967741935484,0.043010752688172046,0.17204301075268819,0.12903225806451613,0.08602150537634409,0,0.043010752688172046,0.21505376344086022,0.5,1.8494623655913978,9,34,0
"Aaron Nesmith","IND",45,1123,9.458975888532535,123.3895373973195,113.93056150878698,20.925205361003027,0.21621621621621623,0.40625,0.34375,0.18181818181818182,0.7286755250750108,0.7286755250750108,0,0.5143591941705958,0.2143163309044149,0,0,0,0.2571795970852979,0.35294117647058826,1.5002143163309045,12,23,0.12858979854264896
"Julian Phillips","CHI",79,1123,1.9492285241609153,116.10852055955914,114.15929203539822,12.84442560406952,0.24271844660194175,0.425,0.4666666666666667,0,0.8428150021070375,0.8006742520016856,0.04214075010535188,0.5056890012642224,0.2949852507374631,0,0,0.04214075010535188,0.5899705014749262,0.7,1.6013485040033713,18,20,0
"Dalano Banton","POR",67,1120,-2.6311098595093654,112.10025929127052,114.7313691507799,22.082973206568713,0.3424657534246575,0.3,0.3333333333333333,0.25,1.4731369150779896,1.34315424610052,0.12998266897746968,0.389948006932409,0.8665511265164645,0.08665511265164645,0,0.12998266897746968,0.779896013864818,0.5294117647058824,1.8630849220103987,16,27,0
"Ben Simmons","LAC",51,1120,-1.9908292059947144,114.4524236983842,116.44325290437891,9.964093357271095,0,0.3333333333333333,0.27419354838709675,0,1.0277033065236818,0.8936550491510277,0.13404825737265416,0.3574620196604111,0.5361930294906166,0,0,0.13404825737265416,0.6702412868632708,0.6521739130434783,1.6979445933869526,17,21,0.08936550491510277
"Ja'Kobe Walter","TOR",52,1103,-3.1612544325001437,111.13074204946996,114.2919964819701,17.226148409893995,0.2857142857142857,0.5172413793103449,0.38461538461538464,0.125,0.4397537379067722,0.39577836411609496,0.04397537379067722,0.1759014951627089,0.2198768689533861,0,0,0.04397537379067722,0.2638522427440633,0.6,1.8909410729991205,20,23,0
"Jaxson Hayes","LAL",56,1093,3.9945842952595427,115.91214701927387,111.91756272401433,14.791573285522187,0,0.2857142857142857,0.2727272727272727,0,2.28494623655914,2.1057347670250897,0.17921146953405018,1.1200716845878136,0.985663082437276,0,0.044802867383512544,0.13440860215053763,1.0304659498207884,0.45098039215686275,1.3888888888888888,13,18,0.22401433691756273
"Jonathan Isaac","ORL",71,1090,-0.6938570882898603,109.50834879406308,110.20220588235293,11.595547309833025,0.24324324324324326,0.4878048780487805,0.05263157894736842,0.058823529411764705,3.676470588235294,3.5386029411764706,0.13786764705882354,1.8841911764705883,1.6544117647058822,0,0,0.13786764705882354,1.9761029411764706,0.5375,2.8033088235294117,38,23,0.04595588235294118
"Cameron Payne","NYK",72,1090,9.757573074823313,120.32667876588022,110.5691056910569,21.279491833030853,0.2857142857142857,0.5641025641025641,0.3269230769230769,0.5,0.7226738934056007,0.6323396567299007,0.09033423667570009,0.27100271002710025,0.31616982836495033,0.045167118337850046,0.045167118337850046,0.045167118337850046,0.31616982836495033,0.4375,1.7615176151761518,21,18,0
"DaQuan Jeffries","CHA",47,1071,-12.484231137528127,108.90764181903424,121.39187295656235,12.79887482419128,0.2857142857142857,0.37142857142857144,0.20833333333333334,0.4,1.1676786548341895,1.0742643624474544,0.09341429238673517,0.4670714619336759,0.4670714619336759,0.14012143858010276,0,0.09341429238673517,0.7006071929005138,0.6,1.2143858010275572,10,16,0.046707146193367584
"Jusuf Nurkić","CHA",51,1063,-8.655734929670103,109.24291686019507,117.89865178986517,17.83557826288899,0.10144927536231885,0.28,0.3275862068965517,0,1.5806601580660158,1.5806601580660158,0,1.0227801022780103,0.5113900511390052,0.046490004649000466,0,0,1.1622501162250116,0.7352941176470589,1.8596001859600186,20,20,0
"Seth Curry","CHA",68,1062,-8.65404460516001,108.92940626460963,117.58345086976964,17.34455352968677,0.28865979381443296,0.7142857142857143,0.4117647058823529,0.25,0.32910202162670427,0.23507287259050305,0.09402914903620123,0.09402914903620123,0.14104372355430184,0,0,0.09402914903620123,0.09402914903620123,0.2857142857142857,1.2693935119887165,7,20,0
"Cody Williams","UTA",50,1060,-14.62073217952097,106.42243328810493,121.04316546762591,9.859791949344189,0.2916666666666667,0.4444444444444444,0.2608695652173913,0.3333333333333333,0.7194244604316546,0.44964028776978415,0.2697841726618705,0.13489208633093525,0.2697841726618705,0.044964028776978415,0.08992805755395683,0.17985611510791366,0.49460431654676257,0.6875,1.0341726618705036,6,17,0
"Isaac Okoro","CLE",55,1053,13.405467946798012,124.98830135704257,111.58283341024458,14.225549836218999,0.34408602150537637,0.4444444444444444,0.5454545454545454,0,0.7383479464697739,0.6460544531610521,0.09229349330872173,0.2768804799261652,0.3230272265805261,0.046146746654360866,0.046146746654360866,0.046146746654360866,0.3230272265805261,0.4375,1.4766958929395477,5,27,0
"Oso Ighodaro","PHX",61,1045,0.12699970058260135,112.24392567889473,112.11692597831211,10.290614578370652,0,0.2,0.14814814814814814,0,1.3672795851013673,1.3672795851013673,0,0.6600660066006601,0.7072135785007072,0,0,0,0.7072135785007072,0.5172413793103449,1.3201320132013201,12,16,0
"Jared Butler","PHI",60,1044,-5.845627320868033,111.04997707473636,116.8956043956044,22.420907840440165,0.2571428571428571,0.4857142857142857,0.32954545454545453,0.4375,0.5494505494505495,0.5494505494505495,0,0.32051282051282054,0.22893772893772893,0,0,0,0.27472527472527475,0.5,1.9230769230769231,17,25,0
"Noah Clowney","BKN",46,1042,-13.979518081243896,104.83716475095785,118.81668283220174,16.85823754789272,0.23809523809523808,0.4,0.45714285714285713,0.3333333333333333,1.0184287099903007,0.9699321047526673,0.04849660523763336,0.9214354995150339,0.04849660523763336,0,0.04849660523763336,0,0.6789524733268671,0.6666666666666666,1.1639185257032008,10,14,0
"Jamison Battle","TOR",59,1042,-8.490593723364611,107.60719225449515,116.09778597785979,17.012448132780083,0.33557046979865773,0.3157894736842105,0.45,0.2,0.4612546125461255,0.4612546125461255,0,0.2767527675276753,0.18450184501845018,0,0,0,0.2767527675276753,0.6,0.7841328413284133,6,11,0
"Alex Caruso","OKC",54,1041,14.225168285728671,120.39686202122749,106.17169373549883,15.874480849100138,0.29906542056074764,0.2631578947368421,0.21052631578947367,0.16666666666666666,1.3921113689095128,1.3921113689095128,0,0.6496519721577726,0.6496519721577726,0.09280742459396751,0,0,0.7424593967517401,0.5333333333333333,4.037122969837587,32,55,0.04640371229698376
"Kris Murray","POR",69,1040,-1.3480823368481367,108.72979214780601,110.07787448465416,10.71593533487298,0.2988505747126437,0.425531914893617,0.5454545454545454,0,0.7787448465414567,0.6871278057718736,0.09161704076958314,0.5038937242327073,0.1832340815391663,0,0.04580852038479157,0.04580852038479157,0.5038937242327073,0.6470588235294118,1.603298213467705,9,26,0
"Dejounte Murray","NOP",31,1012,-10.224653702734784,110.74612857813234,120.97078228086711,23.650868137024872,0.2672413793103448,0.3541666666666667,0.3048780487804878,0.06521739130434782,0.5655042412818096,0.5655042412818096,0,0.3770028275212064,0.1885014137606032,0,0,0,0.2827521206409048,0.5,2.9217719132893496,17,45,0
"Jalen Suggs","ORL",35,1002,0.9413194852866127,107.76843146956952,106.82711198428291,25.977238990598714,0.21794871794871795,0.4090909090909091,0.31343283582089554,0.2222222222222222,1.6208251473477406,1.6208251473477406,0,0.8349705304518664,0.7367387033398821,0.04911591355599214,0,0,1.031434184675835,0.6363636363636364,2.504911591355599,22,29,0.09823182711198428
"Kyle Anderson","MIA",61,1002,-1.1358552419976888,109.1937069813176,110.3295622233153,14.060963618485742,0.28205128205128205,0.4782608695652174,0.3055555555555556,0.21428571428571427,1.6232169208066896,1.4756517461878997,0.14756517461878996,0.39350713231677326,1.0329562223315298,0.04918839153959666,0,0.14756517461878996,0.9837678307919331,0.6060606060606061,1.9675356615838662,22,18,0.09837678307919331
"Brandon Boston","NOP",42,993,-6.484360768249871,111.2879164594729,117.77227722772278,19.840875186474392,0.2727272727272727,0.4473684210526316,0.3333333333333333,0.2682926829268293,0.44554455445544555,0.3465346534653465,0.09900990099009901,0.297029702970297,0.04950495049504951,0,0,0.09900990099009901,0.39603960396039606,0.8888888888888888,2.623762376237624,21,32,0
"Dalen Terry","CHI",73,987,-7.358777227535484,107.409155261916,114.76793248945148,13.16658801321378,0.375,0.5510204081632653,0.35714285714285715,0.25,0.7032348804500703,0.6094702297233943,0.09376465072667604,0.4219409282700422,0.14064697609001406,0.04688232536333802,0.04688232536333802,0.04688232536333802,0.5625879043600562,0.8,2.015939990623535,17,26,0.04688232536333802
"Andre Jackson Jr.","MIL",67,980,-0.9547877336338928,113.64087301587301,114.59566074950689,9.424603174603174,0.15555555555555556,0.4074074074074074,0.2692307692307692,0,0.6903353057199211,0.6410256410256411,0.04930966469428008,0.4930966469428008,0.14792899408284024,0,0,0.04930966469428008,0.4437869822485207,0.6428571428571429,1.6765285996055226,12,22,0.04930966469428008
"Zach Collins","CHI",64,976,-0.861972431747958,112.3334977799704,113.19547021171837,17.118894918598915,0.2361111111111111,0.3333333333333333,0.2,0.5,1.427868045297883,1.3786312161496799,0.049236829148202856,0.8862629246676514,0.49236829148202854,0,0.049236829148202856,0,0.9354997538158543,0.6551724137931034,1.427868045297883,16,13,0
"Trayce Jackson-Davis","GSW",62,967,-2.84296628940281,111.33501259445843,114.17797888386123,16.775818639798487,0.3333333333333333,0.43283582089552236,0.25925925925925924,0,1.9105077928607341,1.7596782302664655,0.15082956259426847,0.7541478129713424,1.0055304172951232,0,0.10055304172951232,0.05027652086475616,1.3574660633484164,0.7105263157894737,1.1563599798893918,5,18,0.2513826043237808
"Thomas Bryant","IND",66,963,-2.0347838841919668,114.37185929648243,116.40664318067438,17.28643216080402,0.12244897959183673,0.4,0.26666666666666666,0,2.06341217916457,2.06341217916457,0,1.0568696527428283,1.0065425264217414,0,0,0,1.0065425264217414,0.4878048780487805,1.409159536990438,9,19,0.3019627579265224
"Jordan Clarkson","UTA",37,962,-9.638317314954918,109.82543640897755,119.46375372393247,26.48379052369077,0.2740740740740741,0.5,0.39215686274509803,0.4,0.4468718967229394,0.3972194637537239,0.04965243296921549,0.24826216484607747,0.14895729890764647,0,0,0.04965243296921549,0.29791459781529295,0.6666666666666666,1.5392254220456802,13,18,0.09930486593843098
"Jalen Smith","CHI",64,962,0.4098579065762351,114.25085407515863,113.84099616858238,21.13225963884822,0.12837837837837837,0.36363636363636365,0.125,0,2.10727969348659,2.10727969348659,0,1.5325670498084292,0.5747126436781609,0,0,0,1.3409961685823755,0.6363636363636364,0.814176245210728,4,13,0.04789272030651341
"Gary Payton II","GSW",62,927,5.496553195461161,119.01709401709402,113.52054082163286,18.26923076923077,0.2903225806451613,0.32142857142857145,0.38235294117647056,0,0.8840353614144566,0.8320332813312532,0.052002080083203325,0.26001040041601664,0.5720228809152366,0,0,0.052002080083203325,0.5720228809152366,0.6470588235294118,2.704108164326573,17,35,0
"Brandon Miller","CHA",27,924,-6.376470588235293,108.82352941176471,115.2,25.56149732620321,0.2808988764044944,0.3333333333333333,0.3442622950819672,0.38095238095238093,1.0666666666666667,0.9066666666666666,0.16,0.5333333333333333,0.37333333333333335,0,0.10666666666666667,0.05333333333333334,0.7466666666666667,0.7,1.5466666666666666,7,22,0.10666666666666667
"Bruce Brown","NOP",41,921,-12.944297082228118,107.05570291777188,120,16.392572944297083,0.3269230769230769,0.34210526315789475,0.28,0.5,0.5347593582887701,0.5347593582887701,0,0.26737967914438504,0.26737967914438504,0,0,0,0.21390374331550802,0.4,1.8181818181818181,11,23,0
"Immanuel Quickley","TOR",33,918,-1.470764694306638,112.46670218433671,113.93746687864335,26.691529035695257,0.27941176470588236,0.28,0.3194444444444444,0.3076923076923077,0.21197668256491786,0.1589825119236884,0.052994170641229466,0.052994170641229466,0.10598834128245893,0,0.052994170641229466,0,0.1589825119236884,0.75,1.2188659247482776,7,16,0
"Trendon Watford","BKN",43,913,-4.3955619199776095,108.27814569536423,112.67370761534187,23.454746136865342,0.23636363636363636,0.3333333333333333,0.34285714285714286,0,0.6670372429127293,0.6670372429127293,0,0.27793218454697055,0.38910505836575876,0,0,0,0.33351862145636463,0.5,1.500833796553641,10,17,0
"KJ Martin","UTA",43,912,-7.1786345387041735,112.31922870915906,119.49786324786325,13.336904124263524,0.37209302325581395,0.21875,0.3333333333333333,0,1.1752136752136753,1.1752136752136753,0,0.6410256410256411,0.5341880341880342,0,0,0,0.7478632478632479,0.6363636363636364,0.9081196581196581,7,10,0
"Day'Ron Sharpe","BKN",50,909,2.0102669559191213,112.76477146042363,110.7545045045045,14.046822742474916,0.21212121212121213,0.36619718309859156,0.3,0.25,2.364864864864865,2.3085585585585586,0.05630630630630631,1.3513513513513513,0.9572072072072072,0,0,0.05630630630630631,1.3513513513513513,0.5714285714285714,2.3085585585585586,12,29,0.05630630630630631
"Jaden Hardy","DAL",57,907,-4.2661561831039165,110.73119410836401,114.99735029146794,23.88216728037875,0.20512820512820512,0.35294117647058826,0.30612244897959184,0.23076923076923078,0.2649708532061473,0.2649708532061473,0,0.052994170641229466,0.1589825119236884,0.052994170641229466,0,0,0.1589825119236884,0.6,1.483836777954425,11,17,0
"Tre Jones","CHI",46,905,-1.6947617918148268,114.96311907270811,116.65788086452294,15.858798735511064,0.21428571428571427,0.29411764705882354,0.30952380952380953,0.25,0.5271481286241434,0.5271481286241434,0,0.21085925144965736,0.2635740643120717,0.05271481286241434,0,0,0.316288877174486,0.6,1.9504480759093306,18,19,0
"Adem Bona","PHI",58,902,-7.076292955816882,110.35791757049891,117.4342105263158,12.906724511930586,0,0.22727272727272727,0.4444444444444444,0,3.837719298245614,3.7280701754385963,0.10964912280701754,2.0833333333333335,1.644736842105263,0,0,0.10964912280701754,2.357456140350877,0.6142857142857143,1.4254385964912282,10,16,0.8771929824561403
"Jaden Ivey","DET",30,898,-3.8000514801766343,113.64887176664831,117.44892324682496,25.31645569620253,0.27380952380952384,0.42,0.3709677419354839,0.29411764705882354,0.6073992269464384,0.6073992269464384,0,0.11043622308117063,0.4969630038652678,0,0,0,0.3313086692435119,0.5454545454545454,1.5461071231363888,6,22,0.05521811154058531
"Kelly Olynyk","NOP",44,891,-4.328940864019231,112.59583789704271,116.92477876106196,17.250821467688937,0.15555555555555556,0.5641025641025641,0.18181818181818182,0.3076923076923077,1.0508849557522124,0.995575221238938,0.05530973451327434,0.497787610619469,0.497787610619469,0,0,0.05530973451327434,0.497787610619469,0.47368421052631576,1.825221238938053,15,18,0.05530973451327434
"Chet Holmgren","OKC",32,877,15.648684641921449,123.89666307857912,108.24797843665768,20.882669537136707,0.24285714285714285,0.45454545454545453,0.2727272727272727,0.3076923076923077,3.8274932614555257,3.7735849056603774,0.05390835579514825,2.4258760107816713,1.3477088948787062,0,0,0.05390835579514825,2.641509433962264,0.6901408450704225,1.2398921832884098,7,16,0.1078167115902965
"Alec Burks","MIA",49,863,6.40279394644935,116.70547147846334,110.30267753201397,18.742724097788127,0.36752136752136755,0.2727272727272727,0.3333333333333333,0.125,0.4074505238649593,0.4074505238649593,0,0.2910360884749709,0.11641443538998836,0,0,0,0.2910360884749709,0.7142857142857143,1.6298020954598371,7,21,0
"Neemias Queta","BOS",62,863,9.951107163491073,120.79089275014978,110.83978558665873,14.0203714799281,0,0.35,0.2692307692307692,0,2.501488981536629,2.3823704586063132,0.11911852293031566,1.2507444907683145,1.1316259678379987,0,0.05955926146515783,0.05955926146515783,1.6676593210244193,0.6666666666666666,1.072066706372841,9,9,0.29779630732578916
"Chris Boucher","TOR",50,862,0.5555114147995113,116.64746543778803,116.09195402298852,23.099078341013826,0.2833333333333333,0.2727272727272727,0.3333333333333333,0.4,1.4367816091954022,1.0919540229885059,0.3448275862068966,0.5172413793103449,0.5172413793103449,0.05747126436781609,0.11494252873563218,0.22988505747126436,0.5747126436781609,0.4,1.3793103448275863,10,14,0
"Zion Williamson","NOP",30,857,-3.226231791802121,117.17963066592053,120.40586245772268,35.142697257974255,0.14285714285714285,0.44,0.33653846153846156,0,1.5219842164599775,1.1837655016910935,0.3382187147688839,0.7328072153325818,0.3382187147688839,0.11273957158962795,0.11273957158962795,0.2254791431792559,0.9582863585118376,0.6296296296296297,2.0856820744081173,23,14,0.16910935738444194
"Khris Middleton","WAS",37,843,1.5266070199072743,117.19532554257096,115.66871852266368,21.480244852531996,0.24050632911392406,0.25,0.4318181818181818,0.1111111111111111,0.4476776720761052,0.4476776720761052,0,0.1119194180190263,0.33575825405707893,0,0,0,0.27979854504756574,0.625,1.9585898153329602,11,24,0
"KJ Simpson","CHA",36,842,-15.29852899956002,103.42587123449498,118.724400234055,13.939751919669225,0.22105263157894736,0.4782608695652174,0.3492063492063492,0.25,0.3510825043885313,0.3510825043885313,0,0.29256875365710944,0.058513750731421885,0,0,0,0.23405500292568754,0.6666666666666666,1.989467524868344,11,23,0
"Shake Milton","LAL",57,836,-6.767994452988177,109.13432835820896,115.90232281119715,16.35820895522388,0.234375,0.47619047619047616,0.37777777777777777,0.25,0.23823704586063132,0.23823704586063132,0,0.11911852293031566,0.11911852293031566,0,0,0,0.05955926146515783,0.25,1.4889815366289458,11,14,0
"Dereck Lively II","DAL",36,833,7.3760011046672105,117.17647058823529,109.80046948356808,13.882352941176471,0,0.4,0.3333333333333333,0,3.2863849765258215,3.2863849765258215,0,1.5845070422535212,1.6431924882629108,0.05868544600938967,0,0,1.9366197183098592,0.5892857142857143,1.1737089201877935,6,14,0.352112676056338
"Garrison Mathews","ATL",47,830,-3.5112141517428768,110.93573844419392,114.4469525959368,19.10935738444194,0.24615384615384617,0.3333333333333333,0.18181818181818182,0,0.8465011286681715,0.5079006772009029,0.33860045146726864,0.33860045146726864,0.16930022573363432,0,0.11286681715575621,0.22573363431151242,0.28216704288939054,0.3333333333333333,1.4672686230248306,7,19,0
"Cam Whitmore","HOU",51,827,0.7519682598722852,115.48881036513545,114.73684210526315,23.674911660777386,0.3162393162393162,0.4418604651162791,0.5208333333333334,0.42857142857142855,0.7602339181286549,0.7602339181286549,0,0.4093567251461988,0.3508771929824561,0,0,0,0.3508771929824561,0.46153846153846156,1.8128654970760234,9,22,0
"Ryan Rollins","MIL",56,820,4.498018309701919,116.39150943396226,111.89349112426036,18.75,0.25757575757575757,0.34782608695652173,0.2,0.07142857142857142,1.0059171597633136,0.8875739644970414,0.11834319526627218,0.41420118343195267,0.41420118343195267,0.05917159763313609,0,0.11834319526627218,0.47337278106508873,0.47058823529411764,2.485207100591716,16,26,0
"Marcus Sasser","DET",57,811,2.9274221813968495,113.66087477531455,110.73345259391772,20.61114439784302,0.25274725274725274,0.5384615384615384,0.34375,0.25,0.2385211687537269,0.17889087656529518,0.05963029218843172,0.05963029218843172,0.11926058437686345,0,0.05963029218843172,0,0.17889087656529518,0.75,2.206320810971974,18,19,0
"Steven Adams","HOU",57,795,9.464979215709064,119.4271481942715,109.96216897856243,6.35118306351183,1,0.627906976744186,0.41935483870967744,0,1.7654476670870114,1.7023959646910467,0.06305170239596469,0.7566204287515763,0.9457755359394704,0,0,0.06305170239596469,1.1349306431273645,0.6428571428571429,1.3871374527112232,3,19,0.12610340479192939
"Aaron Holiday","HOU",62,792,6.397976033637875,113.39013998782714,106.99216395418927,18.98965307364577,0.33653846153846156,0.5,0.3076923076923077,0.5714285714285714,0.6630500301386377,0.5424954792043399,0.12055455093429777,0.18083182640144665,0.3616636528028933,0,0.12055455093429777,0,0.18083182640144665,0.2727272727272727,1.1452682338758289,4,15,0
"Karlo Matković","NOP",42,791,-5.341266493003246,111.66056166056167,117.0018281535649,16.544566544566546,0.20454545454545456,0.3333333333333333,0.2,0,2.498476538695917,2.437538086532602,0.06093845216331505,1.2797074954296161,1.157830591102986,0,0,0.06093845216331505,1.4625228519195612,0.5853658536585366,1.340645947592931,8,14,0.3656307129798903
"Caleb Houstan","ORL",58,788,-3.4083681176704346,106.91214470284237,110.32051282051282,14.276485788113694,0.3076923076923077,0.6,0.4,0,0.38461538461538464,0.32051282051282054,0.0641025641025641,0.1282051282051282,0.19230769230769232,0,0.0641025641025641,0,0.19230769230769232,0.5,1.4102564102564104,7,15,0
"Vasilije Micić","PHX",41,785,-8.493800921594655,104.43444730077121,112.92824822236587,15.488431876606684,0.3116883116883117,0.2692307692307692,0.4594594594594595,0.17647058823529413,0,0,0,0,0,0,0,0,0,0,0.9696186166774402,4,11,0
"Jaylin Williams","OKC",47,784,17.723879616934326,123.93162393162395,106.20774431468962,14.224664224664224,0.2222222222222222,0.5,0.3076923076923077,0,1.782421634910879,1.659496004917025,0.12292562999385372,0.7375537799631223,0.9219422249539029,0,0,0.12292562999385372,0.860479409956976,0.4827586206896552,1.352181929932391,7,15,0.06146281499692686
"Pelle Larsson","MIA",55,782,3.232910500352361,114.47028423772609,111.23737373737374,14.987080103359173,0.19047619047619047,0.3333333333333333,0.2777777777777778,0,0.44191919191919193,0.44191919191919193,0,0.12626262626262627,0.31565656565656564,0,0,0,0.31565656565656564,0.7142857142857143,2.0202020202020203,8,24,0
"Cam Thomas","BKN",25,781,-6.552314966208854,116.92708333333334,123.4793982995422,36.5234375,0.30578512396694213,0.1875,0.25,0.3333333333333333,0.13080444735120994,0.13080444735120994,0,0.06540222367560497,0.06540222367560497,0,0,0,0,0,0.9810333551340745,4,11,0
"Lindy Waters III","DET",52,777,1.0087937371433071,114.30395913154534,113.29516539440203,13.729246487867178,0.30578512396694213,0.3333333333333333,0.4444444444444444,0.5,0.6997455470737913,0.6997455470737913,0,0.3816793893129771,0.31806615776081426,0,0,0,0.3816793893129771,0.5454545454545454,1.717557251908397,15,12,0
"Lonzo Ball","CHI",35,777,6.3494521312344006,116.90734055354993,110.55788842231553,14.259927797833935,0.256198347107438,0.5,0.2,0,1.0197960407918416,1.0197960407918416,0,0.47990401919616077,0.5398920215956808,0,0,0,0.41991601679664065,0.4117647058823529,2.8194361127774443,20,27,0
"Orlando Robinson","TOR",44,770,-5.023189835174264,107.13391739674593,112.15710723192021,13.14142678347935,0.23529411764705882,0.3023255813953488,0.2698412698412698,0.3333333333333333,0.9975062344139651,0.9351620947630923,0.06234413965087282,0.3740648379052369,0.5610972568578554,0,0,0.06234413965087282,0.685785536159601,0.6875,1.059850374064838,6,11,0.24937655860349128
"Eric Gordon","PHI",39,768,-5.090806432528822,114.27652733118971,119.36733376371852,16.012861736334404,0.28205128205128205,0.47058823529411764,0.4117647058823529,0,0.7746933505487411,0.6455777921239509,0.1291155584247902,0.2582311168495804,0.19367333763718528,0.19367333763718528,0,0.1291155584247902,0.7101355713363461,0.9166666666666666,1.6785022595222725,16,10,0
"Gui Santos","GSW",56,762,10.556959253457308,121.14137483787289,110.58441558441558,12.19195849546044,0.30303030303030304,0.4166666666666667,0.6428571428571429,0,0.6493506493506493,0.5844155844155844,0.06493506493506493,0.2597402597402597,0.3246753246753247,0,0.06493506493506493,0,0.3246753246753247,0.5,1.6233766233766234,8,17,0
"Landry Shamet","NYK",50,762,5.807940748039016,115.1890482398957,109.38110749185668,17.209908735332466,0.2967032967032967,0.2727272727272727,0.38461538461538464,0.16666666666666666,0.13029315960912052,0.13029315960912052,0,0.06514657980456026,0.06514657980456026,0,0,0,0.13029315960912052,1,1.498371335504886,9,14,0
"Svi Mykhailiuk","UTA",38,760,-6.725888324873097,113.26142131979695,119.98730964467005,18.527918781725887,0.2846153846153846,0.5625,0.21428571428571427,0.14285714285714285,0.44416243654822335,0.44416243654822335,0,0.38071065989847713,0.06345177664974619,0,0,0,0.31725888324873097,0.7142857142857143,1.2055837563451777,4,15,0
"Andre Drummond","PHI",40,751,-14.565710154056333,107.0469798657718,121.61269001982815,13.624161073825503,0.2,0.3870967741935484,0.2972972972972973,0,1.1896893588896233,1.1235955056179776,0.06609385327164574,0.46265697290152014,0.6609385327164574,0,0,0.06609385327164574,0.5948446794448117,0.5,2.577660277594184,19,20,0.06609385327164574
"Jabari Walker","POR",60,749,0.3889340111702637,110.92861655085281,110.53968253968254,15.224257738471257,0.35714285714285715,0.46153846153846156,0.2916666666666667,0.75,0.38095238095238093,0.31746031746031744,0.06349206349206349,0.25396825396825395,0.06349206349206349,0,0,0.06349206349206349,0.25396825396825395,0.6666666666666666,2.0952380952380953,16,17,0
"Jay Huff","MEM",64,748,1.1937228577885435,114.18877236273904,112.9950495049505,24.614435533621222,0.2288135593220339,0.35714285714285715,0.375,0.42857142857142855,3.4653465346534653,3.2797029702970297,0.18564356435643564,1.9801980198019802,1.2995049504950495,0,0.12376237623762376,0.06188118811881188,1.8564356435643565,0.5357142857142857,0.9900990099009901,3,13,0.18564356435643564
"Drew Eubanks","LAC",61,746,-7.455825902525731,110.14211886304909,117.59794476557482,14.987080103359173,0.3333333333333333,0.25925925925925924,0.2708333333333333,0,2.504816955684008,2.504816955684008,0,1.5414258188824663,0.9633911368015414,0,0,0,1.2845215157353886,0.5128205128205128,0.7707129094412332,5,7,0.06422607578676943
"Talen Horton-Tucker","CHI",58,724,3.034234060495905,115.39948453608248,112.36525047558656,22.74484536082474,0.25925925925925924,0.35185185185185186,0.25,0,0.6975269499048827,0.6341154090044389,0.06341154090044387,0.31705770450221943,0.31705770450221943,0,0.06341154090044387,0,0.570703868103995,0.8181818181818182,1.3316423589093216,13,8,0.06341154090044387
"Gary Harris","ORL",48,711,5.954018048990122,113.07692307692307,107.12290502793296,9.160839160839162,0.24193548387096775,0.6,0.3333333333333333,0.5,0.8379888268156425,0.8379888268156425,0,0.20949720670391062,0.6284916201117319,0,0,0,0.34916201117318435,0.4166666666666667,1.8156424581005586,17,9,0.06983240223463687
"Micah Potter","UTA",38,705,-7.610842079478431,111.02739726027397,118.63823933975242,9.178082191780822,0.19402985074626866,0.5,0.4,0,0.9628610729023384,0.9628610729023384,0,0.5502063273727648,0.4126547455295736,0,0,0,0.5502063273727648,0.5714285714285714,0.9628610729023384,4,10,0.0687757909215956
"Jett Howard","ORL",60,701,-5.593773165307638,105.77464788732395,111.36842105263158,17.323943661971832,0.304,0.3333333333333333,0.5384615384615384,0.1,0.7719298245614035,0.7719298245614035,0,0.3508771929824561,0.42105263157894735,0,0,0,0.42105263157894735,0.5454545454545454,0.9122807017543859,6,7,0.07017543859649122
"DeAndre Jordan","DEN",56,691,-2.220351832529019,112.41032998565281,114.63068181818181,9.899569583931134,0,0.41935483870967744,0.4117647058823529,0,1.9176136363636365,1.9176136363636365,0,0.5681818181818182,1.3494318181818181,0,0,0,0.9943181818181818,0.5185185185185185,1.1363636363636365,5,11,0.21306818181818182
"Quinten Post","GSW",42,686,2.8711074871935267,114.90280777537797,112.03170028818444,21.31029517638589,0.2621359223300971,0.38461538461538464,0.25,0,1.2968299711815563,1.2968299711815563,0,0.5763688760806917,0.6484149855907781,0.07204610951008646,0,0,0.8645533141210374,0.6666666666666666,1.1527377521613833,8,8,0.07204610951008646
"Blake Wesley","SAS",58,683,0.24035626105819574,112.84599006387509,112.60563380281691,14.691270404542228,0.2894736842105263,0.3055555555555556,0.2222222222222222,0.1,0.4225352112676056,0.352112676056338,0.07042253521126761,0,0.352112676056338,0,0,0.07042253521126761,0.2112676056338028,0.5,2.6056338028169015,15,22,0
"Sandro Mamukelashvili","SAS",61,681,-1.7388685609311807,114.32624113475178,116.06510969568293,22.624113475177303,0.21,0.42105263157894735,0.29411764705882354,0.5,1.2031139419674453,0.9907997169143666,0.21231422505307856,0.778485491861288,0.21231422505307856,0,0.07077140835102619,0.14154281670205238,0.42462845010615713,0.35294117647058826,1.556970983722576,7,15,0.07077140835102619
"Marcus Smart","WAS",34,680,3.0917265134749385,113.91541609822646,110.82368958475153,19.57708049113233,0.3068181818181818,0.6666666666666666,0.3137254901960784,0,0.6126616746085772,0.6126616746085772,0,0.4765146358066712,0.13614703880190607,0,0,0,0.34036759700476515,0.5555555555555556,2.6548672566371683,17,22,0
"Jalen Pickett","DEN",49,666,4.201330012717264,115.84821428571429,111.64688427299703,13.764880952380953,0.22413793103448276,0.5,0.375,0.2777777777777778,0.37091988130563797,0.37091988130563797,0,0.07418397626112759,0.29673590504451036,0,0,0,0,0,1.4094955489614243,4,15,0
"Tosan Evbuomwan","BKN",28,665,-4.094081157921934,106.84931506849314,110.94339622641509,17.65601217656012,0.33962264150943394,0.4,0.24444444444444444,0.3333333333333333,0.7547169811320755,0.7547169811320755,0,0.4528301886792453,0.3018867924528302,0,0,0,0.37735849056603776,0.5,1.8113207547169812,7,17,0
"Antonio Reeves","NOP",44,660,-11.650749756155065,108.54014598540147,120.19089574155655,18.905109489051096,0.3116883116883117,0.3333333333333333,0.48,0.2222222222222222,0.2936857562408223,0.2936857562408223,0,0.2936857562408223,0,0,0,0,0.07342143906020558,0.25,1.5418502202643172,8,13,0
"Kyle Lowry","PHI",35,659,-5.023341098533109,107.25075528700906,112.27409638554218,8.91238670694864,0.14545454545454545,0,0.3333333333333333,0.2,0.8283132530120482,0.8283132530120482,0,0.15060240963855423,0.5271084337349398,0.15060240963855423,0,0,0.37650602409638556,0.45454545454545453,2.4849397590361444,17,16,0
"Reed Sheppard","HOU",52,653,-3.326298554373494,110.63218390804597,113.95848246241947,15.086206896551724,0.32608695652173914,0.4444444444444444,0.2972972972972973,0.2,1.2168933428775948,1.2168933428775948,0,0.2147458840372226,1.0021474588403723,0,0,0,0.572655690765927,0.47058823529411764,2.5053686471009304,20,15,0
"Herbert Jones","NOP",20,648,-0.8984335636147875,113.72843210802701,114.6268656716418,13.953488372093023,0.14285714285714285,0.4090909090909091,0.5652173913043478,0,0.6716417910447762,0.5223880597014925,0.14925373134328357,0.22388059701492538,0.22388059701492538,0.07462686567164178,0.07462686567164178,0.07462686567164178,0.22388059701492538,0.3333333333333333,2.7611940298507465,13,24,0
"AJ Johnson","WAS",29,638,-11.39711397287725,106.3975628332064,117.79467680608364,16.22239146991622,0.25806451612903225,0.48484848484848486,0.16666666666666666,1,0.22813688212927757,0.22813688212927757,0,0.22813688212927757,0,0,0,0,0.07604562737642585,0.3333333333333333,0.9125475285171103,3,9,0.07604562737642585
"Maxi Kleber","DAL",34,637,-0.7692772218075845,115.50268610897929,116.27196333078686,6.676899462778204,0.14285714285714285,0.3,0.4,0.3333333333333333,1.2987012987012987,1.2987012987012987,0,0.45836516424751717,0.8403361344537815,0,0,0,0.8403361344537815,0.6470588235294118,0.6875477463712758,1,8,0
"Delon Wright","NYK",40,634,-0.5177238805970177,108.4375,108.95522388059702,7.96875,0.1836734693877551,0.5,0.625,0,0.9426551453260016,0.9426551453260016,0,0.4713275726630008,0.2356637863315004,0.2356637863315004,0,0,0.6284367635506677,0.6666666666666666,2.7494108405341713,7,28,0
"Jericho Sims","MIL",53,631,2.3448030859236155,114.78537360890301,112.4405705229794,5.723370429252782,0,0.47368421052631576,0.2857142857142857,0,1.5055467511885896,1.5055467511885896,0,0.6339144215530903,0.8716323296354992,0,0,0,1.1885895404120443,0.7894736842105263,0.7923930269413629,1,9,0.15847860538827258
"Josh Okogie","CHA",40,625,0.31009727709104595,112.59079903147699,112.28070175438597,17.91767554479419,0.23728813559322035,0.4,0.25925925925925924,0,1.4354066985645932,1.1961722488038278,0.23923444976076555,0.4784688995215311,0.7177033492822966,0,0.1594896331738437,0.07974481658692185,0.9569377990430622,0.6666666666666666,3.827751196172249,20,28,0
"Daniel Theis","NOP",38,621,-5.728943863999447,112.61609907120743,118.34504293520686,9.13312693498452,0.11538461538461539,0.35294117647058826,0.2222222222222222,0.25,1.56128024980484,1.56128024980484,0,1.327088212334114,0.234192037470726,0,0,0,1.092896174863388,0.7,1.405152224824356,9,9,0.312256049960968
"Jeff Dowtin Jr.","PHI",41,621,-8.60161393280626,110.853950518755,119.45556445156124,20.83000798084597,0.325,0.25,0.3225806451612903,0.2631578947368421,0.9607686148919136,0.800640512409928,0.16012810248198558,0.400320256204964,0.2401921537229784,0.16012810248198558,0.08006405124099279,0.08006405124099279,0.7205764611689351,0.75,1.9215372297838271,8,16,0
"Cory Joseph","ORL",50,612,2.6690619191330427,112.53051261187959,109.86145069274654,13.181448331977217,0.27692307692307694,0.3333333333333333,0.3,0.6,0.32599837000814996,0.32599837000814996,0,0.16299918500407498,0.16299918500407498,0,0,0,0.08149959250203749,0.25,2.1189894050529747,13,13,0
"Kessler Edwards","DAL",40,608,-11.635622272037565,113.63996827914355,125.27559055118111,11.102299762093576,0.0967741935483871,0.23529411764705882,0.125,0.3333333333333333,1.5748031496062993,1.4173228346456692,0.15748031496062992,0.7086614173228346,0.6299212598425197,0.07874015748031496,0,0.15748031496062992,0.7086614173228346,0.45,1.4960629921259843,9,10,0.07874015748031496
"Zeke Nnaji","DEN",57,608,0.4612842985970076,111.41479099678457,110.95350669818755,11.97749196141479,0.2727272727272727,0.391304347826087,0.4,0.3333333333333333,2.994483845547675,2.600472813238771,0.39401103230890466,1.1820330969267139,1.260835303388495,0.15760441292356187,0.15760441292356187,0.2364066193853428,1.4972419227738376,0.5,1.9700551615445232,8,17,0
"Pat Connaughton","MIL",41,603,-2.9056387436698827,115.24590163934427,118.15154038301415,15.737704918032787,0.27450980392156865,0.2916666666666667,0.4166666666666667,0,0.9159034138218152,0.4995836802664446,0.4163197335553705,0.33305578684429643,0.16652789342214822,0,0,0.4163197335553705,0.7493755203996669,0.8181818181818182,0.7493755203996669,3,6,0
"Ajay Mitchell","OKC",36,597,9.455189182041664,112.75551921504497,103.3003300330033,16.43499591169256,0.3333333333333333,0.15,0.3448275862068966,0,0.33003300330033003,0.33003300330033003,0,0.08250825082508251,0.24752475247524752,0,0,0,0.16501650165016502,0.5,2.062706270627063,9,16,0
"Brandon Ingram","NOP",18,595,-11.250624767260916,108.64819479429052,119.89881956155143,28.04366078925273,0.3,0.42857142857142855,0.2765957446808511,0.4090909090909091,0.927487352445194,0.927487352445194,0,0.3372681281618887,0.5902192242833052,0,0,0,0.5059021922428331,0.5454545454545454,1.349072512647555,6,10,0
"Jared McCain","PHI",23,592,-2.475444180648381,111.74978867286559,114.22523285351397,27.64158918005072,0.24691358024691357,0.3448275862068966,0.3076923076923077,0.2727272727272727,0,0,0,0,0,0,0,0,0,0,1.2701100762066047,5,10,0
"Cam Reddish","LAL",33,589,-5.192425253055532,112.47892074198988,117.67134599504543,8.347386172006745,0.16129032258064516,0.3,0.3,0.5,0.8257638315441783,0.8257638315441783,0,0.16515276630883569,0.6606110652353427,0,0,0,0.41288191577208916,0.5,2.7250206440957885,17,16,0
"Jae'Sean Tate","HOU",52,588,6.732412549168075,113.86382280557835,107.13141025641025,11.484823625922887,0.23333333333333334,0.3888888888888889,0.36666666666666664,0,0.5608974358974359,0.5608974358974359,0,0.32051282051282054,0.2403846153846154,0,0,0,0.2403846153846154,0.42857142857142855,2.0833333333333335,20,6,0
"Olivier-Maxence Prosper","DAL",52,584,-7.360608172247453,105.27182866556836,112.63243683781582,14.662273476112027,0.10526315789473684,0.4482758620689655,0.25925925925925924,0,0.4889975550122249,0.4889975550122249,0,0.40749796251018744,0.08149959250203749,0,0,0,0.32599837000814996,0.6666666666666666,2.1189894050529747,9,17,0.16299918500407498
"Jarred Vanderbilt","LAL",36,581,2.583707226329736,118.79762912785775,116.21392190152802,8.890770533446233,0.19047619047619047,0.36666666666666664,0.3333333333333333,0,0.8488964346349746,0.7640067911714771,0.08488964346349745,0.5093378607809848,0.2546689303904924,0,0,0.08488964346349745,0.5093378607809848,0.6,2.9711375212224107,11,24,0.08488964346349745
"Joel Embiid","PHI",19,574,-4.945666751241433,106.2127659574468,111.15843270868824,34.638297872340424,0.14814814814814814,0.4482758620689655,0.22727272727272727,0.15217391304347827,1.5332197614991483,1.4480408858603067,0.08517887563884156,0.7666098807495741,0.596252129471891,0.08517887563884156,0.08517887563884156,0,0.6814310051107325,0.4444444444444444,1.192504258943782,4,10,0
"Monté Morris","PHX",45,571,3.297884889344587,115.07798960138649,111.78010471204188,18.370883882149048,0.3888888888888889,0.42857142857142855,0.3888888888888889,0.25,0.2617801047120419,0.17452006980802792,0.08726003490401396,0.08726003490401396,0.08726003490401396,0,0,0.08726003490401396,0.17452006980802792,0.6666666666666666,1.7452006980802792,7,13,0
"Moritz Wagner","ORL",30,564,-1.4873140857392855,108.74890638670166,110.23622047244095,30.008748906386703,0.22916666666666666,0.29545454545454547,0.13333333333333333,1,1.0498687664041995,0.8748906386701663,0.17497812773403323,0.5249343832020997,0.34995625546806647,0,0.08748906386701662,0.08748906386701662,0.6124234470691163,0.5833333333333334,2.099737532808399,12,12,0
"Malcolm Brogdon","WAS",24,564,-9.906079543402086,110.2127659574468,120.1188455008489,23.659574468085108,0.23684210526315788,0.4666666666666667,0.5476190476190477,0.3181818181818182,0.4244482173174873,0.4244482173174873,0,0,0.3395585738539898,0.08488964346349745,0,0,0.2546689303904924,0.6,1.1035653650254669,5,8,0
"John Konchar","MEM",46,558,6.527450502424102,116.2048698572628,109.6774193548387,8.228379513014273,0.3888888888888889,0.5714285714285714,0.25,0,1.1579818031430935,0.9925558312655087,0.1654259718775848,0.49627791563275436,0.49627791563275436,0,0.0827129859387924,0.0827129859387924,0.3308519437551696,0.2857142857142857,2.4813895781637716,14,16,0.0827129859387924
"Dillon Jones","OKC",54,552,5.661138740355739,111.42355008787345,105.76241134751774,9.22671353251318,0.2727272727272727,0.23529411764705882,0.21428571428571427,0,0.3546099290780142,0.26595744680851063,0.08865248226950355,0.26595744680851063,0,0,0,0.08865248226950355,0.1773049645390071,0.5,1.4184397163120568,11,5,0
"Dwight Powell","DAL",55,551,-1.8232711857208415,111.56879929886065,113.3920704845815,7.975460122699387,0.5,0.16666666666666666,0,0,1.8502202643171806,1.7621145374449338,0.0881057268722467,0.7929515418502202,0.9691629955947136,0,0,0.0881057268722467,1.0572687224669604,0.5714285714285714,1.5859030837004404,8,10,0
"Jordan Goodwin","LAL",29,543,-0.7980302212628061,115.0735294117647,115.87155963302752,12.408088235294118,0.375,0.46153846153846156,0.3684210526315789,0.16666666666666666,1.0091743119266054,1.0091743119266054,0,0.5504587155963303,0.3669724770642202,0.09174311926605505,0,0,0.45871559633027525,0.45454545454545453,2.7522935779816513,15,15,0
"Richaun Holmes","WAS",31,534,-4.250129264902398,113.32116788321167,117.57129714811408,14.233576642335766,1,0.2,0.35,0,2.1159153633854646,2.0239190432382705,0.09199632014719411,1.0119595216191353,0.9199632014719411,0.09199632014719411,0,0.09199632014719411,1.2879484820607177,0.6086956521739131,0.827966881324747,3,6,0.5519779208831647
"Mouhamed Gueye","ATL",33,533,7.878712305422198,116.27906976744187,108.40035746201967,13.864042933810376,0.21666666666666667,0.5,0.26666666666666666,0,2.9490616621983916,2.770330652368186,0.17873100983020554,1.7873100983020553,0.9830205540661304,0,0,0.17873100983020554,1.9660411081322609,0.6666666666666666,2.5022341376228776,16,12,0.08936550491510277
"Bismack Biyombo","SAS",28,528,-9.621699008730019,111.23491179201486,120.85661080074487,11.327762302692665,0,0.5294117647058824,0.1,0,2.1415270018621975,2.1415270018621975,0,1.5828677839851024,0.5586592178770949,0,0,0,1.3966480446927374,0.6521739130434783,1.48975791433892,5,11,0.37243947858473
"Jaylen Clark","MIN",40,522,4.605841329228753,117.6252319109462,113.01939058171745,12.337662337662337,0.25925925925925924,0.6666666666666666,0.3333333333333333,0,0.18467220683287167,0.18467220683287167,0,0.09233610341643583,0.09233610341643583,0,0,0,0.09233610341643583,0.5,3.3240997229916895,15,21,0
"Rob Dillingham","MIN",49,516,1.2421491418260047,114.92537313432835,113.68322399250235,18.75,0.1836734693877551,0.4090909090909091,0.4642857142857143,0.1875,0.09372071227741331,0.09372071227741331,0,0,0.09372071227741331,0,0,0,0,0,1.8744142455482662,11,9,0
"Colby Jones","WAS",39,515,-11.28128450496871,106.50717703349282,117.78846153846153,13.397129186602871,0.2,0.2222222222222222,0.25,0,1.25,1.25,0,0.6730769230769231,0.5769230769230769,0,0,0,0.7692307692307693,0.6153846153846154,2.5,6,20,0
"Craig Porter Jr.","CLE",51,513,-4.458263134801655,110.65032987747409,115.10859301227573,16.305372290292176,0.20833333333333334,0.3333333333333333,0.29411764705882354,0,1.4164305949008498,1.3220018885741265,0.09442870632672333,0.6610009442870632,0.6610009442870632,0,0,0.09442870632672333,0.9442870632672332,0.6666666666666666,1.6052880075542966,10,7,0
"Tristan Vukcevic","WAS",35,513,-12.063231494148042,104.93023255813954,116.99346405228758,27.25581395348837,0.13114754098360656,0.4666666666666667,0.16216216216216217,0,2.1475256769374416,2.0541549953314657,0.09337068160597572,1.1204481792717087,0.9337068160597572,0,0,0.09337068160597572,1.1204481792717087,0.5217391304347826,1.0270774976657329,6,5,0.09337068160597572
"Elfrid Payton","NOP",24,511,-13.213051947934929,102.28789323164919,115.50094517958412,6.863679694947569,0.5,0.38461538461538464,0.3333333333333333,0.25,1.0396975425330812,0.945179584120983,0.0945179584120983,0.4725897920604915,0.3780718336483932,0.0945179584120983,0,0.0945179584120983,0.5671077504725898,0.5454545454545454,2.268431001890359,8,16,0
"Jamal Cain","NOP",37,502,-13.918241549820493,108.01158301158301,121.9298245614035,16.698841698841697,0.28,0.38461538461538464,0.21052631578947367,0.25,0.8771929824561403,0.8771929824561403,0,0.5847953216374269,0.1949317738791423,0.09746588693957114,0,0,0.4873294346978557,0.5555555555555556,2.2417153996101367,9,14,0
"Keaton Wallace","ATL",31,501,-0.9744995887030399,109.59692898272553,110.57142857142857,14.395393474088293,0.3076923076923077,0.16666666666666666,0.42857142857142855,0.21428571428571427,0.8571428571428571,0.8571428571428571,0,0.5714285714285714,0.2857142857142857,0,0,0,0.5714285714285714,0.6666666666666666,2.6666666666666665,15,13,0
"Jock Landale","HOU",42,500,-2.7930245854774256,112.35849056603774,115.15151515151514,13.584905660377359,0.2857142857142857,0.16666666666666666,0.2608695652173913,0.4444444444444444,0.946969696969697,0.946969696969697,0,0.2840909090909091,0.6628787878787878,0,0,0,0.4734848484848485,0.5,1.231060606060606,2,11,0.0946969696969697
"Wendell Moore Jr.","CHA",36,499,-13.960408552487962,101.46198830409357,115.42239685658154,12.183235867446394,0.3333333333333333,0.4,0.5384615384615384,0,0.4911591355599214,0.3929273084479371,0.09823182711198428,0.19646365422396855,0.19646365422396855,0,0,0.09823182711198428,0.09823182711198428,0.2,1.9646365422396856,8,12,0
"Vince Williams Jr.","MEM",27,499,2.1717791193244835,121.44212523719166,119.27034611786718,13.66223908918406,0.3384615384615385,0.5454545454545454,0.3333333333333333,0,0.6548175865294668,0.6548175865294668,0,0.2806361085126286,0.37418147801683815,0,0,0,0.18709073900841908,0.2857142857142857,1.1225444340505144,5,7,0
"Brandon Williams","DAL",33,487,0.42480606274259003,112.23506743737957,111.81026137463698,24.759152215799613,0.09090909090909091,0.39285714285714285,0.3333333333333333,0.2,0.484027105517909,0.3872216844143272,0.0968054211035818,0.2904162633107454,0.0968054211035818,0,0,0.0968054211035818,0.3872216844143272,0.8,2.323330106485963,11,13,0
"A.J. Lawson","TOR",26,486,-2.5289353764786426,111.51984511132623,114.04878048780488,19.070667957405615,0.22727272727272727,0.43333333333333335,0.3333333333333333,0,0.5853658536585366,0.4878048780487805,0.0975609756097561,0.2926829268292683,0.0975609756097561,0.0975609756097561,0,0.0975609756097561,0.3902439024390244,0.6666666666666666,1.2682926829268293,5,8,0
"Grant Williams","CHA",16,479,1.5004321521175399,117.23076923076923,115.7303370786517,15.179487179487179,0.32608695652173914,0.2857142857142857,0.2727272727272727,0,1.3278855975485189,1.1235955056179776,0.20429009193054137,0.7150153217568948,0.40858018386108275,0,0,0.20429009193054137,0.9193054136874361,0.6923076923076923,1.8386108273748722,8,10,0.10214504596527069
"Lonnie Walker IV","PHI",20,477,-14.336179408394855,107.5356415478615,121.87182095625636,21.894093686354378,0.23076923076923078,0.5333333333333333,0.3333333333333333,0.38461538461538464,0.508646998982706,0.508646998982706,0,0.3051881993896236,0.2034587995930824,0,0,0,0.4069175991861648,0.8,1.017293997965412,2,8,0
"Duop Reath","POR",46,469,-5.8264202804960945,110.77235772357724,116.59877800407331,15.040650406504065,0.2857142857142857,0.6,0.3333333333333333,0,1.4256619144602851,1.3238289205702647,0.10183299389002037,0.6109979633401222,0.7128309572301426,0,0,0.10183299389002037,1.120162932790224,0.7857142857142857,1.2219959266802445,3,9,0
"Reece Beekman","BKN",36,469,-11.604619290480585,101.48936170212765,113.09398099260822,8.617021276595745,0.42424242424242425,0.3125,0.0625,0,0.21119324181626187,0.10559662090813093,0.10559662090813093,0,0.10559662090813093,0,0,0.10559662090813093,0.10559662090813093,0.5,3.484688489968321,15,18,0
"Kai Jones","DAL",40,468,-1.2764907899532432,109.79978925184405,111.07628004179728,17.80821917808219,0.25,0.25,0,0,2.2988505747126435,2.2988505747126435,0,1.044932079414838,1.1494252873563218,0.1044932079414838,0,0,1.4629049111807733,0.6363636363636364,1.567398119122257,9,6,0.522466039707419
"Larry Nance Jr.","ATL",24,463,-8.952777545399059,110.60142711518857,119.55420466058764,17.83893985728848,0.15384615384615385,0.26666666666666666,0.1875,0,1.3171225937183384,1.21580547112462,0.10131712259371833,0.60790273556231,0.60790273556231,0,0,0.10131712259371833,1.0131712259371835,0.7692307692307693,2.026342451874367,9,11,0.10131712259371833
"Collin Gillespie","PHX",33,461,-2.8786272729934694,118.63488624052003,121.51351351351352,18.95991332611051,0.40425531914893614,0.08333333333333333,0.3,0.2857142857142857,0.5405405405405406,0.5405405405405406,0,0.32432432432432434,0.21621621621621623,0,0,0,0.32432432432432434,0.6,2.27027027027027,9,12,0
"Rayan Rupert","POR",52,460,-9.425845764172195,102.63959390862945,112.06543967280165,13.807106598984772,0.32558139534883723,0.5263157894736842,0.21052631578947367,1,0.40899795501022496,0.40899795501022496,0,0.20449897750511248,0.20449897750511248,0,0,0,0.20449897750511248,0.5,1.6359918200408998,8,8,0
"GG Jackson","MEM",29,459,-6.6162471606202615,115.40880503144655,122.02505219206681,19.60167714884696,0.2459016393442623,0.27586206896551724,0.3870967741935484,0,0.5219206680584552,0.5219206680584552,0,0,0.5219206680584552,0,0,0,0.20876826722338204,0.4,1.2526096033402923,4,8,0.31315240083507306
"Jaylon Tyson","CLE",47,453,-0.8023606456124952,110.201912858661,111.00427350427351,14.87778958554729,0.2631578947368421,0.391304347826087,0.1,0,0.32051282051282054,0.32051282051282054,0,0.32051282051282054,0,0,0,0,0.32051282051282054,1,1.3888888888888888,3,10,0.10683760683760683
"Bol Bol","PHX",36,448,-4.084668323237409,115.08021390374331,119.16488222698074,23.20855614973262,0.2,0.75,0.08333333333333333,0.2,2.6766595289079227,2.1413276231263385,0.5353319057815846,0.8565310492505354,1.177730192719486,0.10706638115631692,0.10706638115631692,0.4282655246252677,1.6059957173447537,0.6,0.9635974304068522,3,6,0.5353319057815846
"Paul Reed","DET",45,436,5.966416142083858,113.54051054384018,107.57409440175631,16.20421753607103,0.05,0.4,0.041666666666666664,0.4,2.74423710208562,2.5246981339187706,0.21953896816684962,1.0976948408342482,1.4270032930845225,0,0.10976948408342481,0.10976948408342481,1.8660812294182216,0.68,4.281009879253568,20,19,0
"Colin Castleton","TOR",26,432,-2.2384683838433688,108.49162011173185,110.73008849557523,9.385474860335195,0.35714285714285715,0.4166666666666667,0.64,0,1.1061946902654867,1.1061946902654867,0,0.5530973451327433,0.4424778761061947,0.11061946902654868,0,0,0.5530973451327433,0.5,0.8849557522123894,0,8,0.33185840707964603
"Trevelin Queen","ORL",31,430,-8.868337436609636,103.91705069124424,112.78538812785388,14.285714285714286,0.22916666666666666,0.21052631578947367,0.35714285714285715,0.3333333333333333,1.1415525114155252,0.7990867579908676,0.3424657534246575,0.228310502283105,0.3424657534246575,0.228310502283105,0.228310502283105,0.1141552511415525,0.45662100456621,0.4,3.538812785388128,12,19,0
"Malaki Branham","SAS",47,427,-2.573512906846233,109.31537598204265,111.88888888888889,23.232323232323232,0.2857142857142857,0.5,0.2857142857142857,0.13333333333333333,0.2222222222222222,0.2222222222222222,0,0.2222222222222222,0,0,0,0,0,0,1.2222222222222223,4,7,0
"Jordan Miller","LAC",37,420,-5.811383149577495,106.09613130128957,111.90751445086704,14.536928487690504,0.13793103448275862,0.44,0.5,0,0.5780346820809249,0.3468208092485549,0.23121387283236994,0.3468208092485549,0,0,0,0.23121387283236994,0.11560693641618497,0.2,1.9653179190751444,11,6,0
"Mo Bamba","NOP",32,413,-8.0596801827527,107.35294117647058,115.4126213592233,11.887254901960784,0.2631578947368421,0.2222222222222222,0.36363636363636365,1,3.762135922330097,3.3980582524271843,0.3640776699029126,2.4271844660194173,0.8495145631067961,0.12135922330097088,0.24271844660194175,0.12135922330097088,2.063106796116505,0.5483870967741935,1.0922330097087378,3,6,0.24271844660194175
"David Roddy","HOU",33,410,-7.804987625518237,108.97583429228999,116.78082191780823,16.340621403912543,0.1282051282051282,0.18181818181818182,0.2857142857142857,0,1.0273972602739727,1.0273972602739727,0,0.5707762557077626,0.3424657534246575,0.1141552511415525,0,0,0.5707762557077626,0.5555555555555556,1.5981735159817352,6,8,0
"Taj Gibson","CHA",37,409,-15.701032470447402,99.26829268292684,114.96932515337423,8.902439024390244,0,0.4444444444444444,0.14285714285714285,0.16666666666666666,2.208588957055215,2.208588957055215,0,1.3496932515337423,0.8588957055214724,0,0,0,1.2269938650306749,0.5555555555555556,1.1042944785276074,3,6,0
"Ousmane Dieng","OKC",37,405,5.558900932244967,106.97399527186761,101.41509433962264,15.011820330969266,0.32608695652173914,0.3,0,0,0.8254716981132075,0.8254716981132075,0,0.4716981132075472,0.35377358490566035,0,0,0,0.7075471698113207,0.8571428571428571,2.0047169811320753,4,13,0.1179245283018868
"Jordan Walsh","BOS",52,403,3.121098626716602,114.60674157303372,111.4856429463171,7.49063670411985,0.2564102564102564,0.16666666666666666,0.2857142857142857,0,1.373283395755306,1.2484394506866416,0.12484394506866417,0.4993757802746567,0.6242197253433208,0.12484394506866417,0,0.12484394506866417,0.6242197253433208,0.45454545454545453,1.4981273408239701,8,4,0
"Hunter Tyson","DEN",51,400,-8.812453590749982,102.27272727272728,111.08518086347725,14.23444976076555,0.2857142857142857,0.3333333333333333,0.2727272727272727,0,0.7001166861143524,0.46674445740956827,0.23337222870478413,0.46674445740956827,0,0,0.23337222870478413,0,0.23337222870478413,0.3333333333333333,1.1668611435239207,4,6,0.11668611435239207
"Anthony Gill","WAS",51,397,-7.710784313725483,104.2892156862745,112,13.357843137254902,0.23809523809523808,0.5,0.5,0,0.24242424242424243,0.24242424242424243,0,0.12121212121212122,0.12121212121212122,0,0,0,0.24242424242424243,1,1.0909090909090908,3,6,0.12121212121212122
"Jeff Green","HOU",32,396,-4.826492865950314,114.28571428571429,119.11220715166462,17.364532019704434,0.4375,0.75,0.8,1,0.4932182490752158,0.2466091245376079,0.2466091245376079,0.12330456226880394,0.12330456226880394,0,0,0.2466091245376079,0.36991368680641185,0.75,0.7398273736128237,0,6,0
"Devin Carter","SAC",36,396,4.5231196852990365,117.35330836454432,112.83018867924528,13.982521847690387,0.3,0.36363636363636365,0.34782608695652173,0.5,0.5031446540880503,0.37735849056603776,0.12578616352201258,0.12578616352201258,0.12578616352201258,0.12578616352201258,0,0.12578616352201258,0.12578616352201258,0.25,2.641509433962264,9,12,0
"Trey Jemison III","LAL",38,392,-2.875101085477226,109.20716112531969,112.08226221079691,8.567774936061381,0,0.4666666666666667,0.125,0,1.9280205655526992,1.9280205655526992,0,0.8997429305912596,1.0282776349614395,0,0,0,1.2853470437017995,0.6666666666666666,1.1568123393316196,3,6,0.5141388174807198
"Reggie Jackson","PHI",31,384,-2.0426416054929177,113.14060446780552,115.18324607329843,16.4257555847569,0.1111111111111111,0.14285714285714285,0.25,0.7142857142857143,0.39267015706806285,0.39267015706806285,0,0.2617801047120419,0.13089005235602094,0,0,0,0,0,2.094240837696335,6,10,0
"Baylor Scheierman","BOS",31,384,4.444172575386034,111.61548731642189,107.17131474103586,12.81708945260347,0.2727272727272727,0.75,0.375,0.3333333333333333,0.2656042496679947,0.2656042496679947,0,0.13280212483399734,0.13280212483399734,0,0,0,0.13280212483399734,0.5,2.257636122177955,7,10,0
"Quenton Jackson","IND",28,381,1.4099746665445707,113.55721393034827,112.14723926380367,17.16417910447761,0.32,0.36,0.14285714285714285,0.16666666666666666,0.6134969325153374,0.6134969325153374,0,0.12269938650306748,0.49079754601226994,0,0,0,0.24539877300613497,0.4,2.576687116564417,9,12,0
"Alex Len","LAL",46,380,-18.79049059139784,105.33854166666667,124.12903225806451,7.682291666666667,0.14285714285714285,0.18181818181818182,0.25,0,2.7096774193548385,2.3225806451612905,0.3870967741935484,1.032258064516129,1.2903225806451613,0,0,0.3870967741935484,1.6774193548387097,0.6190476190476191,1.1612903225806452,0,9,0.12903225806451613
"Johnny Furphy","IND",50,379,1.902694304262468,109.16870415647922,107.26600985221675,11.98044009779951,0.23529411764705882,0.5714285714285714,0.4,0,1.354679802955665,1.1083743842364533,0.24630541871921183,0.6157635467980296,0.3694581280788177,0.12315270935960591,0,0.24630541871921183,0.8620689655172413,0.6363636363636364,2.2167487684729066,9,9,0
"Charles Bassey","SAS",36,376,-16.25,104.875,121.125,14.875,0,0.2903225806451613,0.13333333333333333,0.3333333333333333,3.75,3.625,0.125,2.375,1.25,0,0,0.125,2.5,0.6666666666666666,1.75,3,11,0.625
"Dominick Barlow","ATL",35,375,0.3197236180904497,113.94472361809045,113.625,14.447236180904522,0.3,0.42857142857142855,0.23076923076923078,0.16666666666666666,2,1.875,0.125,1,0.875,0,0.125,0,1,0.5,1.125,5,4,0.125
"Danté Exum","DAL",20,372,-6.703799651644843,111.70351105331599,118.40731070496084,21.716514954486346,0.35714285714285715,0.35294117647058826,0.15,0,0.391644908616188,0.391644908616188,0,0.391644908616188,0,0,0,0,0.13054830287206268,0.3333333333333333,1.566579634464752,6,6,0
"Damion Baugh","CHA",15,370,-22.563417890520697,102.13618157543391,124.6995994659546,14.018691588785046,0.47619047619047616,0.4666666666666667,0.39285714285714285,1,0.26702269692923897,0.26702269692923897,0,0.26702269692923897,0,0,0,0,0.26702269692923897,1,2.0026702269692924,4,11,0
"Jaden Springer","UTA",43,365,-3.924802110817936,108.57519788918205,112.5,11.609498680738787,0.24242424242424243,0,0.35714285714285715,0,0.5263157894736842,0.5263157894736842,0,0.13157894736842105,0.39473684210526316,0,0,0,0.39473684210526316,0.75,3.1578947368421053,17,7,0
"Robert Williams III","POR",20,351,-3.317334172633565,109.21787709497207,112.53521126760565,11.871508379888269,1,0.4,0.1111111111111111,0,4.647887323943662,4.225352112676056,0.4225352112676056,2.112676056338028,1.971830985915493,0.14084507042253522,0,0.4225352112676056,2.676056338028169,0.5757575757575758,1.8309859154929577,2,11,0
"Doug McDermott","SAC",42,342,2.3978354170554184,116.1659513590844,113.76811594202898,19.742489270386265,0.26785714285714285,0.25,0.5,0,0.2898550724637681,0.14492753623188406,0.14492753623188406,0,0.14492753623188406,0,0,0.14492753623188406,0.14492753623188406,0.5,0.5797101449275363,2,2,0
"Christian Koloko","LAL",37,342,-1.1594923803611863,108.16618911174784,109.32568149210904,10.458452722063038,0,0.35714285714285715,0.2857142857142857,0,2.2955523672883786,2.0086083213773316,0.28694404591104733,0.7173601147776184,1.291248206599713,0,0.14347202295552366,0.14347202295552366,1.0043041606886658,0.4375,1.1477761836441893,3,5,0
"Terrence Shannon Jr.","MIN",32,339,2.758168586951655,111.07994389901823,108.32177531206658,17.952314165497896,0.35,0.26666666666666666,0.3157894736842105,0.4,0.6934812760055479,0.6934812760055479,0,0.4160887656033287,0.27739251040221913,0,0,0,0.5547850208044383,0.8,0.970873786407767,3,4,0
"Keion Brooks Jr.","NOP",14,332,-20.537937939622395,102.76162790697674,123.29956584659912,16.86046511627907,0.20689655172413793,0.4444444444444444,0.1111111111111111,0,1.447178002894356,1.447178002894356,0,0.8683068017366136,0.5788712011577424,0,0,0,1.1577424023154848,0.8,1.447178002894356,5,5,0.1447178002894356
"Tristan Thompson","CLE",40,328,-12.758325090669302,99.11111111111111,111.86943620178042,7.555555555555555,0.6666666666666666,0.3125,0.4444444444444444,0,1.632047477744807,1.632047477744807,0,0.8902077151335311,0.7418397626112759,0,0,0,1.3353115727002967,0.8181818181818182,0.29673590504451036,1,1,0.44510385756676557
"Maxwell Lewis","BKN",28,328,-8.28471623644694,104.1033434650456,112.38805970149254,15.19756838905775,0.16129032258064516,0.3,0.375,0,1.044776119402985,1.044776119402985,0,0.44776119402985076,0.5970149253731343,0,0,0,0.5970149253731343,0.5714285714285714,1.3432835820895523,2,7,0
"Patty Mills","LAC",29,321,-3.5533856930588,107.87518573551262,111.42857142857142,16.047548291233284,0.20408163265306123,1,0.25,0.2,0.45112781954887216,0.3007518796992481,0.15037593984962405,0,0.3007518796992481,0,0,0.15037593984962405,0.3007518796992481,0.6666666666666666,1.9548872180451127,7,6,0
"Jevon Carter","CHI",36,321,3.4811045026263656,116.73758865248227,113.25648414985591,19.29078014184397,0.22058823529411764,0.42857142857142855,0.25,0,0.4322766570605187,0.4322766570605187,0,0,0.2881844380403458,0.1440922190201729,0,0,0.2881844380403458,0.6666666666666666,1.8731988472622478,3,10,0
"Tre Mann","CHA",13,319,-7.014513295241471,110.74249605055292,117.75700934579439,22.11690363349131,0.2571428571428571,0.4642857142857143,0.3684210526315789,0.14285714285714285,0.6230529595015576,0.4672897196261682,0.1557632398753894,0.3115264797507788,0.1557632398753894,0,0,0.1557632398753894,0.4672897196261682,0.75,1.0903426791277258,4,3,0
"Jalen Hood-Schifino","PHI",15,315,-16.274816141447232,110.12269938650307,126.3975155279503,15.337423312883436,0.34375,0.3333333333333333,0.125,0.2727272727272727,1.0869565217391304,1.0869565217391304,0,0.6211180124223602,0.4658385093167702,0,0,0,0.15527950310559005,0.14285714285714285,0.7763975155279503,3,2,0
"Jordan McLaughlin","SAS",46,314,10.179289298394906,120.75471698113206,110.57542768273717,14.150943396226415,0.5,0.25,0.5,0.5,0.15552099533437014,0.15552099533437014,0,0.15552099533437014,0,0,0,0,0.15552099533437014,1,2.488335925349922,5,11,0
"Torrey Craig","BOS",26,314,-5.199178792681167,107.95454545454545,113.15372424722663,14.772727272727273,0.2619047619047619,0.2,0.25,1,1.901743264659271,1.901743264659271,0,0.9508716323296355,0.7923930269413629,0.15847860538827258,0,0,1.2678288431061806,0.6666666666666666,1.2678288431061806,1,7,0
"Matisse Thybulle","POR",15,312,0.6503634662104076,108.01232665639445,107.36196319018406,14.48382126348228,0.14814814814814814,0.16666666666666666,0.23076923076923078,0,1.3803680981595092,0.6134969325153374,0.7668711656441718,0.3067484662576687,0.3067484662576687,0,0,0.7668711656441718,1.0736196319018405,0.7777777777777778,5.061349693251533,8,25,0
"Isaac Jones","SAC",40,304,-9.370543696880873,107.74091627172196,117.11145996860283,17.219589257503948,0.5,0.45454545454545453,0.23076923076923078,0,1.5698587127158556,1.5698587127158556,0,0.6279434850863422,0.9419152276295133,0,0,0,0.7849293563579278,0.5,0.7849293563579278,2,3,0.47095761381475665
"Tyler Kolek","NYK",41,296,0.01135043817970427,106.99186991869918,106.98051948051948,11.382113821138212,0.15625,0.5555555555555556,0.46153846153846156,0,0.6493506493506493,0.6493506493506493,0,0.16233766233766234,0.487012987012987,0,0,0,0.6493506493506493,1,1.948051948051948,3,9,0
"Mitchell Robinson","NYK",17,290,8.145385476546878,118.7725631768953,110.62717770034843,7.2202166064981945,0,0.4117647058823529,1,0,3.1358885017421603,2.6132404181184667,0.5226480836236934,1.916376306620209,0.6968641114982579,0,0.34843205574912894,0.17421602787456447,1.7421602787456445,0.5555555555555556,2.7874564459930316,5,11,0.34843205574912894
"Josh Minott","MIN",46,276,-1.8021150224540037,107.35042735042735,109.15254237288136,19.316239316239315,0.07142857142857142,0.6428571428571429,0.3333333333333333,0,2.0338983050847457,1.5254237288135593,0.5084745762711864,1.1864406779661016,0.3389830508474576,0,0.3389830508474576,0.1694915254237288,1.5254237288135593,0.75,2.542372881355932,6,9,0.1694915254237288
"Kobe Brown","LAC",40,272,-9.885373437062142,107.2992700729927,117.18464351005485,10.401459854014599,0.29411764705882354,0.5,0.5,0,0.9140767824497258,0.9140767824497258,0,0.18281535648994515,0.7312614259597806,0,0,0,0.18281535648994515,0.2,1.2797074954296161,6,1,0
"Dru Smith","MIA",14,268,7.437328632980808,109.23913043478262,101.8018018018018,14.31159420289855,0.07692307692307693,0.25,0.5,0,1.0810810810810811,1.0810810810810811,0,0.36036036036036034,0.7207207207207207,0,0,0,0.18018018018018017,0.16666666666666666,3.7837837837837838,9,12,0
"Isaiah Wong","CHA",20,265,-1.326795295455355,103.20150659133711,104.52830188679246,19.774011299435028,0.17647058823529413,0.38461538461538464,0.17391304347826086,0.5,0,0,0,0,0,0,0,0,0,0,2.0754716981132075,5,6,0
"Marvin Bagley III","MEM",31,265,-0.9907313554717376,110.55456171735241,111.54529307282417,16.99463327370304,0.0625,0.5294117647058824,0.29411764705882354,0,1.4209591474245116,1.4209591474245116,0,0.7104795737122558,0.7104795737122558,0,0,0,0.7104795737122558,0.5,1.5985790408525755,2,7,0
"Oscar Tshiebwe","UTA",14,255,-0.9761904761904816,117.5,118.47619047619048,13.26923076923077,0,0.4444444444444444,0.2631578947368421,0,0.19047619047619047,0.19047619047619047,0,0.19047619047619047,0,0,0,0,0.19047619047619047,1,2.4761904761904763,4,9,0
"Drew Timme","BKN",9,254,-11.793893129770993,105,116.79389312977099,18.653846153846153,0.3333333333333333,0.26666666666666666,0.1875,0,0.19083969465648856,0.19083969465648856,0,0.19083969465648856,0,0,0,0,0.19083969465648856,1,0.7633587786259542,0,4,0
"Marcus Bagley","PHI",10,253,-15.260463284522572,103.98481973434536,119.24528301886792,8.918406072106261,0.14814814814814814,0.3333333333333333,0.4,0,2.2641509433962264,1.509433962264151,0.7547169811320755,0.5660377358490566,0.7547169811320755,0.18867924528301888,0.7547169811320755,0,1.1320754716981132,0.5,1.6981132075471699,3,6,0
"Cam Spencer","MEM",25,252,6.287008011145943,119.69696969696969,113.40996168582376,17.045454545454547,0.38235294117647056,0.5,0.625,0.3333333333333333,0.19157088122605365,0.19157088122605365,0,0,0.19157088122605365,0,0,0,0.19157088122605365,1,1.7241379310344827,0,9,0
"Kevin Love","MIA",23,251,-3.4487973498487747,112.02290076335878,115.47169811320755,16.984732824427482,0.14285714285714285,0.375,0.45454545454545453,0.25,0.7547169811320755,0.7547169811320755,0,0.5660377358490566,0.18867924528301888,0,0,0,0.5660377358490566,0.75,2.830188679245283,7,8,0
"Pat Spencer","GSW",39,250,-1.5787049829603035,108.89748549323018,110.47619047619048,16.634429400386846,0.29411764705882354,0.5,0.3333333333333333,0.3333333333333333,0.5714285714285714,0.5714285714285714,0,0.19047619047619047,0.38095238095238093,0,0,0,0,0,2.6666666666666665,7,7,0
"JT Thor","WAS",20,249,-20.746456692913398,96.65354330708661,117.4,10.826771653543307,0.13333333333333333,0.6,0.1,0.6666666666666666,1.8,1.4,0.4,0.6,0.8,0,0,0.4,1.6,0.8888888888888888,1.6,4,4,0.2
"Branden Carlson","OKC",32,246,8.303124078986144,117.11538461538461,108.81226053639847,18.46153846153846,0.25,0.25,0.2,1,4.022988505747127,4.022988505747127,0,1.3409961685823755,2.4904214559386975,0.19157088122605365,0,0,2.4904214559386975,0.6190476190476191,0.9578544061302682,1,4,0.3831417624521073
"Dariq Whitehead","BKN",20,246,-9.254202227794607,102.15264187866927,111.40684410646388,20.54794520547945,0.3,0.375,0.4,0,0.19011406844106463,0,0.19011406844106463,0,0,0,0.19011406844106463,0,0.19011406844106463,1,1.1406844106463878,3,3,0
"Johnny Davis","WAS",34,242,-3.1028675232218603,107.54352030947776,110.64638783269963,13.733075435203094,0.13636363636363635,0.5555555555555556,0.5,0,1.1406844106463878,1.1406844106463878,0,0.38022813688212925,0.5703422053231939,0.19011406844106463,0,0,0.7604562737642585,0.6666666666666666,2.8517110266159698,6,9,0
"Bones Hyland","MIN",24,239,-6.378600823045261,102.88065843621399,109.25925925925925,28.395061728395063,0.2553191489361702,0.2857142857142857,0.42857142857142855,0.14285714285714285,0.823045267489712,0.6172839506172839,0.205761316872428,0,0.411522633744856,0.205761316872428,0,0.205761316872428,0.6172839506172839,0.75,3.7037037037037037,6,12,0
"Jaylen Martin","WAS",16,239,-27.12460593993694,95.52845528455285,122.65306122448979,13.211382113821138,0.35714285714285715,0.25,0.5294117647058824,1,0,0,0,0,0,0,0,0,0,0,1.836734693877551,4,5,0
"Xavier Tillman","BOS",33,231,-2.8783497204549775,109.64912280701755,112.52747252747253,6.359649122807017,0.25925925925925924,0.3333333333333333,0.3,0,1.098901098901099,1.098901098901099,0,0.6593406593406593,0.43956043956043955,0,0,0,0.6593406593406593,0.6,2.4175824175824174,5,6,0
"Garrett Temple","TOR",28,227,-5.481940230267256,108.3673469387755,113.84928716904277,9.183673469387756,0.35,0.5,0.3333333333333333,0.4,0.4073319755600815,0.4073319755600815,0,0,0.4073319755600815,0,0,0,0.4073319755600815,1,3.4623217922606924,14,3,0
"Jared Rhoden","TOR",14,226,13.766039779526736,119.8329853862213,106.06694560669456,20.041753653444676,0.28,0.5384615384615384,0.3333333333333333,0,0.41841004184100417,0.20920502092050208,0.20920502092050208,0,0,0.20920502092050208,0,0.20920502092050208,0.20920502092050208,0.5,2.092050209205021,5,5,0.20920502092050208
"Luka Garza","MIN",38,219,0.48742365653572506,110.02132196162046,109.53389830508475,22.601279317697227,0.15384615384615385,0.6666666666666666,0,0,0.635593220338983,0.635593220338983,0,0.211864406779661,0.423728813559322,0,0,0,0.211864406779661,0.3333333333333333,1.271186440677966,2,4,0
"Ariel Hukporti","NYK",25,217,-12.821959573162289,100.89485458612975,113.71681415929204,9.619686800894854,0,0.16666666666666666,0.25,0,3.3185840707964602,3.3185840707964602,0,3.0973451327433628,0.22123893805309736,0,0,0,1.5486725663716814,0.4666666666666667,0.22123893805309736,1,0,0
"Alex Reese","PHI",15,216,5.100518203877698,120.56892778993435,115.46840958605665,14.879649890590809,0.16,0,1,0,2.178649237472767,2.178649237472767,0,1.5250544662309369,0.4357298474945534,0.2178649237472767,0,0,0.8714596949891068,0.4,2.178649237472767,2,8,0.2178649237472767
"Dario Šarić","DEN",16,210,-11.529411764705884,100,111.52941176470588,11.058823529411764,0.16666666666666666,0.5,0,0,0.23529411764705882,0.23529411764705882,0,0.23529411764705882,0,0,0,0,0,0,1.6470588235294117,4,3,0
"Adam Flagler","OKC",37,203,0,100,99.99999999999999,13.636363636363637,0.3103448275862069,0.5,0.3333333333333333,0.2,0.7299270072992701,0.7299270072992701,0,0.24330900243309003,0.48661800486618007,0,0,0,0.24330900243309003,0.3333333333333333,1.9464720194647203,6,2,0
"Chuma Okeke","CLE",9,197,-5.197497361676469,118.43434343434343,123.63184079601992,9.595959595959595,0.4375,0.6666666666666666,0,0,0.9950248756218906,0.4975124378109453,0.4975124378109453,0.4975124378109453,0,0,0.24875621890547264,0.24875621890547264,0.4975124378109453,0.5,1.243781094527363,3,2,0
"Drew Peterson","BOS",25,186,11.231884057971016,116.66666666666666,105.43478260869564,12.634408602150538,0.25,0.6666666666666666,0,0,0.5434782608695652,0.5434782608695652,0,0.2717391304347826,0.2717391304347826,0,0,0,0,0,1.358695652173913,4,1,0
"Markelle Fultz","SAC",21,184,1.9359314366649159,111.05121293800539,109.11528150134048,15.633423180592992,0.3333333333333333,1,0.36363636363636365,0.18181818181818182,0.5361930294906166,0.5361930294906166,0,0.2680965147453083,0.2680965147453083,0,0,0,0.2680965147453083,0.5,2.680965147453083,6,4,0
"Lester Quinones","NOP",13,183,-7.07941137478457,105.26315789473684,112.3425692695214,19.548872180451127,0.32142857142857145,0.2,0.375,0.3333333333333333,0.5037783375314862,0.5037783375314862,0,0.2518891687657431,0.2518891687657431,0,0,0,0.2518891687657431,0.5,0.7556675062972292,1,2,0
"Bronny James","LAL",27,181,-17.681059332212342,98.89502762430939,116.57608695652173,16.298342541436465,0.21739130434782608,0,0.375,0.25,0.8152173913043478,0.8152173913043478,0,0.8152173913043478,0,0,0,0,0.2717391304347826,0.3333333333333333,2.4456521739130435,3,6,0.2717391304347826
"Enrique Freeman","IND",22,181,-3.7188814586556447,107.86802030456853,111.58690176322418,8.375634517766498,0.1111111111111111,0.125,0.5,0,0.7556675062972292,0.5037783375314862,0.2518891687657431,0.5037783375314862,0,0,0,0.2518891687657431,0.7556675062972292,1,0.7556675062972292,1,2,0.5037783375314862
"Cole Swider","TOR",10,170,11.254583134066635,115.17615176151762,103.92156862745098,12.466124661246612,0.3,0.75,0.5,0.3333333333333333,0.5602240896358543,0.5602240896358543,0,0.2801120448179272,0.2801120448179272,0,0,0,0.2801120448179272,0.5,1.1204481792717087,2,2,0
"Jaylen Nowell","NOP",8,168,-14.151329243353786,103.33333333333334,117.48466257668713,17.272727272727273,0.4117647058823529,0.8,0.3333333333333333,0,1.2269938650306749,1.2269938650306749,0,0.9202453987730062,0.3067484662576687,0,0,0,0.6134969325153374,0.5,0.3067484662576687,0,1,0
"Markieff Morris","LAL",15,164,-9.297302991993249,107.9646017699115,117.26190476190476,14.15929203539823,0.2692307692307692,0.14285714285714285,0.25,0.14285714285714285,0.8928571428571429,0.8928571428571429,0,0.5952380952380952,0.2976190476190476,0,0,0,0.8928571428571429,1,0.5952380952380952,1,1,0
"Killian Hayes","BKN",6,162,-4.7272024865225575,112.5748502994012,117.30205278592375,13.47305389221557,0.23076923076923078,1,0.2222222222222222,0,1.1730205278592376,1.1730205278592376,0,0.8797653958944281,0.2932551319648094,0,0,0,0.8797653958944281,0.75,1.1730205278592376,2,2,0.2932551319648094
"MarJon Beauchamp","NYK",35,156,2.09014966933519,96.76470588235294,94.67455621301775,19.41176470588235,0.16666666666666666,0,0.3333333333333333,0.2222222222222222,0.2958579881656805,0.2958579881656805,0,0.2958579881656805,0,0,0,0,0.2958579881656805,1,1.183431952662722,2,2,0
"Lamar Stevens","MEM",17,155,25.653495440729472,131.42857142857144,105.77507598784194,20.634920634920636,0.23529411764705882,0.625,0.5,1,0.9118541033434651,0.9118541033434651,0,0.303951367781155,0.60790273556231,0,0,0,0.60790273556231,0.6666666666666666,1.5197568389057752,3,2,0
"Tyson Etienne","BKN",7,151,-20.230156613192094,101.24223602484471,121.47239263803682,16.770186335403725,0.1,0.75,0,0,0.3067484662576687,0.3067484662576687,0,0.3067484662576687,0,0,0,0,0.3067484662576687,1,0.9202453987730062,1,2,0
"Josh Richardson","MIA",8,150,-10.163934426229503,107.54098360655739,117.70491803278689,10.491803278688524,0.26666666666666666,0,0.6,0,0.32786885245901637,0.32786885245901637,0,0,0.32786885245901637,0,0,0,0,0,2.622950819672131,2,6,0
"Nate Williams","HOU",20,147,-5.5432740134851315,111.92660550458716,117.46987951807229,17.737003058103976,0.35,0,0.5454545454545454,0,1.2048192771084338,0.9036144578313253,0.30120481927710846,0.30120481927710846,0.6024096385542169,0,0,0.30120481927710846,0.6024096385542169,0.5,2.4096385542168677,6,2,0
"Bruno Fernando","TOR",17,147,-5.920299302760611,107.45762711864406,113.37792642140468,13.559322033898304,0,0.45454545454545453,0.6,0,3.0100334448160537,3.0100334448160537,0,1.6722408026755853,1.3377926421404682,0,0,0,2.6755852842809364,0.8888888888888888,1.3377926421404682,0,4,0.6688963210702341
"Damion Lee","PHX",25,144,5.0673488566356895,106.05095541401273,100.98360655737706,23.88535031847134,0.25,0.3333333333333333,0.18181818181818182,0,0,0,0,0,0,0,0,0,0,0,1.9672131147540983,3,3,0
"Oshae Brissett","PHI",6,142,-12.294159042927518,116.3265306122449,128.6206896551724,13.945578231292517,0.16666666666666666,0.2,0,0,1.0344827586206897,1.0344827586206897,0,1.0344827586206897,0,0,0,0,0,0,1.3793103448275863,2,2,0
"Pete Nance","MIL",13,138,-4.293688278231002,111.76470588235293,116.05839416058393,12.867647058823529,0.21428571428571427,0,0,0,0.7299270072992701,0.7299270072992701,0,0.7299270072992701,0,0,0,0,0.7299270072992701,1,0.7299270072992701,1,1,0
"Elijah Harkless","UTA",10,138,11.111111111111114,116.48745519713262,105.3763440860215,10.75268817204301,0.16666666666666666,0,0,0,0.35842293906810035,0.35842293906810035,0,0,0.35842293906810035,0,0,0,0,0,3.5842293906810037,8,2,0
"Vlatko Čančar","DEN",13,136,-6.70009456029463,96.12676056338029,102.8268551236749,6.338028169014085,0.36363636363636365,0.25,0,0,0.7067137809187279,0.7067137809187279,0,0.7067137809187279,0,0,0,0,0.7067137809187279,1,1.0600706713780919,0,3,0.35335689045936397
"Kylor Kelley","NOP",11,126,-29.093350293265487,104.86891385767791,133.9622641509434,9.363295880149813,0,0.5,0.75,0,1.1320754716981132,1.1320754716981132,0,0.7547169811320755,0.37735849056603776,0,0,0,0.7547169811320755,0.6666666666666666,0.37735849056603776,0,1,0.7547169811320755
"Alex Ducas","OKC",21,125,-8.301886792452834,100,108.30188679245283,12.452830188679245,0.09090909090909091,0,0.3333333333333333,1,0,0,0,0,0,0,0,0,0,0,1.8867924528301887,3,2,0
"Spencer Jones","DEN",20,125,-15.102781828058426,93.51145038167938,108.61423220973784,9.16030534351145,0.1875,0.3333333333333333,0.25,0,1.8726591760299625,1.8726591760299625,0,0.37453183520599254,1.4981273408239701,0,0,0,1.1235955056179776,0.6,1.8726591760299625,1,4,0
"Kobe Bufkin","ATL",10,124,-7.523085279739263,99.61977186311788,107.14285714285714,18.631178707224336,0.21428571428571427,0.5714285714285714,0,0,0.7518796992481203,0.7518796992481203,0,0.37593984962406013,0.37593984962406013,0,0,0,0.7518796992481203,1,1.1278195488721805,2,1,0
"Tyler Smith","MIL",23,122,6.226325757575751,105.46875,99.24242424242424,22.265625,0.29411764705882354,0.6666666666666666,0.3333333333333333,0,1.5151515151515151,1.1363636363636365,0.3787878787878788,0.7575757575757576,0.3787878787878788,0,0,0.3787878787878788,1.5151515151515151,1,1.1363636363636365,2,1,0
"De'Anthony Melton","GSW",6,121,13.605542452830193,111.71875,98.11320754716982,21.484375,0.3181818181818182,0.4,0.4,0,0.7547169811320755,0.7547169811320755,0,0,0.7547169811320755,0,0,0,0.37735849056603776,0.5,2.641509433962264,2,5,0
"Moses Brown","DAL",13,119,-2.507074637424836,105.44747081712063,107.95454545454545,22.56809338521401,0,0.4,0.1,0,1.5151515151515151,1.5151515151515151,0,0.7575757575757576,0.7575757575757576,0,0,0,0.7575757575757576,0.5,2.272727272727273,1,5,0
"TyTy Washington Jr.","PHX",16,118,1.2900976290097645,109.6234309623431,108.33333333333334,13.807531380753138,0.11764705882352941,0,0.3333333333333333,0.2,0,0,0,0,0,0,0,0,0,0,1.25,1,2,0
"Trey Alexander","DEN",23,116,-9.93181424499629,96.44268774703558,106.37450199203188,12.648221343873518,0.07142857142857142,0.75,0,0.2,0.398406374501992,0.398406374501992,0,0,0.398406374501992,0,0,0,0,0,0.796812749003984,0,2,0
"Sidy Cissoko","POR",22,114,1.03146471349136,91.90283400809716,90.8713692946058,10.121457489878543,0.4444444444444444,0,0.5,0,0.4149377593360996,0.4149377593360996,0,0,0.4149377593360996,0,0,0,0.4149377593360996,1,0.8298755186721992,0,2,0
"Joe Ingles","MIN",19,114,-5.919456574478403,111.1111111111111,117.03056768558952,6.172839506172839,0.08333333333333333,1,0.3333333333333333,0,0,0,0,0,0,0,0,0,0,0,0.8733624454148472,0,2,0
"Tony Bradley","IND",14,113,20.701219512195124,115.41666666666667,94.71544715447155,19.583333333333332,0.5,0.18181818181818182,0.5,0,3.658536585365854,3.658536585365854,0,2.032520325203252,1.6260162601626016,0,0,0,2.032520325203252,0.5555555555555556,0.8130081300813008,0,2,0
"Jaylen Sims","CHA",6,112,-20.78668457978803,101.72413793103449,122.5108225108225,17.24137931034483,0.4444444444444444,1,0.6,0,0.4329004329004329,0.4329004329004329,0,0,0.4329004329004329,0,0,0,0.4329004329004329,1,1.2987012987012987,1,2,0
"Pacôme Dadiet","NYK",18,111,-9.574384391471952,107.01754385964914,116.59192825112108,12.280701754385966,0.15384615384615385,0.5,0,0,0.8968609865470852,0.8968609865470852,0,0.4484304932735426,0.4484304932735426,0,0,0,0,0,1.345291479820628,0,3,0
"Patrick Baldwin Jr.","LAC",24,107,11.700991609458427,116.08695652173914,104.38596491228071,20.869565217391305,0.5,0.5,0.5,0,0.8771929824561403,0.8771929824561403,0,0.8771929824561403,0,0,0,0,0.8771929824561403,1,1.3157894736842106,0,3,0
"Chris Livingston","MIL",21,106,-12.426745329400191,91.55555555555556,103.98230088495576,7.555555555555555,0,0.4,0.5,0,0,0,0,0,0,0,0,0,0,0,2.2123893805309733,4,1,0
"Jae Crowder","SAC",9,103,-6.011595269866106,106.31067961165049,112.32227488151659,10.194174757281553,0.2727272727272727,0,0.6666666666666666,0,0,0,0,0,0,0,0,0,0,0,1.4218009478672986,1,2,0
"Justin Minaya","POR",19,101,-10.477346278317157,95.83333333333333,106.31067961165049,7.407407407407407,0.25,0.75,0,0,0.4854368932038835,0.4854368932038835,0,0.4854368932038835,0,0,0,0,0,0,2.912621359223301,1,5,0
"Keshad Johnson","MIA",16,98,1.840638848668334,107.94392523364485,106.10328638497653,16.35514018691589,0,0.6666666666666666,0,0,1.8779342723004695,1.8779342723004695,0,0.4694835680751174,1.408450704225352,0,0,0,1.408450704225352,0.75,2.347417840375587,1,4,0
"Yuki Kawamura","MEM",22,93,12.16628619488165,115.12195121951221,102.95566502463055,16.097560975609756,0.3125,0,0,0,0,0,0,0,0,0,0,0,0,0,0.9852216748768473,2,0,0
"Luke Travers","CLE",12,88,-3.6036036036036023,109.72972972972973,113.33333333333333,5.405405405405405,0.25,0.3333333333333333,0,0,0.5555555555555556,0.5555555555555556,0,0,0.5555555555555556,0,0,0,0,0,0.5555555555555556,0,1,0
"Stanley Umude","MIL",22,86,-10.870295698924721,86.97916666666667,97.84946236559139,5.208333333333333,0.5,1,0.2,0,3.225806451612903,3.225806451612903,0,1.075268817204301,2.150537634408602,0,0,0,2.150537634408602,0.6666666666666666,1.6129032258064515,0,3,0