"Name","TeamAbbreviation","GamesPlayed","Minutes","ShotQualityAvg","AtRimFG3AFrequency","Avg2ptShotDistance","Avg3ptShotDistance","AtRimFGM","AtRimFGA","AtRimFrequency","AtRimAccuracy","UnblockedAtRimAccuracy","AtRimPctAssisted","AtRimPctBlocked","ShortMidRangeFGM","ShortMidRangeFGA","ShortMidRangeFrequency","ShortMidRangeAccuracy","UnblockedShortMidRangeAccuracy","ShortMidRangePctAssisted","ShortMidRangePctBlocked","LongMidRangeFGM","LongMidRangeFGA","LongMidRangeFrequency","LongMidRangeAccuracy","UnblockedLongMidRangeAccuracy","LongMidRangePctAssisted","LongMidRangePctBlocked","Corner3FGM","Corner3FGA","Corner3Frequency","Corner3Accuracy","UnblockedCorner3Accuracy","Corner3PctAssisted","Corner3PctBlocked","Arc3FGM","Arc3FGA","Arc3Frequency","Arc3Accuracy","UnblockedArc3Accuracy","Arc3PctAssisted","Arc3PctBlocked","NonHeaveArc3FGM","NonHeaveArc3FGA","NonHeaveArc3Accuracy","HeaveAttempts","HeaveMakes"
"Mikal Bridges","NYK",82,3036,0.5381367532467533,0.5942519019442096,7.916805555555556,25.282251082251083,2.9885057471264367,3.9408866995073892,0.2028740490278952,0.7583333333333333,0.8088888888888889,0.7747252747252747,0.0625,3.0213464696223316,5.862068965517241,0.30177514792899407,0.5154061624649859,0.5287356321839081,0.6086956521739131,0.025210084033613446,1.0180623973727423,2.019704433497537,0.10397295012679628,0.5040650406504065,0.5040650406504065,0.6290322580645161,0,1.5270935960591132,3.5632183908045976,0.1834319526627219,0.42857142857142855,0.42857142857142855,0.978494623655914,0,1.1658456486042692,4.039408866995074,0.20794590025359255,0.2886178861788618,0.2886178861788618,0.9295774647887324,0,71,234,0.3034188034188034,12,0
"Josh Hart","NYK",77,2897,0.5846714097496706,0.7776332899869961,4.494197292069632,25.22301587301587,4.227782571182053,5.970664365832614,0.44993498049414826,0.708092485549133,0.8006535947712419,0.5959183673469388,0.11560693641618497,0.9663503019844694,2.191544434857636,0.16514954486345904,0.4409448818897638,0.49557522123893805,0.6785714285714286,0.11023622047244094,0.31061259706643657,0.7592752372735116,0.05721716514954486,0.4090909090909091,0.4186046511627907,0.6666666666666666,0.022727272727272728,0.3451251078515962,1.1389128559102675,0.0858257477243173,0.30303030303030304,0.3076923076923077,0.95,0.015151515151515152,1.1044003451251079,3.209663503019845,0.24187256176853056,0.34408602150537637,0.34972677595628415,0.84375,0.016129032258064516,64,184,0.34782608695652173,2,0
"Anthony Edwards","MIN",79,2871,0.5365980612883052,0.7245657568238213,7.6604244694132335,25.947472256473493,3.894537308288816,6.151990349819059,0.22146401985111663,0.6330532212885154,0.6746268656716418,0.46017699115044247,0.06162464985994398,1.9645011201102878,4.687230742719283,0.1687344913151365,0.41911764705882354,0.4634146341463415,0.2807017543859649,0.09558823529411764,1.0511804239186628,2.9639841461313114,0.10669975186104218,0.3546511627906977,0.3588235294117647,0.29508196721311475,0.011627906976744186,0.7409960365328279,1.7232465965879717,0.062034739454094295,0.43,0.44329896907216493,0.7906976744186046,0.03,4.773393072548681,12.252283301740478,0.44106699751861045,0.38959212376933894,0.3906911142454161,0.4259927797833935,0.0028129395218002813,277,701,0.39514978601997147,10,0
"Devin Booker","PHX",75,2795,0.5077161028893588,0.5295774647887324,10.101035673187571,25.93085299455535,2.455396573043632,3.550609432962374,0.1415492957746479,0.6915422885572139,0.7595628415300546,0.5179856115107914,0.08955223880597014,3.4269563681328385,7.224871930754284,0.2880281690140845,0.4743276283618582,0.5173333333333333,0.32989690721649484,0.08312958435207823,2.437731849496555,4.57516339869281,0.1823943661971831,0.5328185328185329,0.549800796812749,0.4855072463768116,0.03088803088803089,0.4592828122239887,1.3248542660307365,0.0528169014084507,0.3466666666666667,0.3466666666666667,0.9615384615384616,0,2.7733615968910086,8.408408408408409,0.3352112676056338,0.32983193277310924,0.33122362869198313,0.6751592356687898,0.004201680672268907,157,476,0.32983193277310924,0,0
"James Harden","LAC",79,2789,0.5061250775193799,0.6710424710424711,7.371451355661882,26.599251497005987,2.080761770410862,3.5443484394286724,0.1552123552123552,0.5870646766169154,0.7023809523809523,0.16101694915254236,0.16417910447761194,2.609769000176336,6.277552459883618,0.2749034749034749,0.4157303370786517,0.4484848484848485,0.20270270270270271,0.07303370786516854,0.5290072297654734,1.2343502027861046,0.05405405405405406,0.42857142857142855,0.4411764705882353,0.1,0.02857142857142857,0.2116028919061894,0.5290072297654734,0.023166023166023165,0.4,0.41379310344827586,0.5833333333333334,0.03333333333333333,3.9322870745900196,11.250220419679069,0.49266409266409267,0.3495297805642633,0.35118110236220473,0.35874439461883406,0.004702194357366771,223,637,0.3500784929356358,1,0
"DeMar DeRozan","SAC",77,2768,0.46278203732503886,0.2874617737003058,12.657794676806084,26.385490196078432,1.5229325305471932,2.1250221356472463,0.09174311926605505,0.7166666666666667,0.7747747747747747,0.47674418604651164,0.075,3.931290950947406,7.667788206127147,0.33103975535168195,0.5127020785219399,0.5606060606060606,0.2882882882882883,0.08545034642032333,4.108376128918009,8.836550380733133,0.38149847094801226,0.4649298597194389,0.47443762781186094,0.3922413793103448,0.02004008016032064,0.5312555339118116,1.4875154949530724,0.06422018348623854,0.35714285714285715,0.35714285714285715,1,0,0.9562599610412609,3.0458650610943865,0.13149847094801223,0.313953488372093,0.3157894736842105,0.8148148148148148,0.005813953488372093,54,166,0.3253012048192771,6,0
"Trae Young","ATL",76,2739,0.5132298876404494,0.6242732558139535,8.154768392370572,27.677102803738318,1.9328585961342828,3.6792132926415735,0.15770348837209303,0.5253456221198156,0.59375,0.3684210526315789,0.1152073732718894,3.221430993557138,6.917599186164802,0.29651162790697677,0.46568627450980393,0.5053191489361702,0.25263157894736843,0.0784313725490196,0.7460155985079688,1.8480840963038319,0.07921511627906977,0.4036697247706422,0.411214953271028,0.22727272727272727,0.01834862385321101,0.3730077992539844,0.8646998982706002,0.037063953488372096,0.43137254901960786,0.44,0.6818181818181818,0.0196078431372549,3.323160393353679,10.020345879959308,0.42950581395348836,0.3316412859560068,0.335042735042735,0.25,0.01015228426395939,195,580,0.33620689655172414,10,1
"Tyler Herro","MIA",77,2725,0.5200104105571848,0.6499636891793754,7.477086280056577,26.49252615844544,2.7022092386342886,4.108088369545372,0.16339869281045752,0.6577777777777778,0.729064039408867,0.38513513513513514,0.09777777777777778,3.779441299981742,7.0293956545554135,0.27959331880900506,0.5376623376623376,0.5897435897435898,0.3671497584541063,0.08831168831168831,0.8216176739090744,1.7710425415373379,0.07044299201161947,0.4639175257731959,0.4945054945054945,0.4,0.061855670103092786,0.6572941391272594,1.460653642505021,0.05809731299927379,0.45,0.4675324675324675,0.9166666666666666,0.0375,3.925506664232244,10.77232061347453,0.42846768336964414,0.3644067796610169,0.3706896551724138,0.7255813953488373,0.01694915254237288,215,588,0.3656462585034014,2,0
"OG Anunoby","NYK",74,2706,0.5938665169660678,0.8260019550342131,4.523268206039076,24.65645514223195,4.650304484222181,7.104631850894999,0.3763440860215054,0.6545454545454545,0.7924528301886793,0.7301587301587301,0.17402597402597403,0.7750507473703635,2.0483484037645323,0.10850439882697947,0.3783783783783784,0.44680851063829785,0.6666666666666666,0.15315315315315314,0.3690717844620779,1.2363904779479609,0.06549364613880743,0.29850746268656714,0.30303030303030304,0.65,0.014925373134328358,1.4578335486252076,3.930614504521129,0.20821114369501467,0.37089201877934275,0.3744075829383886,0.9493670886075949,0.009389671361502348,1.6977302085255581,4.558036538106662,0.24144672531769307,0.3724696356275304,0.37551020408163266,0.9130434782608695,0.008097165991902834,92,246,0.37398373983739835,1,0
"Jalen Green","HOU",82,2697,0.5327952448545067,0.7000695894224078,7.953092783505155,26.1428139183056,4.025385312783318,6.255666364460562,0.24008350730688935,0.6434782608695652,0.7278688524590164,0.28378378378378377,0.11594202898550725,1.4505893019038985,4.116047144152312,0.1579679888656924,0.3524229074889868,0.44692737430167595,0.1625,0.21145374449339208,1.3055303717135087,3.699002719854941,0.1419624217118998,0.35294117647058826,0.36363636363636365,0.3055555555555556,0.029411764705882353,0.5077062556663645,1.341795104261106,0.05149617258176757,0.3783783783783784,0.3835616438356164,0.6785714285714286,0.013513513513513514,3.7352674524025384,10.643699002719854,0.40848990953375086,0.35093696763202725,0.3576388888888889,0.5194174757281553,0.018739352640545145,206,586,0.3515358361774744,1,0
"Christian Braun","DEN",79,2675,0.5927517073170732,0.7904993909866017,4.052763819095477,25.325,5.530371713508613,7.70625566636446,0.5176613885505481,0.7176470588235294,0.7963446475195822,0.7868852459016393,0.0988235294117647,1.1967361740707163,2.484134179510426,0.1668696711327649,0.48175182481751827,0.559322033898305,0.6818181818181818,0.1386861313868613,0.2901178603807797,0.6346328195829556,0.04263093788063337,0.45714285714285713,0.45714285714285713,0.625,0,0.471441523118767,1.341795104261106,0.09013398294762484,0.35135135135135137,0.3561643835616438,0.9615384615384616,0.013513513513513514,1.14233907524932,2.7198549410698094,0.18270401948842874,0.42,0.42,0.8571428571428571,0,63,149,0.4228187919463087,1,0
"Bam Adebayo","MIA",78,2674,0.5108589579524679,0.43755615453728663,7.876569506726457,25.367727272727272,3.508771929824561,5.017921146953405,0.2389937106918239,0.6992481203007519,0.7410358565737052,0.6344086021505376,0.05639097744360902,4.074702886247878,9.300132050556499,0.44294699011680144,0.4381338742393509,0.4625267665952891,0.5925925925925926,0.05273833671399594,1.1129975476325222,2.5089605734767026,0.11949685534591195,0.44360902255639095,0.45384615384615384,0.559322033898305,0.022556390977443608,0.5470665912092058,1.2261837389171855,0.05840071877807727,0.4461538461538462,0.453125,1,0.015384615384615385,0.9432182607055273,2.942840973401245,0.14016172506738545,0.32051282051282054,0.3225806451612903,0.82,0.00641025641025641,50,155,0.3225806451612903,1,0
"Ivica Zubac","LAC",80,2624,0.5359506369426752,0.5286624203821656,4.388853503184714,0,6.701807228915663,9.375,0.5286624203821656,0.714859437751004,0.7672413793103449,0.6657303370786517,0.06827309236947791,4.348644578313253,8.113704819277109,0.4575371549893843,0.5359628770301624,0.5675675675675675,0.7532467532467533,0.05568445475638051,0.09412650602409639,0.2447289156626506,0.013800424628450107,0.38461538461538464,0.38461538461538464,1,0,0,0,0,0,0,0,0,0,0,0,0,0,0,0,0,0,0,0,0
"Jayson Tatum","BOS",72,2624,0.5285335728952772,0.7249146757679181,7.544369063772049,26.68736263736264,4.566037735849057,6.30188679245283,0.2279863481228669,0.7245508982035929,0.7934426229508197,0.4132231404958678,0.08682634730538923,1.8679245283018868,4.30188679245283,0.15563139931740613,0.4342105263157895,0.47368421052631576,0.2222222222222222,0.08333333333333333,1.3396226415094339,3.30188679245283,0.11945392491467577,0.4057142857142857,0.40804597701149425,0.30985915492957744,0.005714285714285714,0.37735849056603776,0.8490566037735849,0.030716723549488054,0.4444444444444444,0.4444444444444444,0.9,0,4.339622641509434,12.88679245283019,0.4662116040955631,0.3367496339677892,0.34023668639053256,0.4217391304347826,0.010248901903367497,230,681,0.3377386196769457,2,0
"Jaden McDaniels","MIN",82,2614,0.5552837545126355,0.6618705035971223,6.068173258003766,24.535643564356437,3.36455744599503,4.76008411393615,0.29856115107913667,0.7068273092369478,0.7787610619469026,0.6363636363636364,0.09236947791164658,1.8352131523609252,4.415981647868477,0.27697841726618705,0.4155844155844156,0.4485981308411215,0.5520833333333334,0.0735930735930736,0.4970368954310839,0.9749569871917415,0.06115107913669065,0.5098039215686274,0.5306122448979592,0.6538461538461539,0.0392156862745098,0.9940737908621678,3.1160389982794876,0.19544364508393286,0.31901840490797545,0.31901840490797545,1,0,0.9176065761804626,2.676352513859683,0.16786570743405277,0.34285714285714286,0.34285714285714286,0.8958333333333334,0,48,137,0.35036496350364965,3,0
"Keegan Murray","SAC",76,2610,0.5429478829389788,0.7365853658536585,6.691644204851752,25.923370786516852,2.2539444027047333,2.9113448534936137,0.18902439024390244,0.7741935483870968,0.8391608391608392,0.6666666666666666,0.07741935483870968,1.3899323816679188,3.1555221637866264,0.2048780487804878,0.44047619047619047,0.4774193548387097,0.6216216216216216,0.07738095238095238,0.3005259203606311,0.9015777610818934,0.05853658536585366,0.3333333333333333,0.3333333333333333,0.6875,0,0.8827948910593538,2.460555972952667,0.1597560975609756,0.35877862595419846,0.35877862595419846,1,0,2.0097670924117206,5.972952667167543,0.3878048780487805,0.33647798742138363,0.3396825396825397,0.9813084112149533,0.009433962264150943,107,317,0.33753943217665616,1,0
"Zach LaVine","SAC",74,2603,0.549719884009942,0.7170891251022077,7.71703056768559,26.21654135338346,4.334135951102056,6.315984441563253,0.2788225674570728,0.6862170087976539,0.7597402597402597,0.5854700854700855,0.0967741935483871,1.3521022411557695,2.722726430820522,0.12019623875715454,0.4965986394557823,0.5328467153284672,0.4520547945205479,0.06802721088435375,1.4632339322096684,3.685867753287646,0.16271463614063778,0.3969849246231156,0.4010152284263959,0.26582278481012656,0.010050251256281407,0.7593998888683089,1.6299314687905169,0.07195421095666395,0.4659090909090909,0.47126436781609193,0.7804878048780488,0.011363636363636364,3.667345804778663,8.297832932024448,0.36631234668847096,0.4419642857142857,0.4439461883408072,0.494949494949495,0.004464285714285714,198,448,0.4419642857142857,0,0
"Shai Gilgeous-Alexander","OKC",76,2598,0.5212742034313725,0.5157004830917874,8.259541359541359,26.03103448275862,5.4034184892483,7.700790295901489,0.2530193236714976,0.7016706443914081,0.7636363636363637,0.2891156462585034,0.081145584725537,5.2012497702628195,10.255467744899834,0.33695652173913043,0.507168458781362,0.5452793834296724,0.1413427561837456,0.06989247311827956,2.205476934387061,4.484469766587025,0.1473429951690821,0.4918032786885246,0.49586776859504134,0.19166666666666668,0.00819672131147541,0.09189487226612755,0.27568461679838263,0.009057971014492754,0.3333333333333333,0.3333333333333333,1,0,2.903877963609631,7.719169270354715,0.2536231884057971,0.3761904761904762,0.37799043062200954,0.3291139240506329,0.004761904761904762,158,419,0.37708830548926014,1,0
"Michael Porter Jr.","DEN",77,2593,0.5484798557692308,0.7452290076335878,7.01520572450805,26.133333333333336,4.023095548519278,5.438629167442727,0.2786259541984733,0.7397260273972602,0.8150943396226416,0.7407407407407407,0.09246575342465753,1.303780964797914,2.6634382566585955,0.1364503816793893,0.48951048951048953,0.5511811023622047,0.7285714285714285,0.11188811188811189,0.9126466753585397,2.309554851927733,0.1183206106870229,0.3951612903225806,0.3951612903225806,0.7551020408163265,0,0.5960141553361893,1.1734028683181226,0.060114503816793896,0.5079365079365079,0.5161290322580645,0.90625,0.015873015873015872,2.9986962190352022,7.934438442913019,0.4064885496183206,0.3779342723004695,0.3815165876777251,0.9254658385093167,0.009389671361502348,161,418,0.38516746411483255,8,0
"Derrick White","BOS",76,2574,0.535680031282586,0.8279457768508863,7.06455223880597,26.040086830680174,1.4327202323330106,1.9941916747337851,0.10740354535974973,0.7184466019417476,0.7789473684210526,0.581081081081081,0.07766990291262135,1.3359148112294288,2.4007744433688285,0.12930135557872785,0.5564516129032258,0.6216216216216216,0.3333333333333333,0.10483870967741936,0.30977734753146174,0.7938044530493708,0.04275286757038582,0.3902439024390244,0.3902439024390244,0.5,0,1.026137463697967,2.3814133591481124,0.12825860271115747,0.43089430894308944,0.43089430894308944,1,0,4.104549854791868,10.997095837366892,0.5922836287799792,0.3732394366197183,0.3745583038869258,0.7594339622641509,0.0035211267605633804,212,568,0.3732394366197183,0,0
"Dyson Daniels","ATL",76,2571,0.5547978405315614,0.596529284164859,5.048908296943232,26.131489361702126,3.766684951545072,5.75973669775096,0.34164859002169196,0.653968253968254,0.6983050847457627,0.47572815533980584,0.06349206349206349,3.0170049369171696,6.564271347595539,0.3893709327548807,0.4596100278551532,0.4896142433234421,0.5636363636363636,0.06128133704735376,0.0731395136222344,0.23770341927226185,0.014099783080260303,0.3076923076923077,0.3076923076923077,0.75,0,0.45712196013896506,1.0422380691168405,0.06182212581344902,0.43859649122807015,0.44642857142857145,1,0.017543859649122806,1.005668312305723,3.254708356189431,0.19305856832971802,0.3089887640449438,0.3125,0.9090909090909091,0.011235955056179775,55,172,0.31976744186046513,6,0
"Nikola Jokić","DEN",70,2571,0.5152626871257485,0.5546588407923698,5.944724104549854,28.713939393939395,5.6771799628942485,7.903525046382189,0.31254585473220836,0.7183098591549296,0.765,0.6176470588235294,0.06103286384976526,5.510204081632653,9.721706864564007,0.384446074834923,0.566793893129771,0.6073619631901841,0.6902356902356902,0.06679389312977099,0.8348794063079777,1.5398886827458256,0.06089508437270726,0.5421686746987951,0.5487804878048781,0.6444444444444445,0.012048192771084338,0.14842300556586271,0.2782931354359926,0.011005135730007337,0.5333333333333333,0.5333333333333333,1,0,2.411873840445269,5.8441558441558445,0.23110785033015407,0.4126984126984127,0.4140127388535032,0.8538461538461538,0.0031746031746031746,128,291,0.43986254295532645,22,2
"Austin Reaves","LAL",73,2550,0.5247624148003895,0.7020250723240116,6.882411067193676,26.884745762711862,2.633096290601576,3.7862771477993467,0.18997107039537126,0.6954314720812182,0.732620320855615,0.46715328467153283,0.050761421319796954,2.2487026715356526,4.9010186430905245,0.2459016393442623,0.4588235294117647,0.5223214285714286,0.4188034188034188,0.12156862745098039,0.44205266192581205,1.0378627714779936,0.052073288331726135,0.42592592592592593,0.4423076923076923,0.391304347826087,0.037037037037037035,0.6150297905054776,1.3261579857774362,0.0665380906460945,0.463768115942029,0.463768115942029,1,0,3.2289064001537575,8.879492600422832,0.4455159112825458,0.36363636363636365,0.36681222707423583,0.6666666666666666,0.008658008658008658,168,454,0.3700440528634361,8,0
"Toumani Camara","POR",78,2548,0.5768768518518519,0.8547486033519553,2.9831460674157304,24.835933147632314,3.0238828967642526,4.85362095531587,0.35195530726256985,0.623015873015873,0.6596638655462185,0.6369426751592356,0.05555555555555555,0.6741140215716487,1.9645608628659477,0.1424581005586592,0.3431372549019608,0.3888888888888889,0.7428571428571429,0.11764705882352941,0.01926040061633282,0.03852080123266564,0.002793296089385475,0.5,0.5,1,0,1.0593220338983051,2.985362095531587,0.2164804469273743,0.3548387096774194,0.35714285714285715,0.9636363636363636,0.0064516129032258064,1.5408320493066257,3.948382126348228,0.28631284916201116,0.3902439024390244,0.39215686274509803,0.95,0.004878048780487805,80,204,0.39215686274509803,1,0
"Pascal Siakam","IND",78,2548,0.5230885690093141,0.5592216582064298,7.481351981351981,25.458641975308645,4.708349218452154,6.423942051086542,0.28510998307952623,0.7329376854599406,0.771875,0.6842105263157895,0.050445103857566766,3.393061380099123,7.072054898970644,0.31387478849407785,0.4797843665768194,0.5114942528735632,0.47191011235955055,0.06199460916442048,1.1818528402592452,2.85932138772398,0.12690355329949238,0.41333333333333333,0.4161073825503356,0.5483870967741935,0.006666666666666667,0.7434235608082348,1.8490278307281738,0.08206429780033841,0.4020618556701031,0.4148936170212766,1,0.030927835051546393,1.6584064048799085,4.327106366755624,0.19204737732656516,0.3832599118942731,0.38495575221238937,0.9655172413793104,0.004405286343612335,87,226,0.38495575221238937,1,0
"Brook Lopez","MIL",80,2546,0.5458024547803617,0.7377260981912145,6.0448877805486285,26.763270777479896,2.9439877652456508,3.7851271267444084,0.2558139534883721,0.7777777777777778,0.8279569892473119,0.7012987012987013,0.06060606060606061,1.6058115083158095,3.1160389982794876,0.21059431524547803,0.5153374233128835,0.5419354838709678,0.7976190476190477,0.049079754601226995,0.3249856623972472,0.7646721468170522,0.05167958656330749,0.425,0.425,0.8823529411764706,0,0.4205696807493787,0.7455553431466259,0.050387596899224806,0.5641025641025641,0.5641025641025641,0.9545454545454546,0,2.2366660294398777,6.385012425922386,0.4315245478036176,0.3502994011976048,0.3502994011976048,0.9914529914529915,0,117,334,0.3502994011976048,0,0
"Karl-Anthony Towns","NYK",72,2517,0.5549132107023411,0.6987654320987654,4.731927023945268,26.454733727810652,6.696690816526337,10.005874290189935,0.4205761316872428,0.6692759295499021,0.7434782608695653,0.5964912280701754,0.09980430528375733,2.6238496181711377,5.913452124534952,0.248559670781893,0.44370860927152317,0.4908424908424908,0.5223880597014925,0.09602649006622517,0.4112003132954768,1.253181907186215,0.05267489711934156,0.328125,0.3333333333333333,0.8095238095238095,0.015625,0.13706677109849227,0.4307812805952614,0.01810699588477366,0.3181818181818182,0.3181818181818182,1,0,2.6434305854709224,6.187585666731937,0.26008230452674896,0.4272151898734177,0.4299363057324841,0.9703703703703703,0.006329113924050633,135,316,0.4272151898734177,0,0
"Bub Carrington","WAS",82,2458,0.5144071715817694,0.6657754010695187,10.485630498533723,26.279606879606877,0.9529366005445352,1.7697394010112797,0.12165775401069519,0.5384615384615384,0.5903614457831325,0.673469387755102,0.08791208791208792,1.0501750291715286,2.469856087125632,0.1697860962566845,0.4251968503937008,0.4778761061946903,0.2777777777777778,0.11023622047244094,1.147413457798522,2.3920653442240374,0.16443850267379678,0.4796747967479675,0.4796747967479675,0.5084745762711864,0,0.40840140023337224,1.2252042007001167,0.08422459893048129,0.3333333333333333,0.3333333333333333,1,0,2.2753792298716453,6.690003889537145,0.45989304812834225,0.34011627906976744,0.34110787172011664,0.6068376068376068,0.0029069767441860465,117,343,0.34110787172011664,1,0
"Cade Cunningham","DET",70,2452,0.5075618457300275,0.5339739190116678,7.0555341674687195,26.455741626794257,4.036050156739812,7.053291536050157,0.24708304735758407,0.5722222222222222,0.64576802507837,0.2669902912621359,0.11388888888888889,5.15282131661442,10.52115987460815,0.3685655456417296,0.4897579143389199,0.5479166666666667,0.155893536121673,0.10614525139664804,1.293103448275862,2.782131661442006,0.09746053534660261,0.4647887323943662,0.4647887323943662,0.3939393939393939,0,0.15673981191222572,0.4114420062695925,0.014413177762525738,0.38095238095238093,0.38095238095238093,1,0,2.762539184952978,7.778213166144201,0.272477693891558,0.35516372795969775,0.3569620253164557,0.5460992907801419,0.005037783375314861,141,393,0.35877862595419846,4,0
"Tyrese Haliburton","IND",73,2451,0.5185055331991951,0.6878727634194831,9.349774774774776,27.181138790035586,1.8296281723391699,2.557544757033248,0.12922465208747516,0.7153846153846154,0.768595041322314,0.3548387096774194,0.06923076923076923,2.0853826480424944,3.796970293133976,0.1918489065606362,0.5492227979274611,0.572972972972973,0.4528301886792453,0.04145077720207254,1.1607318512689357,2.3804839661617154,0.12027833001988071,0.48760330578512395,0.49166666666666664,0.3389830508474576,0.008264462809917356,0.3737950029510132,0.8656305331497147,0.0437375745526839,0.4318181818181818,0.4523809523809524,0.6842105263157895,0.045454545454545456,3.9150108203816645,10.190832185717095,0.5149105367793241,0.3841698841698842,0.3864077669902913,0.5125628140703518,0.005791505791505791,199,510,0.39019607843137255,8,0
"Coby White","CHI",74,2450,0.5515994609164421,0.7778768956289027,5.841340782122906,26.575171232876713,3.5094411596414266,5.493038336830059,0.2569134701159679,0.6388888888888888,0.7510204081632653,0.3804347826086957,0.14930555555555555,1.7165744802593934,3.6048064085447264,0.16859946476360393,0.47619047619047616,0.5625,0.24444444444444444,0.15343915343915343,0.3433148960518787,1.1443829868395956,0.05352363960749331,0.3,0.3,0.3333333333333333,0,0.5912645432004577,1.5449170322334542,0.07225691347011597,0.38271604938271603,0.38271604938271603,0.967741935483871,0,3.5285142094220867,9.593744039671943,0.4487065120428189,0.36779324055666,0.3714859437751004,0.7243243243243244,0.009940357852882704,185,495,0.37373737373737376,8,0
"LeBron James","LAL",70,2444,0.5238167192429022,0.6133858267716535,7.382151029748284,26.781565656565657,5.72289156626506,7.690763052208835,0.3015748031496063,0.7441253263707572,0.7983193277310925,0.4631578947368421,0.06788511749347259,2.931726907630522,6.365461847389558,0.24960629921259841,0.4605678233438486,0.49829351535836175,0.3082191780821918,0.07570977917981073,1.4257028112449799,3.4939759036144578,0.13700787401574804,0.40804597701149425,0.40804597701149425,0.2112676056338028,0,0.26104417670682734,0.7429718875502008,0.029133858267716535,0.35135135135135137,0.35135135135135137,1,0,2.7309236947791167,7.208835341365462,0.2826771653543307,0.3788300835654596,0.37988826815642457,0.6617647058823529,0.002785515320334262,136,357,0.38095238095238093,2,0
"Domantas Sabonis","SAC",70,2429,0.5575202610669693,0.6976483762597985,4.366892808683853,25.971153846153847,6.528726396143029,9.381277621534753,0.522956326987682,0.69593147751606,0.7523148148148148,0.6092307692307692,0.07494646680942184,2.189634391321816,4.198473282442748,0.23404255319148937,0.5215311004784688,0.5860215053763441,0.6422018348623854,0.11004784688995216,0.562474889513861,1.2253917235837686,0.0683090705487122,0.45901639344262296,0.4666666666666667,0.8214285714285714,0.01639344262295082,0.08035355564483729,0.16070711128967458,0.008958566629339306,0.5,0.5,1,0,1.2253917235837686,2.9730815588589796,0.16573348264277715,0.41216216216216217,0.41216216216216217,0.9836065573770492,0,61,148,0.41216216216216217,0,0
"Jamal Murray","DEN",67,2418,0.5088613249776186,0.5432649420160571,9.794060773480663,26.068261964735516,2.734217933252915,4.26216324889425,0.18911685994647637,0.6415094339622641,0.6974358974358974,0.47794117647058826,0.08018867924528301,2.5331724969843186,5.287494973864093,0.23461195361284568,0.4790874524714829,0.5271966527196653,0.30952380952380953,0.09125475285171103,2.271813429835143,5.0060313630880575,0.22212310437109722,0.4538152610441767,0.45934959349593496,0.25663716814159293,0.012048192771084338,0.30156815440289503,0.8041817450743868,0.03568242640499554,0.375,0.375,0.9333333333333333,0,2.8347406513872135,7.177322074788902,0.3184656556645852,0.3949579831932773,0.3971830985915493,0.5815602836879432,0.0056022408963585435,141,353,0.39943342776203966,4,0
"Alperen Sengun","HOU",76,2394,0.5180068121104184,0.49518810148731407,5.8907882241215574,26.12247191011236,6.355063550635506,9.758097580975809,0.41644794400699914,0.6512605042016807,0.7013574660633484,0.4258064516129032,0.07142857142857142,4.141041410414104,10.08610086100861,0.4304461942257218,0.4105691056910569,0.45598194130925507,0.49504950495049505,0.09959349593495935,0.6970069700697007,1.7425174251742517,0.07436570428696412,0.4,0.40476190476190477,0.7647058823529411,0.011764705882352941,0.04100041000410004,0.1025010250102501,0.004374453193350831,0.4,0.4,1,0,0.3895038950389504,1.7425174251742517,0.07436570428696412,0.2235294117647059,0.2235294117647059,0.9473684210526315,0,19,84,0.2261904761904762,1,0
"Rudy Gobert","MIN",72,2388,0.6412029411764706,0.8352941176470589,2.358235294117647,0,6.747694886839899,8.92707460184409,0.8352941176470589,0.755868544600939,0.8235294117647058,0.6925465838509317,0.08215962441314555,0.39815590947191953,1.6345347862531434,0.15294117647058825,0.24358974358974358,0.31666666666666665,0.9473684210526315,0.23076923076923078,0,0.12573344509639564,0.011764705882352941,0,0,0,0.16666666666666666,0,0,0,0,0,0,0,0,0,0,0,0,0,0,0,0,0,0,0
"Dillon Brooks","HOU",75,2388,0.5245477966101695,0.6782122905027933,8.3981220657277,25.442948717948717,1.5708970649028524,2.8524183546920217,0.15418994413407822,0.5507246376811594,0.6129032258064516,0.5526315789473685,0.10144927536231885,1.7569243489045059,4.361306324927656,0.23575418994413408,0.4028436018957346,0.4473684210526316,0.36470588235294116,0.0995260663507109,0.7647788342290203,1.5915667631252584,0.08603351955307263,0.4805194805194805,0.4805194805194805,0.40540540540540543,0,0.9301364200082679,2.3770152955766846,0.12849162011173185,0.391304347826087,0.39473684210526316,1,0.008695652173913044,2.9144274493592395,7.317073170731708,0.39553072625698327,0.3983050847457627,0.3983050847457627,0.950354609929078,0,141,353,0.39943342776203966,1,0
"Tobias Harris","DET",73,2306,0.5234018238993711,0.5440993788819876,7.470425138632162,24.660687022900763,2.7072402938090243,3.651626442812172,0.21614906832298136,0.7413793103448276,0.821656050955414,0.689922480620155,0.09770114942528736,3.0010493179433366,6.232948583420776,0.368944099378882,0.48148148148148145,0.5315985130111525,0.42657342657342656,0.09427609427609428,0.440713536201469,1.4690451206715636,0.08695652173913043,0.3,0.30434782608695654,0.38095238095238093,0.014285714285714285,0.9653725078698846,2.5183630640083945,0.14906832298136646,0.38333333333333336,0.38333333333333336,0.9130434782608695,0,0.944386149003148,3.0220356768100736,0.17888198757763976,0.3125,0.3125,0.9555555555555556,0,45,144,0.3125,0,0
"Jalen Brunson","NYK",65,2301,0.5070558749999999,0.5191666666666667,8.587422166874221,25.634508816120906,3.135135135135135,4.886486486486486,0.18833333333333332,0.6415929203539823,0.69377990430622,0.30344827586206896,0.0752212389380531,4.648648648648648,8.821621621621622,0.34,0.5269607843137255,0.5598958333333334,0.20930232558139536,0.058823529411764705,1.5783783783783785,3.654054054054054,0.14083333333333334,0.4319526627218935,0.437125748502994,0.1780821917808219,0.011834319526627219,0.518918918918919,1.2756756756756757,0.049166666666666664,0.4067796610169492,0.42105263157894735,0.875,0.03389830508474576,2.7675675675675677,7.308108108108108,0.2816666666666667,0.378698224852071,0.3843843843843844,0.3828125,0.014792899408284023,128,338,0.378698224852071,0,0
"Darius Garland","CLE",75,2301,0.5330151777970512,0.6294718909710392,8.117209302325582,26.25,2.689741451209341,4.378648874061718,0.1788756388415673,0.6142857142857143,0.6825396825396826,0.3643410852713178,0.1,3.4612176814011675,6.52627189324437,0.2666098807495741,0.5303514376996805,0.564625850340136,0.3132530120481928,0.06070287539936102,0.9799833194328608,2.543786488740617,0.10391822827938671,0.38524590163934425,0.3884297520661157,0.2978723404255319,0.00819672131147541,0.646371976647206,1.7306088407005837,0.0706984667802385,0.37349397590361444,0.3780487804878049,0.9032258064516129,0.012048192771084338,3.773978315262719,9.299416180150125,0.3798977853492334,0.40582959641255606,0.4067415730337079,0.5138121546961326,0.002242152466367713,181,445,0.4067415730337079,1,0
"Jarrett Allen","CLE",82,2296,0.6218953100158983,0.6703125,3.3965354330708664,25.419999999999998,6.937145259617406,8.913180575993273,0.6625,0.7783018867924528,0.8418367346938775,0.7818181818181819,0.07547169811320754,2.522598276224511,4.30943872188354,0.3203125,0.5853658536585366,0.631578947368421,0.9416666666666667,0.07317073170731707,0.04204330460374185,0.12612991381122557,0.009375,0.3333333333333333,0.3333333333333333,1,0,0,0.04204330460374185,0.003125,0,0,0,0,0,0.06306495690561278,0.0046875,0,0,0,0,0,3,0,0,0
"Chris Paul","SAS",82,2292,0.5136953206239168,0.6655231560891939,13.11320754716981,25.82210242587601,0.2965473416649015,0.3600932005930947,0.029159519725557463,0.8235294117647058,0.8235294117647058,0.35714285714285715,0,0.9320059309468333,1.8004660029654733,0.1457975986277873,0.5176470588235295,0.5432098765432098,0.25,0.047058823529411764,1.080279601779284,2.330014827367083,0.18867924528301888,0.4636363636363636,0.4722222222222222,0.1568627450980392,0.01818181818181818,0.3600932005930947,1.0379156958271554,0.08404802744425385,0.3469387755102041,0.3617021276595745,0.8235294117647058,0.04081632653061224,2.6053802160559205,6.8205888582927345,0.5523156089193825,0.38198757763975155,0.38317757009345793,0.44715447154471544,0.003105590062111801,123,320,0.384375,2,0
"Anfernee Simons","POR",70,2292,0.5145404332129965,0.6915555555555556,7.989285714285715,26.802702702702703,2.4731182795698925,3.978494623655914,0.16444444444444445,0.6216216216216216,0.7055214723926381,0.13043478260869565,0.11891891891891893,2.021505376344086,5.225806451612903,0.216,0.3868312757201646,0.44549763033175355,0.22340425531914893,0.13168724279835392,1.1827956989247312,2.236559139784946,0.09244444444444444,0.5288461538461539,0.5339805825242718,0.23636363636363636,0.009615384615384616,0.45161290322580644,1.2473118279569892,0.051555555555555556,0.3620689655172414,0.3684210526315789,0.8571428571428571,0.017241379310344827,4.172043010752688,11.505376344086022,0.47555555555555556,0.36261682242990656,0.3681214421252372,0.5824742268041238,0.014953271028037384,194,532,0.36466165413533835,3,0
"Giannis Antetokounmpo","MIL",67,2289,0.5893332953682613,0.6133434420015162,6.054617834394905,26.74920634920635,11.880977683315622,15.85547290116897,0.5655799848369977,0.7493297587131368,0.7985714285714286,0.48300536672629696,0.06166219839142091,2.2741764080765146,5.526036131774708,0.19711902956785443,0.4115384615384615,0.46320346320346323,0.29906542056074764,0.11153846153846154,2.4017003188097767,5.313496280552604,0.18953752843062927,0.452,0.4538152610441767,0.2831858407079646,0.004,0,0.06376195536663125,0.002274450341167551,0,0,0,0,0.2975557917109458,1.2752391073326248,0.045489006823351025,0.23333333333333334,0.23333333333333334,0.5,0,14,59,0.23728813559322035,1,0
"Malik Beasley","DET",82,2283,0.5255578199052132,0.7973856209150327,8.361967213114754,25.745751633986927,1.1506276150627615,1.8410041841004183,0.08216619981325864,0.625,0.7051282051282052,0.6545454545454545,0.11363636363636363,1.3179916317991631,3.305439330543933,0.14752567693744165,0.3987341772151899,0.42567567567567566,0.5873015873015873,0.06329113924050633,0.502092050209205,1.2343096234309623,0.055088702147525676,0.4067796610169492,0.41379310344827586,0.7083333333333334,0.01694915254237288,1.8200836820083681,3.4728033472803346,0.1549953314659197,0.5240963855421686,0.5272727272727272,0.9885057471264368,0.006024096385542169,4.853556485355648,12.552301255230125,0.5602240896358543,0.38666666666666666,0.3912310286677909,0.9181034482758621,0.011666666666666667,232,597,0.38860971524288107,3,0
"Kentavious Caldwell-Pope","ORL",77,2279,0.5419916051660517,0.7444852941176471,10.496728971962618,25.06322188449848,1.2425116485467051,1.6640781007321943,0.13786764705882354,0.7466666666666667,0.7777777777777778,0.6071428571428571,0.04,0.46594186820501443,0.9984468604393166,0.08272058823529412,0.4666666666666667,0.5384615384615384,0.7619047619047619,0.13333333333333333,1.087197692478367,2.0856445529176835,0.17279411764705882,0.5212765957446809,0.5212765957446809,0.7755102040816326,0,0.8875083203905036,2.6181495451519856,0.21691176470588236,0.3389830508474576,0.3389830508474576,0.975,0,1.6197026847126692,4.703794098069669,0.3897058823529412,0.3443396226415094,0.3459715639810427,0.9041095890410958,0.0047169811320754715,73,212,0.3443396226415094,0,0
"Nikola Vučević","CHI",73,2278,0.5240337512054002,0.5703275529865125,6.456206415620642,25.961993769470403,3.675564681724846,5.564681724845996,0.2610789980732177,0.6605166051660517,0.7075098814229249,0.6536312849162011,0.06642066420664207,4.394250513347022,7.7412731006160165,0.3631984585741811,0.5676392572944297,0.5977653631284916,0.822429906542056,0.050397877984084884,0.5749486652977412,1.4168377823408624,0.06647398843930635,0.4057971014492754,0.4117647058823529,0.9285714285714286,0.014492753623188406,0.22587268993839835,0.5544147843942505,0.02601156069364162,0.4074074074074074,0.4074074074074074,1,0,2.42299794661191,6.036960985626283,0.2832369942196532,0.4013605442176871,0.4013605442176871,0.9915254237288136,0,118,293,0.40273037542662116,1,0
"Payton Pritchard","BOS",80,2271,0.5295820257611241,0.8695150115473441,6.779583333333333,26.912619808306708,2.1438142027690934,2.8360875390799465,0.14665127020785218,0.7559055118110236,0.8275862068965517,0.3020833333333333,0.08661417322834646,0.8709245198749441,1.5855292541313086,0.08198614318706697,0.5492957746478874,0.639344262295082,0.1282051282051282,0.14084507042253522,0.4242965609647164,0.9379187137114784,0.04849884526558892,0.4523809523809524,0.4634146341463415,0.21052631578947367,0.023809523809523808,1.0719071013845467,2.3224653863331843,0.12009237875288684,0.46153846153846156,0.47058823529411764,1,0.019230769230769232,4.622599374720857,11.656989727556946,0.6027713625866051,0.39655172413793105,0.4074803149606299,0.7584541062801933,0.02681992337164751,207,513,0.40350877192982454,9,0
"Kevin Durant","PHX",62,2265,0.49214443950177933,0.4412811387900356,10.472340425531915,25.508870967741935,2.1143473570658036,2.67529665587918,0.1103202846975089,0.7903225806451613,0.8235294117647058,0.6326530612244898,0.04032258064516129,4.7680690399137005,9.147788565264294,0.37722419928825623,0.5212264150943396,0.5497512437810945,0.34841628959276016,0.05188679245283019,2.4379719525350594,4.401294498381877,0.18149466192170818,0.553921568627451,0.5594059405940595,0.4247787610619469,0.00980392156862745,0.9492988133764833,1.8985976267529665,0.07829181494661921,0.5,0.5,1,0,2.5026968716289106,6.127292340884574,0.2526690391459075,0.4084507042253521,0.4128113879003559,0.8448275862068966,0.01056338028169014,116,284,0.4084507042253521,0,0
"Stephen Curry","GSW",70,2252,0.5186056270096463,0.7503974562798092,7.974261603375528,27.209948979591836,2.2113544546034447,3.402083776312992,0.1271860095389507,0.65,0.7323943661971831,0.5769230769230769,0.1125,2.1900914310014885,4.720391239634276,0.17647058823529413,0.46396396396396394,0.5024390243902439,0.4077669902912621,0.07657657657657657,0.9780990856899852,1.9561981713799703,0.07313195548489666,0.5,0.5054945054945055,0.41304347826086957,0.010869565217391304,0.8717839676802042,1.807357006166277,0.06756756756756757,0.4823529411764706,0.4823529411764706,0.9512195121951219,0,5.741016372528174,14.862853497767382,0.5556438791732909,0.38626609442060084,0.39244186046511625,0.6666666666666666,0.015736766809728183,269,693,0.38816738816738816,5,1
"Shaedon Sharpe","POR",72,2252,0.5471275046382189,0.6938405797101449,7.786550632911393,26.30656779661017,4.535590277777778,6.380208333333333,0.266304347826087,0.7108843537414966,0.7916666666666666,0.48325358851674644,0.10204081632653061,1.4539930555555556,3.8194444444444446,0.15942028985507245,0.3806818181818182,0.4161490683229814,0.31343283582089554,0.08522727272727272,1.6493055555555556,3.515625,0.14673913043478262,0.4691358024691358,0.4720496894409938,0.2894736842105263,0.006172839506172839,0.6510416666666666,1.8229166666666667,0.07608695652173914,0.35714285714285715,0.35714285714285715,0.8666666666666667,0,2.5390625,8.42013888888889,0.35144927536231885,0.3015463917525773,0.30310880829015546,0.6666666666666666,0.005154639175257732,117,384,0.3046875,4,0
"De'Aaron Fox","SAS",62,2241,0.5126123169681309,0.5331040412725709,8.687340153452686,25.859055118110234,3.432003432003432,5.126555126555126,0.2055030094582975,0.6694560669456067,0.7272727272727273,0.425,0.0794979079497908,3.9682539682539684,7.764907764907765,0.3112639724849527,0.511049723756906,0.5606060606060606,0.24324324324324326,0.08839779005524862,1.6302016302016302,3.8824538824538823,0.15563198624247634,0.4198895027624309,0.42696629213483145,0.27631578947368424,0.016574585635359115,0.49335049335049336,1.4157014157014156,0.05674978503869303,0.3484848484848485,0.3484848484848485,0.8695652173913043,0,2.0377520377520377,6.756756756756757,0.2708512467755804,0.30158730158730157,0.3035143769968051,0.6210526315789474,0.006349206349206349,95,313,0.3035143769968051,2,0
"Jalen Williams","OKC",69,2237,0.5282872641509434,0.5393835616438356,8.071256038647343,26.038235294117648,4.138225255972697,6.186006825938566,0.2482876712328767,0.6689655172413793,0.7348484848484849,0.4896907216494845,0.0896551724137931,3.583617747440273,7.892491467576792,0.3167808219178082,0.4540540540540541,0.49122807017543857,0.30952380952380953,0.07567567567567568,1.6851535836177474,3.583617747440273,0.14383561643835616,0.47023809523809523,0.4759036144578313,0.34177215189873417,0.011904761904761904,0.2773037542662116,0.7465870307167235,0.029965753424657533,0.37142857142857144,0.38235294117647056,0.7692307692307693,0.02857142857142857,2.3677474402730376,6.505972696245734,0.2611301369863014,0.3639344262295082,0.36633663366336633,0.7837837837837838,0.006557377049180328,110,302,0.36423841059602646,2,1
"Donovan Mitchell","CLE",71,2232,0.5321022501906941,0.6696969696969697,8.39475982532751,26.404423380726698,3.278688524590164,5.414150129421915,0.19015151515151515,0.6055776892430279,0.6755555555555556,0.24342105263157895,0.10358565737051793,2.804141501294219,5.737704918032787,0.2015151515151515,0.48872180451127817,0.52,0.26153846153846155,0.06015037593984962,1.5099223468507335,3.6669542709232097,0.12878787878787878,0.4117647058823529,0.4166666666666667,0.1,0.011764705882352941,0.6471095772217429,1.4020707506471095,0.04924242424242424,0.46153846153846156,0.46153846153846156,0.9333333333333333,0,4.378774805867127,12.251941328731665,0.4303030303030303,0.3573943661971831,0.3612099644128114,0.4827586206896552,0.01056338028169014,203,564,0.3599290780141844,4,0
"Harrison Barnes","SAS",82,2228,0.5712854166666667,0.828696925329429,4.003405572755418,24.442696629213483,3.0010952902519166,4.5125958378970425,0.30161054172767204,0.6650485436893204,0.7486338797814208,0.656934306569343,0.11165048543689321,1.1829134720700987,2.4534501642935376,0.16398243045387995,0.48214285714285715,0.5,0.4074074074074074,0.03571428571428571,0,0.10952902519167579,0.007320644216691069,0,0,0,0,2.1029572836801753,4.359255202628697,0.2913616398243045,0.4824120603015075,0.4824120603015075,1,0,1.3143483023001095,3.5268346111719606,0.23572474377745242,0.37267080745341613,0.375,0.95,0.006211180124223602,60,160,0.375,1,0
"Julius Randle","MIN",69,2226,0.5429456823027718,0.6464323748668797,6.00208,25.18216560509554,4.610564010743062,6.5577439570277525,0.31203407880724177,0.7030716723549488,0.762962962962963,0.5097087378640777,0.07849829351535836,2.551477170993733,6.22202327663384,0.29605963791267303,0.41007194244604317,0.4634146341463415,0.35964912280701755,0.11510791366906475,0.6042972247090421,1.2085944494180842,0.05750798722044728,0.5,0.5294117647058824,0.3333333333333333,0.05555555555555555,0.4923903312444047,1.6562220232766338,0.07880724174653887,0.2972972972972973,0.3055555555555556,1,0.02702702702702703,1.9247985675917636,5.371530886302597,0.25559105431309903,0.35833333333333334,0.35833333333333334,0.8023255813953488,0,86,239,0.3598326359832636,1,0
"Amen Thompson","HOU",69,2225,0.5633235549132948,0.642754662840746,5.200825082508251,25.16043956043956,5.690876882196634,7.905225863596103,0.5121951219512195,0.7198879551820728,0.7835365853658537,0.5836575875486382,0.08123249299719888,1.9264836138175376,4.295837023914969,0.2783357245337159,0.4484536082474227,0.4887640449438202,0.3563218390804598,0.08247422680412371,0.42072630646589904,1.2178919397697077,0.07890961262553801,0.34545454545454546,0.34545454545454546,0.47368421052631576,0,0.4428697962798937,1.195748449955713,0.07747489239598278,0.37037037037037035,0.37037037037037035,1,0,0.11071744906997343,0.8193091231178034,0.05308464849354376,0.13513513513513514,0.13513513513513514,0.8,0,5,35,0.14285714285714285,2,0
"Jaren Jackson Jr.","MEM",74,2207,0.5031537593984962,0.4806265457543281,7.059951456310679,25.956041131105398,2.6271186440677967,4.110169491525424,0.15993404781533388,0.6391752577319587,0.779874213836478,0.47580645161290325,0.18041237113402062,6.63135593220339,12.860169491525424,0.5004122011541632,0.515650741350906,0.5589285714285714,0.44089456869009586,0.07742998352553541,0.1694915254237288,0.4872881355932203,0.018961253091508656,0.34782608695652173,0.4,0.5,0.13043478260869565,0.6991525423728814,1.7796610169491525,0.06924979389942292,0.39285714285714285,0.39759036144578314,1,0.011904761904761904,2.3940677966101696,6.461864406779661,0.2514427040395713,0.3704918032786885,0.3717105263157895,0.9380530973451328,0.003278688524590164,113,300,0.37666666666666665,5,0
"Desmond Bane","MEM",69,2205,0.5298482517482518,0.6597836774827925,7.055091819699499,25.711483253588515,3.6236490781945325,5.361305361305361,0.2487708947885939,0.6758893280632411,0.7702702702702703,0.42105263157894735,0.1225296442687747,2.4581479126933674,5.488450942996398,0.25467059980334317,0.44787644787644787,0.5225225225225225,0.41379310344827586,0.14285714285714285,0.8688281415554143,1.8436109345200253,0.0855457227138643,0.47126436781609193,0.47674418604651164,0.4634146341463415,0.011494252873563218,0.5509641873278237,1.758847213392668,0.08161258603736479,0.3132530120481928,0.32098765432098764,0.9230769230769231,0.024096385542168676,2.9243483788938334,7.09896164441619,0.32940019665683384,0.41194029850746267,0.41818181818181815,0.5797101449275363,0.014925373134328358,138,335,0.41194029850746267,0,0
"Naz Reid","MIN",80,2200,0.5384734527687297,0.742145178764897,4.911930585683297,25.78874458874459,3.2937485995966838,4.9966390320412275,0.24160346695557963,0.6591928251121076,0.7033492822966507,0.673469387755102,0.06278026905829596,2.2854582119650457,5.1758906565090745,0.2502708559046587,0.44155844155844154,0.5,0.5980392156862745,0.11688311688311688,0.04481290611696168,0.1568451714093659,0.007583965330444204,0.2857142857142857,0.2857142857142857,0.5,0,0.9410710284561954,2.4871162894913734,0.12026002166847237,0.3783783783783784,0.3783783783783784,0.9523809523809523,0,2.980058256777952,7.864665023526776,0.38028169014084506,0.3789173789173789,0.3789173789173789,0.9097744360902256,0,133,349,0.38108882521489973,2,0
"Tyus Jones","PHX",81,2174,0.5230777859237536,0.6705710102489019,8.575177304964539,25.160598503740648,0.9741730856366108,1.2913457181694608,0.08345534407027819,0.7543859649122807,0.7818181818181819,0.5116279069767442,0.03508771929824561,1.9256909832351607,4.327140915269597,0.2796486090775988,0.44502617801047123,0.47752808988764045,0.29411764705882354,0.06806282722513089,0.27186225645672857,0.7702763932940644,0.04978038067349927,0.35294117647058826,0.36363636363636365,0.6666666666666666,0.029411764705882353,1.6085183507023109,3.375623017671047,0.21815519765739386,0.47651006711409394,0.5035460992907801,0.971830985915493,0.053691275167785234,2.152242863615768,5.709107385591301,0.3689604685212299,0.376984126984127,0.38,0.8,0.007936507936507936,95,252,0.376984126984127,0,0
"Myles Turner","IND",72,2174,0.5338036991368681,0.7139334155363748,6.768824940047962,26.21954314720812,2.8776978417266186,4.159172661870503,0.2281134401972873,0.6918918918918919,0.7619047619047619,0.78125,0.0918918918918919,1.5512589928057554,3.7095323741007196,0.2034525277435265,0.41818181818181815,0.47586206896551725,0.927536231884058,0.12121212121212122,0.8318345323741008,1.506294964028777,0.08261405672009864,0.5522388059701493,0.5522388059701493,0.918918918918919,0,0.6294964028776978,1.2589928057553956,0.0690505548705302,0.5,0.5,1,0,2.8776978417266186,7.598920863309353,0.41676942046855736,0.378698224852071,0.378698224852071,0.9765625,0,128,338,0.378698224852071,0,0
"Evan Mobley","CLE",71,2167,0.5879053370786518,0.7306843267108167,4.0211538461538465,25.32304347826087,7.307863171923589,9.595735228787206,0.4768211920529801,0.7615740740740741,0.8245614035087719,0.6869300911854104,0.0763888888888889,1.9324744557974234,4.975566414926699,0.24724061810154527,0.38839285714285715,0.4223300970873786,0.4482758620689655,0.08035714285714286,0.0888494002665482,0.44424700133274103,0.02207505518763797,0.2,0.2,1,0,0.44424700133274103,1.0661928031985783,0.052980132450331126,0.4166666666666667,0.4166666666666667,1,0,1.4438027543314083,4.042647712127943,0.20088300220750552,0.35714285714285715,0.35714285714285715,0.8615384615384616,0,65,181,0.35911602209944754,1,0
"Taurean Prince","MIL",80,2166,0.56581923828125,0.8443579766536965,5.32122905027933,24.82089552238806,1.299283154121864,2.217741935483871,0.1926070038910506,0.5858585858585859,0.6904761904761905,0.7931034482758621,0.15151515151515152,0.5152329749103942,1.4336917562724014,0.1245136186770428,0.359375,0.3898305084745763,0.6956521739130435,0.078125,0.15681003584229392,0.35842293906810035,0.0311284046692607,0.4375,0.4375,0.8571428571428571,0,1.7473118279569892,3.8754480286738353,0.33657587548638135,0.4508670520231214,0.45614035087719296,0.9871794871794872,0.011560693641618497,1.5456989247311828,3.629032258064516,0.3151750972762646,0.42592592592592593,0.42592592592592593,0.9855072463768116,0,69,160,0.43125,2,0
"Stephon Castle","SAS",81,2162,0.5551433298862462,0.7044534412955465,5.607328244274809,26.449849849849848,5.101812486014769,8.122622510628776,0.3674089068825911,0.628099173553719,0.6993865030674846,0.5263157894736842,0.10192837465564739,1.722980532557619,4.833296039382412,0.21862348178137653,0.35648148148148145,0.4095744680851064,0.3116883116883117,0.12962962962962962,0.5146565227120161,1.7006041620049228,0.07692307692307693,0.3026315789473684,0.3026315789473684,0.30434782608695654,0,0.38039829939583797,1.1188185276348177,0.05060728744939271,0.34,0.34,1,0,1.7453569031103155,6.332512866413068,0.28643724696356276,0.2756183745583039,0.2765957446808511,0.7435897435897436,0.0035335689045936395,78,279,0.27956989247311825,4,0
"Deni Avdija","POR",72,2161,0.5670680992736078,0.7900355871886121,4.330339321357285,25.566959064327484,4.806166402176377,7.345273180684652,0.38434163701067614,0.654320987654321,0.7335640138408305,0.44339622641509435,0.10802469135802469,1.2015416005440942,3.4232600317388346,0.17912218268090155,0.3509933774834437,0.4380165289256198,0.41509433962264153,0.1986754966887417,0.2720471548401723,0.5894355021537067,0.03084223013048636,0.46153846153846156,0.46153846153846156,0.6666666666666666,0,0.4760825209703015,1.5416005440943097,0.08066429418742586,0.3088235294117647,0.3088235294117647,0.9523809523809523,0,2.3577420086148266,6.211743368850601,0.3250296559905101,0.3795620437956204,0.3795620437956204,0.8269230769230769,0,104,273,0.38095238095238093,1,0
"Jaylen Brown","BOS",63,2158,0.5183453363228699,0.5885509838998211,7.356315789473684,26.06508379888268,4.652761861104745,6.8760027504011,0.26833631484794274,0.6766666666666666,0.7602996254681648,0.4433497536945813,0.11,3.2088012835205135,7.334402933761173,0.28622540250447226,0.4375,0.48109965635738833,0.3142857142857143,0.090625,1.3522805409122163,3.2088012835205135,0.1252236135957066,0.42142857142857143,0.43703703703703706,0.3559322033898305,0.03571428571428571,0.7105202842081136,1.6273206509282603,0.06350626118067978,0.43661971830985913,0.43661971830985913,0.9354838709677419,0,1.9482007792803118,6.578042631217053,0.2567084078711986,0.2961672473867596,0.2972027972027972,0.6470588235294118,0.003484320557491289,85,287,0.2961672473867596,0,0
"Tim Hardaway Jr.","DET",77,2153,0.5376124814264487,0.7794117647058824,9.067264573991032,25.58336980306346,1.1276499774470004,1.6463689670726207,0.10735294117647058,0.684931506849315,0.7692307692307693,0.86,0.1095890410958904,0.8119079837618404,1.9395579612088407,0.1264705882352941,0.4186046511627907,0.45569620253164556,0.8055555555555556,0.08139534883720931,0.4961659900766802,1.4433919711321606,0.09411764705882353,0.34375,0.3492063492063492,0.7272727272727273,0.015625,0.9697789806044204,2.503382949932341,0.16323529411764706,0.38738738738738737,0.39090909090909093,0.9534883720930233,0.009009009009009009,2.819124943617501,7.803337843933243,0.5088235294117647,0.36127167630057805,0.3633720930232558,0.912,0.005780346820809248,125,346,0.36127167630057805,0,0
"Bennedict Mathurin","IND",72,2149,0.5430695294117647,0.6811254396248535,6.483716814159292,26.24375,4.054967334985357,6.600585717503942,0.34349355216881594,0.6143344709897611,0.7058823529411765,0.6111111111111112,0.1296928327645051,1.8247353007434106,4.100022527596305,0.21336459554513482,0.44505494505494503,0.5225806451612903,0.5555555555555556,0.14835164835164835,0.7208830817751746,2.0274836674926786,0.10550996483001172,0.35555555555555557,0.36363636363636365,0.5,0.022222222222222223,0.4054967334985357,1.0137418337463393,0.05275498241500586,0.4,0.4,0.9444444444444444,0,1.8022077044379365,5.474205902230232,0.28487690504103164,0.3292181069958848,0.3292181069958848,0.6625,0,80,240,0.3333333333333333,3,0
"Spencer Dinwiddie","DAL",79,2136,0.5132155455904335,0.6539589442815249,7.11938202247191,25.53711656441718,1.5883821193555707,2.7229407760381212,0.17595307917888564,0.5833333333333334,0.6363636363636364,0.24285714285714285,0.08333333333333333,1.9741320626276377,4.515543453596551,0.29178885630498536,0.4371859296482412,0.4603174603174603,0.19540229885057472,0.05025125628140704,0.4084411164057182,0.8395734059450873,0.054252199413489736,0.4864864864864865,0.5,0.16666666666666666,0.02702702702702703,0.5899705014749262,1.4295439074200136,0.09237536656891496,0.4126984126984127,0.4262295081967213,0.7307692307692307,0.031746031746031744,1.8833673700930338,5.967778534150216,0.38563049853372433,0.3155893536121673,0.3155893536121673,0.4939759036144578,0,83,262,0.31679389312977096,1,0
"Scottie Barnes","TOR",65,2134,0.521427741020794,0.5268109125117592,7.762579821200512,26.245,4.087624209575429,6.323396567299007,0.2634054562558796,0.6464285714285715,0.6934865900383141,0.574585635359116,0.06785714285714285,3.6133694670280034,8.062330623306233,0.33584195672624645,0.4481792717086835,0.47337278106508873,0.3125,0.05322128851540616,1.2872628726287263,3.297199638663053,0.13734713076199437,0.3904109589041096,0.3904109589041096,0.45614035087719296,0,0.31616982836495033,0.9259259259259259,0.03857008466603951,0.34146341463414637,0.35,0.9285714285714286,0.024390243902439025,1.4001806684733513,5.39747064137308,0.22483537158984007,0.2594142259414226,0.2605042016806723,0.6935483870967742,0.0041841004184100415,62,234,0.26495726495726496,5,0
"Max Christie","DAL",78,2127,0.5387099827882961,0.7152542372881356,7.509057971014493,25.23630573248408,1.8723994452149793,2.496532593619972,0.18305084745762712,0.75,0.8181818181818182,0.7283950617283951,0.08333333333333333,0.8552935737401757,2.635228848821082,0.19322033898305085,0.32456140350877194,0.42528735632183906,0.43243243243243246,0.23684210526315788,0.439204808136847,1.248266296809986,0.09152542372881356,0.35185185185185186,0.35185185185185186,0.42105263157894735,0,1.0402219140083218,2.6814609338881183,0.19661016949152543,0.3879310344827586,0.3879310344827586,0.9555555555555556,0,1.6181229773462784,4.5769764216366156,0.33559322033898303,0.35353535353535354,0.358974358974359,0.9571428571428572,0.015151515151515152,70,195,0.358974358974359,3,0
"Josh Giddey","CHI",70,2117,0.5536106649937265,0.6679197994987469,5.343269230769231,25.33956834532374,3.2666666666666666,5.666666666666667,0.31954887218045114,0.5764705882352941,0.6743119266055045,0.4421768707482993,0.1450980392156863,2.533333333333333,5.355555555555555,0.30200501253132833,0.4730290456431535,0.5253456221198156,0.3684210526315789,0.0995850622406639,0.1111111111111111,0.5333333333333333,0.03007518796992481,0.20833333333333334,0.23809523809523808,0.6,0.125,0.6888888888888889,1.7555555555555555,0.09899749373433583,0.3924050632911392,0.4025974025974026,0.9032258064516129,0.02531645569620253,1.6444444444444444,4.4222222222222225,0.24937343358395989,0.37185929648241206,0.37185929648241206,0.8918918918918919,0,73,197,0.37055837563451777,1,1
"Fred VanVleet","HOU",60,2113,0.5124106267029973,0.7285902503293807,10.149999999999999,26.74316702819957,1.0831174947021427,2.1662349894042854,0.12121212121212122,0.5,0.5476190476190477,0.30434782608695654,0.08695652173913043,0.8712032022604191,2.3075111843654343,0.12911725955204217,0.37755102040816324,0.4111111111111111,0.1891891891891892,0.08163265306122448,1.0595714622086179,2.542971509300683,0.1422924901185771,0.4166666666666667,0.4205607476635514,0.2,0.009259259259259259,0.37673651989639745,1.1302095596891923,0.06324110671936758,0.3333333333333333,0.3404255319148936,1,0.020833333333333332,3.3670826465740524,9.72451141982576,0.544137022397892,0.34624697336561744,0.34963325183374083,0.5804195804195804,0.009685230024213076,143,406,0.3522167487684729,7,0
"Keyonte George","UTA",67,2108,0.5041274175824175,0.661588683351469,7.813592233009708,25.62465483234714,1.4177909901669334,2.309627258175166,0.10990206746463548,0.6138613861386139,0.7560975609756098,0.41935483870967744,0.18811881188118812,2.4010976446375487,5.876972330208095,0.279651795429815,0.4085603112840467,0.4861111111111111,0.42857142857142855,0.15953307392996108,0.4116167390807226,1.2348502172421678,0.058759521218716,0.3333333333333333,0.35294117647058826,0.4444444444444444,0.05555555555555555,0.8232334781614452,1.6922021495540818,0.08052230685527748,0.4864864864864865,0.4931506849315068,0.9722222222222222,0.013513513513513514,3.1557283329522066,9.901669334552938,0.47116430903155604,0.3187066974595843,0.323943661971831,0.5652173913043478,0.016166281755196306,138,433,0.3187066974595843,0,0
"Dennis Schröder","BKN",75,2106,0.5024139705882352,0.6348246674727932,8.57061403508772,26.499730458221027,2.032235459004905,3.597290352721327,0.18621523579201935,0.564935064935065,0.6492537313432836,0.2988505747126437,0.12987012987012986,1.6818500350385424,4.484933426769446,0.23216444981862153,0.375,0.43373493975903615,0.2222222222222222,0.13541666666666666,1.16795141322121,2.569493109086662,0.13301088270858524,0.45454545454545453,0.4716981132075472,0.18,0.03636363636363636,0.4204625087596356,0.8409250175192712,0.04353083434099154,0.5,0.5,1,0,2.5461340808222377,7.825274468582107,0.40507859733978235,0.3253731343283582,0.3323170731707317,0.7155963302752294,0.020895522388059702,109,331,0.3293051359516616,4,0
"Damian Lillard","MIL",58,2093,0.5370647357723578,0.7298387096774194,8.601923076923077,27.26889312977099,2.790590405904059,4.612546125461255,0.20161290322580644,0.605,0.6685082872928176,0.12396694214876033,0.095,1.1992619926199262,2.6752767527675276,0.11693548387096774,0.4482758620689655,0.5098039215686274,0.23076923076923078,0.1206896551724138,1.7066420664206643,3.5055350553505535,0.1532258064516129,0.4868421052631579,0.4868421052631579,0.16216216216216217,0,0.39206642066420666,0.9686346863468634,0.04233870967741935,0.40476190476190477,0.4146341463414634,0.7647058823529411,0.023809523809523808,4.1512915129151295,11.116236162361623,0.48588709677419356,0.37344398340248963,0.38054968287526425,0.5555555555555556,0.01867219917012448,180,478,0.37656903765690375,4,0
"Russell Westbrook","DEN",75,2092,0.5576127261761158,0.7376654632972323,5.351481481481482,25.216494845360824,4.740200546946217,7.338195077484047,0.38748495788206977,0.6459627329192547,0.7098976109215017,0.4519230769230769,0.09006211180124224,1.2078395624430265,3.486782133090246,0.18411552346570398,0.3464052287581699,0.4076923076923077,0.2830188679245283,0.1503267973856209,0.41020966271649956,1.4813126709206927,0.07821901323706378,0.27692307692307694,0.27692307692307694,0.5,0,1.0255241567912488,2.415679124886053,0.12755716004813478,0.42452830188679247,0.42857142857142855,0.8888888888888888,0.009433962264150943,1.1166818596171377,4.216043755697356,0.2226233453670277,0.2648648648648649,0.2648648648648649,0.8367346938775511,0,49,184,0.266304347826087,1,0
"Kelly Oubre Jr.","PHI",60,2078,0.5638510796221322,0.7152496626180836,4.481362725450902,25.395867768595043,4.607304846025304,6.875149200286464,0.38866396761133604,0.6701388888888888,0.7451737451737451,0.5906735751295337,0.10069444444444445,1.862019575077584,4.702793029362616,0.2658569500674764,0.39593908629441626,0.4785276073619632,0.3974358974358974,0.17258883248730963,0.14323227500596802,0.334208641680592,0.018893387314439947,0.42857142857142855,0.42857142857142855,0.5,0,0.71616137502984,2.02912389591788,0.11470985155195682,0.35294117647058826,0.35714285714285715,1,0.011764705882352941,0.978753879207448,3.7479111959894964,0.21187584345479082,0.2611464968152866,0.2645161290322581,0.9512195121951219,0.012738853503184714,41,157,0.2611464968152866,0,0
"Luguentz Dort","OKC",71,2073,0.5643712328767123,0.8549747048903878,6.323333333333333,25.226520681265207,1.2494215640906987,2.1749190189726977,0.15851602023608768,0.574468085106383,0.6506024096385542,0.6666666666666666,0.11702127659574468,0.41647385469689957,1.2956964368347987,0.09443507588532883,0.32142857142857145,0.4090909090909091,0.8333333333333334,0.21428571428571427,0.37019898195279966,0.6941230911614993,0.050590219224283306,0.5333333333333333,0.5333333333333333,0.5,0,1.0874595094863488,2.5219805645534477,0.18381112984822934,0.43119266055045874,0.43119266055045874,0.9787234042553191,0,2.845904673762147,7.033780657103193,0.5126475548060708,0.40460526315789475,0.40460526315789475,0.9512195121951219,0,123,304,0.40460526315789475,0,0
"Nickeil Alexander-Walker","MIN",82,2073,0.5483107843137255,0.797077922077922,6.340243902439025,25.013783783783808,1.8624641833810889,2.889207258834766,0.19642857142857142,0.6446280991735537,0.7027027027027027,0.5384615384615384,0.08264462809917356,0.9073543457497613,2.3161413562559696,0.15746753246753248,0.3917525773195876,0.42696629213483145,0.7368421052631579,0.08247422680412371,0.3104106972301815,0.6685768863419294,0.045454545454545456,0.4642857142857143,0.48148148148148145,0.6923076923076923,0.03571428571428571,1.5520534861509074,3.2712511938872972,0.2224025974025974,0.4744525547445255,0.47794117647058826,1,0.0072992700729927005,1.8147086914995225,5.563514804202483,0.3782467532467532,0.3261802575107296,0.33043478260869563,0.9736842105263158,0.012875536480686695,76,229,0.3318777292576419,4,0
"Onyeka Okongwu","ATL",74,2064,0.5931729446935725,0.7628111273792094,3.2310280373831772,24.62108843537415,5.945087361016564,8.463807578851826,0.5461200585651538,0.7024128686327078,0.7751479289940828,0.7404580152671756,0.0938337801608579,1.7699115044247788,3.6078965282505107,0.232796486090776,0.49056603773584906,0.5416666666666666,0.8589743589743589,0.09433962264150944,0,0.06807351940095303,0.004392386530014641,0,0,0,0,0.6126616746085772,1.8152938506920808,0.1171303074670571,0.3375,0.3375,1,0,0.4765146358066712,1.5429997730882687,0.09956076134699854,0.3088235294117647,0.3088235294117647,1,0,21,67,0.31343283582089554,1,0
"Malik Monk","SAC",65,2054,0.5205039037433156,0.6496272630457934,7.357142857142857,26.357009345794392,2.6291079812206575,4.272300469483568,0.19382321618743345,0.6153846153846154,0.6787878787878788,0.5178571428571429,0.09340659340659341,2.9342723004694835,5.892018779342723,0.2673056443024494,0.49800796812749004,0.5605381165919282,0.392,0.11155378486055777,0.8450704225352113,1.8309859154929577,0.08306709265175719,0.46153846153846156,0.47368421052631576,0.3888888888888889,0.02564102564102564,0.5633802816901409,1.244131455399061,0.05644302449414271,0.4528301886792453,0.46153846153846156,0.9166666666666666,0.018867924528301886,2.699530516431925,8.80281690140845,0.3993610223642173,0.30666666666666664,0.3116531165311653,0.8,0.016,115,372,0.30913978494623656,3,0
"Jaylen Wells","MEM",79,2043,0.5488485714285715,0.7462908011869436,7.324028268551236,24.78410256410256,1.7894012388162424,2.5693966506079375,0.1661721068249258,0.6964285714285714,0.78,0.7435897435897436,0.10714285714285714,1.2617572837806836,2.8446891488873596,0.18397626112759644,0.4435483870967742,0.5092592592592593,0.5454545454545454,0.12903225806451613,0.3441156228492774,1.0782289515944024,0.06973293768545995,0.3191489361702128,0.32608695652173914,0.6666666666666666,0.02127659574468085,1.2617572837806836,3.4640972700160586,0.22403560830860533,0.36423841059602646,0.3741496598639456,0.9636363636363636,0.026490066225165563,1.904106446432668,5.505849965588438,0.3560830860534125,0.3458333333333333,0.3458333333333333,0.8674698795180723,0,83,240,0.3458333333333333,0,0
"Jalen Duren","DET",78,2035,0.6052540037243949,0.7857142857142857,2.516849816849817,0,7.507149666348904,10.224022878932317,0.7857142857142857,0.7342657342657343,0.8015267175572519,0.6,0.08391608391608392,1.4775977121067683,2.7645376549094376,0.21245421245421245,0.5344827586206896,0.6391752577319587,0.7419354838709677,0.16379310344827586,0.023832221163012392,0.023832221163012392,0.0018315018315018315,1,1,1,0,0,0,0,0,0,0,0,0,0,0,0,0,0,0,0,0,0,0,0
"Jalen Wilson","BKN",79,2031,0.5360502423263328,0.8161290322580645,4.7046511627906975,25.536187845303868,2.2139303482587063,3.582089552238806,0.23225806451612904,0.6180555555555556,0.7007874015748031,0.5280898876404494,0.11805555555555555,0.7711442786069652,2.5870646766169156,0.16774193548387098,0.2980769230769231,0.36046511627906974,0.8064516129032258,0.17307692307692307,0.09950248756218906,0.24875621890547264,0.016129032258064516,0.4,0.4444444444444444,0.5,0.1,0.945273631840796,2.810945273631841,0.18225806451612903,0.336283185840708,0.336283185840708,1,0,2.08955223880597,6.1940298507462686,0.40161290322580645,0.3373493975903614,0.3387096774193548,1,0.004016064257028112,84,248,0.3387096774193548,1,0
"Miles Bridges","CHA",64,2029,0.5352563029162747,0.7107438016528925,5.2045383411580595,26.056696428571428,5.104241552839683,7.764198418404026,0.2975206611570248,0.6574074074074074,0.726962457337884,0.5539906103286385,0.09567901234567901,2.516175413371675,6.709801102324467,0.2571166207529844,0.375,0.42168674698795183,0.3333333333333333,0.11071428571428571,0.23963575365444525,0.8387251377905584,0.03213957759412305,0.2857142857142857,0.3125,0.5,0.08571428571428572,1.00647016534867,2.612029714833453,0.10009182736455463,0.3853211009174312,0.39622641509433965,0.9523809523809523,0.027522935779816515,2.3723939611790077,8.171579199616582,0.31313131313131315,0.2903225806451613,0.29376854599406527,0.8888888888888888,0.011730205278592375,99,334,0.2964071856287425,7,0
"Davion Mitchell","MIA",74,2027,0.5621213822894169,0.773109243697479,4.986415094339623,25.858095238095242,2.278853222249449,3.8470962999264886,0.32983193277310924,0.5923566878980892,0.6503496503496503,0.25806451612903225,0.08917197452229299,1.0291595197255574,2.1808380298946335,0.1869747899159664,0.47191011235955055,0.5185185185185185,0.3333333333333333,0.0898876404494382,0.098015192354815,0.46557216368537124,0.03991596638655462,0.21052631578947367,0.21052631578947367,0.25,0,0.39206076941926,1.0046557216368537,0.0861344537815126,0.3902439024390244,0.4,1,0.024390243902439025,1.666258270031855,4.165645675079637,0.35714285714285715,0.4,0.40236686390532544,0.7794117647058824,0.0058823529411764705,68,166,0.40963855421686746,4,0
"Franz Wagner","ORL",60,2023,0.5151024647887323,0.5848406546080964,6.349072929542645,26.653846153846153,5.424820411196433,8.100074312608372,0.28165374677002586,0.6697247706422018,0.75,0.5662100456621004,0.10703363914373089,4.6569234580133765,10.279910824869953,0.35745047372954347,0.4530120481927711,0.49473684210526314,0.3351063829787234,0.08433734939759036,0.6440426058954669,1.6596482536537032,0.05770887166236004,0.3880597014925373,0.4,0.23076923076923078,0.029850746268656716,0.4706465196928412,1.0403765172157542,0.03617571059431524,0.4523809523809524,0.4523809523809524,0.8421052631578947,0,2.1055239038890265,7.6789695318305675,0.2670111972437554,0.27419354838709675,0.2768729641693811,0.6588235294117647,0.00967741935483871,85,307,0.2768729641693811,3,0
"Quentin Grimes","PHI",75,2013,0.5583856447688565,0.7885783718104495,6.511691542288557,25.395724465558192,3.780901599612215,5.525933107125545,0.2770352369380316,0.6842105263157895,0.7464114832535885,0.4935897435897436,0.08333333333333333,0.8240426563257393,2.084343189529811,0.10449574726609964,0.3953488372093023,0.4533333333333333,0.35294117647058826,0.12790697674418605,0.7755695588948134,2.132816286960737,0.10692588092345079,0.36363636363636365,0.37209302325581395,0.28125,0.022727272727272728,1.187590887057683,2.4478914202617545,0.1227217496962333,0.48514851485148514,0.48514851485148514,0.8979591836734694,0,2.7387300048473096,7.755695588948134,0.3888213851761847,0.353125,0.353125,0.7433628318584071,0,113,320,0.353125,0,0
"Jordan Poole","WAS",68,2001,0.5385759560229446,0.7964015151515151,6.153225806451613,27.61607717041801,3.487827715355805,5.126404494382022,0.20738636363636365,0.680365296803653,0.772020725388601,0.348993288590604,0.1187214611872146,1.2874531835205993,3.698501872659176,0.14962121212121213,0.34810126582278483,0.4296875,0.32727272727272727,0.189873417721519,0.42134831460674155,1.3342696629213484,0.05397727272727273,0.3157894736842105,0.3333333333333333,0.3888888888888889,0.05263157894736842,0.4447565543071161,1.3342696629213484,0.05397727272727273,0.3333333333333333,0.3392857142857143,0.9473684210526315,0.017543859649122806,5.056179775280899,13.22565543071161,0.5350378787878788,0.3823008849557522,0.3870967741935484,0.5416666666666666,0.012389380530973451,216,561,0.3850267379679144,4,0
"Devin Vassell","SAS",64,1983,0.528463325608343,0.6512935883014623,9.43891304347826,25.57957746478873,2.267739575713241,3.6576444769568397,0.1687289088863892,0.62,0.6788321167883211,0.5913978494623656,0.08666666666666667,1.8044379419653742,4.072177517678615,0.18785151856017998,0.4431137724550898,0.47435897435897434,0.5135135135135135,0.0658682634730539,1.6825164594001463,3.4869544013655207,0.1608548931383577,0.4825174825174825,0.4825174825174825,0.5217391304347826,0,1.0485247500609607,2.4628139478176054,0.11361079865016872,0.42574257425742573,0.43,1,0.009900990099009901,2.804194099000244,7.998049256278956,0.3689538807649044,0.35060975609756095,0.3549382716049383,0.808695652173913,0.012195121951219513,115,324,0.3549382716049383,4,0
"Draymond Green","GSW",68,1983,0.5411535714285715,0.7328094302554028,5.421292775665399,24.983606557377048,1.8150600932057885,3.115035565366691,0.24950884086444008,0.5826771653543307,0.6218487394957983,0.7972972972972973,0.06299212598425197,1.2999754721609027,2.8942850134903115,0.2318271119842829,0.4491525423728814,0.5047619047619047,0.8113207547169812,0.11016949152542373,0.22075055187637968,0.44150110375275936,0.03536345776031434,0.5,0.5,0.8888888888888888,0,0.8339465293107677,2.403728231542801,0.1925343811394892,0.3469387755102041,0.3469387755102041,1,0,1.1282805984792739,3.630120186411577,0.2907662082514735,0.3108108108108108,0.3108108108108108,0.9782608695652174,0,46,147,0.3129251700680272,1,0
"Klay Thompson","DAL",72,1965,0.5282573903002309,0.7115165336374002,11.550925925925926,25.073731884057974,1.1922503725782414,1.7635370094386489,0.08095781071835804,0.676056338028169,0.7058823529411765,0.7291666666666666,0.04225352112676056,1.0680576254346745,2.9061102831594634,0.13340935005701254,0.36752136752136755,0.40186915887850466,0.6046511627906976,0.08547008547008547,1.3412816691505216,3.3780427223050173,0.15507411630558723,0.39705882352941174,0.40601503759398494,0.7222222222222222,0.022058823529411766,1.4903129657228018,3.8251366120218577,0.17559863169897377,0.38961038961038963,0.39215686274509803,0.9833333333333333,0.006493506493506494,3.874813710879285,9.910581222056631,0.4549600912200684,0.39097744360902253,0.3949367088607595,0.9294871794871795,0.010025062656641603,156,399,0.39097744360902253,0,0
"Tyrese Maxey","PHI",52,1960,0.5382910303587857,0.7296058661778185,6.008809135399674,26.722594142259414,4.73670949861426,8.01209372637944,0.2914757103574702,0.5911949685534591,0.6596491228070176,0.35106382978723405,0.10377358490566038,2.36835474930713,5.542957923910305,0.2016498625114574,0.42727272727272725,0.47474747474747475,0.23404255319148937,0.1,0.8566389518770471,1.8896447467876039,0.06874427131072411,0.4533333333333333,0.4594594594594595,0.2647058823529412,0.013333333333333334,0.3527336860670194,1.1337868480725624,0.04124656278643447,0.3111111111111111,0.3181818181818182,0.9285714285714286,0.022222222222222223,3.7037037037037037,10.9095490047871,0.39688359303391385,0.3394919168591224,0.34265734265734266,0.4489795918367347,0.009237875288683603,147,429,0.34265734265734266,4,0
"Norman Powell","LAC",60,1958,0.5324765674814028,0.707936507936508,6.402514506769826,26.096728971962616,3.942115768463074,6.012974051896207,0.25502645502645505,0.6556016597510373,0.7417840375586855,0.5316455696202531,0.11618257261410789,2.345309381237525,5.339321357285429,0.22645502645502646,0.4392523364485981,0.4845360824742268,0.6595744680851063,0.09345794392523364,0.6487025948103793,1.5469061876247505,0.0656084656084656,0.41935483870967744,0.4262295081967213,0.8076923076923077,0.016129032258064516,0.6487025948103793,1.6467065868263473,0.06984126984126984,0.3939393939393939,0.4,0.8076923076923077,0.015151515151515152,3.817365269461078,9.031936127744512,0.38306878306878306,0.42265193370165743,0.425,0.7908496732026143,0.0055248618784530384,153,359,0.42618384401114207,3,0
"Yves Missi","NOP",73,1956,0.6008271428571429,0.7841140529531568,2.6681632653061227,42.5,5.693503887634813,9.63130173062453,0.7820773930753564,0.5911458333333334,0.6776119402985075,0.6431718061674009,0.12760416666666666,1.0283421118635565,2.6084775520441434,0.21181262729124237,0.3942307692307692,0.4659090909090909,0.8536585365853658,0.15384615384615385,0.02508151492350138,0.05016302984700276,0.004073319755600814,0.5,0.5,1,0,0,0,0,0,0,0,0,0,0.02508151492350138,0.002036659877800407,0,0,0,0,0,0,0,1,0
"Keon Ellis","SAC",80,1948,0.5449952433628319,0.8275862068965517,7.174125874125875,25.3725,1.2840267077555214,1.617873651771957,0.13577586206896552,0.7936507936507936,0.8928571428571429,0.66,0.1111111111111111,0.7704160246533128,1.4894709809964046,0.125,0.5172413793103449,0.5660377358490566,0.7,0.08620689655172414,0.2054442732408834,0.5649717514124294,0.04741379310344827,0.36363636363636365,0.36363636363636365,0.75,0,1.3610683102208525,2.6964560862865947,0.22629310344827586,0.5047619047619047,0.5047619047619047,1,0,2.2085259373394965,5.546995377503852,0.46551724137931033,0.39814814814814814,0.40186915887850466,0.872093023255814,0.009259259259259259,85,214,0.397196261682243,1,1
"Bilal Coulibaly","WAS",59,1948,0.552107532051282,0.6762820512820513,6.274249999999999,25.84107142857143,3.384465546627709,4.821037253469686,0.3173076923076923,0.702020202020202,0.7679558011049724,0.5899280575539568,0.08585858585858586,1.1200389578767957,3.5549062576089603,0.23397435897435898,0.3150684931506849,0.38333333333333336,0.32608695652173914,0.1780821917808219,0.36523009495982467,1.3635256878500122,0.08974358974358974,0.26785714285714285,0.2727272727272727,0.3333333333333333,0.017857142857142856,0.4626247869491113,1.3635256878500122,0.08974358974358974,0.3392857142857143,0.3392857142857143,0.9473684210526315,0,1.0713416118821524,4.090577063550037,0.2692307692307692,0.2619047619047619,0.26506024096385544,0.8863636363636364,0.011904761904761904,44,168,0.2619047619047619,0,0
"Kyle Kuzma","MIL",65,1936,0.5366267814726841,0.6450471698113207,6.156635514018692,26.009584664536742,4.068047337278107,5.769230769230769,0.2759433962264151,0.7051282051282052,0.7603686635944701,0.6545454545454545,0.07264957264957266,2.3175542406311638,6.16370808678501,0.294811320754717,0.376,0.41228070175438597,0.46808510638297873,0.088,0.3698224852071006,1.257396449704142,0.060141509433962265,0.29411764705882354,0.29411764705882354,0.3333333333333333,0,0.7149901380670611,2.0956607495069033,0.10023584905660378,0.3411764705882353,0.3411764705882353,0.9655172413793104,0,1.6518737672583828,5.621301775147929,0.2688679245283019,0.29385964912280704,0.29385964912280704,0.8059701492537313,0,66,223,0.29596412556053814,4,1
"Julian Champagnie","SAS",82,1932,0.5660633384146342,0.9112781954887218,4.001621621621621,25.15354166666667,1.983143282102132,3.123450669310858,0.18947368421052632,0.6349206349206349,0.7272727272727273,0.7,0.12698412698412698,0.2974714923153198,1.140307387208726,0.06917293233082707,0.2608695652173913,0.36363636363636365,0.8333333333333334,0.2826086956521739,0.1487357461576599,0.3222607833415964,0.019548872180451128,0.46153846153846156,0.46153846153846156,1,0,1.5369360436291521,3.7679722359940504,0.22857142857142856,0.40789473684210525,0.41333333333333333,0.967741935483871,0.013157894736842105,2.875557759048091,8.13088745661874,0.4932330827067669,0.35365853658536583,0.3547400611620795,0.9741379310344828,0.003048780487804878,116,327,0.3547400611620795,1,0
"Keon Johnson","BKN",79,1925,0.5423119509043928,0.7971758664955071,5.3164021164021165,25.310473815461346,3.0773209206102923,5.689164727178691,0.28241335044929394,0.5409090909090909,0.6538461538461539,0.5462184873949579,0.17272727272727273,1.1636927851047323,3.2841996379622445,0.16302952503209242,0.3543307086614173,0.45454545454545453,0.37777777777777777,0.2204724409448819,0.3361779156969227,0.8016550297388156,0.03979460847240052,0.41935483870967744,0.43333333333333335,0.38461538461538464,0.03225806451612903,1.008533747090768,3.154900439617274,0.15661103979460847,0.319672131147541,0.3305084745762712,0.9743589743589743,0.03278688524590164,2.2498060512024827,7.21489526764934,0.3581514762516046,0.3118279569892473,0.31636363636363635,0.9425287356321839,0.014336917562724014,87,277,0.3140794223826715,2,0
"Naji Marshall","DAL",69,1919,0.5374893067846608,0.5997191011235955,5.821052631578947,25.83669724770642,3.745887117185523,5.289800050620096,0.29353932584269665,0.7081339712918661,0.7708333333333334,0.5608108108108109,0.08133971291866028,3.568716780561883,6.757782839787396,0.375,0.5280898876404494,0.564,0.3829787234042553,0.06367041198501873,0.3290306251581878,0.45558086560364464,0.025280898876404494,0.7222222222222222,0.7222222222222222,0.6923076923076923,0,0.7846114907618325,2.6322450012655025,0.14606741573033707,0.2980769230769231,0.30392156862745096,1,0.019230769230769232,0.7339913945836497,2.885345482156416,0.1601123595505618,0.2543859649122807,0.25663716814159293,1,0.008771929824561403,29,105,0.2761904761904762,9,0
"Guerschon Yabusele","PHI",70,1896,0.5755832437275986,0.8703374777975134,3.3107266435986156,26.005109489051094,4.088133793469605,5.734005840191133,0.3836589698046181,0.7129629629629629,0.7897435897435897,0.7402597402597403,0.09722222222222222,0.5574727900185824,1.6724183700557473,0.11190053285968028,0.3333333333333333,0.3888888888888889,0.6666666666666666,0.14285714285714285,0.07963897000265463,0.2654632333421821,0.017761989342806393,0.3,0.3333333333333333,0.3333333333333333,0.1,0.6636580833554553,1.8847889567294929,0.1261101243339254,0.352112676056338,0.352112676056338,1,0,2.097159543403239,5.388903636846297,0.3605683836589698,0.3891625615763547,0.3891625615763547,1,0,79,199,0.3969849246231156,4,0
"Jrue Holiday","BOS",62,1896,0.5431086538461538,0.7626527050610821,5.783520599250936,25.19542483660131,2.3865110246433203,3.398184176394293,0.2286212914485166,0.7022900763358778,0.7540983606557377,0.5543478260869565,0.06870229007633588,1.0635538261997406,2.853437094682231,0.19197207678883071,0.37272727272727274,0.4019607843137255,0.4146341463414634,0.07272727272727272,0.33722438391699094,0.6744487678339819,0.04537521815008726,0.5,0.5,0.3076923076923077,0,0.8041504539559015,2.6459143968871595,0.17801047120418848,0.30392156862745096,0.31,0.967741935483871,0.0196078431372549,1.9974059662775616,5.291828793774319,0.35602094240837695,0.37745098039215685,0.385,0.8181818181818182,0.0196078431372549,77,204,0.37745098039215685,0,0
"Gary Trent Jr.","MIL",74,1893,0.5283391933028919,0.7473363774733638,10.414732142857144,25.623787528868363,0.7989690721649485,1.4948453608247423,0.0882800608828006,0.5344827586206896,0.5961538461538461,0.5161290322580645,0.10344827586206896,1.1082474226804124,2.268041237113402,0.1339421613394216,0.48863636363636365,0.5,0.5581395348837209,0.022727272727272728,0.7474226804123711,2.0103092783505154,0.1187214611872146,0.3717948717948718,0.3815789473684211,0.3103448275862069,0.02564102564102564,1.3144329896907216,2.7577319587628866,0.1628614916286149,0.4766355140186916,0.4811320754716981,0.9607843137254902,0.009345794392523364,3.3247422680412373,8.402061855670103,0.4961948249619482,0.39570552147239263,0.39570552147239263,0.8837209302325582,0,129,326,0.39570552147239263,0,0
"Josh Green","CHA",68,1887,0.5694121686746988,0.7980997624703088,6.024277456647399,24.354693877551018,1.3773388773388773,2.286902286902287,0.20902612826603326,0.6022727272727273,0.726027397260274,0.5283018867924528,0.17045454545454544,0.5457380457380457,1.5592515592515592,0.14251781472684086,0.35,0.39622641509433965,0.7619047619047619,0.11666666666666667,0.2338877338877339,0.6496881496881497,0.05938242280285035,0.36,0.391304347826087,0.7777777777777778,0.08,1.5592515592515592,3.898128898128898,0.35629453681710216,0.4,0.40540540540540543,0.9833333333333333,0.013333333333333334,0.9615384615384616,2.546777546777547,0.2327790973871734,0.37755102040816324,0.37755102040816324,0.972972972972973,0,37,97,0.38144329896907214,1,0
"Anthony Black","ORL",78,1887,0.5263335548172757,0.6596774193548387,5.867764705882354,25.383769633507853,3.2826261008807047,5.711235655190819,0.34516129032258064,0.5747663551401869,0.640625,0.4715447154471545,0.102803738317757,1.6813450760608486,4.59033893781692,0.27741935483870966,0.36627906976744184,0.44680851063829785,0.36507936507936506,0.18023255813953487,0.3469442220443021,1.0408326661329064,0.06290322580645161,0.3333333333333333,0.3333333333333333,0.46153846153846156,0,0.800640512409928,1.9749132639444889,0.11935483870967742,0.40540540540540543,0.40540540540540543,0.9666666666666667,0,0.8540165465705898,3.2292500667200428,0.19516129032258064,0.2644628099173554,0.2644628099173554,0.71875,0,32,120,0.26666666666666666,1,0
"Andrew Nembhard","IND",65,1881,0.5115329608938547,0.5398886827458256,9.353021978021978,26.518285714285714,2.0849420849420848,2.985842985842986,0.21521335807050093,0.6982758620689655,0.7570093457943925,0.5308641975308642,0.07758620689655173,1.8532818532818534,3.9124839124839124,0.2820037105751391,0.47368421052631576,0.5255474452554745,0.4722222222222222,0.09868421052631579,1.106821106821107,2.471042471042471,0.17810760667903525,0.4479166666666667,0.4479166666666667,0.37209302325581395,0,0.36036036036036034,1.2097812097812097,0.08719851576994433,0.2978723404255319,0.3181818181818182,1,0.06382978723404255,0.9523809523809523,3.2947232947232945,0.23747680890538034,0.2890625,0.296,0.7567567567567568,0.0234375,37,127,0.29133858267716534,1,0
"Nic Claxton","BKN",70,1880,0.5643013204225352,0.6003521126760564,4.531627056672761,24.604761904761908,6.218034993270525,8.613728129205922,0.5633802816901409,0.721875,0.7573770491803279,0.6666666666666666,0.046875,2.126514131897712,5.545087483176312,0.3626760563380282,0.38349514563106796,0.41361256544502617,0.6708860759493671,0.07281553398058252,0.13458950201884254,0.5652759084791387,0.03697183098591549,0.23809523809523808,0.23809523809523808,1,0,0.05383580080753701,0.21534320323014805,0.014084507042253521,0.25,0.25,1,0,0.08075370121130551,0.34993270524899056,0.022887323943661973,0.23076923076923078,0.23076923076923078,1,0,3,13,0.23076923076923078,0,0
"Cason Wallace","OKC",68,1876,0.57230245398773,0.7484662576687117,4.776156583629893,24.61298076923077,2.6964560862865947,4.057524396507447,0.3231083844580777,0.6645569620253164,0.7553956834532374,0.6095238095238096,0.12025316455696203,1.2326656394453004,2.7991782229070363,0.2229038854805726,0.44036697247706424,0.4897959183673469,0.4791666666666667,0.10091743119266056,0.12840267077555212,0.35952747817154596,0.028629856850715747,0.35714285714285715,0.35714285714285715,0.4,0,0.8217770929635336,2.4653312788906008,0.19631901840490798,0.3333333333333333,0.3368421052631579,1,0.010416666666666666,1.078582434514638,2.8762198253723676,0.22903885480572597,0.375,0.3783783783783784,0.9761904761904762,0.008928571428571428,42,112,0.375,0,0
"Derrick Jones Jr.","LAC",77,1873,0.5837534863945578,0.8064516129032258,3.4937837837837837,24.784474885844748,4.72193074501574,6.715634837355719,0.43463497453310695,0.703125,0.7377049180327869,0.7166666666666667,0.046875,1.2591815320041972,2.7544596012591813,0.17826825127334464,0.45714285714285713,0.5217391304347826,0.8125,0.12380952380952381,0.1049317943336831,0.236096537250787,0.015280135823429542,0.4444444444444444,0.4444444444444444,1,0,1.1280167890870934,3.1217208814270725,0.20203735144312393,0.36134453781512604,0.36134453781512604,1,0,0.9181532004197271,2.6232948583420774,0.1697792869269949,0.35,0.35,1,0,35,99,0.35353535353535354,1,0
"RJ Barrett","TOR",58,1869,0.5684488775510204,0.7219959266802444,4.287573964497041,25.531372549019608,6.2563840653728295,10.291113381001022,0.4103869653767821,0.607940446650124,0.7,0.5387755102040817,0.1315136476426799,2.5791624106230846,6.511746680286006,0.25967413441955195,0.396078431372549,0.43722943722943725,0.27722772277227725,0.09411764705882353,0.1787538304392237,0.45965270684371806,0.018329938900203666,0.3888888888888889,0.3888888888888889,0.2857142857142857,0,0.7405515832482125,1.8130745658835548,0.07230142566191446,0.4084507042253521,0.4142857142857143,0.896551724137931,0.014084507042253521,1.9918283963227783,6.001021450459652,0.23930753564154786,0.33191489361702126,0.33620689655172414,0.9358974358974359,0.01276595744680851,78,233,0.33476394849785407,2,0
"Rui Hachimura","LAL",59,1869,0.5647971354166667,0.7534722222222222,5.424924012158055,24.79311740890688,3.5384209136519673,4.937945603379984,0.3246527777777778,0.7165775401069518,0.783625730994152,0.8283582089552238,0.0855614973262032,1.0034327964087668,2.6406126221283337,0.1736111111111111,0.38,0.5,0.8421052631578947,0.24,0.5017163982043834,1.1090573012939002,0.07291666666666667,0.4523809523809524,0.4523809523809524,0.6842105263157895,0,1.2939001848428835,2.9046738843411672,0.1909722222222222,0.44545454545454544,0.44545454545454544,0.9591836734693877,0,1.399524689728017,3.6176392923158174,0.2378472222222222,0.38686131386861317,0.38686131386861317,0.9622641509433962,0,53,137,0.38686131386861317,0,0
"Buddy Hield","GSW",82,1864,0.5396760617760618,0.8384223918575063,6.969198312236287,25.604189435336977,1.8975825318429946,2.8593709383935533,0.13994910941475827,0.6636363636363637,0.73,0.6712328767123288,0.09090909090909091,1.0137769690668053,2.18351962568235,0.10687022900763359,0.4642857142857143,0.5342465753424658,0.5128205128205128,0.13095238095238096,0.3379256563556018,1.117754094099298,0.054707379134860054,0.3023255813953488,0.3170731707317073,0.6153846153846154,0.046511627906976744,1.3517026254224072,3.5092279698466338,0.1717557251908397,0.3851851851851852,0.3939393939393939,0.9807692307692307,0.022222222222222223,3.925136469976605,10.76163244086301,0.5267175572519084,0.3647342995169082,0.3691931540342298,0.9139072847682119,0.012077294685990338,151,413,0.36561743341404357,1,0
"Trey Murphy III","NOP",53,1854,0.5500633213859021,0.7735399284862932,5.553366583541147,26.766210045662103,3.8193548387096774,5.445161290322581,0.25148986889153757,0.7014218009478673,0.736318407960199,0.722972972972973,0.04739336492890995,1.6516129032258065,4.129032258064516,0.1907032181168057,0.4,0.4413793103448276,0.625,0.09375,0.2838709677419355,0.7741935483870968,0.03575685339690107,0.36666666666666664,0.3793103448275862,0.6363636363636364,0.03333333333333333,0.8774193548387097,1.8838709677419354,0.08700834326579261,0.4657534246575342,0.4722222222222222,0.9411764705882353,0.0136986301369863,3.2,9.419354838709678,0.43504171632896305,0.33972602739726027,0.3415977961432507,0.8225806451612904,0.005479452054794521,124,364,0.34065934065934067,1,0
"Zaccharie Risacher","ATL",75,1843,0.5835212041884816,0.7753530166880617,4.588505747126437,24.744023323615163,4.0427154843630815,6.61072972285787,0.3337612323491656,0.6115384615384616,0.691304347826087,0.7547169811320755,0.11538461538461539,1.6781083142639206,3.8138825324180017,0.1925545571245186,0.44,0.5076923076923077,0.696969696969697,0.13333333333333333,0.2288329519450801,0.6356470887363336,0.03209242618741977,0.36,0.36,0.6666666666666666,0,1.627256547165014,3.6613272311212817,0.18485237483953787,0.4444444444444444,0.4507042253521127,1,0.013888888888888888,1.474701245868294,5.085176709890669,0.25673940949935814,0.29,0.29292929292929293,0.9482758620689655,0.01,58,200,0.29,0,0
"Andrew Wiggins","MIA",60,1842,0.5253691888619854,0.6415770609318996,6.8591002044989775,25.623919308357348,2.924754054772667,5.025259239563946,0.22580645161290322,0.582010582010582,0.6626506024096386,0.6090909090909091,0.12169312169312169,2.7918106886466365,5.849508109545334,0.2628434886499403,0.4772727272727273,0.5645161290322581,0.4380952380952381,0.15454545454545454,0.8242488699813879,2.127093858016485,0.0955794504181601,0.3875,0.3974358974358974,0.3548387096774194,0.025,0.6381281574049454,1.5687317202871576,0.07048984468339307,0.4067796610169492,0.42857142857142855,1,0.05084745762711865,2.8183993618718426,7.684126562084552,0.34528076463560337,0.36678200692041524,0.3680555555555556,0.839622641509434,0.0034602076124567475,106,289,0.36678200692041524,0,0
"Isaiah Collier","UTA",71,1839,0.5262375932835821,0.6198198198198198,5.841709844559586,26.220710059171598,3.0041797283176592,4.571577847439916,0.3153153153153153,0.6571428571428571,0.732484076433121,0.3565217391304348,0.10285714285714286,1.7763845350052248,4.702194357366771,0.32432432432432434,0.37777777777777777,0.46258503401360546,0.3235294117647059,0.18333333333333332,0.23510971786833856,0.8098223615464994,0.055855855855855854,0.2903225806451613,0.2903225806451613,0.4444444444444444,0,0.39184952978056425,1.1494252873563218,0.07927927927927927,0.3409090909090909,0.36585365853658536,0.9333333333333333,0.06818181818181818,0.7053291536050157,3.265412748171369,0.22522522522522523,0.216,0.21774193548387097,0.4074074074074074,0.008,26,119,0.2184873949579832,5,1
"Keldon Johnson","SAS",77,1838,0.5656026973684211,0.7675324675324675,3.7175403225806454,25.084306569343067,5.574456948442816,8.296257524208322,0.4116883116883117,0.6719242902208202,0.7171717171717171,0.6197183098591549,0.06309148264984227,1.8581523161476052,4.50143941376603,0.22337662337662337,0.4127906976744186,0.45222929936305734,0.647887323943662,0.0872093023255814,0,0.18319811567652447,0.00909090909090909,0,0,0,0,0.7066213033237373,2.5909447788537032,0.12857142857142856,0.2727272727272727,0.2727272727272727,1,0,1.5702695629416383,4.579952891913112,0.22727272727272727,0.34285714285714286,0.3468208092485549,0.85,0.011428571428571429,60,175,0.34285714285714286,0,0
"Royce O'Neale","PHX",75,1837,0.5433838938053098,0.8894736842105263,4.818604651162791,26.019274376417233,1.1244979919678715,1.7670682730923695,0.11578947368421053,0.6363636363636364,0.6885245901639344,0.6190476190476191,0.07575757575757576,0.5087014725568942,1.499330655957162,0.09824561403508772,0.3392857142857143,0.4222222222222222,0.8947368421052632,0.19642857142857142,0.02677376171352075,0.18741633199464525,0.012280701754385965,0.14285714285714285,0.14285714285714285,1,0,1.5261044176706828,2.998661311914324,0.19649122807017544,0.5089285714285714,0.5089285714285714,0.9649122807017544,0,3.2663989290495317,8.808567603748326,0.5771929824561404,0.3708206686930091,0.37423312883435583,0.9590163934426229,0.00911854103343465,122,325,0.37538461538461537,4,0
"P.J. Washington","DAL",57,1835,0.5394178195488721,0.6406015037593985,5.370892018779343,24.593723849372385,3.283425269240872,4.9120042027843445,0.281203007518797,0.6684491978609626,0.7352941176470589,0.568,0.09090909090909091,2.0751247701602313,5.726293669556081,0.32781954887218046,0.3623853211009174,0.42473118279569894,0.45569620253164556,0.14678899082568808,0.15760441292356187,0.5516154452324665,0.031578947368421054,0.2857142857142857,0.3,0.5,0.047619047619047616,0.8405568689256633,2.232729183083793,0.12781954887218044,0.3764705882352941,0.3764705882352941,1,0,1.5497767270816916,4.045179931704754,0.23157894736842105,0.38311688311688313,0.38311688311688313,0.847457627118644,0,59,154,0.38311688311688313,0,0
"CJ McCollum","NOP",56,1832,0.5249611611611611,0.645,8.003327171903882,25.695642701525053,3.042223970626803,4.878048780487805,0.186,0.6236559139784946,0.6863905325443787,0.3879310344827586,0.0913978494623656,3.1209021767637033,6.845003933910307,0.261,0.4559386973180077,0.49173553719008267,0.47058823529411764,0.07279693486590039,0.996590611067401,2.4652504589562025,0.094,0.40425531914893614,0.40425531914893614,0.5263157894736842,0,0.6294256490952006,1.7833726724364019,0.068,0.35294117647058826,0.3582089552238806,0.9166666666666666,0.014705882352941176,3.855232100708104,10.25439286650931,0.391,0.37595907928388744,0.37789203084832906,0.7074829931972789,0.005115089514066497,147,391,0.37595907928388744,0,0
"Dorian Finney-Smith","LAL",63,1821,0.5661228110599078,0.9264367816091954,3.371074380165289,25.037898089171975,1.486784140969163,2.450440528634361,0.2045977011494253,0.6067415730337079,0.6835443037974683,0.6851851851851852,0.11235955056179775,0.30286343612334804,0.8259911894273128,0.06896551724137931,0.36666666666666664,0.5,0.7272727272727273,0.26666666666666666,0.02753303964757709,0.05506607929515418,0.004597701149425287,0.5,0.5,1,0,1.486784140969163,3.4416299559471364,0.28735632183908044,0.432,0.43902439024390244,0.9814814814814815,0.016,2.064977973568282,5.203744493392071,0.43448275862068964,0.3968253968253968,0.40540540540540543,1,0.021164021164021163,75,188,0.39893617021276595,1,0
"Haywood Highsmith","MIA",74,1818,0.5691777634961439,0.8337595907928389,4.238607594936709,24.69442060085837,1.7198335644937586,2.579750346740638,0.23785166240409208,0.6666666666666666,0.7294117647058823,0.6612903225806451,0.08602150537634409,0.7489597780859917,1.6920943134535367,0.15601023017902813,0.4426229508196721,0.48214285714285715,0.7037037037037037,0.08196721311475409,0.027739251040221916,0.11095700416088766,0.010230179028132993,0.25,0.3333333333333333,0,0.25,1.3869625520110958,3.0790568654646324,0.28388746803069054,0.45045045045045046,0.45045045045045046,1,0,1.0818307905686546,3.3841886269070733,0.31202046035805625,0.319672131147541,0.32231404958677684,0.9487179487179487,0.00819672131147541,39,122,0.319672131147541,0,0
"Alex Sarr","WAS",67,1814,0.52571461352657,0.642512077294686,6.35605749486653,25.926686217008797,3.16965445570278,4.962327877370746,0.23067632850241546,0.6387434554973822,0.7218934911242604,0.7131147540983607,0.11518324607329843,2.1044427123928293,6.547155105222136,0.30434782608695654,0.32142857142857145,0.3403361344537815,0.6666666666666666,0.05555555555555555,0.4676539360872954,1.1431540659911665,0.05314009661835749,0.4090909090909091,0.4186046511627907,0.7777777777777778,0.022727272727272728,0.49363471031436734,1.3769810340348143,0.0640096618357488,0.3584905660377358,0.36538461538461536,1,0.018867924528301886,2.2343465835281893,7.482462977396726,0.34782608695652173,0.2986111111111111,0.29965156794425085,0.9418604651162791,0.003472222222222222,86,288,0.2986111111111111,0,0
"Kyrie Irving","DAL",50,1804,0.5140421080508474,0.5788359788359788,8.074402730375427,25.971030640668523,3.433360367666937,5.082454717491214,0.19894179894179895,0.675531914893617,0.7175141242937854,0.4015748031496063,0.05851063829787234,3.4874290348742902,7.677750743444174,0.30052910052910053,0.45422535211267606,0.48863636363636365,0.24806201550387597,0.07042253521126761,1.2706136793728036,3.0819140308191404,0.12063492063492064,0.41228070175438597,0.415929203539823,0.2978723404255319,0.008771929824561403,0.8110300081103001,1.6220600162206003,0.06349206349206349,0.5,0.5172413793103449,0.8666666666666667,0.03333333333333333,3.0819140308191404,8.083265747499324,0.3164021164021164,0.38127090301003347,0.3890784982935154,0.5701754385964912,0.020066889632107024,114,298,0.3825503355704698,1,0
"Kyshawn George","WAS",68,1802,0.5443473148148148,0.8498168498168498,5.234895833333334,26.5635593220339,1.675531914893617,2.925531914893617,0.20146520146520147,0.5727272727272728,0.6631578947368421,0.6507936507936508,0.13636363636363635,0.5851063829787234,1.7553191489361701,0.12087912087912088,0.3333333333333333,0.43137254901960786,0.4090909090909091,0.22727272727272727,0.10638297872340426,0.425531914893617,0.029304029304029304,0.25,0.2857142857142857,0.25,0.125,0.6914893617021277,1.9680851063829787,0.13553113553113552,0.35135135135135137,0.35135135135135137,1,0,2.3404255319148937,7.446808510638298,0.5128205128205128,0.3142857142857143,0.3188405797101449,0.8977272727272727,0.014285714285714285,88,276,0.3188405797101449,4,0
"Cameron Johnson","BKN",57,1800,0.5482071140939597,0.7684069611780455,6.923008849557522,25.82450980392157,3.345413994981879,4.627822693058266,0.2222222222222222,0.7228915662650602,0.8108108108108109,0.65,0.10843373493975904,1.366044047950934,3.0387510454418734,0.1459170013386881,0.44954128440366975,0.5051546391752577,0.3673469387755102,0.11009174311926606,0.7527181488709228,1.7842207973236688,0.0856760374832664,0.421875,0.42857142857142855,0.48148148148148145,0.015625,1.115137998327293,2.5926958461109564,0.12449799196787148,0.43010752688172044,0.4444444444444444,1,0.03225806451612903,3.3175355450236967,8.781711736827432,0.42168674698795183,0.37777777777777777,0.3801916932907348,0.8739495798319328,0.006349206349206349,119,314,0.37898089171974525,1,0
"Duncan Robinson","MIA",74,1786,0.5431638009049774,0.8733031674208145,4.582777777777777,25.586542443064182,1.7632241813602014,2.686817800167926,0.14479638009049775,0.65625,0.7241379310344828,0.7777777777777778,0.09375,1.035544360481388,2.2949902043101034,0.12368024132730016,0.45121951219512196,0.5211267605633803,0.7297297297297297,0.13414634146341464,0,0.055975370836831795,0.0030165912518853697,0,0,0,0.5,1.1474951021550517,2.770780856423174,0.1493212669683258,0.41414141414141414,0.422680412371134,0.926829268292683,0.020202020202020204,4.170165127343969,10.747271200671705,0.579185520361991,0.3880208333333333,0.3941798941798942,0.87248322147651,0.015625,149,384,0.3880208333333333,0,0
"Kris Dunn","LAC",74,1783,0.5440211009174312,0.7093821510297483,5.945070422535211,25.025000000000002,1.6361619523017195,2.384914032168608,0.19679633867276888,0.686046511627907,0.7375,0.576271186440678,0.06976744186046512,1.552967276760954,3.272323904603439,0.2700228832951945,0.4745762711864407,0.5,0.5178571428571429,0.05084745762711865,0.05546311702717693,0.24958402662229617,0.020594965675057208,0.2222222222222222,0.25,1,0.1111111111111111,1.08153078202995,3.105934553521908,0.2562929061784897,0.3482142857142857,0.3482142857142857,0.9487179487179487,0,0.9983361064891847,3.105934553521908,0.2562929061784897,0.32142857142857145,0.32142857142857145,0.9166666666666666,0,36,111,0.32432432432432434,1,0
"Luka Dončić","LAL",50,1769,0.5122101477832511,0.6234146341463415,8.90422794117647,27.098336798336796,3.0735455543358947,4.33589462129528,0.15414634146341463,0.7088607594936709,0.7619047619047619,0.4107142857142857,0.06962025316455696,3.5949506037321624,7.327113062568606,0.2604878048780488,0.49063670411985016,0.5137254901960784,0.16030534351145037,0.0449438202247191,1.1251372118551042,3.265642151481888,0.11609756097560976,0.3445378151260504,0.35344827586206895,0.17073170731707318,0.025210084033613446,0.27442371020856204,0.686059275521405,0.024390243902439025,0.4,0.4,0.6,0,4.582875960482986,12.513721185510429,0.4448780487804878,0.36622807017543857,0.3694690265486726,0.4311377245508982,0.008771929824561403,167,453,0.3686534216335541,3,0
"Scoot Henderson","POR",66,1759,0.5429692077727952,0.7313868613138687,6.3038659793814436,26.153198653198654,3.1112334801762116,5.616740088105727,0.29781021897810217,0.553921568627451,0.6348314606741573,0.2831858407079646,0.12745098039215685,1.2114537444933922,3.4140969162995596,0.181021897810219,0.3548387096774194,0.411214953271028,0.18181818181818182,0.13709677419354838,0.6883259911894273,1.6519823788546255,0.08759124087591241,0.4166666666666667,0.4166666666666667,0.24,0,0.4955947136563877,1.2389867841409692,0.06569343065693431,0.4,0.4090909090909091,1,0.022222222222222223,2.395374449339207,6.938325991189427,0.3678832116788321,0.34523809523809523,0.34523809523809523,0.7241379310344828,0,86,247,0.3481781376518219,4,1
"Wendell Carter Jr.","ORL",68,1758,0.5531022633744856,0.6959183673469388,5.930722891566265,25.030128205128204,3.704767375071798,5.255600229753015,0.373469387755102,0.7049180327868853,0.7678571428571429,0.7054263565891473,0.08196721311475409,1.1200459506031017,2.7857553130384836,0.19795918367346937,0.4020618556701031,0.47560975609756095,0.9230769230769231,0.15463917525773196,0.5743825387708213,1.4933946008041357,0.10612244897959183,0.38461538461538464,0.38461538461538464,0.8,0,0.402067777139575,1.6082711085583,0.11428571428571428,0.25,0.2545454545454545,1,0.017857142857142856,0.6605399195864445,2.929350947731189,0.20816326530612245,0.22549019607843138,0.22549019607843138,1,0,23,102,0.22549019607843138,0,0
"Collin Sexton","UTA",63,1758,0.5078648711943794,0.5167243367935409,7.48238255033557,25.483333333333334,3.0386740331491713,4.889502762430939,0.2041522491349481,0.6214689265536724,0.7236842105263158,0.35454545454545455,0.14124293785310735,4.502762430939226,9.337016574585636,0.38985005767012687,0.4822485207100592,0.5525423728813559,0.3987730061349693,0.12721893491124261,0.9116022099447514,2.2375690607734806,0.09342560553633218,0.4074074074074074,0.42857142857142855,0.30303030303030304,0.04938271604938271,0.7734806629834254,1.6574585635359116,0.06920415224913495,0.4666666666666667,0.4827586206896552,0.8571428571428571,0.03333333333333333,2.265193370165746,5.828729281767956,0.2433679354094579,0.3886255924170616,0.3904761904761905,0.6219512195121951,0.004739336492890996,82,209,0.3923444976076555,2,0
"Mike Conley","MIN",71,1756,0.5331799356223176,0.782051282051282,7.812025316455696,25.261612903225807,0.8527572484366117,1.5918135304150085,0.11965811965811966,0.5357142857142857,0.6122448979591837,0.5,0.125,0.8527572484366117,2.501421262080728,0.18803418803418803,0.3409090909090909,0.379746835443038,0.36666666666666664,0.10227272727272728,0,0.3979533826037521,0.029914529914529916,0,0,0,0,1.250710631040364,2.501421262080728,0.18803418803418803,0.5,0.5057471264367817,0.8863636363636364,0.011363636363636364,2.359295054007959,6.310403638430927,0.47435897435897434,0.3738738738738739,0.3755656108597285,0.7831325301204819,0.0045045045045045045,83,221,0.3755656108597285,1,0
"Amir Coffey","LAC",72,1748,0.5426760826771653,0.6862745098039216,7.637262357414448,25.393522267206478,1.8937252685132844,2.911249293386094,0.2019607843137255,0.6504854368932039,0.7204301075268817,0.746268656716418,0.0970873786407767,1.2719050310910118,2.826455624646693,0.19607843137254902,0.45,0.5113636363636364,0.6666666666666666,0.12,0.7631430186546071,1.695873374788016,0.11764705882352941,0.45,0.45,0.5555555555555556,0,1.215375918598078,2.6568682871678915,0.1843137254901961,0.4574468085106383,0.46236559139784944,1,0.010638297872340425,1.639344262295082,4.32447710570944,0.3,0.3790849673202614,0.38926174496644295,0.9482758620689655,0.026143790849673203,58,153,0.3790849673202614,0,0
"Jimmy Butler III","GSW",55,1746,0.5342574742268041,0.5966386554621849,5.729124236252546,25.079807692307693,5.002842524161456,7.134735645252984,0.4218487394957983,0.701195219123506,0.7619047619047619,0.6079545454545454,0.0796812749003984,2.274019329164298,5.57134735645253,0.32941176470588235,0.40816326530612246,0.47904191616766467,0.4625,0.14795918367346939,0.34110289937464466,1.250710631040364,0.07394957983193277,0.2727272727272727,0.2727272727272727,0.4166666666666667,0,0.5969300739056282,1.5633882888004549,0.09243697478991597,0.38181818181818183,0.38181818181818183,0.9047619047619048,0,0.312677657760091,1.3928368391131325,0.08235294117647059,0.22448979591836735,0.22916666666666666,0.8181818181818182,0.02040816326530612,11,47,0.23404255319148937,2,0
"Aaron Wiggins","OKC",76,1744,0.5699592159559834,0.7939560439560439,4.4524421593830334,25.33952802359882,4.550468836183122,6.591285162713734,0.3282967032967033,0.6903765690376569,0.7568807339449541,0.6181818181818182,0.08786610878661087,1.3789299503585217,3.530060672917816,0.17582417582417584,0.390625,0.42735042735042733,0.48,0.0859375,0.27578599007170435,0.6067291781577496,0.03021978021978022,0.45454545454545453,0.47619047619047616,0.3,0.045454545454545456,1.1307225592939878,3.1991174848317705,0.15934065934065933,0.35344827586206895,0.35964912280701755,0.975609756097561,0.017241379310344827,2.4544953116381687,6.1500275785990075,0.30631868131868134,0.3991031390134529,0.4063926940639269,0.898876404494382,0.017937219730941704,89,222,0.4009009009009009,1,0
"Walker Kessler","UTA",58,1740,0.5882498789346248,0.8424821002386634,2.371354166666667,25.888571428571428,6.5774804905239685,8.862876254180602,0.7589498806682577,0.7421383647798742,0.8194444444444444,0.5932203389830508,0.09433962264150944,1.0033444816053512,1.8115942028985508,0.15513126491646778,0.5538461538461539,0.631578947368421,0.7777777777777778,0.12307692307692308,0,0.027870680044593088,0.002386634844868735,0,0,0,1,0.11148272017837235,0.2229654403567447,0.01909307875894988,0.5,0.5,1,0,0.055741360089186176,0.7525083612040134,0.06443914081145585,0.07407407407407407,0.07692307692307693,1,0.037037037037037035,2,26,0.07692307692307693,1,0
"De'Andre Hunter","CLE",64,1740,0.5378067423230976,0.6942257217847769,7.367112299465241,25.172351421188633,2.341227125941873,3.7944025834230355,0.18503937007874016,0.6170212765957447,0.725,0.735632183908046,0.14893617021276595,2.28740581270183,4.709364908503767,0.22965879265091863,0.4857142857142857,0.5379746835443038,0.5411764705882353,0.09714285714285714,0.7804090419806243,1.5608180839612487,0.07611548556430446,0.5,0.5,0.6206896551724138,0,1.1571582346609257,3.094725511302476,0.15091863517060367,0.3739130434782609,0.37719298245614036,1,0.008695652173913044,3.0678148546824544,7.346609257265877,0.35826771653543305,0.4175824175824176,0.4175824175824176,0.8771929824561403,0,114,270,0.4222222222222222,3,0
"Ochai Agbaji","TOR",64,1739,0.6068390449438202,0.8857677902621723,3.1548042704626336,24.42569169960474,4.007739082365948,6.0807075732448865,0.41198501872659177,0.6590909090909091,0.7360406091370558,0.8,0.10454545454545454,0.44223327805417356,1.437258153676064,0.09737827715355805,0.3076923076923077,0.35555555555555557,0.75,0.1346153846153846,0.11055831951354339,0.24875621890547264,0.016853932584269662,0.4444444444444444,0.5,0.75,0.1111111111111111,1.630735212824765,3.9800995024875623,0.2696629213483146,0.4097222222222222,0.41843971631205673,0.9830508474576272,0.020833333333333332,1.1608623548922057,3.0127142067440573,0.20411985018726592,0.3853211009174312,0.3925233644859813,0.9285714285714286,0.01834862385321101,42,109,0.3853211009174312,0,0
"Brandin Podziemski","GSW",64,1716,0.5122340460526317,0.6502384737678856,8.248125,26.43559870550162,1.8889524899828276,2.862049227246709,0.1589825119236884,0.66,0.7021276595744681,0.5454545454545454,0.06,2.1751574127074984,4.550658271322266,0.2527821939586645,0.4779874213836478,0.5241379310344828,0.5263157894736842,0.0880503144654088,0.658271322266743,1.7458500286204923,0.09697933227344992,0.3770491803278688,0.38333333333333336,0.6521739130434783,0.01639344262295082,0.6296508299942759,1.5741270749856897,0.08744038155802862,0.4,0.4074074074074074,0.9545454545454546,0.01818181818181818,2.661705781339439,7.26960503720664,0.40381558028616854,0.3661417322834646,0.372,0.8172043010752689,0.015748031496062992,93,250,0.372,4,0
"Jabari Smith Jr.","HOU",57,1716,0.5346499097472924,0.7067137809187279,7.487543252595156,25.349635036496352,2.2876751501286816,3.517300543322848,0.21731448763250882,0.6504065040650406,0.7619047619047619,0.5875,0.14634146341463414,1.5727766657134687,3.2027452101801543,0.1978798586572438,0.49107142857142855,0.5288461538461539,0.509090909090909,0.07142857142857142,0.42893909064912783,1.54418072633686,0.09540636042402827,0.2777777777777778,0.2777777777777778,0.6666666666666666,0,0.6291106662853875,1.7443523019731197,0.10777385159010601,0.36065573770491804,0.3728813559322034,0.9545454545454546,0.03278688524590164,2.1732913926222475,6.17672290534744,0.38162544169611307,0.35185185185185186,0.35514018691588783,0.9736842105263158,0.009259259259259259,76,216,0.35185185185185186,0,0
"Anthony Davis","DAL",51,1706,0.5241643956043956,0.49340659340659343,7.4541984732824424,25.8491935483871,6.811594202898551,9.420289855072463,0.35714285714285715,0.7230769230769231,0.7605177993527508,0.6170212765957447,0.04923076923076923,3.739130434782609,8.782608695652174,0.33296703296703295,0.42574257425742573,0.4558303886925795,0.5891472868217055,0.066006600660066,2.0579710144927534,4.579710144927536,0.17362637362637362,0.44936708860759494,0.45806451612903226,0.5915492957746479,0.0189873417721519,0.028985507246376812,0.3188405797101449,0.012087912087912088,0.09090909090909091,0.09090909090909091,1,0,0.9855072463768116,3.2753623188405796,0.12417582417582418,0.3008849557522124,0.3008849557522124,0.8823529411764706,0,34,113,0.3008849557522124,0,0
"Bradley Beal","PHX",53,1702,0.5163283141210374,0.5720461095100865,8.979302325581395,25.206818181818182,2.827466820542412,3.837276399307559,0.19164265129682997,0.7368421052631579,0.7777777777777778,0.5306122448979592,0.05263157894736842,2.827466820542412,5.395268320830929,0.26945244956772335,0.5240641711229946,0.5536723163841808,0.4897959183673469,0.053475935828877004,1.3560300057703405,3.1736872475476052,0.1585014409221902,0.42727272727272725,0.4351851851851852,0.5531914893617021,0.01818181818181818,1.03866128101558,2.5100980957876513,0.12536023054755044,0.41379310344827586,0.41379310344827586,0.9722222222222222,0,1.9042123485285631,5.106751298326602,0.25504322766570603,0.3728813559322034,0.37714285714285717,0.8181818181818182,0.011299435028248588,66,177,0.3728813559322034,0,0
"Georges Niang","ATL",79,1697,0.5566681669394434,0.8241935483870968,5.133649289099527,24.752450980392158,1.9160326852634546,2.8740490278951816,0.16451612903225807,0.6666666666666666,0.7157894736842105,0.8970588235294118,0.06862745098039216,1.4370245139475908,2.902225979149056,0.16612903225806452,0.49514563106796117,0.53125,0.7450980392156863,0.06796116504854369,0.02817695125387433,0.16906170752324598,0.00967741935483871,0.16666666666666666,0.25,1,0.3333333333333333,1.8596787827557058,4.508312200619893,0.25806451612903225,0.4125,0.42038216560509556,1,0.01875,2.817695125387433,7.016060862214708,0.40161290322580645,0.40160642570281124,0.4048582995951417,0.98,0.008032128514056224,100,249,0.40160642570281124,0,0
"Jakob Poeltl","TOR",57,1686,0.5683692906574395,0.538860103626943,4.790277777777778,38,6.52111462223499,8.876759551852915,0.533678756476684,0.7346278317152104,0.7854671280276817,0.6607929515418502,0.06472491909385113,3.6771042803792016,7.0956621660442405,0.4265975820379965,0.5182186234817814,0.5517241379310345,0.890625,0.06072874493927125,0.20109164033323756,0.5745475438092502,0.03454231433506045,0.35,0.35,0.8571428571428571,0,0.028727377190462512,0.028727377190462512,0.0017271157167530224,1,1,1,0,0,0.057454754380925024,0.0034542314335060447,0,0,0,0,0,1,0,1,0
"Scotty Pippen Jr.","MEM",79,1683,0.55305,0.6941176470588235,4.994133333333333,25.347272727272724,3.3500837520938025,5.388051367950865,0.3243697478991597,0.6217616580310881,0.6976744186046512,0.5416666666666666,0.10880829015544041,2.0658849804578447,4.690117252931323,0.2823529411764706,0.44047619047619047,0.4966442953020134,0.4594594594594595,0.1130952380952381,0.11166945840312674,0.3908431044109436,0.023529411764705882,0.2857142857142857,0.3076923076923077,0,0.07142857142857142,0.6420993858179788,1.3121161362367393,0.07899159663865546,0.48936170212765956,0.48936170212765956,0.9565217391304348,0,1.7867113344500278,4.829704075935232,0.2907563025210084,0.3699421965317919,0.3742690058479532,0.984375,0.011560693641618497,64,171,0.3742690058479532,2,0
"Kevin Huerter","CHI",69,1679,0.5478967607973422,0.8145695364238411,6.170892018779343,25.702813299232734,2.1082621082621085,2.8774928774928776,0.1672185430463576,0.7326732673267327,0.7628865979381443,0.7837837837837838,0.039603960396039604,1.225071225071225,2.507122507122507,0.1456953642384106,0.48863636363636365,0.5308641975308642,0.7209302325581395,0.07954545454545454,0.22792022792022792,0.6837606837606838,0.039735099337748346,0.3333333333333333,0.3333333333333333,0.75,0,1.1111111111111112,2.735042735042735,0.15894039735099338,0.40625,0.4148936170212766,0.9743589743589743,0.020833333333333332,2.6495726495726495,8.404558404558404,0.48841059602649006,0.3152542372881356,0.3163265306122449,0.9139784946236559,0.003389830508474576,93,293,0.3174061433447099,2,0
"Santi Aldama","MEM",65,1660,0.556630612244898,0.7438271604938271,5.306521739130435,25.67484662576687,3.1888111888111887,4.363636363636363,0.24074074074074073,0.7307692307692307,0.7651006711409396,0.6228070175438597,0.04487179487179487,2.041958041958042,4.1678321678321675,0.22993827160493827,0.4899328859060403,0.5328467153284672,0.6712328767123288,0.08053691275167785,0.16783216783216784,0.4755244755244755,0.026234567901234566,0.35294117647058826,0.4,0.6666666666666666,0.11764705882352941,0.9790209790209791,2.4895104895104896,0.13734567901234568,0.39325842696629215,0.39325842696629215,0.9428571428571428,0,2.3776223776223775,6.629370629370629,0.36574074074074076,0.35864978902953587,0.35864978902953587,0.9764705882352941,0,85,233,0.3648068669527897,4,0
"AJ Green","MIL",73,1659,0.5356595693779904,0.8867924528301887,12.73606557377049,25.891184573002754,0.23378141437755698,0.3798947983635301,0.030660377358490566,0.6153846153846154,0.6153846153846154,0.875,0,0.14611338398597312,0.32144944476914084,0.025943396226415096,0.45454545454545453,0.5,0.4,0.09090909090909091,0.4091174751607247,1.081239041496201,0.08726415094339622,0.3783783783783784,0.3783783783783784,0.7857142857142857,0,1.7241379310344827,3.2729398012857978,0.2641509433962264,0.5267857142857143,0.5267857142857143,0.9322033898305084,0,2.805376972530684,7.334891876095851,0.5919811320754716,0.38247011952191234,0.3855421686746988,0.9479166666666666,0.00796812749003984,95,247,0.38461538461538464,3,1
"Al Horford","BOS",60,1659,0.5486327173913044,0.8459869848156182,5.3795918367346935,25.321974522292994,1.6041162227602905,2.3002421307506054,0.1648590021691974,0.6973684210526315,0.7162162162162162,0.8490566037735849,0.02631578947368421,0.7869249394673123,1.8462469733656175,0.13232104121475055,0.4262295081967213,0.4727272727272727,0.7692307692307693,0.09836065573770492,0.06053268765133172,0.3026634382566586,0.021691973969631236,0.2,0.2,1,0,1.2106537530266344,3.208232445520581,0.2299349240780911,0.37735849056603776,0.37735849056603776,1,0,2.2397094430992737,6.295399515738499,0.4511930585683297,0.3557692307692308,0.3557692307692308,0.9864864864864865,0,74,207,0.357487922705314,1,0
"Terry Rozier","MIA",64,1658,0.5384846275752773,0.7086614173228346,6.823241590214066,25.027272727272727,2.4426571343461423,4.229967232648198,0.22362204724409449,0.5774647887323944,0.6212121212121212,0.5,0.07042253521126761,1.6383675901102175,4.140601727733095,0.2188976377952756,0.39568345323741005,0.4661016949152542,0.4,0.1510791366906475,0.5957700327673519,1.3702710753649092,0.07244094488188976,0.43478260869565216,0.4444444444444444,0.45,0.021739130434782608,1.1319630622579684,4.140601727733095,0.2188976377952756,0.2733812949640288,0.2753623188405797,0.9473684210526315,0.007194244604316547,1.5787905868334822,5.034256776884122,0.26614173228346455,0.3136094674556213,0.3192771084337349,0.6981132075471698,0.01775147928994083,53,165,0.3212121212121212,4,0
"Peyton Watson","DEN",68,1657,0.5789259953161593,0.7663551401869159,4.234589041095891,24.611029411764704,3.6251105216622457,5.658709106984969,0.4485981308411215,0.640625,0.7365269461077845,0.8211382113821138,0.13020833333333334,0.9431181844974948,2.593575007368111,0.205607476635514,0.36363636363636365,0.4155844155844156,0.75,0.125,0.029472443265546714,0.3536693191865606,0.028037383177570093,0.08333333333333333,0.08333333333333333,0,0,1.0020630710285883,2.2399056881815502,0.17757009345794392,0.4473684210526316,0.4473684210526316,1,0,0.412614205717654,1.7683465959328029,0.14018691588785046,0.23333333333333334,0.23333333333333334,0.9285714285714286,0,14,59,0.23728813559322035,1,0
"Moses Moody","GSW",74,1649,0.5437011711711711,0.7869718309859155,5.50995670995671,24.959821428571427,2.3589131083905643,3.2845625559868616,0.1936619718309859,0.7181818181818181,0.8061224489795918,0.6708860759493671,0.10909090909090909,1.1645267243953419,3.105404598387578,0.18309859154929578,0.375,0.4431818181818182,0.6666666666666666,0.15384615384615385,0.059719319199761124,0.5076142131979695,0.02992957746478873,0.11764705882352941,0.125,0.5,0.058823529411764705,1.6422812779934308,3.7025977903851897,0.21830985915492956,0.4435483870967742,0.45454545454545453,0.9636363636363636,0.024193548387096774,2.1200358315915198,6.360107494774559,0.375,0.3333333333333333,0.3397129186602871,0.971830985915493,0.018779342723004695,71,213,0.3333333333333333,0,0
"Tristan da Silva","ORL",74,1629,0.5442787344398341,0.7598343685300207,5.43155737704918,24.968619246861923,2.332814930015552,3.981337480559876,0.2650103519668737,0.5859375,0.646551724137931,0.68,0.09375,1.244167962674961,2.9548989113530326,0.19668737060041408,0.42105263157894735,0.47619047619047616,0.5,0.11578947368421053,0.12441679626749612,0.6531881804043546,0.043478260869565216,0.19047619047619047,0.19047619047619047,0.5,0,1.088646967340591,3.017107309486781,0.20082815734989648,0.36082474226804123,0.36082474226804123,1,0,1.3996889580093312,4.416796267496112,0.2939958592132505,0.31690140845070425,0.3191489361702128,0.9111111111111111,0.007042253521126761,45,141,0.3191489361702128,1,0
"Donte DiVincenzo","MIN",62,1606,0.5499849407783417,0.8905723905723906,4.48974358974359,26.113926940639267,1.6277641277641277,2.794840294840295,0.1531986531986532,0.5824175824175825,0.654320987654321,0.6037735849056604,0.10989010989010989,0.644963144963145,1.8120393120393121,0.09932659932659933,0.3559322033898305,0.40384615384615385,0.5714285714285714,0.11864406779661017,0.06142506142506143,0.18427518427518427,0.010101010101010102,0.3333333333333333,0.3333333333333333,0.5,0,1.1670761670761671,2.7334152334152333,0.14983164983164984,0.42696629213483145,0.4367816091954023,0.9736842105263158,0.02247191011235955,4.176904176904177,10.718673218673219,0.5875420875420876,0.38968481375358166,0.3930635838150289,0.8161764705882353,0.008595988538681949,136,347,0.3919308357348703,2,0
"Isaiah Joe","OKC",74,1604,0.5436377586206897,0.8758503401360545,8.35655737704918,25.89656652360515,1.1353450851508813,1.4639976097998206,0.08333333333333333,0.7755102040816326,0.8444444444444444,0.7894736842105263,0.08163265306122448,0.44816253361219,1.2249775918733194,0.06972789115646258,0.36585365853658536,0.4411764705882353,0.8666666666666667,0.17073170731707318,0.41828503137137735,0.9560800717060054,0.05442176870748299,0.4375,0.4375,0.7142857142857143,0,1.4938751120406335,2.6590976994323277,0.15136054421768708,0.5617977528089888,0.5681818181818182,0.96,0.011235955056179775,4.242605318195399,11.263818344786376,0.641156462585034,0.376657824933687,0.3837837837837838,0.8943661971830986,0.01856763925729443,142,377,0.376657824933687,0,0
"Corey Kispert","WAS",61,1602,0.5391321428571428,0.8176991150442477,4.648510638297873,26.583030303030334,2.7099463966646815,3.930911256700417,0.2336283185840708,0.6893939393939394,0.7777777777777778,0.7802197802197802,0.11363636363636363,1.3103037522334724,2.9779630732578917,0.17699115044247787,0.44,0.5176470588235295,0.8181818181818182,0.15,0,0.08933889219773675,0.005309734513274336,0,0,0,0,0.6253722453841573,1.697438951756998,0.10088495575221239,0.3684210526315789,0.38181818181818183,0.9047619047619048,0.03508771929824561,2.9481834425253126,8.129839189994044,0.4831858407079646,0.3626373626373626,0.36531365313653136,0.9494949494949495,0.007326007326007326,99,268,0.3694029850746269,5,0
"Caris LeVert","ATL",64,1596,0.5928798811544992,0.7979966611018364,4.660952380952381,24.919503546099293,3.690581635665781,5.727782698553292,0.32387312186978295,0.6443298969072165,0.7352941176470589,0.704,0.12371134020618557,1.3581340419250074,3.100088573959256,0.17529215358931552,0.4380952380952381,0.4423076923076923,0.5,0.009523809523809525,0.08857395925597875,0.47239444936521996,0.02671118530884808,0.1875,0.1875,0.3333333333333333,0,1.0924121641570712,2.5686448184233837,0.14524207011686144,0.42528735632183906,0.43023255813953487,0.9459459459459459,0.011494252873563218,2.0372010628875112,5.816356657809271,0.328881469115192,0.350253807106599,0.3520408163265306,0.7101449275362319,0.005076142131979695,69,197,0.350253807106599,0,0
"Miles McBride","NYK",64,1593,0.5325953038674033,0.7367458866544789,8.923404255319149,25.4275641025641,1.4383989993746091,2.845528455284553,0.1663619744058501,0.5054945054945055,0.6865671641791045,0.41304347826086957,0.26373626373626374,0.8755472170106317,2.3764853033145714,0.13893967093235832,0.3684210526315789,0.4117647058823529,0.32142857142857145,0.10526315789473684,1.0318949343339587,2.1263289555972484,0.12431444241316271,0.4852941176470588,0.4852941176470588,0.42424242424242425,0,1.0631644777986242,2.845528455284553,0.1663619744058501,0.37362637362637363,0.37777777777777777,1,0.01098901098901099,2.5328330206378986,6.9105691056910565,0.4040219378427788,0.3665158371040724,0.3665158371040724,0.7283950617283951,0,81,218,0.37155963302752293,3,0
"Isaiah Hartenstein","OKC",57,1590,0.541862788259958,0.46041666666666664,5.918221258134491,25.594736842105263,4.465370595382746,6.136087484811664,0.42083333333333334,0.7277227722772277,0.786096256684492,0.7142857142857143,0.07425742574257425,3.8578371810449577,7.533414337788578,0.5166666666666667,0.5120967741935484,0.5450643776824035,0.9212598425196851,0.06048387096774194,0.15188335358444716,0.33414337788578374,0.022916666666666665,0.45454545454545453,0.5,0.8,0.09090909090909091,0,0.0911300121506683,0.00625,0,0,0,0,0,0.48602673147023084,0.03333333333333333,0,0,0,0,0,16,0,0,0
"Gradey Dick","TOR",54,1587,0.5533270123839009,0.7480680061823802,6.7725856697819315,25.653987730061353,2.5220297781829233,4.800972348830143,0.24420401854714066,0.5253164556962026,0.5886524822695035,0.8433734939759037,0.10759493670886076,1.306593740504406,3.160133697964145,0.160741885625966,0.41346153846153844,0.4673913043478261,0.7441860465116279,0.11538461538461539,0.7596475235490733,1.7927681555758128,0.09119010819165378,0.423728813559322,0.45454545454545453,0.72,0.06779661016949153,0.9115770282588879,2.6739592828927377,0.13601236476043277,0.3409090909090909,0.3488372093023256,1,0.022727272727272728,2.552415679124886,7.2318444241871775,0.3678516228748068,0.35294117647058826,0.35443037974683544,0.9285714285714286,0.004201680672268907,84,237,0.35443037974683544,1,0
"Paolo Banchero","ORL",46,1582,0.5179935941043083,0.5598243688254665,8.33849765258216,26.57095588235294,5.0476190476190474,7.555555555555555,0.26125137211855104,0.6680672268907563,0.7429906542056075,0.4528301886792453,0.10084033613445378,3.365079365079365,7.809523809523809,0.270032930845225,0.43089430894308944,0.4796380090497738,0.32075471698113206,0.1016260162601626,1.9047619047619047,4.920634920634921,0.17014270032930845,0.3870967741935484,0.3870967741935484,0.2833333333333333,0,0.2222222222222222,0.8253968253968254,0.02854006586169045,0.2692307692307692,0.2692307692307692,1,0,2.5396825396825395,7.809523809523809,0.270032930845225,0.3252032520325203,0.32786885245901637,0.45,0.008130081300813009,80,241,0.33195020746887965,5,0
"Patrick Williams","CHI",63,1576,0.550733786407767,0.7635658914728682,6.029918032786885,26.007720588235294,1.8004722550177095,3.600944510035419,0.2364341085271318,0.5,0.6039603960396039,0.5573770491803278,0.1721311475409836,1.0920897284533648,2.5974025974025974,0.17054263565891473,0.42045454545454547,0.5,0.4594594594594595,0.1590909090909091,0.3246753246753247,1.0035419126328218,0.06589147286821706,0.3235294117647059,0.3235294117647059,1,0,0.6788665879574971,1.8004722550177095,0.1182170542635659,0.3770491803278688,0.38333333333333336,1,0.01639344262295082,2.154663518299882,6.227863046044864,0.40891472868217055,0.3459715639810427,0.3476190476190476,0.9178082191780822,0.004739336492890996,73,210,0.3476190476190476,1,0
"Obi Toppin","IND",79,1545,0.5762666666666666,0.8430717863105175,3.7724832214765103,25.92325581395352,4.923076923076923,6.276923076923077,0.34056761268781305,0.7843137254901961,0.8421052631578947,0.76875,0.06862745098039216,1.3846153846153846,2.6769230769230767,0.14524207011686144,0.5172413793103449,0.569620253164557,0.7555555555555555,0.09195402298850575,0.06153846153846154,0.2153846153846154,0.011686143572621035,0.2857142857142857,0.2857142857142857,0,0,1.6615384615384616,3.6923076923076925,0.2003338898163606,0.45,0.45,0.9259259259259259,0,1.7230769230769232,5.569230769230769,0.3021702838063439,0.30939226519337015,0.3146067415730337,1,0.016574585635359115,56,176,0.3181818181818182,5,0
"Grayson Allen","PHX",64,1544,0.5355559304703477,0.8629856850715747,5.127338129496403,25.84285714285714,1.4524786864540575,2.2734449005367856,0.147239263803681,0.6388888888888888,0.696969696969697,0.717391304347826,0.08333333333333333,0.6946637196084623,2.020839911588254,0.130879345603272,0.34375,0.38596491228070173,0.6363636363636364,0.109375,0.06315124723713293,0.0947268708556994,0.006134969325153374,0.6666666666666666,0.6666666666666666,1,0,1.547205557309757,3.12598673823808,0.20245398773006135,0.494949494949495,0.5,1,0.010101010101010102,3.157562361856647,7.925481528260183,0.5132924335378323,0.398406374501992,0.4048582995951417,0.95,0.01593625498007968,100,251,0.398406374501992,0,0
"Ziaire Williams","BKN",63,1541,0.5695486486486487,0.8692307692307693,4.114678899082569,24.962582781456952,2.912303664921466,4.908376963350785,0.28846153846153844,0.5933333333333334,0.7295081967213115,0.6179775280898876,0.18666666666666668,0.68717277486911,1.8979057591623036,0.11153846153846154,0.3620689655172414,0.42,0.6666666666666666,0.13793103448275862,0.032722513089005235,0.32722513089005234,0.019230769230769232,0.1,0.1,1,0,1.3089005235602094,4.221204188481676,0.24807692307692308,0.31007751937984496,0.3125,1,0.007751937984496124,2.06151832460733,5.6609947643979055,0.3326923076923077,0.36416184971098264,0.36627906976744184,0.9682539682539683,0.005780346820809248,63,171,0.3684210526315789,2,0
"Sam Hauser","BOS",71,1541,0.5476202959830867,0.9092827004219409,8.861333333333334,25.593233082706767,0.7598282127518996,1.057152296002643,0.06751054852320675,0.71875,0.7419354838709677,0.782608695652174,0.03125,0.42946812025107367,0.726792203501817,0.046413502109704644,0.5909090909090909,0.5909090909090909,0.8461538461538461,0,0.39643211100099107,0.6937561942517344,0.04430379746835443,0.5714285714285714,0.5714285714285714,0.8333333333333334,0,1.6848364717542121,3.7330690452593327,0.23839662447257384,0.45132743362831856,0.45132743362831856,0.9411764705882353,0,3.799141063759498,9.448298645523622,0.6033755274261603,0.4020979020979021,0.40636042402826855,0.9565217391304348,0.01048951048951049,115,285,0.40350877192982454,1,0
"Victor Wembanyama","SAS",46,1527,0.5334223854289072,0.7082847141190198,7.708149779735683,27.397766749379652,4.948914431673052,6.513409961685824,0.23803967327887982,0.7598039215686274,0.8157894736842105,0.6838709677419355,0.06862745098039216,2.0434227330779056,4.278416347381865,0.15635939323220538,0.47761194029850745,0.5161290322580645,0.671875,0.07462686567164178,1.500638569604087,3.7037037037037037,0.1353558926487748,0.4051724137931034,0.40869565217391307,0.8085106382978723,0.008620689655172414,0.28735632183908044,0.8620689655172413,0.03150525087514586,0.3333333333333333,0.34615384615384615,1,0.037037037037037035,4.246487867177522,12.005108556832695,0.4387397899649942,0.3537234042553192,0.3546666666666667,0.849624060150376,0.0026595744680851063,133,370,0.35945945945945945,6,0
"Gabe Vincent","LAL",72,1525,0.5354875299760192,0.8357142857142857,8.19009009009009,25.55113268608414,0.8676092544987146,1.3496143958868894,0.1,0.6428571428571429,0.6585365853658537,0.6666666666666666,0.023809523809523808,0.6105398457583547,1.4138817480719794,0.10476190476190476,0.4318181818181818,0.48717948717948717,0.5263157894736842,0.11363636363636363,0.41773778920308485,0.8033419023136247,0.05952380952380952,0.52,0.5652173913043478,0.5384615384615384,0.08,1.4138817480719794,3.5989717223650386,0.26666666666666666,0.39285714285714285,0.4036697247706422,1,0.026785714285714284,2.088688946015424,6.330334190231363,0.46904761904761905,0.3299492385786802,0.33163265306122447,0.7846153846153846,0.005076142131979695,65,194,0.33505154639175255,3,0
"Jonas Valančiūnas","SAC",81,1524,0.5029556982343499,0.47208931419457734,6.340000000000001,25.84054054054054,5.614035087719298,8.261562998405104,0.4130781499202552,0.6795366795366795,0.7394957983193278,0.4659090909090909,0.08108108108108109,3.9872408293460926,8.070175438596491,0.40350877192982454,0.49407114624505927,0.5319148936170213,0.648,0.07114624505928854,1.1483253588516746,2.488038277511962,0.12440191387559808,0.46153846153846156,0.46153846153846156,0.8333333333333334,0,0,0.09569377990430622,0.004784688995215311,0,0,0,0,0.2551834130781499,1.0845295055821371,0.05422647527910686,0.23529411764705882,0.23529411764705882,1,0,8,34,0.23529411764705882,0,0
"Jerami Grant","POR",47,1524,0.5488594076655052,0.7717770034843205,6.438489208633094,24.97195945945946,2.1746082507195394,4.700991365526063,0.25609756097560976,0.46258503401360546,0.5714285714285714,0.5882352941176471,0.19047619047619047,0.6395906619763352,2.6862807803006077,0.14634146341463414,0.23809523809523808,0.2702702702702703,0.3,0.11904761904761904,0.5756315957787016,1.5030380556443876,0.08188153310104529,0.3829787234042553,0.391304347826087,0.5,0.02127659574468085,1.3751199232491205,3.7096258394627437,0.20209059233449478,0.3706896551724138,0.3739130434782609,0.9534883720930233,0.008620689655172414,2.0786696514230893,5.756315957787017,0.313588850174216,0.3611111111111111,0.3651685393258427,0.9692307692307692,0.011111111111111112,65,180,0.3611111111111111,0,0
"Kyle Filipowski","UTA",72,1522,0.5292111545988258,0.7239382239382239,4.471812080536912,25.09318181818182,3.2859399684044233,4.897314375987362,0.29922779922779924,0.6709677419354839,0.7482014388489209,0.5288461538461539,0.1032258064516129,2.432859399684044,4.328593996840443,0.2644787644787645,0.5620437956204379,0.6695652173913044,0.6363636363636364,0.16058394160583941,0.0631911532385466,0.1895734597156398,0.011583011583011582,0.3333333333333333,0.4,1,0.16666666666666666,0.8846761453396524,2.401263823064771,0.14671814671814673,0.3684210526315789,0.3684210526315789,1,0,1.5481832543443919,4.549763033175355,0.277992277992278,0.3402777777777778,0.34265734265734266,0.8979591836734694,0.006944444444444444,49,143,0.34265734265734266,1,0
"Ja Morant","MEM",50,1519,0.5337962328767123,0.6141732283464567,6.140562913907285,26.63859649122807,4.996953077391834,7.952468007312614,0.29358830146231724,0.6283524904214559,0.6919831223628692,0.3719512195121951,0.09195402298850575,4.235222425350396,9.35405240706886,0.34533183352080987,0.4527687296416938,0.4929078014184397,0.07913669064748201,0.08143322475570032,0.39609993906154783,1.0968921389396709,0.04049493813273341,0.3611111111111111,0.37142857142857144,0.23076923076923078,0.027777777777777776,0.517976843388178,1.6148689823278488,0.05961754780652419,0.32075471698113206,0.3269230769230769,0.8823529411764706,0.018867924528301886,2.1633150517976842,7.068860450944546,0.2609673790776153,0.30603448275862066,0.30603448275862066,0.5492957746478874,0,71,224,0.3169642857142857,8,0
"Matas Buzelis","CHI",80,1511,0.585620990990991,0.8486486486486486,3.663667820069204,24.586090225563908,3.7219317133189787,6.30575207628422,0.36936936936936937,0.5902439024390244,0.6505376344086021,0.7272727272727273,0.09268292682926829,0.9227929867733006,2.2147031682559213,0.12972972972972974,0.4166666666666667,0.46875,0.5666666666666667,0.1111111111111111,0.15379883112888343,0.3691171947093202,0.021621621621621623,0.4166666666666667,0.45454545454545453,0.8,0.08333333333333333,1.5072285450630576,4.152568440479852,0.24324324324324326,0.362962962962963,0.3656716417910448,0.9795918367346939,0.007407407407407408,1.4457090126115042,4.029529375576746,0.23603603603603604,0.35877862595419846,0.35877862595419846,0.9787234042553191,0,47,131,0.35877862595419846,0,0
"LaMelo Ball","CHA",47,1505,0.5219599898063201,0.7028913260219342,6.807157894736842,27.6292220113852,3.0828516377649327,5.684007707129094,0.17647058823529413,0.5423728813559322,0.5748502994011976,0.21875,0.05649717514124294,3.596660244059088,7.996146435452794,0.24825523429710866,0.4497991967871486,0.5022421524663677,0.21428571428571427,0.10441767068273092,0.6101477199743096,1.573538856775851,0.04885343968095713,0.3877551020408163,0.3958333333333333,0.42105263157894735,0.02040816326530612,0.4816955684007707,1.573538856775851,0.04885343968095713,0.30612244897959184,0.3125,0.8,0.02040816326530612,5.266538214515093,15.382145150931278,0.47756729810568294,0.34237995824634654,0.3459915611814346,0.6036585365853658,0.010438413361169102,164,472,0.3474576271186441,7,0
"Dalton Knecht","LAL",78,1494,0.5480694043321299,0.8078994614003591,6.194009216589861,25.73794117647059,2.824478816408877,3.6987222595830533,0.19748653500897667,0.7636363636363637,0.8235294117647058,0.7976190476190477,0.07272727272727272,1.1432414256893073,2.723604572965703,0.14542190305206462,0.41975308641975306,0.5230769230769231,0.6470588235294118,0.19753086419753085,0.3698722259583053,0.8742434431741762,0.0466786355475763,0.4230769230769231,0.4230769230769231,0.6363636363636364,0,1.44586415601883,3.2952252858103566,0.17594254937163376,0.4387755102040816,0.44329896907216493,1,0.01020408163265306,2.8581035642232684,8.137188971082717,0.43447037701974867,0.3512396694214876,0.3541666666666667,0.8823529411764706,0.008264462809917356,85,240,0.3541666666666667,2,0
"Kevin Porter Jr.","MIL",75,1482,0.50965,0.4831288343558282,9.362315789473685,25.8225988700565,2.842035690680767,4.560475875743556,0.2116564417177914,0.6231884057971014,0.688,0.37209302325581395,0.09420289855072464,2.8750826173165898,6.34500991407799,0.294478527607362,0.453125,0.5209580838323353,0.2413793103448276,0.13020833333333334,2.1480502313284866,4.791804362194316,0.2223926380368098,0.4482758620689655,0.45454545454545453,0.13846153846153847,0.013793103448275862,0.3304692663582287,0.7931262392597488,0.03680981595092025,0.4166666666666667,0.45454545454545453,0.8,0.08333333333333333,1.4871116986120292,5.056179775280899,0.23466257668711657,0.29411764705882354,0.30612244897959184,0.4222222222222222,0.0392156862745098,45,152,0.29605263157894735,1,0
"D'Angelo Russell","BKN",58,1481,0.5176264150943396,0.6943573667711599,8.161151079136692,26.261388888888884,1.7281488866733135,2.7583914921900963,0.13009404388714735,0.6265060240963856,0.6933333333333334,0.6153846153846154,0.0963855421686747,2.3595879029577933,5.018278497839814,0.23667711598746083,0.47019867549668876,0.4863013698630137,0.323943661971831,0.033112582781456956,0.43203722166832836,1.4622798271851114,0.06896551724137931,0.29545454545454547,0.29545454545454547,0.46153846153846156,0,0.29910269192422734,1.0967098703888336,0.05172413793103448,0.2727272727272727,0.28125,0.8888888888888888,0.030303030303030304,3.456297773346627,10.867397806580259,0.512539184952978,0.3180428134556575,0.3180428134556575,0.5576923076923077,0,104,325,0.32,2,0
"Lauri Markkanen","UTA",47,1476,0.5339152360515022,0.7671428571428571,5.77109634551495,25.92406015037594,2.9382957884427032,4.505386875612145,0.19714285714285715,0.6521739130434783,0.7317073170731707,0.6666666666666666,0.10869565217391304,1.9588638589618022,4.342148220698661,0.19,0.45112781954887216,0.5128205128205128,0.6833333333333333,0.12030075187969924,0.2611818478615736,0.9794319294809011,0.04285714285714286,0.26666666666666666,0.2857142857142857,0.375,0.06666666666666667,0.9794319294809011,2.3832843617368593,0.10428571428571429,0.410958904109589,0.4166666666666667,1,0.0136986301369863,3.525954946131244,10.643160300359124,0.4657142857142857,0.3312883435582822,0.3364485981308411,1,0.015337423312883436,108,325,0.3323076923076923,1,0
"Luke Kennard","MEM",65,1472,0.5257412114014252,0.7099767981438515,9.640588235294118,25.225193798449613,1.0174880763116056,1.4308426073131955,0.10440835266821345,0.7111111111111111,0.7441860465116279,0.46875,0.044444444444444446,1.303656597774245,2.60731319554849,0.1902552204176334,0.5,0.5466666666666666,0.5609756097560976,0.08536585365853659,0.6359300476947536,1.3672496025437202,0.09976798143851508,0.46511627906976744,0.46511627906976744,0.6,0,1.0492845786963434,2.0031796502384736,0.14617169373549885,0.5238095238095238,0.5238095238095238,1,0,2.5437201907790143,6.29570747217806,0.4593967517401392,0.40404040404040403,0.40816326530612246,0.925,0.010101010101010102,80,197,0.40609137055837563,1,0
"Jamal Shead","TOR",75,1467,0.5264389,0.6547619047619048,6.7811387900355875,26.10627802690583,2.073050345508391,3.520895031260283,0.2123015873015873,0.5887850467289719,0.7,0.4603174603174603,0.1588785046728972,2.1059559065482065,5.001645278051991,0.30158730158730157,0.42105263157894735,0.45390070921985815,0.34375,0.07236842105263158,0.16452780519907864,0.723922342875946,0.04365079365079365,0.22727272727272727,0.22727272727272727,0.4,0,0.4606778545574202,1.1516946363935505,0.06944444444444445,0.4,0.4,1,0,1.9085225403093122,6.186245475485357,0.373015873015873,0.30851063829787234,0.31016042780748665,0.8448275862068966,0.005319148936170213,58,185,0.31351351351351353,3,0
"Aaron Gordon","DEN",51,1447,0.5710831653225806,0.772635814889336,4.742153846153847,25.121511627906976,4.5514950166112955,7.043189368770764,0.42655935613682094,0.6462264150943396,0.732620320855615,0.6131386861313869,0.1179245283018868,1.2292358803986712,2.691029900332226,0.16297786720321933,0.4567901234567901,0.5362318840579711,0.5135135135135135,0.14814814814814814,0.4983388704318937,1.06312292358804,0.06438631790744467,0.46875,0.46875,0.26666666666666666,0,1.0299003322259137,2.159468438538206,0.13078470824949698,0.47692307692307695,0.47692307692307695,0.967741935483871,0,1.4617940199335548,3.5548172757475083,0.2152917505030181,0.411214953271028,0.411214953271028,0.7954545454545454,0,44,106,0.41509433962264153,1,0
"Isaiah Stewart","DET",72,1434,0.5546123397435897,0.7452229299363057,3.5011494252873563,25.371698113207547,4.176570458404075,6.146010186757215,0.5764331210191083,0.6795580110497238,0.7109826589595376,0.6910569105691057,0.04419889502762431,1.1544991511035654,2.5806451612903225,0.24203821656050956,0.4473684210526316,0.4722222222222222,0.9117647058823529,0.05263157894736842,0.03395585738539898,0.13582342954159593,0.012738853503184714,0.25,0.25,0,0,0.10186757215619695,0.30560271646859083,0.028662420382165606,0.3333333333333333,0.3333333333333333,1,0,0.47538200339558573,1.4940577249575553,0.14012738853503184,0.3181818181818182,0.3181818181818182,1,0,14,44,0.3181818181818182,0,0
"Brice Sensabaugh","UTA",71,1432,0.5218944350758854,0.7245409015025042,7.983700440528634,25.204032258064515,1.288404360753221,2.048232573505121,0.10350584307178631,0.6290322580645161,0.7647058823529411,0.46153846153846156,0.1774193548387097,2.246448629005616,4.4598612487611495,0.22537562604340566,0.5037037037037037,0.5396825396825397,0.6323529411764706,0.06666666666666667,0.3633961017509085,0.9910802775024777,0.05008347245409015,0.36666666666666664,0.3793103448275862,0.7272727272727273,0.03333333333333333,2.015196564255038,3.9973571192599935,0.2020033388981636,0.5041322314049587,0.5304347826086957,0.9344262295081968,0.049586776859504134,3.1714568880079286,8.29203832177073,0.41903171953255425,0.38247011952191234,0.38247011952191234,0.8125,0,96,250,0.384,1,0
"Goga Bitadze","ORL",70,1430,0.5967871641791045,0.7935103244837758,2.9810289389067526,26.521428571428572,6.263421617752327,8.625626342161775,0.7109144542772862,0.7261410788381742,0.7743362831858407,0.6342857142857142,0.06224066390041494,1.0021474588403723,2.2190408017179672,0.18289085545722714,0.45161290322580644,0.5185185185185185,0.9285714285714286,0.12903225806451613,0.03579098067287044,0.2863278453829635,0.02359882005899705,0.125,0.125,1,0,0,0.2147458840372226,0.017699115044247787,0,0,0,0,0.1073729420186113,0.7874015748031497,0.06489675516224189,0.13636363636363635,0.13636363636363635,1,0,3,21,0.14285714285714285,1,0
"Kel'el Ware","MIA",64,1422,0.568130155210643,0.7327586206896551,4.152124645892352,25.654954954954952,5.700211118930331,8.057705840957073,0.49353448275862066,0.7074235807860262,0.7431192660550459,0.7407407407407407,0.048034934497816595,2.0408163265306123,3.9057002111189303,0.23922413793103448,0.5225225225225225,0.5523809523809524,0.8275862068965517,0.05405405405405406,0.07037297677691766,0.4574243490499648,0.028017241379310345,0.15384615384615385,0.15384615384615385,1,0,0.14074595355383532,0.7389162561576355,0.04525862068965517,0.19047619047619047,0.19047619047619047,1,0,1.0907811400422238,3.166783954961295,0.1939655172413793,0.34444444444444444,0.34444444444444444,0.967741935483871,0,31,88,0.3522727272727273,2,0
"Tari Eason","HOU",57,1420,0.5764574954296161,0.7571942446043165,4.593548387096774,25.114207650273222,5.41838134430727,8.127572016460906,0.4262589928057554,0.6666666666666666,0.7383177570093458,0.5316455696202531,0.0970464135021097,1.4746227709190671,3.840877914951989,0.2014388489208633,0.38392857142857145,0.4673913043478261,0.4883720930232558,0.17857142857142858,0.205761316872428,0.7887517146776406,0.04136690647482014,0.2608695652173913,0.2727272727272727,1,0.043478260869565216,0.8916323731138546,2.400548696844993,0.12589928057553956,0.37142857142857144,0.37142857142857144,1,0,1.2688614540466392,3.909465020576132,0.20503597122302158,0.32456140350877194,0.3274336283185841,0.972972972972973,0.008771929824561403,37,112,0.33035714285714285,2,0
"Zach Edey","MEM",66,1416,0.5778415294117647,0.6844547563805105,3.5308707124010557,24.83653846153846,6.071787990607179,8.151626970815162,0.5638051044083526,0.7448559670781894,0.793859649122807,0.6243093922651933,0.06172839506172839,1.677289500167729,4.360952700436095,0.30162412993039445,0.38461538461538464,0.43859649122807015,0.66,0.12307692307692308,0.06709158000670916,0.20127474002012746,0.013921113689095127,0.3333333333333333,0.3333333333333333,1,0,0.13418316001341832,0.5367326400536733,0.037122969837587005,0.25,0.25,1,0,0.4696410600469641,1.2076484401207648,0.08352668213457076,0.3888888888888889,0.3888888888888889,1,0,14,36,0.3888888888888889,0,0
"T.J. McConnell","IND",79,1415,0.5053713826366559,0.38782051282051283,7.6676521739130425,26.106122448979594,4.199119539451405,6.535726379952591,0.3092948717948718,0.6424870466321243,0.7294117647058823,0.4274193548387097,0.11917098445595854,4.842533017270572,10.15916017609211,0.4807692307692308,0.4766666666666667,0.5053003533568905,0.32867132867132864,0.056666666666666664,1.4222824246528953,2.77683711479851,0.13141025641025642,0.5121951219512195,0.5185185185185185,0.47619047619047616,0.012195121951219513,0.2031832035218422,0.5418218760582458,0.02564102564102564,0.375,0.375,1,0,0.3047748052827633,1.117507619370132,0.052884615384615384,0.2727272727272727,0.28125,0.5555555555555556,0.030303030303030304,9,31,0.2903225806451613,2,0
"Terance Mann","ATL",67,1414,0.5499072319201995,0.6966019417475728,6.277911646586345,24.613664596273292,3.1010452961672472,4.320557491289199,0.30097087378640774,0.717741935483871,0.8317757009345794,0.7191011235955056,0.13709677419354838,1.5679442508710801,3.3101045296167246,0.23058252427184467,0.47368421052631576,0.5232558139534884,0.4,0.09473684210526316,0.34843205574912894,1.0452961672473868,0.07281553398058252,0.3333333333333333,0.3333333333333333,0.2,0,1.1498257839721255,2.64808362369338,0.18446601941747573,0.4342105263157895,0.44,0.9393939393939394,0.013157894736842105,0.9407665505226481,3.0313588850174216,0.2111650485436893,0.3103448275862069,0.313953488372093,0.8518518518518519,0.011494252873563218,27,87,0.3103448275862069,0,0
"Ryan Dunn","PHX",74,1410,0.5493045073375262,0.7589098532494759,5.593427230046949,24.372348484848487,2.5197984161267097,3.527717782577394,0.20545073375262055,0.7142857142857143,0.7777777777777778,0.6857142857142857,0.08163265306122448,1.763858891288697,3.67170626349892,0.2138364779874214,0.4803921568627451,0.5384615384615384,0.8367346938775511,0.10784313725490197,0.14398848092152627,0.4679625629949604,0.027253668763102725,0.3076923076923077,0.3076923076923077,0.75,0,1.83585313174946,5.543556515478762,0.3228511530398323,0.33116883116883117,0.3333333333333333,1,0.006493506493506494,1.1159107271418287,3.9596832253419727,0.23060796645702306,0.2818181818181818,0.28440366972477066,1,0.00909090909090909,31,110,0.2818181818181818,0,0
"Sam Merrill","CLE",71,1401,0.5649177458033573,0.9575471698113207,4.882142857142857,25.4375,0.9336099585062241,1.313969571230982,0.08962264150943396,0.7105263157894737,0.8709677419354839,0.8148148148148148,0.18421052631578946,0.17289073305670816,0.38035961272475793,0.025943396226415096,0.45454545454545453,0.625,0.6,0.2727272727272727,0.1037344398340249,0.24204702627939143,0.01650943396226415,0.42857142857142855,0.42857142857142855,1,0,1.1065006915629323,2.8699861687413555,0.1957547169811321,0.3855421686746988,0.3902439024390244,1,0.012048192771084338,3.6307053941908713,9.854771784232366,0.6721698113207547,0.3684210526315789,0.3736654804270463,0.9904761904761905,0.014035087719298246,105,285,0.3684210526315789,0,0
"Ayo Dosunmu","CHI",46,1394,0.5986073496659242,0.8418708240534521,3.4200000000000004,24.84973544973545,4.256756756756757,6.385135135135135,0.4209354120267261,0.6666666666666666,0.7730061349693251,0.5396825396825397,0.13756613756613756,1.0810810810810811,2.2635135135135136,0.1492204899777283,0.47761194029850745,0.5245901639344263,0.59375,0.08955223880597014,0.033783783783783786,0.13513513513513514,0.008908685968819599,0.25,0.25,1,0,0.9121621621621622,2.6013513513513513,0.1714922048997773,0.35064935064935066,0.35064935064935066,1,0,1.1824324324324325,3.7837837837837838,0.24944320712694878,0.3125,0.3181818181818182,0.8857142857142857,0.017857142857142856,35,112,0.3125,0,0
"Ty Jerome","CLE",70,1393,0.5162360033726813,0.5550161812297735,7.752054794520548,26.97826086956522,1.6528925619834711,3.0991735537190084,0.14563106796116504,0.5333333333333333,0.6153846153846154,0.2916666666666667,0.13333333333333333,4.958677685950414,8.4366391184573,0.3964401294498382,0.5877551020408164,0.6233766233766234,0.3611111111111111,0.05714285714285714,0.5509641873278237,1.0330578512396693,0.04854368932038835,0.5333333333333333,0.5333333333333333,0.1875,0,0.6542699724517906,1.3429752066115703,0.06310679611650485,0.48717948717948717,0.48717948717948717,1,0,3.168044077134986,7.369146005509642,0.34627831715210355,0.42990654205607476,0.431924882629108,0.5652173913043478,0.004672897196261682,92,210,0.4380952380952381,4,0
"Julian Strawther","DEN",65,1384,0.5302251028806584,0.7345679012345679,6.557603686635945,25.747583643122677,2.0069204152249136,3.0449826989619377,0.18106995884773663,0.6590909090909091,0.725,0.6896551724137931,0.09090909090909091,1.9031141868512111,4.013840830449827,0.23868312757201646,0.47413793103448276,0.5092592592592593,0.7454545454545455,0.06896551724137931,0.10380622837370242,0.44982698961937717,0.026748971193415638,0.23076923076923078,0.25,1,0.07692307692307693,0.726643598615917,1.453287197231834,0.08641975308641975,0.5,0.5121951219512195,1,0.023809523809523808,2.5259515570934257,7.854671280276817,0.4670781893004115,0.32158590308370044,0.3230088495575221,0.863013698630137,0.004405286343612335,73,227,0.32158590308370044,0,0
"Nick Smith Jr.","CHA",60,1369,0.5048990974729242,0.6179577464788732,9.81564885496183,26.001650165016503,0.9285714285714286,1.6071428571428572,0.07922535211267606,0.5777777777777777,0.6190476190476191,0.5384615384615384,0.06666666666666667,2.392857142857143,5.642857142857143,0.27816901408450706,0.4240506329113924,0.47183098591549294,0.3582089552238806,0.10126582278481013,0.8928571428571429,2.107142857142857,0.10387323943661972,0.423728813559322,0.423728813559322,0.28,0,0.75,2.1785714285714284,0.1073943661971831,0.3442622950819672,0.35,1,0.01639344262295082,2.9642857142857144,8.75,0.43133802816901406,0.33877551020408164,0.34297520661157027,0.7710843373493976,0.012244897959183673,83,243,0.34156378600823045,2,0
"Jaime Jaquez Jr.","MIA",66,1368,0.5412080786026201,0.670995670995671,4.50466472303207,25.304201680672268,4.2422044960116025,6.925308194343727,0.4134199134199134,0.612565445026178,0.7267080745341615,0.46153846153846156,0.15706806282722513,2.0667150108774472,5.184916606236404,0.30952380952380953,0.3986013986013986,0.48717948717948717,0.38596491228070173,0.18181818181818182,0.0725163161711385,0.3263234227701233,0.01948051948051948,0.2222222222222222,0.2857142857142857,1,0.2222222222222222,0.6526468455402465,2.320522117476432,0.13852813852813853,0.28125,0.28125,0.9444444444444444,0,0.6889050036258159,1.9941986947063088,0.11904761904761904,0.34545454545454546,0.3584905660377358,0.8421052631578947,0.03636363636363636,19,51,0.37254901960784315,4,0
"Jeremy Sochan","SAS",54,1367,0.6100352051835853,0.815845824411135,3.146933333333333,25.016304347826086,6.980864635010631,10.240963855421686,0.6188436830835118,0.6816608996539792,0.7665369649805448,0.7614213197969543,0.11072664359861592,0.7795889440113395,2.6222537207654146,0.15845824411134904,0.2972972972972973,0.3492063492063492,0.5909090909090909,0.14864864864864866,0.10630758327427356,0.42523033309709424,0.02569593147751606,0.25,0.25,1,0,0.38979447200566975,1.3819985825655563,0.0835117773019272,0.28205128205128205,0.2894736842105263,1,0.02564102564102564,0.6024096385542169,1.8781006378454996,0.11349036402569593,0.32075471698113206,0.3333333333333333,0.9411764705882353,0.03773584905660377,16,50,0.32,2,1
"Nicolas Batum","LAC",78,1367,0.5505145569620253,0.9411764705882353,6.242857142857143,24.85812807881773,0.4329004329004329,0.7575757575757576,0.08823529411764706,0.5714285714285714,0.6666666666666666,0.4166666666666667,0.14285714285714285,0.03607503607503607,0.25252525252525254,0.029411764705882353,0.14285714285714285,0.2,1,0.2857142857142857,0.10822510822510822,0.25252525252525254,0.029411764705882353,0.42857142857142855,0.42857142857142855,0.6666666666666666,0,1.6955266955266954,3.6796536796536796,0.42857142857142855,0.46078431372549017,0.46078431372549017,0.9787234042553191,0,1.479076479076479,3.6435786435786435,0.42436974789915966,0.40594059405940597,0.40594059405940597,1,0,41,101,0.40594059405940597,0,0
"Jose Alvarado","NOP",56,1366,0.5250460576923077,0.744721689059501,6.516037735849057,25.698058252427185,1.5412186379928314,2.8315412186379927,0.15163147792706333,0.5443037974683544,0.5972222222222222,0.3488372093023256,0.08860759493670886,1.6487455197132617,4.265232974910394,0.22840690978886757,0.3865546218487395,0.42990654205607476,0.41304347826086957,0.10084033613445378,0.14336917562724014,0.5017921146953405,0.026871401151631478,0.2857142857142857,0.3076923076923077,0.25,0.07142857142857142,0.8243727598566308,2.293906810035842,0.12284069097888675,0.359375,0.36507936507936506,0.9565217391304348,0.015625,3.154121863799283,8.78136200716846,0.47024952015355087,0.35918367346938773,0.36363636363636365,0.6363636363636364,0.012244897959183673,88,244,0.36065573770491804,1,0
"Luke Kornet","BOS",73,1361,0.6113523214285714,0.8107142857142857,2.5671480144404333,27.266666666666666,6.198034769463341,8.465608465608465,0.8,0.7321428571428571,0.7922705314009661,0.6890243902439024,0.07589285714285714,0.7558578987150416,1.8896447467876039,0.17857142857142858,0.4,0.43478260869565216,0.75,0.08,0.11337868480725624,0.11337868480725624,0.010714285714285714,1,1,0.6666666666666666,0,0,0.03779289493575208,0.0035714285714285713,0,0,0,0,0,0.07558578987150416,0.007142857142857143,0,0,0,0,0,2,0,0,0
"Trey Lyles","SAC",69,1349,0.5543263368983957,0.8743315508021391,4.189705882352941,25.323529411764707,2.0886771711249543,3.261267863686332,0.23796791443850268,0.6404494382022472,0.7037037037037037,0.7894736842105263,0.0898876404494382,0.47636496885305973,1.355807988274093,0.09893048128342247,0.35135135135135137,0.37142857142857144,0.7692307692307693,0.05405405405405406,0.21986075485525833,0.36643459142543056,0.026737967914438502,0.6,0.6,0.8333333333333334,0,1.0260168559912055,2.7482594356907293,0.20053475935828877,0.37333333333333335,0.3783783783783784,1,0.013333333333333334,1.942103334554782,5.972883840234518,0.4358288770053476,0.32515337423312884,0.3271604938271605,1,0.006134969325153374,53,163,0.32515337423312884,0,0
"Jake LaRavia","SAC",66,1349,0.5517128834355829,0.7418397626112759,4.501025641025641,25.887943262411348,2.535211267605634,3.8028169014084505,0.32047477744807124,0.6666666666666666,0.7272727272727273,0.5833333333333334,0.08333333333333333,0.9154929577464789,2.816901408450704,0.23738872403560832,0.325,0.4126984126984127,0.5769230769230769,0.2125,0.07042253521126761,0.24647887323943662,0.020771513353115726,0.2857142857142857,0.2857142857142857,1,0,0.49295774647887325,1.3028169014084507,0.10979228486646884,0.3783783783783784,0.3783783783783784,1,0,1.619718309859155,3.6971830985915495,0.3115727002967359,0.4380952380952381,0.4380952380952381,0.9347826086956522,0,45,100,0.45,4,1
"Bogdan Bogdanović","LAC",54,1348,0.5271834693877552,0.7235772357723578,8.63103448275862,25.76955017301038,1.2903225806451613,2.401433691756272,0.13617886178861788,0.5373134328358209,0.5901639344262295,0.5833333333333334,0.08955223880597014,1.863799283154122,3.6917562724014337,0.20934959349593496,0.5048543689320388,0.5360824742268041,0.4423076923076923,0.05825242718446602,0.6093189964157706,1.1827956989247312,0.06707317073170732,0.5151515151515151,0.5151515151515151,0.6470588235294118,0,0.8243727598566308,2.2222222222222223,0.12601626016260162,0.3709677419354839,0.3709677419354839,0.9565217391304348,0,2.939068100358423,8.136200716845877,0.4613821138211382,0.36123348017621143,0.36123348017621143,0.8170731707317073,0,82,226,0.36283185840707965,1,0
"Justin Champagnie","WAS",62,1340,0.5707419512195122,0.8394160583941606,3.248623853211009,26.014507772020725,3.9699570815450644,5.436337625178827,0.36982968369829683,0.7302631578947368,0.7655172413793103,0.5315315315315315,0.046052631578947366,0.894134477825465,2.2532188841201717,0.15328467153284672,0.3968253968253968,0.5,0.72,0.20634920634920634,0,0.1072961373390558,0.0072992700729927005,0,0,0,0,0.8226037195994278,2.2889842632331905,0.15571776155717762,0.359375,0.36507936507936506,1,0.015625,1.8240343347639485,4.613733905579399,0.31386861313868614,0.3953488372093023,0.4015748031496063,0.9803921568627451,0.015503875968992248,51,128,0.3984375,1,0
"Paul George","PHI",41,1334,0.5079667548500882,0.6105263157894737,10.822847682119205,26.03134328358209,2.178729689807976,2.9542097488921715,0.14035087719298245,0.7375,0.8309859154929577,0.3389830508474576,0.1125,1.3663220088626293,3.655834564254062,0.1736842105263158,0.37373737373737376,0.4157303370786517,0.24324324324324326,0.10101010101010101,1.9571639586410634,4.542097488921714,0.21578947368421053,0.43089430894308944,0.43089430894308944,0.24528301886792453,0,0.51698670605613,1.809453471196455,0.08596491228070176,0.2857142857142857,0.2857142857142857,0.8571428571428571,0,3.0280649926144756,8.087149187592319,0.38421052631578945,0.3744292237442922,0.3761467889908257,0.6219512195121951,0.0045662100456621,82,217,0.3778801843317972,2,0
"Ausar Thompson","DET",59,1328,0.5869801123595505,0.7167755991285403,3.341219512195122,28.547916666666666,6.836363636363636,10.181818181818182,0.6100217864923747,0.6714285714285714,0.7372549019607844,0.6223404255319149,0.08928571428571429,1.6,4.509090909090909,0.2701525054466231,0.3548387096774194,0.411214953271028,0.6136363636363636,0.13709677419354838,0.07272727272727272,0.21818181818181817,0.013071895424836602,0.3333333333333333,0.3333333333333333,0.5,0,0.21818181818181817,0.9090909090909091,0.054466230936819175,0.24,0.24,1,0,0.18181818181818182,0.8727272727272727,0.05228758169934641,0.20833333333333334,0.20833333333333334,1,0,5,20,0.25,4,0
"Donovan Clingan","POR",67,1324,0.5909297839506173,0.8554216867469879,2.4265017667844524,25.659183673469386,5.451884376143432,8.598609586534943,0.7078313253012049,0.6340425531914894,0.6742081447963801,0.6040268456375839,0.059574468085106386,0.5122575923893158,1.646542261251372,0.1355421686746988,0.3111111111111111,0.3888888888888889,0.6428571428571429,0.2,0.03658982802780827,0.10976948408342481,0.009036144578313253,0.3333333333333333,0.3333333333333333,1,0,0.07317965605561653,0.18294914013904134,0.015060240963855422,0.4,0.4,1,0,0.43907793633369924,1.6099524332235637,0.13253012048192772,0.2727272727272727,0.2727272727272727,1,0,12,44,0.2727272727272727,0,0
"Jordan Hawkins","NOP",56,1321,0.5249999999999999,0.6996402877697842,10.324107142857143,25.42168674698795,1.1734506784011733,2.09020902090209,0.10251798561151079,0.5614035087719298,0.7111111111111111,0.53125,0.21052631578947367,1.0634396773010635,3.006967363403007,0.1474820143884892,0.35365853658536583,0.3918918918918919,0.6551724137931034,0.0975609756097561,1.3201320132013201,3.116978364503117,0.1528776978417266,0.4235294117647059,0.4235294117647059,0.6944444444444444,0,1.2834616795012834,3.1903190319031904,0.1564748201438849,0.40229885057471265,0.40229885057471265,0.9428571428571428,0,2.75027502750275,8.984231756508985,0.44064748201438847,0.30612244897959184,0.3138075313807531,0.8933333333333333,0.024489795918367346,75,245,0.30612244897959184,0,0
"Tyrese Martin","BKN",60,1315,0.5332224622030237,0.7763440860215054,6.307103825136612,25.568085106382977,2.1000381825124093,3.016418480336006,0.16989247311827957,0.6962025316455697,0.7432432432432432,0.5636363636363636,0.06329113924050633,1.069110347460863,3.3218785796105386,0.1870967741935484,0.3218390804597701,0.36363636363636365,0.42857142857142855,0.11494252873563218,0.26727758686521574,0.649102710958381,0.03655913978494624,0.4117647058823529,0.4117647058823529,0.5714285714285714,0,1.3745704467353952,3.512791141657121,0.1978494623655914,0.391304347826087,0.391304347826087,0.9444444444444444,0,2.4054982817869415,7.2546773577701416,0.40860215053763443,0.33157894736842103,0.33157894736842103,0.9365079365079365,0,63,188,0.3351063829787234,2,0
"Mason Plumlee","PHX",74,1300,0.58141325,0.7178217821782178,3.232828282828283,35.625,4.089360090874669,5.3388867853085955,0.698019801980198,0.7659574468085106,0.84375,0.7685185185185185,0.09219858156028368,0.6436955698599015,2.082544490723211,0.2722772277227723,0.3090909090909091,0.40476190476190477,0.8235294117647058,0.23636363636363636,0,0.07572889057175312,0.009900990099009901,0,0,0,0,0,0.07572889057175312,0.009900990099009901,0,0,0,0,0,0.07572889057175312,0.009900990099009901,0,0,0,0,0,1,0,1,0
"Jonathan Mogbo","TOR",63,1286,0.5910275423728814,0.7247191011235955,4.410839160839161,25.622857142857143,4.138702460850112,7.009694258016406,0.5280898876404494,0.5904255319148937,0.6607142857142857,0.7387387387387387,0.10638297872340426,0.8202833706189411,2.870991797166294,0.21629213483146068,0.2857142857142857,0.3235294117647059,0.5909090909090909,0.11688311688311688,0.22371364653243847,0.7829977628635347,0.05898876404494382,0.2857142857142857,0.3,0.6666666666666666,0.047619047619047616,0.37285607755406414,1.2304250559284116,0.09269662921348315,0.30303030303030304,0.30303030303030304,1,0,0.2609992542878449,1.3795674869500374,0.10393258426966293,0.1891891891891892,0.19444444444444445,1,0.02702702702702703,7,35,0.2,2,0
"Jalen Johnson","ATL",36,1284,0.5730243992606284,0.6629834254143646,4.829850746268656,25.32482269503546,5.669178327951202,7.857911733046286,0.40331491712707185,0.7214611872146118,0.7745098039215687,0.6392405063291139,0.0684931506849315,2.188733405095084,5.884463580911374,0.3020257826887661,0.3719512195121951,0.4326241134751773,0.5737704918032787,0.1402439024390244,0.2870470039468963,0.6817366343738788,0.034990791896869246,0.42105263157894735,0.42105263157894735,0.75,0,0.5023322569070685,1.5787585217079296,0.08103130755064457,0.3181818181818182,0.32558139534883723,1,0.022727272727272728,1.0764262648008611,3.4804449228561176,0.17863720073664824,0.30927835051546393,0.30927835051546393,0.9333333333333333,0,30,95,0.3157894736842105,2,0
"Max Strus","CLE",50,1273,0.5732715846994535,0.9436997319034852,2.9787500000000002,25.412286689419794,1.6685627607129314,2.2373909745923397,0.1581769436997319,0.7457627118644068,0.8,0.7272727272727273,0.06779661016949153,0.30337504740235116,0.7584376185058779,0.05361930294906166,0.4,0.5333333333333333,0.75,0.25,0,0.037921880925293895,0.002680965147453083,0,0,0,0,1.403109594235874,3.5267349260523324,0.24932975871313673,0.3978494623655914,0.40217391304347827,0.9459459459459459,0.010752688172043012,2.882062950322336,7.584376185058779,0.5361930294906166,0.38,0.38190954773869346,0.9736842105263158,0.005,76,199,0.38190954773869346,1,0
"Johnny Juzang","UTA",64,1270,0.5302388172043011,0.7726315789473684,7.909316770186336,25.066346153846155,1.3237518910741302,2.004538577912254,0.11157894736842106,0.660377358490566,0.7291666666666666,0.7142857142857143,0.09433962264150944,1.399394856278366,2.950075642965204,0.16421052631578947,0.47435897435897434,0.5,0.5675675675675675,0.05128205128205128,0.529500756429652,1.13464447806354,0.06315789473684211,0.4666666666666667,0.4827586206896552,0.42857142857142855,0.03333333333333333,1.8910741301059002,4.765506807866869,0.26526315789473687,0.3968253968253968,0.4065040650406504,0.92,0.023809523809523808,2.571860816944024,7.110438729198185,0.3957894736842105,0.3617021276595745,0.3655913978494624,0.8676470588235294,0.010638297872340425,68,188,0.3617021276595745,0,0
"Ronald Holland II","DET",81,1266,0.5596749388753056,0.7403846153846154,4.468679245283019,25.490728476821193,4.041974349008939,6.101826661484648,0.37740384615384615,0.6624203821656051,0.7323943661971831,0.5961538461538461,0.09554140127388536,2.059852312475709,3.8087835211815,0.23557692307692307,0.5408163265306123,0.5888888888888889,0.5660377358490566,0.08163265306122448,0.1554605518849592,0.388651379712398,0.02403846153846154,0.4,0.4,1,0,0.582977069568597,2.914885347842985,0.18028846153846154,0.2,0.2,1,0,0.8161678973960358,2.9537504858142247,0.18269230769230768,0.27631578947368424,0.27631578947368424,1,0,21,73,0.2876712328767123,3,0
"Javonte Green","CLE",68,1258,0.5911444444444445,0.8402777777777778,3.4911564625850344,24.565248226950352,2.4700887688151294,3.898108838286376,0.3506944444444444,0.6336633663366337,0.7111111111111111,0.65625,0.10891089108910891,0.5017367811655732,1.659590891547665,0.14930555555555555,0.3023255813953488,0.325,0.5384615384615384,0.06976744186046512,0,0.11578541103820919,0.010416666666666666,0,0,0,0,0.8490930142802007,2.7016595908915475,0.24305555555555555,0.3142857142857143,0.3142857142857143,1,0,0.9262832883056735,2.740254727904284,0.2465277777777778,0.3380281690140845,0.3380281690140845,1,0,24,71,0.3380281690140845,0,0
"Nick Richards","PHX",57,1256,0.5646066282420749,0.6311239193083573,4.110434782608696,23.4,6.163021868787276,8.628230616302186,0.6253602305475504,0.7142857142857143,0.8072916666666666,0.632258064516129,0.1152073732718894,1.7495029821073558,4.572564612326044,0.3314121037463977,0.3826086956521739,0.4943820224719101,0.8181818181818182,0.22608695652173913,0.23856858846918488,0.5168986083499006,0.037463976945244955,0.46153846153846156,0.46153846153846156,1,0,0,0.07952286282306163,0.005763688760806916,0,0,0,0,0,0,0,0,0,0,0,0,0,0,0,0
"Dean Wade","CLE",59,1252,0.5865020446096654,0.9520295202952029,4.085714285714285,24.72072072072072,1.0514018691588785,1.4018691588785046,0.13284132841328414,0.75,0.8709677419354839,0.7037037037037037,0.1388888888888889,0.1557632398753894,0.35046728971962615,0.033210332103321034,0.4444444444444444,0.5714285714285714,0.75,0.2222222222222222,0.03894080996884735,0.1557632398753894,0.014760147601476014,0.25,0.25,0,0,1.4797507788161994,3.543613707165109,0.33579335793357934,0.4175824175824176,0.4222222222222222,1,0.01098901098901099,1.6355140186915889,5.101246105919003,0.4833948339483395,0.32061068702290074,0.3230769230769231,1,0.007633587786259542,42,131,0.32061068702290074,0,0
"Ricky Council IV","PHI",73,1250,0.5470575492341356,0.7451403887688985,5.3324,26.836150234741787,3.107789142407553,5.192761605035405,0.28509719222462204,0.5984848484848485,0.6370967741935484,0.6329113924050633,0.06060606060606061,1.5342250196695515,3.973249409913454,0.21814254859611232,0.38613861386138615,0.4482758620689655,0.3076923076923077,0.13861386138613863,0.15735641227380015,0.6687647521636507,0.0367170626349892,0.23529411764705882,0.26666666666666666,0.25,0.11764705882352941,0.7081038552321007,1.7309205350118018,0.09503239740820735,0.4090909090909091,0.4090909090909091,0.9444444444444444,0,1.4555468135326515,6.648308418568057,0.3650107991360691,0.21893491124260356,0.22023809523809523,0.918918918918919,0.005917159763313609,37,165,0.22424242424242424,4,0
"Tidjane Salaün","CHA",60,1244,0.5434847507331378,0.813953488372093,4.919424460431654,26.222926829268292,1.7713365539452497,3.0193236714975846,0.2180232558139535,0.5866666666666667,0.676923076923077,0.6136363636363636,0.13333333333333333,0.36231884057971014,2.254428341384863,0.16279069767441862,0.16071428571428573,0.20454545454545456,0.6666666666666666,0.21428571428571427,0.12077294685990338,0.322061191626409,0.023255813953488372,0.375,0.375,1,0,0.644122383252818,1.8518518518518519,0.13372093023255813,0.34782608695652173,0.38095238095238093,0.75,0.08695652173913043,1.6908212560386473,6.400966183574879,0.4622093023255814,0.2641509433962264,0.2692307692307692,0.9285714285714286,0.018867924528301886,42,159,0.2641509433962264,0,0
"Bobby Portis","MIL",49,1244,0.5129031092436974,0.5126050420168067,9.128057553956834,25.59269662921348,3.2320872274143304,4.945482866043614,0.2134453781512605,0.6535433070866141,0.7345132743362832,0.5542168674698795,0.11023622047244094,3.0373831775700935,6.658878504672897,0.28739495798319326,0.45614035087719296,0.4968152866242038,0.46153846153846156,0.08187134502923976,1.985981308411215,4.633956386292835,0.2,0.42857142857142855,0.4322033898305085,0.5490196078431373,0.008403361344537815,0.8177570093457944,1.8691588785046729,0.08067226890756303,0.4375,0.4375,1,0,1.7133956386292835,5.062305295950155,0.2184873949579832,0.3384615384615385,0.34375,0.9545454545454546,0.015384615384615385,44,130,0.3384615384615385,0,0
"Moussa Diabaté","CHA",71,1241,0.5985255357142858,0.7321428571428571,3.151824817518248,26.25,5.400981996726678,8.142389525368248,0.7107142857142857,0.6633165829145728,0.7213114754098361,0.7196969696969697,0.08040201005025126,1.4320785597381342,3.027823240589198,0.2642857142857143,0.47297297297297297,0.5223880597014925,0.8285714285714286,0.0945945945945946,0,0.04091653027823241,0.0035714285714285713,0,0,0,0,0,0.08183306055646482,0.007142857142857143,0,0,0,0,0,0.16366612111292964,0.014285714285714285,0,0,0,0.25,0,4,0,0,0
"Jeremiah Robinson-Earl","NOP",66,1239,0.5676844380403459,0.8126801152737753,4.759562841530054,24.301829268292682,2.9909484454939,4.643841007477371,0.3400576368876081,0.6440677966101694,0.7037037037037037,0.6578947368421053,0.0847457627118644,0.747737111373475,2.0070838252656436,0.14697406340057637,0.37254901960784315,0.4222222222222222,0.8421052631578947,0.11764705882352941,0.27548209366391185,0.5509641873278237,0.040345821325648415,0.5,0.5,0.7142857142857143,0,1.5741833923652107,3.620621802439984,0.26512968299711814,0.43478260869565216,0.4444444444444444,0.95,0.021739130434782608,0.6296733569460842,2.833530106257379,0.207492795389049,0.2222222222222222,0.2222222222222222,1,0,16,72,0.2222222222222222,0,0
"Simone Fontecchio","DET",75,1237,0.5493152173913043,0.8203753351206434,5.798630136986302,25.42775330396476,1.7836370686312524,3.0632027917797595,0.21179624664879357,0.5822784810126582,0.647887323943662,0.6521739130434783,0.10126582278481013,0.81426909654905,1.8999612252811167,0.13136729222520108,0.42857142857142855,0.4772727272727273,0.6190476190476191,0.10204081632653061,0.27142303218301667,0.6979449398991857,0.04825737265415549,0.3888888888888889,0.4117647058823529,0.7142857142857143,0.05555555555555555,0.9305932531989143,3.295851105079488,0.22788203753351208,0.2823529411764706,0.2857142857142857,1,0.011764705882352941,2.016285381930981,5.5060100814269095,0.3806970509383378,0.36619718309859156,0.37410071942446044,1,0.02112676056338028,52,140,0.37142857142857144,2,0
"Cole Anthony","ORL",67,1234,0.5028150925925926,0.580110497237569,8.178461538461539,26.672018348623855,2.476654486398701,3.9382866423061307,0.17863720073664824,0.6288659793814433,0.6703296703296703,0.26229508196721313,0.061855670103092786,2.882663418595209,7.023954526999594,0.31860036832412525,0.41040462427745666,0.42771084337349397,0.22535211267605634,0.04046242774566474,0.8526187576126675,2.233049127080796,0.10128913443830571,0.38181818181818183,0.3888888888888889,0.38095238095238093,0.01818181818181818,0.6090133982947625,1.3804303694681284,0.06261510128913444,0.4411764705882353,0.4411764705882353,0.9333333333333333,0,2.5172553796183514,7.470564352415753,0.3388581952117864,0.33695652173913043,0.33695652173913043,0.7258064516129032,0,62,182,0.34065934065934067,2,0
"Ben Sheppard","IND",63,1228,0.5725653310104529,0.9024390243902439,4.317045454545454,24.405025125628143,1.6110019646365423,2.357563850687623,0.20905923344947736,0.6833333333333333,0.7884615384615384,0.7317073170731707,0.13333333333333333,0.3143418467583497,0.9037328094302554,0.08013937282229965,0.34782608695652173,0.42105263157894735,0.75,0.17391304347826086,0.11787819253438114,0.19646365422396855,0.017421602787456445,0.6,0.75,0.6666666666666666,0.2,1.5717092337917484,4.636542239685658,0.41114982578397213,0.3389830508474576,0.3389830508474576,1,0,1.100196463654224,3.182711198428291,0.28222996515679444,0.345679012345679,0.345679012345679,0.9642857142857143,0,28,81,0.345679012345679,0,0
"Daniel Gafford","DAL",57,1226,0.6210935483870967,0.7890818858560794,2.5612903225806454,0,9.335443037974683,12.579113924050633,0.7890818858560794,0.7421383647798742,0.7919463087248322,0.711864406779661,0.06289308176100629,1.8196202531645569,3.3227848101265822,0.20843672456575682,0.5476190476190477,0.6216216216216216,0.7608695652173914,0.11904761904761904,0.03955696202531646,0.03955696202531646,0.0024813895781637717,1,1,1,0,0,0,0,0,0,0,0,0,0,0,0,0,0,0,0,0,0,0,0
"John Collins","UTA",40,1220,0.5339037664783428,0.6026365348399246,5.766579634464752,24.54391891891892,4.662188858158831,6.795732911892532,0.3239171374764595,0.686046511627907,0.8027210884353742,0.5932203389830508,0.14534883720930233,3.3583563808771237,6.677202686685105,0.3182674199623352,0.5029585798816568,0.5862068965517241,0.6941176470588235,0.14201183431952663,0.7111813512445674,1.6594231529039905,0.07909604519774012,0.42857142857142855,0.47368421052631576,0.7777777777777778,0.09523809523809523,0.9877518767285658,2.2915843540102725,0.10922787193973635,0.43103448275862066,0.43859649122807015,0.96,0.017241379310344827,1.3433425523508495,3.555906756222837,0.1694915254237288,0.37777777777777777,0.37777777777777777,0.9705882352941176,0,34,90,0.37777777777777777,0,0
"Caleb Martin","DAL",45,1218,0.5279307947019868,0.6151315789473685,8.572636815920397,25.284466019417476,2.0517029134181373,3.4468608945424704,0.27631578947368424,0.5952380952380952,0.625,0.42,0.047619047619047616,1.0258514567090686,2.667213787443578,0.2138157894736842,0.38461538461538464,0.44642857142857145,0.4,0.13846153846153847,0.6975789905621665,2.1337710299548625,0.17105263157894737,0.3269230769230769,0.3269230769230769,0.5294117647058824,0,0.8617152236356176,1.8054985638079606,0.14473684210526316,0.4772727272727273,0.4883720930232558,0.9523809523809523,0.022727272727272728,0.6565449322938038,2.4210094378334017,0.19407894736842105,0.2711864406779661,0.27586206896551724,1,0.01694915254237288,16,57,0.2807017543859649,2,0
"Kristaps Porziņģis","BOS",42,1210,0.5282989492119089,0.6498257839721254,7.013271604938272,27.6128,3.395311236863379,4.971705739692805,0.21428571428571427,0.6829268292682927,0.7433628318584071,0.7738095238095238,0.08130081300813008,2.9911075181891675,6.18431689571544,0.2665505226480836,0.48366013071895425,0.5285714285714286,0.7837837837837838,0.08496732026143791,0.6467259498787389,1.9401778496362168,0.08362369337979095,0.3333333333333333,0.3333333333333333,0.6875,0,0.2425222312045271,0.6871463217461601,0.029616724738675958,0.35294117647058826,0.35294117647058826,1,0,3.9207760711398545,9.417946645109135,0.4059233449477352,0.41630901287553645,0.41630901287553645,0.979381443298969,0,97,233,0.41630901287553645,0,0
"Brandon Clarke","MEM",64,1207,0.5526540789473685,0.5289473684210526,4.826997245179063,23.8,5.834305717619603,7.1567483469467135,0.4842105263157895,0.8152173913043478,0.8379888268156425,0.6866666666666666,0.02717391304347826,3.267211201866978,6.845585375340335,0.4631578947368421,0.4772727272727273,0.5283018867924528,0.8928571428571429,0.09659090909090909,0.038895371450797356,0.11668611435239207,0.007894736842105263,0.3333333333333333,0.3333333333333333,1,0,0.038895371450797356,0.544535200311163,0.03684210526315789,0.07142857142857142,0.07142857142857142,1,0,0,0.11668611435239207,0.007894736842105263,0,0,0,0,0,3,0,0,0
"Deandre Ayton","POR",40,1206,0.5449867521367521,0.4722222222222222,7.214220183486239,24.36875,5.716619028174765,7.717435688035933,0.40384615384615385,0.7407407407407407,0.7692307692307693,0.6642857142857143,0.037037037037037035,3.2666394446712945,6.410779910167415,0.33547008547008544,0.5095541401273885,0.5298013245033113,0.8125,0.03821656050955414,1.592486729277256,3.6749693752552064,0.19230769230769232,0.43333333333333335,0.4431818181818182,0.8717948717948718,0.022222222222222223,0.04083299305839118,0.6533278889342589,0.03418803418803419,0.0625,0.0625,1,0,0.2041649652919559,0.6533278889342589,0.03418803418803419,0.3125,0.3125,1,0,5,16,0.3125,0,0
"Jarace Walker","IND",75,1187,0.5378903899721449,0.7388888888888889,6.530285714285714,25.77945945945946,1.8570851836899476,3.270084779975777,0.225,0.5679012345679012,0.6133333333333333,0.8043478260869565,0.07407407407407407,1.6148566814695196,2.8663706096083974,0.19722222222222222,0.5633802816901409,0.5797101449275363,0.625,0.028169014084507043,0.3633427533306419,0.9285425918449738,0.06388888888888888,0.391304347826087,0.391304347826087,0.5555555555555556,0,0.7670569236980218,1.8570851836899476,0.12777777777777777,0.41304347826086957,0.4222222222222222,1,0.021739130434782608,2.2607993540573275,5.611626968106581,0.3861111111111111,0.4028776978417266,0.4057971014492754,0.8571428571428571,0.007194244604316547,56,138,0.4057971014492754,1,0
"Kawhi Leonard","LAC",37,1180,0.5087658105939005,0.4895666131621188,9.406466512702078,25.824736842105263,3.5274118147046325,4.887377815554611,0.18459069020866772,0.7217391304347827,0.7545454545454545,0.5542168674698795,0.043478260869565216,4.504887377815555,9.392265193370166,0.3547351524879615,0.4796380090497738,0.48847926267281105,0.33962264150943394,0.01809954751131222,1.827454313642159,4.122396940076498,0.15569823434991975,0.44329896907216493,0.44329896907216493,0.4186046511627907,0,0.46748831279218017,1.1899702507437313,0.0449438202247191,0.39285714285714285,0.4230769230769231,1,0.07142857142857142,2.847428814279643,6.8848278793030175,0.26003210272873195,0.41358024691358025,0.41358024691358025,0.6268656716417911,0,67,162,0.41358024691358025,0,0
"Clint Capela","ATL",55,1176,0.6119820512820513,0.7102564102564103,2.9724935732647815,26.3,6.892430278884462,10.99601593625498,0.7076923076923077,0.6268115942028986,0.6865079365079365,0.7341040462427746,0.08695652173913043,1.792828685258964,4.46215139442231,0.28717948717948716,0.4017857142857143,0.45,0.9333333333333333,0.10714285714285714,0,0.0398406374501992,0.002564102564102564,0,0,0,0,0,0,0,0,0,0,0,0,0.0398406374501992,0.002564102564102564,0,0,0,0,0,1,0,0,0
"Cody Martin","PHX",53,1173,0.5520703076923077,0.7507692307692307,7.128735632183909,24.684105960264898,2.6688907422852375,3.878231859883236,0.28615384615384615,0.6881720430107527,0.7619047619047619,0.609375,0.0967741935483871,0.5838198498748958,1.7097581317764805,0.12615384615384614,0.34146341463414637,0.3684210526315789,0.5714285714285714,0.07317073170731707,0.6255212677231026,1.6680567139282736,0.12307692307692308,0.375,0.375,0.5333333333333333,0,0.9591326105087573,3.377814845704754,0.24923076923076923,0.2839506172839506,0.2911392405063291,0.9565217391304348,0.024691358024691357,0.8340283569641368,2.9190992493744785,0.2153846153846154,0.2857142857142857,0.2898550724637681,0.95,0.014285714285714285,20,70,0.2857142857142857,0,0
"Mark Williams","CHA",44,1171,0.5788536363636364,0.6748878923766816,3.580995475113122,25.975,8.834508502695977,12.31854002488594,0.6659192825112108,0.7171717171717171,0.7473684210526316,0.7793427230046949,0.04040404040404041,2.281211115719618,5.806719203649938,0.31390134529147984,0.39285714285714285,0.4296875,0.9090909090909091,0.08571428571428572,0.0829531314807134,0.20738282870178348,0.011210762331838564,0.4,0.4,1,0,0,0.0414765657403567,0.002242152466367713,0,0,0,1,0,0.1244296972210701,0.006726457399103139,0,0,0,0,0,3,0,0,0
"Precious Achiuwa","NYK",57,1170,0.5902546875,0.691131498470948,3.970790378006873,23.819444444444443,5.006364022061943,8.061094611794655,0.581039755351682,0.6210526315789474,0.6900584795321637,0.6864406779661016,0.1,1.4425116673737803,4.030547305897327,0.290519877675841,0.35789473684210527,0.37777777777777777,0.7352941176470589,0.05263157894736842,0.0848536274925753,0.2545608824777259,0.01834862385321101,0.3333333333333333,0.3333333333333333,0.5,0,0.3394145099703012,1.1879507848960542,0.0856269113149847,0.2857142857142857,0.2857142857142857,1,0,0.0848536274925753,0.3394145099703012,0.024464831804281346,0.25,0.25,1,0,2,8,0.25,0,0
"Justin Edwards","PHI",44,1156,0.550082671957672,0.746031746031746,6.469148936170213,25.35842105263158,2.4754588134869824,3.9265898420828,0.24338624338624337,0.6304347826086957,0.7160493827160493,0.4827586206896552,0.11956521739130435,1.2377294067434912,2.8595817328211695,0.17724867724867724,0.43283582089552236,0.48333333333333334,0.5862068965517241,0.1044776119402985,0.6828851899274434,1.2377294067434912,0.07671957671957672,0.5517241379310345,0.5925925925925926,0.6875,0.06896551724137931,0.8536064874093043,2.1340162185232607,0.13227513227513227,0.4,0.40816326530612246,1,0.02,2.0913358941527957,5.975245411865131,0.37037037037037035,0.35,0.3602941176470588,0.8979591836734694,0.02857142857142857,49,140,0.35,0,0
"Nikola Jović","MIA",46,1156,0.5466387566137566,0.791005291005291,4.851785714285715,25.010952380952382,2.6180257510729614,3.819742489270386,0.23544973544973544,0.6853932584269663,0.7349397590361446,0.7049180327868853,0.06741573033707865,1.2446351931330473,3.0901287553648067,0.19047619047619047,0.4027777777777778,0.4393939393939394,0.5517241379310345,0.08333333333333333,0.17167381974248927,0.30042918454935624,0.018518518518518517,0.5714285714285714,0.5714285714285714,0.5,0,1.6309012875536482,3.4334763948497855,0.21164021164021163,0.475,0.475,1,0,1.7167381974248928,5.579399141630901,0.3439153439153439,0.3076923076923077,0.3076923076923077,0.9,0,40,130,0.3076923076923077,0,0
"Vít Krejčí","ATL",57,1153,0.5620655172413793,0.8527397260273972,4.904651162790698,25.494660194174756,1.2895174708818635,1.7886855241264559,0.14726027397260275,0.7209302325581395,0.8157894736842105,0.7741935483870968,0.11627906976744186,0.8735440931780366,1.5806988352745424,0.13013698630136986,0.5526315789473685,0.6,0.47619047619047616,0.07894736842105263,0.12479201331114809,0.2079866888519135,0.017123287671232876,0.6,0.6,0.6666666666666666,0,1.0399334442595674,1.913477537437604,0.15753424657534246,0.5434782608695652,0.5434782608695652,1,0,2.703826955074875,6.655574043261232,0.547945205479452,0.40625,0.40625,0.8923076923076924,0,65,160,0.40625,0,0
"Jonathan Kuminga","GSW",47,1144,0.5179587230215827,0.5757042253521126,6.060431654676258,25.825165562913906,5.3984575835475574,7.54070265638389,0.30985915492957744,0.7159090909090909,0.8076923076923077,0.6031746031746031,0.11363636363636363,3.341902313624679,9.040274207369324,0.3714788732394366,0.3696682464454976,0.41935483870967744,0.41025641025641024,0.11848341232227488,0.3427592116538132,1.2853470437017995,0.0528169014084507,0.26666666666666666,0.2857142857142857,0.25,0.06666666666666667,0.5569837189374465,1.9708654670094259,0.08098591549295775,0.2826086956521739,0.28888888888888886,0.9230769230769231,0.021739130434782608,1.4138817480719794,4.4987146529562985,0.18485915492957747,0.3142857142857143,0.3142857142857143,0.8787878787878788,0,33,103,0.32038834951456313,2,0
"Kevon Looney","GSW",76,1142,0.5442726449275362,0.6834532374100719,4.080952380952381,32.2,5.13595166163142,7.9844626672421235,0.6654676258992805,0.6432432432432432,0.6538461538461539,0.5210084033613446,0.016216216216216217,0.7768666378938283,2.8916702632714717,0.24100719424460432,0.26865671641791045,0.33962264150943394,0.8333333333333334,0.208955223880597,0.17263703064307295,0.9063444108761329,0.07553956834532374,0.19047619047619047,0.19047619047619047,0.75,0,0.08631851532153648,0.08631851532153648,0.007194244604316547,1,1,1,0,0,0.1294777729823047,0.01079136690647482,0,0,0,0,0,2,0,1,0
"Kenrich Williams","OKC",69,1132,0.5562793352601155,0.7711864406779662,5.515846994535519,25.753254437869824,3.0120481927710845,4.388984509466437,0.288135593220339,0.6862745098039216,0.7954545454545454,0.5857142857142857,0.13725490196078433,1.1187607573149743,2.495697074010327,0.1638418079096045,0.4482758620689655,0.5098039215686274,0.6538461538461539,0.1206896551724138,0.387263339070568,0.9896729776247849,0.06497175141242938,0.391304347826087,0.391304347826087,0.5555555555555556,0,0.6884681583476764,1.8502581755593803,0.12146892655367232,0.37209302325581395,0.37209302325581395,1,0,2.1514629948364887,5.507745266781411,0.3615819209039548,0.390625,0.3937007874015748,1,0.0078125,50,127,0.3937007874015748,1,0
"Aaron Nesmith","IND",45,1123,0.5531238786279683,0.7783641160949868,5.740760869565217,25.055897435897435,2.9399048854301775,4.323389537397319,0.2638522427440633,0.68,0.7640449438202247,0.75,0.11,1.4267185473411155,2.853437094682231,0.1741424802110818,0.5,0.5689655172413793,0.8181818181818182,0.12121212121212122,0.30263726761781234,0.7782101167315175,0.047493403693931395,0.3888888888888889,0.3888888888888889,0.7142857142857143,0,1.6861219195849546,3.372243839169909,0.20580474934036938,0.5,0.5,0.9487179487179487,0,1.9455252918287937,5.058365758754864,0.3087071240105541,0.38461538461538464,0.39473684210526316,0.9777777777777777,0.02564102564102564,45,117,0.38461538461538464,0,0
"Julian Phillips","CHI",79,1123,0.5964412891986063,0.89198606271777,2.655970149253731,24.22156862745098,2.6706231454005933,4.366256888512082,0.3588850174216028,0.6116504854368932,0.6923076923076923,0.6349206349206349,0.11650485436893204,0.6358626536668079,1.2717253073336159,0.10452961672473868,0.5,0.5357142857142857,0.8666666666666667,0.06666666666666667,0,0.0423908435777872,0.003484320557491289,0,0,0,0,1.7380245866892752,4.366256888512082,0.3588850174216028,0.39805825242718446,0.41,1,0.02912621359223301,0.3815175922000848,2.11954217888936,0.17421602787456447,0.18,0.18,1,0,9,50,0.18,0,0
"Dalano Banton","POR",67,1120,0.5416356136820926,0.7495069033530573,5.212280701754386,26.275225225225228,3.759723422644771,6.828003457216941,0.3116370808678501,0.5506329113924051,0.6397058823529411,0.39080459770114945,0.13924050632911392,1.3396715643906656,4.364736387208297,0.1992110453648915,0.3069306930693069,0.3522727272727273,0.3225806451612903,0.12871287128712872,0.34572169403630076,1.1235955056179776,0.05128205128205128,0.3076923076923077,0.3076923076923077,0.375,0,0.7778738115816768,1.9878997407087295,0.09072978303747535,0.391304347826087,0.391304347826087,1,0,2.33362143474503,7.605877268798617,0.34714003944773175,0.3068181818181818,0.3068181818181818,0.8333333333333334,0,54,174,0.3103448275862069,2,0
"Ben Simmons","LAC",51,1120,0.5325354260089686,0.48878923766816146,4.781165919282511,0,2.96229802513465,4.8922800718132855,0.48878923766816146,0.6055045871559633,0.6285714285714286,0.5909090909090909,0.03669724770642202,2.244165170556553,5.07181328545781,0.5067264573991032,0.4424778761061947,0.4672897196261682,0.42,0.05309734513274336,0,0.04488330341113106,0.004484304932735426,0,0,0,0,0,0,0,0,0,0,0,0,0,0,0,0,0,0,0,0,0,0,0
"Ja'Kobe Walter","TOR",52,1103,0.5541443734015346,0.7557251908396947,5.723188405797102,25.214516129032255,2.3409893992932864,4.902826855123675,0.2824427480916031,0.4774774774774775,0.6022727272727273,0.6981132075471698,0.2072072072072072,1.5459363957597174,3.2685512367491167,0.18829516539440203,0.47297297297297297,0.5645161290322581,0.5714285714285714,0.16216216216216217,0.26501766784452296,0.9717314487632509,0.05597964376590331,0.2727272727272727,0.2857142857142857,0.3333333333333333,0.045454545454545456,0.8392226148409894,2.5618374558303887,0.1475826972010178,0.3275862068965517,0.3333333333333333,1,0.017241379310344827,2.0318021201413425,5.6537102473498235,0.3256997455470738,0.359375,0.36507936507936506,0.9347826086956522,0.015625,46,126,0.36507936507936506,2,0
"Jaxson Hayes","LAL",56,1093,0.6260766816143498,0.820627802690583,2.579090909090909,26.400000000000002,6.499327655759749,8.068130883012103,0.8071748878923767,0.8055555555555556,0.8285714285714286,0.8551724137931035,0.027777777777777776,0.7171671896010757,1.7929179740026895,0.17937219730941703,0.4,0.47058823529411764,0.875,0.15,0,0,0,0,0,0,0,0,0.04482294935006723,0.004484304932735426,0,0,0,0,0,0.08964589870013447,0.008968609865470852,0,0,0,0,0,2,0,0,0
"Jonathan Isaac","ORL",71,1090,0.5642746913580247,0.8302469135802469,5.335260115606936,24.193377483443708,3.5714285714285716,5.4730983302411875,0.36419753086419754,0.652542372881356,0.7264150943396226,0.5064935064935064,0.1016949152542373,0.5102040816326531,1.437847866419295,0.09567901234567901,0.3548387096774194,0.3793103448275862,0.7272727272727273,0.06451612903225806,0.3246753246753247,1.1131725417439704,0.07407407407407407,0.2916666666666667,0.2916666666666667,0.7142857142857143,0,1.391465677179963,4.499072356215214,0.2993827160493827,0.30927835051546393,0.30927835051546393,1,0,0.4174397031539889,2.504638218923933,0.16666666666666666,0.16666666666666666,0.16666666666666666,1,0,9,54,0.16666666666666666,0,0
"Cameron Payne","NYK",72,1090,0.5283708803611739,0.7443946188340808,6.587894736842106,26.03984375,1.633393829401089,3.4482758620689653,0.17040358744394618,0.47368421052631576,0.5,0.25,0.05263157894736842,1.9963702359346642,4.3557168784029034,0.21524663677130046,0.4583333333333333,0.4782608695652174,0.3409090909090909,0.041666666666666664,0.27223230490018147,0.8166969147005445,0.04035874439461883,0.3333333333333333,0.35294117647058826,0.3333333333333333,0.05555555555555555,0.40834845735027225,1.2704174228675136,0.06278026905829596,0.32142857142857145,0.3333333333333333,0.8888888888888888,0.03571428571428571,3.8112522686025407,10.344827586206897,0.5112107623318386,0.3684210526315789,0.37168141592920356,0.6190476190476191,0.008771929824561403,84,228,0.3684210526315789,0,0
"DaQuan Jeffries","CHA",47,1071,0.5534528673835126,0.8178694158075601,5.225984251968504,24.90245398773006,1.8284106891701828,3.4692920768870135,0.2542955326460481,0.527027027027027,0.6,0.8461538461538461,0.12162162162162163,0.8438818565400844,1.969057665260197,0.14432989690721648,0.42857142857142855,0.5,0.6111111111111112,0.14285714285714285,0.2812939521800281,0.5157055789967182,0.037800687285223365,0.5454545454545454,0.6,0.3333333333333333,0.09090909090909091,1.4533520862634786,3.7037037037037037,0.27147766323024053,0.3924050632911392,0.3924050632911392,1,0,1.1251758087201125,3.9849976558837317,0.2920962199312715,0.2823529411764706,0.2857142857142857,0.9166666666666666,0.011764705882352941,24,84,0.2857142857142857,1,0
"Jusuf Nurkić","CHA",51,1063,0.5411171511627907,0.6789772727272727,4.235627530364373,26.250476190476192,3.9015327450069672,6.223873664653971,0.3806818181818182,0.6268656716417911,0.6511627906976745,0.6785714285714286,0.03731343283582089,2.4152345564328845,5.1091500232234095,0.3125,0.4727272727272727,0.5252525252525253,0.6730769230769231,0.1,0,0.13934045517882024,0.008522727272727272,0,0,0,0,0.2322340919647004,0.557361820715281,0.03409090909090909,0.4166666666666667,0.4166666666666667,1,0,1.2540640966093823,4.319554110543428,0.26420454545454547,0.2903225806451613,0.2903225806451613,0.9629629629629629,0,27,92,0.29347826086956524,1,0
"Seth Curry","CHA",68,1062,0.5005331858407079,0.6209912536443148,11.49192546583851,25.26243093922652,1.1220196353436185,1.4492753623188406,0.09037900874635568,0.7741935483870968,0.8,0.2916666666666667,0.03225806451612903,0.7947639083683965,2.4777933613838243,0.15451895043731778,0.32075471698113206,0.3617021276595745,0.7058823529411765,0.11320754716981132,1.8700327255726976,3.599812996727443,0.22448979591836735,0.5194805194805194,0.5194805194805194,0.725,0,1.496026180458158,2.7115474520804113,0.16909620991253643,0.5517241379310345,0.5517241379310345,0.90625,0,2.3842917251051894,5.797101449275362,0.36151603498542273,0.4112903225806452,0.4112903225806452,0.803921568627451,0,51,124,0.4112903225806452,0,0
"Cody Williams","UTA",50,1060,0.5218584677419355,0.6653696498054474,7.112295081967213,24.525563909774437,0.8141112618724559,1.6282225237449117,0.14007782101167315,0.5,0.6666666666666666,0.6666666666666666,0.25,1.2663952962460425,3.3921302578018997,0.2918287937743191,0.37333333333333335,0.417910447761194,0.5,0.10666666666666667,0.09045680687471733,0.4975124378109453,0.042801556420233464,0.18181818181818182,0.18181818181818182,0.5,0,0.8593396653098145,3.482587064676617,0.29961089494163423,0.24675324675324675,0.24675324675324675,1,0,0.7236544549977386,2.6232473993668024,0.22568093385214008,0.27586206896551724,0.27586206896551724,1,0,16,58,0.27586206896551724,0,0
"Isaac Okoro","CLE",55,1053,0.6163153409090909,0.9363295880149812,2.429310344827586,24.268666666666668,2.9480580252690687,4.632662611137108,0.3707865168539326,0.6363636363636364,0.75,0.7619047619047619,0.15151515151515152,0.2339728591483388,0.7487131492746841,0.0599250936329588,0.3125,0.38461538461538464,0.8,0.1875,0,0.04679457182966776,0.003745318352059925,0,0,0,0,1.6846045858680394,4.305100608329433,0.3445692883895131,0.391304347826087,0.391304347826087,1,0,0.9358914365933552,2.7608797379503978,0.2209737827715356,0.3389830508474576,0.3448275862068966,1,0.01694915254237288,20,59,0.3389830508474576,0,0
"Oso Ighodaro","PHX",61,1045,0.5352852150537635,0.44919786096256686,5.995675675675676,44.4,3.144354454502144,3.906622201048118,0.4385026737967914,0.8048780487804879,0.8461538461538461,0.8181818181818182,0.04878048780487805,2.096236303001429,4.668889947594092,0.5240641711229946,0.4489795918367347,0.5057471264367817,0.9318181818181818,0.11224489795918367,0.14292520247737017,0.23820867079561697,0.026737967914438502,0.6,0.6,0.6666666666666666,0,0,0,0,0,0,0,0,0,0.09528346831824679,0.0106951871657754,0,0,0,0,0,1,0,1,0
"Jared Butler","PHI",60,1044,0.519878,0.609271523178808,6.634507042253521,26.18639053254438,3.3012379642365888,4.90600641907382,0.23620309050772628,0.6728971962616822,0.7659574468085106,0.2916666666666667,0.12149532710280374,2.6593305823016964,6.785878037597432,0.32671081677704195,0.3918918918918919,0.4603174603174603,0.22413793103448276,0.14864864864864866,0.5960568546538285,1.3296652911508482,0.0640176600441501,0.4482758620689655,0.5,0.23076923076923078,0.10344827586206896,0.7794589637780834,1.742320036680422,0.08388520971302428,0.4473684210526316,0.4473684210526316,0.9411764705882353,0,1.9715726730857406,6.006419073819349,0.2891832229580574,0.3282442748091603,0.3282442748091603,0.7209302325581395,0,43,131,0.3282442748091603,0,0
"Noah Clowney","BKN",46,1042,0.5449866576819408,0.8655913978494624,4.627927927927928,25.40766283524904,1.6762452107279693,2.921455938697318,0.1639784946236559,0.5737704918032787,0.7,0.6857142857142857,0.18032786885245902,0.4789272030651341,2.203065134099617,0.12365591397849462,0.21739130434782608,0.2777777777777778,0.8,0.21739130434782608,0.04789272030651341,0.19157088122605365,0.010752688172043012,0.25,0.25,0,0,1.1494252873563218,3.3045977011494254,0.18548387096774194,0.34782608695652173,0.3582089552238806,1,0.028985507246376812,3.0172413793103448,9.195402298850574,0.5161290322580645,0.328125,0.33689839572192515,0.9365079365079365,0.026041666666666668,63,191,0.3298429319371728,1,0
"Jamison Battle","TOR",59,1042,0.5479091040462427,0.8645533141210374,6.773863636363637,24.987258687258688,1.0142923005993545,1.8902720147533425,0.11815561959654179,0.5365853658536586,0.6666666666666666,0.8636363636363636,0.1951219512195122,0.6915629322268326,1.6136468418626095,0.10086455331412104,0.42857142857142855,0.5,0.8,0.14285714285714285,0.3227293683725219,0.5532503457814661,0.0345821325648415,0.5833333333333334,0.5833333333333334,0.7142857142857143,0,2.028584601198709,4.979253112033195,0.3112391930835735,0.4074074074074074,0.411214953271028,0.9772727272727273,0.009259259259259259,2.812355924389119,6.961733517750115,0.43515850144092216,0.40397350993377484,0.40397350993377484,0.9672131147540983,0,61,151,0.40397350993377484,0,0
"Alex Caruso","OKC",54,1041,0.586372385620915,0.8885350318471338,3.8499999999999996,24.84852071005917,3.2302722658052607,5.029995385325335,0.3471337579617834,0.6422018348623854,0.7070707070707071,0.7142857142857143,0.09174311926605505,0.36917397323488693,1.2459621596677435,0.08598726114649681,0.2962962962962963,0.3333333333333333,0.375,0.1111111111111111,0.09229349330872173,0.36917397323488693,0.025477707006369428,0.25,0.25,1,0,1.1536686663590217,2.814951545916013,0.1942675159235669,0.4098360655737705,0.4166666666666667,0.92,0.01639344262295082,1.6151361329026304,5.029995385325335,0.3471337579617834,0.3211009174311927,0.3211009174311927,0.9428571428571428,0,35,109,0.3211009174311927,0,0
"Kris Murray","POR",69,1040,0.5896485663082438,0.8781362007168458,2.821383647798742,24.647499999999997,3.602771362586605,5.773672055427252,0.44802867383512546,0.624,0.6610169491525424,0.6282051282051282,0.056,0.5080831408775982,1.5242494226327945,0.11827956989247312,0.3333333333333333,0.55,0.2727272727272727,0.3939393939393939,0.046189376443418015,0.046189376443418015,0.0035842293906810036,1,1,1,0,0.7852193995381063,2.8175519630484986,0.21863799283154123,0.2786885245901639,0.2786885245901639,1,0,0.4618937644341801,2.725173210161663,0.2114695340501792,0.1694915254237288,0.1694915254237288,0.9,0,10,59,0.1694915254237288,0,0
"Dejounte Murray","NOP",31,1012,0.5189722672064777,0.5728744939271255,8.829062500000001,25.69425287356322,2.8625058657907085,5.114969497888316,0.22064777327935223,0.5596330275229358,0.6288659793814433,0.26229508196721313,0.11009174311926606,2.4401689347724074,6.335053965274519,0.2732793522267207,0.3851851851851852,0.40310077519379844,0.25,0.044444444444444446,1.360863444392304,3.5664007508212108,0.15384615384615385,0.3815789473684211,0.3918918918918919,0.27586206896551724,0.02631578947368421,0.4692632566870014,1.360863444392304,0.058704453441295545,0.3448275862068966,0.3448275862068966,0.9,0,1.970905678085406,6.8043172219615204,0.2935222672064777,0.2896551724137931,0.2896551724137931,0.5714285714285714,0,42,145,0.2896551724137931,0,0
"Jalen Suggs","ORL",35,1002,0.5225201476793249,0.6777546777546778,8.16234309623431,27.097520661157027,3.0677882236516574,4.156358238495794,0.17463617463617465,0.7380952380952381,0.7848101265822784,0.27419354838709675,0.05952380952380952,1.781296387926769,5.1954477981197424,0.2182952182952183,0.34285714285714286,0.37894736842105264,0.19444444444444445,0.09523809523809523,1.1380504700643246,2.4740227610094014,0.10395010395010396,0.46,0.46,0.13043478260869565,0,0.7916872835230084,1.781296387926769,0.07484407484407485,0.4444444444444444,0.4444444444444444,0.9375,0,2.9688273132112815,10.192973775358734,0.4282744282744283,0.2912621359223301,0.29411764705882354,0.7166666666666667,0.009708737864077669,60,202,0.297029702970297,4,0
"Kyle Anderson","MIA",61,1002,0.5031778716216216,0.49834983498349833,6.57725321888412,26.405714285714282,2.8023598820059,3.982300884955752,0.26732673267326734,0.7037037037037037,0.75,0.5614035087719298,0.06172839506172839,2.6548672566371683,6.440511307767945,0.43234323432343236,0.4122137404580153,0.453781512605042,0.48148148148148145,0.0916030534351145,0.2949852507374631,1.0324483775811208,0.06930693069306931,0.2857142857142857,0.2857142857142857,0,0,0.63913470993117,1.5732546705998034,0.10561056105610561,0.40625,0.40625,1,0,0.5899705014749262,1.8682399213372665,0.1254125412541254,0.3157894736842105,0.3157894736842105,0.9166666666666666,0,12,34,0.35294117647058826,4,0
"Brandon Boston","NOP",42,993,0.5372097112860892,0.6351706036745407,8.804149377593362,25.437857142857144,3.182496270512183,5.072103431128792,0.2677165354330709,0.6274509803921569,0.6808510638297872,0.609375,0.0784313725490196,0.8950770760815515,3.13276976628543,0.16535433070866143,0.2857142857142857,0.32727272727272727,0.5,0.12698412698412698,1.74042764793635,3.7792143212332174,0.1994750656167979,0.4605263157894737,0.5072463768115942,0.3142857142857143,0.09210526315789473,0.4972650422675286,1.5912481352560914,0.08398950131233596,0.3125,0.3125,0.9,0,1.9393336648433614,5.370462456489308,0.28346456692913385,0.3611111111111111,0.3644859813084112,0.8461538461538461,0.009259259259259259,39,108,0.3611111111111111,0,0
"Dalen Terry","CHI",73,987,0.5869598880597015,0.8246268656716418,3.4914634146341466,24.73365384615385,3.2090608777725342,5.521472392638037,0.43656716417910446,0.5811965811965812,0.6355140186915887,0.5441176470588235,0.08547008547008547,0.6606890042472865,1.9820670127418594,0.15671641791044777,0.3333333333333333,0.4,0.9285714285714286,0.16666666666666666,0.04719207173194903,0.23596035865974516,0.018656716417910446,0.2,0.2,0,0,0.8022652194431336,2.2180273714016043,0.17537313432835822,0.3617021276595745,0.3617021276595745,1,0,0.9438414346389806,2.6899480887210947,0.2126865671641791,0.3508771929824561,0.3508771929824561,1,0,20,57,0.3508771929824561,0,0
"Andre Jackson Jr.","MIL",67,980,0.6003372448979591,0.7817258883248731,4.398347107438017,24.73421052631579,2.5297619047619047,3.869047619047619,0.39593908629441626,0.6538461538461539,0.6891891891891891,0.6274509803921569,0.05128205128205128,0.49603174603174605,1.7857142857142858,0.18274111675126903,0.2777777777777778,0.30303030303030304,0.7,0.08333333333333333,0.1488095238095238,0.3472222222222222,0.03553299492385787,0.42857142857142855,0.42857142857142855,1,0,0.7936507936507936,2.132936507936508,0.2182741116751269,0.37209302325581395,0.37209302325581395,1,0,0.6944444444444444,1.6369047619047619,0.16751269035532995,0.42424242424242425,0.42424242424242425,0.9285714285714286,0,14,33,0.42424242424242425,0,0
"Zach Collins","CHI",64,976,0.5619305647840531,0.7582781456953642,4.062755102040816,25.389622641509437,4.292057227429699,6.068080907745436,0.40728476821192056,0.7073170731707317,0.7981651376146789,0.8045977011494253,0.11382113821138211,1.5786877158362111,3.305377405032067,0.22185430463576158,0.47761194029850745,0.5161290322580645,0.84375,0.07462686567164178,0.0986679822397632,0.2960039467192896,0.019867549668874173,0.3333333333333333,0.3333333333333333,1,0,0.3453379378391712,1.23334977799704,0.08278145695364239,0.28,0.28,1,0,1.23334977799704,3.9960532807104094,0.2682119205298013,0.30864197530864196,0.30864197530864196,1,0,25,81,0.30864197530864196,0,0
"Trayce Jackson-Davis","GSW",62,967,0.5600913333333334,0.7009966777408638,3.1590604026845637,24.566666666666666,7.103274559193955,10.478589420654911,0.6910299003322259,0.6778846153846154,0.7580645161290323,0.7943262411347518,0.10576923076923077,1.6120906801007557,4.433249370277078,0.292358803986711,0.36363636363636365,0.47761194029850745,0.84375,0.23863636363636365,0,0.10075566750629723,0.006644518272425249,0,0,0,0,0,0.10075566750629723,0.006644518272425249,0,0,0,0,0,0.05037783375314862,0.0033222591362126247,0,0,0,0,0,1,0,0,0
"Thomas Bryant","IND",66,963,0.5614219626168224,0.8504672897196262,3.7196531791907512,25.049324324324324,4.221105527638191,6.28140703517588,0.3894080996884735,0.672,0.75,0.6190476190476191,0.104,1.1557788944723617,1.9095477386934674,0.11838006230529595,0.6052631578947368,0.6764705882352942,0.8260869565217391,0.10526315789473684,0.4020100502512563,0.5025125628140703,0.03115264797507788,0.8,0.8,0.75,0,1.1055276381909547,2.663316582914573,0.16510903426791276,0.41509433962264153,0.41509433962264153,0.9545454545454546,0,1.306532663316583,4.773869346733668,0.29595015576323985,0.2736842105263158,0.2736842105263158,1,0,26,95,0.2736842105263158,0,0
"Jordan Clarkson","UTA",37,962,0.4946371663244353,0.5873983739837398,7.9816091954022985,26.365367965367962,1.6957605985037407,2.892768079800499,0.11788617886178862,0.5862068965517241,0.7083333333333334,0.23529411764705882,0.1724137931034483,3.5910224438902745,8.778054862842893,0.35772357723577236,0.4090909090909091,0.4645161290322581,0.2777777777777778,0.11931818181818182,0.5486284289276808,1.346633416458853,0.054878048780487805,0.4074074074074074,0.44,0.45454545454545453,0.07407407407407407,0.5985037406483791,1.2967581047381547,0.052845528455284556,0.46153846153846156,0.46153846153846156,1,0,3.5910224438902745,10.224438902743142,0.4166666666666667,0.35121951219512193,0.3582089552238806,0.6388888888888888,0.01951219512195122,72,200,0.36,5,0
"Jalen Smith","CHI",64,962,0.5790606879606879,0.8897058823529411,3.3118279569892475,25.60315315315315,4.7340165934602245,6.881405563689604,0.34558823529411764,0.6879432624113475,0.7578125,0.6804123711340206,0.09219858156028368,0.9272816007808687,1.7569546120058566,0.08823529411764706,0.5277777777777778,0.5428571428571428,0.7894736842105263,0.027777777777777776,0.09760858955588092,0.43923865300146414,0.022058823529411766,0.2222222222222222,0.2222222222222222,1,0,0.634455832113226,1.8545632015617375,0.09313725490196079,0.34210526315789475,0.34210526315789475,1,0,2.8794533918984873,8.979990239141044,0.45098039215686275,0.32065217391304346,0.32065217391304346,0.9830508474576272,0,58,182,0.31868131868131866,1,1
"Gary Payton II","GSW",62,927,0.5689854237288136,0.7878787878787878,3.342079207920792,24.56421052631579,5.92948717948718,7.4252136752136755,0.468013468013468,0.7985611510791367,0.8604651162790697,0.8108108108108109,0.07194244604316546,1.4957264957264957,3.3119658119658117,0.20875420875420875,0.45161290322580644,0.5384615384615384,0.8928571428571429,0.16129032258064516,0,0.053418803418803416,0.003367003367003367,0,0,0,0,1.1752136752136753,2.8846153846153846,0.18181818181818182,0.4074074074074074,0.4074074074074074,0.9545454545454546,0,0.4807692307692308,2.1901709401709404,0.13804713804713806,0.21951219512195122,0.21951219512195122,1,0,9,41,0.21951219512195122,0,0
"Brandon Miller","CHA",27,924,0.5235915637860082,0.7291242362525459,7.541414141414141,26.743344709897613,2.3529411764705883,3.4759358288770055,0.13238289205702647,0.676923076923077,0.7719298245614035,0.5227272727272727,0.12307692307692308,2.1390374331550803,5.401069518716578,0.20570264765784113,0.39603960396039606,0.4444444444444444,0.475,0.10891089108910891,0.5347593582887701,1.7112299465240641,0.06517311608961303,0.3125,0.3225806451612903,0.6,0.03125,0.42780748663101603,1.3903743315508021,0.05295315682281059,0.3076923076923077,0.3076923076923077,1,0,5.133689839572193,14.27807486631016,0.5437881873727087,0.3595505617977528,0.3609022556390977,0.7916666666666666,0.003745318352059925,96,262,0.366412213740458,5,0
"Bruce Brown","NOP",41,921,0.5428396103896104,0.5825242718446602,6.244298245614035,24.790123456790123,3.236074270557029,5.251989389920424,0.32038834951456313,0.6161616161616161,0.6703296703296703,0.6885245901639344,0.08080808080808081,2.0689655172413794,6.047745358090186,0.36893203883495146,0.34210526315789475,0.38613861386138615,0.5641025641025641,0.11403508771929824,0.15915119363395225,0.7957559681697612,0.04854368932038835,0.2,0.2,1,0,0.9018567639257294,2.2281167108753315,0.13592233009708737,0.40476190476190477,0.4146341463414634,1,0.023809523809523808,0.5305039787798409,2.0689655172413794,0.1262135922330097,0.2564102564102564,0.2564102564102564,0.9,0,10,38,0.2631578947368421,1,0
"Immanuel Quickley","TOR",33,918,0.5158825688073395,0.6552511415525114,7.752582159624413,26.389777777777777,1.9179541822056474,3.303143313798615,0.1415525114155251,0.5806451612903226,0.7058823529411765,0.3888888888888889,0.1774193548387097,2.717101758124667,6.659563132658498,0.2853881278538813,0.408,0.45535714285714285,0.39215686274509803,0.104,0.6393180607352158,1.3851891315929674,0.0593607305936073,0.46153846153846156,0.46153846153846156,0.3333333333333333,0,0.5327650506126798,1.3319126265316996,0.05707762557077625,0.4,0.4,0.9,0,3.9957378795950986,10.655301012253597,0.45662100456621,0.375,0.3768844221105528,0.72,0.005,75,198,0.3787878787878788,2,0
"Trendon Watford","BKN",43,913,0.5281962643678161,0.6257142857142857,4.911450381679389,25.74204545454546,4.359823399558499,7.229580573951435,0.3742857142857143,0.6030534351145038,0.6929824561403509,0.46835443037974683,0.1297709923664122,3.035320088300221,7.008830022075055,0.3628571428571429,0.4330708661417323,0.49107142857142855,0.21818181818181817,0.11811023622047244,0.05518763796909492,0.22075055187637968,0.011428571428571429,0.25,0.3333333333333333,0,0.25,0.38631346578366443,1.3245033112582782,0.06857142857142857,0.2916666666666667,0.3181818181818182,1,0.08333333333333333,1.2141280353200883,3.532008830022075,0.18285714285714286,0.34375,0.3492063492063492,0.9545454545454546,0.015625,22,63,0.3492063492063492,1,0
"KJ Martin","UTA",43,912,0.5911081632653061,0.8059701492537313,3.0174825174825175,23.803508771929828,3.85645420460632,5.570433851098018,0.5174129353233831,0.6923076923076923,0.8089887640449438,0.8472222222222222,0.14423076923076922,1.2319228709159078,2.035350830208891,0.1890547263681592,0.6052631578947368,0.6764705882352942,0.8260869565217391,0.10526315789473684,0.05356186395286556,0.05356186395286556,0.004975124378109453,1,1,1,0,0.7498660953401178,2.2495982860203534,0.208955223880597,0.3333333333333333,0.34146341463414637,1,0.023809523809523808,0.05356186395286556,0.8569898232458489,0.07960199004975124,0.0625,0.0625,1,0,1,16,0.0625,0,0
"Day'Ron Sharpe","BKN",50,909,0.5602990536277602,0.7350157728706624,3.5761029411764707,24.955555555555556,6.465997770345597,10.479375696767,0.5930599369085173,0.6170212765957447,0.6946107784431138,0.5258620689655172,0.11170212765957446,1.7279821627647716,4.069119286510591,0.2302839116719243,0.4246575342465753,0.45588235294117646,0.8387096774193549,0.0684931506849315,0.39018952062430323,0.6131549609810479,0.03470031545741325,0.6363636363636364,0.7,0.7142857142857143,0.09090909090909091,0.2787068004459309,0.7246376811594203,0.04100946372239748,0.38461538461538464,0.38461538461538464,1,0,0.33444816053511706,1.7837235228539576,0.10094637223974763,0.1875,0.1875,1,0,6,32,0.1875,0,0
"Jaden Hardy","DAL",57,907,0.5233846534653465,0.6642512077294686,7.845622119815668,25.366497461928933,2.314571278274592,4.103103629668595,0.18840579710144928,0.5641025641025641,0.6567164179104478,0.45454545454545453,0.14102564102564102,2.524986849026828,5.31299316149395,0.24396135265700483,0.4752475247524752,0.5333333333333333,0.3125,0.10891089108910891,0.631246712256707,1.9989479221462387,0.09178743961352658,0.3157894736842105,0.3157894736842105,0.08333333333333333,0,0.9994739610731194,2.577590741714887,0.11835748792270531,0.3877551020408163,0.3877551020408163,1,0,2.998421883219358,7.78537611783272,0.357487922705314,0.38513513513513514,0.3904109589041096,0.7719298245614035,0.013513513513513514,57,147,0.3877551020408163,1,0
"Tre Jones","CHI",46,905,0.553301687763713,0.6470588235294118,4.734736842105263,24.59166666666667,3.793466807165437,5.584826132771338,0.44537815126050423,0.6792452830188679,0.7659574468085106,0.5,0.11320754716981132,1.791359325605901,4.056902002107481,0.3235294117647059,0.44155844155844154,0.4722222222222222,0.5294117647058824,0.06493506493506493,0.15806111696522657,0.36880927291886195,0.029411764705882353,0.42857142857142855,0.42857142857142855,0.6666666666666666,0,0.5795574288724974,1.2644889357218125,0.10084033613445378,0.4583333333333333,0.4583333333333333,1,0,0.4214963119072708,1.2644889357218125,0.10084033613445378,0.3333333333333333,0.34782608695652173,1,0.041666666666666664,7,22,0.3181818181818182,1,1
"Adem Bona","PHI",58,902,0.6399205729166667,0.8541666666666666,2.167539267015707,24.6,6.453362255965293,8.839479392624728,0.8489583333333334,0.7300613496932515,0.7777777777777778,0.680672268907563,0.06134969325153374,0.8676789587852495,1.5184381778741864,0.14583333333333334,0.5714285714285714,0.64,0.8125,0.10714285714285714,0,0,0,0,0,0,0,0,0.05422993492407809,0.005208333333333333,0,0,0,0,0,0,0,0,0,0,0,0,0,0,0,0
"Jaden Ivey","DET",30,898,0.5323944852941176,0.6828087167070218,6.076447876447876,26.551948051948052,4.237754540451293,7.044578976334617,0.3099273607748184,0.6015625,0.6416666666666667,0.44155844155844154,0.0625,2.2564667033571824,5.778756191524491,0.2542372881355932,0.3904761904761905,0.44565217391304346,0.3902439024390244,0.12380952380952381,0.4953219592735278,1.4309301045679692,0.06295399515738499,0.34615384615384615,0.34615384615384615,0.4444444444444444,0,0.6604292790313704,1.8161805173362686,0.07990314769975787,0.36363636363636365,0.375,0.9166666666666666,0.030303030303030304,2.8068244358833243,6.659328563566318,0.2929782082324455,0.4214876033057851,0.4322033898305085,0.7058823529411765,0.024793388429752067,51,118,0.4322033898305085,3,0
"Kelly Olynyk","NOP",44,891,0.5533839552238805,0.6977611940298507,5.451322751322751,25.837974683544303,3.7787513691128147,5.9145673603504925,0.40298507462686567,0.6388888888888888,0.7040816326530612,0.5652173913043478,0.09259259259259259,1.3143483023001095,3.176341730558598,0.21641791044776118,0.41379310344827586,0.43636363636363634,0.5416666666666666,0.05172413793103448,0.43811610076670315,1.2595837897042717,0.08582089552238806,0.34782608695652173,0.34782608695652173,0.625,0,0.32858707557502737,0.547645125958379,0.03731343283582089,0.6,0.6,0.8333333333333334,0,1.4786418400876231,3.7787513691128147,0.2574626865671642,0.391304347826087,0.391304347826087,0.8148148148148148,0,27,69,0.391304347826087,0,0
"Chet Holmgren","OKC",32,877,0.5584849693251533,0.6941176470588235,5.513839285714285,25.926724137931036,4.682454251883746,6.458557588805167,0.35294117647058826,0.725,0.7981651376146789,0.6091954022988506,0.09166666666666666,1.5069967707212055,4.467168998923574,0.24411764705882352,0.3373493975903614,0.4375,0.6428571428571429,0.2289156626506024,0.3767491926803014,1.1302475780409043,0.061764705882352944,0.3333333333333333,0.3684210526315789,1,0.09523809523809523,0.48439181916038754,1.0764262648008611,0.058823529411764705,0.45,0.5,1,0.1,1.883745963401507,5.166846071044134,0.2823529411764706,0.3645833333333333,0.3684210526315789,1,0.010416666666666666,35,95,0.3684210526315789,1,0
"Alec Burks","MIA",49,863,0.5482074427480915,0.8339483394833949,8.2765625,24.65219512195122,0.46565774155995343,1.1059371362048893,0.07011070110701106,0.42105263157894735,0.47058823529411764,0.5,0.10526315789473684,0.8149010477299186,1.8626309662398137,0.11808118081180811,0.4375,0.4827586206896552,0.6428571428571429,0.09375,0.2910360884749709,0.7566938300349243,0.04797047970479705,0.38461538461538464,0.38461538461538464,0.4,0,2.3282887077997674,5.820721769499418,0.36900369003690037,0.4,0.41237113402061853,0.975,0.03,2.7939464493597206,6.228172293364377,0.3948339483394834,0.4485981308411215,0.4528301886792453,0.9375,0.009345794392523364,48,106,0.4528301886792453,1,0
"Neemias Queta","BOS",62,863,0.585309900990099,0.729064039408867,3.1375,36.199999999999996,6.171360095865788,8.687837028160574,0.7142857142857143,0.7103448275862069,0.7410071942446043,0.7572815533980582,0.041379310344827586,1.6776512881965249,3.2354703415218693,0.2660098522167488,0.5185185185185185,0.5957446808510638,0.9285714285714286,0.12962962962962962,0.05991611743559017,0.05991611743559017,0.0049261083743842365,1,1,1,0,0,0.05991611743559017,0.0049261083743842365,0,0,0,0,0,0.11983223487118035,0.009852216748768473,0,0,0,0,0,1,0,1,0
"Chris Boucher","TOR",50,862,0.5762832432432432,0.8432432432432433,4.050282485875706,24.866321243523316,4.953917050691245,6.854838709677419,0.3216216216216216,0.7226890756302521,0.8269230769230769,0.6162790697674418,0.12605042016806722,1.0368663594470047,2.304147465437788,0.10810810810810811,0.45,0.4864864864864865,0.7777777777777778,0.075,0.4608294930875576,1.0368663594470047,0.04864864864864865,0.4444444444444444,0.4444444444444444,0.625,0,1.9585253456221199,5.011520737327189,0.23513513513513515,0.39080459770114945,0.39080459770114945,1,0,2.0737327188940093,6.105990783410138,0.2864864864864865,0.33962264150943394,0.34285714285714286,0.9722222222222222,0.009433962264150943,36,106,0.33962264150943394,0,0
"Zion Williamson","NOP",30,857,0.5455144268774704,0.5807086614173228,4.132323232323232,28.73076923076923,10.072747621712367,15.780637940682709,0.5551181102362205,0.6382978723404256,0.7114624505928854,0.45,0.10283687943262411,5.8198097369893675,11.639619473978735,0.4094488188976378,0.5,0.5909090909090909,0.47115384615384615,0.15384615384615385,0.05595970900951315,0.27979854504756574,0.00984251968503937,0.2,0.2,1,0,0,0.05595970900951315,0.001968503937007874,0,0,0,0,0.16787912702853947,0.6715165081141579,0.023622047244094488,0.25,0.25,0.6666666666666666,0,3,11,0.2727272727272727,1,0
"Khris Middleton","WAS",37,843,0.4923522388059701,0.4896142433234421,11.170098039215686,26.2406015037594,1.1129660545353366,1.7807456872565386,0.09495548961424333,0.625,0.7142857142857143,0.6,0.125,2.8380634390651087,5.286588759042849,0.2818991097922849,0.5368421052631579,0.5604395604395604,0.35294117647058826,0.042105263157894736,2.28158041179744,4.2849193099610465,0.228486646884273,0.5324675324675324,0.5466666666666666,0.36585365853658536,0.025974025974025976,0.38953811908736785,1.2242626599888704,0.06528189910979229,0.3181818181818182,0.3333333333333333,0.8571428571428571,0.045454545454545456,2.28158041179744,6.176961602671119,0.3293768545994065,0.36936936936936937,0.3761467889908257,0.7317073170731707,0.018018018018018018,41,110,0.37272727272727274,1,0
"KJ Simpson","CHA",36,842,0.5175554421768708,0.6411960132890365,6.804093567251462,25.797692307692305,2.303603071470762,3.7212049616066154,0.20930232558139536,0.6190476190476191,0.6964285714285714,0.3333333333333333,0.1111111111111111,1.772002362669817,5.493207324276432,0.3089700996677741,0.3225806451612903,0.35294117647058826,0.3,0.08602150537634409,0.11813349084465447,0.8860011813349085,0.04983388704318937,0.13333333333333333,0.13333333333333333,0.5,0,0.29533372711163614,1.1222681630242173,0.06312292358803986,0.2631578947368421,0.29411764705882354,1,0.10526315789473684,1.6538688718251624,6.556408741878323,0.3687707641196013,0.25225225225225223,0.2545454545454545,0.6071428571428571,0.009009009009009009,28,111,0.25225225225225223,0,0
"Shake Milton","LAL",57,836,0.5202237154150198,0.6299212598425197,6.721621621621622,25.519811320754716,1.9701492537313432,3.2238805970149254,0.2125984251968504,0.6111111111111112,0.673469387755102,0.36363636363636365,0.09259259259259259,2.328358208955224,5.074626865671642,0.3346456692913386,0.4588235294117647,0.5131578947368421,0.41025641025641024,0.10588235294117647,0.29850746268656714,0.5373134328358209,0.03543307086614173,0.5555555555555556,0.5555555555555556,0,0,0.7164179104477612,2.1492537313432836,0.14173228346456693,0.3333333333333333,0.36363636363636365,1,0.08333333333333333,1.5522388059701493,4.17910447761194,0.2755905511811024,0.37142857142857144,0.38235294117647056,1,0.02857142857142857,26,69,0.37681159420289856,1,0
"Dereck Lively II","DAL",36,833,0.5965869109947644,0.6858638743455497,3.1371727748691103,0,5.9411764705882355,7.705882352941177,0.6858638743455497,0.7709923664122137,0.8632478632478633,0.7821782178217822,0.10687022900763359,1.9411764705882353,3.5294117647058822,0.31413612565445026,0.55,0.6470588235294118,0.8181818181818182,0.15,0,0,0,0,0,0,0,0,0,0,0,0,0,0,0,0,0,0,0,0,0,0,0,0,0,0
"Garrison Mathews","ATL",47,830,0.552473031496063,0.8949416342412452,7.792307692307692,24.972018348623852,0.3382187147688839,0.6764374295377678,0.04669260700389105,0.5,0.6,0.6666666666666666,0.16666666666666666,0.5073280721533259,1.1273957158962795,0.07782101167315175,0.45,0.47368421052631576,0.8888888888888888,0.05,0.11273957158962795,0.3945885005636979,0.027237354085603113,0.2857142857142857,0.2857142857142857,1,0,2.254791431792559,3.8895152198421648,0.26848249027237353,0.5797101449275363,0.5797101449275363,1,0,2.5366403607666292,8.399098083427283,0.5797665369649806,0.30201342281879195,0.30405405405405406,0.9555555555555556,0.006711409395973154,45,149,0.30201342281879195,0,0
"Cam Whitmore","HOU",51,827,0.552559429280397,0.7543424317617866,5.62,25.77103825136612,4.534746760895171,7.12603062426384,0.3002481389578164,0.6363636363636364,0.7333333333333333,0.5714285714285714,0.1322314049586777,1.4134275618374559,4.240282685512367,0.17866004962779156,0.3333333333333333,0.39344262295081966,0.25,0.1527777777777778,0.7656065959952886,1.5901060070671378,0.06699751861042183,0.48148148148148145,0.48148148148148145,0.38461538461538464,0,1.0011778563015312,2.4734982332155475,0.10421836228287841,0.40476190476190477,0.4146341463414634,1,0.023809523809523808,2.8268551236749118,8.303886925795053,0.34987593052109184,0.3404255319148936,0.34532374100719426,0.7083333333333334,0.014184397163120567,48,141,0.3404255319148936,0,0
"Ryan Rollins","MIL",56,820,0.5516003703703704,0.7047970479704797,6.311920529801324,25.140833333333333,2.7712264150943398,4.186320754716981,0.26199261992619927,0.6619718309859155,0.7833333333333333,0.40425531914893614,0.15492957746478872,1.650943396226415,3.419811320754717,0.2140221402214022,0.4827586206896552,0.5714285714285714,0.2857142857142857,0.15517241379310345,0.4716981132075472,1.2971698113207548,0.08118081180811808,0.36363636363636365,0.38095238095238093,0.25,0.045454545454545456,1.474056603773585,3.0660377358490565,0.1918819188191882,0.4807692307692308,0.4807692307692308,1,0,1.4150943396226414,4.009433962264151,0.25092250922509224,0.35294117647058826,0.35294117647058826,0.8333333333333334,0,24,67,0.3582089552238806,1,0
"Marcus Sasser","DET",57,811,0.5152874558303887,0.668918918918919,8.629861111111111,25.98543046357616,1.9173157579388855,2.756141402037148,0.1554054054054054,0.6956521739130435,0.8421052631578947,0.46875,0.17391304347826086,2.097064110245656,4.0742959856201315,0.22972972972972974,0.5147058823529411,0.5737704918032787,0.2857142857142857,0.10294117647058823,0.7189934092270821,1.7974835230677053,0.10135135135135136,0.4,0.4,0.6666666666666666,0,0.4793289394847214,1.3181545835829838,0.07432432432432433,0.36363636363636365,0.36363636363636365,0.875,0,2.995805871779509,7.789095266626723,0.4391891891891892,0.38461538461538464,0.3875968992248062,0.54,0.007692307692307693,50,129,0.3875968992248062,1,0
"Steven Adams","HOU",57,795,0.5761742331288343,0.6746987951807228,3.1786585365853655,80.6,4.171855541718555,6.8493150684931505,0.6626506024096386,0.6090909090909091,0.6504854368932039,0.373134328358209,0.06363636363636363,1.432129514321295,3.3623910336239105,0.3253012048192771,0.42592592592592593,0.45098039215686275,0.6956521739130435,0.05555555555555555,0,0,0,0,0,0,0,0,0,0,0,0,0,0,0,0.12453300124533001,0.012048192771084338,0,0,0,0,0,1,0,1,0
"Aaron Holiday","HOU",62,792,0.5190232824427481,0.753731343283582,9.019540229885058,26.406077348066297,0.9129640900791236,1.278149726110773,0.07835820895522388,0.7142857142857143,0.7142857142857143,0.3333333333333333,0,1.2172854534388313,2.8606208155812536,0.17537313432835822,0.425531914893617,0.5263157894736842,0.3,0.19148936170212766,0.6086427267194157,1.1564211807668898,0.0708955223880597,0.5263157894736842,0.5555555555555556,0.6,0.05263157894736842,0.9738283627510651,2.130249543517955,0.13059701492537312,0.45714285714285713,0.45714285714285713,1,0,3.408399269628728,8.88618381010347,0.5447761194029851,0.3835616438356164,0.38620689655172413,0.7678571428571429,0.00684931506849315,56,144,0.3888888888888889,2,0
"Karlo Matković","NOP",42,791,0.5733882978723405,0.7574468085106383,3.5840236686390536,24.62272727272727,5.1892551892551895,6.837606837606837,0.4765957446808511,0.7589285714285714,0.8018867924528302,0.6705882352941176,0.05357142857142857,1.7704517704517704,3.357753357753358,0.23404255319148937,0.5272727272727272,0.5686274509803921,0.896551724137931,0.07272727272727272,0,0.1221001221001221,0.00851063829787234,0,0,0,0,0.7936507936507936,2.197802197802198,0.15319148936170213,0.3611111111111111,0.37142857142857144,1,0.027777777777777776,0.4884004884004884,1.8315018315018314,0.1276595744680851,0.26666666666666666,0.26666666666666666,1,0,8,30,0.26666666666666666,0,0
"Caleb Houstan","ORL",58,788,0.5315122950819672,0.9,8.06,25.0746835443038,0.3875968992248062,0.710594315245478,0.05789473684210526,0.5454545454545454,0.6666666666666666,0.8333333333333334,0.18181818181818182,0.45219638242894056,0.7751937984496124,0.06315789473684211,0.5833333333333334,0.6363636363636364,1,0.08333333333333333,0.1937984496124031,0.45219638242894056,0.03684210526315789,0.42857142857142855,0.5,1,0.14285714285714285,1.0335917312661498,3.4237726098191215,0.2789473684210526,0.3018867924528302,0.3018867924528302,1,0,3.10077519379845,6.912144702842378,0.5631578947368421,0.4485981308411215,0.45714285714285713,0.9791666666666666,0.018691588785046728,48,107,0.4485981308411215,0,0
"Vasilije Micić","PHX",41,785,0.518217032967033,0.6483516483516484,9.12972972972973,26.2592,1.6709511568123394,3.341902313624679,0.19047619047619047,0.5,0.6842105263157895,0.34615384615384615,0.2692307692307692,0.7069408740359897,3.1491002570694087,0.1794871794871795,0.22448979591836735,0.2619047619047619,0.09090909090909091,0.14285714285714285,0.8354755784061697,3.020565552699229,0.17216117216117216,0.2765957446808511,0.2826086956521739,0.5384615384615384,0.02127659574468085,0.06426735218508997,0.2570694087403599,0.014652014652014652,0.25,0.25,1,0,2.827763496143959,7.776349614395887,0.4432234432234432,0.36363636363636365,0.36666666666666664,0.5227272727272727,0.008264462809917356,44,121,0.36363636363636365,0,0
"Jaylin Williams","OKC",47,784,0.5537301401869159,0.8687782805429864,5.689705882352941,25.883660130718955,1.5262515262515262,2.380952380952381,0.17647058823529413,0.6410256410256411,0.7142857142857143,0.56,0.10256410256410256,0.5494505494505495,1.343101343101343,0.09954751131221719,0.4090909090909091,0.42857142857142855,0.8888888888888888,0.045454545454545456,0.1221001221001221,0.42735042735042733,0.03167420814479638,0.2857142857142857,0.2857142857142857,0.5,0,0.8547008547008547,1.404151404151404,0.10407239819004525,0.6086956521739131,0.6086956521739131,1,0,2.8693528693528694,7.936507936507937,0.5882352941176471,0.36153846153846153,0.36153846153846153,0.9574468085106383,0,47,129,0.3643410852713178,1,0
"Pelle Larsson","MIA",55,782,0.5916057788944724,0.8522167487684729,3.109259259259259,24.853684210526314,3.0361757105943155,5.038759689922481,0.3842364532019704,0.6025641025641025,0.6714285714285714,0.8297872340425532,0.10256410256410256,0.6459948320413437,1.8087855297157622,0.13793103448275862,0.35714285714285715,0.4,0.6,0.10714285714285714,0,0.12919896640826872,0.009852216748768473,0,0,0,0,0.7751937984496124,2.0671834625322996,0.15763546798029557,0.375,0.375,1,0,1.2919896640826873,4.069767441860465,0.3103448275862069,0.31746031746031744,0.31746031746031744,0.95,0,20,63,0.31746031746031744,0,0
"Cam Thomas","BKN",25,781,0.505723068432671,0.6035242290748899,8.964092664092663,26.067692307692308,2.9947916666666665,5.143229166666667,0.17400881057268722,0.5822784810126582,0.7076923076923077,0.4782608695652174,0.17721518987341772,3.515625,7.682291666666667,0.2599118942731278,0.4576271186440678,0.4954128440366973,0.46296296296296297,0.07627118644067797,2.0182291666666665,4.036458333333333,0.13656387665198239,0.5,0.5166666666666667,0.4838709677419355,0.03225806451612903,0.390625,1.5625,0.05286343612334802,0.25,0.25,0.8333333333333334,0,4.036458333333333,11.1328125,0.3766519823788546,0.36257309941520466,0.36904761904761907,0.5161290322580645,0.017543859649122806,62,170,0.36470588235294116,1,0
"Lindy Waters III","DET",52,777,0.535298987854251,0.8313253012048193,8.482539682539683,25.462903225806453,0.7662835249042146,1.3409961685823755,0.08433734939759036,0.5714285714285714,0.631578947368421,0.75,0.09523809523809523,0.6385696040868455,1.7879948914431674,0.11244979919678715,0.35714285714285715,0.45454545454545453,0.6,0.21428571428571427,0.3831417624521073,0.8939974457215837,0.05622489959839357,0.42857142857142855,0.46153846153846156,0.8333333333333334,0.07142857142857142,1.2132822477650065,3.7037037037037037,0.23293172690763053,0.3275862068965517,0.3275862068965517,0.9473684210526315,0,2.8735632183908044,8.173690932311622,0.5140562248995983,0.3515625,0.3543307086614173,0.9333333333333333,0.0078125,45,128,0.3515625,0,0
"Lonzo Ball","CHI",35,777,0.5515502109704641,0.8847736625514403,7.95625,26.652820512820515,0.6618531889290012,1.203369434416366,0.0823045267489712,0.55,0.6111111111111112,0.5454545454545454,0.1,0.42117930204572807,1.022864019253911,0.06995884773662552,0.4117647058823529,0.4117647058823529,0.42857142857142855,0,0.24067388688327315,0.6618531889290012,0.04526748971193416,0.36363636363636365,0.36363636363636365,0.75,0,1.022864019253911,2.647412755716005,0.18106995884773663,0.38636363636363635,0.3953488372093023,1,0.022727272727272728,3.0084235860409145,9.085439229843562,0.6213991769547325,0.33112582781456956,0.3333333333333333,0.84,0.006622516556291391,50,147,0.3401360544217687,4,0
"Orlando Robinson","TOR",44,770,0.5390034615384615,0.5938697318007663,4.947368421052632,25.951923076923077,3.7546933667083855,6.4455569461827285,0.3946360153256705,0.5825242718446602,0.6818181818181818,0.5666666666666667,0.14563106796116504,2.3153942428035044,6.320400500625782,0.38697318007662834,0.36633663366336633,0.4065934065934066,0.7837837837837838,0.09900990099009901,0.1251564455569462,0.31289111389236546,0.019157088122605363,0.4,0.4,1,0,0.1251564455569462,0.4380475594493116,0.02681992337164751,0.2857142857142857,0.2857142857142857,1,0,0.9386733416770964,2.816020025031289,0.1724137931034483,0.3333333333333333,0.3409090909090909,1,0.022222222222222223,15,45,0.3333333333333333,0,0
"Eric Gordon","PHI",39,768,0.5395727722772278,0.8578431372549019,4.714925373134328,27.26861313868613,1.3504823151125402,2.4437299035369775,0.18627450980392157,0.5526315789473685,0.7,0.6666666666666666,0.21052631578947367,0.5144694533762058,1.607717041800643,0.12254901960784313,0.32,0.42105263157894735,0.75,0.24,0.12861736334405144,0.2572347266881029,0.0196078431372549,0.5,0.5,1,0,0.6430868167202572,1.2218649517684887,0.09313725490196079,0.5263157894736842,0.5263157894736842,1,0,2.9581993569131835,7.588424437299035,0.5784313725490197,0.3898305084745763,0.3898305084745763,0.9347826086956522,0,46,116,0.39655172413793105,2,0
"Gui Santos","GSW",56,762,0.5470331360946745,0.8603351955307262,3.931578947368421,25.484313725490196,2.529182879377432,3.307392996108949,0.2849162011173184,0.7647058823529411,0.7959183673469388,0.8205128205128205,0.0392156862745098,0.45395590142671854,1.4915693904020753,0.12849162011173185,0.30434782608695654,0.35,0.7142857142857143,0.13043478260869565,0.1297016861219196,0.1297016861219196,0.0111731843575419,1,1,0.5,0,0.9727626459143969,2.3346303501945527,0.2011173184357542,0.4166666666666667,0.4411764705882353,0.9333333333333333,0.05555555555555555,1.2321660181582361,4.345006485084306,0.3743016759776536,0.2835820895522388,0.2923076923076923,1,0.029850746268656716,19,66,0.2878787878787879,1,0
"Landry Shamet","NYK",50,762,0.5448981981981982,0.8304347826086956,7.205405405405406,25.016666666666666,1.5645371577574967,2.2816166883963493,0.15217391304347827,0.6857142857142857,0.8275862068965517,0.875,0.17142857142857143,1.0430247718383312,1.8904823989569752,0.12608695652173912,0.5517241379310345,0.64,0.6875,0.13793103448275862,0.2607561929595828,0.651890482398957,0.043478260869565216,0.4,0.4,1,0,1.8904823989569752,4.106910039113429,0.27391304347826084,0.4603174603174603,0.47540983606557374,1,0.031746031746031744,2.151238591916558,6.0625814863103,0.4043478260869565,0.3548387096774194,0.3548387096774194,0.8484848484848485,0,33,92,0.358695652173913,1,0
"Svi Mykhailiuk","UTA",38,760,0.5310013422818792,0.7913907284768212,7.089898989898989,25.786206896551725,1.2690355329949239,2.284263959390863,0.11920529801324503,0.5555555555555556,0.7142857142857143,0.6,0.2222222222222222,1.5228426395939085,3.299492385786802,0.17218543046357615,0.46153846153846156,0.5454545454545454,0.20833333333333334,0.15384615384615385,0.25380710659898476,0.6979695431472082,0.03642384105960265,0.36363636363636365,0.36363636363636365,0.25,0,1.1421319796954315,3.236040609137056,0.16887417218543047,0.35294117647058826,0.35294117647058826,0.8888888888888888,0,3.299492385786802,9.644670050761421,0.5033112582781457,0.34210526315789475,0.34210526315789475,0.75,0,52,150,0.3466666666666667,2,0
"Andre Drummond","PHI",40,751,0.5859314655172414,0.7307692307692307,3.171495327102804,28.605,5.973154362416107,10.134228187919463,0.6452991452991453,0.5894039735099338,0.664179104477612,0.5842696629213483,0.11258278145695365,1.610738255033557,4.093959731543624,0.2606837606837607,0.39344262295081966,0.4897959183673469,0.8333333333333334,0.19672131147540983,0.06711409395973154,0.1342281879194631,0.008547008547008548,0.5,0.5,1,0,0.1342281879194631,0.5369127516778524,0.03418803418803419,0.25,0.25,0.5,0,0.06711409395973154,0.8053691275167785,0.05128205128205128,0.08333333333333333,0.08333333333333333,1,0,1,10,0.1,2,0
"Jabari Walker","POR",60,749,0.5767458333333334,0.8296943231441049,3.3095541401273887,24.904166666666665,4.990524320909665,7.454200884396715,0.5152838427947598,0.6694915254237288,0.7669902912621359,0.6075949367088608,0.1271186440677966,0.6317119393556538,2.147820593809223,0.14847161572052403,0.29411764705882354,0.45454545454545453,0.8,0.35294117647058826,0.06317119393556538,0.3158559696778269,0.021834061135371178,0.2,0.2,0,0,1.0739102969046115,2.2109917877447884,0.15283842794759825,0.4857142857142857,0.5,1,0.02857142857142857,0.6948831332912192,2.337334175615919,0.1615720524017467,0.2972972972972973,0.3235294117647059,1,0.08108108108108109,11,36,0.3055555555555556,1,0
"Jay Huff","MEM",64,748,0.5832667808219177,0.9114754098360656,3.741904761904762,25.346,3.948180135718692,4.811844540407156,0.25573770491803277,0.8205128205128205,0.8767123287671232,0.84375,0.0641025641025641,0.7402837754472548,1.2338062924120914,0.06557377049180328,0.6,0.7058823529411765,0.8333333333333334,0.15,0,0.431832202344232,0.022950819672131147,0,0,0,0,1.1721159777914867,3.0845157310302285,0.16393442622950818,0.38,0.38,1,0,3.824799506477483,9.253547193090684,0.4918032786885246,0.41333333333333333,0.41333333333333333,0.9838709677419355,0,62,150,0.41333333333333333,0,0
"Drew Eubanks","LAC",61,746,0.5217121134020619,0.520618556701031,4.513297872340425,23.883333333333336,4.392764857881137,6.136950904392765,0.4896907216494845,0.7157894736842105,0.8,0.8088235294117647,0.10526315789473684,2.842377260981912,6.007751937984496,0.4793814432989691,0.4731182795698925,0.5714285714285714,0.75,0.17204301075268819,0,0,0,0,0,0,0,0.1937984496124031,0.32299741602067183,0.02577319587628866,0.6,0.6,0.6666666666666666,0,0,0.06459948320413436,0.005154639175257732,0,0,0,0,0,1,0,0,0
"Talen Horton-Tucker","CHI",58,724,0.5926596219931272,0.8591065292096219,3.2402366863905327,25.65655737704918,4.703608247422681,8.24742268041237,0.43986254295532645,0.5703125,0.6293103448275862,0.3561643835616438,0.09375,1.2242268041237114,2.5128865979381443,0.13402061855670103,0.48717948717948717,0.5588235294117647,0.3157894736842105,0.1282051282051282,0,0.12886597938144329,0.006872852233676976,0,0,0,0,0.7087628865979382,1.7396907216494846,0.09278350515463918,0.4074074074074074,0.4074074074074074,0.9090909090909091,0,1.9329896907216495,6.121134020618556,0.32646048109965636,0.3157894736842105,0.3157894736842105,0.8666666666666667,0,30,95,0.3157894736842105,0,0
"Gary Harris","ORL",48,711,0.5461755813953488,0.8571428571428571,7.028125,24.955445544554454,0.5594405594405595,0.9090909090909091,0.09774436090225563,0.6153846153846154,0.7272727272727273,0.625,0.15384615384615385,0.34965034965034963,1.048951048951049,0.11278195488721804,0.3333333333333333,0.45454545454545453,0.6,0.26666666666666666,0.13986013986013987,0.27972027972027974,0.03007518796992481,0.5,0.5,0.5,0,1.118881118881119,3.006993006993007,0.3233082706766917,0.37209302325581395,0.37209302325581395,0.9375,0,1.3986013986013985,4.055944055944056,0.43609022556390975,0.3448275862068966,0.3508771929824561,1,0.017241379310344827,20,58,0.3448275862068966,0,0
"Micah Potter","UTA",38,705,0.5626744444444445,0.9111111111111111,3.6405405405405404,24.541836734693877,1.3013698630136987,1.7123287671232876,0.18518518518518517,0.76,0.7916666666666666,0.5789473684210527,0.04,0.410958904109589,0.7534246575342466,0.08148148148148149,0.5454545454545454,0.75,0.8333333333333334,0.2727272727272727,0.0684931506849315,0.0684931506849315,0.007407407407407408,1,1,1,0,1.3013698630136987,3.9726027397260273,0.42962962962962964,0.3275862068965517,0.3333333333333333,1,0.017241379310344827,0.821917808219178,2.73972602739726,0.2962962962962963,0.3,0.3,1,0,12,40,0.3,0,0
"Jett Howard","ORL",60,701,0.526569111969112,0.8320610687022901,8.069736842105263,25.97043010752688,1.619718309859155,2.2535211267605635,0.12213740458015267,0.71875,0.7419354838709677,0.5217391304347826,0.03125,0.704225352112676,1.619718309859155,0.08778625954198473,0.43478260869565216,0.5263157894736842,0.3,0.17391304347826086,0.704225352112676,1.4788732394366197,0.08015267175572519,0.47619047619047616,0.47619047619047616,0.6,0,1.1971830985915493,3.23943661971831,0.17557251908396945,0.3695652173913043,0.37777777777777777,1,0.021739130434782608,2.676056338028169,9.859154929577464,0.5343511450381679,0.2714285714285714,0.2714285714285714,0.868421052631579,0,38,138,0.2753623188405797,2,0
"DeAndre Jordan","DEN",56,691,0.619515,0.7857142857142857,2.301428571428571,0,5.667144906743185,7.890961262553802,0.7857142857142857,0.7181818181818181,0.7669902912621359,0.7088607594936709,0.06363636363636363,0.860832137733142,2.152080344332855,0.21428571428571427,0.4,0.5217391304347826,0.75,0.23333333333333334,0,0,0,0,0,0,0,0,0,0,0,0,0,0,0,0,0,0,0,0,0,0,0,0,0,0
"Quinten Post","GSW",42,686,0.5404886194029851,0.843065693430657,4.909473684210526,25.661452513966477,1.8718502519798417,3.7437005039596833,0.1897810218978102,0.5,0.5652173913043478,0.7307692307692307,0.11538461538461539,1.4398848092152627,2.591792656587473,0.13138686131386862,0.5555555555555556,0.6666666666666666,0.9,0.16666666666666666,0.28797696184305255,0.503959683225342,0.025547445255474453,0.5714285714285714,0.5714285714285714,1,0,1.511879049676026,3.3837293016558676,0.17153284671532848,0.44680851063829785,0.44680851063829785,1,0,3.7437005039596833,9.503239740820735,0.48175182481751827,0.3939393939393939,0.40625,1,0.030303030303030304,52,131,0.3969465648854962,1,0
"Blake Wesley","SAS",58,683,0.5968759776536313,0.7956989247311828,4.43828125,24.759649122807016,3.8325053229240598,6.387508871540099,0.4838709677419355,0.6,0.6585365853658537,0.6851851851851852,0.08888888888888889,0.5677785663591199,1.8452803406671399,0.13978494623655913,0.3076923076923077,0.38095238095238093,0.5,0.19230769230769232,0.14194464158977999,0.8516678495386799,0.06451612903225806,0.16666666666666666,0.16666666666666666,0.5,0,0.49680624556423,1.4194464158978,0.10752688172043011,0.35,0.35,1,0,0.7097232079489,2.69694819020582,0.20430107526881722,0.2631578947368421,0.2631578947368421,0.9,0,10,38,0.2631578947368421,0,0
"Sandro Mamukelashvili","SAS",61,681,0.5670611721611722,0.8714285714285714,3.4453781512605044,25.60931677018634,4.468085106382978,5.886524822695035,0.29642857142857143,0.7590361445783133,0.8289473684210527,0.6825396825396826,0.08433734939759036,1.1347517730496455,2.3404255319148937,0.11785714285714285,0.48484848484848486,0.5161290322580645,0.6875,0.06060606060606061,0.07092198581560284,0.2127659574468085,0.010714285714285714,0.3333333333333333,0.3333333333333333,0,0,0.6382978723404256,2.4113475177304964,0.12142857142857143,0.2647058823529412,0.2647058823529412,1,0,3.617021276595745,9.00709219858156,0.45357142857142857,0.4015748031496063,0.40476190476190477,1,0.007874015748031496,51,126,0.40476190476190477,1,0
"Marcus Smart","WAS",34,680,0.5150472332015811,0.6459143968871596,7.208620689655173,26.099999999999998,1.0914051841746248,1.7053206002728514,0.09727626459143969,0.64,0.8,0.5625,0.2,2.0463847203274215,5.525238744884038,0.3151750972762646,0.37037037037037035,0.38461538461538464,0.36666666666666664,0.037037037037037035,0.4092769440654843,0.6821282401091405,0.038910505836575876,0.6,0.6,0,0,0.8867667121418826,2.728512960436562,0.1556420233463035,0.325,0.325,0.9230769230769231,0,2.4556616643929057,6.889495225102319,0.39299610894941633,0.3564356435643564,0.36,0.8055555555555556,0.009900990099009901,36,98,0.3673469387755102,3,0
"Jalen Pickett","DEN",49,666,0.5085269662921348,0.6722222222222223,10.310126582278482,25.465346534653467,1.0416666666666667,1.4880952380952381,0.1111111111111111,0.7,0.7368421052631579,0.5714285714285714,0.05,1.1160714285714286,2.455357142857143,0.18333333333333332,0.45454545454545453,0.5172413793103449,0.3333333333333333,0.12121212121212122,0.5952380952380952,1.9345238095238095,0.14444444444444443,0.3076923076923077,0.3076923076923077,0.375,0,1.2648809523809523,2.8273809523809526,0.2111111111111111,0.4473684210526316,0.4473684210526316,1,0,1.7113095238095237,4.6875,0.35,0.36507936507936506,0.36507936507936506,0.5217391304347826,0,23,62,0.3709677419354839,1,0
"Tosan Evbuomwan","BKN",28,665,0.5273247727272727,0.6318181818181818,5.883916083916084,24.57922077922078,3.1963470319634704,4.718417047184171,0.2818181818181818,0.6774193548387096,0.7924528301886793,0.5714285714285714,0.14516129032258066,1.97869101978691,5.555555555555555,0.33181818181818185,0.3561643835616438,0.4126984126984127,0.5,0.136986301369863,0.15220700152207,0.60882800608828,0.03636363636363636,0.25,0.2857142857142857,1,0.125,0.76103500761035,2.5875190258751903,0.15454545454545454,0.29411764705882354,0.29411764705882354,1,0,1.06544901065449,3.2724505327245055,0.19545454545454546,0.32558139534883723,0.3333333333333333,1,0.023255813953488372,14,43,0.32558139534883723,0,0
"Antonio Reeves","NOP",44,660,0.5345087044534413,0.7419354838709677,6.654621848739495,25.32015503875969,2.335766423357664,4.014598540145985,0.2217741935483871,0.5818181818181818,0.7111111111111111,0.625,0.18181818181818182,1.9708029197080292,3.795620437956204,0.20967741935483872,0.5192307692307693,0.5510204081632653,0.8518518518518519,0.057692307692307696,0.21897810218978103,0.8759124087591241,0.04838709677419355,0.25,0.25,0.6666666666666666,0,1.167883211678832,3.4306569343065694,0.18951612903225806,0.3404255319148936,0.34782608695652173,1,0.02127659574468085,2.5547445255474455,5.985401459854015,0.33064516129032256,0.4268292682926829,0.4268292682926829,0.8,0,35,81,0.43209876543209874,1,0
"Kyle Lowry","PHI",35,659,0.5182100877192982,0.8034188034188035,9.058620689655172,26.86704545454546,0.3021148036253776,0.45317220543806647,0.05128205128205128,0.6666666666666666,0.6666666666666666,0.5,0,0.45317220543806647,1.2084592145015105,0.13675213675213677,0.375,0.5454545454545454,0.6666666666666666,0.3125,0.1510574018126888,0.5287009063444109,0.05982905982905983,0.2857142857142857,0.4,1,0.2857142857142857,0.5287009063444109,1.5105740181268883,0.17094017094017094,0.35,0.35,1,0,1.661631419939577,5.13595166163142,0.5811965811965812,0.3235294117647059,0.3235294117647059,0.9090909090909091,0,22,66,0.3333333333333333,2,0
"Reed Sheppard","HOU",52,653,0.520128870292887,0.694560669456067,9.621649484536082,26.22042253521127,1.0775862068965518,1.7241379310344827,0.100418410041841,0.625,0.75,0.4666666666666667,0.16666666666666666,0.9339080459770115,3.5919540229885056,0.20920502092050208,0.26,0.29545454545454547,0.23076923076923078,0.12,0.5747126436781609,1.6522988505747127,0.09623430962343096,0.34782608695652173,0.36363636363636365,0.25,0.043478260869565216,0.43103448275862066,1.7241379310344827,0.100418410041841,0.25,0.25,1,0,3.0172413793103448,8.477011494252874,0.49372384937238495,0.3559322033898305,0.3620689655172414,0.8095238095238095,0.01694915254237288,42,118,0.3559322033898305,0,0
"Herbert Jones","NOP",20,648,0.5611769005847954,0.75,5.5120000000000005,24.665277777777778,2.625656414103526,4.276069017254313,0.3313953488372093,0.6140350877192983,0.6862745098039216,0.7142857142857143,0.10526315789473684,0.8252063015753939,2.550637659414854,0.19767441860465115,0.3235294117647059,0.36666666666666664,0.45454545454545453,0.11764705882352941,0.5251312828207052,0.6751687921980495,0.05232558139534884,0.7777777777777778,0.7777777777777778,1,0,1.0502625656414104,2.7756939234808704,0.21511627906976744,0.3783783783783784,0.3783783783783784,1,0,0.6001500375093773,2.625656414103526,0.20348837209302326,0.22857142857142856,0.22857142857142856,1,0,8,34,0.23529411764705882,1,0
"AJ Johnson","WAS",29,638,0.5516674641148325,0.7887323943661971,3.8268292682926828,27.54111111111111,3.427265803503427,5.9405940594059405,0.36619718309859156,0.5769230769230769,0.6338028169014085,0.5777777777777777,0.08974358974358974,0.9900990099009901,3.351104341203351,0.20657276995305165,0.29545454545454547,0.37142857142857144,0.38461538461538464,0.20454545454545456,0,0.07616146230007616,0.004694835680751174,0,0,0,0,0.38080731150038083,0.913937547600914,0.056338028169014086,0.4166666666666667,0.4166666666666667,1,0,1.4470677837014472,5.9405940594059405,0.36619718309859156,0.24358974358974358,0.25,0.5789473684210527,0.02564102564102564,19,76,0.25,2,0
"Maxi Kleber","DAL",34,637,0.5268848958333333,0.75,6.555319148936171,24.814285714285717,0.9976976208749041,1.765157329240215,0.23958333333333334,0.5652173913043478,0.65,0.7692307692307693,0.13043478260869565,0.3837298541826554,1.1511895625479662,0.15625,0.3333333333333333,0.4166666666666667,1,0.2,0.4604758250191865,0.6907137375287797,0.09375,0.6666666666666666,0.75,0.8333333333333334,0.1111111111111111,0.3069838833461243,1.3046815042210285,0.17708333333333334,0.23529411764705882,0.23529411764705882,1,0,0.6907137375287797,2.4558710667689945,0.3333333333333333,0.28125,0.28125,0.8888888888888888,0,9,32,0.28125,0,0
"Delon Wright","NYK",40,634,0.5558992366412214,0.8320610687022901,4.4206896551724135,25.20958904109589,1.5625,2.8125,0.2748091603053435,0.5555555555555556,0.625,0.5,0.1111111111111111,0.3125,1.5625,0.15267175572519084,0.2,0.2222222222222222,0.25,0.1,0.078125,0.15625,0.015267175572519083,0.5,0.5,0,0,0.703125,1.640625,0.16030534351145037,0.42857142857142855,0.42857142857142855,1,0,0.859375,4.0625,0.3969465648854962,0.21153846153846154,0.21568627450980393,1,0.019230769230769232,11,52,0.21153846153846154,0,0
"Jericho Sims","MIL",53,631,0.6500577464788733,0.8450704225352113,2.415492957746479,0,3.259141494435612,4.769475357710652,0.8450704225352113,0.6833333333333333,0.7884615384615384,0.7804878048780488,0.13333333333333333,0.3179650238473768,0.8744038155802861,0.15492957746478872,0.36363636363636365,0.4,1,0.09090909090909091,0,0,0,0,0,0,0,0,0,0,0,0,0,0,0,0,0,0,0,0,0,0,0,0,0,0
"Josh Okogie","CHA",40,625,0.5638242857142857,0.7783018867924528,4.1016666666666675,24.706521739130434,3.87409200968523,5.891848264729621,0.3443396226415094,0.6575342465753424,0.7272727272727273,0.5416666666666666,0.0958904109589041,1.0492332526230832,3.4705407586763517,0.2028301886792453,0.3023255813953488,0.40625,0.9230769230769231,0.2558139534883721,0.08071025020177562,0.3228410008071025,0.018867924528301886,0.25,0.3333333333333333,1,0.25,1.533494753833737,3.9548022598870056,0.23113207547169812,0.3877551020408163,0.3958333333333333,1,0.02040816326530612,1.0492332526230832,3.4705407586763517,0.2028301886792453,0.3023255813953488,0.30952380952380953,1,0.023255813953488372,13,43,0.3023255813953488,0,0
"Daniel Theis","NOP",38,621,0.537644921875,0.6976744186046512,5.293478260869565,25.64054054054054,2.708978328173375,4.102167182662539,0.4108527131782946,0.660377358490566,0.7291666666666666,0.6857142857142857,0.09433962264150944,1.1609907120743035,2.5541795665634677,0.2558139534883721,0.45454545454545453,0.4838709677419355,0.8666666666666667,0.06060606060606061,0.15479876160990713,0.46439628482972134,0.046511627906976744,0.3333333333333333,0.3333333333333333,1,0,0,0.6965944272445821,0.06976744186046512,0,0,0,0,0.6965944272445821,2.1671826625387,0.21705426356589147,0.32142857142857145,0.32142857142857145,1,0,9,28,0.32142857142857145,0,0
"Jeff Dowtin Jr.","PHI",41,621,0.5160026086956522,0.5608695652173913,8.174375000000001,25.667142857142856,2.793296089385475,4.708699122106943,0.2565217391304348,0.5932203389830508,0.660377358490566,0.34285714285714286,0.1016949152542373,2.5538707102952913,5.107741420590583,0.2782608695652174,0.5,0.5517241379310345,0.1875,0.09375,1.3567438148443736,2.9529130087789306,0.1608695652173913,0.4594594594594595,0.4594594594594595,0.4117647058823529,0,0.5586592178770949,1.3567438148443736,0.07391304347826087,0.4117647058823529,0.4117647058823529,1,0,1.675977653631285,4.2298483639265765,0.23043478260869565,0.39622641509433965,0.39622641509433965,0.47619047619047616,0,21,53,0.39622641509433965,0,0
"Cory Joseph","ORL",50,612,0.5187135135135135,0.8181818181818182,8.03404255319149,25.808490566037733,0.8136696501220505,1.545972335231896,0.12337662337662338,0.5263157894736842,0.6666666666666666,0.3,0.21052631578947367,0.6509357200976403,1.4646053702196908,0.11688311688311688,0.4444444444444444,0.47058823529411764,0.5,0.05555555555555555,0.40683482506102525,0.8136696501220505,0.06493506493506493,0.5,0.5,0.4,0,0.7323026851098454,1.9528071602929211,0.15584415584415584,0.375,0.375,1,0,2.441008950366151,6.753458096013019,0.538961038961039,0.3614457831325301,0.3614457831325301,0.8333333333333334,0,30,82,0.36585365853658536,1,0
"Kessler Edwards","DAL",40,608,0.5589507407407407,0.762962962962963,4.618518518518519,24.355555555555558,2.53766851704996,3.8858049167327517,0.362962962962963,0.6530612244897959,0.7441860465116279,0.78125,0.12244897959183673,0.9516256938937351,2.2204599524187154,0.2074074074074074,0.42857142857142855,0.4444444444444444,0.9166666666666666,0.03571428571428571,0.07930214115781126,0.317208564631245,0.02962962962962963,0.25,0.25,1,0,0.7930214115781126,2.2204599524187154,0.2074074074074074,0.35714285714285715,0.35714285714285715,1,0,0.9516256938937351,2.0618556701030926,0.1925925925925926,0.46153846153846156,0.46153846153846156,1,0,12,26,0.46153846153846156,0,0
"Zeke Nnaji","DEN",57,608,0.5769748226950354,0.8652482269503546,3.7629213483146065,24.43653846153846,3.7781350482315115,5.627009646302251,0.49645390070921985,0.6714285714285714,0.7833333333333333,0.7872340425531915,0.14285714285714285,0.24115755627009647,1.045016077170418,0.09219858156028368,0.23076923076923078,0.3,1,0.23076923076923078,0.24115755627009647,0.48231511254019294,0.0425531914893617,0.5,0.5,0.6666666666666666,0,0.7234726688102894,2.2508038585209005,0.19858156028368795,0.32142857142857145,0.32142857142857145,1,0,0.6430868167202572,1.9292604501607717,0.1702127659574468,0.3333333333333333,0.3333333333333333,0.875,0,8,24,0.3333333333333333,0,0
"Pat Connaughton","MIL",41,603,0.5764311428571428,0.8418079096045198,3.584375,25.74567901234568,3.5245901639344264,5.573770491803279,0.384180790960452,0.6323529411764706,0.6825396825396826,0.7441860465116279,0.07352941176470588,1.0655737704918034,2.0491803278688523,0.14124293785310735,0.52,0.5909090909090909,0.6153846153846154,0.12,0.08196721311475409,0.2459016393442623,0.01694915254237288,0.3333333333333333,0.3333333333333333,0,0,0.32786885245901637,1.639344262295082,0.11299435028248588,0.2,0.21052631578947367,1,0.05,1.8032786885245902,5,0.3446327683615819,0.36065573770491804,0.36666666666666664,0.8636363636363636,0.01639344262295082,22,61,0.36065573770491804,0,0
"Ajay Mitchell","OKC",36,597,0.5321806010928961,0.6141304347826086,5.736290322580645,25.621666666666666,2.6982829108748976,4.333605887162714,0.28804347826086957,0.6226415094339622,0.6875,0.3333333333333333,0.09433962264150944,2.616516762060507,4.987735077677842,0.33152173913043476,0.5245901639344263,0.5818181818181818,0.4375,0.09836065573770492,0.24529844644317253,0.8176614881439084,0.05434782608695652,0.3,0.3,0.6666666666666666,0,0.5723630417007359,1.4717906786590351,0.09782608695652174,0.3888888888888889,0.3888888888888889,1,0,1.3082583810302535,3.4341782502044156,0.22826086956521738,0.38095238095238093,0.38095238095238093,0.9375,0,16,41,0.3902439024390244,1,0
"Brandon Ingram","NOP",18,595,0.49595270270270275,0.5045045045045045,10.76651376146789,25.92695652173913,3.190596137699412,4.450041981528128,0.15915915915915915,0.7169811320754716,0.76,0.47368421052631576,0.05660377358490566,3.1066330814441647,7.052896725440806,0.25225225225225223,0.44047619047619047,0.5068493150684932,0.32432432432432434,0.13095238095238096,3.1066330814441647,6.801007556675063,0.24324324324324326,0.4567901234567901,0.46835443037974683,0.40540540540540543,0.024691358024691357,0.2518891687657431,0.9235936188077246,0.03303303303303303,0.2727272727272727,0.2727272727272727,1,0,3.3585222502099077,8.732157850545759,0.3123123123123123,0.38461538461538464,0.40404040404040403,0.825,0.04807692307692308,40,104,0.38461538461538464,0,0
"Jared McCain","PHI",23,592,0.5311886861313869,0.7408759124087592,6.580851063829787,25.9609022556391,3.465765004226543,5.9171597633136095,0.25547445255474455,0.5857142857142857,0.640625,0.34146341463414637,0.08571428571428572,2.0287404902789516,4.22654268808115,0.18248175182481752,0.48,0.5217391304347826,0.25,0.08,0.8453085376162299,1.7751479289940828,0.07664233576642336,0.47619047619047616,0.47619047619047616,0.4,0,0.8453085376162299,2.53592561284869,0.10948905109489052,0.3333333333333333,0.3333333333333333,0.9,0,3.465765004226543,8.706677937447168,0.3759124087591241,0.39805825242718446,0.4019607843137255,0.7804878048780488,0.009708737864077669,41,103,0.39805825242718446,0,0
"Cam Reddish","LAL",33,589,0.5690344086021506,0.8191489361702128,4.597872340425532,24.71914893617021,1.6863406408094435,2.5295109612141653,0.3191489361702128,0.6666666666666666,0.7407407407407407,0.55,0.1,0.3372681281618887,1.1804384485666104,0.14893617021276595,0.2857142857142857,0.3333333333333333,0.25,0.14285714285714285,0.08431703204047218,0.25295109612141653,0.031914893617021274,0.3333333333333333,0.3333333333333333,1,0,0.5902192242833052,1.93929173693086,0.24468085106382978,0.30434782608695654,0.30434782608695654,1,0,0.5059021922428331,2.0236087689713322,0.2553191489361702,0.25,0.25,1,0,6,24,0.25,0,0
"Jae'Sean Tate","HOU",52,588,0.5383820945945945,0.6824324324324325,4.181372549019608,24.202173913043477,3.0352748154224773,4.5118949958982775,0.3716216216216216,0.6727272727272727,0.7551020408163265,0.5135135135135135,0.10909090909090909,1.3945857260049221,3.855619360131255,0.31756756756756754,0.3617021276595745,0.4594594594594595,0.5294117647058824,0.2127659574468085,0,0,0,0,0,0,0,1.1484823625922889,2.543068088597211,0.20945945945945946,0.45161290322580644,0.45161290322580644,1,0,0.16406890894175555,1.2305168170631666,0.10135135135135136,0.13333333333333333,0.13333333333333333,1,0,2,15,0.13333333333333333,0,0
"Olivier-Maxence Prosper","DAL",52,584,0.5763508620689655,0.7183908045977011,4.673170731707317,24.045098039215684,3.7067545304777596,6.095551894563426,0.42528735632183906,0.6081081081081081,0.703125,0.6666666666666666,0.13513513513513514,0.9060955518945635,3.1301482701812193,0.21839080459770116,0.2894736842105263,0.3548387096774194,0.45454545454545453,0.18421052631578946,0.16474464579901152,0.9060955518945635,0.06321839080459771,0.18181818181818182,0.18181818181818182,1,0,0.7413509060955519,2.883031301482702,0.20114942528735633,0.2571428571428571,0.2571428571428571,1,0,0.2471169686985173,1.3179571663920921,0.09195402298850575,0.1875,0.1875,1,0,3,16,0.1875,0,0
"Jarred Vanderbilt","LAL",36,581,0.6187120833333334,0.9090909090909091,2.097752808988764,25.24375,4.064352243861134,6.604572396274344,0.6446280991735537,0.6153846153846154,0.7384615384615385,0.6875,0.16666666666666666,0.1693480101608806,0.9314140558848434,0.09090909090909091,0.18181818181818182,0.2857142857142857,1,0.36363636363636365,0,0,0,0,0,0,0,0.7620660457239627,2.201524132091448,0.21487603305785125,0.34615384615384615,0.34615384615384615,1,0,0,0.5080440304826418,0.049586776859504134,0,0,0,0,0,5,0,1,0
"Joel Embiid","PHI",19,574,0.5010079365079365,0.49206349206349204,9.338655462184873,26.442857142857143,4.170212765957447,6.638297872340425,0.24761904761904763,0.6282051282051282,0.6621621621621622,0.5918367346938775,0.05128205128205128,3.4893617021276597,7.404255319148936,0.2761904761904762,0.47126436781609193,0.5125,0.4878048780487805,0.08045977011494253,2.297872340425532,6.212765957446808,0.23174603174603176,0.3698630136986301,0.38028169014084506,0.5185185185185185,0.0273972602739726,0,0,0,0,0,0,0,1.9574468085106382,6.553191489361702,0.24444444444444444,0.2987012987012987,0.3026315789473684,0.9565217391304348,0.012987012987012988,23,77,0.2987012987012987,0,0
"Monté Morris","PHX",45,571,0.500585641025641,0.5435897435897435,9.33211009174312,24.743023255813956,1.1265164644714039,1.733102253032929,0.10256410256410256,0.65,0.7647058823529411,0.46153846153846156,0.15,2.4263431542461005,5.6325823223570195,0.3333333333333333,0.4307692307692308,0.5,0.4642857142857143,0.13846153846153847,0.9532062391681109,2.079722703639515,0.12307692307692308,0.4583333333333333,0.4782608695652174,0.45454545454545453,0.041666666666666664,1.2998266897746966,3.5528596187175046,0.21025641025641026,0.36585365853658536,0.375,1,0.024390243902439025,1.3864818024263432,3.89948006932409,0.23076923076923078,0.35555555555555557,0.35555555555555557,0.8125,0,16,45,0.35555555555555557,0,0
"Moritz Wagner","ORL",30,564,0.5903903614457832,0.8795180722891566,2.781609195402299,25,8.748906386701663,12.598425196850394,0.5783132530120482,0.6944444444444444,0.7407407407407407,0.7,0.0625,1.1373578302712162,2.537182852143482,0.11646586345381527,0.4482758620689655,0.5416666666666666,0.6153846153846154,0.1724137931034483,0,0.08748906386701662,0.004016064257028112,0,0,0,0,0.7874015748031497,2.099737532808399,0.0963855421686747,0.375,0.375,1,0,1.5748031496062993,4.4619422572178475,0.20481927710843373,0.35294117647058826,0.35294117647058826,1,0,18,51,0.35294117647058826,0,0
"Malcolm Brogdon","WAS",24,564,0.5389859832635983,0.5875,6.922282608695652,26.64107142857143,4.680851063829787,7.23404255319149,0.3541666666666667,0.6470588235294118,0.7142857142857143,0.3090909090909091,0.09411764705882353,2.0425531914893615,5.787234042553192,0.2833333333333333,0.35294117647058826,0.4,0.5,0.11764705882352941,0.7659574468085106,2.6382978723404253,0.12916666666666668,0.2903225806451613,0.3,0.3333333333333333,0.03225806451612903,0.1702127659574468,0.425531914893617,0.020833333333333332,0.4,0.4,1,0,1.1914893617021276,4.340425531914893,0.2125,0.27450980392156865,0.2857142857142857,0.9285714285714286,0.0392156862745098,14,50,0.28,1,0
"John Konchar","MEM",46,558,0.5898341176470588,0.945054945054945,3.0586206896551724,24.948387096774194,1.4273719563392107,2.0151133501259446,0.26373626373626374,0.7083333333333334,0.85,0.6470588235294118,0.16666666666666666,0.08396305625524769,0.41981528127623846,0.054945054945054944,0.2,0.25,1,0.2,0,0,0,0,0,0,0,1.0075566750629723,2.686817800167926,0.3516483516483517,0.375,0.375,1,0,0.9235936188077246,2.5188916876574305,0.32967032967032966,0.36666666666666664,0.36666666666666664,1,0,11,29,0.3793103448275862,1,0
"Dillon Jones","OKC",54,552,0.5552732558139535,0.7894736842105263,4.287142857142857,25.707936507936505,2.196836555360281,3.6906854130052724,0.3157894736842105,0.5952380952380952,0.7142857142857143,0.64,0.16666666666666666,0.7908611599297012,2.10896309314587,0.18045112781954886,0.375,0.45,0.7777777777777778,0.16666666666666666,0.08787346221441125,0.351493848857645,0.03007518796992481,0.25,0.25,0,0,0.26362038664323373,1.2302284710017575,0.10526315789473684,0.21428571428571427,0.21428571428571427,1,0,1.1423550087873462,4.305799648506151,0.3684210526315789,0.2653061224489796,0.2653061224489796,0.9230769230769231,0,13,49,0.2653061224489796,0,0
"Dwight Powell","DAL",55,551,0.6390169491525424,0.8688524590163934,2.2035714285714287,23.3,3.1551270815074495,4.206836108676599,0.7868852459016393,0.75,0.8181818181818182,0.75,0.08333333333333333,0.35056967572305,0.7011393514461,0.13114754098360656,0.5,0.6666666666666666,1,0.25,0,0,0,0,0,0,0,0.175284837861525,0.35056967572305,0.06557377049180328,0.5,0.5,1,0,0,0.0876424189307625,0.01639344262295082,0,0,0,0,0,1,0,0,0
"Jordan Goodwin","LAL",29,543,0.5253357638888888,0.6597222222222222,7.385526315789473,24.694117647058825,1.286764705882353,2.4816176470588234,0.1875,0.5185185185185185,0.6086956521739131,0.2857142857142857,0.14814814814814814,1.6544117647058822,3.4926470588235294,0.2638888888888889,0.47368421052631576,0.5,0.6666666666666666,0.05263157894736842,0.45955882352941174,1.0110294117647058,0.0763888888888889,0.45454545454545453,0.45454545454545453,0.2,0,1.1948529411764706,3.0330882352941178,0.22916666666666666,0.3939393939393939,0.3939393939393939,1,0,1.1948529411764706,3.2169117647058822,0.24305555555555555,0.37142857142857144,0.38235294117647056,0.9230769230769231,0.02857142857142857,13,35,0.37142857142857144,0,0
"Richaun Holmes","WAS",31,534,0.5780604316546762,0.7266187050359713,3.1426470588235293,24.3,6.660583941605839,8.941605839416058,0.7050359712230215,0.7448979591836735,0.7934782608695652,0.6164383561643836,0.061224489795918366,1.551094890510949,3.375912408759124,0.26618705035971224,0.4594594594594595,0.5151515151515151,0.7058823529411765,0.10810810810810811,0,0.09124087591240876,0.007194244604316547,0,0,0,0,0,0.18248175182481752,0.014388489208633094,0,0,0,0,0,0.09124087591240876,0.007194244604316547,0,0,0,0,0,1,0,0,0
"Mouhamed Gueye","ATL",33,533,0.6074556547619048,0.8304093567251462,3.558888888888889,24.15375,3.488372093023256,5.456171735241503,0.3567251461988304,0.639344262295082,0.7222222222222222,0.8205128205128205,0.11475409836065574,0.8944543828264758,2.23613595706619,0.14619883040935672,0.4,0.47619047619047616,0.8,0.16,0.17889087656529518,0.35778175313059035,0.023391812865497075,0.5,0.5,1,0,1.073345259391771,4.293381037567084,0.2807017543859649,0.25,0.25,1,0,0.8050089445438283,2.9516994633273703,0.19298245614035087,0.2727272727272727,0.2727272727272727,1,0,9,33,0.2727272727272727,0,0
"Bismack Biyombo","SAS",28,528,0.5570018018018018,0.5087719298245614,4.423684210526316,0,3.806870937790158,5.385329619312906,0.5087719298245614,0.7068965517241379,0.803921568627451,0.7317073170731707,0.1206896551724138,2.4141132776230267,5.199628597957289,0.49122807017543857,0.4642857142857143,0.5,0.8846153846153846,0.07142857142857142,0,0,0,0,0,0,0,0,0,0,0,0,0,0,0,0,0,0,0,0,0,0,0,0,0,0
"Jaylen Clark","MIN",40,522,0.5747169491525423,0.7833333333333333,4.27536231884058,25.680392156862744,2.0408163265306123,3.9888682745825603,0.35833333333333334,0.5116279069767442,0.6111111111111112,0.5,0.16279069767441862,1.1131725417439704,2.226345083487941,0.2,0.5,0.5454545454545454,0.6666666666666666,0.08333333333333333,0,0.18552875695732837,0.016666666666666666,0,0,0,0,1.1131725417439704,2.6901669758812616,0.24166666666666667,0.41379310344827586,0.42857142857142855,1,0.034482758620689655,0.9276437847866419,2.0408163265306123,0.18333333333333332,0.45454545454545453,0.45454545454545453,1,0,10,20,0.5,2,0
"Rob Dillingham","MIN",49,516,0.5196127962085308,0.6255924170616114,7.645985401459854,25.45945945945946,3.3582089552238807,5.41044776119403,0.27488151658767773,0.6206896551724138,0.6666666666666666,0.3611111111111111,0.06896551724137931,2.425373134328358,5.037313432835821,0.2559241706161137,0.48148148148148145,0.52,0.15384615384615385,0.07407407407407407,0.5597014925373134,2.332089552238806,0.11848341232227488,0.24,0.24,0.6666666666666666,0,0.5597014925373134,1.1194029850746268,0.05687203791469194,0.5,0.5,1,0,1.7723880597014925,5.7835820895522385,0.2938388625592417,0.3064516129032258,0.3064516129032258,0.3157894736842105,0,19,62,0.3064516129032258,0,0
"Colby Jones","WAS",39,515,0.5058759689922481,0.6124031007751938,7.358750000000001,25.508163265306123,2.0095693779904304,2.8708133971291865,0.23255813953488372,0.7,0.75,0.5238095238095238,0.06666666666666667,1.722488038277512,3.7320574162679425,0.3023255813953488,0.46153846153846156,0.5625,0.6111111111111112,0.1794871794871795,0.3827751196172249,1.0526315789473684,0.08527131782945736,0.36363636363636365,0.36363636363636365,0.5,0,0.3827751196172249,1.244019138755981,0.10077519379844961,0.3076923076923077,0.3333333333333333,1,0.07692307692307693,1.1483253588516746,3.444976076555024,0.27906976744186046,0.3333333333333333,0.3333333333333333,0.9166666666666666,0,12,36,0.3333333333333333,0,0
"Craig Porter Jr.","CLE",51,513,0.567026811594203,0.7357142857142858,5.010869565217392,26.366666666666664,3.4872761545711595,5.183788878416588,0.39285714285714285,0.6727272727272727,0.8409090909090909,0.5945945945945946,0.2,1.2252591894439209,2.827521206409048,0.21428571428571427,0.43333333333333335,0.5652173913043478,0.38461538461538464,0.23333333333333334,0.0942507068803016,0.6597549481621112,0.05,0.14285714285714285,0.16666666666666666,0,0.14285714285714285,0.471253534401508,1.2252591894439209,0.09285714285714286,0.38461538461538464,0.38461538461538464,0.8,0,1.5080113100848256,3.298774740810556,0.25,0.45714285714285713,0.47058823529411764,0.6875,0.02857142857142857,15,32,0.46875,2,1
"Tristan Vukcevic","WAS",35,513,0.5175166666666666,0.6694214876033058,6.692142857142857,26.585294117647056,4.186046511627907,5.5813953488372094,0.24793388429752067,0.75,0.8035714285714286,0.7333333333333333,0.06666666666666667,2.4186046511627906,5.8604651162790695,0.2603305785123967,0.4126984126984127,0.4482758620689655,0.8846153846153846,0.07936507936507936,1.0232558139534884,1.5813953488372092,0.07024793388429752,0.6470588235294118,0.6470588235294118,0.8181818181818182,0,0.37209302325581395,1.1162790697674418,0.049586776859504134,0.3333333333333333,0.3333333333333333,1,0,3.1627906976744184,8.372093023255815,0.371900826446281,0.37777777777777777,0.37777777777777777,1,0,34,88,0.38636363636363635,2,0
"Elfrid Payton","NOP",24,511,0.47236639344262293,0.23770491803278687,7.825,27.349999999999998,0.8579599618684461,2.1925643469971403,0.1885245901639344,0.391304347826087,0.47368421052631576,0.4444444444444444,0.17391304347826086,2.669208770257388,8.198284080076263,0.7049180327868853,0.32558139534883723,0.35,0.10714285714285714,0.06976744186046512,0.19065776930409914,0.667302192564347,0.05737704918032787,0.2857142857142857,0.2857142857142857,0,0,0,0.09532888465204957,0.00819672131147541,0,0,0,0,0.09532888465204957,0.47664442326024786,0.040983606557377046,0.2,0.2,1,0,1,5,0.2,0,0
"Jamal Cain","NOP",37,502,0.5423768987341772,0.7468354430379747,5.865384615384615,24.65875,2.413127413127413,3.667953667953668,0.24050632911392406,0.6578947368421053,0.6578947368421053,0.64,0,1.5444015444015444,3.3783783783783785,0.22151898734177214,0.45714285714285713,0.45714285714285713,0.5625,0,0.09652509652509653,0.4826254826254826,0.03164556962025317,0.2,0.2,0,0,1.1583011583011582,3.7644787644787643,0.2468354430379747,0.3076923076923077,0.3076923076923077,0.9166666666666666,0,1.3513513513513513,3.9575289575289574,0.25949367088607594,0.34146341463414637,0.34146341463414637,0.8571428571428571,0,14,41,0.34146341463414637,0,0
"Keaton Wallace","ATL",31,501,0.5106447204968945,0.6049382716049383,9.8475,26.01829268292683,0.8637236084452975,1.5355086372360844,0.09876543209876543,0.5625,0.5625,0.4444444444444444,0,2.399232245681382,4.414587332053743,0.2839506172839506,0.5434782608695652,0.5813953488372093,0.28,0.06521739130434782,0.3838771593090211,1.727447216890595,0.1111111111111111,0.2222222222222222,0.2222222222222222,0,0,0.3838771593090211,0.9596928982725528,0.06172839506172839,0.4,0.4,1,0,2.2072936660268714,6.90978886756238,0.4444444444444444,0.3194444444444444,0.3194444444444444,0.782608695652174,0,23,71,0.323943661971831,1,0
"Jock Landale","HOU",42,500,0.5346934210526315,0.618421052631579,5.798412698412698,25.78076923076923,4.150943396226415,6.415094339622642,0.4473684210526316,0.6470588235294118,0.8,0.5227272727272727,0.19117647058823528,1.8867924528301887,4.056603773584905,0.28289473684210525,0.46511627906976744,0.5128205128205128,0.8,0.09302325581395349,0.5660377358490566,1.4150943396226414,0.09868421052631579,0.4,0.4,0.8333333333333334,0,0,0.18867924528301888,0.013157894736842105,0,0,0,0,1.0377358490566038,2.2641509433962264,0.15789473684210525,0.4583333333333333,0.4583333333333333,0.9090909090909091,0,11,24,0.4583333333333333,0,0
"Wendell Moore Jr.","CHA",36,499,0.5690154761904762,0.753968253968254,4.868235294117647,24.478048780487807,3.216374269005848,5.2631578947368425,0.42857142857142855,0.6111111111111112,0.7021276595744681,0.6060606060606061,0.12962962962962962,0.9746588693957114,2.2417153996101367,0.18253968253968253,0.43478260869565216,0.5555555555555556,0.6,0.21739130434782608,0.1949317738791423,0.7797270955165692,0.06349206349206349,0.25,0.25,0.5,0,0.8771929824561403,2.1442495126705654,0.1746031746031746,0.4090909090909091,0.4090909090909091,1,0,0.4873294346978557,1.8518518518518519,0.15079365079365079,0.2631578947368421,0.2631578947368421,0.8,0,5,19,0.2631578947368421,0,0
"Vince Williams Jr.","MEM",27,499,0.5388287974683544,0.7485029940119761,5.625,25.459574468085105,1.7077798861480076,2.846299810246679,0.17964071856287425,0.6,0.6428571428571429,0.5555555555555556,0.06666666666666667,2.0872865275142316,3.795066413662239,0.23952095808383234,0.55,0.6285714285714286,0.6818181818181818,0.125,0.09487666034155598,0.18975332068311196,0.011976047904191617,0.5,0.5,0,0,1.0436432637571158,2.5616698292220113,0.16167664670658682,0.4074074074074074,0.4074074074074074,1,0,1.4231499051233396,6.451612903225806,0.40718562874251496,0.22058823529411764,0.22388059701492538,0.8666666666666667,0.014705882352941176,15,66,0.22727272727272727,2,0
"Brandon Williams","DAL",33,487,0.5553459770114942,0.7379679144385026,5.113385826771653,27.061016949152542,4.8169556840077075,7.514450867052023,0.41711229946524064,0.6410256410256411,0.7246376811594203,0.3,0.11538461538461539,1.7341040462427746,3.7572254335260116,0.20855614973262032,0.46153846153846156,0.6428571428571429,0.3333333333333333,0.28205128205128205,0.4816955684007707,0.9633911368015414,0.053475935828877004,0.5,0.5,0.2,0,0.4816955684007707,1.1560693641618498,0.06417112299465241,0.4166666666666667,0.4166666666666667,1,0,1.8304431599229287,4.624277456647399,0.25668449197860965,0.3958333333333333,0.3958333333333333,0.7894736842105263,0,19,45,0.4222222222222222,3,0
"A.J. Lawson","TOR",26,486,0.5837473684210527,0.8947368421052632,2.9146067415730332,24.885148514851487,3.77541142303969,6.679574056147144,0.3631578947368421,0.5652173913043478,0.639344262295082,0.5897435897435898,0.11594202898550725,0.7744433688286544,1.936108422071636,0.10526315789473684,0.4,0.5,0.875,0.2,0,0,0,0,0,0,0,1.0648596321393997,3.484995159728945,0.18947368421052632,0.3055555555555556,0.3055555555555556,0.9090909090909091,0,2.1297192642787994,6.292352371732817,0.34210526315789475,0.3384615384615385,0.3384615384615385,0.9545454545454546,0,22,65,0.3384615384615385,0,0
"Grant Williams","CHA",16,479,0.5400158536585365,0.7967479674796748,6.1020408163265305,25.67837837837838,1.7435897435897436,2.4615384615384617,0.1951219512195122,0.7083333333333334,0.7727272727272727,0.8235294117647058,0.08333333333333333,0.9230769230769231,2.051282051282051,0.16260162601626016,0.45,0.5294117647058824,0.7777777777777778,0.15,0.10256410256410256,0.5128205128205128,0.04065040650406504,0.2,0.2,1,0,0.5128205128205128,1.641025641025641,0.13008130081300814,0.3125,0.3125,1,0,2.2564102564102564,5.948717948717949,0.4715447154471545,0.3793103448275862,0.38596491228070173,1,0.017241379310344827,22,58,0.3793103448275862,0,0
"Lonnie Walker IV","PHI",20,477,0.5402215311004784,0.7830188679245284,7.665882352941177,26.626771653543308,2.443991853360489,3.9714867617107945,0.18396226415094338,0.6153846153846154,0.6666666666666666,0.75,0.07692307692307693,1.0183299389002036,2.3421588594704685,0.10849056603773585,0.43478260869565216,0.5,0.5,0.13043478260869565,1.0183299389002036,2.3421588594704685,0.10849056603773585,0.43478260869565216,0.43478260869565216,0.3,0,0.6109979633401222,1.934826883910387,0.08962264150943396,0.3157894736842105,0.3157894736842105,1,0,3.9714867617107945,10.9979633401222,0.5094339622641509,0.3611111111111111,0.36792452830188677,0.7435897435897436,0.018518518518518517,39,105,0.37142857142857144,3,0
"Duop Reath","POR",46,469,0.5509172839506172,0.891566265060241,3.396666666666667,25.482075471698113,3.252032520325203,4.2682926829268295,0.25301204819277107,0.7619047619047619,0.7804878048780488,0.46875,0.023809523809523808,0.4065040650406504,1.6260162601626016,0.0963855421686747,0.25,0.4444444444444444,0.5,0.4375,0,0.2032520325203252,0.012048192771084338,0,0,0,0,0.8130081300813008,2.540650406504065,0.15060240963855423,0.32,0.3333333333333333,1,0.04,2.6422764227642275,8.231707317073171,0.4879518072289157,0.32098765432098764,0.32098765432098764,0.9615384615384616,0,26,81,0.32098765432098764,0,0
"Reece Beekman","BKN",36,469,0.522485046728972,0.7289719626168224,5.8149253731343284,25.0475,2.234042553191489,4.042553191489362,0.35514018691588783,0.5526315789473685,0.6176470588235294,0.47619047619047616,0.10526315789473684,0.6382978723404256,2.3404255319148937,0.205607476635514,0.2727272727272727,0.3,0.3333333333333333,0.09090909090909091,0.10638297872340426,0.7446808510638298,0.06542056074766354,0.14285714285714285,0.16666666666666666,1,0.14285714285714285,0.425531914893617,1.702127659574468,0.14953271028037382,0.25,0.25,1,0,0.3191489361702128,2.5531914893617023,0.22429906542056074,0.125,0.13043478260869565,1,0.041666666666666664,3,24,0.125,0,0
"Kai Jones","DAL",40,468,0.6561708737864078,0.7339449541284404,3.6480769230769234,25.34,7.481559536354057,7.903055848261328,0.6880733944954128,0.9466666666666667,0.9726027397260274,0.8169014084507042,0.02666666666666667,1.36986301369863,2.528977871443625,0.22018348623853212,0.5416666666666666,0.5652173913043478,0.8461538461538461,0.041666666666666664,0.2107481559536354,0.5268703898840885,0.045871559633027525,0.4,0.4,1,0,0,0.1053740779768177,0.009174311926605505,0,0,0,0,0.1053740779768177,0.4214963119072708,0.03669724770642202,0.25,0.25,1,0,1,4,0.25,0,0
"Larry Nance Jr.","ATL",24,463,0.5590924836601308,0.8,4.518987341772152,25.86973684210526,3.363914373088685,4.892966360856269,0.3096774193548387,0.6875,0.7333333333333333,0.7878787878787878,0.0625,1.019367991845056,2.650356778797146,0.16774193548387098,0.38461538461538464,0.4,1,0.038461538461538464,0.3058103975535168,0.509683995922528,0.03225806451612903,0.6,0.75,1,0.2,1.325178389398573,2.854230377166157,0.18064516129032257,0.4642857142857143,0.4642857142857143,1,0,2.140672782874618,4.892966360856269,0.3096774193548387,0.4375,0.44680851063829785,0.9523809523809523,0.020833333333333332,21,46,0.45652173913043476,2,0
"Collin Gillespie","PHX",33,461,0.5182993548387097,0.7215189873417721,7.598529411764707,26.439999999999998,1.3001083423618636,2.600216684723727,0.1518987341772152,0.5,0.631578947368421,0.3333333333333333,0.20833333333333334,1.408450704225352,3.5752979414951245,0.2088607594936709,0.3939393939393939,0.4482758620689655,0.23076923076923078,0.12121212121212122,0.4333694474539545,1.191765980498375,0.06962025316455696,0.36363636363636365,0.36363636363636365,0.25,0,1.191765980498375,2.275189599133261,0.13291139240506328,0.5238095238095238,0.5238095238095238,0.9090909090909091,0,3.0335861321776814,7.475622968580715,0.43670886075949367,0.4057971014492754,0.4117647058823529,0.75,0.014492753623188406,28,67,0.417910447761194,2,0
"Rayan Rupert","POR",52,460,0.5424038732394366,0.7253521126760564,4.679518072289157,25.18983050847458,2.5380710659898478,4.467005076142132,0.30985915492957744,0.5681818181818182,0.7352941176470589,0.52,0.22727272727272727,1.7258883248730965,3.7563451776649748,0.2605633802816901,0.4594594594594595,0.5151515151515151,0.5294117647058824,0.10810810810810811,0,0.20304568527918782,0.014084507042253521,0,0,0,0,0.9137055837563451,2.33502538071066,0.1619718309859155,0.391304347826087,0.391304347826087,1,0,0.7106598984771574,3.6548223350253806,0.2535211267605634,0.19444444444444445,0.2,0.5714285714285714,0.027777777777777776,7,36,0.19444444444444445,0,0
"GG Jackson","MEM",29,459,0.558204271356784,0.7587939698492462,4.508653846153846,25.657894736842106,2.830188679245283,5.870020964360587,0.2814070351758794,0.48214285714285715,0.5625,0.4444444444444444,0.14285714285714285,1.3626834381551363,4.612159329140461,0.22110552763819097,0.29545454545454547,0.35135135135135137,0.5384615384615384,0.1590909090909091,0.20964360587002095,0.4192872117400419,0.020100502512562814,0.5,0.5,0.5,0,0.8385744234800838,2.830188679245283,0.135678391959799,0.2962962962962963,0.2962962962962963,1,0,2.5157232704402515,7.127882599580713,0.3417085427135678,0.35294117647058826,0.35294117647058826,0.9166666666666666,0,24,68,0.35294117647058826,0,0
"Jaylon Tyson","CLE",47,453,0.5636174496644295,0.7315436241610739,4.569230769230769,24.729310344827585,2.975557917109458,5.419766206163656,0.3422818791946309,0.5490196078431373,0.6511627906976745,0.5357142857142857,0.1568627450980392,1.5940488841657812,3.8257173219978746,0.24161073825503357,0.4166666666666667,0.45454545454545453,0.3333333333333333,0.08333333333333333,0.10626992561105207,0.4250797024442083,0.026845637583892617,0.25,0.25,1,0,0.9564293304994687,2.869287991498406,0.18120805369127516,0.3333333333333333,0.3333333333333333,1,0,1.1689691817215728,3.2943676939426143,0.2080536912751678,0.3548387096774194,0.3548387096774194,0.7272727272727273,0,11,31,0.3548387096774194,0,0
"Bol Bol","PHX",36,448,0.5188420765027322,0.6229508196721312,9.634444444444444,24.610752688172045,1.8181818181818181,2.2459893048128343,0.11475409836065574,0.8095238095238095,0.8095238095238095,0.7058823529411765,0,3.4224598930481283,4.705882352941177,0.24043715846994534,0.7272727272727273,0.7272727272727273,0.84375,0,1.6042780748663101,2.6737967914438503,0.1366120218579235,0.6,0.6,1,0,1.9251336898395721,5.454545454545454,0.2786885245901639,0.35294117647058826,0.35294117647058826,1,0,1.4973262032085561,4.491978609625669,0.22950819672131148,0.3333333333333333,0.3333333333333333,1,0,14,42,0.3333333333333333,0,0
"Paul Reed","DET",45,436,0.5417035714285714,0.6549295774647887,5.723684210526316,25.385714285714283,4.994450610432852,7.214206437291898,0.45774647887323944,0.6923076923076923,0.75,0.5777777777777777,0.07692307692307693,1.3318534961154274,4.1065482796892345,0.2605633802816901,0.32432432432432434,0.34285714285714286,0.9166666666666666,0.05405405405405406,0.7769145394006659,1.3318534961154274,0.08450704225352113,0.5833333333333334,0.5833333333333334,1,0,0.11098779134295228,0.5549389567147613,0.035211267605633804,0.2,0.2,1,0,0.7769145394006659,2.5527192008879025,0.1619718309859155,0.30434782608695654,0.30434782608695654,1,0,7,23,0.30434782608695654,0,0
"Colin Castleton","TOR",26,432,0.539194387755102,0.5612244897959183,4.732926829268292,24.075000000000003,3.016759776536313,4.35754189944134,0.3979591836734694,0.6923076923076923,0.7941176470588235,0.5555555555555556,0.1282051282051282,1.899441340782123,4.692737430167598,0.42857142857142855,0.40476190476190477,0.4857142857142857,0.8823529411764706,0.16666666666666666,0,0.11173184357541899,0.01020408163265306,0,0,0,0,0.22346368715083798,1.229050279329609,0.11224489795918367,0.18181818181818182,0.18181818181818182,1,0,0,0.5586592178770949,0.05102040816326531,0,0,0,0,0,5,0,0,0
"Trevelin Queen","ORL",31,430,0.5410713286713287,0.8367346938775511,4.472857142857143,26.93896103896104,3.110599078341014,5.299539170506913,0.3129251700680272,0.5869565217391305,0.6585365853658537,0.6666666666666666,0.10869565217391304,0.6912442396313364,2.304147465437788,0.1360544217687075,0.3,0.4,0.3333333333333333,0.25,0.1152073732718894,0.4608294930875576,0.027210884353741496,0.25,0.25,0,0,0.9216589861751152,2.1889400921658986,0.1292517006802721,0.42105263157894735,0.42105263157894735,0.875,0,1.6129032258064515,6.682027649769585,0.3945578231292517,0.2413793103448276,0.24561403508771928,0.7857142857142857,0.017241379310344827,14,54,0.25925925925925924,4,0
"Malaki Branham","SAS",47,427,0.5341005319148936,0.6631578947368421,7.323584905660377,25.310714285714283,3.591470258136925,4.713804713804714,0.22105263157894736,0.7619047619047619,0.8648648648648649,0.5,0.11904761904761904,1.4590347923681257,4.601571268237935,0.21578947368421053,0.3170731707317073,0.38235294117647056,0.5384615384615384,0.17073170731707318,0.8978675645342312,2.5813692480359145,0.12105263157894737,0.34782608695652173,0.34782608695652173,0.5,0,0.8978675645342312,1.9079685746352413,0.08947368421052632,0.47058823529411764,0.47058823529411764,1,0,2.9180695847362514,7.519640852974186,0.3526315789473684,0.3880597014925373,0.3939393939393939,0.9230769230769231,0.014925373134328358,26,67,0.3880597014925373,0,0
"Jordan Miller","LAC",37,420,0.540564552238806,0.7164179104477612,4.3500000000000005,25.05,3.868698710433763,6.799531066822977,0.43283582089552236,0.5689655172413793,0.6470588235294118,0.45454545454545453,0.1206896551724138,1.7584994138335288,3.9859320046893316,0.2537313432835821,0.4411764705882353,0.5172413793103449,0.5333333333333333,0.14705882352941177,0.23446658851113716,0.46893317702227433,0.029850746268656716,0.5,0.5,0.5,0,0.23446658851113716,1.5240328253223916,0.09701492537313433,0.15384615384615385,0.15384615384615385,1,0,0.7033997655334114,2.9308323563892147,0.1865671641791045,0.24,0.24,1,0,6,25,0.24,0,0
"Mo Bamba","NOP",32,413,0.5577129464285714,0.8125,3.9224137931034484,25.057407407407407,3.4313725490196076,4.534313725490196,0.33035714285714285,0.7567567567567568,0.8,0.5357142857142857,0.05405405405405406,0.8578431372549019,2.2058823529411766,0.16071428571428573,0.3888888888888889,0.4375,1,0.1111111111111111,0.24509803921568626,0.36764705882352944,0.026785714285714284,0.6666666666666666,0.6666666666666666,1,0,0.6127450980392157,2.3284313725490198,0.16964285714285715,0.2631578947368421,0.2631578947368421,1,0,1.2254901960784315,4.28921568627451,0.3125,0.2857142857142857,0.30303030303030304,1,0.05714285714285714,10,35,0.2857142857142857,0,0
"David Roddy","HOU",33,410,0.5409658536585366,0.736,4.714062500000001,25.832786885245905,2.3014959723820483,3.567318757192175,0.248,0.6451612903225806,0.6896551724137931,0.75,0.06451612903225806,2.0713463751438437,3.6823935558112773,0.256,0.5625,0.6923076923076923,0.7222222222222222,0.1875,0,0.11507479861910241,0.008,0,0,0,0,0.8055235903337169,1.9562715765247412,0.136,0.4117647058823529,0.4375,0.8571428571428571,0.058823529411764705,1.380897583429229,5.063291139240507,0.352,0.2727272727272727,0.2727272727272727,0.8333333333333334,0,12,44,0.2727272727272727,0,0
"Taj Gibson","CHA",37,409,0.5600563157894737,0.6526315789473685,4.712903225806452,23.35,4.024390243902439,7.317073170731708,0.631578947368421,0.55,0.6470588235294118,0.5757575757575758,0.15,1.2195121951219512,2.926829268292683,0.25263157894736843,0.4166666666666667,0.47619047619047616,0.7,0.125,0.36585365853658536,1.0975609756097562,0.09473684210526316,0.3333333333333333,0.3333333333333333,1,0,0.12195121951219512,0.24390243902439024,0.021052631578947368,0.5,0.5,1,0,0,0,0,0,0,0,0,0,0,0,0,0
"Ousmane Dieng","OKC",37,405,0.5663504,0.8,5.235185185185185,25.225352112676056,2.2458628841607564,3.4278959810874703,0.232,0.6551724137931034,0.7916666666666666,0.7368421052631579,0.1724137931034483,1.0638297872340425,2.127659574468085,0.144,0.5,0.5294117647058824,0.6666666666666666,0.05555555555555555,0.3546099290780142,0.8274231678486997,0.056,0.42857142857142855,0.42857142857142855,1,0,0.8274231678486997,2.600472813238771,0.176,0.3181818181818182,0.3181818181818182,1,0,1.8912529550827424,5.791962174940898,0.392,0.32653061224489793,0.32653061224489793,0.875,0,16,49,0.32653061224489793,0,0
"Jordan Walsh","BOS",52,403,0.5517686746987952,0.8795180722891566,3.039285714285714,25.154545454545456,1.4981273408239701,2.247191011235955,0.21686746987951808,0.6666666666666666,0.6666666666666666,0.4166666666666667,0,0.37453183520599254,1.2484394506866416,0.12048192771084337,0.3,0.42857142857142855,0.6666666666666666,0.3,0,0,0,0,0,0,0,0.7490636704119851,2.9962546816479403,0.2891566265060241,0.25,0.25,1,0,1.1235955056179776,3.8701622971285894,0.37349397590361444,0.2903225806451613,0.2903225806451613,1,0,9,31,0.2903225806451613,0,0
"Hunter Tyson","DEN",51,400,0.53780375,0.8333333333333334,5.260869565217392,25.272972972972973,2.0334928229665072,3.110047846889952,0.21666666666666667,0.6538461538461539,0.7727272727272727,0.6470588235294118,0.15384615384615385,0.3588516746411483,1.674641148325359,0.11666666666666667,0.21428571428571427,0.375,1,0.42857142857142855,0.23923444976076555,0.7177033492822966,0.05,0.3333333333333333,0.3333333333333333,0.5,0,0.7177033492822966,2.751196172248804,0.19166666666666668,0.2608695652173913,0.2608695652173913,0.8333333333333334,0,2.0334928229665072,6.100478468899522,0.425,0.3333333333333333,0.34,0.9411764705882353,0.0196078431372549,17,51,0.3333333333333333,0,0
"Anthony Gill","WAS",51,397,0.5207943181818182,0.7045454545454546,4.575438596491228,25.003225806451614,2.3284313725490198,3.799019607843137,0.3522727272727273,0.6129032258064516,0.6551724137931034,0.631578947368421,0.06451612903225806,1.7156862745098038,2.9411764705882355,0.2727272727272727,0.5833333333333334,0.6666666666666666,0.5714285714285714,0.125,0,0.24509803921568626,0.022727272727272728,0,0,0,0.5,0.49019607843137253,1.5931372549019607,0.14772727272727273,0.3076923076923077,0.3076923076923077,1,0,0.7352941176470589,2.2058823529411766,0.20454545454545456,0.3333333333333333,0.3333333333333333,1,0,6,18,0.3333333333333333,0,0
"Jeff Green","HOU",32,396,0.5400264462809917,0.7933884297520661,7.135714285714285,24.548101265822783,1.6009852216748768,2.0935960591133007,0.14049586776859505,0.7647058823529411,0.7647058823529411,0.6923076923076923,0,1.6009852216748768,2.2167487684729066,0.1487603305785124,0.7222222222222222,0.8125,0.3076923076923077,0.1111111111111111,0.7389162561576355,0.8620689655172413,0.05785123966942149,0.8571428571428571,0.8571428571428571,0.6666666666666666,0,1.9704433497536946,5.295566502463054,0.35537190082644626,0.37209302325581395,0.37209302325581395,1,0,1.6009852216748768,4.433497536945813,0.2975206611570248,0.3611111111111111,0.3611111111111111,0.9230769230769231,0,13,36,0.3611111111111111,0,0
"Devin Carter","SAC",36,396,0.5223948,0.7007874015748031,5.804545454545455,26.257377049180327,2.1223470661672907,3.495630461922597,0.2204724409448819,0.6071428571428571,0.68,0.47058823529411764,0.10714285714285714,1.373283395755306,4.369538077403246,0.2755905511811024,0.3142857142857143,0.3333333333333333,0.18181818181818182,0.05714285714285714,0.12484394506866417,0.37453183520599254,0.023622047244094488,0.3333333333333333,0.3333333333333333,0,0,0.6242197253433208,1.9975031210986267,0.12598425196850394,0.3125,0.3125,0.8,0,1.6229712858926342,5.617977528089888,0.3543307086614173,0.28888888888888886,0.28888888888888886,0.7692307692307693,0,13,45,0.28888888888888886,0,0
"Trey Jemison III","LAL",38,392,0.5507202702702703,0.6486486486486487,3.9081081081081086,0,4.219948849104859,6.138107416879795,0.6486486486486487,0.6875,0.7857142857142857,0.7272727272727273,0.125,1.0230179028132993,3.1969309462915603,0.33783783783783783,0.32,0.38095238095238093,0.875,0.16,0,0.1278772378516624,0.013513513513513514,0,0,0,0,0,0,0,0,0,0,0,0,0,0,0,0,0,0,0,0,0,0,0
"Reggie Jackson","PHI",31,384,0.515079389312977,0.6992481203007519,7.913559322033898,26.62837837837838,1.445466491458607,2.4967148488830486,0.14285714285714285,0.5789473684210527,0.6470588235294118,0.6363636363636364,0.10526315789473684,1.5768725361366622,3.679369250985545,0.21052631578947367,0.42857142857142855,0.42857142857142855,0.4166666666666667,0,0.5256241787122208,1.5768725361366622,0.09022556390977443,0.3333333333333333,0.3333333333333333,0,0,0.7884362680683311,1.971090670170828,0.11278195488721804,0.4,0.4,1,0,2.4967148488830486,7.752956636005257,0.44360902255639095,0.3220338983050847,0.3275862068965517,0.7368421052631579,0.01694915254237288,19,57,0.3333333333333333,2,0
"Baylor Scheierman","BOS",31,384,0.5319763636363637,0.8545454545454545,7.471428571428571,26.071951219512197,1.0680907877169559,1.6021361815754338,0.10909090909090909,0.6666666666666666,0.6666666666666666,0.625,0,0.26702269692923897,1.335113484646195,0.09090909090909091,0.2,0.25,0.5,0.2,0.40053404539385845,0.8010680907877169,0.05454545454545454,0.5,0.5,0.6666666666666666,0,1.0680907877169559,3.3377837116154874,0.22727272727272727,0.32,0.3333333333333333,1,0.04,2.403204272363151,7.610146862483311,0.5181818181818182,0.3157894736842105,0.3157894736842105,0.8333333333333334,0,18,57,0.3157894736842105,0,0
"Quenton Jackson","IND",28,381,0.6101877049180328,0.8442622950819673,3.729268292682927,25.305,4.601990049751244,7.835820895522388,0.5163934426229508,0.5873015873015873,0.7115384615384616,0.5945945945945946,0.1746031746031746,0.6218905472636815,1.492537313432836,0.09836065573770492,0.4166666666666667,0.5,0.4,0.16666666666666666,0.12437810945273632,0.8706467661691543,0.05737704918032787,0.14285714285714285,0.14285714285714285,0,0,0.4975124378109453,1.6169154228855722,0.10655737704918032,0.3076923076923077,0.3076923076923077,1,0,1.3681592039800996,3.3582089552238807,0.22131147540983606,0.4074074074074074,0.4074074074074074,0.9090909090909091,0,11,27,0.4074074074074074,0,0
"Alex Len","LAL",46,380,0.5367666666666666,0.5873015873015873,4.6462962962962955,24.68888888888889,2.2135416666666665,3.6458333333333335,0.4444444444444444,0.6071428571428571,0.7391304347826086,0.7058823529411765,0.17857142857142858,1.6927083333333333,3.2552083333333335,0.3968253968253968,0.52,0.5652173913043478,0.7692307692307693,0.08,0,0.13020833333333334,0.015873015873015872,0,0,0,0,0.13020833333333334,0.5208333333333334,0.06349206349206349,0.25,0.25,1,0,0.13020833333333334,0.6510416666666666,0.07936507936507936,0.2,0.2,1,0,1,5,0.2,0,0
"Johnny Furphy","IND",50,379,0.5682141304347826,0.8804347826086957,3.7047619047619045,24.968000000000004,2.078239608801956,3.7897310513447433,0.33695652173913043,0.5483870967741935,0.7083333333333334,0.8235294117647058,0.22580645161290322,0.36674816625916873,1.1002444987775062,0.09782608695652174,0.3333333333333333,0.42857142857142855,1,0.2222222222222222,0,0.24449877750611246,0.021739130434782608,0,0,0,0,0.9779951100244498,2.6894865525672373,0.2391304347826087,0.36363636363636365,0.36363636363636365,0.875,0,0.8557457212713936,3.4229828850855744,0.30434782608695654,0.25,0.2692307692307692,1,0.07142857142857142,7,28,0.25,0,0
"Charles Bassey","SAS",36,376,0.5895205128205129,0.6837606837606838,3.4811965811965813,0,6.125,10,0.6837606837606838,0.6125,0.6712328767123288,0.7551020408163265,0.0875,2.375,4.25,0.2905982905982906,0.5588235294117647,0.5588235294117647,0.8421052631578947,0,0,0.375,0.02564102564102564,0,0,0,0,0,0,0,0,0,0,0,0,0,0,0,0,0,0,0,0,0,0,0
"Dominick Barlow","ATL",35,375,0.586401376146789,0.6964285714285714,4.816470588235294,23.73076923076923,4.648241206030151,6.407035175879397,0.45535714285714285,0.7254901960784313,0.8043478260869565,0.7297297297297297,0.09803921568627451,1.7587939698492463,3.391959798994975,0.24107142857142858,0.5185185185185185,0.56,0.7142857142857143,0.07407407407407407,0.12562814070351758,0.8793969849246231,0.0625,0.14285714285714285,0.14285714285714285,1,0,0.5025125628140703,2.512562814070352,0.17857142857142858,0.2,0.2,1,0,0.3768844221105528,0.8793969849246231,0.0625,0.42857142857142855,0.42857142857142855,1,0,3,7,0.42857142857142855,0,0
"Danté Exum","DAL",20,372,0.5436018796992481,0.7238805970149254,5.335802469135802,25.549056603773582,3.5110533159947983,5.721716514954486,0.3283582089552239,0.6136363636363636,0.75,0.37037037037037035,0.18181818181818182,1.4304291287386215,4.161248374512354,0.23880597014925373,0.34375,0.4230769230769231,0.5454545454545454,0.1875,0.39011703511053314,0.6501950585175552,0.03731343283582089,0.6,0.6,0.3333333333333333,0,1.3003901170351104,2.210663198959688,0.12686567164179105,0.5882352941176471,0.5882352941176471,1,0,1.6905071521456436,4.681404421326398,0.26865671641791045,0.3611111111111111,0.3611111111111111,0.8461538461538461,0,13,35,0.37142857142857144,1,0
"Damion Baugh","CHA",15,370,0.5306888461538461,0.6923076923076923,4.785135135135135,25.460714285714285,2.5367156208277706,4.539385847797063,0.26153846153846155,0.5588235294117647,0.59375,0.2631578947368421,0.058823529411764705,1.335113484646195,5.073431241655541,0.2923076923076923,0.2631578947368421,0.3225806451612903,0.7,0.18421052631578946,0.13351134846461948,0.26702269692923897,0.015384615384615385,0.5,0.5,1,0,0.26702269692923897,2.5367156208277706,0.14615384615384616,0.10526315789473684,0.10526315789473684,1,0,1.335113484646195,4.939919893190921,0.2846153846153846,0.2702702702702703,0.2702702702702703,1,0,10,37,0.2702702702702703,0,0
"Jaden Springer","UTA",43,365,0.5300303370786517,0.7333333333333333,5.935714285714286,25.633333333333336,1.8469656992084433,2.37467018469657,0.2,0.7777777777777778,0.8235294117647058,0.35714285714285715,0.05555555555555555,1.0554089709762533,2.9023746701846966,0.24444444444444444,0.36363636363636365,0.4,0.75,0.09090909090909091,0.13192612137203166,0.2638522427440633,0.022222222222222223,0.5,0.5,1,0,0.5277044854881267,3.034300791556728,0.25555555555555554,0.17391304347826086,0.17391304347826086,1,0,1.0554089709762533,3.2981530343007917,0.2777777777777778,0.32,0.3333333333333333,0.875,0.04,8,24,0.3333333333333333,1,0
"Robert Williams III","POR",20,351,0.6253820512820513,0.8076923076923077,2.7279999999999998,26.833333333333332,6.284916201117318,8.379888268156424,0.7692307692307693,0.75,0.7894736842105263,0.7555555555555555,0.05,0.41899441340782123,1.675977653631285,0.15384615384615385,0.25,0.3333333333333333,0.6666666666666666,0.25,0.13966480446927373,0.41899441340782123,0.038461538461538464,0.3333333333333333,0.3333333333333333,1,0,0.13966480446927373,0.27932960893854747,0.02564102564102564,0.5,0.5,1,0,0,0.13966480446927373,0.01282051282051282,0,0,0,0,0,1,0,0,0
"Doug McDermott","SAC",42,342,0.5324616071428572,0.9316239316239316,7.95,25.732,0.5722460658082976,1.1444921316165952,0.06837606837606838,0.5,0.5714285714285714,1,0.125,0.1430615164520744,0.7153075822603719,0.042735042735042736,0.2,0.2,1,0,0.1430615164520744,0.4291845493562232,0.02564102564102564,0.3333333333333333,0.3333333333333333,1,0,1.7167381974248928,3.8626609442060085,0.23076923076923078,0.4444444444444444,0.4444444444444444,1,0,4.577968526466381,10.586552217453505,0.6324786324786325,0.43243243243243246,0.4444444444444444,1,0.02702702702702703,32,73,0.4383561643835616,1,0
"Christian Koloko","LAL",37,342,0.6024780303030304,0.803030303030303,3.2870967741935484,24.975,5.01432664756447,7.020057306590258,0.7424242424242424,0.7142857142857143,0.813953488372093,0.8857142857142857,0.12244897959183673,0.5730659025787965,1.5759312320916905,0.16666666666666666,0.36363636363636365,0.4444444444444444,0.5,0.18181818181818182,0.14326647564469913,0.28653295128939826,0.030303030303030304,0.5,0.5,0,0,0,0.28653295128939826,0.030303030303030304,0,0,0,0,0,0.28653295128939826,0.030303030303030304,0,0,0,0,0,2,0,0,0
"Terrence Shannon Jr.","MIN",32,339,0.5719824561403509,0.6929824561403509,4.54578313253012,23.93548387096774,4.628330995792426,6.732117812061711,0.42105263157894735,0.6875,0.868421052631579,0.7878787878787878,0.20833333333333334,1.402524544179523,4.0673211781206176,0.2543859649122807,0.3448275862068966,0.47619047619047616,1,0.27586206896551724,0.1402524544179523,0.8415147265077139,0.05263157894736842,0.16666666666666666,0.16666666666666666,1,0,1.1220196353436185,2.9453015427769986,0.18421052631578946,0.38095238095238093,0.38095238095238093,1,0,0.42075736325385693,1.402524544179523,0.08771929824561403,0.3,0.3,1,0,3,10,0.3,0,0
"Keion Brooks Jr.","NOP",14,332,0.5471678899082569,0.6972477064220184,5.728787878787879,24.91395348837209,3.488372093023256,4.796511627906977,0.30275229357798167,0.7272727272727273,0.8571428571428571,0.6666666666666666,0.15151515151515152,1.744186046511628,4.3604651162790695,0.27522935779816515,0.4,0.41379310344827586,0.75,0.03333333333333333,0.436046511627907,0.436046511627907,0.027522935779816515,1,1,1,0,1.0174418604651163,2.4709302325581395,0.1559633027522936,0.4117647058823529,0.4117647058823529,1,0,1.0174418604651163,3.7790697674418605,0.23853211009174313,0.2692307692307692,0.2692307692307692,1,0,7,26,0.2692307692307692,0,0
"Tristan Thompson","CLE",40,328,0.5510225352112675,0.5633802816901409,4.863235294117647,25.5,3.111111111111111,5.481481481481482,0.5211267605633803,0.5675675675675675,0.65625,0.6666666666666666,0.13513513513513514,1.4814814814814814,4.148148148148148,0.39436619718309857,0.35714285714285715,0.38461538461538464,0.8,0.07142857142857142,0,0.4444444444444444,0.04225352112676056,0,0,0,0,0,0.14814814814814814,0.014084507042253521,0,0,0,0,0,0.2962962962962963,0.028169014084507043,0,0,0,0,0,2,0,0,0
"Maxwell Lewis","BKN",28,328,0.5378305555555556,0.7314814814814815,6.303448275862069,24.644000000000002,2.8875379939209727,4.407294832826747,0.26851851851851855,0.6551724137931034,0.7916666666666666,0.6842105263157895,0.1724137931034483,0.9118541033434651,3.3434650455927053,0.2037037037037037,0.2727272727272727,0.3333333333333333,0.5,0.18181818181818182,0.1519756838905775,1.0638297872340425,0.06481481481481481,0.14285714285714285,0.14285714285714285,1,0,1.0638297872340425,3.0395136778115504,0.18518518518518517,0.35,0.35,0.8571428571428571,0,1.8237082066869301,4.5592705167173255,0.2777777777777778,0.4,0.41379310344827586,0.9166666666666666,0.03333333333333333,12,30,0.4,0,0
"Patty Mills","LAC",29,321,0.5256609375,0.8333333333333334,10.70952380952381,25.613333333333333,0.4457652303120357,0.7429420505200595,0.052083333333333336,0.6,0.75,0.3333333333333333,0.2,0.4457652303120357,1.0401188707280833,0.07291666666666667,0.42857142857142855,0.42857142857142855,0.3333333333333333,0,0.5943536404160475,1.337295690936107,0.09375,0.4444444444444444,0.5,0.75,0.1111111111111111,0.8915304606240714,1.7830609212481427,0.125,0.5,0.5,1,0,2.971768202080238,9.36106983655275,0.65625,0.31746031746031744,0.3225806451612903,0.7,0.015873015873015872,20,63,0.31746031746031744,0,0
"Jevon Carter","CHI",36,321,0.532006506849315,0.821917808219178,7.270731707317074,25.32857142857143,1.1347517730496455,2.127659574468085,0.10273972602739725,0.5333333333333333,0.6153846153846154,0.25,0.13333333333333333,1.2765957446808511,2.978723404255319,0.14383561643835616,0.42857142857142855,0.45,0.8888888888888888,0.047619047619047616,0.425531914893617,0.7092198581560284,0.03424657534246575,0.6,0.6,0.6666666666666666,0,1.4184397163120568,3.5460992907801416,0.17123287671232876,0.4,0.4166666666666667,0.8,0.04,3.5460992907801416,11.347517730496454,0.547945205479452,0.3125,0.3125,0.72,0,25,80,0.3125,0,0
"Tre Mann","CHA",13,319,0.5271978260869565,0.6894409937888198,6.205940594059405,25.975,3.6334913112164298,8.056872037914692,0.3167701863354037,0.45098039215686275,0.5348837209302325,0.13043478260869565,0.1568627450980392,2.843601895734597,6.003159557661927,0.2360248447204969,0.47368421052631576,0.5294117647058824,0.16666666666666666,0.10526315789473684,0.7898894154818326,1.8957345971563981,0.07453416149068323,0.4166666666666667,0.45454545454545453,0.4,0.08333333333333333,0.9478672985781991,2.3696682464454977,0.09316770186335403,0.4,0.4,0.8333333333333334,0,2.843601895734597,7.109004739336493,0.2795031055900621,0.4,0.4,0.4444444444444444,0,18,45,0.4,0,0
"Jalen Hood-Schifino","PHI",15,315,0.4931632653061224,0.6122448979591837,11.057692307692308,25.956521739130434,0.7668711656441718,2.147239263803681,0.14285714285714285,0.35714285714285715,0.38461538461538464,0.4,0.07142857142857142,1.5337423312883436,2.7607361963190185,0.1836734693877551,0.5555555555555556,0.5882352941176471,0.2,0.05555555555555555,1.2269938650306749,3.067484662576687,0.20408163265306123,0.4,0.4,0.375,0,0.4601226993865031,0.9202453987730062,0.061224489795918366,0.5,0.5,1,0,1.687116564417178,6.134969325153374,0.40816326530612246,0.275,0.2894736842105263,0.45454545454545453,0.05,11,40,0.275,0,0
"Jordan McLaughlin","SAS",46,314,0.5130125,0.7777777777777778,8.188461538461537,25.63478260869565,0.9433962264150944,1.5723270440251573,0.1388888888888889,0.6,1,0.5,0.4,0.4716981132075472,1.729559748427673,0.1527777777777778,0.2727272727272727,0.2727272727272727,0,0,0.4716981132075472,0.7861635220125787,0.06944444444444445,0.6,0.6,0.6666666666666666,0,0.4716981132075472,2.0440251572327046,0.18055555555555555,0.23076923076923078,0.23076923076923078,1,0,2.5157232704402515,5.188679245283019,0.4583333333333333,0.48484848484848486,0.48484848484848486,0.625,0,16,32,0.5,1,0
"Torrey Craig","BOS",26,314,0.5663622222222222,0.9,4.316666666666666,24.945454545454545,1.6233766233766234,2.435064935064935,0.16666666666666666,0.6666666666666666,0.7142857142857143,0.7,0.06666666666666667,0.6493506493506493,1.2987012987012987,0.08888888888888889,0.5,0.5714285714285714,0.75,0.125,0,0.16233766233766234,0.011111111111111112,0,0,0,0,1.4610389610389611,4.707792207792208,0.32222222222222224,0.3103448275862069,0.32142857142857145,1,0.034482758620689655,2.435064935064935,6.0064935064935066,0.4111111111111111,0.40540540540540543,0.40540540540540543,0.9333333333333333,0,15,37,0.40540540540540543,0,0
"Matisse Thybulle","POR",15,312,0.5403,0.7613636363636364,4.7275,24.844444444444445,2.0030816640986133,2.9275808936825887,0.2159090909090909,0.6842105263157895,0.7222222222222222,0.6923076923076923,0.05263157894736842,1.2326656394453004,3.235747303543914,0.23863636363636365,0.38095238095238093,0.42105263157894735,0.375,0.09523809523809523,0,0,0,0,0,0,0,1.078582434514638,3.235747303543914,0.23863636363636365,0.3333333333333333,0.3333333333333333,1,0,2.157164869029276,4.160246533127889,0.3068181818181818,0.5185185185185185,0.5185185185185185,1,0,14,27,0.5185185185185185,0,0
"Isaac Jones","SAC",40,304,0.5630204819277108,0.6385542168674698,3.250666666666667,23.675,5.371248025276461,7.109004739336493,0.5421686746987951,0.7555555555555555,0.8717948717948718,0.8235294117647058,0.13333333333333333,2.6856240126382307,4.739336492890995,0.3614457831325301,0.5666666666666667,0.7083333333333334,0.6470588235294118,0.2,0,0,0,0,0,0,0,0.47393364928909953,0.9478672985781991,0.07228915662650602,0.5,0.6,1,0.16666666666666666,0,0.315955766192733,0.024096385542168676,0,0,0,0,0,2,0,0,0
"Tyler Kolek","NYK",41,296,0.5227634615384615,0.7560975609756098,5.582857142857143,25.761702127659575,0.975609756097561,2.4390243902439024,0.18292682926829268,0.4,0.5,0.16666666666666666,0.2,0.975609756097561,3.089430894308943,0.23170731707317074,0.3157894736842105,0.3157894736842105,0.16666666666666666,0,0.16260162601626016,0.16260162601626016,0.012195121951219513,1,1,1,0,0.6504065040650406,1.7886178861788617,0.13414634146341464,0.36363636363636365,0.36363636363636365,1,0,1.6260162601626016,5.853658536585366,0.43902439024390244,0.2777777777777778,0.2777777777777778,1,0,10,35,0.2857142857142857,1,0
"Mitchell Robinson","NYK",17,290,0.6628321428571429,0.9464285714285714,1.0714285714285714,0,6.498194945848375,9.566787003610107,0.9464285714285714,0.6792452830188679,0.6792452830188679,0.3611111111111111,0,0.18050541516245489,0.5415162454873647,0.05357142857142857,0.3333333333333333,0.5,1,0.3333333333333333,0,0,0,0,0,0,0,0,0,0,0,0,0,0,0,0,0,0,0,0,0,0,0,0,0,0
"Josh Minott","MIN",46,276,0.6158166666666667,0.9111111111111111,2.2914893617021277,24.42325581395349,4.273504273504273,6.666666666666667,0.43333333333333335,0.6410256410256411,0.7142857142857143,0.72,0.10256410256410256,0.8547008547008547,1.3675213675213675,0.08888888888888889,0.625,0.7142857142857143,0.6,0.125,0,0,0,0,0,0,0,1.5384615384615385,4.444444444444445,0.28888888888888886,0.34615384615384615,0.36,1,0.038461538461538464,0.8547008547008547,2.905982905982906,0.18888888888888888,0.29411764705882354,0.29411764705882354,1,0,5,17,0.29411764705882354,0,0
"Kobe Brown","LAC",40,272,0.5482555555555556,0.8055555555555556,3.632608695652174,25.626923076923074,3.6496350364963503,5.839416058394161,0.4444444444444444,0.625,0.6666666666666666,0.55,0.0625,1.2773722627737227,2.372262773722628,0.18055555555555555,0.5384615384615384,0.5833333333333334,0.5714285714285714,0.07692307692307693,0,0.18248175182481752,0.013888888888888888,0,0,0,0,0.5474452554744526,1.094890510948905,0.08333333333333333,0.5,0.5,1,0,0.5474452554744526,3.6496350364963503,0.2777777777777778,0.15,0.15,1,0,3,20,0.15,0,0
"Dru Smith","MIA",14,268,0.5501172131147541,0.7213114754098361,4.632258064516129,24.913333333333334,1.8115942028985508,2.536231884057971,0.22950819672131148,0.7142857142857143,0.7142857142857143,0.5,0,0.9057971014492754,3.079710144927536,0.2786885245901639,0.29411764705882354,0.3333333333333333,0.2,0.11764705882352941,0,0,0,0,0,0,0,1.2681159420289856,1.9927536231884058,0.18032786885245902,0.6363636363636364,0.6363636363636364,1,0,1.6304347826086956,3.4420289855072466,0.3114754098360656,0.47368421052631576,0.47368421052631576,0.7777777777777778,0,9,19,0.47368421052631576,0,0
"Isaiah Wong","CHA",20,265,0.49025288461538463,0.5333333333333333,7.997222222222222,27.009090909090908,1.694915254237288,4.3314500941619585,0.21904761904761905,0.391304347826087,0.5294117647058824,0.4444444444444444,0.2608695652173913,2.824858757062147,7.1563088512241055,0.3619047619047619,0.39473684210526316,0.46875,0.4,0.15789473684210525,0.7532956685499058,2.071563088512241,0.10476190476190476,0.36363636363636365,0.4,0.25,0.09090909090909091,0.18832391713747645,0.7532956685499058,0.0380952380952381,0.25,0.25,1,0,2.2598870056497176,5.4613935969868175,0.2761904761904762,0.41379310344827586,0.41379310344827586,0.75,0,12,28,0.42857142857142855,1,0
"Marvin Bagley III","MEM",31,265,0.5940051886792452,0.7358490566037735,3.6298850574712644,25.57894736842105,7.5134168157423975,10.554561717352415,0.5566037735849056,0.711864406779661,0.75,0.4523809523809524,0.05084745762711865,1.6100178890876566,4.651162790697675,0.24528301886792453,0.34615384615384615,0.36,0.8888888888888888,0.038461538461538464,0.17889087656529518,0.35778175313059035,0.018867924528301886,0.5,0.5,1,0,0.17889087656529518,1.073345259391771,0.05660377358490566,0.16666666666666666,0.16666666666666666,1,0,0.35778175313059035,2.3255813953488373,0.12264150943396226,0.15384615384615385,0.15384615384615385,1,0,2,13,0.15384615384615385,0,0
"Oscar Tshiebwe","UTA",14,255,0.5023727272727272,0.45714285714285713,4.584285714285714,0,4.423076923076923,6.153846153846154,0.45714285714285713,0.71875,0.8518518518518519,0.5217391304347826,0.15625,3.6538461538461537,7.3076923076923075,0.5428571428571428,0.5,0.5757575757575758,0.6842105263157895,0.13157894736842105,0,0,0,0,0,0,0,0,0,0,0,0,0,0,0,0,0,0,0,0,0,0,0,0,0,0
"Drew Timme","BKN",9,254,0.5356940594059406,0.696078431372549,5.1,26.37142857142857,4.038461538461538,6.923076923076923,0.35294117647058826,0.5833333333333334,0.6176470588235294,0.5714285714285714,0.05555555555555555,2.6923076923076925,5.769230769230769,0.29411764705882354,0.4666666666666667,0.4666666666666667,0.8571428571428571,0,0.19230769230769232,0.19230769230769232,0.00980392156862745,1,1,1,0,0.38461538461538464,1.1538461538461537,0.058823529411764705,0.3333333333333333,0.3333333333333333,1,0,1.3461538461538463,5.576923076923077,0.28431372549019607,0.2413793103448276,0.2413793103448276,1,0,7,28,0.25,1,0
"Marcus Bagley","PHI",10,253,0.587873188405797,0.8985507246376812,3.1405405405405404,25.30625,3.984819734345351,5.692599620493358,0.43478260869565216,0.7,0.84,0.5714285714285714,0.16666666666666666,0.18975332068311196,1.1385199240986716,0.08695652173913043,0.16666666666666666,0.16666666666666666,0,0,0,0.18975332068311196,0.014492753623188406,0,0,0,0,0.7590132827324478,2.4667931688804554,0.18840579710144928,0.3076923076923077,0.3076923076923077,0.75,0,0.18975332068311196,3.6053130929791273,0.2753623188405797,0.05263157894736842,0.05263157894736842,1,0,1,19,0.05263157894736842,0,0
"Cam Spencer","MEM",25,252,0.5315607594936709,0.7560975609756098,7.479310344827587,25.324528301886794,1.1363636363636365,1.7045454545454546,0.10975609756097561,0.6666666666666666,0.75,0.8333333333333334,0.1111111111111111,1.5151515151515151,3.0303030303030303,0.1951219512195122,0.5,0.5,0.875,0,0.1893939393939394,0.7575757575757576,0.04878048780487805,0.25,0.25,1,0,0.3787878787878788,1.1363636363636365,0.07317073170731707,0.3333333333333333,0.3333333333333333,1,0,3.2196969696969697,8.901515151515152,0.573170731707317,0.3617021276595745,0.3617021276595745,0.9411764705882353,0,17,47,0.3617021276595745,0,0
"Kevin Love","MIA",23,251,0.5464285087719298,0.8173913043478261,5.152083333333334,25.98955223880597,2.099236641221374,5.152671755725191,0.23478260869565218,0.4074074074074074,0.44,0.36363636363636365,0.07407407407407407,0.9541984732824428,3.053435114503817,0.1391304347826087,0.3125,0.38461538461538464,0.6,0.1875,0.19083969465648856,0.9541984732824428,0.043478260869565216,0.2,0.25,1,0.2,0.9541984732824428,2.6717557251908395,0.12173913043478261,0.35714285714285715,0.35714285714285715,1,0,3.6259541984732824,10.114503816793894,0.4608695652173913,0.3584905660377358,0.3584905660377358,0.8947368421052632,0,19,52,0.36538461538461536,1,0
"Pat Spencer","GSW",39,250,0.4911616161616162,0.5247524752475248,5.931645569620254,25.768181818181816,2.9013539651837523,5.996131528046422,0.3069306930693069,0.4838709677419355,0.5769230769230769,0.6666666666666666,0.16129032258064516,3.6750483558994196,8.317214700193423,0.42574257425742573,0.4418604651162791,0.5,0.42105263157894735,0.11627906976744186,0.38684719535783363,0.9671179883945842,0.04950495049504951,0.4,0.4,1,0,0.19342359767891681,0.5802707930367504,0.0297029702970297,0.3333333333333333,0.3333333333333333,1,0,0.7736943907156673,3.6750483558994196,0.18811881188118812,0.21052631578947367,0.21052631578947367,1,0,4,19,0.21052631578947367,0,0
"JT Thor","WAS",20,249,0.5344322033898306,0.6440677966101694,6.928947368421053,24.395238095238092,2.3622047244094486,3.3464566929133857,0.288135593220339,0.7058823529411765,0.7058823529411765,0.6666666666666666,0,0.7874015748031497,2.7559055118110236,0.23728813559322035,0.2857142857142857,0.3333333333333333,0.5,0.14285714285714285,0.5905511811023622,1.3779527559055118,0.11864406779661017,0.42857142857142855,0.6,0.6666666666666666,0.2857142857142857,0.1968503937007874,2.1653543307086616,0.1864406779661017,0.09090909090909091,0.09090909090909091,1,0,0.984251968503937,1.968503937007874,0.1694915254237288,0.5,0.5,1,0,5,10,0.5,0,0
"Branden Carlson","OKC",32,246,0.5504943298969073,0.865979381443299,3.8806451612903223,24.98939393939394,2.6923076923076925,3.4615384615384617,0.18556701030927836,0.7777777777777778,0.875,0.42857142857142855,0.1111111111111111,1.3461538461538463,2.3076923076923075,0.12371134020618557,0.5833333333333334,0.7,0.7142857142857143,0.16666666666666666,0,0.19230769230769232,0.010309278350515464,0,0,0,0,1.3461538461538463,3.8461538461538463,0.20618556701030927,0.35,0.35,1,0,2.8846153846153846,8.846153846153847,0.4742268041237113,0.32608695652173914,0.32608695652173914,1,0,15,46,0.32608695652173914,0,0
"Dariq Whitehead","BKN",20,246,0.5341760416666667,0.875,7.204545454545454,25.495945945945948,0.3913894324853229,1.9569471624266144,0.10416666666666667,0.2,0.5,1,0.6,0.7827788649706457,1.761252446183953,0.09375,0.4444444444444444,0.4444444444444444,0.25,0,0,0.5870841487279843,0.03125,0,0,0,0,1.761252446183953,3.9138943248532287,0.20833333333333334,0.45,0.45,1,0,4.6966731898238745,10.567514677103718,0.5625,0.4444444444444444,0.4444444444444444,0.9583333333333334,0,24,54,0.4444444444444444,0,0
"Johnny Davis","WAS",34,242,0.5393679487179488,0.6923076923076923,5.422448979591836,25.26551724137931,3.094777562862669,4.835589941972921,0.32051282051282054,0.64,0.6956521739130435,0.6875,0.08,1.3539651837524178,4.061895551257253,0.2692307692307692,0.3333333333333333,0.35,0.7142857142857143,0.047619047619047616,0.38684719535783363,0.5802707930367504,0.038461538461538464,0.6666666666666666,0.6666666666666666,0.5,0,0.38684719535783363,2.3210831721470018,0.15384615384615385,0.16666666666666666,0.16666666666666666,1,0,0.9671179883945842,3.288201160541586,0.21794871794871795,0.29411764705882354,0.29411764705882354,1,0,5,17,0.29411764705882354,0,0
"Bones Hyland","MIN",24,239,0.502048717948718,0.8220338983050848,9.058333333333332,26.567073170731707,1.646090534979424,3.0864197530864197,0.1271186440677966,0.5333333333333333,0.6153846153846154,0.5,0.13333333333333333,0.411522633744856,1.8518518518518519,0.07627118644067797,0.2222222222222222,0.2222222222222222,0.5,0,1.02880658436214,2.4691358024691357,0.1016949152542373,0.4166666666666667,0.5,0.2,0.16666666666666666,0.823045267489712,1.646090534979424,0.06779661016949153,0.5,0.5,1,0,5.761316872427984,15.22633744855967,0.6271186440677966,0.3783783783783784,0.3835616438356164,0.35714285714285715,0.013513513513513514,28,73,0.3835616438356164,1,0
"Jaylen Martin","WAS",16,239,0.5257810810810811,0.6756756756756757,5.237254901960784,25.26086956521739,3.861788617886179,5.487804878048781,0.36486486486486486,0.7037037037037037,0.76,0.6842105263157895,0.07407407407407407,1.016260162601626,4.471544715447155,0.2972972972972973,0.22727272727272727,0.2631578947368421,0.6,0.13636363636363635,0,0.4065040650406504,0.02702702702702703,0,0,0,0,0.2032520325203252,1.4227642276422765,0.0945945945945946,0.14285714285714285,0.14285714285714285,1,0,1.2195121951219512,3.252032520325203,0.21621621621621623,0.375,0.375,1,0,6,16,0.375,0,0
"Xavier Tillman","BOS",33,231,0.51195,0.7924528301886793,5.252380952380952,25.084375,1.5350877192982457,2.192982456140351,0.18867924528301888,0.7,0.7777777777777778,0.2857142857142857,0.1,0.21929824561403508,2.412280701754386,0.20754716981132076,0.09090909090909091,0.125,1,0.2727272727272727,0,0,0,0,0,0,0,0.21929824561403508,2.8508771929824563,0.24528301886792453,0.07692307692307693,0.07692307692307693,1,0,0.8771929824561403,4.166666666666667,0.3584905660377358,0.21052631578947367,0.21052631578947367,1,0,4,19,0.21052631578947367,0,0
"Garrett Temple","TOR",28,227,0.5471125,0.75,6.746875,25.017857142857142,1.836734693877551,3.4693877551020407,0.2833333333333333,0.5294117647058824,0.6,0.6666666666666666,0.11764705882352941,0.40816326530612246,1.836734693877551,0.15,0.2222222222222222,0.2857142857142857,0.5,0.2222222222222222,0.20408163265306123,1.2244897959183674,0.1,0.16666666666666666,0.16666666666666666,0,0,0.40816326530612246,1.836734693877551,0.15,0.2222222222222222,0.2222222222222222,1,0,0.8163265306122449,3.877551020408163,0.31666666666666665,0.21052631578947367,0.21052631578947367,1,0,4,19,0.21052631578947367,0,0
"Jared Rhoden","TOR",14,226,0.6066298850574713,0.9195402298850575,3.0854166666666667,24.599999999999998,5.845511482254698,8.559498956158665,0.47126436781609193,0.6829268292682927,0.7777777777777778,0.7142857142857143,0.12195121951219512,0.4175365344467641,1.0438413361169103,0.05747126436781609,0.4,0.5,0.5,0.2,0,0.4175365344467641,0.022988505747126436,0,0,0,0,1.6701461377870563,3.757828810020877,0.20689655172413793,0.4444444444444444,0.4444444444444444,0.75,0,0.8350730688935282,4.384133611691023,0.2413793103448276,0.19047619047619047,0.19047619047619047,0.75,0,4,21,0.19047619047619047,0,0
"Luka Garza","MIN",38,219,0.5321538095238095,0.7047619047619048,4.731884057971015,25.24722222222222,5.543710021321962,8.102345415778252,0.3619047619047619,0.6842105263157895,0.8125,0.6538461538461539,0.15789473684210525,3.411513859275053,6.3965884861407245,0.2857142857142857,0.5333333333333333,0.5517241379310345,0.8125,0.03333333333333333,0,0.21321961620469082,0.009523809523809525,0,0,0,1,0,0.6396588486140725,0.02857142857142857,0,0,0,0,2.1321961620469083,7.036247334754798,0.3142857142857143,0.30303030303030304,0.30303030303030304,1,0,10,33,0.30303030303030304,0,0
"Ariel Hukporti","NYK",25,217,0.6328,0.7096774193548387,3.4451612903225803,0,3.5794183445190155,4.921700223713646,0.7096774193548387,0.7272727272727273,0.8,0.9375,0.09090909090909091,1.1185682326621924,2.0134228187919465,0.2903225806451613,0.5555555555555556,0.5555555555555556,1,0,0,0,0,0,0,0,0,0,0,0,0,0,0,0,0,0,0,0,0,0,0,0,0,0,0,0
"Alex Reese","PHI",15,216,0.5582679245283019,0.9259259259259259,3.7615384615384615,25.490243902439023,1.9693654266958425,1.9693654266958425,0.16666666666666666,1,1,0.5555555555555556,0,0.2188183807439825,0.6564551422319475,0.05555555555555555,0.3333333333333333,0.5,1,0.3333333333333333,0.2188183807439825,0.2188183807439825,0.018518518518518517,1,1,1,0,0.6564551422319475,3.2822757111597376,0.2777777777777778,0.2,0.2,1,0,2.62582056892779,5.689277899343545,0.48148148148148145,0.46153846153846156,0.46153846153846156,1,0,12,25,0.48,1,0
"Dario Šarić","DEN",16,210,0.5215991379310345,0.7931034482758621,4.75625,25.565384615384616,2.588235294117647,4.705882352941177,0.3448275862068966,0.55,0.7857142857142857,0.7272727272727273,0.3,0.47058823529411764,2.1176470588235294,0.15517241379310345,0.2222222222222222,0.2857142857142857,0.5,0.2222222222222222,0.23529411764705882,0.7058823529411765,0.05172413793103448,0.3333333333333333,0.3333333333333333,1,0,0.47058823529411764,0.9411764705882353,0.06896551724137931,0.5,0.5,1,0,1.1764705882352942,5.176470588235294,0.3793103448275862,0.22727272727272727,0.22727272727272727,1,0,5,22,0.22727272727272727,0,0
"Adam Flagler","OKC",37,203,0.5218768421052632,0.8125,9.875,25.663888888888888,0.9569377990430622,1.4354066985645932,0.0625,0.6666666666666666,0.6666666666666666,0.5,0,0.9569377990430622,2.3923444976076556,0.10416666666666667,0.4,0.4444444444444444,0.5,0.1,0.7177033492822966,1.9138755980861244,0.08333333333333333,0.375,0.375,0.6666666666666666,0,0,2.15311004784689,0.09375,0,0,0,0.1111111111111111,3.349282296650718,15.07177033492823,0.65625,0.2222222222222222,0.2222222222222222,0.8571428571428571,0,14,63,0.2222222222222222,0,0
"Chuma Okeke","CLE",9,197,0.604295,1,0.9416666666666668,24.800000000000004,2.272727272727273,3.0303030303030303,0.3,0.75,0.8181818181818182,0.4444444444444444,0.08333333333333333,0,0,0,0,0,0,0,0,0,0,0,0,0,0,1.5151515151515151,3.282828282828283,0.325,0.46153846153846156,0.46153846153846156,1,0,1.2626262626262625,3.787878787878788,0.375,0.3333333333333333,0.3333333333333333,1,0,5,15,0.3333333333333333,0,0
"Drew Peterson","BOS",25,186,0.5453268292682927,0.926829268292683,5.4125,25.3,0.5376344086021505,1.3440860215053763,0.12195121951219512,0.4,0.6666666666666666,0.5,0.4,0.26881720430107525,0.5376344086021505,0.04878048780487805,0.5,1,0,0.5,0.26881720430107525,0.26881720430107525,0.024390243902439025,1,1,0,0,0.8064516129032258,2.6881720430107525,0.24390243902439024,0.3,0.3,1,0,2.6881720430107525,6.182795698924731,0.5609756097560976,0.43478260869565216,0.43478260869565216,0.9,0,10,23,0.43478260869565216,0,0
"Markelle Fultz","SAC",21,184,0.4621033333333333,0.19402985074626866,10.559322033898304,26.1,1.0781671159029649,1.3477088948787062,0.07462686567164178,0.8,0.8,0.25,0,4.0431266846361185,9.973045822102426,0.5522388059701493,0.40540540540540543,0.42857142857142855,0.4666666666666667,0.05405405405405406,1.3477088948787062,4.5822102425876015,0.2537313432835821,0.29411764705882354,0.29411764705882354,0.8,0,0.8086253369272237,1.6172506738544474,0.08955223880597014,0.5,0.5,1,0,0.2695417789757412,0.5390835579514824,0.029850746268656716,0.5,0.5,1,0,1,2,0.5,0,0
"Lester Quinones","NOP",13,183,0.5369072368421053,0.8205128205128205,5.485294117647059,26.718181818181815,3.7593984962406015,5.012531328320802,0.2564102564102564,0.75,0.8823529411764706,0.4666666666666667,0.15,0.7518796992481203,2.756892230576441,0.14102564102564102,0.2727272727272727,0.2727272727272727,0.3333333333333333,0,0,0.7518796992481203,0.038461538461538464,0,0,0,0,0.5012531328320802,1.7543859649122806,0.08974358974358974,0.2857142857142857,0.2857142857142857,1,0,2.756892230576441,9.273182957393484,0.47435897435897434,0.2972972972972973,0.2972972972972973,0.9090909090909091,0,11,35,0.3142857142857143,2,0
"Bronny James","LAL",27,181,0.4844656716417911,0.582089552238806,8.031428571428572,25.959375,1.3812154696132597,1.9337016574585635,0.1044776119402985,0.7142857142857143,0.8333333333333334,0.2,0.14285714285714285,1.3812154696132597,6.077348066298343,0.3283582089552239,0.22727272727272727,0.2777777777777778,0.8,0.18181818181818182,0.5524861878453039,1.6574585635359116,0.08955223880597014,0.3333333333333333,0.3333333333333333,0.5,0,0.5524861878453039,2.2099447513812156,0.11940298507462686,0.25,0.25,1,0,1.9337016574585635,6.629834254143646,0.3582089552238806,0.2916666666666667,0.2916666666666667,0.7142857142857143,0,7,24,0.2916666666666667,0,0
"Enrique Freeman","IND",22,181,0.6134621621621622,0.8648648648648649,2.574074074074074,23.89,3.553299492385787,5.583756345177665,0.5945945945945946,0.6363636363636364,0.7368421052631579,0.7857142857142857,0.13636363636363635,0.25380710659898476,1.2690355329949239,0.13513513513513514,0.2,0.2,1,0,0,0,0,0,0,0,0,0.25380710659898476,2.030456852791878,0.21621621621621623,0.125,0.125,1,0,0,0.5076142131979695,0.05405405405405406,0,0,0,0,0,2,0,0,0
"Cole Swider","TOR",10,170,0.5384444444444445,0.8253968253968254,10.85625,24.825531914893617,0.27100271002710025,1.3550135501355014,0.07936507936507936,0.2,0.5,1,0.6,0.27100271002710025,0.8130081300813008,0.047619047619047616,0.3333333333333333,0.3333333333333333,1,0,1.3550135501355014,2.168021680216802,0.12698412698412698,0.625,0.625,0.6,0,1.897018970189702,5.420054200542006,0.31746031746031744,0.35,0.35,1,0,2.168021680216802,7.317073170731708,0.42857142857142855,0.2962962962962963,0.3076923076923077,1,0.037037037037037035,8,27,0.2962962962962963,0,0
"Jaylen Nowell","NOP",8,168,0.4888349315068493,0.5205479452054794,8.113043478260868,25.348148148148148,1.8181818181818181,3.3333333333333335,0.1506849315068493,0.5454545454545454,0.5454545454545454,0.3333333333333333,0,3.6363636363636362,9.393939393939394,0.4246575342465753,0.3870967741935484,0.42857142857142855,0.25,0.0967741935483871,0,1.2121212121212122,0.0547945205479452,0,0,0,0,0.9090909090909091,1.8181818181818181,0.0821917808219178,0.5,0.5,1,0,1.5151515151515151,6.363636363636363,0.2876712328767123,0.23809523809523808,0.23809523809523808,1,0,5,21,0.23809523809523808,0,0
"Markieff Morris","LAL",15,164,0.4983586956521739,0.6285714285714286,11.220588235294118,26.061111111111114,0.2949852507374631,2.359882005899705,0.11428571428571428,0.125,0.16666666666666666,1,0.25,2.0648967551622417,4.424778761061947,0.21428571428571427,0.4666666666666667,0.4666666666666667,0.5714285714285714,0,1.1799410029498525,3.2448377581120944,0.15714285714285714,0.36363636363636365,0.36363636363636365,0.75,0,0.2949852507374631,3.2448377581120944,0.15714285714285714,0.09090909090909091,0.09090909090909091,1,0,2.359882005899705,7.374631268436578,0.35714285714285715,0.32,0.32,1,0,8,24,0.3333333333333333,1,0
"Killian Hayes","BKN",6,162,0.5336116279069767,0.6511627906976745,7.295454545454546,25.44285714285714,1.4970059880239521,2.095808383233533,0.16279069767441862,0.7142857142857143,0.8333333333333334,0.2,0.14285714285714285,1.4970059880239521,4.191616766467066,0.32558139534883723,0.35714285714285715,0.35714285714285715,0.6,0,0,0.2994011976047904,0.023255813953488372,0,0,0,0,0.2994011976047904,0.8982035928143712,0.06976744186046512,0.3333333333333333,0.3333333333333333,1,0,2.095808383233533,5.389221556886228,0.4186046511627907,0.3888888888888889,0.3888888888888889,1,0,7,18,0.3888888888888889,0,0
"MarJon Beauchamp","NYK",35,156,0.5378453846153846,0.676923076923077,9.077777777777778,25.02068965517241,3.235294117647059,4.411764705882353,0.23076923076923078,0.7333333333333333,0.7857142857142857,0.36363636363636365,0.06666666666666667,0.8823529411764706,2.6470588235294117,0.13846153846153847,0.3333333333333333,0.5,0,0.3333333333333333,0.8823529411764706,3.5294117647058822,0.18461538461538463,0.25,0.25,0.3333333333333333,0,0.8823529411764706,2.9411764705882355,0.15384615384615385,0.3,0.3,0.6666666666666666,0,2.0588235294117645,5.588235294117647,0.2923076923076923,0.3684210526315789,0.3888888888888889,0.7142857142857143,0.05263157894736842,7,19,0.3684210526315789,0,0
"Lamar Stevens","MEM",17,155,0.5648754098360655,0.7142857142857143,5.072222222222222,26.744444444444444,3.1746031746031744,5.714285714285714,0.2857142857142857,0.5555555555555556,0.7692307692307693,0.4,0.2777777777777778,3.1746031746031744,5.079365079365079,0.25396825396825395,0.625,0.6666666666666666,0.6,0.0625,0.31746031746031744,0.6349206349206349,0.031746031746031744,0.5,0.5,1,0,0.6349206349206349,3.1746031746031744,0.15873015873015872,0.2,0.2222222222222222,1,0.1,1.9047619047619047,5.396825396825397,0.2698412698412698,0.35294117647058826,0.375,0.8333333333333334,0.058823529411764705,6,16,0.375,1,0
"Tyson Etienne","BKN",7,151,0.5589173076923077,0.9615384615384616,3.6,25.19090909090909,0.6211180124223602,1.8633540372670807,0.11538461538461539,0.3333333333333333,0.5,1,0.3333333333333333,0.6211180124223602,0.6211180124223602,0.038461538461538464,1,1,1,0,0,0,0,0,0,0,0,1.8633540372670807,4.3478260869565215,0.2692307692307692,0.42857142857142855,0.42857142857142855,1,0,2.1739130434782608,9.316770186335404,0.5769230769230769,0.23333333333333334,0.23333333333333334,1,0,7,30,0.23333333333333334,0,0
"Josh Richardson","MIA",8,150,0.5238594594594594,0.6842105263157895,8.28125,25.972727272727273,0.6557377049180327,1.3114754098360655,0.10526315789473684,0.5,0.5,1,0,0.6557377049180327,2.622950819672131,0.21052631578947367,0.25,0.4,1,0.375,0.32786885245901637,1.3114754098360655,0.10526315789473684,0.25,0.25,1,0,0.32786885245901637,1.9672131147540983,0.15789473684210525,0.16666666666666666,0.16666666666666666,1,0,1.639344262295082,5.245901639344262,0.42105263157894735,0.3125,0.3125,1,0,5,16,0.3125,0,0
"Nate Williams","HOU",20,147,0.5102887096774193,0.5967741935483871,5.347222222222222,24.692307692307693,2.4464831804281344,3.363914373088685,0.1774193548387097,0.7272727272727273,0.7272727272727273,0.625,0,3.9755351681957185,7.339449541284404,0.3870967741935484,0.5416666666666666,0.5416666666666666,0.6153846153846154,0,0,0.3058103975535168,0.016129032258064516,0,0,0,0,0.9174311926605505,3.9755351681957185,0.20967741935483872,0.23076923076923078,0.23076923076923078,1,0,0.9174311926605505,3.9755351681957185,0.20967741935483872,0.23076923076923078,0.23076923076923078,1,0,3,13,0.23076923076923078,0,0
"Bruno Fernando","TOR",17,147,0.561630612244898,0.673469387755102,4.0836734693877546,0,7.4576271186440675,11.186440677966102,0.673469387755102,0.6666666666666666,0.7857142857142857,0.5909090909090909,0.15151515151515152,1.3559322033898304,4.745762711864407,0.2857142857142857,0.2857142857142857,0.3333333333333333,1,0.14285714285714285,0,0.6779661016949152,0.04081632653061224,0,0,0,0,0,0,0,0,0,0,0,0,0,0,0,0,0,0,0,0,0,0,0
"Damion Lee","PHX",25,144,0.48665675675675674,0.6081081081081081,8.421621621621622,25.48918918918919,1.5923566878980893,2.5477707006369426,0.10810810810810811,0.625,0.7142857142857143,0.4,0.125,3.821656050955414,7.32484076433121,0.3108108108108108,0.5217391304347826,0.5714285714285714,0.8333333333333334,0.08695652173913043,0.3184713375796178,1.910828025477707,0.08108108108108109,0.16666666666666666,0.16666666666666666,0,0,1.2738853503184713,4.140127388535032,0.17567567567567569,0.3076923076923077,0.3076923076923077,1,0,1.5923566878980893,7.643312101910828,0.32432432432432434,0.20833333333333334,0.20833333333333334,0.8,0,5,24,0.20833333333333334,0,0
"Oshae Brissett","PHI",6,142,0.5650807692307692,0.8205128205128205,2.919047619047619,25.266666666666666,3.061224489795918,4.761904761904762,0.358974358974359,0.6428571428571429,0.75,0.5555555555555556,0.14285714285714285,1.3605442176870748,2.380952380952381,0.1794871794871795,0.5714285714285714,0.6666666666666666,0.75,0.14285714285714285,0,0,0,0,0,0,0,0.6802721088435374,2.0408163265306123,0.15384615384615385,0.3333333333333333,0.3333333333333333,0.5,0,1.3605442176870748,4.081632653061225,0.3076923076923077,0.3333333333333333,0.3333333333333333,0.75,0,4,12,0.3333333333333333,0,0
"Pete Nance","MIL",13,138,0.5294161290322582,0.90625,7.1875,28.375,1.4705882352941178,1.838235294117647,0.15625,0.8,0.8,1,0,0,0.36764705882352944,0.03125,0,0,0,0,0.36764705882352944,0.7352941176470589,0.0625,0.5,0.5,0,0,0.36764705882352944,0.7352941176470589,0.0625,0.5,0.5,1,0,2.9411764705882355,8.088235294117647,0.6875,0.36363636363636365,0.38095238095238093,1,0.045454545454545456,8,21,0.38095238095238093,1,0
"Elijah Harkless","UTA",10,138,0.5465785714285715,0.8285714285714286,6.11,24.951999999999998,1.075268817204301,1.4336917562724014,0.11428571428571428,0.75,0.75,0.6666666666666666,0,0.35842293906810035,1.7921146953405018,0.14285714285714285,0.2,0.2,1,0,0,0.35842293906810035,0.02857142857142857,0,0,0,0,1.075268817204301,2.867383512544803,0.22857142857142856,0.375,0.375,1,0,1.4336917562724014,6.093189964157706,0.4857142857142857,0.23529411764705882,0.23529411764705882,0.75,0,4,17,0.23529411764705882,0,0
"Vlatko Čančar","DEN",13,136,0.54685,0.9230769230769231,3.090909090909091,26.146666666666665,1.408450704225352,3.1690140845070425,0.34615384615384615,0.4444444444444444,0.5714285714285714,1,0.2222222222222222,0.704225352112676,0.704225352112676,0.07692307692307693,1,1,0,0,0,0,0,0,0,0,0,0.704225352112676,1.408450704225352,0.15384615384615385,0.5,0.5,1,0,0.704225352112676,3.8732394366197185,0.4230769230769231,0.18181818181818182,0.18181818181818182,1,0,2,11,0.18181818181818182,0,0
"Kylor Kelley","NOP",11,126,0.5708681818181819,0.5909090909090909,3.6363636363636362,0,3.3707865168539324,4.868913857677903,0.5909090909090909,0.6923076923076923,0.6923076923076923,0.7777777777777778,0,1.8726591760299625,3.3707865168539324,0.4090909090909091,0.5555555555555556,0.5555555555555556,1,0,0,0,0,0,0,0,0,0,0,0,0,0,0,0,0,0,0,0,0,0,0,0,0,0,0,0
"Alex Ducas","OKC",21,125,0.5434966666666666,0.8333333333333334,8.144444444444444,24.64761904761905,0.37735849056603776,1.509433962264151,0.13333333333333333,0.25,0.25,1,0,0,1.1320754716981132,0.1,0,0,0,0.3333333333333333,0.37735849056603776,0.7547169811320755,0.06666666666666667,0.5,0.5,1,0,1.8867924528301887,3.3962264150943398,0.3,0.5555555555555556,0.5555555555555556,1,0,1.8867924528301887,4.528301886792453,0.4,0.4166666666666667,0.4166666666666667,1,0,5,12,0.4166666666666667,0,0
"Spencer Jones","DEN",20,125,0.5420867647058824,0.7058823529411765,6.223529411764706,24.28235294117647,1.5267175572519085,2.6717557251908395,0.20588235294117646,0.5714285714285714,0.5714285714285714,1,0,1.9083969465648856,3.435114503816794,0.2647058823529412,0.5555555555555556,0.5555555555555556,0.8,0,0.3816793893129771,0.3816793893129771,0.029411764705882353,1,1,1,0,0,4.198473282442748,0.3235294117647059,0,0,0,0,0.3816793893129771,2.2900763358778624,0.17647058823529413,0.16666666666666666,0.16666666666666666,1,0,1,6,0.16666666666666666,0,0
"Kobe Bufkin","ATL",10,124,0.5523456521739131,0.7021276595744681,6.039285714285714,26.25263157894737,2.661596958174905,5.32319391634981,0.2978723404255319,0.5,0.7,0.5714285714285714,0.2857142857142857,2.2813688212927756,4.182509505703422,0.23404255319148937,0.5454545454545454,0.6666666666666666,0.3333333333333333,0.18181818181818182,0.38022813688212925,1.1406844106463878,0.06382978723404255,0.3333333333333333,0.3333333333333333,0,0,0.38022813688212925,2.2813688212927756,0.1276595744680851,0.16666666666666666,0.16666666666666666,1,0,1.1406844106463878,4.942965779467681,0.2765957446808511,0.23076923076923078,0.23076923076923078,1,0,3,12,0.25,1,0
"Tyler Smith","MIL",23,122,0.536322,0.84,5.3,25.17,3.125,4.6875,0.24,0.6666666666666666,0.6666666666666666,0.75,0,0.78125,1.953125,0.1,0.4,0.5,1,0.2,0.390625,1.171875,0.06,0.3333333333333333,0.3333333333333333,1,0,1.5625,3.90625,0.2,0.4,0.4,1,0,3.515625,7.8125,0.4,0.45,0.45,0.8888888888888888,0,9,20,0.45,0,0
"De'Anthony Melton","GSW",6,121,0.5396120370370371,0.8148148148148148,4.473684210526316,25.708571428571428,1.5625,3.515625,0.16666666666666666,0.4444444444444444,0.4444444444444444,0.25,0,1.953125,3.90625,0.18518518518518517,0.5,0.5555555555555556,0.6,0.1,0,0,0,0,0,0,0,1.171875,1.5625,0.07407407407407407,0.75,0.75,1,0,3.90625,12.109375,0.5740740740740741,0.3225806451612903,0.3225806451612903,0.9,0,10,31,0.3225806451612903,0,0
"Moses Brown","DAL",13,119,0.6134244897959183,0.6938775510204082,3.128571428571429,0,11.284046692607005,13.229571984435797,0.6938775510204082,0.8529411764705882,0.90625,0.6206896551724138,0.058823529411764705,1.9455252918287937,5.836575875486381,0.30612244897959184,0.3333333333333333,0.35714285714285715,0.8,0.06666666666666667,0,0,0,0,0,0,0,0,0,0,0,0,0,0,0,0,0,0,0,0,0,0,0,0,0,0
"TyTy Washington Jr.","PHX",16,118,0.4865366666666667,0.4888888888888889,10.591666666666667,25.18095238095238,0.41841004184100417,0.41841004184100417,0.022222222222222223,1,1,1,0,2.928870292887029,6.694560669456067,0.35555555555555557,0.4375,0.4375,0.5714285714285714,0,0.8368200836820083,2.928870292887029,0.15555555555555556,0.2857142857142857,0.2857142857142857,1,0,0.8368200836820083,3.3472803347280333,0.17777777777777778,0.25,0.25,1,0,0.8368200836820083,5.439330543933054,0.28888888888888886,0.15384615384615385,0.15384615384615385,0.5,0,2,13,0.15384615384615385,0,0
"Trey Alexander","DEN",23,116,0.488620731707317,0.5609756097560976,10.591666666666667,25.54705882352941,0.7905138339920948,2.3715415019762847,0.14634146341463414,0.3333333333333333,0.4,1,0.16666666666666666,1.5810276679841897,3.5573122529644268,0.21951219512195122,0.4444444444444444,0.4444444444444444,0.5,0,1.5810276679841897,3.5573122529644268,0.21951219512195122,0.4444444444444444,0.4444444444444444,0.5,0,0.7905138339920948,1.976284584980237,0.12195121951219512,0.4,0.4,1,0,0.3952569169960474,4.743083003952569,0.2926829268292683,0.08333333333333333,0.08333333333333333,1,0,1,12,0.08333333333333333,0,0
"Sidy Cissoko","POR",22,114,0.5281216666666667,0.7,4.423529411764705,25.24615384615385,2.42914979757085,3.2388663967611335,0.26666666666666666,0.75,1,0.6666666666666666,0.25,1.6194331983805668,3.2388663967611335,0.26666666666666666,0.5,0.5714285714285714,0.75,0.125,0,0.4048582995951417,0.03333333333333333,0,0,0,0,0.8097165991902834,2.0242914979757085,0.16666666666666666,0.4,0.5,1,0.2,0.4048582995951417,3.2388663967611335,0.26666666666666666,0.125,0.14285714285714285,1,0.125,1,8,0.125,0,0
"Joe Ingles","MIN",19,114,0.5094847826086957,0.6956521739130435,8.8375,24.993333333333332,0,0.411522633744856,0.043478260869565216,0,0,0,0,1.2345679012345678,2.4691358024691357,0.2608695652173913,0.5,0.6,1,0.16666666666666666,0,0.411522633744856,0.043478260869565216,0,0,0,0,0,0.823045267489712,0.08695652173913043,0,0,0,0,1.2345679012345678,5.349794238683128,0.5652173913043478,0.23076923076923078,0.23076923076923078,1,0,3,13,0.23076923076923078,0,0
"Tony Bradley","IND",14,113,0.5919877777777778,0.7555555555555555,2.9047619047619047,24,8.333333333333334,12.916666666666666,0.6888888888888889,0.6451612903225806,0.7407407407407407,0.65,0.12903225806451613,2.9166666666666665,4.166666666666667,0.2222222222222222,0.7,0.7,1,0,0.4166666666666667,0.4166666666666667,0.022222222222222223,1,1,1,0,0.4166666666666667,1.25,0.06666666666666667,0.3333333333333333,0.3333333333333333,1,0,0,0,0,0,0,0,0,0,0,0,0,0
"Jaylen Sims","CHA",6,112,0.5169196428571429,0.7142857142857143,5.546153846153846,25.833333333333332,1.7241379310344827,2.1551724137931036,0.17857142857142858,0.8,0.8,0.75,0,0.8620689655172413,3.0172413793103448,0.25,0.2857142857142857,0.2857142857142857,0.5,0,0,0.43103448275862066,0.03571428571428571,0,0,0,0,0.43103448275862066,1.293103448275862,0.10714285714285714,0.3333333333333333,0.3333333333333333,1,0,2.1551724137931036,5.172413793103448,0.42857142857142855,0.4166666666666667,0.45454545454545453,0.8,0.08333333333333333,5,12,0.4166666666666667,0,0
"Pacôme Dadiet","NYK",18,111,0.5256403225806452,0.7419354838709677,8.775,24.53684210526316,0.8771929824561403,1.7543859649122806,0.12903225806451613,0.5,0.6666666666666666,1,0.25,0,1.7543859649122806,0.12903225806451613,0,0,0,0,0.8771929824561403,1.7543859649122806,0.12903225806451613,0.5,0.5,1,0,0.43859649122807015,3.508771929824561,0.25806451612903225,0.125,0.125,1,0,2.192982456140351,4.824561403508772,0.3548387096774194,0.45454545454545453,0.45454545454545453,1,0,5,11,0.45454545454545453,0,0
"Patrick Baldwin Jr.","LAC",24,107,0.5303042857142857,0.9428571428571428,2.6999999999999997,25.94782608695652,2.608695652173913,4.3478260869565215,0.2857142857142857,0.6,0.6666666666666666,0.8333333333333334,0.1,0,0.8695652173913043,0.05714285714285714,0,0,0,0.5,0,0,0,0,0,0,0,1.3043478260869565,1.7391304347826086,0.11428571428571428,0.75,0.75,1,0,4.3478260869565215,8.26086956521739,0.5428571428571428,0.5263157894736842,0.5263157894736842,1,0,10,19,0.5263157894736842,0,0
"Chris Livingston","MIL",21,106,0.6137574074074074,0.8148148148148148,2.5,25.1625,3.5555555555555554,6.222222222222222,0.5185185185185185,0.5714285714285714,0.7272727272727273,0.5,0.21428571428571427,0.4444444444444444,2.2222222222222223,0.18518518518518517,0.2,0.3333333333333333,1,0.4,0,0,0,0,0,0,0,0,1.3333333333333333,0.1111111111111111,0,0,0,0,0,2.2222222222222223,0.18518518518518517,0,0,0,0,0,5,0,0,0
"Jae Crowder","SAC",9,103,0.5081863636363636,0.7272727272727273,11.614285714285714,24.813333333333333,0.4854368932038835,0.4854368932038835,0.045454545454545456,1,1,1,0,0.4854368932038835,1.941747572815534,0.18181818181818182,0.25,0.3333333333333333,0,0.25,0.4854368932038835,0.970873786407767,0.09090909090909091,0.5,0.5,1,0,0.970873786407767,3.883495145631068,0.36363636363636365,0.25,0.25,1,0,0.970873786407767,3.3980582524271843,0.3181818181818182,0.2857142857142857,0.2857142857142857,1,0,2,7,0.2857142857142857,0,0
"Justin Minaya","POR",19,101,0.5211166666666667,0.8571428571428571,3.290909090909091,25.82,1.8518518518518519,3.7037037037037037,0.38095238095238093,0.5,0.5,0.25,0,0.9259259259259259,1.3888888888888888,0.14285714285714285,0.6666666666666666,0.6666666666666666,1,0,0,0,0,0,0,0,0,0.46296296296296297,1.3888888888888888,0.14285714285714285,0.3333333333333333,0.3333333333333333,1,0,0.46296296296296297,3.240740740740741,0.3333333333333333,0.14285714285714285,0.14285714285714285,1,0,1,7,0.14285714285714285,0,0
"Keshad Johnson","MIA",16,98,0.616225,0.9615384615384616,2.0421052631578944,25.042857142857144,7.009345794392523,8.411214953271028,0.6923076923076923,0.8333333333333334,0.9375,0.6,0.1111111111111111,0,0.4672897196261682,0.038461538461538464,0,0,0,1,0,0,0,0,0,0,0,0,0.4672897196261682,0.038461538461538464,0,0,0,0,1.4018691588785046,2.803738317757009,0.23076923076923078,0.5,0.5,1,0,3,6,0.5,0,0
"Yuki Kawamura","MEM",22,93,0.506695,0.8333333333333334,11.171428571428573,25.847826086956523,0.4878048780487805,0.975609756097561,0.06666666666666667,0.5,0.5,1,0,0.4878048780487805,0.975609756097561,0.06666666666666667,0.5,0.5,0,0,0.975609756097561,1.4634146341463414,0.1,0.6666666666666666,0.6666666666666666,0.5,0,0.4878048780487805,1.4634146341463414,0.1,0.3333333333333333,0.3333333333333333,1,0,2.926829268292683,9.75609756097561,0.6666666666666666,0.3,0.3,0.3333333333333333,0,6,20,0.3,0,0
"Luke Travers","CLE",12,88,0.6532325,1,1.1454545454545455,24.58888888888889,2.7027027027027026,5.945945945945946,0.55,0.45454545454545453,0.625,0.8,0.2727272727272727,0,0,0,0,0,0,0,0,0,0,0,0,0,0,0,2.7027027027027026,0.25,0,0,0,0.2,0,2.1621621621621623,0.2,0,0,0,0,0,4,0,0,0
"Stanley Umude","MIL",22,86,0.5158807692307692,0.6923076923076923,8.045454545454545,24.753333333333334,1.0416666666666667,1.5625,0.11538461538461539,0.6666666666666666,0.6666666666666666,0.5,0,0,2.6041666666666665,0.19230769230769232,0,0,0,0.2,0,1.5625,0.11538461538461539,0,0,0,0,1.0416666666666667,5.208333333333333,0.38461538461538464,0.2,0.2,1,0,0.5208333333333334,2.6041666666666665,0.19230769230769232,0.2,0.2,1,0,1,5,0.2,0,0