"ShortName","TeamAbbreviation","GamesPlayed","Minutes","PlusMinus","OffPoss","Points","FG2M","FG2A","Fg2Pct","FG3M","FG3A","Fg3Pct","NonHeaveFg3Pct","FtPoints","PtsAssisted2s","PtsUnassisted2s","PtsAssisted3s","PtsUnassisted3s","Assisted2sPct","NonPutbacksAssisted2sPct","Assisted3sPct","FG3APct","ShotQualityAvg","EfgPct","TsPct","PtsPutbacks","Fg2aBlocked","FG2APctBlocked","Fg3aBlocked","FG3APctBlocked"
"Towns, Anunoby, Hart, Bridges, Brunson","NYK",48,940,3.0790548530959683,1897,120.34791776489193,34.159198734844495,58.67158671586716,0.5822102425876011,11.597258829731155,31.892461781760673,0.36363636363636365,0.3654485049833887,17.23774380600949,41.11755403268318,27.200843437005798,29.098576700052714,5.693199789140748,0.6018518518518519,0.6543624161073825,0.8363636363636363,0.3521536670547148,0.561086472303207,0.5692665890570431,0.6030190677966102,5.482340537691091,5.166051660516605,0.0880503144654088,0.47443331576172904,0.01487603305785124
"Edwards, McDaniels, Conley, Gobert, Randle","MIN",55,714,2.6137147366106888,1422,116.10407876230661,28.551336146272856,51.47679324894515,0.5546448087431693,14.627285513361462,37.06047819971871,0.3946869070208729,0.39543726235741444,15.119549929676513,30.942334739803094,26.160337552742615,35.232067510548525,8.649789029535865,0.541871921182266,0.5945945945945946,0.8028846153846154,0.4185861795075457,0.549806722354813,0.5702938840349484,0.596656976744186,5.063291139240507,3.586497890295359,0.06967213114754098,0.2109704641350211,0.0056925996204933585
"Cunningham, Duren, Thompson, Harris, Hardaway Jr.","DET",39,491,5.601475729546365,1031,118.04073714839961,38.11833171677983,67.11930164888457,0.5679190751445087,9.117361784675072,25.994180407371484,0.35074626865671643,0.3533834586466165,14.451988360814743,41.31910766246363,34.917555771096026,22.114451988360816,5.237633365664403,0.5419847328244275,0.6051136363636364,0.8085106382978723,0.2791666666666667,0.5599507828810021,0.55625,0.5809386973180076,7.9534432589718715,5.62560620756547,0.0838150289017341,0.19398642095053345,0.007462686567164179
"VanVleet, Brooks, Green, Sengun, Smith Jr.","HOU",37,450,4.01010101010101,924,112.12121212121212,28.78787878787879,57.79220779220779,0.49812734082397003,12.012987012987013,37.55411255411256,0.31988472622478387,0.3208092485549133,18.506493506493506,27.272727272727273,30.303030303030305,28.571428571428573,7.467532467532467,0.47368421052631576,0.5294117647058824,0.7927927927927928,0.3938706015891033,0.5402538285714286,0.4909194097616345,0.5281473899692938,6.0606060606060606,6.4935064935064934,0.11235955056179775,0.5411255411255411,0.01440922190201729
"Turner, Siakam, Nembhard, Haliburton, Mathurin","IND",37,435,12.03506827228297,890,117.64044943820225,31.123595505617978,53.03370786516854,0.586864406779661,12.584269662921349,34.60674157303371,0.36363636363636365,0.36482084690553745,17.640449438202246,40.89887640449438,21.348314606741575,30,7.752808988764045,0.6570397111913358,0.6920152091254753,0.7946428571428571,0.39487179487179486,0.5220622750642674,0.5705128205128205,0.6019585253456221,3.146067415730337,3.4831460674157304,0.06567796610169492,0.449438202247191,0.012987012987012988
"Sabonis, Fox, Monk, Murray, DeRozan","SAC",28,431,0.30610098431051824,913,117.52464403066813,34.720700985761226,61.44578313253012,0.5650623885918004,10.076670317634173,30.668127053669224,0.32857142857142857,0.32974910394265233,17.853231106243154,39.43044906900329,30.01095290251917,27.272727272727273,2.9572836801752462,0.5678233438485805,0.6020066889632107,0.9021739130434783,0.3329369797859691,0.5241636904761905,0.5410225921521997,0.5796316359696642,3.9430449069003286,5.695509309967141,0.09269162210338681,0.21905805038335158,0.007142857142857143
"Murray, Porter Jr., Braun, Gordon, Jokić","DEN",26,426,11.655764936306909,889,128.90888638920134,34.87064116985377,57.255343082114734,0.6090373280943026,13.835770528683915,33.18335208098988,0.41694915254237286,0.4212328767123288,17.66029246344207,43.869516310461194,25.871766029246345,35.43307086614173,6.074240719910011,0.6290322580645161,0.6989247311827957,0.8536585365853658,0.36691542288557216,0.5559382646691635,0.6150497512437811,0.6434195725534309,6.974128233970753,4.274465691788526,0.07465618860510806,0.1124859392575928,0.003389830508474576
"Turner, Siakam, Nembhard, Haliburton, Nesmith","IND",26,383,8.859210663334366,792,120.32828282828282,28.535353535353536,49.74747474747475,0.5736040609137056,16.54040404040404,39.77272727272727,0.4158730158730159,0.4171974522292994,13.636363636363637,37.121212121212125,19.949494949494948,40.90909090909091,8.712121212121213,0.6504424778761062,0.6933962264150944,0.8244274809160306,0.44428772919605075,0.5432447033898306,0.5959097320169252,0.6189856957087126,3.5353535353535355,3.0303030303030303,0.06091370558375635,0,0
"Murray, Porter Jr., Braun, Westbrook, Jokić","DEN",27,368,1.8254274990767243,765,127.7124183006536,36.99346405228758,62.61437908496732,0.5908141962421712,12.418300653594772,30.326797385620914,0.40948275862068967,0.4148471615720524,16.470588235294116,48.36601307189542,25.62091503267974,32.94117647058823,4.313725490196078,0.6537102473498233,0.7283464566929134,0.8842105263157894,0.3263009845288326,0.5548922913719944,0.5984528832630098,0.6269329896907216,7.5816993464052285,4.705882352941177,0.07515657620041753,0.13071895424836602,0.004310344827586207
"Brown, Tatum, White, Holiday, Porziņģis","BOS",24,357,0.19638579681554802,752,116.09042553191489,25.398936170212767,45.079787234042556,0.5634218289085545,16.356382978723403,45.079787234042556,0.36283185840707965,0.36283185840707965,16.22340425531915,29.78723404255319,21.01063829787234,41.090425531914896,7.9787234042553195,0.5863874345549738,0.6363636363636364,0.8373983739837398,0.5,0.551354228486647,0.553834808259587,0.5834454912516823,3.9893617021276597,2.7925531914893615,0.061946902654867256,0.26595744680851063,0.0058997050147492625
"Powell, Dunn, Zubac, Jones Jr., Harden","LAC",26,326,10.723793603622724,672,117.11309523809524,32.142857142857146,56.25,0.5714285714285714,12.053571428571429,34.375,0.35064935064935066,0.3537117903930131,16.666666666666668,33.63095238095238,30.654761904761905,28.125,8.035714285714286,0.5231481481481481,0.5707070707070707,0.7777777777777778,0.3793103448275862,0.5523735584843492,0.5541871921182266,0.5840773809523809,5.357142857142857,3.5714285714285716,0.06349206349206349,0,0
"VanVleet, Brooks, Green, Sengun, Thompson","HOU",27,323,-10.995164654954124,653,110.10719754977029,28.94333843797856,59.111791730474735,0.4896373056994819,11.944869831546708,33.996937212863706,0.35135135135135137,0.35135135135135137,16.385911179173046,28.177641653905052,29.709035222052066,28.02450229709035,7.810107197549771,0.48677248677248675,0.5443786982248521,0.782051282051282,0.3651315789473684,0.5353223684210526,0.5032894736842105,0.5327380952380952,6.1255742725880555,5.51301684532925,0.09326424870466321,0.30627871362940273,0.009009009009009009
"Hartenstein, Gilgeous-Alexander, Dort, Williams, Wallace","OKC",29,316,15.763993948562785,655,120,34.656488549618324,63.969465648854964,0.5417661097852029,11.755725190839694,30.229007633587788,0.3888888888888889,0.3888888888888889,15.419847328244275,35.11450381679389,34.19847328244275,29.31297709923664,5.9541984732824424,0.5066079295154186,0.5275229357798165,0.8311688311688312,0.3209076175040519,0.5409692868719611,0.5551053484602917,0.5842026825633383,2.7480916030534353,4.580152671755725,0.07159904534606205,0.15267175572519084,0.005050505050505051
"Prince, Jackson Jr., Lopez, Lillard, Antetokounmpo","MIL",30,311,-1.5452527767798614,637,114.1287284144427,28.571428571428573,51.96232339089482,0.5498489425981873,14.756671899529042,36.891679748822604,0.4,0.4,12.71585557299843,29.199372056514914,27.94348508634223,36.734693877551024,7.535321821036106,0.510989010989011,0.5568862275449101,0.8297872340425532,0.41519434628975266,0.5780822438162544,0.5706713780918727,0.5858995137763371,4.7095761381475665,4.7095761381475665,0.09063444108761329,0,0
"Powell, Dunn, Zubac, Harden, Leonard","LAC",18,286,9.413382438783685,579,119.34369602763385,34.715025906735754,57.685664939550946,0.6017964071856288,11.398963730569948,31.260794473229705,0.36464088397790057,0.36464088397790057,15.716753022452504,43.523316062176164,25.906735751295336,25.38860103626943,8.808290155440414,0.6268656716417911,0.6702127659574468,0.7424242424242424,0.35145631067961164,0.5214892233009709,0.5825242718446602,0.6106194690265486,4.490500863557858,2.936096718480138,0.05089820359281437,0.3454231433506045,0.011049723756906077
"Young, Johnson, Daniels, Risacher, Capela","ATL",26,282,0.024820663884568717,605,115.04132231404958,34.87603305785124,63.30578512396694,0.5509138381201044,11.074380165289256,29.421487603305785,0.37640449438202245,0.3785310734463277,12.066115702479339,47.27272727272727,22.479338842975206,27.272727272727273,5.950413223140496,0.6777251184834123,0.7409326424870466,0.8208955223880597,0.3172905525846702,0.5716582142857143,0.5552584670231729,0.5734323432343235,5.950413223140496,6.9421487603305785,0.10966057441253264,0.3305785123966942,0.011235955056179775
"Brown, Tatum, White, Horford, Holiday","BOS",24,268,16.97230934370964,547,125.04570383912248,21.02376599634369,39.122486288848265,0.5373831775700935,22.6691042047532,50.45703839122486,0.4492753623188406,0.4492753623188406,14.990859232175502,23.76599634369287,18.281535648994517,56.48994515539305,11.517367458866545,0.5652173913043478,0.5803571428571429,0.8306451612903226,0.563265306122449,0.5354485714285714,0.6142857142857143,0.6361940298507462,1.0968921389396709,4.021937842778794,0.102803738317757,0.18281535648994515,0.0036231884057971015
"Cunningham, Ivey, Duren, Harris, Hardaway Jr.","DET",21,261,-2.416863258088199,517,122.82398452611218,31.528046421663444,55.51257253384913,0.5679442508710801,15.28046421663443,35.5899419729207,0.42934782608695654,0.42934782608695654,13.926499032882012,34.04255319148936,29.013539651837526,40.61895551257253,5.222437137330754,0.5398773006134969,0.6111111111111112,0.8860759493670886,0.39065817409766457,0.5440187898089172,0.5976645435244161,0.6167315175097277,7.350096711798839,5.415860735009671,0.0975609756097561,0,0
"Simons, Ayton, Avdija, Camara, Grant","POR",20,251,-13.865174223739956,502,105.97609561752988,27.09163346613546,56.17529880478088,0.48226950354609927,11.952191235059761,37.84860557768924,0.3157894736842105,0.3157894736842105,15.936254980079681,29.083665338645417,25.099601593625497,26.89243027888446,8.96414342629482,0.5367647058823529,0.6033057851239669,0.75,0.4025423728813559,0.5540234110169492,0.4788135593220339,0.5146198830409356,5.9760956175298805,5.577689243027889,0.09929078014184398,0.5976095617529881,0.015789473684210527
"White, Williams, Giddey, Vučević, LaVine","CHI",22,250,-3.6417111753352174,541,111.27541589648798,28.09611829944547,49.90757855822551,0.562962962962963,14.048059149722736,39.186691312384475,0.3584905660377358,0.3584905660377358,12.939001848428836,31.79297597042514,24.399260628465804,37.707948243992604,4.436229205175601,0.5657894736842105,0.6099290780141844,0.8947368421052632,0.43983402489626555,0.5608505186721991,0.5518672199170125,0.5758157389635317,4.066543438077634,3.8817005545286505,0.07777777777777778,0,0
"Young, Okongwu, Daniels, Gueye, Risacher","ATL",25,248,6.642066420664207,542,118.81918819188192,31.180811808118083,56.82656826568266,0.5487012987012987,14.760147601476016,35.608856088560884,0.41450777202072536,0.41450777202072536,12.177121771217712,42.06642066420664,20.29520295202952,34.87084870848709,9.409594095940959,0.6745562130177515,0.7169811320754716,0.7875,0.3852295409181637,0.5800724948875255,0.5768463073852296,0.597196261682243,3.690036900369004,6.642066420664206,0.11688311688311688,0.18450184501845018,0.0051813471502590676
"Mitchell, Allen, Strus, Garland, Mobley","CLE",22,243,11.505234545307744,511,121.91780821917808,31.31115459882583,50.489236790606654,0.6201550387596899,14.285714285714286,40.11741682974559,0.35609756097560974,0.35609756097560974,16.438356164383563,38.35616438356164,24.26614481409002,32.28962818003914,10.567514677103718,0.6125,0.6490066225165563,0.7534246575342466,0.4427645788336933,0.5724502159827214,0.58207343412527,0.6100196463654224,3.522504892367906,4.6966731898238745,0.09302325581395349,0.19569471624266144,0.004878048780487805
"Jackson Jr., Morant, Bane, Edey, Wells","MEM",25,222,24.517224038219766,492,129.8780487804878,34.75609756097561,59.959349593495936,0.5796610169491525,13.414634146341463,33.94308943089431,0.39520958083832336,0.39520958083832336,20.121951219512194,30.08130081300813,39.43089430894309,32.31707317073171,7.926829268292683,0.4327485380116959,0.4805194805194805,0.803030303030303,0.36147186147186144,0.5548010822510823,0.5844155844155844,0.6279527559055118,6.9105691056910565,5.08130081300813,0.0847457627118644,0,0
"Murray, Jones, Murphy III, Missi, McCollum","NOP",13,221,-8.56736070633427,458,115.28384279475982,29.912663755458514,55.24017467248908,0.541501976284585,12.882096069868995,34.06113537117904,0.3782051282051282,0.38064516129032255,16.812227074235807,30.56768558951965,29.25764192139738,33.4061135371179,5.240174672489083,0.5109489051094891,0.546875,0.864406779661017,0.38141809290953543,0.5541670343137255,0.5513447432762836,0.5855555555555556,3.930131004366812,4.366812227074236,0.07905138339920949,0,0
"Sabonis, Murray, Ellis, DeRozan, LaVine","SAC",16,220,-0.38790005496132096,434,115.43778801843318,31.566820276497698,54.14746543778802,0.5829787234042553,13.36405529953917,35.714285714285715,0.3741935483870968,0.3741935483870968,12.211981566820276,32.25806451612903,30.87557603686636,33.87096774193548,6.221198156682028,0.5109489051094891,0.5384615384615384,0.8448275862068966,0.3974358974358974,0.5177545321637427,0.5743589743589743,0.6024096385542169,3.225806451612903,4.377880184331797,0.08085106382978724,0,0
"Carter Jr., Wagner, Banchero, Joseph, Caldwell-Pope","ORL",16,216,9.0982255134833,425,116.94117647058823,29.41176470588235,53.64705882352941,0.5482456140350878,13.882352941176471,37.1764705882353,0.37341772151898733,0.37341772151898733,16.470588235294116,27.764705882352942,31.058823529411764,36,5.647058823529412,0.472,0.5042735042735043,0.864406779661017,0.40932642487046633,0.5349408719346048,0.5531088082901554,0.5880952380952381,3.764705882352941,5.411764705882353,0.10087719298245613,0,0
"DiVincenzo, Edwards, McDaniels, Gobert, Randle","MIN",36,213,5.648960968109904,423,120.56737588652483,29.314420803782507,55.7919621749409,0.5254237288135594,15.36643026004728,36.643026004728135,0.41935483870967744,0.41935483870967744,15.839243498817966,32.15130023640662,26.47754137115839,35.46099290780142,10.638297872340425,0.5483870967741935,0.5964912280701754,0.7692307692307693,0.39641943734015345,0.561093094629156,0.5664961636828645,0.5904872389791184,4.7281323877068555,5.4373522458628845,0.09745762711864407,0.2364066193853428,0.0064516129032258064
"Moody, Podziemski, Curry, Butler III, Green","GSW",21,211,19.16456322692403,449,124.05345211581292,27.394209354120267,46.102449888641424,0.5942028985507246,16.035634743875278,40.75723830734967,0.39344262295081966,0.39344262295081966,21.15812917594655,38.30734966592428,16.481069042316257,44.097995545657014,4.008908685968819,0.6991869918699187,0.7610619469026548,0.9166666666666666,0.46923076923076923,0.5498507692307693,0.5923076923076923,0.6295454545454545,4.4543429844097995,5.122494432071269,0.1111111111111111,0.6681514476614699,0.01639344262295082
"Kuzma, Poole, Coulibaly, Sarr, Carrington","WAS",17,208,-33.93705634534366,454,89.20704845814979,20.484581497797357,44.27312775330397,0.4626865671641791,12.775330396475772,44.93392070484582,0.28431372549019607,0.28431372549019607,9.911894273127754,22.46696035242291,18.502202643171806,29.73568281938326,8.590308370044053,0.5483870967741935,0.5930232558139535,0.7758620689655172,0.5037037037037037,0.5515103703703704,0.4444444444444444,0.4611872146118721,3.0837004405286343,6.387665198237886,0.14427860696517414,0.22026431718061673,0.004901960784313725
"Prince, Kuzma, Lopez, Lillard, Antetokounmpo","MIL",14,205,3.8685256794292258,430,116.04651162790698,30.930232558139537,52.55813953488372,0.588495575221239,13.255813953488373,34.883720930232556,0.38,0.38,14.418604651162791,28.837209302325583,33.02325581395349,34.18604651162791,5.5813953488372094,0.46616541353383456,0.5040650406504065,0.8596491228070176,0.39893617021276595,0.5639114361702128,0.5811170212765957,0.6073170731707317,4.651162790697675,3.255813953488372,0.061946902654867256,0.23255813953488372,0.006666666666666667
"Sabonis, Monk, Murray, Ellis, DeRozan","SAC",38,201,19.362305901858875,397,125.94458438287154,33.75314861460957,59.193954659949625,0.5702127659574469,13.350125944584383,36.523929471032744,0.36551724137931035,0.36551724137931035,18.387909319899244,35.768261964735515,31.738035264483628,39.29471032745592,0.7556675062972292,0.5298507462686567,0.5772357723577236,0.9811320754716981,0.3815789473684211,0.5208536842105262,0.5618421052631579,0.5978260869565217,5.541561712846348,4.030226700251889,0.06808510638297872,0.5037783375314862,0.013793103448275862
"Beasley, Cunningham, Duren, Harris, Hardaway Jr.","DET",50,200,-4.023474819162004,431,118.32946635730859,30.62645011600928,51.04408352668214,0.6,11.368909512761022,30.394431554524363,0.37404580152671757,0.37404580152671757,22.96983758700696,29.234338747099766,32.01856148491879,31.322505800464036,2.7842227378190256,0.4772727272727273,0.5163934426229508,0.9183673469387755,0.3732193732193732,0.5297470085470086,0.5854700854700855,0.6330845771144279,4.640371229698376,3.2482598607888633,0.06363636363636363,0.46403712296983757,0.015267175572519083
"Hachimura, Reaves, Christie, Davis, James","LAL",17,199,1.372462283479237,416,111.0576923076923,30.76923076923077,55.52884615384615,0.5541125541125541,11.057692307692308,30.528846153846153,0.36220472440944884,0.36220472440944884,16.346153846153847,36.05769230769231,25.48076923076923,30.28846153846154,2.8846153846153846,0.5859375,0.6521739130434783,0.9130434782608695,0.3547486033519553,0.5413861731843576,0.5502793296089385,0.5818639798488665,6.25,5.288461538461538,0.09523809523809523,0.2403846153846154,0.007874015748031496
"Mitchell, Allen, Garland, Wade, Mobley","CLE",21,197,7.597807597807602,403,123.07692307692308,30.521091811414394,52.853598014888334,0.5774647887323944,16.377171215880892,40.1985111662531,0.4074074074074074,0.4074074074074074,12.903225806451612,32.25806451612903,28.78411910669975,40.1985111662531,8.933002481389579,0.5284552845528455,0.5603448275862069,0.8181818181818182,0.432,0.5629174666666666,0.592,0.6215538847117794,3.4739454094292803,4.218362282878412,0.07981220657276995,0.24813895781637718,0.006172839506172839
"Markkanen, Collins, Sexton, Kessler, George","UTA",14,196,8.432044887780549,401,127.18204488778055,29.42643391521197,52.61845386533666,0.5592417061611374,16.458852867830423,35.411471321695764,0.4647887323943662,0.4647887323943662,18.952618453865338,29.42643391521197,29.42643391521197,42.64339152119701,6.733167082294265,0.5,0.6020408163265306,0.8636363636363636,0.40226628895184136,0.5421620396600566,0.6147308781869688,0.6443037974683544,9.975062344139651,6.982543640897756,0.13270142180094788,0.7481296758104738,0.02112676056338028
"Sabonis, Monk, Murray, DeRozan, LaVine","SAC",15,196,-8.265206812652067,411,118.73479318734793,31.873479318734795,55.71776155717762,0.5720524017467249,12.652068126520682,35.03649635036496,0.3611111111111111,0.36363636363636365,17.0316301703163,31.630170316301705,32.11678832116788,34.306569343065696,3.6496350364963503,0.4961832061068702,0.5555555555555556,0.9038461538461539,0.38605898123324395,0.5325717741935484,0.5603217158176944,0.5926829268292683,6.81265206812652,3.1630170316301705,0.056768558951965066,0,0
"Powell, Zubac, Jones Jr., Harden, Leonard","LAC",20,193,24.413119587248943,402,129.1044776119403,37.56218905472637,66.66666666666667,0.5634328358208955,13.432835820895523,28.109452736318406,0.4778761061946903,0.4778761061946903,13.681592039800995,47.76119402985075,27.36318407960199,29.104477611940297,11.194029850746269,0.6357615894039735,0.7111111111111111,0.7222222222222222,0.29658792650918636,0.551738552631579,0.6089238845144357,0.6299019607843137,7.960199004975125,3.9800995024875623,0.05970149253731343,0,0
"Adebayo, Robinson, Highsmith, Herro, Butler","MIA",17,189,5.16476828101905,371,121.29380053908356,28.840970350404312,50.67385444743935,0.5691489361702128,17.250673854447438,43.39622641509434,0.39751552795031053,0.39751552795031053,11.859838274932615,35.57951482479784,22.10242587601078,48.517520215633425,3.234501347708895,0.616822429906542,0.66,0.9375,0.46131805157593125,0.5661626074498568,0.5816618911174785,0.605121293800539,3.7735849056603774,4.0431266846361185,0.0797872340425532,0.2695417789757412,0.006211180124223602
"DiVincenzo, Alexander-Walker, Reid, Edwards, Randle","MIN",51,188,12.173011617515627,373,132.4396782841823,29.490616621983914,47.45308310991957,0.6214689265536724,18.766756032171582,45.0402144772118,0.4166666666666667,0.42168674698795183,17.158176943699733,27.882037533512065,31.099195710455763,45.84450402144772,10.455764075067025,0.4727272727272727,0.5416666666666666,0.8142857142857143,0.48695652173913045,0.5581501457725948,0.6231884057971014,0.6477572559366754,7.506702412868632,4.557640750670242,0.096045197740113,0.5361930294906166,0.011904761904761904
"Prince, Trent Jr., Lopez, Lillard, Antetokounmpo","MIL",30,188,0.5361733382298866,389,123.39331619537275,27.763496143958868,45.24421593830334,0.6136363636363636,14.395886889460154,36.246786632390744,0.3971631205673759,0.3971631205673759,24.67866323907455,27.763496143958868,27.763496143958868,38.56041131105398,4.627249357326479,0.5,0.5294117647058824,0.8928571428571429,0.444794952681388,0.556329022082019,0.6056782334384858,0.6428571428571429,3.0848329048843186,1.5424164524421593,0.03409090909090909,0.5141388174807198,0.014184397163120567
"Carter Jr., Anthony, Wagner, Banchero, Caldwell-Pope","ORL",16,187,9.619834710743802,375,117.33333333333333,33.86666666666667,65.06666666666666,0.5204918032786885,10.133333333333333,26.133333333333333,0.3877551020408163,0.3877551020408163,19.2,32,35.733333333333334,24,6.4,0.47244094488188976,0.5172413793103449,0.7894736842105263,0.28654970760233917,0.5232650584795322,0.5380116959064327,0.578042328042328,5.866666666666666,4.533333333333333,0.06967213114754098,0,0
"Towns, Anunoby, Hart, Bridges, McBride","NYK",21,185,2.6749539594843554,362,118.50828729281768,30.939226519337016,59.94475138121547,0.5161290322580645,14.088397790055248,38.12154696132597,0.3695652173913043,0.3695652173913043,14.3646408839779,38.12154696132597,23.756906077348066,38.12154696132597,4.143646408839779,0.6160714285714286,0.6764705882352942,0.9019607843137255,0.38873239436619716,0.5270713276836158,0.5309859154929577,0.55859375,5.524861878453039,7.18232044198895,0.11981566820276497,0.5524861878453039,0.014492753623188406
"Sabonis, Fox, Huerter, Murray, DeRozan","SAC",16,184,9.98719231819041,379,117.41424802110818,35.35620052770449,56.46437994722955,0.6261682242990654,10.026385224274406,30.606860158311346,0.3275862068965517,0.3275862068965517,16.622691292875988,35.88390501319261,34.82849604221636,29.28759894459103,0.7915567282321899,0.5074626865671642,0.53125,0.9736842105263158,0.3515151515151515,0.5400254545454546,0.5787878787878787,0.6112637362637363,3.1662269129287597,2.1108179419525066,0.037383177570093455,0.2638522427440633,0.008620689655172414
"Paul, Champagnie, Wembanyama, Castle, Barnes","SAS",21,177,14.244905732241463,356,128.65168539325842,23.314606741573034,36.79775280898876,0.6335877862595419,20.786516853932586,54.21348314606742,0.38341968911917096,0.38341968911917096,19.662921348314608,29.213483146067414,17.415730337078653,50.561797752808985,11.797752808988765,0.6265060240963856,0.6582278481012658,0.8108108108108109,0.595679012345679,0.5606170278637771,0.5987654320987654,0.6350974930362117,2.247191011235955,2.5280898876404496,0.06870229007633588,0,0
"Dunn, Zubac, Jones Jr., Coffey, Harden","LAC",22,175,0.3773113443278362,345,110.43478260869566,31.014492753623188,56.81159420289855,0.5459183673469388,11.594202898550725,33.04347826086956,0.3508771929824561,0.3508771929824561,13.623188405797102,37.68115942028985,24.347826086956523,26.08695652173913,8.695652173913043,0.6074766355140186,0.6914893617021277,0.75,0.36774193548387096,0.542862258064516,0.5387096774193548,0.5707831325301205,7.536231884057971,5.217391304347826,0.09183673469387756,0.2898550724637681,0.008771929824561403
"Powell, Zubac, Jones Jr., Mann, Harden","LAC",13,169,-10.510510510510514,333,113.21321321321321,27.62762762762763,55.25525525525526,0.5,13.213213213213214,37.53753753753754,0.352,0.352,18.31831831831832,37.23723723723724,18.01801801801802,32.432432432432435,7.207207207207207,0.6739130434782609,0.7294117647058823,0.8181818181818182,0.4045307443365696,0.5370637540453074,0.511326860841424,0.5562130177514792,4.2042042042042045,5.105105105105105,0.09239130434782608,0,0
"Murray, Porter Jr., Braun, Watson, Jokić","DEN",14,168,15.424048046340559,334,132.63473053892216,38.92215568862275,63.47305389221557,0.6132075471698113,13.173652694610778,29.04191616766467,0.4536082474226804,0.4583333333333333,15.269461077844312,56.287425149700596,21.55688622754491,32.33532934131737,7.18562874251497,0.7230769230769231,0.7966101694915254,0.8181818181818182,0.313915857605178,0.5393183441558441,0.6343042071197411,0.6519174041297935,7.18562874251497,4.191616766467066,0.0660377358490566,0.2994011976047904,0.010309278350515464
"Hartenstein, Gilgeous-Alexander, Dort, Holmgren, Williams","OKC",14,167,13.319169027384334,360,128.33333333333334,37.77777777777778,59.72222222222222,0.6325581395348837,12.777777777777779,31.944444444444443,0.4,0.39473684210526316,14.444444444444445,36.111111111111114,39.44444444444444,32.5,5.833333333333333,0.47794117647058826,0.52,0.8478260869565217,0.3484848484848485,0.5406363221884498,0.6212121212121212,0.6428571428571429,6.111111111111111,4.166666666666667,0.06976744186046512,0.2777777777777778,0.008695652173913044
"Poeltl, Barrett, Agbaji, Mitchell, Dick","TOR",14,167,1.0508290523326167,347,118.73198847262248,33.14121037463977,64.55331412103746,0.5133928571428571,11.527377521613833,30.259365994236312,0.38095238095238093,0.38095238095238093,17.86743515850144,33.429394812680115,32.85302593659942,31.123919308357348,3.4582132564841497,0.5043478260869565,0.5471698113207547,0.9,0.3191489361702128,0.5678314589665654,0.5319148936170213,0.5659340659340659,5.187319884726225,6.340057636887608,0.09821428571428571,0.2881844380403458,0.009523809523809525
"Paul, Vassell, Wembanyama, Castle, Barnes","SAS",17,166,8.42163203522773,344,125.5813953488372,31.3953488372093,50,0.627906976744186,15.69767441860465,41.27906976744186,0.38028169014084506,0.3829787234042553,15.69767441860465,40.116279069767444,22.674418604651162,36.627906976744185,10.465116279069768,0.6388888888888888,0.7263157894736842,0.7777777777777778,0.45222929936305734,0.5560892971246006,0.6019108280254777,0.6195965417867435,7.558139534883721,2.9069767441860463,0.05813953488372093,0,0
"Mitchell, Allen, Garland, Okoro, Mobley","CLE",16,160,7.68178893178893,333,127.02702702702703,27.027027027027028,50.450450450450454,0.5357142857142857,19.51951951951952,39.63963963963964,0.49242424242424243,0.49242424242424243,14.414414414414415,30.03003003003003,24.024024024024023,38.73873873873874,19.81981981981982,0.5555555555555556,0.5952380952380952,0.6615384615384615,0.44,0.5790546666666666,0.625,0.6492307692307693,3.6036036036036037,4.504504504504505,0.08928571428571429,0,0
"Simons, Avdija, Sharpe, Camara, Clingan","POR",19,155,4.927626137303548,310,118.70967741935483,26.129032258064516,53.225806451612904,0.4909090909090909,17.419354838709676,46.12903225806452,0.3776223776223776,0.3776223776223776,14.193548387096774,27.741935483870968,24.516129032258064,47.41935483870968,4.838709677419355,0.5308641975308642,0.5972222222222222,0.9074074074074074,0.4642857142857143,0.5450273214285715,0.525974025974026,0.5459940652818991,5.806451612903226,3.870967741935484,0.07272727272727272,0.3225806451612903,0.006993006993006993
"Bitadze, Wagner, Suggs, da Silva, Caldwell-Pope","ORL",13,152,-1.810623239194669,297,110.77441077441077,33.333333333333336,57.23905723905724,0.5823529411764706,9.427609427609427,35.35353535353536,0.26666666666666666,0.26666666666666666,15.824915824915825,40.4040404040404,26.262626262626263,25.252525252525253,3.0303030303030303,0.6060606060606061,0.6593406593406593,0.8928571428571429,0.38181818181818183,0.5509196363636364,0.5127272727272727,0.5451505016722408,5.3872053872053876,4.040404040404041,0.07058823529411765,0,0
"Brooks, Green, Sengun, Eason, Thompson","HOU",20,149,16.414565826330517,315,130.79365079365078,37.77777777777778,61.26984126984127,0.616580310880829,13.968253968253968,32.38095238095238,0.43137254901960786,0.43564356435643564,13.333333333333334,39.36507936507937,36.19047619047619,34.285714285714285,7.619047619047619,0.5210084033613446,0.5486725663716814,0.8181818181818182,0.34576271186440677,0.5583190476190476,0.6271186440677966,0.6338461538461538,3.8095238095238093,6.349206349206349,0.10362694300518134,0.31746031746031744,0.00980392156862745
"Prince, Kuzma, Rollins, Lopez, Antetokounmpo","MIL",11,146,12.774632210607805,288,133.68055555555554,35.763888888888886,54.166666666666664,0.6602564102564102,14.930555555555555,30.90277777777778,0.48314606741573035,0.48314606741573035,17.36111111111111,37.5,34.02777777777778,44.791666666666664,0,0.5242718446601942,0.5510204081632653,1,0.363265306122449,0.5622657142857143,0.6836734693877551,0.698905109489051,3.4722222222222223,2.7777777777777777,0.05128205128205128,0,0
"Alexander-Walker, Edwards, McDaniels, Gobert, Randle","MIN",34,146,5.057857409481159,282,113.82978723404256,24.46808510638298,48.93617021276596,0.5,15.24822695035461,42.198581560283685,0.36134453781512604,0.36134453781512604,19.148936170212767,19.858156028368793,29.078014184397162,27.659574468085108,18.085106382978722,0.4057971014492754,0.4827586206896552,0.6046511627906976,0.46303501945525294,0.5363663424124513,0.519455252918288,0.5481099656357389,7.801418439716312,4.25531914893617,0.08695652173913043,0.3546099290780142,0.008403361344537815
"Paul, Vassell, Castle, Biyombo, Barnes","SAS",14,138,-6.614780902550692,275,120.36363636363636,27.636363636363637,48.72727272727273,0.5671641791044776,18.545454545454547,41.45454545454545,0.4473684210526316,0.4473684210526316,9.454545454545455,26.181818181818183,29.09090909090909,51.27272727272727,4.363636363636363,0.47368421052631576,0.4931506849315068,0.9215686274509803,0.4596774193548387,0.5304028634361233,0.6149193548387096,0.625,2.1818181818181817,2.1818181818181817,0.04477611940298507,0,0
"Simons, Ayton, Sharpe, Camara, Grant","POR",13,137,-34.41797798510309,283,93.63957597173145,26.501766784452297,51.236749116607776,0.5172413793103449,9.89399293286219,38.51590106007067,0.25688073394495414,0.25925925925925924,10.954063604240282,28.268551236749115,24.73498233215548,21.20141342756184,8.480565371024735,0.5333333333333333,0.5797101449275363,0.7142857142857143,0.42913385826771655,0.5404705533596837,0.46062992125984253,0.4944029850746269,4.240282685512367,3.8869257950530036,0.07586206896551724,0.35335689045936397,0.009174311926605505
"Paul, Vassell, Sochan, Wembanyama, Barnes","SAS",12,136,16,275,119.27272727272727,25.818181818181817,43.27272727272727,0.5966386554621849,17.09090909090909,46.18181818181818,0.3700787401574803,0.3700787401574803,16.363636363636363,34.18181818181818,17.454545454545453,48,3.272727272727273,0.6619718309859155,0.7121212121212122,0.9361702127659575,0.516260162601626,0.5648262195121951,0.5752032520325203,0.6063432835820896,3.6363636363636362,2.1818181818181817,0.05042016806722689,0.7272727272727273,0.015748031496062992
"Huerter, White, Giddey, Buzelis, Vučević","CHI",9,134,3.571032767304118,289,124.5674740484429,36.332179930795846,58.477508650519034,0.621301775147929,11.764705882352942,30.44982698961938,0.38636363636363635,0.38636363636363635,16.608996539792386,42.90657439446367,29.757785467128027,34.2560553633218,1.0380622837370241,0.5904761904761905,0.6326530612244898,0.9705882352941176,0.3424124513618677,0.5664363813229573,0.6070038910505836,0.6307420494699647,4.844290657439446,5.882352941176471,0.10059171597633136,0.6920415224913494,0.022727272727272728
"Simons, Ayton, Avdija, Sharpe, Camara","POR",10,134,5.3849354972950465,267,117.97752808988764,31.086142322097377,50.561797752808985,0.6148148148148148,13.857677902621722,36.70411985018727,0.37755102040816324,0.37755102040816324,14.232209737827715,31.46067415730337,30.711610486891384,26.96629213483146,14.606741573033707,0.5060240963855421,0.5454545454545454,0.6486486486486487,0.4206008583690987,0.5391409871244636,0.5944206008583691,0.6205533596837944,4.49438202247191,2.247191011235955,0.044444444444444446,0,0
"Porter Jr., Braun, Westbrook, Gordon, Jokić","DEN",24,128,24.85293331194181,276,132.97101449275362,35.14492753623188,59.78260869565217,0.5878787878787879,14.855072463768115,29.347826086956523,0.5061728395061729,0.5061728395061729,18.115942028985508,46.3768115942029,23.91304347826087,41.30434782608695,3.260869565217391,0.6597938144329897,0.7529411764705882,0.926829268292683,0.32926829268292684,0.5846477551020408,0.6443089430894309,0.6630434782608695,8.695652173913043,3.9855072463768115,0.06666666666666667,0,0
"Poeltl, Barrett, Mitchell, Barnes, Dick","TOR",13,126,-3.697763521340107,258,111.62790697674419,35.65891472868217,60.85271317829457,0.5859872611464968,8.527131782945736,27.131782945736433,0.3142857142857143,0.3188405797101449,14.728682170542635,45.736434108527135,25.58139534883721,23.25581395348837,2.3255813953488373,0.6413043478260869,0.686046511627907,0.9090909090909091,0.30837004405286345,0.5739055309734513,0.5506607929515418,0.5669291338582677,4.651162790697675,1.937984496124031,0.03184713375796178,0.3875968992248062,0.014285714285714285
"Paul, Fox, Vassell, Biyombo, Barnes","SAS",12,125,-7.553127806046092,257,112.06225680933852,29.182879377431906,52.52918287937743,0.5555555555555556,14.785992217898833,40.856031128404666,0.3619047619047619,0.3619047619047619,9.33852140077821,32.68482490272373,25.68093385214008,40.856031128404666,3.501945525291829,0.56,0.6086956521739131,0.9210526315789473,0.4375,0.552270625,0.55,0.5647058823529412,4.669260700389105,2.7237354085603114,0.05185185185185185,0,0
"Moody, Podziemski, Post, Butler III, Green","GSW",18,125,17.929645126297856,239,114.22594142259415,25.10460251046025,45.18828451882845,0.5555555555555556,16.317991631799163,47.28033472803347,0.34513274336283184,0.34513274336283184,15.06276150627615,31.799163179916317,18.410041841004183,41.42259414225941,7.531380753138075,0.6333333333333333,0.6909090909090909,0.8461538461538461,0.5113122171945701,0.5281246606334842,0.5361990950226244,0.5601659751037344,4.184100418410042,4.184100418410042,0.09259259259259259,0.41841004184100417,0.008849557522123894
"Anunoby, Hart, Bridges, Brunson, Achiuwa","NYK",22,124,-8.891338582677164,250,110.4,28.8,54.4,0.5294117647058824,10.4,27.2,0.38235294117647056,0.3880597014925373,21.6,28.8,28.8,26.4,4.8,0.5,0.5454545454545454,0.8461538461538461,0.3333333333333333,0.5492669950738917,0.5441176470588235,0.5851063829787234,4.8,2.4,0.04411764705882353,0.8,0.029411764705882353
"DiVincenzo, Alexander-Walker, Reid, Conley, Gobert","MIN",29,123,26.866246498599438,238,123.94957983193277,26.050420168067227,48.739495798319325,0.5344827586206896,18.48739495798319,44.53781512605042,0.41509433962264153,0.41509433962264153,16.386554621848738,35.294117647058826,16.80672268907563,45.378151260504204,10.084033613445378,0.6774193548387096,0.8076923076923077,0.8181818181818182,0.4774774774774775,0.5601565315315316,0.5765765765765766,0.6053719008264463,8.403361344537815,3.7815126050420167,0.07758620689655173,0.8403361344537815,0.018867924528301886
"DiVincenzo, Alexander-Walker, Reid, Edwards, Gobert","MIN",44,123,18.45255911403771,260,119.23076923076923,24.23076923076923,39.61538461538461,0.6116504854368932,19.23076923076923,43.07692307692308,0.44642857142857145,0.44642857142857145,13.076923076923077,31.53846153846154,16.923076923076923,39.23076923076923,18.46153846153846,0.6507936507936508,0.7192982456140351,0.68,0.5209302325581395,0.5494086046511628,0.641860465116279,0.6623931623931624,4.615384615384615,2.6923076923076925,0.06796116504854369,0.38461538461538464,0.008928571428571428
"Portis, Trent Jr., Green, Lopez, Lillard","MIL",16,121,18.987619336774287,246,124.79674796747967,26.016260162601625,47.15447154471545,0.5517241379310345,19.91869918699187,44.71544715447155,0.44545454545454544,0.44954128440366975,13.008130081300813,20.32520325203252,31.70731707317073,47.5609756097561,12.195121951219512,0.390625,0.43103448275862066,0.7959183673469388,0.48672566371681414,0.5377500000000001,0.6084070796460177,0.6395833333333333,4.878048780487805,4.471544715447155,0.09482758620689655,0.4065040650406504,0.00909090909090909
"Anunoby, Hart, Bridges, Brunson, Sims","NYK",18,120,-4.142535392535393,224,109.82142857142857,29.910714285714285,56.25,0.5317460317460317,12.5,40.17857142857143,0.3111111111111111,0.3146067415730337,12.5,30.357142857142858,29.464285714285715,34.82142857142857,2.6785714285714284,0.5074626865671642,0.5573770491803278,0.9285714285714286,0.4166666666666667,0.5466086046511628,0.5046296296296297,0.5236051502145923,5.357142857142857,2.232142857142857,0.03968253968253968,0,0
"Adebayo, Herro, Mitchell, Ware, Wiggins","MIA",12,120,-1.5117157974300852,243,114.81481481481481,28.395061728395063,50.205761316872426,0.5655737704918032,12.757201646090534,33.74485596707819,0.3780487804878049,0.38271604938271603,19.753086419753085,30.45267489711934,26.337448559670783,37.03703703703704,1.2345679012345678,0.5362318840579711,0.5522388059701493,0.967741935483871,0.4019607843137255,0.544755,0.5661764705882353,0.6096491228070176,1.646090534979424,2.05761316872428,0.040983606557377046,0,0
"Rozier, Adebayo, Highsmith, Herro, Jaquez Jr.","MIA",15,120,-17.62304921968787,245,99.18367346938776,24.897959183673468,51.83673469387755,0.48031496062992124,11.020408163265307,37.142857142857146,0.2967032967032967,0.2967032967032967,16.3265306122449,27.755102040816325,22.040816326530614,30.612244897959183,2.4489795918367347,0.5573770491803278,0.5862068965517241,0.9259259259259259,0.41743119266055045,0.5152149082568808,0.46559633027522934,0.5083682008368201,2.4489795918367347,6.530612244897959,0.12598425196850394,0.40816326530612246,0.01098901098901099
"Tatum, Kornet, Pritchard, Hauser, Horford","BOS",23,120,12.629128753630994,229,116.5938864628821,23.14410480349345,45.851528384279476,0.5047619047619047,19.650655021834062,57.64192139737991,0.3409090909090909,0.3409090909090909,11.353711790393014,19.213973799126638,27.074235807860262,49.78165938864629,9.170305676855895,0.41509433962264153,0.4782608695652174,0.8444444444444444,0.5569620253164557,0.5440082278481012,0.5084388185654009,0.53,6.11353711790393,2.6200873362445414,0.05714285714285714,0,0
"Bridges, Ball, Green, Williams, Smith Jr.","CHA",13,120,-13.708212209302332,258,104.65116279069767,23.25581395348837,52.325581395348834,0.4444444444444444,13.953488372093023,39.14728682170543,0.3564356435643564,0.3564356435643564,16.27906976744186,24.031007751937985,22.48062015503876,30.232558139534884,11.627906976744185,0.5166666666666667,0.5849056603773585,0.7222222222222222,0.4279661016949153,0.5461069915254237,0.4830508474576271,0.5192307692307693,5.426356589147287,5.038759689922481,0.0962962962962963,0.3875968992248062,0.009900990099009901
"Jones, Booker, Durant, Beal, Nurkić","PHX",12,119,-18.25127334465195,248,108.06451612903226,32.66129032258065,50.806451612903224,0.6428571428571429,11.693548387096774,36.29032258064516,0.32222222222222224,0.32222222222222224,7.661290322580645,41.935483870967744,23.387096774193548,35.08064516129032,0,0.6419753086419753,0.65,1,0.4166666666666667,0.5514965277777778,0.5763888888888888,0.5911111111111111,0.8064516129032258,2.0161290322580645,0.03968253968253968,0.8064516129032258,0.022222222222222223
"Washington, Dončić, Lively II, Irving, Thompson","DAL",14,119,23.537234042553195,240,133.75,33.75,55,0.6136363636363636,17.083333333333332,43.333333333333336,0.3942307692307692,0.3942307692307692,15,31.666666666666668,35.833333333333336,41.25,10,0.4691358024691358,0.5135135135135135,0.8048780487804879,0.4406779661016949,0.5450978723404256,0.6038135593220338,0.622093023255814,5.833333333333333,2.5,0.045454545454545456,0.4166666666666667,0.009615384615384616
"Towns, Hart, Bridges, Brunson, Achiuwa","NYK",11,116,1.0179324894514679,240,119.58333333333333,40.416666666666664,70.83333333333333,0.5705882352941176,6.25,23.75,0.2631578947368421,0.2631578947368421,20,40,40.833333333333336,15,3.75,0.4948453608247423,0.5647058823529412,0.8,0.2511013215859031,0.5572194690265487,0.526431718061674,0.572289156626506,10,8.333333333333334,0.11764705882352941,0,0
"Porter Jr., Braun, Watson, Westbrook, Jokić","DEN",29,114,0.7123655913978411,240,122.08333333333333,38.75,59.166666666666664,0.6549295774647887,8.75,22.916666666666668,0.38181818181818183,0.40384615384615385,18.333333333333332,60,17.5,23.75,2.5,0.7741935483870968,0.8089887640449438,0.9047619047619048,0.27918781725888325,0.5556188144329897,0.631979695431472,0.6511111111111111,3.3333333333333335,4.583333333333333,0.07746478873239436,0,0
"Reid, Edwards, McDaniels, Conley, Gobert","MIN",26,114,24.69428801287208,226,127.87610619469027,27.43362831858407,54.424778761061944,0.5040650406504065,18.141592920353983,42.47787610619469,0.4270833333333333,0.4270833333333333,18.58407079646018,34.51327433628319,20.353982300884955,41.150442477876105,13.274336283185841,0.6290322580645161,0.7358490566037735,0.7560975609756098,0.4383561643835616,0.568065296803653,0.5639269406392694,0.6020833333333333,7.964601769911504,7.964601769911504,0.14634146341463414,0,0
"DiVincenzo, Reid, Edwards, McDaniels, Randle","MIN",32,113,-4.8408670679413035,222,113.06306306306307,26.576576576576578,46.3963963963964,0.5728155339805825,11.711711711711711,42.34234234234234,0.2765957446808511,0.2826086956521739,24.774774774774773,27.92792792792793,25.225225225225227,28.37837837837838,6.756756756756757,0.5254237288135594,0.5740740740740741,0.8076923076923077,0.47715736040609136,0.5615441025641026,0.49746192893401014,0.5582959641255605,4.504504504504505,4.054054054054054,0.08737864077669903,0,0
"Jackson Jr., Morant, Clarke, Bane, Wells","MEM",21,110,4.0733528075300285,234,121.7948717948718,29.914529914529915,54.7008547008547,0.546875,13.247863247863247,29.487179487179485,0.4492753623188406,0.45588235294117646,22.22222222222222,34.18803418803419,25.641025641025642,33.333333333333336,6.410256410256411,0.5714285714285714,0.6060606060606061,0.8387096774193549,0.350253807106599,0.5488581632653061,0.5913705583756346,0.6322869955156951,3.4188034188034186,7.264957264957265,0.1328125,0,0
"Prince, Green, Lopez, Lillard, Antetokounmpo","MIL",27,110,12.121212121212125,231,112.12121212121212,27.272727272727273,50.21645021645022,0.5431034482758621,11.255411255411255,34.1991341991342,0.3291139240506329,0.3291139240506329,23.80952380952381,18.181818181818183,36.36363636363637,31.16883116883117,2.5974025974025974,0.3333333333333333,0.3559322033898305,0.9230769230769231,0.40512820512820513,0.5779087179487179,0.5230769230769231,0.5730088495575221,3.463203463203463,5.627705627705628,0.11206896551724138,0.4329004329004329,0.012658227848101266
"DiVincenzo, Reid, Edwards, McDaniels, Gobert","MIN",37,108,9.904799165362533,213,113.14553990610328,24.413145539906104,51.17370892018779,0.47706422018348627,15.96244131455399,39.436619718309856,0.40476190476190477,0.40476190476190477,16.431924882629108,25.35211267605634,23.474178403755868,35.2112676056338,12.67605633802817,0.5192307692307693,0.574468085106383,0.7352941176470589,0.43523316062176165,0.5586222797927461,0.533678756476684,0.5633802816901409,4.694835680751174,8.450704225352112,0.1651376146788991,0,0
"Finney-Smith, Dončić, Hachimura, Reaves, James","LAL",13,108,23.45967462789892,214,133.6448598130841,35.51401869158879,52.80373831775701,0.672566371681416,17.289719626168225,41.58878504672897,0.4157303370786517,0.4157303370786517,10.74766355140187,31.77570093457944,39.25233644859813,46.26168224299065,5.607476635514018,0.4473684210526316,0.5074626865671642,0.8918918918918919,0.4405940594059406,0.5653746268656716,0.650990099009901,0.6682242990654206,8.411214953271028,3.2710280373831777,0.061946902654867256,0.4672897196261682,0.011235955056179775
"Turner, Siakam, Haliburton, Mathurin, Sheppard","IND",11,107,-3.2059727711901616,207,114.97584541062803,25.120772946859905,51.690821256038646,0.48598130841121495,17.391304347826086,45.410628019323674,0.3829787234042553,0.3829787234042553,12.560386473429952,28.985507246376812,21.256038647342994,44.927536231884055,7.246376811594203,0.5769230769230769,0.6521739130434783,0.8611111111111112,0.46766169154228854,0.5334452736318408,0.527363184079602,0.5490654205607477,5.797101449275362,3.3816425120772946,0.06542056074766354,0,0
"Poeltl, Barrett, Quickley, Barnes, Dick","TOR",8,107,-8.07174887892377,223,103.1390134529148,29.14798206278027,56.95067264573991,0.5118110236220472,12.10762331838565,34.52914798206278,0.35064935064935066,0.36,8.52017937219731,37.66816143497758,20.62780269058296,29.59641255605381,6.726457399103139,0.6461538461538462,0.6774193548387096,0.8148148148148148,0.37745098039215685,0.5511252475247524,0.5171568627450981,0.5203619909502263,2.690582959641256,4.932735426008969,0.08661417322834646,0,0
"Poole, Coulibaly, Sarr, Carrington, George","WAS",13,107,-10.788390200154907,221,104.97737556561086,25.339366515837103,47.05882352941177,0.5384615384615384,12.669683257918551,44.34389140271493,0.2857142857142857,0.2857142857142857,16.289592760180994,22.624434389140273,28.054298642533936,31.221719457013574,6.787330316742081,0.44642857142857145,0.49019607843137253,0.8214285714285714,0.48514851485148514,0.5388138613861386,0.48514851485148514,0.5227272727272727,4.524886877828054,3.167420814479638,0.0673076923076923,0.9049773755656109,0.02040816326530612
"Turner, Siakam, Haliburton, Mathurin, Jackson","IND",9,106,-4.981484746958216,212,116.98113207547169,29.71698113207547,53.77358490566038,0.5526315789473685,13.20754716981132,33.0188679245283,0.4,0.4,17.92452830188679,37.735849056603776,21.69811320754717,31.132075471698112,8.49056603773585,0.6349206349206349,0.6779661016949152,0.7857142857142857,0.3804347826086957,0.5711858695652174,0.5706521739130435,0.6019417475728155,3.7735849056603774,4.716981132075472,0.08771929824561403,0,0
"LeVert, Niang, Young, Okongwu, Daniels","ATL",20,106,2.6077951421577836,235,123.40425531914893,29.361702127659573,45.95744680851064,0.6388888888888888,12.340425531914894,36.59574468085106,0.3372093023255814,0.3372093023255814,27.659574468085108,37.4468085106383,21.27659574468085,25.53191489361702,11.48936170212766,0.6376811594202898,0.676923076923077,0.6896551724137931,0.44329896907216493,0.5483276536312849,0.5798969072164949,0.6387665198237885,3.404255319148936,1.702127659574468,0.037037037037037035,0,0
"Turner, Nembhard, Toppin, Haliburton, Mathurin","IND",30,106,6.458134075297792,212,120.28301886792453,30.660377358490567,53.301886792452834,0.5752212389380531,12.735849056603774,37.264150943396224,0.34177215189873417,0.34615384615384615,20.754716981132077,35.84905660377358,25.471698113207548,31.132075471698112,7.0754716981132075,0.5846153846153846,0.6333333333333333,0.8148148148148148,0.4114583333333333,0.5289143979057591,0.5494791666666666,0.5825688073394495,4.716981132075472,4.716981132075472,0.08849557522123894,0,0
"Finney-Smith, Claxton, Johnson, Thomas, Schröder","BKN",9,106,7.388729527158318,214,117.28971962616822,26.635514018691588,46.26168224299065,0.5757575757575758,15.42056074766355,41.58878504672897,0.3707865168539326,0.3707865168539326,17.757009345794394,27.102803738317757,26.16822429906542,36.44859813084112,9.813084112149532,0.5087719298245614,0.5576923076923077,0.7878787878787878,0.4734042553191489,0.5421659574468085,0.5664893617021277,0.5980861244019139,4.672897196261682,5.140186915887851,0.1111111111111111,0.4672897196261682,0.011235955056179775
"White, Williams, Dosunmu, Vučević, LaVine","CHI",15,105,-3.0042918454935688,233,111.1587982832618,24.034334763948497,45.493562231759654,0.5283018867924528,14.592274678111588,39.48497854077253,0.3695652173913043,0.37362637362637363,19.313304721030043,33.47639484978541,14.592274678111588,38.62660944206009,5.150214592274678,0.6964285714285714,0.7358490566037735,0.8823529411764706,0.46464646464646464,0.5711182741116752,0.5404040404040404,0.5844748858447488,2.575107296137339,6.008583690987124,0.1320754716981132,0,0
"Russell, Hachimura, Reaves, Davis, James","LAL",10,105,4.727272727272734,225,112,30.22222222222222,57.333333333333336,0.5271317829457365,10.222222222222221,30.666666666666668,0.3333333333333333,0.3382352941176471,20.88888888888889,48.888888888888886,11.555555555555555,26.666666666666668,4,0.8088235294117647,0.859375,0.8695652173913043,0.3484848484848485,0.5604225888324873,0.5176767676767676,0.5550660792951542,3.5555555555555554,5.333333333333333,0.09302325581395349,0,0
"Young, Hunter, Johnson, Daniels, Capela","ATL",16,104,15.360453535585691,228,117.54385964912281,29.385964912280702,58.333333333333336,0.5037593984962406,11.403508771929825,32.01754385964912,0.3561643835616438,0.3611111111111111,24.56140350877193,38.59649122807018,20.17543859649123,26.31578947368421,7.894736842105263,0.6567164179104478,0.6984126984126984,0.7692307692307693,0.35436893203883496,0.5645397058823529,0.5145631067961165,0.5588235294117647,3.508771929824561,5.701754385964913,0.09774436090225563,0.43859649122807015,0.0136986301369863
"White, Dosunmu, Giddey, Vučević, LaVine","CHI",13,104,-2.232142857142861,224,121.875,29.017857142857142,47.767857142857146,0.6074766355140186,16.964285714285715,38.392857142857146,0.4418604651162791,0.4418604651162791,12.946428571428571,35.714285714285715,22.321428571428573,46.875,4.017857142857143,0.6153846153846154,0.6153846153846154,0.9210526315789473,0.44559585492227977,0.5749134715025906,0.6321243523316062,0.6445497630331753,0,4.910714285714286,0.102803738317757,0.44642857142857145,0.011627906976744186
"Russell, Claxton, Johnson, Williams, Johnson","BKN",9,104,-25.792014041246162,215,89.30232558139535,21.86046511627907,45.116279069767444,0.4845360824742268,11.627906976744185,46.04651162790697,0.25252525252525254,0.25510204081632654,10.69767441860465,24.186046511627907,19.53488372093023,27.906976744186046,6.976744186046512,0.5531914893617021,0.5909090909090909,0.8,0.5051020408163265,0.5414253846153846,0.43112244897959184,0.4549763033175355,2.7906976744186047,6.046511627906977,0.13402061855670103,0,0
"Beasley, Stewart, Sasser, Fontecchio, Holland II","DET",25,103,-5.058204293795185,211,116.11374407582939,18.48341232227488,41.23222748815166,0.4482758620689655,21.80094786729858,45.023696682464454,0.4842105263157895,0.4842105263157895,13.744075829383887,21.80094786729858,15.165876777251185,55.45023696682465,9.95260663507109,0.5897435897435898,0.696969696969697,0.8478260869565217,0.521978021978022,0.5293912790697675,0.5934065934065934,0.6155778894472361,5.687203791469194,5.687203791469194,0.13793103448275862,0,0
"Kennard, Jackson Jr., Bane, Edey, Wells","MEM",16,103,-3.3212560386473626,207,131.40096618357487,40.57971014492754,68.1159420289855,0.5957446808510638,12.077294685990339,27.536231884057973,0.43859649122807015,0.43859649122807015,14.009661835748792,37.68115942028985,43.47826086956522,31.884057971014492,4.3478260869565215,0.4642857142857143,0.5131578947368421,0.88,0.2878787878787879,0.524779797979798,0.6136363636363636,0.6384976525821596,7.729468599033816,4.3478260869565215,0.06382978723404255,0,0
"VanVleet, Brooks, Green, Sengun, Eason","HOU",24,102,2.9313251657862196,217,116.58986175115207,28.571428571428573,56.68202764976959,0.5040650406504065,12.903225806451612,35.483870967741936,0.36363636363636365,0.37333333333333335,20.737327188940093,22.119815668202765,35.02304147465438,29.032258064516128,9.67741935483871,0.3870967741935484,0.46153846153846156,0.75,0.385,0.5427162921348314,0.52,0.5622222222222222,9.216589861751151,3.686635944700461,0.06504065040650407,0,0
"Murray, Porter Jr., Westbrook, Gordon, Jokić","DEN",18,102,11.910736322501037,220,132.27272727272728,40,63.63636363636363,0.6285714285714286,11.818181818181818,31.363636363636363,0.37681159420289856,0.3939393939393939,16.818181818181817,49.09090909090909,30.90909090909091,27.272727272727273,8.181818181818182,0.6136363636363636,0.72,0.7692307692307693,0.33014354066985646,0.5640587378640777,0.6076555023923444,0.6277056277056277,11.818181818181818,5.454545454545454,0.08571428571428572,0,0
"Brooks, Green, Sengun, Smith Jr., Thompson","HOU",14,102,7.152422401836532,206,116.01941747572816,32.03883495145631,61.16504854368932,0.5238095238095238,11.16504854368932,33.00970873786408,0.3382352941176471,0.3382352941176471,18.446601941747574,17.475728155339805,46.601941747572816,24.75728155339806,8.737864077669903,0.2727272727272727,0.3333333333333333,0.7391304347826086,0.35051546391752575,0.5395827319587629,0.5180412371134021,0.5506912442396313,11.650485436893204,6.310679611650485,0.10317460317460317,0.4854368932038835,0.014705882352941176
"Finney-Smith, Dončić, Hayes, Reaves, James","LAL",14,102,0.5984926850894112,201,120.8955223880597,26.3681592039801,46.766169154228855,0.5638297872340425,14.925373134328359,37.3134328358209,0.4,0.4,23.383084577114428,28.855721393034827,23.880597014925375,35.82089552238806,8.955223880597014,0.5471698113207547,0.5686274509803921,0.8,0.4437869822485207,0.5380502958579881,0.5798816568047337,0.616751269035533,1.9900497512437811,1.9900497512437811,0.0425531914893617,0,0
"Dončić, Hachimura, Hayes, Reaves, James","LAL",13,100,-1.1474330846862557,215,114.4186046511628,31.627906976744185,50.23255813953488,0.6296296296296297,11.627906976744185,33.95348837209303,0.3424657534246575,0.3424657534246575,16.27906976744186,39.06976744186046,24.186046511627907,22.325581395348838,12.55813953488372,0.6176470588235294,0.6666666666666666,0.64,0.40331491712707185,0.5633560773480663,0.5828729281767956,0.6059113300492611,4.651162790697675,3.7209302325581395,0.07407407407407407,0,0
"Paul, Champagnie, Sochan, Wembanyama, Barnes","SAS",13,100,-2.4141414141414117,198,108.58585858585859,25.757575757575758,48.98989898989899,0.5257731958762887,14.141414141414142,42.92929292929293,0.32941176470588235,0.32941176470588235,14.646464646464647,36.36363636363637,15.151515151515152,30.303030303030305,12.121212121212121,0.7058823529411765,0.75,0.7142857142857143,0.46703296703296704,0.5597247252747253,0.510989010989011,0.5456852791878173,3.0303030303030303,4.040404040404041,0.08247422680412371,0.5050505050505051,0.011764705882352941
"Alexander-Walker, Reid, Edwards, McDaniels, Gobert","MIN",27,98,-12.617467135233625,195,107.17948717948718,24.615384615384617,50.76923076923077,0.48484848484848486,15.384615384615385,41.53846153846154,0.37037037037037035,0.37037037037037035,11.794871794871796,25.641025641025642,23.58974358974359,24.615384615384617,21.53846153846154,0.5208333333333334,0.5813953488372093,0.5333333333333333,0.45,0.5541130555555556,0.5166666666666667,0.5414507772020726,5.128205128205129,2.5641025641025643,0.050505050505050504,0,0
"Towns, Payne, Anunoby, Hart, Bridges","NYK",11,98,16,200,123,36,57.5,0.6260869565217392,11,30,0.36666666666666664,0.3728813559322034,18,49,23,30,3,0.6805555555555556,0.6901408450704225,0.9090909090909091,0.34285714285714286,0.5861453237410071,0.6,0.6218274111675127,1,5,0.08695652173913043,0,0
"Reid, Edwards, McDaniels, Conley, Randle","MIN",27,97,-0.6347572482415558,203,113.79310344827586,22.167487684729064,41.87192118226601,0.5294117647058824,16.748768472906406,41.37931034482759,0.40476190476190477,0.40476190476190477,19.211822660098523,24.63054187192118,19.704433497536947,38.423645320197046,11.822660098522167,0.5555555555555556,0.5681818181818182,0.7647058823529411,0.4970414201183432,0.5597168639053255,0.5680473372781065,0.6078947368421053,0.9852216748768473,3.4482758620689653,0.08235294117647059,0.9852216748768473,0.023809523809523808
"Murray, Green, Murphy III, Missi, McCollum","NOP",11,97,-1.65336922041719,202,114.85148514851485,31.683168316831683,58.91089108910891,0.5378151260504201,12.376237623762377,40.59405940594059,0.3048780487804878,0.3048780487804878,14.356435643564357,29.702970297029704,33.663366336633665,26.73267326732673,10.396039603960396,0.46875,0.5454545454545454,0.72,0.4079601990049751,0.5631171641791045,0.5049751243781094,0.5272727272727272,8.910891089108912,5.445544554455446,0.09243697478991597,0.49504950495049505,0.012195121951219513
"Simmons, Finney-Smith, Johnson, Thomas, Schröder","BKN",9,95,-6.509350878101841,199,112.56281407035176,25.628140703517587,42.21105527638191,0.6071428571428571,14.57286432160804,40.7035175879397,0.35802469135802467,0.35802469135802467,17.587939698492463,34.17085427135678,17.08542713567839,34.67336683417086,9.045226130653266,0.6666666666666666,0.68,0.7931034482758621,0.4909090909090909,0.5881427272727272,0.5727272727272728,0.6229050279329609,1.0050251256281406,1.0050251256281406,0.023809523809523808,0,0
"Young, Hunter, Okongwu, Johnson, Daniels","ATL",13,95,2.6235399820305503,212,124.52830188679245,29.245283018867923,47.64150943396226,0.6138613861386139,11.320754716981131,32.54716981132076,0.34782608695652173,0.34782608695652173,32.075471698113205,32.075471698113205,26.41509433962264,21.22641509433962,12.735849056603774,0.5483870967741935,0.6415094339622641,0.625,0.40588235294117647,0.56735,0.5764705882352941,0.6376811594202898,8.49056603773585,5.188679245283019,0.10891089108910891,0.4716981132075472,0.014492753623188406
"Rozier, Adebayo, Herro, Jović, Butler","MIA",9,95,-22.19994187736124,186,106.98924731182795,24.731182795698924,54.30107526881721,0.45544554455445546,12.903225806451612,35.483870967741936,0.36363636363636365,0.36363636363636365,18.817204301075268,27.956989247311828,21.50537634408602,32.25806451612903,6.451612903225806,0.5652173913043478,0.6190476190476191,0.8333333333333334,0.39520958083832336,0.5351766467065868,0.49101796407185627,0.526595744680851,4.301075268817204,6.989247311827957,0.12871287128712872,0,0
"Beasley, Stewart, Cunningham, Fontecchio, Holland II","DET",28,93,-4.555578576608312,196,102.55102040816327,21.428571428571427,50.51020408163265,0.42424242424242425,14.795918367346939,43.87755102040816,0.3372093023255814,0.3372093023255814,15.306122448979592,18.367346938775512,24.489795918367346,41.326530612244895,3.061224489795918,0.42857142857142855,0.5,0.9310344827586207,0.4648648648648649,0.5336347826086957,0.46216216216216216,0.5,6.122448979591836,5.1020408163265305,0.10101010101010101,0,0
"Powell, Zubac, Jones Jr., Coffey, Harden","LAC",22,93,2.9861183051900895,197,114.72081218274111,28.934010152284262,49.23857868020305,0.5876288659793815,12.182741116751268,26.903553299492387,0.4528301886792453,0.47058823529411764,20.304568527918782,35.53299492385787,22.33502538071066,24.365482233502537,12.182741116751268,0.6140350877192983,0.7,0.6666666666666666,0.35333333333333333,0.5398006802721088,0.62,0.6457142857142857,7.106598984771574,4.568527918781726,0.09278350515463918,0,0
"Murray, Ellis, DeRozan, Valančiūnas, LaVine","SAC",10,92,12.782248378573158,184,128.80434782608697,34.78260869565217,59.78260869565217,0.5818181818181818,14.673913043478262,33.69565217391305,0.43548387096774194,0.43548387096774194,15.217391304347826,38.04347826086956,31.52173913043478,39.130434782608695,4.891304347826087,0.546875,0.6140350877192983,0.8888888888888888,0.36046511627906974,0.5041517441860465,0.6075581395348837,0.644808743169399,7.608695652173913,4.891304347826087,0.08181818181818182,0,0
"VanVleet, Green, Sengun, Smith Jr., Thompson","HOU",16,92,13.110470355018919,179,134.0782122905028,37.98882681564246,65.92178770949721,0.576271186440678,14.525139664804469,38.547486033519554,0.37681159420289856,0.38235294117647056,14.525139664804469,30.16759776536313,45.81005586592179,30.16759776536313,13.40782122905028,0.39705882352941174,0.45,0.6923076923076923,0.3689839572192513,0.5441370967741935,0.5721925133689839,0.5915841584158416,8.938547486033519,4.4692737430167595,0.06779661016949153,0,0
"Turner, Nembhard, Toppin, Haliburton, Nesmith","IND",22,92,14.514695613533931,178,130.8988764044944,28.089887640449437,47.752808988764045,0.5882352941176471,20.786516853932586,50,0.4157303370786517,0.42045454545454547,12.359550561797754,38.20224719101124,17.97752808988764,53.93258426966292,8.426966292134832,0.68,0.723404255319149,0.8648648648648649,0.5114942528735632,0.5476739766081871,0.6063218390804598,0.6311475409836066,3.3707865168539324,3.932584269662921,0.08235294117647059,0.5617977528089888,0.011235955056179775
"Kuzma, Kispert, Carrington, George, Valančiūnas","WAS",14,91,-25.312885598448787,186,110.75268817204301,22.043010752688172,45.69892473118279,0.4823529411764706,17.204301075268816,38.17204301075269,0.4507042253521127,0.4507042253521127,15.053763440860216,21.50537634408602,22.580645161290324,46.774193548387096,4.838709677419355,0.4878048780487805,0.5263157894736842,0.90625,0.4551282051282051,0.5032785256410256,0.5705128205128205,0.5988372093023255,3.225806451612903,5.913978494623656,0.12941176470588237,0,0
"Adebayo, Robinson, Highsmith, Herro, Ware","MIA",9,90,2.8693528693528663,180,111.11111111111111,25,44.44444444444444,0.5625,16.11111111111111,38.888888888888886,0.4142857142857143,0.4142857142857143,12.777777777777779,32.22222222222222,17.77777777777778,38.333333333333336,10,0.6444444444444445,0.6590909090909091,0.7931034482758621,0.4666666666666667,0.5352753333333333,0.59,0.6180124223602484,1.1111111111111112,5,0.1125,0.5555555555555556,0.014285714285714285
"Gilgeous-Alexander, Dort, Holmgren, Williams, Wallace","OKC",10,90,21.870940862191503,201,119.90049751243781,35.32338308457712,62.18905472636816,0.568,11.940298507462687,31.34328358208955,0.38095238095238093,0.38095238095238093,13.432835820895523,25.870646766169155,44.776119402985074,31.34328358208955,4.477611940298507,0.36619718309859156,0.4,0.875,0.3351063829787234,0.5636816489361702,0.5691489361702128,0.5965346534653465,5.970149253731344,4.477611940298507,0.072,0.4975124378109453,0.015873015873015872
"Washington, Dončić, Gafford, Irving, Thompson","DAL",13,89,-8.02005012531329,190,115.78947368421052,30.526315789473685,56.31578947368421,0.5420560747663551,12.631578947368421,35.26315789473684,0.3582089552238806,0.36363636363636365,16.842105263157894,29.473684210526315,31.57894736842105,25.263157894736842,12.631578947368421,0.4827586206896552,0.5490196078431373,0.6666666666666666,0.3850574712643678,0.5374150289017341,0.5402298850574713,0.5732984293193717,7.368421052631579,3.1578947368421053,0.056074766355140186,0,0
"Jones, Booker, Dunn, Durant, Plumlee","PHX",14,89,25.33615767176275,183,118.0327868852459,32.78688524590164,56.28415300546448,0.5825242718446602,12.568306010928962,39.89071038251366,0.3150684931506849,0.3150684931506849,14.754098360655737,43.71584699453552,21.85792349726776,34.42622950819672,3.278688524590164,0.6666666666666666,0.7272727272727273,0.9130434782608695,0.4147727272727273,0.5403170454545454,0.5369318181818182,0.5631578947368421,5.46448087431694,3.278688524590164,0.05825242718446602,0,0
"Poole, Kispert, Coulibaly, George, Valančiūnas","WAS",22,89,3.77857436680965,187,122.45989304812834,32.0855614973262,52.406417112299465,0.6122448979591837,11.764705882352942,34.224598930481285,0.34375,0.3492063492063492,22.994652406417114,33.155080213903744,31.016042780748663,28.877005347593585,6.4171122994652405,0.5166666666666667,0.5535714285714286,0.8181818181818182,0.3950617283950617,0.5511142857142857,0.5740740740740741,0.6189189189189189,4.278074866310161,3.2085561497326203,0.061224489795918366,0,0
"Poole, Champagnie, Coulibaly, Sarr, Carrington","WAS",9,88,-9.171195652173907,192,110.9375,21.875,41.666666666666664,0.525,19.791666666666668,47.916666666666664,0.41304347826086957,0.41304347826086957,7.8125,22.916666666666668,20.833333333333332,45.3125,14.0625,0.5238095238095238,0.5945945945945946,0.7631578947368421,0.5348837209302325,0.5441476744186047,0.5755813953488372,0.5851648351648352,5.208333333333333,1.5625,0.0375,1.0416666666666667,0.021739130434782608
"Lyles, Sabonis, Ellis, DeRozan, LaVine","SAC",6,88,-0.8179959100204712,163,132.51533742331287,33.12883435582822,53.987730061349694,0.6136363636363636,16.56441717791411,39.877300613496935,0.4153846153846154,0.40625,16.56441717791411,33.12883435582822,33.12883435582822,36.809815950920246,12.883435582822086,0.5,0.5625,0.7407407407407407,0.42483660130718953,0.5268973684210526,0.6176470588235294,0.6467065868263473,7.361963190184049,1.8404907975460123,0.03409090909090909,0,0
"Russell, Claxton, Williams, Johnson, Wilson","BKN",8,87,-7.601828202715424,173,107.51445086705202,24.85549132947977,49.13294797687861,0.5058823529411764,15.028901734104046,39.884393063583815,0.37681159420289856,0.37681159420289856,12.716763005780347,31.213872832369944,18.497109826589597,39.884393063583815,5.202312138728324,0.627906976744186,0.675,0.8846153846153846,0.44805194805194803,0.5574201298701298,0.5324675324675324,0.5505952380952381,3.468208092485549,3.468208092485549,0.07058823529411765,0,0
"LeVert, Niang, Mitchell, Merrill, Mobley","CLE",17,85,32.91994353700342,174,123.5632183908046,22.988505747126435,41.37931034482759,0.5555555555555556,19.54022988505747,42.52873563218391,0.4594594594594595,0.4657534246575342,18.96551724137931,24.137931034482758,21.839080459770116,48.275862068965516,10.344827586206897,0.525,0.5675675675675675,0.8235294117647058,0.5068493150684932,0.5804672413793104,0.6232876712328768,0.6407185628742516,3.4482758620689653,6.32183908045977,0.1527777777777778,0.5747126436781609,0.013513513513513514
"Towns, Anunoby, Hart, Brunson, McBride","NYK",20,84,34.45280833815866,165,136.36363636363637,36.36363636363637,57.57575757575758,0.631578947368421,14.545454545454545,32.72727272727273,0.4444444444444444,0.4444444444444444,20,37.57575757575758,35.15151515151515,32.72727272727273,10.909090909090908,0.5166666666666667,0.5636363636363636,0.75,0.3624161073825503,0.5603728187919462,0.6442953020134228,0.6818181818181818,6.0606060606060606,3.0303030303030303,0.05263157894736842,0,0
"Beasley, Stewart, Fontecchio, Holland II, Schröder","DET",17,84,-0.6261510128913415,181,112.70718232044199,18.784530386740332,44.751381215469614,0.41975308641975306,17.679558011049725,39.226519337016576,0.4507042253521127,0.4507042253521127,22.099447513812155,22.099447513812155,15.469613259668508,51.38121546961326,1.6574585635359116,0.5882352941176471,0.6666666666666666,0.96875,0.46710526315789475,0.5443520408163266,0.5394736842105263,0.5901162790697675,4.419889502762431,2.7624309392265194,0.06172839506172839,0,0
"Towns, Payne, Hart, Bridges, McBride","NYK",18,83,24.319327731092443,170,131.1764705882353,30,50.588235294117645,0.5930232558139535,17.058823529411764,41.76470588235294,0.4084507042253521,0.4142857142857143,20,34.11764705882353,25.88235294117647,44.11764705882353,7.0588235294117645,0.5686274509803921,0.6744186046511628,0.8620689655172413,0.45222929936305734,0.5561038461538461,0.6019108280254777,0.6461988304093568,9.411764705882353,5.882352941176471,0.11627906976744186,0.5882352941176471,0.014084507042253521
"Stewart, Cunningham, Ivey, Harris, Hardaway Jr.","DET",12,83,3.6735700197238543,168,120.83333333333333,31.547619047619047,61.30952380952381,0.5145631067961165,14.880952380952381,33.92857142857143,0.43859649122807015,0.43859649122807015,13.095238095238095,39.285714285714285,23.80952380952381,37.5,7.142857142857143,0.6226415094339622,0.673469387755102,0.84,0.35625,0.5325078125,0.565625,0.5906432748538012,4.761904761904762,4.166666666666667,0.06796116504854369,0,0
"Carter Jr., Bitadze, Suggs, da Silva, Caldwell-Pope","ORL",6,83,-0.6211180124223574,161,105.59006211180125,34.78260869565217,63.35403726708075,0.5490196078431373,8.695652173913043,30.434782608695652,0.2857142857142857,0.2857142857142857,9.937888198757763,39.75155279503105,29.81366459627329,22.36024844720497,3.7267080745341614,0.5714285714285714,0.6153846153846154,0.8571428571428571,0.32450331125827814,0.5422303333333333,0.5099337748344371,0.5279503105590062,4.968944099378882,4.3478260869565215,0.06862745098039216,0.6211180124223602,0.02040816326530612
"LeVert, Mitchell, Allen, Garland, Mobley","CLE",21,82,18.724619726065114,174,124.71264367816092,29.310344827586206,51.724137931034484,0.5666666666666667,15.517241379310345,33.333333333333336,0.46551724137931033,0.46551724137931033,19.54022988505747,31.03448275862069,27.586206896551722,34.48275862068966,12.068965517241379,0.5294117647058824,0.574468085106383,0.7407407407407407,0.3918918918918919,0.5447111486486487,0.6182432432432432,0.6524390243902439,4.597701149425287,2.8735632183908044,0.05555555555555555,0,0
"Booker, Richards, Gillespie, Dunn, Durant","PHX",7,82,-3.441295546558706,156,130.76923076923077,31.41025641025641,58.333333333333336,0.5384615384615384,17.307692307692307,38.46153846153846,0.45,0.45,16.025641025641026,32.05128205128205,30.76923076923077,40.38461538461539,11.538461538461538,0.5102040816326531,0.6410256410256411,0.7777777777777778,0.3973509933774834,0.5113152317880795,0.5927152317880795,0.6219512195121951,12.820512820512821,5.128205128205129,0.08791208791208792,0,0
"Carter Jr., Wagner, Suggs, Banchero, Caldwell-Pope","ORL",6,82,-10.417912431067705,174,102.29885057471265,23.563218390804597,46.55172413793103,0.5061728395061729,12.068965517241379,40.229885057471265,0.3,0.30434782608695654,18.96551724137931,27.586206896551722,19.54022988505747,32.758620689655174,3.4482758620689653,0.5853658536585366,0.6,0.9047619047619048,0.46357615894039733,0.551003,0.48013245033112584,0.5236686390532544,1.1494252873563218,2.2988505747126435,0.04938271604938271,0,0
"Wright, Towns, Anunoby, Hart, Bridges","NYK",5,81,-1.1527591848876995,166,121.6867469879518,38.55421686746988,67.46987951807229,0.5714285714285714,9.036144578313253,26.50602409638554,0.3409090909090909,0.3409090909090909,17.46987951807229,42.16867469879518,34.93975903614458,27.10843373493976,0,0.546875,0.625,1,0.28205128205128205,0.5969166666666667,0.5544871794871795,0.5906432748538012,9.63855421686747,6.626506024096385,0.09821428571428571,0,0
"Washington, Gafford, Irving, Thompson, Dinwiddie","DAL",15,81,22.75449101796407,167,129.94011976047904,31.736526946107784,59.2814371257485,0.5353535353535354,16.167664670658684,34.73053892215569,0.46551724137931033,0.46551724137931033,17.964071856287426,34.73053892215569,28.74251497005988,35.92814371257485,12.574850299401197,0.5471698113207547,0.6041666666666666,0.7407407407407407,0.36942675159235666,0.5511321656050955,0.5955414012738853,0.6271676300578035,5.9880239520958085,5.389221556886228,0.09090909090909091,0,0
"Portis, Prince, Trent Jr., Lopez, Lillard","MIL",17,80,5.140291806958473,165,122.42424242424242,30.303030303030305,50.90909090909091,0.5952380952380952,14.545454545454545,36.36363636363637,0.4,0.4,18.181818181818183,25.454545454545453,35.15151515151515,32.72727272727273,10.909090909090908,0.42,0.4666666666666667,0.75,0.4166666666666667,0.5531863636363636,0.5972222222222222,0.6360759493670886,6.0606060606060606,2.4242424242424243,0.047619047619047616,0,0
"Beasley, Stewart, Cunningham, Harris, Hardaway Jr.","DET",33,80,9.313368687393861,177,112.99435028248588,22.598870056497177,41.24293785310734,0.547945205479452,17.51412429378531,42.93785310734463,0.40789473684210525,0.40789473684210525,15.254237288135593,18.07909604519774,27.11864406779661,45.76271186440678,6.779661016949152,0.4,0.47058823529411764,0.8709677419354839,0.5100671140939598,0.5242802013422819,0.5805369127516778,0.6134969325153374,6.779661016949152,3.9548022598870056,0.0958904109589041,0,0
"Sabonis, Fox, Murray, Ellis, DeRozan","SAC",16,80,13.610215288067636,154,134.41558441558442,35.064935064935064,63.63636363636363,0.5510204081632653,16.233766233766232,35.064935064935064,0.46296296296296297,0.46296296296296297,15.584415584415584,32.467532467532465,37.66233766233766,42.857142857142854,5.8441558441558445,0.46296296296296297,0.5319148936170213,0.88,0.35526315789473684,0.5160328947368421,0.6019736842105263,0.6234939759036144,9.090909090909092,5.8441558441558445,0.09183673469387756,0,0
"Hartenstein, Gilgeous-Alexander, Dort, Wiggins, Williams","OKC",14,80,31.799719887955177,170,128.8235294117647,38.8235294117647,63.529411764705884,0.6111111111111112,10.588235294117647,27.647058823529413,0.3829787234042553,0.3829787234042553,19.41176470588235,41.1764705882353,36.470588235294116,22.941176470588236,8.823529411764707,0.5303030303030303,0.5555555555555556,0.7222222222222222,0.3032258064516129,0.5314074193548387,0.6,0.6441176470588236,3.5294117647058822,2.9411764705882355,0.046296296296296294,0,0
"Poole, Champagnie, Sarr, Carrington, Johnson","WAS",5,79,-19.687907369066792,161,110.55900621118012,22.36024844720497,40.37267080745342,0.5538461538461539,16.770186335403725,48.4472049689441,0.34615384615384615,0.34615384615384615,15.527950310559007,21.11801242236025,23.60248447204969,35.40372670807454,14.906832298136646,0.4722222222222222,0.5151515151515151,0.7037037037037037,0.5454545454545454,0.5647637323943662,0.534965034965035,0.5709677419354838,3.7267080745341614,3.1055900621118013,0.07692307692307693,0.6211180124223602,0.01282051282051282
"Ball, Williams, Giddey, Vučević, LaVine","CHI",13,79,11.544216669160562,164,118.29268292682927,30.48780487804878,53.65853658536585,0.5681818181818182,17.073170731707318,37.80487804878049,0.45161290322580644,0.45161290322580644,6.097560975609756,37.80487804878049,23.170731707317074,34.75609756097561,16.463414634146343,0.62,0.6326530612244898,0.6785714285714286,0.41333333333333333,0.5488873333333334,0.6133333333333333,0.6178343949044586,1.2195121951219512,2.4390243902439024,0.045454545454545456,0,0
"Williamson, Murphy III, Missi, McCollum, Olynyk","NOP",8,79,-12.624318865983312,161,121.11801242236025,39.75155279503105,72.67080745341615,0.5470085470085471,9.937888198757763,27.32919254658385,0.36363636363636365,0.36363636363636365,11.801242236024844,45.962732919254655,33.54037267080745,24.22360248447205,5.590062111801243,0.578125,0.6727272727272727,0.8125,0.2732919254658385,0.5602850931677018,0.546583850931677,0.5542857142857143,11.180124223602485,5.590062111801243,0.07692307692307693,0,0
"Dunn, Zubac, Batum, Harden, Leonard","LAC",5,78,5.025409373235462,154,115.58441558441558,31.818181818181817,53.896103896103895,0.5903614457831325,12.987012987012987,36.36363636363637,0.35714285714285715,0.35714285714285715,12.987012987012987,46.753246753246756,16.883116883116884,33.116883116883116,5.8441558441558445,0.7346938775510204,0.7659574468085106,0.85,0.4028776978417266,0.5573568345323741,0.5683453237410072,0.5939597315436241,2.5974025974025974,4.545454545454546,0.08433734939759036,0,0
"Alexander-Walker, Reid, Edwards, McDaniels, Randle","MIN",30,78,-2.874514021010839,154,116.23376623376623,25.324675324675326,46.103896103896105,0.5492957746478874,15.584415584415584,45.45454545454545,0.34285714285714286,0.34782608695652173,18.83116883116883,25.974025974025974,24.675324675324674,35.064935064935064,11.688311688311689,0.5128205128205128,0.5882352941176471,0.75,0.49645390070921985,0.5608714285714286,0.5319148936170213,0.5737179487179487,6.4935064935064934,3.2467532467532467,0.07042253521126761,0,0
"Bridges, Ball, Green, Williams, Miller","CHA",6,77,4.852320675105474,158,121.51898734177215,26.582278481012658,54.43037974683544,0.4883720930232558,19.620253164556964,47.46835443037975,0.41333333333333333,0.4189189189189189,9.49367088607595,34.177215189873415,18.9873417721519,53.164556962025316,5.69620253164557,0.6428571428571429,0.6923076923076923,0.9032258064516129,0.4658385093167702,0.539445,0.5496894409937888,0.5614035087719298,3.7974683544303796,6.962025316455696,0.12790697674418605,0,0
"Brown, White, Horford, Holiday, Porziņģis","BOS",12,77,16.92919983242564,154,124.02597402597402,27.92207792207792,50,0.5584415584415584,18.181818181818183,44.15584415584416,0.4117647058823529,0.4117647058823529,13.636363636363637,27.272727272727273,28.571428571428573,48.701298701298704,5.8441558441558445,0.4883720930232558,0.525,0.8928571428571429,0.4689655172413793,0.5339706896551724,0.5862068965517241,0.6136363636363636,3.896103896103896,5.8441558441558445,0.11688311688311688,0,0
"Niang, Mitchell, Jerome, Merrill, Mobley","CLE",15,76,-10.694579681921454,156,105.12820512820512,24.358974358974358,50,0.48717948717948717,13.461538461538462,49.35897435897436,0.2727272727272727,0.28,16.025641025641026,24.358974358974358,24.358974358974358,34.61538461538461,5.769230769230769,0.5,0.5428571428571428,0.8571428571428571,0.4967741935483871,0.5587813725490196,0.4483870967741935,0.48520710059171596,3.8461538461538463,7.051282051282051,0.14102564102564102,0,0
"Bridges, Jeffries, Ball, Green, Williams","CHA",6,76,15.483870967741936,155,134.19354838709677,32.903225806451616,52.903225806451616,0.6219512195121951,16.129032258064516,39.354838709677416,0.4098360655737705,0.4098360655737705,20,46.45161290322581,19.35483870967742,40.645161290322584,7.741935483870968,0.7058823529411765,0.75,0.84,0.42657342657342656,0.5735316239316239,0.6188811188811189,0.6592356687898089,3.870967741935484,5.806451612903226,0.10975609756097561,0.6451612903225806,0.01639344262295082
"Brown, Tatum, White, Kornet, Holiday","BOS",12,76,16.909539735626694,161,112.4223602484472,31.055900621118013,50.93167701863354,0.6097560975609756,12.422360248447205,44.099378881987576,0.28169014084507044,0.28169014084507044,13.043478260869565,33.54037267080745,28.571428571428573,29.81366459627329,7.453416149068323,0.54,0.6136363636363636,0.8,0.46405228758169936,0.5716313725490195,0.5228758169934641,0.5391566265060241,7.453416149068323,4.3478260869565215,0.08536585365853659,1.2422360248447204,0.028169014084507043
"Waters III, Jackson-Davis, Curry, Green, Wiggins","GSW",8,76,8.463988241058303,156,128.84615384615384,27.564102564102566,49.35897435897436,0.5584415584415584,20.512820512820515,43.58974358974359,0.47058823529411764,0.47058823529411764,12.179487179487179,38.46153846153846,16.666666666666668,50,11.538461538461538,0.6976744186046512,0.7317073170731707,0.8125,0.4689655172413793,0.5491579310344827,0.6275862068965518,0.6461038961038961,2.5641025641025643,5.128205128205129,0.1038961038961039,0,0
"Beasley, Stewart, Ivey, Fontecchio, Holland II","DET",20,76,-5.488115449915114,152,116.44736842105263,25,51.973684210526315,0.4810126582278481,17.105263157894736,42.76315789473684,0.4,0.4262295081967213,15.131578947368421,28.94736842105263,21.05263157894737,43.421052631578945,7.894736842105263,0.5789473684210527,0.6285714285714286,0.8461538461538461,0.4513888888888889,0.5458464285714285,0.5347222222222222,0.5641025641025641,3.9473684210526314,1.9736842105263157,0.0379746835443038,0.6578947368421053,0.015384615384615385
"Jones, Booker, Richards, Dunn, Durant","PHX",10,75,-0.2842497670083901,145,119.3103448275862,30.344827586206897,55.172413793103445,0.55,13.793103448275861,33.10344827586207,0.4166666666666667,0.4166666666666667,17.24137931034483,28.96551724137931,31.724137931034484,37.241379310344826,4.137931034482759,0.4772727272727273,0.5384615384615384,0.9,0.375,0.49863359375,0.578125,0.6048951048951049,6.896551724137931,5.517241379310345,0.1,0.6896551724137931,0.020833333333333332
"Carter Jr., Bitadze, Wagner, Suggs, Caldwell-Pope","ORL",5,75,30.82191780821917,146,130.13698630136986,34.24657534246575,50.68493150684932,0.6756756756756757,13.698630136986301,32.87671232876713,0.4166666666666667,0.4166666666666667,20.54794520547945,42.465753424657535,26.027397260273972,30.82191780821918,10.273972602739725,0.62,0.6326530612244898,0.75,0.39344262295081966,0.5803040983606558,0.6557377049180327,0.6847826086956522,1.36986301369863,0.684931506849315,0.013513513513513514,0.684931506849315,0.020833333333333332
"Jones, Booker, O'Neale, Durant, Nurkić","PHX",11,74,30.4635761589404,151,127.1523178807947,27.814569536423843,45.6953642384106,0.6086956521739131,19.867549668874172,41.72185430463576,0.47619047619047616,0.47619047619047616,11.920529801324504,25.165562913907284,30.4635761589404,55.629139072847686,3.9735099337748343,0.4523809523809524,0.4523809523809524,0.9333333333333333,0.4772727272727273,0.5263609848484849,0.6590909090909091,0.676056338028169,0,3.3112582781456954,0.07246376811594203,0,0
"Avdija, Henderson, Sharpe, Camara, Clingan","POR",16,74,-18.556236481615002,146,93.83561643835617,23.972602739726028,49.31506849315068,0.4861111111111111,9.58904109589041,40.41095890410959,0.23728813559322035,0.23728813559322035,17.123287671232877,26.027397260273972,21.91780821917808,26.71232876712329,2.0547945205479454,0.5428571428571428,0.6785714285714286,0.9285714285714286,0.45038167938931295,0.5565291666666666,0.42748091603053434,0.46283783783783783,9.58904109589041,3.4246575342465753,0.06944444444444445,0,0
"Jackson-Davis, Curry, Green, Schröder, Wiggins","GSW",8,74,-7.790498749835493,149,102.01342281879195,26.845637583892618,55.70469798657718,0.4819277108433735,14.093959731543624,39.59731543624161,0.3559322033898305,0.3559322033898305,6.040268456375839,34.899328859060404,18.79194630872483,40.26845637583892,2.0134228187919465,0.65,0.7647058823529411,0.9523809523809523,0.4154929577464789,0.5196908450704225,0.5035211267605634,0.5205479452054794,8.053691275167786,6.040268456375839,0.10843373493975904,0,0
"Brogdon, Kispert, Carrington, George, Valančiūnas","WAS",9,73,-8.454140276800373,147,112.92517006802721,28.571428571428573,51.70068027210884,0.5526315789473685,12.92517006802721,36.054421768707485,0.3584905660377358,0.36538461538461536,17.006802721088434,36.734693877551024,20.408163265306122,36.734693877551024,2.0408163265306123,0.6428571428571429,0.7105263157894737,0.9473684210526315,0.4108527131782946,0.51891015625,0.5465116279069767,0.5845070422535211,5.442176870748299,4.081632653061225,0.07894736842105263,0,0
"Young, Hunter, Okongwu, Daniels, Bogdanović","ATL",17,73,-1.2473118279569917,150,121.33333333333333,29.333333333333332,62,0.4731182795698925,14.666666666666666,38.666666666666664,0.3793103448275862,0.3793103448275862,18.666666666666668,37.333333333333336,21.333333333333332,32,12,0.6363636363636364,0.7,0.7272727272727273,0.3841059602649007,0.5538579470198676,0.5099337748344371,0.5484848484848485,5.333333333333333,4,0.06451612903225806,0,0
"LeVert, Niang, Mitchell, Strus, Mobley","CLE",10,72,-18.333130353590718,161,100.62111801242236,17.391304347826086,34.161490683229815,0.509090909090909,16.770186335403725,50.31055900621118,0.3333333333333333,0.3333333333333333,15.527950310559007,16.149068322981368,18.633540372670808,40.993788819875775,9.316770186335404,0.4642857142857143,0.5,0.8148148148148148,0.5955882352941176,0.5454261029411764,0.5036764705882353,0.54,2.484472049689441,1.8633540372670807,0.05454545454545454,0,0
"Oubre Jr., Yabusele, Martin, Maxey, George","PHI",7,72,22.773444585525127,149,129.53020134228188,29.530201342281877,51.006711409395976,0.5789473684210527,18.120805369127517,47.651006711409394,0.38028169014084506,0.38028169014084506,16.107382550335572,21.476510067114095,37.58389261744966,34.22818791946309,20.13422818791946,0.36363636363636365,0.42105263157894735,0.6296296296296297,0.48299319727891155,0.5810884353741497,0.5748299319727891,0.595679012345679,8.053691275167786,6.7114093959731544,0.13157894736842105,0.6711409395973155,0.014084507042253521
"Hartenstein, Gilgeous-Alexander, Dort, Joe, Williams","OKC",17,72,15.997247785327247,151,121.19205298013244,36.42384105960265,64.23841059602648,0.5670103092783505,10.596026490066226,31.125827814569536,0.3404255319148936,0.3404255319148936,16.556291390728475,31.788079470198674,41.05960264900662,21.85430463576159,9.933774834437086,0.43636363636363634,0.4528301886792453,0.6875,0.3263888888888889,0.5323013986013986,0.5486111111111112,0.5828025477707006,2.6490066225165565,3.3112582781456954,0.05154639175257732,0,0
"Beasley, Duren, Thompson, Schröder, Hardaway Jr.","DET",8,71,18.667679837892607,140,132.14285714285714,35,68.57142857142857,0.5104166666666666,12.857142857142858,32.142857142857146,0.4,0.4,23.571428571428573,37.142857142857146,32.857142857142854,30,8.571428571428571,0.5306122448979592,0.6666666666666666,0.7777777777777778,0.3191489361702128,0.5472510791366906,0.5390070921985816,0.5723270440251572,14.285714285714286,7.857142857142857,0.11458333333333333,0,0
"Jackson Jr., Clarke, Bane, Pippen Jr., Wells","MEM",12,71,-5.130695867184741,149,106.71140939597315,30.201342281879196,56.375838926174495,0.5357142857142857,11.409395973154362,34.899328859060404,0.3269230769230769,0.3269230769230769,12.080536912751677,33.557046979865774,26.845637583892618,34.22818791946309,0,0.5555555555555556,0.6410256410256411,1,0.38235294117647056,0.5528007352941176,0.5183823529411765,0.5445205479452054,8.053691275167786,3.3557046979865772,0.05952380952380952,0.6711409395973155,0.019230769230769232
"Oubre Jr., Yabusele, Maxey, Edwards, Gordon","PHI",6,70,-15.207330618289532,148,110.13513513513513,29.054054054054053,51.351351351351354,0.5657894736842105,14.18918918918919,39.189189189189186,0.3620689655172414,0.3684210526315789,9.45945945945946,29.72972972972973,28.37837837837838,32.432432432432435,10.135135135135135,0.5116279069767442,0.55,0.7619047619047619,0.43283582089552236,0.5451364661654136,0.5559701492537313,0.5704225352112676,4.054054054054054,3.3783783783783785,0.06578947368421052,0,0
"Ayton, Avdija, Henderson, Sharpe, Camara","POR",13,70,3.478091907121353,146,121.91780821917808,34.93150684931507,56.84931506849315,0.6144578313253012,10.95890410958904,30.82191780821918,0.35555555555555557,0.35555555555555557,19.17808219178082,32.87671232876713,36.986301369863014,32.87671232876713,0,0.47058823529411764,0.4897959183673469,1,0.3515625,0.585283203125,0.5859375,0.6232394366197183,2.73972602739726,3.4246575342465753,0.060240963855421686,0,0
"Simons, Avdija, Camara, Clingan, Grant","POR",7,70,38.900432900432904,150,122.66666666666667,24,44,0.5454545454545454,18.666666666666668,40.666666666666664,0.45901639344262296,0.45901639344262296,18.666666666666668,30.666666666666668,17.333333333333332,48,8,0.6388888888888888,0.696969696969697,0.8571428571428571,0.48031496062992124,0.5824417322834646,0.6141732283464567,0.6344827586206897,4,3.3333333333333335,0.07575757575757576,0,0
"Anunoby, Bridges, Brunson, Achiuwa, McBride","NYK",20,70,4.166666666666671,144,111.11111111111111,25.694444444444443,45.833333333333336,0.5606060606060606,11.805555555555555,41.666666666666664,0.2833333333333333,0.2833333333333333,24.305555555555557,22.22222222222222,29.166666666666668,27.083333333333332,8.333333333333334,0.43243243243243246,0.45714285714285713,0.7647058823529411,0.47619047619047616,0.5337460317460317,0.49603174603174605,0.5517241379310345,2.7777777777777777,2.0833333333333335,0.045454545454545456,0,0
"Mitchell, Hunter, Jerome, Merrill, Mobley","CLE",11,70,0.763258323463603,153,121.56862745098039,28.758169934640524,47.712418300653596,0.6027397260273972,15.686274509803921,40.52287581699346,0.3870967741935484,0.3870967741935484,16.99346405228758,23.529411764705884,33.98692810457516,35.294117647058826,11.764705882352942,0.4090909090909091,0.42857142857142855,0.75,0.45925925925925926,0.5407511111111112,0.5925925925925926,0.6118421052631579,2.6143790849673203,1.9607843137254901,0.0410958904109589,0,0
"Oubre Jr., Yabusele, Maxey, Gordon, George","PHI",7,70,-1.5519013360740104,140,115.71428571428571,20,44.285714285714285,0.45161290322580644,18.571428571428573,37.857142857142854,0.49056603773584906,0.49056603773584906,20,17.142857142857142,22.857142857142858,36.42857142857143,19.285714285714285,0.42857142857142855,0.4444444444444444,0.6538461538461539,0.4608695652173913,0.5354360869565218,0.5826086956521739,0.6377952755905512,1.4285714285714286,2.857142857142857,0.06451612903225806,0,0
"Paul, Vassell, Sochan, Castle, Barnes","SAS",12,70,-25.293624161073836,144,106.25,25.694444444444443,46.52777777777778,0.5522388059701493,15.277777777777779,43.05555555555556,0.3548387096774194,0.3548387096774194,9.027777777777779,31.944444444444443,19.444444444444443,41.666666666666664,4.166666666666667,0.6216216216216216,0.6764705882352942,0.9090909090909091,0.4806201550387597,0.5732647286821705,0.5426356589147286,0.5425531914893617,4.166666666666667,2.0833333333333335,0.04477611940298507,0.6944444444444444,0.016129032258064516
"Sabonis, Fox, Monk, Ellis, DeRozan","SAC",12,69,14.50470599198583,146,132.1917808219178,36.986301369863014,52.73972602739726,0.7012987012987013,12.32876712328767,36.3013698630137,0.33962264150943394,0.33962264150943394,21.232876712328768,30.136986301369863,43.83561643835616,34.93150684931507,2.0547945205479454,0.4074074074074074,0.41509433962264153,0.9444444444444444,0.4076923076923077,0.5168976923076923,0.6230769230769231,0.6795774647887324,1.36986301369863,4.109589041095891,0.07792207792207792,0.684931506849315,0.018867924528301886
"Beasley, Cunningham, Duren, Thompson, Hardaway Jr.","DET",12,69,12.96798439655582,143,126.57342657342657,37.06293706293706,58.04195804195804,0.6385542168674698,11.888111888111888,33.56643356643357,0.3541666666666667,0.3541666666666667,16.783216783216783,36.36363636363637,37.76223776223776,25.174825174825173,10.48951048951049,0.49056603773584906,0.5531914893617021,0.7058823529411765,0.366412213740458,0.5388145038167939,0.5992366412213741,0.6276595744680851,8.391608391608392,3.4965034965034967,0.060240963855421686,0,0
"Bitadze, Anthony, Houstan, da Silva, Caldwell-Pope","ORL",6,69,0.7520325203252014,123,103.2520325203252,31.70731707317073,60.97560975609756,0.52,10.56910569105691,43.08943089430894,0.24528301886792453,0.24528301886792453,8.130081300813009,32.520325203252035,30.89430894308943,29.26829268292683,2.4390243902439024,0.5128205128205128,0.5882352941176471,0.9230769230769231,0.4140625,0.5279609375,0.45703125,0.4774436090225564,8.130081300813009,4.065040650406504,0.06666666666666667,0,0
"Simons, Ayton, Avdija, Henderson, Camara","POR",17,69,7.388263910003033,143,116.08391608391608,27.972027972027973,59.44055944055944,0.47058823529411764,11.188811188811188,29.37062937062937,0.38095238095238093,0.38095238095238093,26.573426573426573,29.37062937062937,26.573426573426573,23.076923076923077,10.48951048951049,0.525,0.6176470588235294,0.6875,0.33070866141732286,0.576723622047244,0.5039370078740157,0.5540540540540541,8.391608391608392,4.195804195804196,0.07058823529411765,0,0
"Hachimura, Reddish, Reaves, Davis, James","LAL",8,68,-10.589388822311804,134,116.41791044776119,29.104477611940297,53.73134328358209,0.5416666666666666,15.671641791044776,37.3134328358209,0.42,0.42,11.194029850746269,38.80597014925373,19.402985074626866,44.776119402985074,2.2388059701492535,0.6666666666666666,0.7222222222222222,0.9523809523809523,0.4098360655737705,0.5511918032786886,0.5778688524590164,0.6,4.477611940298507,2.2388059701492535,0.041666666666666664,0.746268656716418,0.02
"Anunoby, Bridges, Brunson, McBride, Sims","NYK",16,67,26.194543666200758,137,123.35766423357664,21.8978102189781,51.824817518248175,0.4225352112676056,20.437956204379564,39.416058394160586,0.5185185185185185,0.5185185185185185,18.248175182481752,16.05839416058394,27.73722627737226,43.7956204379562,17.51824817518248,0.36666666666666664,0.4074074074074074,0.7142857142857143,0.432,0.5296624000000001,0.576,0.6123188405797102,4.37956204379562,5.839416058394161,0.11267605633802817,0,0
"Adebayo, Robinson, Highsmith, Herro, Jaquez Jr.","MIA",10,67,-21.043942087884176,127,103.14960629921259,22.04724409448819,41.732283464566926,0.5283018867924528,14.960629921259843,46.45669291338583,0.3220338983050847,0.3275862068965517,14.173228346456693,25.19685039370079,18.89763779527559,37.79527559055118,7.086614173228346,0.5714285714285714,0.6153846153846154,0.8421052631578947,0.5267857142857143,0.5457076576576576,0.5044642857142857,0.5416666666666666,3.1496062992125986,2.3622047244094486,0.05660377358490566,1.5748031496062993,0.03389830508474576
"DiVincenzo, Alexander-Walker, Reid, Minott, Randle","MIN",14,66,19.748928352725045,138,126.08695652173913,21.014492753623188,31.884057971014492,0.6590909090909091,23.18840579710145,54.34782608695652,0.4266666666666667,0.4266666666666667,14.492753623188406,26.08695652173913,15.942028985507246,65.21739130434783,4.3478260869565215,0.6206896551724138,0.6666666666666666,0.9375,0.6302521008403361,0.5635344537815126,0.6470588235294118,0.6705426356589147,2.898550724637681,2.898550724637681,0.09090909090909091,0.7246376811594203,0.013333333333333334
"Dunn, Zubac, Jones Jr., Harden, Leonard","LAC",7,66,15.579710144927532,140,125,34.285714285714285,52.142857142857146,0.6575342465753424,12.857142857142858,32.142857142857146,0.4,0.4,17.857142857142858,44.285714285714285,24.285714285714285,27.857142857142858,10.714285714285714,0.6458333333333334,0.6888888888888889,0.7222222222222222,0.3813559322033898,0.5114631355932203,0.635593220338983,0.6679389312977099,4.285714285714286,2.857142857142857,0.0547945205479452,0,0
"Porter Jr., Strawther, Braun, Westbrook, Jokić","DEN",18,66,34.495814003092846,141,139.00709219858157,37.5886524822695,68.08510638297872,0.5520833333333334,13.47517730496454,26.95035460992908,0.5,0.5,23.404255319148938,56.737588652482266,18.43971631205674,34.04255319148936,6.382978723404255,0.7547169811320755,0.8163265306122449,0.8421052631578947,0.2835820895522388,0.5387630597014925,0.6082089552238806,0.6414473684210527,5.673758865248227,4.964539007092198,0.07291666666666667,0,0
"Carter Jr., Wagner, Banchero, Black, Caldwell-Pope","ORL",20,66,-18.54241903972529,127,88.97637795275591,24.409448818897637,51.181102362204726,0.47692307692307695,7.086614173228346,29.133858267716537,0.24324324324324326,0.24324324324324326,18.89763779527559,28.346456692913385,20.47244094488189,14.173228346456693,7.086614173228346,0.5806451612903226,0.6206896551724138,0.6666666666666666,0.3627450980392157,0.5154338235294118,0.4362745098039216,0.48695652173913045,3.1496062992125986,3.937007874015748,0.07692307692307693,0,0
"Bridges, Green, Williams, Smith Jr., Simpson","CHA",6,65,-23.02158273381295,139,92.80575539568345,31.654676258992804,64.74820143884892,0.4888888888888889,5.0359712230215825,28.776978417266186,0.175,0.175,14.388489208633093,30.215827338129497,33.093525179856115,12.949640287769784,2.158273381294964,0.4772727272727273,0.5,0.8571428571428571,0.3076923076923077,0.5027376923076924,0.41923076923076924,0.46402877697841727,2.8776978417266186,7.913669064748201,0.12222222222222222,1.4388489208633093,0.05
"VanVleet, Brooks, Sengun, Smith Jr., Thompson","HOU",15,64,29.650349650349654,132,122.72727272727273,25.757575757575758,50,0.5151515151515151,16.666666666666668,33.333333333333336,0.5,0.5,21.21212121212121,33.333333333333336,18.181818181818183,50,0,0.6470588235294118,0.6875,1,0.4,0.5408944954128441,0.6090909090909091,0.6328125,3.0303030303030303,3.787878787878788,0.07575757575757576,0,0
"Towns, Hart, Bridges, Brunson, McBride","NYK",23,64,13.511009374318732,139,130.93525179856115,35.25179856115108,62.589928057553955,0.5632183908045977,10.79136690647482,23.741007194244606,0.45454545454545453,0.46875,28.057553956834532,30.215827338129497,40.28776978417266,23.741007194244606,8.633093525179856,0.42857142857142855,0.45652173913043476,0.7333333333333333,0.275,0.5560642857142857,0.5958333333333333,0.65,4.316546762589928,5.755395683453237,0.09195402298850575,0,0
"Poeltl, Barrett, Agbaji, Barnes, Walter","TOR",4,63,24.30926916221034,132,126.51515151515152,35.60606060606061,59.09090909090909,0.6025641025641025,14.393939393939394,31.818181818181817,0.4523809523809524,0.4523809523809524,12.121212121212121,45.45454545454545,25.757575757575758,40.90909090909091,2.272727272727273,0.6382978723404256,0.6818181818181818,0.9473684210526315,0.35,0.5734666666666667,0.6291666666666667,0.6472868217054264,4.545454545454546,4.545454545454546,0.07692307692307693,0,0
"Rozier, Adebayo, Highsmith, Herro, Jović","MIA",15,63,11.772423664122144,128,114.0625,18.75,42.96875,0.43636363636363634,17.1875,45.3125,0.3793103448275862,0.3793103448275862,25,20.3125,17.1875,39.84375,11.71875,0.5416666666666666,0.5652173913043478,0.7727272727272727,0.5132743362831859,0.5383884955752212,0.504424778761062,0.5458015267175572,1.5625,2.34375,0.05454545454545454,0,0
"Siakam, Bryant, Nembhard, Haliburton, Nesmith","IND",12,63,2.2959349593495944,125,108.8,24,54.4,0.4411764705882353,16.8,41.6,0.40384615384615385,0.40384615384615385,10.4,28.8,19.2,38.4,12,0.6,0.6923076923076923,0.7619047619047619,0.43333333333333335,0.5495895833333333,0.5125,0.5396825396825397,6.4,4,0.07352941176470588,0,0
"Dunn, Zubac, Batum, Harden, Bogdanović","LAC",8,63,21.857152455822074,123,127.64227642276423,30.08130081300813,54.47154471544715,0.5522388059701493,15.447154471544716,32.520325203252035,0.475,0.475,21.13821138211382,32.520325203252035,27.642276422764226,31.70731707317073,14.634146341463415,0.5405405405405406,0.625,0.6842105263157895,0.37383177570093457,0.5075336448598131,0.6121495327102804,0.6541666666666667,8.130081300813009,3.252032520325203,0.05970149253731343,0,0
"Kuzma, Poole, Coulibaly, George, Valančiūnas","WAS",6,63,-30.634842519685037,128,90.625,17.1875,48.4375,0.3548387096774194,12.5,43.75,0.2857142857142857,0.2857142857142857,18.75,17.1875,17.1875,32.8125,4.6875,0.5,0.5789473684210527,0.875,0.4745762711864407,0.5252260683760683,0.3898305084745763,0.4461538461538462,4.6875,3.90625,0.08064516129032258,0.78125,0.017857142857142856
"Booker, Bol, Richards, Durant, Beal","PHX",5,63,-15.248348143084982,133,112.78195488721805,34.58646616541353,51.8796992481203,0.6666666666666666,11.278195488721805,32.330827067669176,0.3488372093023256,0.3488372093023256,9.774436090225564,46.61654135338346,22.55639097744361,24.81203007518797,9.022556390977444,0.6739130434782609,0.7045454545454546,0.7333333333333333,0.38392857142857145,0.5209732142857143,0.6116071428571429,0.635593220338983,3.007518796992481,1.5037593984962405,0.028985507246376812,0,0
"Powell, Dunn, Zubac, Coffey, Harden","LAC",18,62,40.51459293394778,126,138.0952380952381,29.365079365079364,47.61904761904762,0.6166666666666667,19.841269841269842,38.888888888888886,0.5102040816326531,0.5102040816326531,19.841269841269842,33.333333333333336,25.396825396825395,38.095238095238095,21.428571428571427,0.5675675675675675,0.6176470588235294,0.64,0.44954128440366975,0.5496463302752294,0.6834862385321101,0.7208333333333333,4.761904761904762,3.9682539682539684,0.08333333333333333,0,0
"White, Dosunmu, Giddey, Buzelis, Vučević","CHI",8,62,-41.11623143881208,126,99.2063492063492,21.428571428571427,42.06349206349206,0.5094339622641509,15.873015873015873,44.44444444444444,0.35714285714285715,0.35714285714285715,8.73015873015873,30.158730158730158,12.698412698412698,45.23809523809524,2.380952380952381,0.7037037037037037,0.7307692307692307,0.95,0.5137614678899083,0.5434573394495412,0.5229357798165137,0.5442477876106194,1.5873015873015872,5.555555555555555,0.1320754716981132,0.7936507936507936,0.017857142857142856
"Beasley, Cunningham, Ivey, Duren, Harris","DET",15,62,18.897637795275585,127,118.89763779527559,27.559055118110237,49.60629921259842,0.5555555555555556,14.960629921259843,36.22047244094488,0.41304347826086957,0.41304347826086957,18.89763779527559,26.771653543307085,28.346456692913385,40.15748031496063,4.724409448818897,0.4857142857142857,0.5666666666666667,0.8947368421052632,0.42201834862385323,0.5433779816513762,0.5825688073394495,0.6097560975609756,7.874015748031496,3.1496062992125986,0.06349206349206349,0.7874015748031497,0.021739130434782608
"Jones, Booker, Bol, Richards, Durant","PHX",5,62,11.598478888014697,123,138.21138211382114,30.89430894308943,51.21951219512195,0.6031746031746031,21.951219512195124,44.71544715447155,0.4909090909090909,0.4909090909090909,10.56910569105691,42.27642276422764,19.51219512195122,63.41463414634146,2.4390243902439024,0.6842105263157895,0.7428571428571429,0.9629629629629629,0.4661016949152542,0.5393724576271186,0.6652542372881356,0.68,4.878048780487805,3.252032520325203,0.06349206349206349,0,0
"Johnson, Jones, Champagnie, Wembanyama, Castle","SAS",13,62,14.173576561636267,134,113.43283582089552,26.865671641791046,46.26865671641791,0.5806451612903226,12.686567164179104,39.55223880597015,0.32075471698113206,0.3333333333333333,21.64179104477612,40.298507462686565,13.432835820895523,33.582089552238806,4.477611940298507,0.75,0.75,0.8823529411764706,0.4608695652173913,0.5469303571428571,0.5347826086956522,0.5801526717557252,0,4.477611940298507,0.0967741935483871,0,0
"Hunter, Okongwu, Johnson, Bufkin, Bogdanović","ATL",7,61,-2.114427860696523,132,108.33333333333333,30.303030303030305,58.333333333333336,0.5194805194805194,9.848484848484848,31.060606060606062,0.3170731707317073,0.3333333333333333,18.181818181818183,37.878787878787875,22.727272727272727,25,4.545454545454546,0.625,0.6578947368421053,0.8461538461538461,0.3474576271186441,0.5586112068965517,0.5042372881355932,0.5465116279069767,3.0303030303030303,5.303030303030303,0.09090909090909091,0,0
"Simmons, Claxton, Johnson, Johnson, Clowney","BKN",5,61,-16.830601092896174,122,109.8360655737705,24.59016393442623,55.73770491803279,0.4411764705882353,14.754098360655737,33.60655737704918,0.43902439024390244,0.43902439024390244,16.39344262295082,22.950819672131146,26.229508196721312,41.80327868852459,2.459016393442623,0.4666666666666667,0.5,0.9444444444444444,0.3761467889908257,0.5406293577981651,0.5229357798165137,0.559322033898305,3.278688524590164,6.557377049180328,0.11764705882352941,0,0
"Poeltl, Barrett, Agbaji, Barnes, Dick","TOR",7,61,-14.949483082706763,128,102.34375,31.25,48.4375,0.6451612903225806,10.9375,35.9375,0.30434782608695654,0.30434782608695654,7.03125,42.1875,20.3125,28.125,4.6875,0.675,0.7105263157894737,0.8571428571428571,0.42592592592592593,0.6208449074074074,0.5648148148148148,0.5796460176991151,3.125,3.90625,0.08064516129032258,0,0
"Paul, Fox, Vassell, Wembanyama, Barnes","SAS",5,61,-0.7874015748031411,127,120.4724409448819,31.496062992125985,56.69291338582677,0.5555555555555556,13.385826771653543,37.00787401574803,0.3617021276595745,0.3617021276595745,17.322834645669293,44.09448818897638,18.89763779527559,35.43307086614173,4.724409448818897,0.7,0.7567567567567568,0.8823529411764706,0.3949579831932773,0.5489512605042016,0.5504201680672269,0.583969465648855,4.724409448818897,4.724409448818897,0.08333333333333333,0,0
"Simons, Sharpe, Camara, Clingan, Grant","POR",9,60,-28.37377049180327,122,84.42622950819673,21.311475409836067,50.81967213114754,0.41935483870967744,12.295081967213115,43.442622950819676,0.2830188679245283,0.28846153846153844,4.918032786885246,19.672131147540984,22.950819672131146,24.59016393442623,12.295081967213115,0.46153846153846156,0.48,0.6666666666666666,0.4608695652173913,0.5345258771929824,0.4217391304347826,0.42916666666666664,1.639344262295082,6.557377049180328,0.12903225806451613,0,0
"Fox, Johnson, Champagnie, Sochan, Castle","SAS",14,60,-9.77443609022555,133,124.81203007518798,38.34586466165413,60.902255639097746,0.6296296296296297,12.781954887218046,34.58646616541353,0.3695652173913043,0.3695652173913043,9.774436090225564,43.609022556390975,33.08270676691729,38.34586466165413,0,0.5686274509803921,0.6444444444444445,1,0.36220472440944884,0.5721619047619048,0.6023622047244095,0.6111111111111112,9.022556390977444,3.7593984962406015,0.06172839506172839,0,0
"Jones, Booker, O'Neale, Allen, Plumlee","PHX",23,60,-3.8098360655737764,125,121.6,18.4,34.4,0.5348837209302325,19.2,50.4,0.38095238095238093,0.38095238095238093,27.2,24,12.8,52.8,4.8,0.6521739130434783,0.6521739130434783,0.9166666666666666,0.5943396226415094,0.5264633333333333,0.5566037735849056,0.6129032258064516,0,3.2,0.09302325581395349,0.8,0.015873015873015872
"LeVert, Niang, Allen, Garland, Merrill","CLE",20,60,5.769230769230774,130,130.76923076923077,33.84615384615385,50.76923076923077,0.6666666666666666,13.846153846153847,34.61538461538461,0.4,0.4,21.53846153846154,47.69230769230769,20,23.076923076923077,18.46153846153846,0.7045454545454546,0.7209302325581395,0.5555555555555556,0.40540540540540543,0.6296121621621622,0.6396396396396397,0.6640625,1.5384615384615385,3.076923076923077,0.06060606060606061,0,0
"Bridges, Williams, Ball, Green, Miller","CHA",6,60,-4.098360655737707,122,132.78688524590163,17.21311475409836,36.885245901639344,0.4666666666666667,27.868852459016395,49.18032786885246,0.5666666666666667,0.5666666666666667,14.754098360655737,16.39344262295082,18.0327868852459,83.60655737704919,0,0.47619047619047616,0.5,1,0.5714285714285714,0.5623938095238095,0.6857142857142857,0.7168141592920354,1.639344262295082,5.737704918032787,0.15555555555555556,0,0
"Henderson, Sharpe, Camara, Clingan, Grant","POR",12,60,-13.00813008130082,123,105.6910569105691,21.13821138211382,47.15447154471545,0.4482758620689655,16.260162601626018,38.21138211382114,0.425531914893617,0.425531914893617,14.634146341463415,16.260162601626018,26.016260162601625,46.34146341463415,2.4390243902439024,0.38461538461538464,0.4166666666666667,0.95,0.44761904761904764,0.5625514285714286,0.5333333333333333,0.5603448275862069,3.252032520325203,2.4390243902439024,0.05172413793103448,0,0
"Bitadze, Anthony, Wagner, Banchero, Caldwell-Pope","ORL",8,59,9.890479070079962,121,108.26446280991736,33.88429752066116,61.15702479338843,0.5540540540540541,9.090909090909092,31.40495867768595,0.2894736842105263,0.2894736842105263,13.223140495867769,34.710743801652896,33.05785123966942,24.793388429752067,2.479338842975207,0.5121951219512195,0.5833333333333334,0.9090909090909091,0.3392857142857143,0.49935580357142856,0.5133928571428571,0.5368852459016393,8.264462809917354,3.3057851239669422,0.05405405405405406,0.8264462809917356,0.02631578947368421
"Tatum, White, Kornet, Pritchard, Hauser","BOS",17,59,23.60377882745206,122,128.68852459016392,24.59016393442623,42.622950819672134,0.5769230769230769,22.131147540983605,50.81967213114754,0.43548387096774194,0.43548387096774194,13.114754098360656,24.59016393442623,24.59016393442623,44.26229508196721,22.131147540983605,0.5,0.5357142857142857,0.6666666666666666,0.543859649122807,0.5214868421052632,0.618421052631579,0.6330645161290323,3.278688524590164,1.639344262295082,0.038461538461538464,1.639344262295082,0.03225806451612903
"LeVert, Niang, Young, Mann, Capela","ATL",8,59,-13.682277318640956,126,111.11111111111111,33.333333333333336,53.17460317460318,0.6268656716417911,8.73015873015873,38.095238095238095,0.22916666666666666,0.2391304347826087,18.253968253968253,39.682539682539684,26.984126984126984,23.80952380952381,2.380952380952381,0.5952380952380952,0.6756756756756757,0.9090909090909091,0.41739130434782606,0.5596026548672567,0.508695652173913,0.546875,7.936507936507937,0.7936507936507936,0.014925373134328358,0.7936507936507936,0.020833333333333332
"Monk, Murray, DeRozan, Valančiūnas, LaVine","SAC",8,58,0.13305322128852026,119,115.96638655462185,32.773109243697476,57.983193277310924,0.5652173913043478,11.764705882352942,26.050420168067227,0.45161290322580644,0.45161290322580644,15.126050420168067,36.97478991596638,28.571428571428573,32.773109243697476,2.5210084033613445,0.5641025641025641,0.6111111111111112,0.9285714285714286,0.31,0.5003225,0.6,0.6330275229357798,5.042016806722689,2.5210084033613445,0.043478260869565216,0,0
"Gilgeous-Alexander, Dort, Joe, Williams, Wallace","OKC",14,58,33.3984251968504,125,120.8,28.8,50.4,0.5714285714285714,14.4,41.6,0.34615384615384615,0.34615384615384615,20,16,41.6,38.4,4.8,0.2777777777777778,0.30303030303030304,0.8888888888888888,0.45217391304347826,0.5634282608695652,0.5478260869565217,0.5905511811023622,4.8,2.4,0.047619047619047616,1.6,0.038461538461538464
"Rozier, Adebayo, Highsmith, Herro, Love","MIA",5,58,-4.2735042735042725,117,100.85470085470085,27.35042735042735,56.41025641025641,0.48484848484848486,11.11111111111111,37.60683760683761,0.29545454545454547,0.29545454545454547,12.820512820512821,23.931623931623932,30.76923076923077,30.76923076923077,2.5641025641025643,0.4375,0.5,0.9230769230769231,0.4,0.5458977272727272,0.4681818181818182,0.5042735042735043,6.837606837606837,5.982905982905983,0.10606060606060606,0,0
"Towns, Bridges, Brunson, Achiuwa, McBride","NYK",9,58,-11.1190137505927,114,111.40350877192982,35.08771929824562,64.03508771929825,0.547945205479452,9.649122807017545,35.96491228070175,0.2682926829268293,0.2682926829268293,12.280701754385966,43.85964912280702,26.31578947368421,21.05263157894737,7.894736842105263,0.625,0.6578947368421053,0.7272727272727273,0.35964912280701755,0.5529434210526316,0.4956140350877193,0.516260162601626,3.508771929824561,2.6315789473684212,0.0410958904109589,0.8771929824561403,0.024390243902439025
"White, Williams, Dosunmu, Giddey, Vučević","CHI",7,58,-23.64747551913328,119,119.32773109243698,27.73109243697479,50.42016806722689,0.55,16.80672268907563,40.33613445378151,0.4166666666666667,0.4166666666666667,13.445378151260504,40.33613445378151,15.126050420168067,45.378151260504204,5.042016806722689,0.7272727272727273,0.7741935483870968,0.9,0.4444444444444444,0.5685703703703704,0.5833333333333334,0.6068376068376068,3.361344537815126,7.563025210084033,0.15,0,0
"Portis, Trent Jr., Green, Middleton, Antetokounmpo","MIL",9,57,24.71014492753622,120,131.66666666666666,35.833333333333336,54.166666666666664,0.6615384615384615,11.666666666666666,33.333333333333336,0.35,0.3684210526315789,25,41.666666666666664,30,27.5,7.5,0.5813953488372093,0.6097560975609756,0.7857142857142857,0.38095238095238093,0.5408999999999999,0.6095238095238096,0.6583333333333333,3.3333333333333335,2.5,0.046153846153846156,2.5,0.075
"Murray, Strawther, Braun, Gordon, Jokić","DEN",11,57,20.22988505747128,120,138.33333333333334,33.333333333333336,59.166666666666664,0.5633802816901409,15,28.333333333333332,0.5294117647058824,0.5454545454545454,26.666666666666668,38.333333333333336,28.333333333333332,40,5,0.575,0.6764705882352942,0.8888888888888888,0.3238095238095238,0.57175,0.638095238095238,0.6859504132231405,10,4.166666666666667,0.07042253521126761,0,0
"Kispert, Coulibaly, Sarr, Carrington, George","WAS",18,57,-18.801229508196727,122,115.57377049180327,22.950819672131146,40.16393442622951,0.5714285714285714,18.0327868852459,44.26229508196721,0.4074074074074074,0.4074074074074074,15.573770491803279,29.508196721311474,16.39344262295082,44.26229508196721,9.836065573770492,0.6428571428571429,0.6666666666666666,0.8181818181818182,0.5242718446601942,0.5250820388349514,0.5922330097087378,0.618421052631579,1.639344262295082,5.737704918032787,0.14285714285714285,1.639344262295082,0.037037037037037035
"Bridges, Green, Williams, Curry, Micić","CHA",8,57,-2.930215564486673,119,109.24369747899159,27.73109243697479,51.260504201680675,0.5409836065573771,13.445378151260504,41.1764705882353,0.32653061224489793,0.32653061224489793,13.445378151260504,36.97478991596638,18.48739495798319,30.252100840336134,10.084033613445378,0.6666666666666666,0.7333333333333333,0.75,0.44545454545454544,0.5548713636363637,0.5181818181818182,0.5603448275862069,5.042016806722689,3.361344537815126,0.06557377049180328,0.8403361344537815,0.02040816326530612
"Jones, Booker, O'Neale, Beal, Plumlee","PHX",7,56,-27.433628318584056,113,112.38938053097345,19.469026548672566,42.47787610619469,0.4583333333333333,18.58407079646018,41.5929203539823,0.44680851063829785,0.44680851063829785,17.699115044247787,17.699115044247787,21.238938053097346,55.75221238938053,0,0.45454545454545453,0.47619047619047616,1,0.49473684210526314,0.5311784210526316,0.5631578947368421,0.5990566037735849,1.7699115044247788,4.424778761061947,0.10416666666666667,0,0
"Tatum, White, Horford, Holiday, Porziņģis","BOS",7,56,7.478330981656924,121,109.91735537190083,22.31404958677686,38.84297520661157,0.574468085106383,17.355371900826448,54.54545454545455,0.3181818181818182,0.3230769230769231,13.223140495867769,26.446280991735538,18.181818181818183,47.107438016528924,4.958677685950414,0.5925925925925926,0.6153846153846154,0.9047619047619048,0.584070796460177,0.5311928571428571,0.5176991150442478,0.5495867768595041,1.6528925619834711,2.479338842975207,0.06382978723404255,1.6528925619834711,0.030303030303030304
"Siakam, Bryant, Walker, Sheppard, McConnell","IND",14,56,2.141036533559898,110,123.63636363636364,36.36363636363637,59.09090909090909,0.6153846153846154,11.818181818181818,31.818181818181817,0.37142857142857144,0.37142857142857144,15.454545454545455,41.81818181818182,30.90909090909091,32.72727272727273,2.727272727272727,0.575,0.6571428571428571,0.9230769230769231,0.35,0.5190135,0.595,0.6181818181818182,9.090909090909092,3.6363636363636362,0.06153846153846154,0,0
"Niang, Young, Okongwu, Daniels, Risacher","ATL",13,56,7.950819672131146,122,122.95081967213115,28.688524590163933,54.09836065573771,0.5303030303030303,19.672131147540984,43.442622950819676,0.4528301886792453,0.4528301886792453,6.557377049180328,32.78688524590164,24.59016393442623,44.26229508196721,14.754098360655737,0.5714285714285714,0.6451612903225806,0.75,0.44537815126050423,0.5732945945945946,0.5966386554621849,0.6048387096774194,6.557377049180328,2.459016393442623,0.045454545454545456,0,0
"Turner, Siakam, Nembhard, Nesmith, Mathurin","IND",5,56,11.153846153846146,117,112.82051282051282,34.18803418803419,55.55555555555556,0.6153846153846154,7.6923076923076925,27.35042735042735,0.28125,0.2903225806451613,21.367521367521366,37.60683760683761,30.76923076923077,17.94871794871795,5.128205128205129,0.55,0.5789473684210527,0.7777777777777778,0.32989690721649484,0.5422291666666667,0.5515463917525774,0.6055045871559633,3.4188034188034186,4.273504273504273,0.07692307692307693,0.8547008547008547,0.03125
"Beasley, Cunningham, Duren, Thompson, Harris","DET",20,56,-21.509341199606695,108,113.88888888888889,37.03703703703704,65.74074074074075,0.5633802816901409,9.25925925925926,25.925925925925927,0.35714285714285715,0.35714285714285715,12.037037037037036,33.333333333333336,40.74074074074074,22.22222222222222,5.555555555555555,0.45,0.47368421052631576,0.8,0.2828282828282828,0.5649262626262627,0.5555555555555556,0.5801886792452831,3.7037037037037037,4.62962962962963,0.07042253521126761,0,0
"Rozier, Herro, Jović, Jaquez Jr., Ware","MIA",10,55,-24.570791527313276,117,112.82051282051282,31.623931623931625,58.97435897435897,0.5362318840579711,12.820512820512821,38.46153846153846,0.3333333333333333,0.3333333333333333,11.11111111111111,42.73504273504273,20.512820512820515,33.333333333333336,5.128205128205129,0.6756756756756757,0.7352941176470589,0.8666666666666667,0.39473684210526316,0.5507137168141593,0.5219298245614035,0.55,5.128205128205129,4.273504273504273,0.07246376811594203,0,0
"Dunn, Zubac, Harden, Leonard, Bogdanović","LAC",10,55,18.030329747839886,106,129.24528301886792,40.56603773584906,57.54716981132076,0.7049180327868853,11.320754716981131,38.679245283018865,0.2926829268292683,0.2926829268292683,14.150943396226415,52.83018867924528,28.30188679245283,25.471698113207548,8.49056603773585,0.6511627906976745,0.6829268292682927,0.75,0.4019607843137255,0.529178431372549,0.5980392156862745,0.6284403669724771,3.7735849056603774,4.716981132075472,0.08196721311475409,0,0
"Dosunmu, Giddey, Phillips, Vučević, LaVine","CHI",16,55,7.608695652173907,116,125,27.586206896551722,43.96551724137931,0.6274509803921569,18.103448275862068,32.758620689655174,0.5526315789473685,0.5526315789473685,15.517241379310345,31.03448275862069,24.137931034482758,43.96551724137931,10.344827586206897,0.5625,0.6206896551724138,0.8095238095238095,0.42696629213483145,0.568073595505618,0.7134831460674157,0.7178217821782178,5.172413793103448,5.172413793103448,0.11764705882352941,0,0
"Poeltl, Barrett, Agbaji, Mitchell, Barnes","TOR",10,55,27.71607918879768,114,115.78947368421052,33.333333333333336,57.01754385964912,0.5846153846153846,10.526315789473685,26.31578947368421,0.4,0.4,17.54385964912281,43.85964912280702,22.80701754385965,28.94736842105263,2.6315789473684212,0.6578947368421053,0.78125,0.9166666666666666,0.3157894736842105,0.547788947368421,0.5894736842105263,0.6132075471698113,10.526315789473685,3.508771929824561,0.06153846153846154,0.8771929824561403,0.03333333333333333
"Poole, Champagnie, Sarr, George, Middleton","WAS",4,55,-29.310344827586206,116,102.58620689655173,18.103448275862068,42.241379310344826,0.42857142857142855,18.103448275862068,50,0.3620689655172414,0.3620689655172414,12.068965517241379,18.96551724137931,17.24137931034483,43.96551724137931,10.344827586206897,0.5238095238095238,0.5789473684210527,0.8095238095238095,0.5420560747663551,0.5318056603773585,0.49065420560747663,0.5129310344827587,3.4482758620689653,6.0344827586206895,0.14285714285714285,1.7241379310344827,0.034482758620689655
"Johnson, Mamukelashvili, Champagnie, Wesley, Castle","SAS",13,55,-37.325633718314094,113,99.11504424778761,20.353982300884955,48.67256637168141,0.41818181818181815,13.274336283185841,39.823008849557525,0.3333333333333333,0.3333333333333333,18.58407079646018,19.469026548672566,21.238938053097346,34.51327433628319,5.3097345132743365,0.4782608695652174,0.55,0.8666666666666667,0.45,0.5673390804597701,0.455,0.49122807017543857,5.3097345132743365,8.849557522123893,0.18181818181818182,0.8849557522123894,0.022222222222222223
"Holmes, Poole, Coulibaly, Carrington, George","WAS",5,55,-10.899292149292151,112,109.82142857142857,25.892857142857142,41.964285714285715,0.6170212765957447,16.964285714285715,48.214285714285715,0.35185185185185186,0.35185185185185186,7.142857142857143,32.142857142857146,19.642857142857142,42.857142857142854,8.035714285714286,0.6206896551724138,0.6428571428571429,0.8421052631578947,0.5346534653465347,0.5522084158415841,0.5693069306930693,0.5747663551401869,1.7857142857142858,2.6785714285714284,0.06382978723404255,0.8928571428571429,0.018518518518518517
"Huerter, White, Jones, Buzelis, Vučević","CHI",7,54,-13.211289092295956,115,106.08695652173913,26.956521739130434,42.608695652173914,0.6326530612244898,15.652173913043478,44.34782608695652,0.35294117647058826,0.35294117647058826,5.217391304347826,31.304347826086957,22.608695652173914,44.34782608695652,2.608695652173913,0.5806451612903226,0.5806451612903226,0.9444444444444444,0.51,0.545775,0.58,0.5980392156862745,0,5.217391304347826,0.12244897959183673,0,0
"Jackson Jr., Bane, Pippen Jr., Edey, Wells","MEM",11,54,20.15473380540257,124,120.96774193548387,30.64516129032258,58.064516129032256,0.5277777777777778,12.903225806451612,28.225806451612904,0.45714285714285713,0.45714285714285713,20.967741935483872,25.806451612903224,35.483870967741936,29.032258064516128,9.67741935483871,0.42105263157894735,0.43243243243243246,0.75,0.32710280373831774,0.5129688679245282,0.5794392523364486,0.6198347107438017,1.6129032258064515,7.258064516129032,0.125,0,0
"Brown, White, Queta, Pritchard, Hauser","BOS",13,54,2.040816326530603,98,144.89795918367346,37.755102040816325,51.02040816326531,0.74,18.367346938775512,45.91836734693877,0.4,0.4,14.285714285714286,44.89795918367347,30.612244897959183,48.97959183673469,6.122448979591836,0.5945945945945946,0.6470588235294118,0.8888888888888888,0.47368421052631576,0.5419452631578947,0.6736842105263158,0.7029702970297029,6.122448979591836,0,0,0,0
"Porter Jr., Pickett, Braun, Gordon, Jokić","DEN",6,54,15.600999352271685,107,137.38317757009347,35.51401869158879,57.94392523364486,0.6129032258064516,16.822429906542055,39.25233644859813,0.42857142857142855,0.42857142857142855,15.88785046728972,46.728971962616825,24.299065420560748,42.05607476635514,8.411214953271028,0.6578947368421053,0.7142857142857143,0.8333333333333334,0.40384615384615385,0.5309383495145631,0.625,0.6504424778761062,5.607476635514018,8.411214953271028,0.14516129032258066,0,0
"Martin, Juzang, Sensabaugh, Collier, Filipowski","UTA",6,54,-9.870327993897789,115,125.21739130434783,27.82608695652174,49.56521739130435,0.5614035087719298,18.26086956521739,41.73913043478261,0.4375,0.4375,14.782608695652174,31.304347826086957,24.347826086956523,46.95652173913044,7.826086956521739,0.5625,0.6206896551724138,0.8571428571428571,0.45714285714285713,0.5461695238095238,0.6047619047619047,0.6486486486486487,5.217391304347826,2.608695652173913,0.05263157894736842,0,0
"Dončić, Gafford, Marshall, Irving, Thompson","DAL",6,54,2.468560782487188,114,121.05263157894737,31.57894736842105,47.36842105263158,0.6666666666666666,14.035087719298245,36.8421052631579,0.38095238095238093,0.38095238095238093,15.789473684210526,28.07017543859649,35.08771929824562,36.8421052631579,5.2631578947368425,0.4444444444444444,0.48484848484848486,0.875,0.4375,0.5666536458333333,0.625,0.6448598130841121,5.2631578947368425,2.6315789473684212,0.05555555555555555,2.6315789473684212,0.07142857142857142
"Oubre Jr., Martin, Maxey, George, Embiid","PHI",4,54,-4.318181818181813,110,108.18181818181819,23.636363636363637,48.18181818181818,0.49056603773584906,10.909090909090908,35.45454545454545,0.3076923076923077,0.3076923076923077,28.181818181818183,23.636363636363637,23.636363636363637,32.72727272727273,0,0.5,0.52,1,0.42391304347826086,0.5437826086956522,0.4782608695652174,0.5571428571428572,1.8181818181818181,2.727272727272727,0.05660377358490566,0,0
"Brooks, Green, Sengun, Smith Jr., Eason","HOU",14,54,-0.6095083299471753,107,101.86915887850468,29.906542056074766,57.00934579439252,0.5245901639344263,9.345794392523365,28.037383177570092,0.3333333333333333,0.3333333333333333,14.018691588785046,28.037383177570092,31.77570093457944,22.429906542056074,5.607476635514018,0.46875,0.5357142857142857,0.8,0.32967032967032966,0.5375823863636364,0.5164835164835165,0.5346534653465347,7.4766355140186915,6.542056074766355,0.11475409836065574,0,0
"Siakam, Bryant, Mathurin, Sheppard, McConnell","IND",16,54,15.159694107062535,117,123.93162393162393,31.623931623931625,55.55555555555556,0.5692307692307692,14.52991452991453,35.8974358974359,0.40476190476190477,0.40476190476190477,17.094017094017094,35.8974358974359,27.35042735042735,41.02564102564103,2.5641025641025643,0.5675675675675675,0.6176470588235294,0.9411764705882353,0.3925233644859813,0.5142532710280374,0.5841121495327103,0.6206896551724138,5.128205128205129,3.4188034188034186,0.06153846153846154,0,0
"Tatum, White, Queta, Horford, Holiday","BOS",6,54,32.500924898261204,102,136.27450980392157,28.431372549019606,44.11764705882353,0.6444444444444445,21.568627450980394,53.92156862745098,0.4,0.4,14.705882352941176,23.529411764705884,33.333333333333336,52.94117647058823,11.764705882352942,0.41379310344827586,0.46153846153846156,0.8181818181818182,0.55,0.5647845,0.62,0.6556603773584906,5.882352941176471,0.9803921568627451,0.022222222222222223,0,0
"Dunn, Zubac, Coffey, Porter Jr., Batum","LAC",10,54,9.345794392523374,107,110.2803738317757,35.51401869158879,66.35514018691589,0.5352112676056338,12.149532710280374,28.037383177570092,0.43333333333333335,0.43333333333333335,2.803738317757009,39.25233644859813,31.77570093457944,33.64485981308411,2.803738317757009,0.5526315789473685,0.6176470588235294,0.9230769230769231,0.297029702970297,0.525890594059406,0.5693069306930693,0.5728155339805825,7.4766355140186915,3.7383177570093458,0.056338028169014086,0,0
"Trent Jr., Green, Lopez, Lillard, Antetokounmpo","MIL",19,54,13.45117845117845,110,123.63636363636364,27.272727272727273,45.45454545454545,0.6,16.363636363636363,38.18181818181818,0.42857142857142855,0.42857142857142855,20,25.454545454545453,29.09090909090909,46.36363636363637,2.727272727272727,0.4666666666666667,0.4827586206896552,0.9444444444444444,0.45652173913043476,0.5833472826086956,0.6195652173913043,0.6415094339622641,1.8181818181818181,4.545454545454546,0.1,0.9090909090909091,0.023809523809523808
"Bitadze, Wagner, Banchero, Black, Caldwell-Pope","ORL",13,54,-18.50155706173291,106,101.88679245283019,32.075471698113205,64.15094339622641,0.5,8.49056603773585,27.358490566037737,0.3103448275862069,0.32142857142857145,12.264150943396226,22.641509433962263,41.509433962264154,22.641509433962263,2.830188679245283,0.35294117647058826,0.3870967741935484,0.8888888888888888,0.29896907216494845,0.5091296875,0.4896907216494845,0.5142857142857142,5.660377358490566,2.830188679245283,0.04411764705882353,0,0
"Jones, O'Neale, Allen, Durant, Plumlee","PHX",15,53,33.3050127442651,110,145.45454545454547,28.181818181818183,40,0.7045454545454546,24.545454545454547,44.54545454545455,0.5510204081632653,0.5510204081632653,15.454545454545455,25.454545454545453,30.90909090909091,68.18181818181819,5.454545454545454,0.45161290322580644,0.4666666666666667,0.9259259259259259,0.5268817204301075,0.5295069892473118,0.7688172043010753,0.7843137254901961,1.8181818181818181,2.727272727272727,0.06818181818181818,1.8181818181818181,0.04081632653061224
"Braun, Watson, Westbrook, Gordon, Jokić","DEN",12,53,13.977455716586135,108,129.62962962962962,35.18518518518518,51.851851851851855,0.6785714285714286,11.11111111111111,25.925925925925927,0.42857142857142855,0.4444444444444444,25.925925925925927,42.592592592592595,27.77777777777778,33.333333333333336,0,0.6052631578947368,0.6764705882352942,1,0.3333333333333333,0.5294132530120482,0.6666666666666666,0.702020202020202,7.407407407407407,0.9259259259259259,0.017857142857142856,0,0
"Coulibaly, Sarr, Carrington, George, Middleton","WAS",3,53,2.252252252252262,114,116.66666666666667,26.31578947368421,49.12280701754386,0.5357142857142857,14.912280701754385,38.59649122807018,0.38636363636363635,0.38636363636363635,19.29824561403509,31.57894736842105,21.05263157894737,44.73684210526316,0,0.6,0.6428571428571429,1,0.44,0.556473,0.555,0.5990990990990991,3.508771929824561,6.140350877192983,0.125,0,0
"Kispert, Coulibaly, Carrington, George, Valančiūnas","WAS",19,53,-20.161725067385447,106,116.98113207547169,28.30188679245283,45.283018867924525,0.625,13.20754716981132,33.9622641509434,0.3888888888888889,0.3888888888888889,20.754716981132077,32.075471698113205,24.528301886792452,33.9622641509434,5.660377358490566,0.5666666666666667,0.68,0.8571428571428571,0.42857142857142855,0.5178511904761904,0.6071428571428571,0.6526315789473685,9.433962264150944,3.7735849056603774,0.08333333333333333,0,0
"Gilgeous-Alexander, Dort, Joe, Holmgren, Williams","OKC",8,53,-0.6372132540356716,110,122.72727272727273,30.90909090909091,50,0.6181818181818182,15.454545454545455,46.36363636363637,0.3333333333333333,0.3333333333333333,14.545454545454545,43.63636363636363,18.181818181818183,43.63636363636363,2.727272727272727,0.7058823529411765,0.7272727272727273,0.9411764705882353,0.4811320754716981,0.5697259433962264,0.5613207547169812,0.59375,1.8181818181818181,5.454545454545454,0.10909090909090909,0.9090909090909091,0.0196078431372549
"Lyles, Sabonis, Monk, Huerter, Ellis","SAC",13,53,-8.30175970362886,107,119.62616822429906,24.299065420560748,45.794392523364486,0.5306122448979592,18.69158878504673,53.271028037383175,0.3508771929824561,0.3508771929824561,14.953271028037383,35.51401869158879,13.08411214953271,53.271028037383175,2.803738317757009,0.7307692307692307,0.7307692307692307,0.95,0.5377358490566038,0.5532193396226415,0.5283018867924528,0.5570175438596491,0,4.672897196261682,0.10204081632653061,0,0
"Poole, Kispert, Coulibaly, Sarr, George","WAS",16,53,11.322423706324628,119,121.84873949579831,27.73109243697479,48.739495798319325,0.5689655172413793,15.126050420168067,33.61344537815126,0.45,0.45,21.008403361344538,35.294117647058826,20.168067226890756,27.73109243697479,17.647058823529413,0.6363636363636364,0.6774193548387096,0.6111111111111112,0.40816326530612246,0.5440448979591836,0.6122448979591837,0.6651376146788991,3.361344537815126,5.882352941176471,0.1206896551724138,0,0
"Looney, Hield, Payton II, Kuminga, Curry","GSW",16,53,14.004554326610275,116,121.55172413793103,26.724137931034484,49.13793103448276,0.543859649122807,18.96551724137931,42.241379310344826,0.4489795918367347,0.4489795918367347,11.206896551724139,32.758620689655174,20.689655172413794,43.96551724137931,12.931034482758621,0.6129032258064516,0.6551724137931034,0.7727272727272727,0.46226415094339623,0.5226693396226415,0.6037735849056604,0.6025641025641025,3.4482758620689653,1.7241379310344827,0.03508771929824561,0,0
"Booker, Allen, Durant, Beal, Plumlee","PHX",16,53,-0.2631340168768759,107,131.77570093457945,31.77570093457944,46.728971962616825,0.68,14.018691588785046,33.64485981308411,0.4166666666666667,0.4166666666666667,26.16822429906542,39.25233644859813,24.299065420560748,36.44859813084112,5.607476635514018,0.6176470588235294,0.6774193548387096,0.8666666666666667,0.4186046511627907,0.5356616279069767,0.6569767441860465,0.698019801980198,5.607476635514018,2.803738317757009,0.06,0,0
"Poeltl, Agbaji, Mitchell, Barnes, Dick","TOR",7,52,-7.608289768483942,103,108.7378640776699,27.184466019417474,59.22330097087379,0.45901639344262296,13.592233009708737,32.03883495145631,0.42424242424242425,0.42424242424242425,13.592233009708737,25.24271844660194,29.12621359223301,37.86407766990291,2.912621359223301,0.4642857142857143,0.5,0.9285714285714286,0.35106382978723405,0.5489888297872341,0.5212765957446809,0.5544554455445545,3.883495145631068,8.737864077669903,0.14754098360655737,0,0
"Avdija, Henderson, Sharpe, Camara, Reath","POR",10,52,3.3227583903823756,113,135.39823008849558,31.858407079646017,51.32743362831859,0.6206896551724138,17.699115044247787,40.70796460176991,0.43478260869565216,0.43478260869565216,18.58407079646018,30.088495575221238,33.6283185840708,45.13274336283186,7.964601769911504,0.4722222222222222,0.5666666666666667,0.85,0.4423076923076923,0.5550860576923077,0.6346153846153846,0.6608695652173913,10.619469026548673,2.6548672566371683,0.05172413793103448,0,0
"Ball, White, Dosunmu, Giddey, Vučević","CHI",6,52,-15.133482105959175,109,110.09174311926606,19.26605504587156,44.03669724770642,0.4375,20.18348623853211,48.62385321100918,0.41509433962264153,0.41509433962264153,11.009174311926605,14.678899082568808,23.853211009174313,52.293577981651374,8.256880733944953,0.38095238095238093,0.42105263157894735,0.8636363636363636,0.5247524752475248,0.5428485148514851,0.5346534653465347,0.5607476635514018,3.669724770642202,6.422018348623853,0.14583333333333334,0,0
"Booker, O'Neale, Richards, Durant, Beal","PHX",9,52,16.290795746241287,101,122.77227722772277,36.633663366336634,65.34653465346534,0.5606060606060606,10.891089108910892,31.683168316831683,0.34375,0.34375,16.831683168316832,37.62376237623762,35.64356435643565,23.762376237623762,8.910891089108912,0.5135135135135135,0.5588235294117647,0.7272727272727273,0.32653061224489793,0.5207719387755102,0.5459183673469388,0.5794392523364486,5.9405940594059405,1.9801980198019802,0.030303030303030304,0,0
"Beasley, Ivey, Duren, Harris, Hardaway Jr.","DET",7,52,-20.203883495145632,103,106.79611650485437,26.21359223300971,49.51456310679612,0.5294117647058824,11.650485436893204,34.95145631067961,0.3333333333333333,0.3333333333333333,19.41747572815534,27.184466019417474,25.24271844660194,32.03883495145631,2.912621359223301,0.5185185185185185,0.5833333333333334,0.9166666666666666,0.41379310344827586,0.5358643678160919,0.5172413793103449,0.5612244897959183,5.825242718446602,5.825242718446602,0.11764705882352941,1.941747572815534,0.05555555555555555
"Markkanen, Collins, Sexton, George, Filipowski","UTA",5,52,-7.931516422082453,106,121.69811320754717,26.41509433962264,46.22641509433962,0.5714285714285714,16.9811320754717,39.62264150943396,0.42857142857142855,0.42857142857142855,17.92452830188679,30.18867924528302,22.641509433962263,39.62264150943396,11.320754716981131,0.5714285714285714,0.6153846153846154,0.7777777777777778,0.46153846153846156,0.5348417582417583,0.6043956043956044,0.6386138613861386,3.7735849056603774,5.660377358490566,0.12244897959183673,0,0
"Brown, Tatum, White, Kornet, Horford","BOS",8,51,23.91548433193836,97,128.8659793814433,29.896907216494846,51.54639175257732,0.58,19.587628865979383,44.329896907216494,0.4418604651162791,0.4418604651162791,10.309278350515465,26.804123711340207,32.98969072164948,40.20618556701031,18.556701030927837,0.4482758620689655,0.48148148148148145,0.6842105263157895,0.46236559139784944,0.5599123655913978,0.6182795698924731,0.6377551020408163,4.123711340206185,1.0309278350515463,0.02,1.0309278350515463,0.023255813953488372
"Williams, Dosunmu, Giddey, Vučević, LaVine","CHI",16,51,-7.142857142857139,112,109.82142857142857,25.892857142857142,50,0.5178571428571429,14.285714285714286,34.82142857142857,0.41025641025641024,0.41025641025641024,15.178571428571429,35.714285714285715,16.071428571428573,24.107142857142858,18.75,0.6896551724137931,0.7142857142857143,0.5625,0.4105263157894737,0.5575226315789473,0.5578947368421052,0.5913461538461539,1.7857142857142858,7.142857142857143,0.14285714285714285,0,0
"Jones, Booker, O'Neale, Richards, Durant","PHX",11,51,-26.04394460064563,99,113.13131313131314,24.242424242424242,52.525252525252526,0.46153846153846156,17.171717171717173,39.39393939393939,0.4358974358974359,0.4358974358974359,13.131313131313131,30.303030303030305,18.181818181818183,48.484848484848484,3.0303030303030303,0.625,0.6818181818181818,0.9411764705882353,0.42857142857142855,0.5145142857142857,0.5439560439560439,0.5773195876288659,4.040404040404041,6.0606060606060606,0.11538461538461539,1.0101010101010102,0.02564102564102564
"Walker IV, Grimes, Butler, Bagley, Bona","PHI",5,51,-1.8867924528301927,106,116.0377358490566,29.245283018867923,49.056603773584904,0.5961538461538461,14.150943396226415,37.735849056603776,0.375,0.375,15.09433962264151,32.075471698113205,26.41509433962264,22.641509433962263,19.81132075471698,0.5483870967741935,0.5862068965517241,0.5333333333333333,0.43478260869565216,0.5730603260869566,0.5815217391304348,0.5970873786407767,3.7735849056603774,6.60377358490566,0.1346153846153846,0,0
"Ayton, Henderson, Sharpe, Camara, Grant","POR",10,51,12.554730630116126,103,119.41747572815534,32.03883495145631,60.19417475728155,0.532258064516129,10.679611650485437,31.067961165048544,0.34375,0.34375,23.300970873786408,38.83495145631068,25.24271844660194,26.21359223300971,5.825242718446602,0.6060606060606061,0.6666666666666666,0.8181818181818182,0.3404255319148936,0.541013829787234,0.526595744680851,0.5801886792452831,5.825242718446602,3.883495145631068,0.06451612903225806,0,0
"Siakam, Nembhard, Toppin, Haliburton, Mathurin","IND",11,50,14.961538461538467,104,125.96153846153847,31.73076923076923,59.61538461538461,0.532258064516129,15.384615384615385,38.46153846153846,0.4,0.4,16.346153846153847,38.46153846153846,25,43.26923076923077,2.8846153846153846,0.6060606060606061,0.6896551724137931,0.9375,0.39215686274509803,0.5652367647058824,0.5588235294117647,0.5863636363636363,7.6923076923076925,1.9230769230769231,0.03225806451612903,0.9615384615384616,0.025
"Siakam, Bryant, Nembhard, Haliburton, Mathurin","IND",10,50,12.768541005043886,101,130.69306930693068,40.59405940594059,60.396039603960396,0.6721311475409836,8.910891089108912,33.663366336633665,0.2647058823529412,0.2647058823529412,22.77227722772277,47.524752475247524,33.663366336633665,23.762376237623762,2.9702970297029703,0.5853658536585366,0.6666666666666666,0.8888888888888888,0.35789473684210527,0.5430421052631579,0.5736842105263158,0.6055045871559633,9.900990099009901,2.9702970297029703,0.04918032786885246,0,0
"Hachimura, Hayes, Reaves, Christie, James","LAL",5,50,8.082474226804123,97,136.08247422680412,29.896907216494846,51.54639175257732,0.58,20.61855670103093,44.329896907216494,0.46511627906976744,0.46511627906976744,14.43298969072165,39.175257731958766,20.61855670103093,49.48453608247423,12.371134020618557,0.6551724137931034,0.6785714285714286,0.8,0.46236559139784944,0.5700317204301075,0.6344086021505376,0.6666666666666666,2.0618556701030926,4.123711340206185,0.08,0,0
"Murray, Williamson, Murphy III, Missi, McCollum","NOP",4,50,15.238095238095227,105,134.28571428571428,32.38095238095238,58.095238095238095,0.5573770491803278,13.333333333333334,29.523809523809526,0.45161290322580644,0.45161290322580644,29.523809523809526,38.095238095238095,26.666666666666668,34.285714285714285,5.714285714285714,0.5882352941176471,0.6451612903225806,0.8571428571428571,0.33695652173913043,0.5587440217391304,0.5978260869565217,0.6527777777777778,5.714285714285714,7.619047619047619,0.13114754098360656,0,0
"Rozier, Adebayo, Herro, Jović, Jaquez Jr.","MIA",15,50,6.985294117647058,96,118.75,29.166666666666668,51.041666666666664,0.5714285714285714,15.625,44.791666666666664,0.3488372093023256,0.3488372093023256,13.541666666666666,33.333333333333336,25,40.625,6.25,0.5714285714285714,0.5925925925925926,0.8666666666666667,0.4673913043478261,0.5183440217391304,0.5489130434782609,0.565,2.0833333333333335,6.25,0.12244897959183673,1.0416666666666667,0.023255813953488372
"Towns, Payne, Anunoby, Bridges, McBride","NYK",16,49,36.6025641025641,104,143.26923076923077,33.65384615384615,52.88461538461539,0.6363636363636364,21.153846153846153,51.92307692307692,0.4074074074074074,0.4074074074074074,12.5,28.846153846153847,38.46153846153846,54.80769230769231,8.653846153846153,0.42857142857142855,0.4838709677419355,0.8636363636363636,0.4954128440366973,0.5604100917431193,0.6238532110091743,0.6434782608695652,7.6923076923076925,4.8076923076923075,0.09090909090909091,0,0
"Young, Hunter, Okongwu, Daniels, Risacher","ATL",9,49,-8.636219974715544,112,124.10714285714286,29.464285714285715,47.32142857142857,0.6226415094339622,17.857142857142858,37.5,0.47619047619047616,0.47619047619047616,11.607142857142858,48.214285714285715,10.714285714285714,42.857142857142854,10.714285714285714,0.8181818181818182,0.8709677419354839,0.8,0.4421052631578947,0.5836601063829787,0.6631578947368421,0.6682692307692307,3.5714285714285716,0.8928571428571429,0.018867924528301886,0.8928571428571429,0.023809523809523808
"Siakam, Toppin, Mathurin, Sheppard, McConnell","IND",15,49,6.237406118336693,103,120.3883495145631,39.80582524271845,64.07766990291262,0.6212121212121212,8.737864077669903,33.980582524271846,0.2571428571428571,0.2571428571428571,14.563106796116505,42.71844660194175,36.89320388349515,26.21359223300971,0,0.5365853658536586,0.5945945945945946,1,0.3465346534653465,0.522430198019802,0.5396039603960396,0.5688073394495413,7.766990291262136,3.883495145631068,0.06060606060606061,0.970873786407767,0.02857142857142857
"Anunoby, Hart, Bridges, Brunson, Robinson","NYK",6,49,-28.3426834969612,93,107.52688172043011,30.107526881720432,56.98924731182796,0.5283018867924528,8.602150537634408,33.333333333333336,0.25806451612903225,0.25806451612903225,21.50537634408602,32.25806451612903,27.956989247311828,19.35483870967742,6.451612903225806,0.5357142857142857,0.5769230769230769,0.75,0.36904761904761907,0.5466559523809524,0.47619047619047616,0.526595744680851,4.301075268817204,3.225806451612903,0.05660377358490566,0,0
"Brown, Tatum, White, Hauser, Horford","BOS",4,49,26.76236044657098,99,139.3939393939394,25.252525252525253,41.41414141414141,0.6097560975609756,22.22222222222222,56.56565656565657,0.39285714285714285,0.39285714285714285,22.22222222222222,18.181818181818183,32.323232323232325,51.515151515151516,15.151515151515152,0.36,0.47368421052631576,0.7727272727272727,0.5773195876288659,0.536781443298969,0.5979381443298969,0.6571428571428571,12.121212121212121,1.0101010101010102,0.024390243902439025,0,0
"Johnson, Vassell, Champagnie, Sochan, Castle","SAS",18,49,17.14285714285714,105,125.71428571428571,25.714285714285715,44.76190476190476,0.574468085106383,14.285714285714286,38.095238095238095,0.375,0.375,31.428571428571427,19.047619047619047,32.38095238095238,37.142857142857146,5.714285714285714,0.37037037037037035,0.4,0.8666666666666667,0.45977011494252873,0.5384114942528736,0.5689655172413793,0.6407766990291263,3.8095238095238093,5.714285714285714,0.1276595744680851,0.9523809523809523,0.025
"Murray, Porter Jr., Braun, Westbrook, Jordan","DEN",7,48,-0.08245722531437139,99,108.08080808080808,28.282828282828284,53.535353535353536,0.5283018867924528,14.141414141414142,34.343434343434346,0.4117647058823529,0.4117647058823529,9.090909090909092,28.282828282828284,28.282828282828284,30.303030303030305,12.121212121212121,0.5,0.56,0.7142857142857143,0.39080459770114945,0.5497821839080459,0.5632183908045977,0.5879120879120879,6.0606060606060606,5.05050505050505,0.09433962264150944,0,0
"Hunter, Jerome, Wade, Merrill, Mobley","CLE",4,48,20.060331825037707,104,126.92307692307692,26.923076923076923,46.15384615384615,0.5833333333333334,18.26923076923077,41.34615384615385,0.4418604651162791,0.4418604651162791,18.26923076923077,19.23076923076923,34.61538461538461,49.03846153846154,5.769230769230769,0.35714285714285715,0.45454545454545453,0.8947368421052632,0.4725274725274725,0.5434373626373626,0.6208791208791209,0.6470588235294118,11.538461538461538,4.8076923076923075,0.10416666666666667,0,0
"Sabonis, Monk, Huerter, Ellis, DeRozan","SAC",11,48,20.166753517456996,101,130.69306930693068,29.702970297029704,57.42574257425743,0.5172413793103449,12.871287128712872,29.702970297029704,0.43333333333333335,0.43333333333333335,32.67326732673267,35.64356435643565,23.762376237623762,29.702970297029704,8.910891089108912,0.6,0.6923076923076923,0.7692307692307693,0.3409090909090909,0.5397602272727272,0.5625,0.616504854368932,7.920792079207921,3.9603960396039604,0.06896551724137931,0,0
"Mitchell, Allen, Strus, Garland, Wade","CLE",6,48,13.795918367346928,98,139.79591836734693,29.591836734693878,56.12244897959184,0.5272727272727272,18.367346938775512,48.97959183673469,0.375,0.375,25.510204081632654,32.6530612244898,26.53061224489796,48.97959183673469,6.122448979591836,0.5517241379310345,0.5925925925925926,0.8888888888888888,0.46601941747572817,0.5480660194174758,0.5436893203883495,0.5956521739130435,4.081632653061225,5.1020408163265305,0.09090909090909091,0,0
"Finney-Smith, Reaves, Christie, Davis, James","LAL",9,48,29.73267326732673,101,126.73267326732673,30.693069306930692,41.584158415841586,0.7380952380952381,15.841584158415841,35.64356435643565,0.4444444444444444,0.4444444444444444,17.821782178217823,27.722772277227723,33.663366336633665,35.64356435643565,11.881188118811881,0.45161290322580644,0.4827586206896552,0.75,0.46153846153846156,0.5429865384615384,0.7051282051282052,0.735632183908046,3.9603960396039604,0.9900990099009901,0.023809523809523808,0,0
"Claxton, Johnson, Hayes, Williams, Johnson","BKN",5,48,-20.618556701030926,97,100,29.896907216494846,55.670103092783506,0.5370370370370371,8.24742268041237,34.02061855670103,0.24242424242424243,0.24242424242424243,15.463917525773196,45.36082474226804,14.43298969072165,24.742268041237114,0,0.7586206896551724,0.7857142857142857,1,0.3793103448275862,0.5681494252873563,0.47126436781609193,0.5105263157894737,2.0618556701030926,6.185567010309279,0.1111111111111111,2.0618556701030926,0.06060606060606061
"Brown, Alvarado, Reeves, Missi, Olynyk","NOP",4,48,-27.835051546391753,98,100,27.551020408163264,63.265306122448976,0.43548387096774194,10.204081632653061,24.489795918367346,0.4166666666666667,0.4166666666666667,14.285714285714286,42.857142857142854,12.244897959183673,18.367346938775512,12.244897959183673,0.7777777777777778,0.8076923076923077,0.6,0.27906976744186046,0.5554587209302325,0.4883720930232558,0.5159574468085106,2.0408163265306123,5.1020408163265305,0.08064516129032258,1.0204081632653061,0.041666666666666664
"Adebayo, Robinson, Highsmith, Herro, Mitchell","MIA",8,48,14.820574162679435,95,113.6842105263158,31.57894736842105,47.36842105263158,0.6666666666666666,11.578947368421053,41.05263157894737,0.28205128205128205,0.28205128205128205,15.789473684210526,40,23.157894736842106,25.263157894736842,9.473684210526315,0.6333333333333333,0.6551724137931034,0.7272727272727273,0.4642857142857143,0.5377226190476191,0.5535714285714286,0.5869565217391305,2.1052631578947367,2.1052631578947367,0.044444444444444446,1.0526315789473684,0.02564102564102564
"Tatum, White, Queta, Pritchard, Hauser","BOS",12,48,29.427414690572576,95,130.52631578947367,26.31578947368421,40,0.6578947368421053,17.894736842105264,49.473684210526315,0.3617021276595745,0.3617021276595745,24.210526315789473,29.473684210526315,23.157894736842106,31.57894736842105,22.105263157894736,0.56,0.56,0.5882352941176471,0.5529411764705883,0.5467476470588236,0.5941176470588235,0.6458333333333334,0,2.1052631578947367,0.05263157894736842,0,0
"Oubre Jr., Martin, Maxey, Lowry, Drummond","PHI",7,47,-17.3224624837528,91,94.50549450549451,19.78021978021978,39.56043956043956,0.5,12.087912087912088,45.05494505494506,0.2682926829268293,0.2682926829268293,18.681318681318682,26.373626373626372,13.186813186813186,26.373626373626372,9.89010989010989,0.6666666666666666,0.75,0.7272727272727273,0.5324675324675324,0.54915,0.44805194805194803,0.48255813953488375,4.395604395604396,7.6923076923076925,0.19444444444444445,0,0
"Oubre Jr., Yabusele, Maxey, Council IV, Edwards","PHI",6,47,25,92,136.95652173913044,30.434782608695652,54.34782608695652,0.56,17.391304347826086,31.52173913043478,0.5517241379310345,0.5517241379310345,23.91304347826087,32.608695652173914,28.26086956521739,35.869565217391305,16.304347826086957,0.5357142857142857,0.5769230769230769,0.6875,0.3670886075949367,0.5513759493670887,0.6582278481012658,0.6847826086956522,4.3478260869565215,3.260869565217391,0.06,2.1739130434782608,0.06896551724137931
"Poole, Champagnie, Sarr, Carrington, George","WAS",5,47,-3,100,104,19,43,0.4418604651162791,18,49,0.3673469387755102,0.3673469387755102,12,14,24,48,6,0.3684210526315789,0.4666666666666667,0.8888888888888888,0.532608695652174,0.569782967032967,0.5,0.5252525252525253,8,2,0.046511627906976744,0,0
"Kuzma, Trent Jr., Porter Jr., Sims, Green","MIL",8,47,2.0618556701030855,97,105.15463917525773,30.927835051546392,59.79381443298969,0.5172413793103449,7.216494845360825,19.587628865979383,0.3684210526315789,0.3684210526315789,21.649484536082475,18.556701030927837,43.29896907216495,18.556701030927837,3.0927835051546393,0.3,0.3103448275862069,0.8571428571428571,0.24675324675324675,0.5489363636363636,0.525974025974026,0.5795454545454546,2.0618556701030926,6.185567010309279,0.10344827586206896,1.0309278350515463,0.05263157894736842
"Oubre Jr., Yabusele, Maxey, Edwards, George","PHI",6,47,-7.081339712918648,99,118.18181818181819,26.262626262626263,55.55555555555556,0.4727272727272727,16.161616161616163,38.38383838383838,0.42105263157894735,0.42105263157894735,17.171717171717173,24.242424242424242,28.282828282828284,42.42424242424242,6.0606060606060606,0.46153846153846156,0.48,0.875,0.40860215053763443,0.5577284946236559,0.5376344086021505,0.5792079207920792,2.0202020202020203,6.0606060606060606,0.10909090909090909,0,0
"Hart, Bridges, Brunson, Achiuwa, McBride","NYK",16,47,-4.50561797752809,89,104.49438202247191,28.089887640449437,56.17977528089887,0.5,12.359550561797754,38.20224719101124,0.3235294117647059,0.3235294117647059,11.235955056179776,35.95505617977528,20.224719101123597,33.70786516853933,3.3707865168539324,0.64,0.6666666666666666,0.9090909090909091,0.40476190476190477,0.5486267857142858,0.49404761904761907,0.5224719101123596,2.247191011235955,7.865168539325842,0.14,1.1235955056179776,0.029411764705882353
"LeVert, Young, Okongwu, Daniels, Risacher","ATL",12,47,-9.450549450549445,104,107.6923076923077,38.46153846153846,62.5,0.6153846153846154,4.8076923076923075,22.115384615384617,0.21739130434782608,0.22727272727272727,16.346153846153847,44.23076923076923,32.69230769230769,14.423076923076923,0,0.575,0.6388888888888888,1,0.26136363636363635,0.5768522988505747,0.5397727272727273,0.5656565656565656,7.6923076923076925,4.8076923076923075,0.07692307692307693,0.9615384615384616,0.043478260869565216
"Turner, Siakam, Haliburton, Nesmith, Sheppard","IND",7,47,26.04166666666667,96,143.75,30.208333333333332,42.708333333333336,0.7073170731707317,20.833333333333332,50,0.4166666666666667,0.4166666666666667,20.833333333333332,39.583333333333336,20.833333333333332,53.125,9.375,0.6551724137931034,0.6785714285714286,0.85,0.5393258426966292,0.523784090909091,0.6629213483146067,0.685,2.0833333333333335,3.125,0.07317073170731707,0,0
"VanVleet, Brooks, Sengun, Eason, Thompson","HOU",17,46,52.155735563104244,89,138.20224719101122,31.46067415730337,51.68539325842696,0.6086956521739131,16.853932584269664,39.325842696629216,0.42857142857142855,0.42857142857142855,24.719101123595507,29.213483146067414,33.70786516853933,40.449438202247194,10.112359550561798,0.4642857142857143,0.48148148148148145,0.8,0.43209876543209874,0.551138125,0.6234567901234568,0.6559139784946236,2.247191011235955,3.3707865168539324,0.06521739130434782,0,0
"Morant, Bane, Aldama, Edey, Wells","MEM",16,46,-5.401405845357019,102,106.86274509803921,32.35294117647059,60.78431372549019,0.532258064516129,10.784313725490197,37.254901960784316,0.2894736842105263,0.2894736842105263,9.803921568627452,41.1764705882353,23.529411764705884,23.529411764705884,8.823529411764707,0.6363636363636364,0.6774193548387096,0.7272727272727273,0.38,0.5363005,0.495,0.5141509433962265,3.9215686274509802,4.901960784313726,0.08064516129032258,0.9803921568627451,0.02631578947368421
"Ayton, Avdija, Henderson, Camara, Grant","POR",12,46,-4.9881796690307425,90,107.77777777777777,35.55555555555556,66.66666666666667,0.5333333333333333,10,36.666666666666664,0.2727272727272727,0.2727272727272727,6.666666666666667,35.55555555555556,35.55555555555556,26.666666666666668,3.3333333333333335,0.5,0.5714285714285714,0.8888888888888888,0.3548387096774194,0.5623844086021506,0.489247311827957,0.5,8.88888888888889,5.555555555555555,0.08333333333333333,0,0
"Beasley, Stewart, Sasser, Fontecchio, Harris","DET",14,46,2.335858585858574,99,125.25252525252525,28.282828282828284,46.464646464646464,0.6086956521739131,17.171717171717173,37.37373737373738,0.4594594594594595,0.4594594594594595,17.171717171717173,30.303030303030305,26.262626262626263,51.515151515151516,0,0.5357142857142857,0.5769230769230769,1,0.4457831325301205,0.49857229729729735,0.6445783132530121,0.6666666666666666,4.040404040404041,3.0303030303030303,0.06521739130434782,0,0
"Finney-Smith, Dončić, Vincent, Hayes, James","LAL",9,46,11.403508771929836,96,116.66666666666667,23.958333333333332,36.458333333333336,0.6571428571428571,17.708333333333332,40.625,0.4358974358974359,0.4358974358974359,15.625,37.5,10.416666666666666,34.375,18.75,0.782608695652174,0.782608695652174,0.6470588235294118,0.527027027027027,0.5402324324324325,0.6554054054054054,0.6829268292682927,0,2.0833333333333335,0.05714285714285714,0,0
"Landale, Green, Eason, Thompson, Sheppard","HOU",10,46,1.1975424346558299,97,109.27835051546391,28.8659793814433,58.76288659793814,0.49122807017543857,10.309278350515465,36.08247422680412,0.2857142857142857,0.2857142857142857,20.61855670103093,32.98969072164948,24.742268041237114,27.835051546391753,3.0927835051546393,0.5714285714285714,0.5925925925925926,0.9,0.3804347826086957,0.5459016304347826,0.4673913043478261,0.5096153846153846,2.0618556701030926,4.123711340206185,0.07017543859649122,0,0
"Reddish, Reaves, Knecht, Davis, James","LAL",6,46,-15.789473684210535,95,113.6842105263158,32.63157894736842,51.578947368421055,0.6326530612244898,10.526315789473685,27.36842105263158,0.38461538461538464,0.38461538461538464,16.842105263157894,40,25.263157894736842,22.105263157894736,9.473684210526315,0.6129032258064516,0.6333333333333333,0.7,0.3466666666666667,0.5542926666666667,0.6133333333333333,0.675,2.1052631578947367,3.1578947368421053,0.061224489795918366,0,0
"Poeltl, Quickley, Agbaji, Barnes, Dick","TOR",4,46,14.975583288117193,95,126.3157894736842,38.94736842105263,63.1578947368421,0.6166666666666667,9.473684210526315,26.31578947368421,0.36,0.375,20,52.63157894736842,25.263157894736842,12.631578947368421,15.789473684210526,0.6756756756756757,0.6944444444444444,0.4444444444444444,0.29411764705882354,0.5581613095238096,0.5941176470588235,0.6382978723404256,2.1052631578947367,5.2631578947368425,0.08333333333333333,1.0526315789473684,0.04
"Paul, Johnson, Vassell, Wembanyama, Castle","SAS",13,46,-5.354512939196297,98,119.38775510204081,30.612244897959183,45.91836734693877,0.6666666666666666,12.244897959183673,40.816326530612244,0.3,0.3,21.428571428571427,34.69387755102041,26.53061224489796,33.673469387755105,3.061224489795918,0.5666666666666667,0.5862068965517241,0.9166666666666666,0.47058823529411764,0.5355564705882353,0.5647058823529412,0.6030927835051546,2.0408163265306123,3.061224489795918,0.06666666666666667,3.061224489795918,0.075
"Adebayo, Herro, Ware, Burks, Wiggins","MIA",4,46,39.58333333333334,96,139.58333333333334,25,51.041666666666664,0.4897959183673469,25,39.583333333333336,0.631578947368421,0.631578947368421,14.583333333333334,18.75,31.25,65.625,9.375,0.375,0.47368421052631576,0.875,0.4367816091954023,0.5217485714285713,0.6896551724137931,0.7052631578947368,10.416666666666666,2.0833333333333335,0.04081632653061224,1.0416666666666667,0.02631578947368421
"Booker, O'Neale, Allen, Durant, Beal","PHX",10,46,-22.430830039525688,92,118.47826086956522,25,39.130434782608695,0.6388888888888888,13.043478260869565,43.47826086956522,0.3,0.3,29.347826086956523,28.26086956521739,21.73913043478261,39.130434782608695,0,0.5652173913043478,0.5652173913043478,1,0.5263157894736842,0.546641447368421,0.5394736842105263,0.6055555555555555,0,1.0869565217391304,0.027777777777777776,2.1739130434782608,0.05
"Jones, O'Neale, Durant, Beal, Nurkić","PHX",7,45,-24.888946955840083,89,113.48314606741573,28.089887640449437,52.80898876404494,0.5319148936170213,14.606741573033707,29.213483146067414,0.5,0.5,13.48314606741573,22.471910112359552,33.70786516853933,40.449438202247194,3.3707865168539324,0.4,0.4166666666666667,0.9230769230769231,0.3561643835616438,0.4850808219178082,0.6095890410958904,0.63125,2.247191011235955,3.3707865168539324,0.06382978723404255,0,0
"Towns, Payne, Bridges, Achiuwa, McBride","NYK",17,45,6.167562286272599,89,122.47191011235955,35.95505617977528,56.17977528089887,0.64,10.112359550561798,35.95505617977528,0.28125,0.2903225806451613,20.224719101123597,38.20224719101124,33.70786516853933,20.224719101123597,10.112359550561798,0.53125,0.5666666666666667,0.6666666666666666,0.3902439024390244,0.5791771604938272,0.5548780487804879,0.592391304347826,4.49438202247191,1.1235955056179776,0.02,0,0
"Banton, Walker, Murray, Rupert, Reath","POR",8,45,-9.4286941580756,97,105.15463917525773,23.711340206185568,43.29896907216495,0.5476190476190477,12.371134020618557,35.05154639175258,0.35294117647058826,0.35294117647058826,20.61855670103093,28.8659793814433,18.556701030927837,30.927835051546392,6.185567010309279,0.6086956521739131,0.6666666666666666,0.8333333333333334,0.4473684210526316,0.566841447368421,0.5394736842105263,0.5730337078651685,4.123711340206185,6.185567010309279,0.14285714285714285,1.0309278350515463,0.029411764705882353
"Gilgeous-Alexander, Dort, Wiggins, Williams, Wallace","OKC",15,45,-1.9169719169719173,90,125.55555555555556,28.88888888888889,54.44444444444444,0.5306122448979592,16.666666666666668,45.55555555555556,0.36585365853658536,0.36585365853658536,17.77777777777778,28.88888888888889,28.88888888888889,36.666666666666664,13.333333333333334,0.5,0.52,0.7333333333333333,0.45555555555555555,0.5592244444444444,0.5388888888888889,0.576530612244898,2.2222222222222223,2.2222222222222223,0.04081632653061224,0,0
"LeVert, Niang, Young, Mann, Barlow","ATL",9,45,-13.839425179631348,99,119.1919191919192,27.272727272727273,50.505050505050505,0.54,13.131313131313131,39.39393939393939,0.3333333333333333,0.3333333333333333,25.252525252525253,32.323232323232325,22.22222222222222,33.333333333333336,6.0606060606060606,0.5925925925925926,0.6153846153846154,0.8461538461538461,0.43820224719101125,0.5438613095238095,0.5224719101123596,0.5792079207920792,2.0202020202020203,1.0101010101010102,0.02,1.0101010101010102,0.02564102564102564
"Murray, Porter Jr., Watson, Westbrook, Jokić","DEN",16,45,38.164251207729464,92,132.6086956521739,31.52173913043478,63.04347826086956,0.5,15.217391304347826,29.347826086956523,0.5185185185185185,0.5185185185185185,23.91304347826087,41.30434782608695,21.73913043478261,39.130434782608695,6.521739130434782,0.6551724137931034,0.7916666666666666,0.8571428571428571,0.3176470588235294,0.5301717647058823,0.5882352941176471,0.6173469387755102,10.869565217391305,6.521739130434782,0.10344827586206896,0,0
"Alexander-Walker, Edwards, Conley, Gobert, Randle","MIN",17,45,33.379120879120876,91,120.87912087912088,25.274725274725274,47.252747252747255,0.5348837209302325,16.483516483516482,43.956043956043956,0.375,0.375,20.87912087912088,26.373626373626372,24.175824175824175,36.26373626373626,13.186813186813186,0.5217391304347826,0.6,0.7333333333333333,0.4819277108433735,0.5462734939759036,0.5481927710843374,0.5789473684210527,6.593406593406593,6.593406593406593,0.13953488372093023,0,0
"Booker, O'Neale, Allen, Beal, Plumlee","PHX",14,45,21.83908045977013,90,133.33333333333334,33.333333333333336,53.333333333333336,0.625,15.555555555555555,35.55555555555556,0.4375,0.4375,20,42.22222222222222,24.444444444444443,43.333333333333336,3.3333333333333335,0.6333333333333333,0.6551724137931034,0.9285714285714286,0.4,0.522230625,0.6375,0.6593406593406593,2.2222222222222223,2.2222222222222223,0.041666666666666664,1.1111111111111112,0.03125
"Oubre Jr., Grimes, Maxey, George, Embiid","PHI",4,45,-5.2183650615901485,94,104.25531914893617,26.595744680851062,53.191489361702125,0.5,10.638297872340425,41.48936170212766,0.2564102564102564,0.2564102564102564,19.148936170212767,38.297872340425535,14.893617021276595,25.53191489361702,6.382978723404255,0.72,0.782608695652174,0.8,0.43820224719101125,0.5817910112359551,0.449438202247191,0.5051546391752577,4.25531914893617,3.1914893617021276,0.06,0,0
"Isaac, Wagner, Suggs, Black, Harris","ORL",10,45,-3.3333333333333286,90,86.66666666666667,20,38.888888888888886,0.5142857142857142,7.777777777777778,42.22222222222222,0.18421052631578946,0.19444444444444445,23.333333333333332,17.77777777777778,22.22222222222222,20,3.3333333333333335,0.4444444444444444,0.47058823529411764,0.8571428571428571,0.5205479452054794,0.5467764285714285,0.3904109589041096,0.46987951807228917,2.2222222222222223,4.444444444444445,0.11428571428571428,0,0
"Strawther, Braun, Watson, Westbrook, Jokić","DEN",22,45,9.353070175438589,96,111.45833333333333,31.25,50,0.625,6.25,25,0.25,0.25,30.208333333333332,45.833333333333336,16.666666666666668,18.75,0,0.7333333333333333,0.8148148148148148,1,0.3333333333333333,0.5737381944444445,0.5416666666666666,0.5955056179775281,6.25,6.25,0.125,0,0
"Jackson Jr., Lopez, Lillard, Middleton, Antetokounmpo","MIL",10,45,-1.0869565217391255,92,111.95652173913044,41.30434782608695,71.73913043478261,0.5757575757575758,5.434782608695652,29.347826086956523,0.18518518518518517,0.18518518518518517,13.043478260869565,50,32.608695652173914,16.304347826086957,0,0.6052631578947368,0.6388888888888888,1,0.2903225806451613,0.5688731182795699,0.489247311827957,0.515,4.3478260869565215,2.1739130434782608,0.030303030303030304,0,0
"Siakam, Toppin, Walker, Furphy, McConnell","IND",8,44,-7.267637178051501,94,109.57446808510639,30.851063829787233,55.319148936170215,0.5576923076923077,11.702127659574469,38.297872340425535,0.3055555555555556,0.3333333333333333,12.76595744680851,31.914893617021278,29.78723404255319,35.1063829787234,0,0.5172413793103449,0.5357142857142857,1,0.4090909090909091,0.545279411764706,0.5170454545454546,0.5597826086956522,2.127659574468085,7.446808510638298,0.1346153846153846,2.127659574468085,0.05555555555555555
"Booker, O'Neale, Durant, Beal, Plumlee","PHX",14,44,16.472868217054256,84,108.33333333333333,27.38095238095238,51.19047619047619,0.5348837209302325,13.095238095238095,36.904761904761905,0.3548387096774194,0.3548387096774194,14.285714285714286,30.952380952380953,23.80952380952381,32.142857142857146,7.142857142857143,0.5652173913043478,0.5652173913043478,0.8181818181818182,0.4189189189189189,0.49255540540540543,0.5337837837837838,0.5617283950617284,0,2.380952380952381,0.046511627906976744,0,0
"VanVleet, Brooks, Green, Thompson, Adams","HOU",13,44,-13.392857142857139,84,117.85714285714286,32.142857142857146,65.47619047619048,0.4909090909090909,13.095238095238095,34.523809523809526,0.3793103448275862,0.3793103448275862,14.285714285714286,26.19047619047619,38.095238095238095,25,14.285714285714286,0.4074074074074074,0.4782608695652174,0.6363636363636364,0.34523809523809523,0.5332821428571428,0.5178571428571429,0.55,9.523809523809524,2.380952380952381,0.03636363636363636,0,0
"Ingram, Green, Boston Jr., Murphy III, Missi","NOP",4,44,-26.80399500624219,89,87.64044943820225,21.348314606741575,51.68539325842696,0.41304347826086957,8.98876404494382,31.46067415730337,0.2857142857142857,0.2857142857142857,17.97752808988764,22.471910112359552,20.224719101123597,26.96629213483146,0,0.5263157894736842,0.625,1,0.3783783783783784,0.521222972972973,0.4189189189189189,0.4695121951219512,6.741573033707865,3.3707865168539324,0.06521739130434782,0,0
"Moody, Post, Curry, Butler III, Green","GSW",8,44,-16.129032258064512,93,102.15053763440861,16.129032258064516,40.86021505376344,0.39473684210526316,19.35483870967742,46.236559139784944,0.4186046511627907,0.42857142857142855,11.827956989247312,19.35483870967742,12.903225806451612,54.83870967741935,3.225806451612903,0.6,0.6428571428571429,0.9444444444444444,0.5308641975308642,0.5193068750000001,0.5185185185185185,0.5397727272727273,2.150537634408602,7.526881720430108,0.18421052631578946,0,0
"Murray, Braun, Westbrook, Gordon, Jokić","DEN",16,44,16.161616161616166,99,119.1919191919192,32.323232323232325,53.535353535353536,0.6037735849056604,9.090909090909092,26.262626262626263,0.34615384615384615,0.36,27.272727272727273,44.44444444444444,20.2020202020202,24.242424242424242,3.0303030303030303,0.6875,0.7333333333333333,0.8888888888888888,0.3291139240506329,0.5604558441558442,0.5759493670886076,0.6223404255319149,4.040404040404041,5.05050505050505,0.09433962264150944,0,0
"Washington, Marshall, Lively II, Thompson, Dinwiddie","DAL",5,44,3.333333333333343,90,106.66666666666667,33.333333333333336,57.77777777777778,0.5769230769230769,10,34.44444444444444,0.2903225806451613,0.2903225806451613,10,40,26.666666666666668,23.333333333333332,6.666666666666667,0.6,0.6428571428571429,0.7777777777777778,0.37349397590361444,0.5398265060240963,0.5240963855421686,0.5459770114942529,4.444444444444445,3.3333333333333335,0.057692307692307696,0,0
"Claxton, Williams, Johnson, Martin, Clowney","BKN",6,44,-52.30938416422289,93,80.64516129032258,18.27956989247312,51.61290322580645,0.3541666666666667,12.903225806451612,37.634408602150536,0.34285714285714286,0.34285714285714286,5.376344086021505,25.806451612903224,10.75268817204301,29.032258064516128,9.67741935483871,0.7058823529411765,0.75,0.75,0.42168674698795183,0.5237343373493976,0.42168674698795183,0.4411764705882353,2.150537634408602,6.451612903225806,0.125,1.075268817204301,0.02857142857142857
"Reaves, Christie, Knecht, Davis, James","LAL",13,43,-20.819864825154283,83,107.2289156626506,30.120481927710845,46.98795180722892,0.6410256410256411,7.228915662650603,39.75903614457831,0.18181818181818182,0.1875,25.301204819277107,31.325301204819276,28.91566265060241,18.072289156626507,3.6144578313253013,0.52,0.5909090909090909,0.8333333333333334,0.4583333333333333,0.5320133802816902,0.4722222222222222,0.5297619047619048,7.228915662650603,2.4096385542168677,0.05128205128205128,0,0
"Kuzma, Trent Jr., Sims, Green, Lillard","MIL",10,43,-24.754060855639437,94,102.12765957446808,13.829787234042554,37.234042553191486,0.37142857142857144,14.893617021276595,50,0.2978723404255319,0.2826086956521739,29.78723404255319,12.76595744680851,14.893617021276595,44.680851063829785,0,0.46153846153846156,0.46153846153846156,1,0.573170731707317,0.5289413580246913,0.4146341463414634,0.5052631578947369,0,2.127659574468085,0.05714285714285714,0,0
"Green, Diabaté, Miller, Salaün, Micić","CHA",6,43,-19.052255761116513,78,94.87179487179488,15.384615384615385,46.15384615384615,0.3333333333333333,19.23076923076923,53.84615384615385,0.35714285714285715,0.35714285714285715,6.410256410256411,20.512820512820515,10.256410256410257,46.15384615384615,11.538461538461538,0.6666666666666666,0.6666666666666666,0.8,0.5384615384615384,0.5583096153846154,0.4423076923076923,0.4506172839506173,0,8.974358974358974,0.19444444444444445,0,0
"Kuzma, Trent Jr., Porter Jr., Green, Lopez","MIL",10,43,-5.952380952380949,84,115.47619047619048,35.714285714285715,52.38095238095238,0.6818181818181818,8.333333333333334,27.38095238095238,0.30434782608695654,0.30434782608695654,19.047619047619047,21.428571428571427,50,25,0,0.3,0.32142857142857145,1,0.34328358208955223,0.5045925373134328,0.6044776119402985,0.6298701298701299,4.761904761904762,1.1904761904761905,0.022727272727272728,0,0
"Bitadze, Wagner, Black, da Silva, Caldwell-Pope","ORL",13,43,23.262195121951223,82,119.51219512195122,28.048780487804876,46.34146341463415,0.6052631578947368,14.634146341463415,48.78048780487805,0.3,0.3,19.51219512195122,31.70731707317073,24.390243902439025,32.926829268292686,10.975609756097562,0.5652173913043478,0.65,0.75,0.5128205128205128,0.5598147435897436,0.5256410256410257,0.5833333333333334,7.317073170731708,2.4390243902439024,0.05263157894736842,0,0
"Claxton, Williams, Wilson, Clowney, Schröder","BKN",6,43,-4.106564615837499,86,103.48837209302326,29.069767441860463,60.46511627906977,0.4807692307692308,10.465116279069768,31.3953488372093,0.3333333333333333,0.34615384615384615,13.953488372093023,34.883720930232556,23.25581395348837,24.41860465116279,6.976744186046512,0.6,0.75,0.7777777777777778,0.34177215189873417,0.5159923076923076,0.4873417721518987,0.4887640449438202,11.627906976744185,6.976744186046512,0.11538461538461539,1.1627906976744187,0.037037037037037035
"Gilgeous-Alexander, Dort, Joe, Wiggins, Williams","OKC",8,43,-4.34782608695653,92,130.43478260869566,27.17391304347826,42.391304347826086,0.6410256410256411,20.652173913043477,47.82608695652174,0.4318181818181818,0.4318181818181818,14.130434782608695,26.08695652173913,28.26086956521739,48.91304347826087,13.043478260869565,0.48,0.5,0.7894736842105263,0.5301204819277109,0.5599451807228916,0.6445783132530121,0.6538461538461539,2.1739130434782608,2.1739130434782608,0.05128205128205128,0,0
"Bamba, Coffey, Porter Jr., Batum, Harden","LAC",13,43,-29.530044423661437,94,95.74468085106383,25.53191489361702,50,0.5106382978723404,9.574468085106384,37.234042553191486,0.2571428571428571,0.2571428571428571,15.957446808510639,21.27659574468085,29.78723404255319,25.53191489361702,3.1914893617021276,0.4166666666666667,0.47619047619047616,0.8888888888888888,0.4268292682926829,0.521635975609756,0.4573170731707317,0.5056179775280899,6.382978723404255,2.127659574468085,0.0425531914893617,0,0
"Mitchell, Allen, Strus, Hunter, Garland","CLE",5,43,14.767787691603758,94,126.59574468085107,32.97872340425532,60.638297872340424,0.543859649122807,10.638297872340425,35.1063829787234,0.30303030303030304,0.30303030303030304,28.72340425531915,38.297872340425535,27.659574468085108,22.340425531914892,9.574468085106384,0.5806451612903226,0.6428571428571429,0.7,0.36666666666666664,0.558555,0.5111111111111111,0.5721153846153846,6.382978723404255,4.25531914893617,0.07017543859649122,0,0
"Poole, Champagnie, Coulibaly, Carrington, Valančiūnas","WAS",4,43,-23.624525230602273,95,104.21052631578948,27.36842105263158,56.8421052631579,0.48148148148148145,10.526315789473685,35.78947368421053,0.29411764705882354,0.29411764705882354,17.894736842105264,35.78947368421053,18.94736842105263,28.42105263157895,3.1578947368421053,0.6538461538461539,0.68,0.9,0.38636363636363635,0.5332107954545454,0.4659090909090909,0.5157894736842106,2.1052631578947367,8.421052631578947,0.14814814814814814,0,0
"Brown, White, Pritchard, Holiday, Porziņģis","BOS",11,43,13.44484167517875,89,116.85393258426966,25.84269662921348,47.19101123595506,0.5476190476190477,14.606741573033707,42.69662921348315,0.34210526315789475,0.34210526315789475,21.348314606741575,33.70786516853933,17.97752808988764,37.07865168539326,6.741573033707865,0.6521739130434783,0.6521739130434783,0.8461538461538461,0.475,0.533365625,0.53125,0.5652173913043478,0,3.3707865168539324,0.07142857142857142,0,0
"Poole, Coulibaly, Sarr, George, Middleton","WAS",2,43,1.0752688172043037,92,100,22.82608695652174,50,0.45652173913043476,13.043478260869565,44.56521739130435,0.2926829268292683,0.3,15.217391304347826,30.434782608695652,15.217391304347826,35.869565217391305,3.260869565217391,0.6666666666666666,0.6666666666666666,0.9166666666666666,0.47126436781609193,0.5465639534883721,0.4482758620689655,0.4742268041237113,0,2.1739130434782608,0.043478260869565216,0,0
"Rozier, Adebayo, Highsmith, Herro, Butler","MIA",8,42,20.68036853295534,83,128.9156626506024,24.096385542168676,49.397590361445786,0.4878048780487805,19.27710843373494,49.397590361445786,0.3902439024390244,0.4,22.89156626506024,24.096385542168676,24.096385542168676,46.98795180722892,10.843373493975903,0.5,0.5263157894736842,0.8125,0.5,0.5453876543209877,0.5365853658536586,0.5944444444444444,2.4096385542168677,3.6144578313253013,0.07317073170731707,0,0
"Portis, Trent Jr., Porter Jr., Green, Antetokounmpo","MIL",3,42,57.729770229770224,88,151.13636363636363,30.681818181818183,53.40909090909091,0.574468085106383,22.727272727272727,46.59090909090909,0.4878048780487805,0.5,21.59090909090909,27.272727272727273,34.09090909090909,61.36363636363637,6.818181818181818,0.4444444444444444,0.5,0.9,0.4659090909090909,0.5223816091954023,0.6477272727272727,0.665,6.818181818181818,4.545454545454546,0.0851063829787234,0,0
"Hield, Podziemski, Post, Butler III, Green","GSW",11,42,40.57124310288866,79,135.44303797468353,24.050632911392405,45.56962025316456,0.5277777777777778,18.9873417721519,37.9746835443038,0.5,0.5,30.379746835443036,32.91139240506329,15.189873417721518,56.962025316455694,0,0.6842105263157895,0.6842105263157895,1,0.45454545454545453,0.5169393939393939,0.6287878787878788,0.6858974358974359,0,5.063291139240507,0.1111111111111111,0,0
"Allen, Strus, Hunter, Garland, Jerome","CLE",13,42,-12.483022595382153,91,105.49450549450549,30.76923076923077,50.54945054945055,0.6086956521739131,7.6923076923076925,30.76923076923077,0.25,0.25925925925925924,20.87912087912088,39.56043956043956,21.978021978021978,16.483516483516482,6.593406593406593,0.6428571428571429,0.6428571428571429,0.7142857142857143,0.3783783783783784,0.5385609589041096,0.5202702702702703,0.5581395348837209,0,1.098901098901099,0.021739130434782608,0,0
"Murray, Porter Jr., Strawther, Watson, Jordan","DEN",9,42,8.140243902439025,82,124.39024390243902,34.146341463414636,67.07317073170732,0.509090909090909,10.975609756097562,28.048780487804876,0.391304347826087,0.391304347826087,23.170731707317074,29.26829268292683,39.02439024390244,25.609756097560975,7.317073170731708,0.42857142857142855,0.5217391304347826,0.7777777777777778,0.2948717948717949,0.5246320512820513,0.532051282051282,0.5730337078651685,12.195121951219512,6.097560975609756,0.09090909090909091,0,0
"Allen, Strus, Garland, Okoro, Mobley","CLE",4,42,14.813379826940462,87,109.19540229885058,32.18390804597701,52.87356321839081,0.6086956521739131,8.045977011494253,39.08045977011494,0.20588235294117646,0.20588235294117646,20.689655172413794,41.37931034482759,22.988505747126435,24.137931034482758,0,0.6428571428571429,0.6666666666666666,1,0.425,0.58236875,0.48125,0.521978021978022,2.2988505747126435,3.4482758620689653,0.06521739130434782,0,0
"LeVert, Young, Mann, Okongwu, Daniels","ATL",10,42,40.23809523809524,80,120,32.5,58.75,0.5531914893617021,12.5,31.25,0.4,0.4,17.5,42.5,22.5,26.25,11.25,0.6538461538461539,0.7727272727272727,0.7,0.3472222222222222,0.5611541666666667,0.5694444444444444,0.6,10,3.75,0.06382978723404255,1.25,0.04
"Carter Jr., Anthony, Banchero, da Silva, Caldwell-Pope","ORL",6,42,-27.058823529411754,85,94.11764705882354,23.529411764705884,62.35294117647059,0.37735849056603776,10.588235294117647,38.8235294117647,0.2727272727272727,0.2727272727272727,15.294117647058824,21.176470588235293,25.88235294117647,28.235294117647058,3.5294117647058822,0.45,0.5294117647058824,0.8888888888888888,0.38372093023255816,0.5282325581395348,0.38953488372093026,0.42473118279569894,7.0588235294117645,8.235294117647058,0.1320754716981132,0,0
"DiVincenzo, Alexander-Walker, Reid, Conley, Randle","MIN",15,42,-17.5,80,98.75,13.75,41.25,0.3333333333333333,17.5,45,0.3888888888888889,0.3888888888888889,18.75,17.5,10,37.5,15,0.6363636363636364,0.7777777777777778,0.7142857142857143,0.5217391304347826,0.5545579710144928,0.463768115942029,0.512987012987013,5,3.75,0.09090909090909091,0,0
"Paul, Collins, Champagnie, Castle, Barnes","SAS",8,42,-3.8205980066445306,86,110.46511627906976,24.41860465116279,48.83720930232558,0.5,13.953488372093023,43.02325581395349,0.32432432432432434,0.32432432432432434,19.767441860465116,44.18604651162791,4.651162790697675,38.372093023255815,3.488372093023256,0.9047619047619048,0.9047619047619048,0.9166666666666666,0.46835443037974683,0.5581607594936709,0.4936708860759494,0.5459770114942529,0,8.13953488372093,0.16666666666666666,0,0
"LeVert, Niang, Okongwu, Daniels, Risacher","ATL",15,42,6.4230343300110775,86,130.2325581395349,27.906976744186046,59.30232558139535,0.47058823529411764,22.093023255813954,40.69767441860465,0.5428571428571428,0.5428571428571428,8.13953488372093,32.55813953488372,23.25581395348837,55.81395348837209,10.465116279069768,0.5833333333333334,0.6363636363636364,0.8421052631578947,0.4069767441860465,0.5803771084337349,0.6104651162790697,0.6153846153846154,4.651162790697675,4.651162790697675,0.0784313725490196,0,0
"Jones, Booker, O'Neale, Durant, Plumlee","PHX",15,42,-12.176639665534367,89,115.73033707865169,21.348314606741575,46.06741573033708,0.4634146341463415,17.97752808988764,39.325842696629216,0.45714285714285713,0.47058823529411764,19.10112359550562,24.719101123595507,17.97752808988764,47.19101123595506,6.741573033707865,0.5789473684210527,0.6111111111111112,0.875,0.4605263157894737,0.520038,0.5657894736842105,0.6058823529411764,2.247191011235955,2.247191011235955,0.04878048780487805,0,0
"O'Neale, Allen, Durant, Beal, Plumlee","PHX",15,42,-17.441860465116292,86,119.76744186046511,26.74418604651163,45.348837209302324,0.5897435897435898,16.27906976744186,37.2093023255814,0.4375,0.45161290322580644,17.441860465116278,32.55813953488372,20.930232558139537,45.348837209302324,3.488372093023256,0.6086956521739131,0.6363636363636364,0.9285714285714286,0.4507042253521127,0.5279514285714286,0.6197183098591549,0.64375,2.3255813953488373,5.813953488372093,0.1282051282051282,1.1627906976744187,0.03125
"Jones, Booker, O'Neale, Ighodaro, Beal","PHX",10,42,-4.224492908342228,83,108.43373493975903,25.301204819277107,46.98795180722892,0.5384615384615384,15.662650602409638,45.78313253012048,0.34210526315789475,0.34210526315789475,10.843373493975903,19.27710843373494,31.325301204819276,32.53012048192771,14.457831325301205,0.38095238095238093,0.42105263157894735,0.6923076923076923,0.4935064935064935,0.5102818181818182,0.525974025974026,0.5487804878048781,4.819277108433735,2.4096385542168677,0.05128205128205128,1.2048192771084338,0.02631578947368421
"Hachimura, Vincent, Reaves, Christie, Davis","LAL",10,42,-22.96328169822145,84,105.95238095238095,28.571428571428573,59.523809523809526,0.48,13.095238095238095,30.952380952380953,0.4230769230769231,0.4230769230769231,9.523809523809524,28.571428571428573,28.571428571428573,28.571428571428573,10.714285714285714,0.5,0.5217391304347826,0.7272727272727273,0.34210526315789475,0.525821052631579,0.5328947368421053,0.5632911392405063,2.380952380952381,5.9523809523809526,0.1,0,0
"Turner, Siakam, Haliburton, Mathurin, Walker","IND",14,42,-12.982216142270858,86,103.48837209302326,18.6046511627907,48.83720930232558,0.38095238095238093,13.953488372093023,33.72093023255814,0.41379310344827586,0.41379310344827586,24.41860465116279,20.930232558139537,16.27906976744186,38.372093023255815,3.488372093023256,0.5625,0.6,0.9166666666666666,0.4084507042253521,0.534374647887324,0.4788732394366197,0.5426829268292683,2.3255813953488373,5.813953488372093,0.11904761904761904,1.1627906976744187,0.034482758620689655
"Tatum, Queta, Pritchard, Hauser, Holiday","BOS",11,41,-10.012982797792915,78,108.97435897435898,12.820512820512821,25.641025641025642,0.5,23.076923076923077,57.69230769230769,0.4,0.4,14.102564102564102,5.128205128205129,20.512820512820515,50,19.23076923076923,0.2,0.2,0.7222222222222222,0.6923076923076923,0.5460907692307693,0.5692307692307692,0.6071428571428571,0,2.5641025641025643,0.1,0,0
"Towns, Anunoby, Bridges, Brunson, McBride","NYK",22,41,7.291381668946656,85,127.05882352941177,24.705882352941178,50.588235294117645,0.4883720930232558,15.294117647058824,35.294117647058826,0.43333333333333335,0.43333333333333335,31.764705882352942,18.823529411764707,30.58823529411765,38.8235294117647,7.0588235294117645,0.38095238095238093,0.42105263157894735,0.8461538461538461,0.410958904109589,0.5472945205479453,0.5547945205479452,0.6206896551724138,4.705882352941177,7.0588235294117645,0.13953488372093023,0,0
"Stewart, Cunningham, Thompson, Harris, Hardaway Jr.","DET",10,41,-7.044817927170868,84,101.19047619047619,34.523809523809526,67.85714285714286,0.5087719298245614,7.142857142857143,25,0.2857142857142857,0.2857142857142857,10.714285714285714,38.095238095238095,30.952380952380953,17.857142857142858,3.5714285714285716,0.5517241379310345,0.5925925925925926,0.8333333333333334,0.2692307692307692,0.5497352564102564,0.48717948717948717,0.5059523809523809,4.761904761904762,3.5714285714285716,0.05263157894736842,1.1904761904761905,0.047619047619047616
"Rozier, Adebayo, Robinson, Highsmith, Jaquez Jr.","MIA",10,41,-2.4393871783429972,81,98.76543209876543,22.22222222222222,45.67901234567901,0.4864864864864865,13.580246913580247,44.44444444444444,0.3055555555555556,0.3055555555555556,13.580246913580247,24.691358024691358,19.753086419753085,33.333333333333336,7.407407407407407,0.5555555555555556,0.6666666666666666,0.8181818181818182,0.4931506849315068,0.5554424657534247,0.4726027397260274,0.5,7.407407407407407,3.7037037037037037,0.08108108108108109,1.2345679012345678,0.027777777777777776
"Alexander-Walker, Reid, McDaniels, Conley, Gobert","MIN",11,41,8.333333333333329,84,102.38095238095238,28.571428571428573,48.80952380952381,0.5853658536585366,11.904761904761905,36.904761904761905,0.3225806451612903,0.3225806451612903,9.523809523809524,40.476190476190474,16.666666666666668,32.142857142857146,3.5714285714285716,0.7083333333333334,0.7391304347826086,0.9,0.4305555555555556,0.5644923611111111,0.5416666666666666,0.5657894736842105,2.380952380952381,3.5714285714285716,0.07317073170731707,0,0
"Bryant, Toppin, Mathurin, Sheppard, McConnell","IND",15,41,-7.447397563676631,86,112.79069767441861,26.74418604651163,53.48837209302326,0.5,15.116279069767442,33.72093023255814,0.4482758620689655,0.4642857142857143,13.953488372093023,23.25581395348837,30.232558139534884,41.86046511627907,3.488372093023256,0.43478260869565216,0.5,0.9230769230769231,0.38666666666666666,0.5380587837837838,0.5666666666666667,0.5914634146341463,6.976744186046512,4.651162790697675,0.08695652173913043,0,0
"Rozier, Adebayo, Robinson, Highsmith, Herro","MIA",13,41,5.0200803212851355,83,121.6867469879518,31.325301204819276,53.01204819277108,0.5909090909090909,16.867469879518072,40.963855421686745,0.4117647058823529,0.4117647058823529,8.433734939759036,31.325301204819276,31.325301204819276,39.75903614457831,10.843373493975903,0.5,0.52,0.7857142857142857,0.4358974358974359,0.5109358974358974,0.6025641025641025,0.6172839506172839,2.4096385542168677,6.024096385542169,0.11363636363636363,0,0
"Russell, Hachimura, Reaves, Christie, Davis","LAL",11,41,0.8242566970856586,79,110.12658227848101,29.11392405063291,59.49367088607595,0.48936170212765956,10.126582278481013,26.582278481012658,0.38095238095238093,0.38095238095238093,21.518987341772153,25.31645569620253,32.91139240506329,26.582278481012658,3.7974683544303796,0.43478260869565216,0.45454545454545453,0.875,0.3088235294117647,0.5497448529411765,0.5147058823529411,0.58,2.5316455696202533,2.5316455696202533,0.0425531914893617,0,0
"Murray, Porter Jr., Nnaji, Braun, Jokić","DEN",5,41,30.706075533661732,87,140.22988505747125,29.885057471264368,49.42528735632184,0.6046511627906976,19.54022988505747,37.93103448275862,0.5151515151515151,0.5151515151515151,21.839080459770116,36.7816091954023,22.988505747126435,44.827586206896555,13.793103448275861,0.6153846153846154,0.6666666666666666,0.7647058823529411,0.4342105263157895,0.5349098684210526,0.6776315789473685,0.7034883720930233,4.597701149425287,4.597701149425287,0.09302325581395349,0,0
"Jones, Booker, Allen, Dunn, Plumlee","PHX",16,41,-11.607142857142861,84,107.14285714285714,27.38095238095238,51.19047619047619,0.5348837209302325,11.904761904761905,42.857142857142854,0.2777777777777778,0.2777777777777778,16.666666666666668,38.095238095238095,16.666666666666668,32.142857142857146,3.5714285714285716,0.6956521739130435,0.7272727272727273,0.9,0.45569620253164556,0.522246835443038,0.4810126582278481,0.5172413793103449,2.380952380952381,5.9523809523809526,0.11627906976744186,0,0
"Markkanen, Sexton, Juzang, Kessler, George","UTA",6,41,-3.3105335157318763,85,115.29411764705883,23.529411764705884,47.05882352941177,0.5,20,50.588235294117645,0.3953488372093023,0.3953488372093023,8.235294117647058,23.529411764705884,23.529411764705884,42.35294117647059,17.647058823529413,0.5,0.5555555555555556,0.7058823529411765,0.5180722891566265,0.5513614457831325,0.5481927710843374,0.5764705882352941,4.705882352941177,5.882352941176471,0.125,1.1764705882352942,0.023255813953488372
"Brown, Tatum, White, Pritchard, Horford","BOS",11,41,28.19264069264071,88,132.95454545454547,32.95454545454545,48.86363636363637,0.6744186046511628,20.454545454545453,53.40909090909091,0.3829787234042553,0.3829787234042553,5.681818181818182,34.09090909090909,31.818181818181817,54.54545454545455,6.818181818181818,0.5172413793103449,0.5555555555555556,0.8888888888888888,0.5222222222222223,0.5414127777777777,0.6222222222222222,0.6290322580645161,4.545454545454546,0,0,2.272727272727273,0.0425531914893617
"Adebayo, Herro, Larsson, Ware, Burks","MIA",4,41,0.8751367401156358,79,135.44303797468353,32.91139240506329,62.0253164556962,0.5306122448979592,16.455696202531644,35.44303797468354,0.4642857142857143,0.4642857142857143,20.253164556962027,37.9746835443038,27.848101265822784,45.56962025316456,3.7974683544303796,0.5769230769230769,0.6521739130434783,0.9230769230769231,0.36363636363636365,0.5304285714285715,0.5909090909090909,0.6235294117647059,7.594936708860759,0,0,0,0
"Kennard, Jackson Jr., Morant, Edey, Wells","MEM",10,41,27.63532763532764,78,146.15384615384616,37.17948717948718,60.256410256410255,0.6170212765957447,19.23076923076923,41.02564102564103,0.46875,0.46875,14.102564102564102,23.076923076923077,51.282051282051285,42.30769230769231,15.384615384615385,0.3103448275862069,0.391304347826087,0.7333333333333333,0.4050632911392405,0.5506056962025316,0.6518987341772152,0.6951219512195121,15.384615384615385,6.410256410256411,0.10638297872340426,0,0
"Young, Hunter, Okongwu, Krejčí, Daniels","ATL",9,40,11.627906976744185,86,116.27906976744185,31.3953488372093,51.16279069767442,0.6136363636363636,10.465116279069768,37.2093023255814,0.28125,0.3,22.093023255813954,32.55813953488372,30.232558139534884,20.930232558139537,10.465116279069768,0.5185185185185185,0.5384615384615384,0.6666666666666666,0.42105263157894735,0.5561871621621622,0.5328947368421053,0.5689655172413793,2.3255813953488373,2.3255813953488373,0.045454545454545456,0,0
"Porter Jr., Braun, Watson, Gordon, Jokić","DEN",3,40,15.294117647058826,85,122.3529411764706,34.11764705882353,49.411764705882355,0.6904761904761905,11.764705882352942,30.58823529411765,0.38461538461538464,0.36,18.823529411764707,49.411764705882355,18.823529411764707,35.294117647058826,0,0.7241379310344828,0.875,1,0.38235294117647056,0.5906597014925373,0.6470588235294118,0.6688311688311688,11.764705882352942,1.1764705882352942,0.023809523809523808,0,0
"Beasley, Stewart, Cunningham, Fontecchio, Harris","DET",25,40,14.705519199901218,89,119.10112359550561,31.46067415730337,47.19101123595506,0.6666666666666666,13.48314606741573,33.70786516853933,0.4,0.4,15.730337078651685,31.46067415730337,31.46067415730337,37.07865168539326,3.3707865168539324,0.5,0.5,0.9166666666666666,0.4166666666666667,0.5440125,0.6388888888888888,0.6645569620253164,0,7.865168539325842,0.16666666666666666,0,0
"Paul, Johnson, Vassell, Sochan, Castle","SAS",13,40,19.628339140534266,82,124.39024390243902,37.80487804878049,63.41463414634146,0.5961538461538461,6.097560975609756,24.390243902439025,0.25,0.25,30.48780487804878,51.21951219512195,24.390243902439025,14.634146341463415,3.658536585365854,0.6774193548387096,0.8076923076923077,0.8,0.2777777777777778,0.5452944444444445,0.5347222222222222,0.6,12.195121951219512,4.878048780487805,0.07692307692307693,0,0
"Murray, Strawther, Watson, Westbrook, Jordan","DEN",8,40,4.761904761904773,84,116.66666666666667,35.714285714285715,63.095238095238095,0.5660377358490566,9.523809523809524,29.761904761904763,0.32,0.32,16.666666666666668,38.095238095238095,33.333333333333336,25,3.5714285714285716,0.5333333333333333,0.5925925925925926,0.875,0.32051282051282054,0.5593557692307692,0.5384615384615384,0.5697674418604651,7.142857142857143,4.761904761904762,0.07547169811320754,0,0
"Williamson, Murphy III, Alvarado, Missi, McCollum","NOP",8,40,-6.2524785194977,89,107.86516853932584,29.213483146067414,55.056179775280896,0.5306122448979592,10.112359550561798,37.07865168539326,0.2727272727272727,0.2727272727272727,19.10112359550562,42.69662921348315,15.730337078651685,30.337078651685392,0,0.7307692307692307,0.8260869565217391,1,0.4024390243902439,0.5281268292682927,0.4817073170731707,0.5277777777777778,6.741573033707865,6.741573033707865,0.12244897959183673,1.1235955056179776,0.030303030303030304
"DiVincenzo, Alexander-Walker, Reid, Clark, Randle","MIN",14,40,-9.503301751363765,86,113.95348837209302,17.441860465116278,31.3953488372093,0.5555555555555556,18.6046511627907,40.69767441860465,0.45714285714285713,0.45714285714285713,23.25581395348837,20.930232558139537,13.953488372093023,52.325581395348834,3.488372093023256,0.6,0.6,0.9375,0.5645161290322581,0.5503024590163934,0.6290322580645161,0.6554054054054054,0,1.1627906976744187,0.037037037037037035,1.1627906976744187,0.02857142857142857
"Claxton, Johnson, Williams, Thomas, Schröder","BKN",6,40,-12.32944270918955,77,112.98701298701299,25.974025974025974,51.94805194805195,0.5,11.688311688311689,31.16883116883117,0.375,0.375,25.974025974025974,23.376623376623378,28.571428571428573,23.376623376623378,11.688311688311689,0.45,0.5294117647058824,0.6666666666666666,0.375,0.5297071428571428,0.5234375,0.5878378378378378,7.792207792207792,5.194805194805195,0.1,0,0
"Bitadze, Queen, Suggs, da Silva, Caldwell-Pope","ORL",2,39,15.158227848101262,80,102.5,35,53.75,0.6511627906976745,6.25,32.5,0.19230769230769232,0.19230769230769232,13.75,22.5,47.5,15,3.75,0.32142857142857145,0.36,0.8,0.37681159420289856,0.5458297101449275,0.5144927536231884,0.5466666666666666,7.5,5,0.09302325581395349,0,0
"VanVleet, Brooks, Green, Tate, Sengun","HOU",7,39,20.03086419753086,80,122.5,33.75,62.5,0.54,12.5,33.75,0.37037037037037035,0.37037037037037035,17.5,40,27.5,33.75,3.75,0.5925925925925926,0.64,0.9,0.35064935064935066,0.5578909090909091,0.5454545454545454,0.563953488372093,5,6.25,0.1,0,0
"Mitchell, Allen, Hunter, Garland, Mobley","CLE",10,39,26.66666666666667,75,126.66666666666667,33.333333333333336,61.333333333333336,0.5434782608695652,12,32,0.375,0.375,24,18.666666666666668,48,24,12,0.28,0.3333333333333333,0.6666666666666666,0.34285714285714286,0.5368514285714285,0.55,0.5864197530864198,10.666666666666666,4,0.06521739130434782,0,0
"Claxton, Johnson, Johnson, Wilson, Martin","BKN",7,39,24.973969953889622,83,138.55421686746988,22.89156626506024,42.16867469879518,0.5428571428571428,28.91566265060241,51.80722891566265,0.5581395348837209,0.5581395348837209,6.024096385542169,24.096385542168676,21.686746987951807,72.28915662650603,14.457831325301205,0.5263157894736842,0.625,0.8333333333333334,0.5512820512820513,0.5402705128205129,0.7051282051282052,0.7215189873417721,7.228915662650603,6.024096385542169,0.14285714285714285,0,0
"Murray, Strawther, Braun, Watson, Jokić","DEN",15,39,-15.116279069767444,86,123.25581395348837,30.232558139534884,69.76744186046511,0.43333333333333335,15.116279069767442,31.3953488372093,0.48148148148148145,0.5,17.441860465116278,32.55813953488372,27.906976744186046,45.348837209302324,0,0.5384615384615384,0.7368421052631579,1,0.3103448275862069,0.5227279069767442,0.5229885057471264,0.5578947368421052,16.27906976744186,3.488372093023256,0.05,0,0
"Towns, Payne, Anunoby, Hart, McBride","NYK",14,39,7.375844842785767,82,112.1951219512195,30.48780487804878,57.31707317073171,0.5319148936170213,12.195121951219512,45.1219512195122,0.2702702702702703,0.2702702702702703,14.634146341463415,34.146341463414636,26.829268292682926,29.26829268292683,7.317073170731708,0.56,0.6086956521739131,0.8,0.44047619047619047,0.6005708333333333,0.47619047619047616,0.5227272727272727,4.878048780487805,6.097560975609756,0.10638297872340426,1.2195121951219512,0.02702702702702703
"Portis, Rollins, Jackson Jr., Lopez, Middleton","MIL",3,39,22.934595524956976,83,126.50602409638554,32.53012048192771,55.42168674698795,0.5869565217391305,16.867469879518072,31.325301204819276,0.5384615384615384,0.5384615384615384,10.843373493975903,33.734939759036145,31.325301204819276,43.373493975903614,7.228915662650603,0.5185185185185185,0.5384615384615384,0.8571428571428571,0.3611111111111111,0.5550784722222222,0.6666666666666666,0.6818181818181818,2.4096385542168677,2.4096385542168677,0.043478260869565216,0,0
"LeVert, Okongwu, Krejčí, Daniels, Risacher","ATL",12,39,7.037907728474863,83,122.89156626506023,28.91566265060241,46.98795180722892,0.6153846153846154,16.867469879518072,39.75903614457831,0.42424242424242425,0.42424242424242425,14.457831325301205,38.55421686746988,19.27710843373494,50.602409638554214,0,0.6666666666666666,0.6666666666666666,1,0.4583333333333333,0.5795680555555556,0.625,0.6538461538461539,0,3.6144578313253013,0.07692307692307693,0,0
"Poeltl, Barrett, Quickley, Agbaji, Dick","TOR",6,39,-11.1111111111111,81,112.34567901234568,27.160493827160494,54.32098765432099,0.5,11.11111111111111,29.62962962962963,0.375,0.391304347826087,24.691358024691358,27.160493827160494,27.160493827160494,29.62962962962963,3.7037037037037037,0.5,0.5789473684210527,0.8888888888888888,0.35294117647058826,0.5309328358208955,0.5220588235294118,0.56875,7.407407407407407,4.938271604938271,0.09090909090909091,0,0
"Turner, Toppin, Haliburton, Mathurin, McConnell","IND",21,39,5.747126436781599,87,132.183908045977,29.885057471264368,50.57471264367816,0.5909090909090909,20.689655172413794,42.52873563218391,0.4864864864864865,0.4864864864864865,10.344827586206897,29.885057471264368,29.885057471264368,41.37931034482759,20.689655172413794,0.5,0.5416666666666666,0.6666666666666666,0.4567901234567901,0.563775925925926,0.654320987654321,0.6686046511627907,4.597701149425287,5.747126436781609,0.11363636363636363,0,0
"Simmons, Jones Jr., Batum, Harden, Bogdanović","LAC",11,39,24.141749723145082,84,138.0952380952381,14.285714285714286,33.333333333333336,0.42857142857142855,26.19047619047619,53.57142857142857,0.4888888888888889,0.5,30.952380952380953,9.523809523809524,19.047619047619047,57.142857142857146,21.428571428571427,0.3333333333333333,0.4444444444444444,0.7272727272727273,0.6164383561643836,0.5228612676056338,0.6164383561643836,0.6666666666666666,7.142857142857143,2.380952380952381,0.07142857142857142,0,0
"Brown, White, Kornet, Pritchard, Hauser","BOS",13,39,3.5986049461001954,83,118.07228915662651,22.89156626506024,48.19277108433735,0.475,15.662650602409638,38.55421686746988,0.40625,0.40625,25.301204819277107,21.686746987951807,24.096385542168676,36.144578313253014,10.843373493975903,0.47368421052631576,0.6,0.7692307692307693,0.4444444444444444,0.52870625,0.5347222222222222,0.5773809523809523,9.63855421686747,6.024096385542169,0.125,0,0
"Quickley, Agbaji, Barnes, Dick, Mogbo","TOR",4,39,21.26894827316768,79,111.39240506329114,22.78481012658228,43.037974683544306,0.5294117647058824,16.455696202531644,45.56962025316456,0.3611111111111111,0.3611111111111111,16.455696202531644,30.379746835443036,15.189873417721518,49.36708860759494,0,0.6666666666666666,0.6666666666666666,1,0.5142857142857142,0.5494821428571428,0.5357142857142857,0.5641025641025641,0,2.5316455696202533,0.058823529411764705,0,0
"Prince, Kuzma, Trent Jr., Porter Jr., Lopez","MIL",6,39,-23.22368421052633,80,116.25,28.75,50,0.575,13.75,33.75,0.4074074074074074,0.4074074074074074,17.5,37.5,20,33.75,7.5,0.6521739130434783,0.7142857142857143,0.8181818181818182,0.40298507462686567,0.5252828358208955,0.5895522388059702,0.6118421052631579,5,1.25,0.025,0,0
"Highsmith, Herro, Mitchell, Ware, Anderson","MIA",7,39,5.79710144927536,69,118.84057971014492,30.434782608695652,55.072463768115945,0.5526315789473685,13.043478260869565,40.57971014492754,0.32142857142857145,0.32142857142857145,18.840579710144926,20.28985507246377,40.57971014492754,39.130434782608695,0,0.3333333333333333,0.4375,1,0.42424242424242425,0.5276236842105263,0.5227272727272727,0.5616438356164384,14.492753623188406,5.797101449275362,0.10526315789473684,0,0
"Young, Krejčí, Daniels, Risacher, Capela","ATL",5,39,3.7974683544303787,79,118.9873417721519,34.177215189873415,60.75949367088607,0.5625,11.39240506329114,32.91139240506329,0.34615384615384615,0.34615384615384615,16.455696202531644,48.10126582278481,20.253164556962027,26.582278481012658,7.594936708860759,0.7037037037037037,0.7916666666666666,0.7777777777777778,0.35135135135135137,0.5483222972972973,0.5472972972972973,0.5679012345679012,7.594936708860759,3.7974683544303796,0.0625,0,0
"Murray, Strawther, Watson, Gordon, Jokić","DEN",8,39,3.5263003232442003,83,110.8433734939759,33.734939759036145,51.80722891566265,0.6511627906976745,9.63855421686747,40.963855421686745,0.23529411764705882,0.22580645161290322,14.457831325301205,40.963855421686745,26.50602409638554,28.91566265060241,0,0.6071428571428571,0.68,1,0.44155844155844154,0.5416831081081082,0.5194805194805194,0.5416666666666666,7.228915662650603,1.2048192771084338,0.023255813953488372,1.2048192771084338,0.029411764705882353
"White, Smith, Dosunmu, Terry, Buzelis","CHI",9,39,9.756097560975618,82,115.85365853658537,25.609756097560975,42.68292682926829,0.6,12.195121951219512,40.24390243902439,0.30303030303030304,0.3125,28.048780487804876,31.70731707317073,19.51219512195122,32.926829268292686,3.658536585365854,0.6190476190476191,0.6842105263157895,0.9,0.4852941176470588,0.5996962686567164,0.5294117647058824,0.5875,4.878048780487805,3.658536585365854,0.08571428571428572,0,0
"Hartenstein, Gilgeous-Alexander, Joe, Williams, Wallace","OKC",12,38,-36.111111111111114,76,100,27.63157894736842,48.68421052631579,0.5675675675675675,10.526315789473685,47.36842105263158,0.2222222222222222,0.2222222222222222,13.157894736842104,28.94736842105263,26.31578947368421,27.63157894736842,3.9473684210526314,0.5238095238095238,0.55,0.875,0.4931506849315068,0.5191150684931507,0.4520547945205479,0.4807692307692308,2.6315789473684212,7.894736842105263,0.16216216216216217,0,0
"Looney, Hield, Payton II, Santos, Curry","GSW",13,38,16.83544303797467,79,146.83544303797467,30.379746835443036,45.56962025316456,0.6666666666666666,22.78481012658228,48.10126582278481,0.47368421052631576,0.47368421052631576,17.72151898734177,45.56962025316456,15.189873417721518,53.164556962025316,15.189873417721518,0.75,0.782608695652174,0.7777777777777778,0.5135135135135135,0.5251574324324324,0.6891891891891891,0.7160493827160493,2.5316455696202533,3.7974683544303796,0.08333333333333333,1.2658227848101267,0.02631578947368421
"Finney-Smith, Dončić, Hayes, Reaves, Goodwin","LAL",6,38,27.56386523509812,73,139.72602739726028,32.87671232876713,50.68493150684932,0.6486486486486487,16.438356164383563,35.61643835616438,0.46153846153846156,0.46153846153846156,24.65753424657534,35.61643835616438,30.136986301369863,32.87671232876713,16.438356164383563,0.5416666666666666,0.5909090909090909,0.6666666666666666,0.4126984126984127,0.5909777777777778,0.6666666666666666,0.68,5.47945205479452,1.36986301369863,0.02702702702702703,0,0
"Brown, Tatum, Pritchard, Holiday, Porziņģis","BOS",13,38,13.807863031071662,83,107.2289156626506,25.301204819277107,44.57831325301205,0.5675675675675675,13.25301204819277,44.57831325301205,0.2972972972972973,0.2972972972972973,16.867469879518072,24.096385542168676,26.50602409638554,32.53012048192771,7.228915662650603,0.47619047619047616,0.5555555555555556,0.8181818181818182,0.5,0.5712116438356164,0.5067567567567568,0.5297619047619048,7.228915662650603,2.4096385542168677,0.05405405405405406,1.2048192771084338,0.02702702702702703
"Tatum, White, Pritchard, Hauser, Horford","BOS",11,38,-8.636977058029686,76,113.15789473684211,23.68421052631579,40.78947368421053,0.5806451612903226,18.42105263157895,52.63157894736842,0.35,0.35,10.526315789473685,18.42105263157895,28.94736842105263,43.421052631578945,11.842105263157896,0.3888888888888889,0.3888888888888889,0.7857142857142857,0.5633802816901409,0.5302676056338028,0.5492957746478874,0.5733333333333334,0,0,0,1.3157894736842106,0.025
"Bamba, Mann, Porter Jr., Miller, Batum","LAC",5,38,19.002458728486133,73,116.43835616438356,32.87671232876713,60.273972602739725,0.5454545454545454,12.32876712328767,36.986301369863014,0.3333333333333333,0.3333333333333333,13.698630136986301,30.136986301369863,35.61643835616438,36.986301369863014,0,0.4583333333333333,0.5,1,0.38028169014084506,0.5331619718309859,0.528169014084507,0.551948051948052,5.47945205479452,9.58904109589041,0.1590909090909091,1.36986301369863,0.037037037037037035
"Tatum, White, Kornet, Horford, Holiday","BOS",7,38,29.853041695146956,77,131.16883116883116,23.376623376623378,35.064935064935064,0.6666666666666666,23.376623376623378,53.246753246753244,0.43902439024390244,0.43902439024390244,14.285714285714286,20.77922077922078,25.974025974025974,46.753246753246756,23.376623376623378,0.4444444444444444,0.47058823529411764,0.6666666666666666,0.6029411764705882,0.5467757352941177,0.6617647058823529,0.6824324324324325,2.5974025974025974,1.2987012987012987,0.037037037037037035,0,0
"Towns, Payne, Shamet, Achiuwa, McBride","NYK",12,38,-7.5,80,117.5,27.5,46.25,0.5945945945945946,13.75,42.5,0.3235294117647059,0.3333333333333333,21.25,20,35,37.5,3.75,0.36363636363636365,0.4444444444444444,0.9090909090909091,0.4788732394366197,0.5571385714285714,0.5422535211267606,0.5802469135802469,10,6.25,0.13513513513513514,0,0
"Portis, Prince, Jackson Jr., Lopez, Lillard","MIL",7,38,-2.4691358024691255,81,122.22222222222223,27.160493827160494,41.97530864197531,0.6470588235294118,17.28395061728395,43.20987654320987,0.4,0.4,16.049382716049383,32.098765432098766,22.22222222222222,33.333333333333336,18.51851851851852,0.5909090909090909,0.6190476190476191,0.6428571428571429,0.5072463768115942,0.5431710144927536,0.6231884057971014,0.6447368421052632,2.4691358024691357,1.2345679012345678,0.029411764705882353,0,0
"Murray, Porter Jr., Braun, Watson, Šarić","DEN",3,38,10.730519480519476,80,91.25,27.5,48.75,0.5641025641025641,8.75,42.5,0.20588235294117646,0.20588235294117646,10,22.5,32.5,22.5,3.75,0.4090909090909091,0.45,0.8571428571428571,0.4657534246575342,0.5686849315068494,0.4452054794520548,0.474025974025974,5,5,0.10256410256410256,0,0
"Tatum, Kornet, Pritchard, Hauser, Holiday","BOS",14,38,36.4153627311522,74,133.78378378378378,21.62162162162162,40.54054054054054,0.5333333333333333,25.675675675675677,50,0.5135135135135135,0.5135135135135135,13.513513513513514,18.91891891891892,24.324324324324323,68.91891891891892,8.108108108108109,0.4375,0.4666666666666667,0.8947368421052632,0.5522388059701493,0.553444776119403,0.664179104477612,0.668918918918919,2.7027027027027026,5.405405405405405,0.13333333333333333,0,0
"Allen, Hunter, Garland, Jerome, Merrill","CLE",13,38,26.19047619047619,84,134.52380952380952,34.523809523809526,54.76190476190476,0.6304347826086957,13.095238095238095,30.952380952380953,0.4230769230769231,0.4230769230769231,26.19047619047619,42.857142857142854,26.19047619047619,32.142857142857146,7.142857142857143,0.6206896551724138,0.6666666666666666,0.8181818181818182,0.3611111111111111,0.5479119402985074,0.6319444444444444,0.6726190476190477,4.761904761904762,8.333333333333334,0.15217391304347827,0,0
"Hartenstein, Joe, Wiggins, Williams, Wallace","OKC",9,38,17.460929963341684,73,130.13698630136986,28.767123287671232,64.38356164383562,0.44680851063829785,19.17808219178082,41.0958904109589,0.4666666666666667,0.4666666666666667,15.068493150684931,38.35616438356164,19.17808219178082,53.42465753424658,4.109589041095891,0.6666666666666666,0.6666666666666666,0.9285714285714286,0.38961038961038963,0.5656824675324675,0.5454545454545454,0.572289156626506,0,2.73972602739726,0.0425531914893617,0,0
"Hield, Payton II, Kuminga, Curry, Green","GSW",7,38,23.93404397068622,76,130.26315789473685,38.1578947368421,52.63157894736842,0.725,14.473684210526315,39.473684210526315,0.36666666666666664,0.36666666666666664,10.526315789473685,42.10526315789474,34.21052631578947,35.526315789473685,7.894736842105263,0.5517241379310345,0.5925925925925926,0.8181818181818182,0.42857142857142855,0.5505692857142858,0.65,0.6621621621621622,5.2631578947368425,6.578947368421052,0.125,0,0
"Hachimura, Reaves, Knecht, Davis, James","LAL",8,37,-23.9099099099099,74,106.75675675675676,28.37837837837838,47.2972972972973,0.6,13.513513513513514,39.189189189189186,0.3448275862068966,0.3448275862068966,9.45945945945946,37.83783783783784,18.91891891891892,36.486486486486484,4.054054054054054,0.6666666666666666,0.7,0.9,0.453125,0.5616171875,0.5625,0.5808823529411765,2.7027027027027026,4.054054054054054,0.08571428571428572,0,0
"White, Smith, Dosunmu, Terry, Phillips","CHI",12,37,-23.37164750957855,87,98.85057471264368,19.54022988505747,42.52873563218391,0.4594594594594595,14.942528735632184,51.724137931034484,0.28888888888888886,0.3023255813953488,14.942528735632184,16.091954022988507,22.988505747126435,41.37931034482759,3.4482758620689653,0.4117647058823529,0.4666666666666667,0.9230769230769231,0.5487804878048781,0.5599062499999999,0.4451219512195122,0.4725274725274725,4.597701149425287,5.747126436781609,0.13513513513513514,0,0
"DiVincenzo, Alexander-Walker, Reid, McDaniels, Randle","MIN",17,37,22.183098591549296,72,125,25,47.22222222222222,0.5294117647058824,15.277777777777779,43.05555555555556,0.3548387096774194,0.3548387096774194,29.166666666666668,19.444444444444443,30.555555555555557,41.666666666666664,4.166666666666667,0.3888888888888889,0.4375,0.9090909090909091,0.47692307692307695,0.5309992307692307,0.5307692307692308,0.5866666666666667,5.555555555555555,2.7777777777777777,0.058823529411764705,0,0
"Barrett, Quickley, Barnes, Dick, Mogbo","TOR",4,37,-37.33333333333334,76,100,35.526315789473685,55.26315789473684,0.6428571428571429,5.2631578947368425,30.263157894736842,0.17391304347826086,0.17391304347826086,13.157894736842104,36.8421052631579,34.21052631578947,11.842105263157896,3.9473684210526314,0.5185185185185185,0.5384615384615384,0.75,0.35384615384615387,0.5332823076923077,0.5076923076923077,0.5352112676056338,2.6315789473684212,3.9473684210526314,0.07142857142857142,0,0
"Jones, Booker, O'Neale, Allen, Richards","PHX",9,37,-20.379620379620377,77,110.3896103896104,18.181818181818183,42.857142857142854,0.42424242424242425,19.48051948051948,46.753246753246756,0.4166666666666667,0.4166666666666667,15.584415584415584,20.77922077922078,15.584415584415584,58.44155844155844,0,0.5714285714285714,0.6153846153846154,1,0.5217391304347826,0.5403775362318841,0.5289855072463768,0.5743243243243243,2.5974025974025974,9.090909090909092,0.21212121212121213,0,0
"Poole, Kispert, Coulibaly, Carrington, Valančiūnas","WAS",17,37,-48.51598173515981,73,93.15068493150685,27.397260273972602,52.054794520547944,0.5263157894736842,8.219178082191782,30.136986301369863,0.2727272727272727,0.2727272727272727,13.698630136986301,35.61643835616438,19.17808219178082,16.438356164383563,8.219178082191782,0.65,0.7222222222222222,0.6666666666666666,0.36666666666666664,0.5029675,0.48333333333333334,0.5151515151515151,5.47945205479452,4.109589041095891,0.07894736842105263,0,0
"Alexander-Walker, Reid, Edwards, McDaniels, Clark","MIN",6,37,19.839371155160634,76,127.63157894736842,30.263157894736842,50,0.6052631578947368,13.157894736842104,43.421052631578945,0.30303030303030304,0.30303030303030304,27.63157894736842,23.68421052631579,36.8421052631579,27.63157894736842,11.842105263157896,0.391304347826087,0.45,0.7,0.4647887323943662,0.5373478873239437,0.5352112676056338,0.5914634146341463,7.894736842105263,3.9473684210526314,0.07894736842105263,1.3157894736842106,0.030303030303030304
"Monk, Murray, Ellis, DeRozan, Valančiūnas","SAC",9,37,4.560201874549378,76,122.36842105263158,36.8421052631579,69.73684210526316,0.5283018867924528,13.157894736842104,30.263157894736842,0.43478260869565216,0.43478260869565216,9.210526315789474,28.94736842105263,44.73684210526316,39.473684210526315,0,0.39285714285714285,0.4230769230769231,1,0.3026315789473684,0.5181230263157894,0.5657894736842105,0.5822784810126582,5.2631578947368425,7.894736842105263,0.11320754716981132,0,0
"Markkanen, Sexton, Kessler, Williams, Collier","UTA",6,37,-38.84146341463415,80,107.5,31.25,60,0.5208333333333334,10,35,0.2857142857142857,0.2857142857142857,15,35,27.5,30,0,0.56,0.6666666666666666,1,0.3684210526315789,0.4896789473684211,0.4868421052631579,0.524390243902439,10,11.25,0.1875,1.25,0.03571428571428571
"Siakam, Toppin, Mathurin, Walker, McConnell","IND",11,37,-2.6125095347063336,69,114.4927536231884,40.57971014492754,65.21739130434783,0.6222222222222222,7.246376811594203,24.63768115942029,0.29411764705882354,0.29411764705882354,11.594202898550725,46.3768115942029,34.78260869565217,21.73913043478261,0,0.5714285714285714,0.5714285714285714,1,0.27419354838709675,0.5435604838709678,0.5725806451612904,0.6076923076923076,0,1.4492753623188406,0.022222222222222223,0,0
"Gilgeous-Alexander, Dort, Williams, Williams, Wallace","OKC",10,37,-5.322947095098996,79,115.18987341772151,25.31645569620253,49.36708860759494,0.5128205128205128,17.72151898734177,43.037974683544306,0.4117647058823529,0.4117647058823529,11.39240506329114,17.72151898734177,32.91139240506329,53.164556962025316,0,0.35,0.3888888888888889,1,0.4657534246575342,0.5670999999999999,0.5616438356164384,0.5833333333333334,5.063291139240507,5.063291139240507,0.10256410256410256,0,0
"Simons, Avdija, Sharpe, Murray, Clingan","POR",9,37,20.270270270270274,74,120.27027027027027,28.37837837837838,58.108108108108105,0.4883720930232558,18.91891891891892,43.24324324324324,0.4375,0.4375,6.756756756756757,16.216216216216218,40.54054054054054,40.54054054054054,16.216216216216218,0.2857142857142857,0.35294117647058826,0.7142857142857143,0.4266666666666667,0.5185886666666667,0.56,0.5705128205128205,10.81081081081081,8.108108108108109,0.13953488372093023,1.3513513513513513,0.03125
"Oubre Jr., Maxey, Edwards, George, Embiid","PHI",3,36,-22.468468468468473,74,114.86486486486487,24.324324324324323,50,0.4864864864864865,17.56756756756757,35.13513513513514,0.5,0.5,13.513513513513514,16.216216216216218,32.432432432432435,44.5945945945946,8.108108108108109,0.3333333333333333,0.35294117647058826,0.8461538461538461,0.4126984126984127,0.5303611111111112,0.5952380952380952,0.6159420289855072,2.7027027027027026,5.405405405405405,0.10810810810810811,1.3513513513513513,0.038461538461538464
"Holmes, Champagnie, Kispert, Carrington, Smart","WAS",7,36,-16.36036036036036,75,110.66666666666667,29.333333333333332,58.666666666666664,0.5,9.333333333333334,28,0.3333333333333333,0.3333333333333333,24,24,34.666666666666664,24,4,0.4090909090909091,0.5,0.8571428571428571,0.3230769230769231,0.5150092307692308,0.5,0.5533333333333333,10.666666666666666,2.6666666666666665,0.045454545454545456,0,0
"Brown, Tatum, Horford, Holiday, Porziņģis","BOS",6,36,8.615717375630865,76,123.6842105263158,34.21052631578947,59.21052631578947,0.5777777777777777,11.842105263157896,28.94736842105263,0.4090909090909091,0.4090909090909091,19.736842105263158,36.8421052631579,31.57894736842105,35.526315789473685,0,0.5384615384615384,0.56,1,0.3283582089552239,0.5421216417910448,0.5895522388059702,0.6351351351351351,2.6315789473684212,6.578947368421052,0.1111111111111111,0,0
"Gilgeous-Alexander, Dort, Joe, Wiggins, Williams","OKC",13,36,52.40534113773549,77,129.87012987012986,32.467532467532465,49.35064935064935,0.6578947368421053,11.688311688311689,37.66233766233766,0.3103448275862069,0.3103448275862069,29.87012987012987,36.36363636363637,28.571428571428573,31.16883116883117,3.896103896103896,0.56,0.56,0.8888888888888888,0.43283582089552236,0.5430582089552239,0.5746268656716418,0.625,0,2.5974025974025974,0.05263157894736842,0,0
"Prince, Porter Jr., Green, Lopez, Antetokounmpo","MIL",11,36,16.200119118522935,73,120.54794520547945,28.767123287671232,45.205479452054796,0.6363636363636364,15.068493150684931,30.136986301369863,0.5,0.5,17.80821917808219,38.35616438356164,19.17808219178082,41.0958904109589,4.109589041095891,0.6666666666666666,0.7,0.9090909090909091,0.4,0.5801745454545455,0.6818181818181818,0.7096774193548387,2.73972602739726,1.36986301369863,0.030303030303030304,0,0
"Alexander-Walker, Reid, Edwards, McDaniels, Conley","MIN",9,36,-20.25316455696202,79,111.39240506329114,26.582278481012658,43.037974683544306,0.6176470588235294,11.39240506329114,45.56962025316456,0.25,0.25,24.050632911392405,30.379746835443036,22.78481012658228,34.177215189873415,0,0.5714285714285714,0.5714285714285714,1,0.5142857142857142,0.5259557142857142,0.4928571428571429,0.5641025641025641,0,5.063291139240507,0.11764705882352941,0,0
"Oubre Jr., Grimes, Maxey, George, Drummond","PHI",4,36,-28.20512820512819,78,107.6923076923077,29.487179487179485,58.97435897435897,0.5,11.538461538461538,30.76923076923077,0.375,0.375,14.102564102564102,15.384615384615385,43.58974358974359,19.23076923076923,15.384615384615385,0.2608695652173913,0.3,0.5555555555555556,0.34285714285714286,0.560955,0.5214285714285715,0.5526315789473685,7.6923076923076925,7.6923076923076925,0.13043478260869565,0,0
"Brown, Tatum, White, Horford, Porziņģis","BOS",9,36,-11.666666666666671,75,113.33333333333333,22.666666666666668,44,0.5151515151515151,18.666666666666668,42.666666666666664,0.4375,0.4375,12,29.333333333333332,16,40,16,0.6470588235294118,0.6875,0.7142857142857143,0.49230769230769234,0.5409830769230769,0.5846153846153846,0.6102941176470589,2.6666666666666665,2.6666666666666665,0.06060606060606061,0,0
"DiVincenzo, Reid, McDaniels, Conley, Gobert","MIN",19,36,-23.88329979879275,70,104.28571428571429,35.714285714285715,64.28571428571429,0.5555555555555556,7.142857142857143,34.285714285714285,0.20833333333333334,0.20833333333333334,11.428571428571429,51.42857142857143,20,21.428571428571427,0,0.72,0.782608695652174,1,0.34782608695652173,0.5330144927536231,0.47101449275362317,0.4864864864864865,5.714285714285714,5.714285714285714,0.08888888888888889,0,0
"Martin, McCain, Lowry, George, Embiid","PHI",3,36,-12.490733876945896,76,97.36842105263158,15.789473684210526,27.63157894736842,0.5714285714285714,15.789473684210526,51.31578947368421,0.3076923076923077,0.3076923076923077,18.42105263157895,15.789473684210526,15.789473684210526,43.421052631578945,3.9473684210526314,0.5,0.5,0.9166666666666666,0.65,0.5352541666666667,0.5,0.5441176470588235,0,2.6315789473684212,0.09523809523809523,1.3157894736842106,0.02564102564102564
"Looney, Hield, Kuminga, Santos, Curry","GSW",9,36,21.63963963963964,74,122.97297297297297,31.08108108108108,52.7027027027027,0.5897435897435898,9.45945945945946,35.13513513513514,0.2692307692307692,0.2692307692307692,32.432432432432435,21.62162162162162,40.54054054054054,20.27027027027027,8.108108108108109,0.34782608695652173,0.42105263157894735,0.7142857142857143,0.4,0.5161553846153846,0.5153846153846153,0.5909090909090909,10.81081081081081,5.405405405405405,0.10256410256410256,0,0
"Lyles, Sabonis, Monk, Ellis, DeRozan","SAC",19,36,17.9649464459591,78,119.23076923076923,30.76923076923077,60.256410256410255,0.5106382978723404,11.538461538461538,28.205128205128204,0.4090909090909091,0.4090909090909091,23.076923076923077,38.46153846153846,23.076923076923077,30.76923076923077,3.8461538461538463,0.625,0.6521739130434783,0.8888888888888888,0.3188405797101449,0.5211398550724637,0.5434782608695652,0.5974025974025974,2.5641025641025643,5.128205128205129,0.0851063829787234,0,0
"Hield, Kuminga, Curry, Green, Wiggins","GSW",9,36,1.3765822784810098,79,110.12658227848101,26.582278481012658,50.63291139240506,0.525,16.455696202531644,35.44303797468354,0.4642857142857143,0.4642857142857143,7.594936708860759,32.91139240506329,20.253164556962027,37.9746835443038,11.39240506329114,0.6190476190476191,0.65,0.7692307692307693,0.4117647058823529,0.5263301470588235,0.5955882352941176,0.6041666666666666,2.5316455696202533,3.7974683544303796,0.075,0,0
"Avdija, Banton, Sharpe, Camara, Clingan","POR",4,36,4.841269841269835,72,130.55555555555554,37.5,62.5,0.6,15.277777777777779,47.22222222222222,0.3235294117647059,0.3235294117647059,9.722222222222221,38.888888888888886,36.111111111111114,45.833333333333336,0,0.5185185185185185,0.6363636363636364,1,0.43037974683544306,0.5646025316455696,0.5506329113924051,0.573170731707317,13.88888888888889,4.166666666666667,0.06666666666666667,0,0
"Paul, Champagnie, Castle, Biyombo, Barnes","SAS",4,36,1.3333333333333286,75,113.33333333333333,21.333333333333332,45.333333333333336,0.47058823529411764,21.333333333333332,45.333333333333336,0.47058823529411764,0.47058823529411764,6.666666666666667,24,18.666666666666668,56,8,0.5625,0.6,0.875,0.5,0.5286058823529411,0.5882352941176471,0.6071428571428571,2.6666666666666665,0,0,1.3333333333333333,0.029411764705882353
"Portis, Trent Jr., Lopez, Lillard, Middleton","MIL",7,36,-14.08250355618776,74,114.86486486486487,21.62162162162162,50,0.43243243243243246,17.56756756756757,33.78378378378378,0.52,0.52,18.91891891891892,21.62162162162162,21.62162162162162,48.648648648648646,4.054054054054054,0.5,0.5,0.9230769230769231,0.4032258064516129,0.5359870967741935,0.5725806451612904,0.6086956521739131,0,2.7027027027027026,0.05405405405405406,0,0
"Mitchell, Jerome, Wade, Merrill, Mobley","CLE",13,36,-16.978583831757675,73,102.73972602739725,27.397260273972602,47.945205479452056,0.5714285714285714,9.58904109589041,36.986301369863014,0.25925925925925924,0.25925925925925924,19.17808219178082,21.91780821917808,32.87671232876713,20.54794520547945,8.219178082191782,0.4,0.42105263157894735,0.7142857142857143,0.43548387096774194,0.5369395161290322,0.49193548387096775,0.5357142857142857,2.73972602739726,1.36986301369863,0.02857142857142857,0,0
"Poole, Kispert, Coulibaly, Sarr, Carrington","WAS",15,36,10.389610389610382,66,131.8181818181818,24.242424242424242,51.515151515151516,0.47058823529411764,24.242424242424242,42.42424242424242,0.5714285714285714,0.5714285714285714,10.606060606060606,24.242424242424242,24.242424242424242,72.72727272727273,0,0.5,0.5,1,0.45161290322580644,0.519549193548387,0.6451612903225806,0.6397058823529411,0,3.0303030303030303,0.058823529411764705,0,0
"Caruso, Gilgeous-Alexander, Dort, Williams, Wallace","OKC",15,35,8.49433710859428,76,123.6842105263158,18.42105263157895,46.05263157894737,0.4,19.736842105263158,43.421052631578945,0.45454545454545453,0.45454545454545453,27.63157894736842,23.68421052631579,13.157894736842104,43.421052631578945,15.789473684210526,0.6428571428571429,0.6428571428571429,0.7333333333333333,0.4852941176470588,0.5379808823529412,0.5367647058823529,0.5961538461538461,0,5.2631578947368425,0.11428571428571428,0,0
"Jones, Booker, O'Neale, Martin, Ighodaro","PHX",5,35,29.7228144989339,67,126.86567164179104,31.34328358208955,44.776119402985074,0.7,19.402985074626866,55.223880597014926,0.35135135135135137,0.35135135135135137,5.970149253731344,32.83582089552239,29.850746268656717,49.25373134328358,8.955223880597014,0.5238095238095238,0.5238095238095238,0.8461538461538461,0.5522388059701493,0.536055223880597,0.6044776119402985,0.625,0,2.985074626865672,0.06666666666666667,1.492537313432836,0.02702702702702703
"Porter Jr., Strawther, Watson, Westbrook, Jokić","DEN",20,35,-1.8820786142571535,76,117.10526315789474,35.526315789473685,63.1578947368421,0.5625,7.894736842105263,18.42105263157895,0.42857142857142855,0.42857142857142855,22.36842105263158,60.526315789473685,10.526315789473685,23.68421052631579,0,0.8518518518518519,0.8518518518518519,1,0.22580645161290322,0.5733983870967742,0.5806451612903226,0.6267605633802817,0,7.894736842105263,0.125,0,0
"Johnson, Vassell, Champagnie, Wesley, Sochan","SAS",5,35,34.21052631578948,76,125,28.94736842105263,65.78947368421052,0.44,17.105263157894736,32.89473684210526,0.52,0.5,15.789473684210526,26.31578947368421,31.57894736842105,43.421052631578945,7.894736842105263,0.45454545454545453,0.7142857142857143,0.8461538461538461,0.3333333333333333,0.5985715517241379,0.5533333333333333,0.5864197530864198,21.05263157894737,5.2631578947368425,0.08,0,0
"Williamson, Murphy III, Matković, Missi, McCollum","NOP",3,35,-26.74015105123496,71,122.53521126760563,36.61971830985915,69.01408450704226,0.5306122448979592,12.67605633802817,35.2112676056338,0.36,0.36,11.267605633802816,25.35211267605634,47.88732394366197,33.80281690140845,4.225352112676056,0.34615384615384615,0.45,0.8888888888888888,0.33783783783783783,0.5120898648648649,0.5337837837837838,0.5512820512820513,16.901408450704224,4.225352112676056,0.061224489795918366,1.408450704225352,0.04
"Murray, Strawther, Watson, Westbrook, Jokić","DEN",14,35,-20.779220779220765,77,118.18181818181819,36.36363636363637,55.84415584415584,0.6511627906976745,10.38961038961039,22.07792207792208,0.47058823529411764,0.47058823529411764,14.285714285714286,36.36363636363637,36.36363636363637,27.272727272727273,3.896103896103896,0.5,0.5384615384615384,0.875,0.2833333333333333,0.5667125,0.6666666666666666,0.7,5.194805194805195,5.194805194805195,0.09302325581395349,0,0
"Barrett, Quickley, Barnes, Robinson, Dick","TOR",4,35,0,69,117.3913043478261,21.73913043478261,56.52173913043478,0.38461538461538464,15.942028985507246,30.434782608695652,0.5238095238095238,0.5238095238095238,26.08695652173913,20.28985507246377,23.18840579710145,43.47826086956522,4.3478260869565215,0.4666666666666667,0.5384615384615384,0.9090909090909091,0.35,0.527045,0.525,0.5797101449275363,5.797101449275362,2.898550724637681,0.05128205128205128,0,0
"Wright, Portis, Trent Jr., Green, Antetokounmpo","MIL",7,35,-1.99195171026156,71,139.43661971830986,28.169014084507044,43.66197183098591,0.6451612903225806,21.12676056338028,39.436619718309856,0.5357142857142857,0.5357142857142857,19.718309859154928,16.901408450704224,39.436619718309856,63.38028169014085,0,0.3,0.3,1,0.4745762711864407,0.5285389830508475,0.7203389830508474,0.7279411764705882,0,0,0,0,0
"Powell, Dunn, Zubac, Batum, Harden","LAC",10,35,28.144144144144136,75,117.33333333333333,28,41.333333333333336,0.6774193548387096,17.333333333333332,44,0.3939393939393939,0.3939393939393939,9.333333333333334,32,24,32,20,0.5714285714285714,0.6,0.6153846153846154,0.515625,0.5441609375,0.6328125,0.6470588235294118,2.6666666666666665,4,0.0967741935483871,0,0
"Simons, Ayton, Henderson, Camara, Grant","POR",12,35,-46.28378378378379,74,66.21621621621621,14.864864864864865,50,0.2972972972972973,8.108108108108109,33.78378378378378,0.24,0.24,12.162162162162161,10.81081081081081,18.91891891891892,20.27027027027027,4.054054054054054,0.36363636363636365,0.6666666666666666,0.8333333333333334,0.4032258064516129,0.5350795081967213,0.3225806451612903,0.3582089552238806,13.513513513513514,6.756756756756757,0.13513513513513514,0,0
"Collins, White, Jones, Giddey, Buzelis","CHI",5,35,-32.9192546583851,69,95.65217391304348,23.18840579710145,57.971014492753625,0.4,11.594202898550725,43.47826086956522,0.26666666666666666,0.26666666666666666,14.492753623188406,26.08695652173913,20.28985507246377,34.78260869565217,0,0.5625,0.6,1,0.42857142857142855,0.5730999999999999,0.4,0.44,2.898550724637681,7.246376811594203,0.125,0,0
"Reid, Edwards, McDaniels, Clark, Conley","MIN",5,35,-24.099378881987576,69,113.04347826086956,18.840579710144926,47.82608695652174,0.3939393939393939,21.73913043478261,50.72463768115942,0.42857142857142855,0.42857142857142855,10.144927536231885,17.391304347826086,20.28985507246377,43.47826086956522,21.73913043478261,0.46153846153846156,0.5454545454545454,0.6666666666666666,0.5147058823529411,0.5348264705882353,0.5220588235294118,0.5492957746478874,5.797101449275362,7.246376811594203,0.15151515151515152,0,0
"Jones, Booker, Dunn, Beal, Plumlee","PHX",7,35,9.128271685052994,67,114.92537313432835,31.34328358208955,55.223880597014926,0.5675675675675675,13.432835820895523,32.83582089552239,0.4090909090909091,0.4090909090909091,11.940298507462687,32.83582089552239,29.850746268656717,40.298507462686565,0,0.5238095238095238,0.55,1,0.3728813559322034,0.525064406779661,0.5847457627118644,0.6111111111111112,2.985074626865672,5.970149253731344,0.10810810810810811,0,0
"Jackson Jr., Clarke, Aldama, Pippen Jr., Wells","MEM",6,35,27.397260273972606,73,126.02739726027397,41.0958904109589,68.4931506849315,0.6,6.8493150684931505,28.767123287671232,0.23809523809523808,0.23809523809523808,23.28767123287671,41.0958904109589,41.0958904109589,20.54794520547945,0,0.5,0.5769230769230769,1,0.29577464788732394,0.5518345070422536,0.528169014084507,0.5759493670886076,10.95890410958904,6.8493150684931505,0.1,0,0
"Simons, Ayton, Avdija, Henderson, Grant","POR",9,35,-2.941176470588232,68,114.70588235294117,26.470588235294116,48.529411764705884,0.5454545454545454,14.705882352941176,45.588235294117645,0.3225806451612903,0.3333333333333333,17.647058823529413,32.35294117647059,20.58823529411765,30.88235294117647,13.235294117647058,0.6111111111111112,0.7333333333333333,0.7,0.484375,0.5396134920634921,0.515625,0.5342465753424658,8.823529411764707,1.4705882352941178,0.030303030303030304,1.4705882352941178,0.03225806451612903
"Beasley, Stewart, Fontecchio, Harris, Schröder","DET",15,35,35.72418572418573,74,121.62162162162163,32.432432432432435,51.351351351351354,0.631578947368421,16.216216216216218,39.189189189189186,0.41379310344827586,0.41379310344827586,8.108108108108109,35.13513513513514,29.72972972972973,36.486486486486484,12.162162162162161,0.5416666666666666,0.5909090909090909,0.75,0.43283582089552236,0.5173402985074627,0.6268656716417911,0.6428571428571429,5.405405405405405,4.054054054054054,0.07894736842105263,1.3513513513513513,0.034482758620689655
"Bridges, Green, Williams, Smith Jr., Micić","CHA",5,35,-5.805100875523422,74,104.05405405405405,29.72972972972973,74.32432432432432,0.4,8.108108108108109,16.216216216216218,0.5,0.5,20.27027027027027,35.13513513513514,24.324324324324323,20.27027027027027,4.054054054054054,0.5909090909090909,0.7647058823529411,0.8333333333333334,0.1791044776119403,0.5191619402985075,0.4626865671641791,0.5202702702702703,13.513513513513514,0,0,0,0
"Markkanen, Collins, Kessler, George, Clarkson","UTA",5,35,-21.819819819819813,75,114.66666666666667,21.333333333333332,48,0.4444444444444444,20,41.333333333333336,0.4838709677419355,0.5,12,21.333333333333332,21.333333333333332,56,4,0.5,0.6153846153846154,0.9333333333333333,0.4626865671641791,0.5087742424242424,0.5746268656716418,0.5733333333333334,8,9.333333333333334,0.19444444444444445,0,0
"Young, Okongwu, Krejčí, Johnson, Daniels","ATL",4,35,-14.802130898021304,72,119.44444444444444,33.333333333333336,61.111111111111114,0.5454545454545454,12.5,26.38888888888889,0.47368421052631576,0.47368421052631576,15.277777777777779,47.22222222222222,19.444444444444443,29.166666666666668,8.333333333333334,0.7083333333333334,0.7727272727272727,0.7777777777777778,0.30158730158730157,0.6220960317460318,0.5952380952380952,0.6323529411764706,5.555555555555555,6.944444444444445,0.11363636363636363,0,0
"Jones, Booker, O'Neale, Dunn, Nurkić","PHX",4,34,-21.621621621621628,74,93.24324324324324,17.56756756756757,44.5945945945946,0.3939393939393939,16.216216216216218,60.810810810810814,0.26666666666666666,0.26666666666666666,9.45945945945946,21.62162162162162,13.513513513513514,44.5945945945946,4.054054054054054,0.6153846153846154,0.7272727272727273,0.9166666666666666,0.5769230769230769,0.558023717948718,0.3974358974358974,0.42073170731707316,5.405405405405405,6.756756756756757,0.15151515151515152,1.3513513513513513,0.022222222222222223
"Kuminga, Jackson-Davis, Curry, Green, Wiggins","GSW",3,34,-8.73180873180874,78,111.53846153846153,25.641025641025642,44.87179487179487,0.5714285714285714,15.384615384615385,41.02564102564103,0.375,0.375,14.102564102564102,23.076923076923077,28.205128205128204,38.46153846153846,7.6923076923076925,0.45,0.5625,0.8333333333333334,0.47761194029850745,0.5568485074626865,0.5671641791044776,0.5958904109589042,10.256410256410257,5.128205128205129,0.11428571428571428,0,0
"Caruso, Wiggins, Holmgren, Williams, Wallace","OKC",5,34,54.52151009657595,68,147.05882352941177,50,79.41176470588235,0.6296296296296297,10.294117647058824,26.470588235294116,0.3888888888888889,0.3888888888888889,16.176470588235293,50,50,30.88235294117647,0,0.5,0.5666666666666667,1,0.25,0.5433534722222223,0.6180555555555556,0.6428571428571429,11.764705882352942,7.352941176470588,0.09259259259259259,0,0
"Simons, Avdija, Henderson, Murray, Clingan","POR",9,34,-3.0780780780780788,74,110.8108108108108,36.486486486486484,55.4054054054054,0.6585365853658537,9.45945945945946,33.78378378378378,0.28,0.28,9.45945945945946,48.648648648648646,24.324324324324323,20.27027027027027,8.108108108108109,0.6666666666666666,0.6666666666666666,0.7142857142857143,0.3787878787878788,0.5627113636363636,0.5681818181818182,0.5774647887323944,0,5.405405405405405,0.0975609756097561,0,0
"Siakam, Toppin, Haliburton, Mathurin, McConnell","IND",16,34,12.757437070938224,76,117.10526315789474,34.21052631578947,52.63157894736842,0.65,11.842105263157896,39.473684210526315,0.3,0.3103448275862069,13.157894736842104,42.10526315789474,26.31578947368421,19.736842105263158,15.789473684210526,0.6153846153846154,0.6666666666666666,0.5555555555555556,0.42857142857142855,0.5213992753623189,0.5642857142857143,0.5723684210526315,5.2631578947368425,2.6315789473684212,0.05,0,0
"Queen, Houstan, Black, Howard, da Silva","ORL",8,34,-9.064969271290593,67,83.58208955223881,19.402985074626866,35.82089552238806,0.5416666666666666,8.955223880597014,47.76119402985075,0.1875,0.1875,17.91044776119403,23.880597014925375,14.925373134328359,17.91044776119403,8.955223880597014,0.6153846153846154,0.6153846153846154,0.6666666666666666,0.5714285714285714,0.5008080357142857,0.39285714285714285,0.45161290322580644,0,2.985074626865672,0.08333333333333333,0,0
"Champagnie, Sarr, Carrington, George, Johnson","WAS",3,34,-21.08651911468813,70,102.85714285714286,21.428571428571427,50,0.42857142857142855,14.285714285714286,40,0.35714285714285715,0.35714285714285715,17.142857142857142,28.571428571428573,14.285714285714286,38.57142857142857,4.285714285714286,0.6666666666666666,0.7142857142857143,0.9,0.4444444444444444,0.5343161290322581,0.47619047619047616,0.5142857142857142,2.857142857142857,7.142857142857143,0.14285714285714285,0,0
"Beasley, Stewart, Cunningham, Ivey, Harris","DET",13,34,-21.001367053998635,76,82.89473684210526,25,52.63157894736842,0.475,7.894736842105263,30.263157894736842,0.2608695652173913,0.2727272727272727,9.210526315789474,15.789473684210526,34.21052631578947,19.736842105263158,3.9473684210526314,0.3157894736842105,0.375,0.8333333333333334,0.36507936507936506,0.5330322580645162,0.4444444444444444,0.4632352941176471,7.894736842105263,6.578947368421052,0.125,0,0
"Sabonis, Monk, Murray, Ellis, LaVine","SAC",9,34,32.108869432813094,71,125.35211267605634,33.80281690140845,56.33802816901409,0.6,12.67605633802817,29.577464788732396,0.42857142857142855,0.42857142857142855,19.718309859154928,47.88732394366197,19.718309859154928,33.80281690140845,4.225352112676056,0.7083333333333334,0.7391304347826086,0.8888888888888888,0.3442622950819672,0.5195614754098361,0.6147540983606558,0.644927536231884,2.816901408450704,5.633802816901408,0.1,0,0
"Oubre Jr., Martin, Maxey, Gordon, Drummond","PHI",6,34,-17.348678601875534,68,102.94117647058823,35.294117647058826,67.6470588235294,0.5217391304347826,2.9411764705882355,25,0.11764705882352941,0.125,23.529411764705884,23.529411764705884,47.05882352941177,4.411764705882353,4.411764705882353,0.3333333333333333,0.38095238095238093,0.5,0.2698412698412698,0.5093629032258065,0.42857142857142855,0.4861111111111111,8.823529411764707,1.4705882352941178,0.021739130434782608,0,0
"Isaac, Bitadze, Wagner, Black, da Silva","ORL",6,34,-15.522388059701498,67,104.4776119402985,31.34328358208955,73.13432835820896,0.42857142857142855,7.462686567164179,25.37313432835821,0.29411764705882354,0.29411764705882354,19.402985074626866,41.791044776119406,20.895522388059703,22.388059701492537,0,0.6666666666666666,0.8235294117647058,1,0.25757575757575757,0.5395507575757575,0.4318181818181818,0.47297297297297297,11.940298507462687,7.462686567164179,0.10204081632653061,1.492537313432836,0.058823529411764705
"Washington, Gafford, Marshall, Thompson, Dinwiddie","DAL",8,34,-19.09633418584825,69,98.55072463768116,36.231884057971016,57.971014492753625,0.625,5.797101449275362,34.78260869565217,0.16666666666666666,0.16666666666666666,8.695652173913043,52.17391304347826,20.28985507246377,13.043478260869565,4.3478260869565215,0.72,0.782608695652174,0.75,0.375,0.57720078125,0.484375,0.5074626865671642,5.797101449275362,4.3478260869565215,0.075,1.4492753623188406,0.041666666666666664
"Brown, Tatum, White, Queta, Horford","BOS",5,34,-8.319327731092429,68,108.82352941176471,17.647058823529413,38.23529411764706,0.46153846153846156,16.176470588235293,48.529411764705884,0.3333333333333333,0.3333333333333333,25,11.764705882352942,23.529411764705884,39.705882352941174,8.823529411764707,0.3333333333333333,0.36363636363636365,0.8181818181818182,0.559322033898305,0.522571186440678,0.4830508474576271,0.5362318840579711,2.9411764705882355,2.9411764705882355,0.07692307692307693,0,0
"Jackson Jr., Morant, Aldama, Edey, Wells","MEM",4,34,23.325722983257222,73,120.54794520547945,41.0958904109589,67.12328767123287,0.6122448979591837,9.58904109589041,27.397260273972602,0.35,0.35,9.58904109589041,41.0958904109589,41.0958904109589,20.54794520547945,8.219178082191782,0.5,0.5555555555555556,0.7142857142857143,0.2898550724637681,0.5939463768115942,0.5869565217391305,0.6111111111111112,8.219178082191782,1.36986301369863,0.02040816326530612,0,0
"Barrett, Barnes, Robinson, Walter, Shead","TOR",5,34,12.388059701492537,67,122.38805970149254,31.34328358208955,77.61194029850746,0.40384615384615385,14.925373134328359,28.35820895522388,0.5263157894736842,0.5263157894736842,14.925373134328359,44.776119402985074,17.91044776119403,44.776119402985074,0,0.7142857142857143,0.8823529411764706,1,0.2676056338028169,0.5553485915492957,0.5070422535211268,0.5189873417721519,11.940298507462687,11.940298507462687,0.15384615384615385,0,0
"Sexton, Kessler, Williams, Collier, Filipowski","UTA",5,34,-39.376876876876864,72,93.05555555555556,19.444444444444443,37.5,0.5185185185185185,15.277777777777779,47.22222222222222,0.3235294117647059,0.3235294117647059,8.333333333333334,16.666666666666668,22.22222222222222,41.666666666666664,4.166666666666667,0.42857142857142855,0.5,0.9090909090909091,0.5573770491803278,0.5543617021276596,0.5,0.5234375,5.555555555555555,5.555555555555555,0.14814814814814814,1.3888888888888888,0.029411764705882353
"LeVert, Niang, Allen, Strus, Garland","CLE",11,33,-30.11796042617962,72,101.38888888888889,26.38888888888889,54.166666666666664,0.48717948717948717,12.5,37.5,0.3333333333333333,0.3333333333333333,11.11111111111111,38.888888888888886,13.88888888888889,25,12.5,0.7368421052631579,0.8235294117647058,0.6666666666666666,0.4090909090909091,0.5673712121212121,0.49242424242424243,0.5142857142857142,5.555555555555555,5.555555555555555,0.10256410256410256,0,0
"Collins, White, Williams, Terry, Phillips","CHI",10,33,-1.4239365537130482,73,97.26027397260275,23.28767123287671,38.35616438356164,0.6071428571428571,8.219178082191782,39.726027397260275,0.20689655172413793,0.21428571428571427,26.027397260273972,19.17808219178082,27.397260273972602,20.54794520547945,4.109589041095891,0.4117647058823529,0.4666666666666667,0.8333333333333334,0.5087719298245614,0.5315955357142857,0.45614035087719296,0.5144927536231884,5.47945205479452,5.47945205479452,0.14285714285714285,0,0
"Murray, Braun, Watson, Westbrook, Jokić","DEN",15,33,10.579710144927532,69,140.57971014492753,39.130434782608695,66.66666666666667,0.5869565217391305,14.492753623188406,28.985507246376812,0.5,0.5,18.840579710144926,31.884057971014492,46.3768115942029,39.130434782608695,4.3478260869565215,0.4074074074074074,0.4583333333333333,0.9,0.30303030303030304,0.5622121212121213,0.6363636363636364,0.6466666666666666,8.695652173913043,4.3478260869565215,0.06521739130434782,0,0
"Markkanen, Collins, Sexton, Kessler, Collier","UTA",5,33,28.293650793650798,70,118.57142857142857,31.428571428571427,48.57142857142857,0.6470588235294118,14.285714285714286,34.285714285714285,0.4166666666666667,0.4166666666666667,12.857142857142858,34.285714285714285,28.571428571428573,30,12.857142857142858,0.5454545454545454,0.5714285714285714,0.7,0.41379310344827586,0.537,0.6379310344827587,0.6612903225806451,2.857142857142857,8.571428571428571,0.17647058823529413,0,0
"Simons, Avdija, Henderson, Camara, Clingan","POR",13,33,2.8174603174603163,72,101.38888888888889,22.22222222222222,47.22222222222222,0.47058823529411764,13.88888888888889,37.5,0.37037037037037035,0.37037037037037035,15.277777777777779,22.22222222222222,22.22222222222222,37.5,4.166666666666667,0.5,0.5,0.9,0.4426229508196721,0.5363352459016394,0.5081967213114754,0.5367647058823529,0,6.944444444444445,0.14705882352941177,0,0
"LeVert, Allen, Strus, Garland, Wade","CLE",10,33,23.268645357686452,73,124.65753424657534,24.65753424657534,38.35616438356164,0.6428571428571429,20.54794520547945,46.57534246575342,0.4411764705882353,0.4411764705882353,13.698630136986301,35.61643835616438,13.698630136986301,57.534246575342465,4.109589041095891,0.7222222222222222,0.7647058823529411,0.9333333333333333,0.5483870967741935,0.580083064516129,0.6532258064516129,0.6691176470588235,2.73972602739726,1.36986301369863,0.03571428571428571,1.36986301369863,0.029411764705882353
"Ball, White, Williams, Vučević, LaVine","CHI",7,33,29.22705314009663,69,134.7826086956522,23.18840579710145,43.47826086956522,0.5333333333333333,23.18840579710145,43.47826086956522,0.5333333333333333,0.5333333333333333,18.840579710144926,28.985507246376812,17.391304347826086,60.869565217391305,8.695652173913043,0.625,0.625,0.875,0.5,0.5456175000000001,0.6666666666666666,0.7045454545454546,0,2.898550724637681,0.06666666666666667,0,0
"Allen, Garland, Jerome, Wade, Okoro","CLE",12,33,1.904761904761898,70,118.57142857142857,34.285714285714285,57.142857142857146,0.6,10,25.714285714285715,0.3888888888888889,0.3888888888888889,20,28.571428571428573,40,30,0,0.4166666666666667,0.43478260869565216,1,0.3103448275862069,0.5631275862068965,0.5948275862068966,0.6287878787878788,2.857142857142857,5.714285714285714,0.1,0,0
"Beasley, Cunningham, Duren, Fontecchio, Harris","DET",14,33,43.78624689312343,71,140.8450704225352,42.25352112676056,61.971830985915496,0.6818181818181818,12.67605633802817,28.169014084507044,0.45,0.45,18.309859154929576,53.521126760563384,30.985915492957748,33.80281690140845,4.225352112676056,0.6333333333333333,0.6551724137931034,0.8888888888888888,0.3125,0.5354453125,0.6796875,0.7,2.816901408450704,4.225352112676056,0.06818181818181818,0,0
"Kuzma, Kispert, Coulibaly, Sarr, Carrington","WAS",10,33,-26.470588235294116,68,100,23.529411764705884,42.64705882352941,0.5517241379310345,13.235294117647058,36.76470588235294,0.36,0.36,13.235294117647058,20.58823529411765,26.470588235294116,30.88235294117647,8.823529411764707,0.4375,0.5,0.7777777777777778,0.46296296296296297,0.5239388888888888,0.5462962962962963,0.576271186440678,5.882352941176471,1.4705882352941178,0.034482758620689655,0,0
"Beasley, Cunningham, Duren, Harris, Schröder","DET",10,32,0.8962623951182422,76,119.73684210526316,34.21052631578947,56.578947368421055,0.6046511627906976,6.578947368421052,23.68421052631579,0.2777777777777778,0.2777777777777778,31.57894736842105,21.05263157894737,47.36842105263158,19.736842105263158,0,0.3076923076923077,0.3333333333333333,1,0.29508196721311475,0.5170549180327869,0.5491803278688525,0.625,5.2631578947368425,7.894736842105263,0.13953488372093023,0,0
"Markkanen, Collins, Kessler, Collier, Clarkson","UTA",4,32,-12.857142857142847,70,104.28571428571429,28.571428571428573,48.57142857142857,0.5882352941176471,12.857142857142858,40,0.32142857142857145,0.32142857142857145,8.571428571428571,34.285714285714285,22.857142857142858,25.714285714285715,12.857142857142858,0.6,0.631578947368421,0.6666666666666666,0.45161290322580644,0.516708064516129,0.5403225806451613,0.5615384615384615,2.857142857142857,2.857142857142857,0.058823529411764705,0,0
"Jackson Jr., Bane, Aldama, Pippen Jr., Wells","MEM",6,32,-12.148337595907947,69,123.18840579710145,17.391304347826086,39.130434782608695,0.4444444444444444,24.63768115942029,46.3768115942029,0.53125,0.53125,14.492753623188406,17.391304347826086,17.391304347826086,69.56521739130434,4.3478260869565215,0.5,0.6,0.9411764705882353,0.5423728813559322,0.5529916666666667,0.635593220338983,0.6538461538461539,5.797101449275362,2.898550724637681,0.07407407407407407,0,0
"Finney-Smith, Dončić, Vincent, Hayes, Reaves","LAL",10,32,55.467720685112,69,146.3768115942029,23.18840579710145,39.130434782608695,0.5925925925925926,26.08695652173913,53.6231884057971,0.4864864864864865,0.4864864864864865,21.73913043478261,17.391304347826086,28.985507246376812,60.869565217391305,17.391304347826086,0.375,0.375,0.7777777777777778,0.578125,0.545515625,0.671875,0.7112676056338029,0,2.898550724637681,0.07407407407407407,0,0
"Brogdon, Champagnie, Coulibaly, Sarr, Carrington","WAS",6,32,-2.2576636288318213,68,113.23529411764706,25,52.94117647058823,0.4722222222222222,16.176470588235293,30.88235294117647,0.5238095238095238,0.5238095238095238,14.705882352941176,32.35294117647059,17.647058823529413,39.705882352941174,8.823529411764707,0.6470588235294118,0.7333333333333333,0.8181818181818182,0.3684210526315789,0.5112491228070176,0.5877192982456141,0.6111111111111112,5.882352941176471,1.4705882352941178,0.027777777777777776,0,0
"Young, Hunter, Daniels, Capela, Bogdanović","ATL",14,32,23.69140214420854,71,128.16901408450704,22.535211267605632,38.028169014084504,0.5925925925925926,23.943661971830984,50.70422535211268,0.4722222222222222,0.4722222222222222,11.267605633802816,25.35211267605634,19.718309859154928,54.929577464788736,16.901408450704224,0.5625,0.6,0.7647058823529411,0.5714285714285714,0.556620634920635,0.6587301587301587,0.6691176470588235,2.816901408450704,2.816901408450704,0.07407407407407407,0,0
"Bridges, Martin, Ball, Richards, Curry","CHA",5,32,-6.01341120484534,69,101.44927536231884,26.08695652173913,52.17391304347826,0.5,11.594202898550725,34.78260869565217,0.3333333333333333,0.3333333333333333,14.492753623188406,23.18840579710145,28.985507246376812,21.73913043478261,13.043478260869565,0.4444444444444444,0.5,0.625,0.4,0.5381758333333334,0.5,0.5384615384615384,5.797101449275362,8.695652173913043,0.16666666666666666,0,0
"Springer, Juzang, George, Sensabaugh, Filipowski","UTA",4,32,-8.972719522591646,69,110.14492753623189,21.73913043478261,43.47826086956522,0.5,18.840579710144926,46.3768115942029,0.40625,0.40625,10.144927536231885,26.08695652173913,17.391304347826086,43.47826086956522,13.043478260869565,0.6,0.75,0.7692307692307693,0.5161290322580645,0.5154,0.5564516129032258,0.5757575757575758,8.695652173913043,2.898550724637681,0.06666666666666667,0,0
"Young, Okongwu, Daniels, Barlow, Risacher","ATL",3,32,5.569358178053818,70,115.71428571428571,34.285714285714285,62.857142857142854,0.5454545454545454,10,31.428571428571427,0.3181818181818182,0.3181818181818182,17.142857142857142,42.857142857142854,25.714285714285715,17.142857142857142,12.857142857142858,0.625,0.7894736842105263,0.5714285714285714,0.3333333333333333,0.5816037878787879,0.5227272727272727,0.5547945205479452,14.285714285714286,4.285714285714286,0.06818181818181818,0,0
"Robinson-Earl, Brooks Jr., Matković, Reeves, Payton","NOP",6,32,13.778931429807486,67,125.3731343283582,29.850746268656717,46.26865671641791,0.6451612903225806,20.895522388059703,40.298507462686565,0.5185185185185185,0.5185185185185185,2.985074626865672,35.82089552238806,23.880597014925375,62.6865671641791,0,0.6,0.631578947368421,1,0.46551724137931033,0.5645594827586207,0.7068965517241379,0.6885245901639344,2.985074626865672,1.492537313432836,0.03225806451612903,0,0
"Rozier, Christopher, Jaquez Jr., Johnson, Anderson","MIA",2,32,6.944444444444443,72,120.83333333333333,40.27777777777778,66.66666666666667,0.6041666666666666,8.333333333333334,27.77777777777778,0.3,0.3,15.277777777777779,33.333333333333336,47.22222222222222,25,0,0.41379310344827586,0.4444444444444444,1,0.29411764705882354,0.5728191176470588,0.5588235294117647,0.5958904109589042,5.555555555555555,4.166666666666667,0.0625,0,0
"Turner, Siakam, Nembhard, Mathurin, Sheppard","IND",7,32,13.608428446005263,67,125.3731343283582,40.298507462686565,58.208955223880594,0.6923076923076923,10.447761194029852,28.35820895522388,0.3684210526315789,0.3684210526315789,13.432835820895523,50.74626865671642,29.850746268656717,31.34328358208955,0,0.6296296296296297,0.6538461538461539,1,0.3275862068965517,0.5377913793103448,0.646551724137931,0.680327868852459,2.985074626865672,4.477611940298507,0.07692307692307693,0,0
"Young, Hunter, Okongwu, Johnson, Bogdanović","ATL",10,31,-6.617647058823536,72,112.5,27.77777777777778,51.388888888888886,0.5405405405405406,8.333333333333334,31.944444444444443,0.2608695652173913,0.2727272727272727,31.944444444444443,33.333333333333336,22.22222222222222,16.666666666666668,8.333333333333334,0.6,0.6666666666666666,0.6666666666666666,0.38333333333333336,0.5266076271186441,0.48333333333333334,0.5547945205479452,5.555555555555555,8.333333333333334,0.16216216216216217,1.3888888888888888,0.043478260869565216
"Mitchell, Strus, Hunter, Garland, Mobley","CLE",10,31,-3.748964374482185,71,118.30985915492958,16.901408450704224,26.760563380281692,0.631578947368421,18.309859154929576,43.66197183098591,0.41935483870967744,0.4482758620689655,29.577464788732396,19.718309859154928,14.084507042253522,42.25352112676056,12.67605633802817,0.5833333333333334,0.5833333333333334,0.7692307692307693,0.62,0.5354166666666667,0.63,0.6774193548387096,0,4.225352112676056,0.15789473684210525,0,0
"Nance Jr., Young, Hunter, Mathews, Johnson","ATL",3,31,34.842995169082144,72,131.94444444444446,22.22222222222222,33.333333333333336,0.6666666666666666,16.666666666666668,36.111111111111114,0.46153846153846156,0.46153846153846156,37.5,27.77777777777778,16.666666666666668,45.833333333333336,4.166666666666667,0.625,0.625,0.9166666666666666,0.52,0.5861010204081633,0.68,0.7307692307692307,0,1.3888888888888888,0.041666666666666664,0,0
"Coffey, Mann, Porter Jr., Batum, Harden","LAC",10,31,-49.03742158771361,69,92.7536231884058,18.840579710144926,42.028985507246375,0.4482758620689655,13.043478260869565,50.72463768115942,0.2571428571428571,0.2571428571428571,15.942028985507246,11.594202898550725,26.08695652173913,17.391304347826086,21.73913043478261,0.3076923076923077,0.3333333333333333,0.4444444444444444,0.546875,0.51662421875,0.4140625,0.463768115942029,2.898550724637681,8.695652173913043,0.20689655172413793,0,0
"Markkanen, Sexton, Kessler, George, Clarkson","UTA",6,31,-13.56262167423752,69,104.34782608695652,23.18840579710145,39.130434782608695,0.5925925925925926,8.695652173913043,27.536231884057973,0.3157894736842105,0.3157894736842105,31.884057971014492,17.391304347826086,28.985507246376812,26.08695652173913,0,0.375,0.375,1,0.41304347826086957,0.5549054347826087,0.5434782608695652,0.6339285714285714,0,4.3478260869565215,0.1111111111111111,1.4492753623188406,0.05263157894736842
"Jones, O'Neale, Martin, Ighodaro, Durant","PHX",6,31,19.34548467274233,71,128.16901408450704,23.943661971830984,38.028169014084504,0.6296296296296297,16.901408450704224,47.88732394366197,0.35294117647058826,0.35294117647058826,29.577464788732396,36.61971830985915,11.267605633802816,46.478873239436616,4.225352112676056,0.7647058823529411,0.7647058823529411,0.9166666666666666,0.5573770491803278,0.5151,0.5737704918032787,0.6408450704225352,0,4.225352112676056,0.1111111111111111,1.408450704225352,0.029411764705882353
"Gilgeous-Alexander, Dort, Wiggins, Holmgren, Williams","OKC",6,31,11.98945981554678,66,109.0909090909091,27.272727272727273,54.54545454545455,0.5,10.606060606060606,33.333333333333336,0.3181818181818182,0.3181818181818182,22.727272727272727,21.21212121212121,33.333333333333336,27.272727272727273,4.545454545454546,0.3888888888888889,0.4117647058823529,0.8571428571428571,0.3793103448275862,0.5809405172413793,0.49137931034482757,0.5373134328358209,3.0303030303030303,3.0303030303030303,0.05555555555555555,0,0
"Banton, Walker, Murray, Rupert, Clingan","POR",9,28,2.941176470588232,68,113.23529411764706,30.88235294117647,52.94117647058823,0.5833333333333334,7.352941176470588,23.529411764705884,0.3125,0.3333333333333333,29.41176470588235,23.529411764705884,38.23529411764706,17.647058823529413,4.411764705882353,0.38095238095238093,0.4,0.8,0.3076923076923077,0.5410156862745098,0.5480769230769231,0.6111111111111112,2.9411764705882355,5.882352941176471,0.1111111111111111,1.4705882352941178,0.0625