Slot1_Points,Slot1_Usage,Slot1_EfgPct,Slot1_TsPct,Slot1_Assists,Slot1_AssistPoints,Slot1_Turnovers,Slot1_FTA,Slot1_FG3APct,Slot1_Rebounds,Slot1_DefRebounds,Slot1_Blocks,Slot1_Steals,Slot1_AtRimFrequency,Slot1_AtRimAccuracy,Slot1_Avg2ptShotDistance,Slot1_Avg3ptShotDistance,Slot2_Points,Slot2_Usage,Slot2_EfgPct,Slot2_TsPct,Slot2_Assists,Slot2_AssistPoints,Slot2_Turnovers,Slot2_FTA,Slot2_FG3APct,Slot2_Rebounds,Slot2_DefRebounds,Slot2_Blocks,Slot2_Steals,Slot2_AtRimFrequency,Slot2_AtRimAccuracy,Slot2_Avg2ptShotDistance,Slot2_Avg3ptShotDistance,Slot3_Points,Slot3_Usage,Slot3_EfgPct,Slot3_TsPct,Slot3_Assists,Slot3_AssistPoints,Slot3_Turnovers,Slot3_FTA,Slot3_FG3APct,Slot3_Rebounds,Slot3_DefRebounds,Slot3_Blocks,Slot3_Steals,Slot3_AtRimFrequency,Slot3_AtRimAccuracy,Slot3_Avg2ptShotDistance,Slot3_Avg3ptShotDistance,Slot4_Points,Slot4_Usage,Slot4_EfgPct,Slot4_TsPct,Slot4_Assists,Slot4_AssistPoints,Slot4_Turnovers,Slot4_FTA,Slot4_FG3APct,Slot4_Rebounds,Slot4_DefRebounds,Slot4_Blocks,Slot4_Steals,Slot4_AtRimFrequency,Slot4_AtRimAccuracy,Slot4_Avg2ptShotDistance,Slot4_Avg3ptShotDistance,Slot5_Points,Slot5_Usage,Slot5_EfgPct,Slot5_TsPct,Slot5_Assists,Slot5_AssistPoints,Slot5_Turnovers,Slot5_FTA,Slot5_FG3APct,Slot5_Rebounds,Slot5_DefRebounds,Slot5_Blocks,Slot5_Steals,Slot5_AtRimFrequency,Slot5_AtRimAccuracy,Slot5_Avg2ptShotDistance,Slot5_Avg3ptShotDistance,PlusMinus,Minutes
36.5405405405405,29.5610687022901,0.550833333333333,0.60310021629416,10.2702702702703,23.7189189189189,3.54594594594595,9.68648648648649,0.330833333333333,2.02688055495339,3.47750489024125,0.173875244512063,1.30406433384047,0.188333333333333,0.641592920353982,8.58742216687422,25.6345088161209,18.1018119068162,15.4208447280462,0.578673602080624,0.612018669778296,7.79982743744607,18.8610871440897,2.72648835202761,3.53753235547886,0.327698309492848,6.3468825353083,9.90201134605467,0.464156781846313,2.04572803850782,0.449934980494148,0.708092485549133,4.49419729206963,25.2230158730159,23.7110016420361,19.7140381282496,0.569737954353339,0.585158150851582,5.02463054187192,12.2331691297209,2.16748768472906,1.9376026272578,0.391377852916314,2.12155963302752,3.07289964040536,0.70284406668846,1.2258908139915,0.202874049027895,0.758333333333333,7.91680555555556,25.2822510822511,24.4325521313896,19.8669047232592,0.557673509286413,0.589572192513369,3.02638863258904,7.23380697545673,1.8822661007566,4.17051116442148,0.449657869012708,3.30380214101144,4.81816503599779,1.19992615839025,2.03064426804504,0.376344086021505,0.654545454545455,4.52326820603908,24.656455142232,34.4429214803211,27.2160664819945,0.584362139917696,0.633598841419261,4.30781280595261,9.57509300959467,3.75954572155865,8.00861562561191,0.278189300411523,9.04176904176904,13.9700078926598,0.986582478295186,1.40094711917916,0.420576131687243,0.669275929549902,4.73192702394527,26.4547337278107,3.0790548530959683,940
16.5434906196703,14.4466700050075,0.53525641025641,0.567729083665339,9.06765207504264,21.6031836270608,2.13189312109153,2.55827174530984,0.662393162393162,2.59814418272662,4.30169199885288,0.401491253226269,2.26555778606252,0.11965811965812,0.535714285714286,7.8120253164557,25.2616129032258,37.5150784077202,31.3552891182273,0.546526054590571,0.594557449147883,6.18645528175082,15.3024297777012,4.29088402550405,8.54730311907634,0.503101736972705,3.8816527214698495,6.71848013816926,0.880829015544042,1.57167530224525,0.221464019851117,0.633053221288515,7.66042446941323,25.9474722564735,19.1168036704263,16.3937165775401,0.537170263788969,0.562570462232244,3.11603899827949,7.72318868285223,1.8160963486905,2.44695086981457,0.363309352517986,4.48870675688554,6.4804256936526,1.40630938806537,2.09045990117826,0.298561151079137,0.706827309236948,6.06817325800377,24.5356435643564,28.8272157564906,25.3152088258471,0.542066027689031,0.591368227731864,7.22918531781558,18.3751119068935,4.38675022381379,7.49776186213071,0.334398296059638,5.45169595880443,7.68197088465846,0.358342665173572,1.05263157894737,0.312034078807242,0.703071672354949,6.00208,25.1821656050955,18.1475272422464,13.2054794520548,0.668627450980392,0.681889763779528,2.66135792120704,6.85247275775356,1.8650461022632,5.720871751886,0.0,8.23109992660166,10.912906610703,2.18258132214061,1.17523609653725,0.835294117647059,0.755868544600939,2.35823529411765,0.0,2.6137147366106888,714
35.8542319749216,33.0060292850991,0.520590253946465,0.562732919254658,12.5,29.6042319749216,6.05407523510972,7.24921630094044,0.286890871654084,4.17485265225933,7.26950354609929,1.0441292356186,1.39873916469661,0.247083047357584,0.572222222222222,7.05553416746872,26.4557416267943,19.0347316193054,15.4684095860566,0.529411764705882,0.570844686648501,2.77401894451962,6.58547586829048,1.08254397834912,3.2701849345963,0.672058823529412,2.06966749604162,3.7431941923775,0.158802177858439,0.862068965517241,0.107352941176471,0.684931506849315,9.06726457399103,25.5833698030635,21.5272727272727,19.046114971573,0.545751633986928,0.562977099236641,4.87272727272727,12.0,2.90909090909091,5.16363636363636,0.106753812636166,5.47524394651247,6.89655172413793,1.4367816091954,3.52011494252874,0.610021786492375,0.671428571428571,3.34121951219512,28.5479166666667,21.0283315844701,17.7110210099521,0.533540372670808,0.570205479452055,3.39979013641133,8.3105981112277,1.78384050367261,3.48373557187828,0.327950310559006,4.53638559277539,7.71332492643968,1.19798234552333,1.55527532576713,0.216149068322981,0.741379310344828,7.47042513863216,24.6606870229008,21.8779790276454,16.4235097957482,0.692307692307692,0.70398773006135,4.95710200190658,11.3918017159199,3.24118207816969,5.767397521449,0.0,9.60371295965726,12.5980508676016,2.11552174946518,1.28357499405752,0.785714285714286,0.734265734265734,2.51684981684982,0.0,5.601475729546365,491
19.872851424535,17.9339171974522,0.482872200263505,0.511627906976744,7.84082882034377,18.4600894749235,2.04850482693666,3.20226041911938,0.60737812911726,2.6061320754717,4.4649184975194895,0.590597684857075,2.2206472950626,0.121212121212121,0.5,10.15,26.7431670281996,31.2420670897552,27.3160239668152,0.504523312456507,0.543381887270424,5.11332728921124,12.1305530371714,3.68087035358114,6.09247506799637,0.459986082115518,3.42883128694861,6.05839416058394,0.492700729927007,1.2956204379562,0.240083507306889,0.643478260869565,7.95309278350516,26.1428139183056,21.7651922281935,17.9743724767421,0.532960893854749,0.55421052631579,2.64572137246796,6.32492765605622,1.57089706490285,2.52170318313353,0.524022346368715,2.83585179051956,4.12520729684909,0.33167495854063,1.24378109452736,0.154189944134078,0.550724637681159,8.3981220657277,25.4429487179487,19.9599656848728,16.4544799423493,0.524734982332155,0.560192616372392,1.71575636259651,4.28939090649128,1.77294824134973,3.603088361452672,0.489399293286219,5.71918787532171,8.43580211609952,1.17243351444095,0.714898484415213,0.217314487632509,0.650406504065041,7.48754325259516,25.3496350364964,29.7457974579746,26.5380604796663,0.505249343832021,0.543445692883895,7.62607626076261,18.7576875768758,3.9770397703977,8.77408774087741,0.0787401574803149,8.11674917491749,10.8966376089664,1.26608551266086,1.74346201743462,0.416447944006999,0.651260504201681,5.89078822412156,26.1224719101124,4.01010101010101,450
26.7361794216014,21.502313990744,0.581510934393638,0.610502283105023,13.240212472949,31.7529018296282,2.36081054495377,4.36749950816447,0.558648111332008,2.54865158549837,4.28571428571429,0.972222222222222,2.08333333333333,0.129224652087475,0.715384615384615,9.34977477477478,27.1811387900356,16.8082368082368,16.6939826738469,0.50556586270872,0.54242928452579,8.39124839124839,19.97425997426,2.88288288288288,3.5006435006435,0.324675324675325,2.77706351247107,4.67505779604418,0.282558438222451,2.02928332905215,0.215213358070501,0.698275862068966,9.35302197802198,26.5182857142857,26.0419013291282,22.9647630619684,0.515826494724502,0.574425574425574,3.06375309754449,7.36652399189007,3.04122550123902,7.47916197341744,0.337631887456038,4.30433805349517,6.63825969948419,0.538237272931151,1.0540479928235,0.343493552168816,0.614334470989761,6.48371681415929,26.24375,30.0800609988563,24.5305770887166,0.571912013536379,0.599544072948328,5.01334349980938,12.1044605413649,2.07777354174609,5.87113991612657,0.274111675126904,5.13894175866007,7.73470163435956,0.798175598631699,1.33029266438617,0.285109983079526,0.732937685459941,7.48135198135198,25.4586419753086,25.1798561151079,21.2517897320515,0.577065351418002,0.610021786492375,2.4955035971223,5.64298561151079,2.76528776978417,5.35071942446043,0.485819975339088,5.29213483146067,8.55795148247979,3.2345013477089,1.21293800539084,0.228113440197287,0.691891891891892,6.76882494004796,26.2195431472081,12.03506827228297,435
31.2955812955813,28.0751708428246,0.514187446259673,0.558575803981623,8.40840840840841,20.2702702702703,3.73230373230373,6.82110682110682,0.327601031814273,3.20292347377472,5.2563550193882,0.53856096510125,1.96036191296855,0.205503009458298,0.669456066945607,8.68734015345269,25.8590551181102,26.2206572769953,24.1742361684558,0.512779552715655,0.547783251231527,8.49765258215962,19.7652582159624,3.73239436619718,4.17840375586855,0.45580404685836,2.87998119195956,5.06239698610784,0.894749234753944,1.43630798210502,0.193823216187433,0.615384615384615,7.35714285714286,26.3570093457944,30.2815654329733,24.9490036089754,0.509174311926605,0.567631224764468,6.05631308659465,15.2824508588631,1.85939436869134,7.80945634850363,0.195718654434251,2.64818270683373,4.42383160899037,0.570816981805209,1.10595790224759,0.091743119266055,0.716666666666667,12.6577946768061,26.3854901960784,17.6934635612322,15.1333333333333,0.537804878048781,0.555424528301887,2.0473328324568,4.95867768595041,1.12697220135237,1.35236664162284,0.547560975609756,4.75654376583169,6.76663542642924,1.2933458294283,1.14339268978444,0.189024390243902,0.774193548387097,6.69164420485175,25.9233707865169,26.8581759742869,21.6619318181818,0.626539753639418,0.65603532875368,8.49738850944154,20.148654077943,4.05785456006428,5.80554439533949,0.174692049272116,9.78359335681933,14.2223118821868,0.524510792818237,0.968327617510591,0.522956326987682,0.69593147751606,4.36689280868385,25.9711538461538,0.3061009843105182,431
28.8701246481705,24.0652135388978,0.543264942016057,0.579656862745098,8.10213108162445,19.2601527945316,2.77442702050663,4.94571773220748,0.354148082069581,2.63608008854009,4.3705941591138,0.664652567975831,1.83282980866062,0.189116859946476,0.641509433962264,9.79406077348066,26.0682619647355,22.0852221214869,15.9327461969576,0.633982947624848,0.666301969365427,3.71713508612874,8.73980054397099,1.4687216681777,3.88032638259293,0.272838002436054,3.71074305367002,5.63787495482472,0.668594145283701,1.53595952294904,0.517661388550548,0.717647058823529,4.05276381909548,25.325,26.0383684112498,20.2260072060269,0.595896946564886,0.61660777385159,3.07319798845223,7.15216986403427,1.93704600484262,3.6133358167256495,0.466603053435115,5.02793296089386,7.4846397318935,0.707503258238689,0.930925339787749,0.278625954198473,0.73972602739726,7.01520572450805,26.1333333333333,24.8504983388704,19.078368065747,0.606639839034205,0.648180242634315,5.4485049833887,12.6910299003322,2.42524916943522,5.9468438538206,0.346076458752515,4.11186948560013,5.57223890557224,0.467133800467134,0.767434100767434,0.426559356136821,0.64622641509434,4.74215384615385,25.121511627907,38.4230055658627,29.1612057667104,0.627292736610418,0.664198325820992,13.2838589981447,30.9461966604824,4.26716141001855,8.36734693877551,0.242112986060161,8.28072781284813,12.8576737272389,0.836120401337793,2.35971757710888,0.312545854732208,0.71830985915493,5.94472410454985,28.7139393939394,11.655764936306907,426
26.7361794216014,21.502313990744,0.581510934393638,0.610502283105023,13.240212472949,31.7529018296282,2.36081054495377,4.36749950816447,0.558648111332008,2.54865158549837,4.28571428571429,0.972222222222222,2.08333333333333,0.129224652087475,0.715384615384615,9.34977477477478,27.1811387900356,16.8082368082368,16.6939826738469,0.50556586270872,0.54242928452579,8.39124839124839,19.97425997426,2.88288288288288,3.5006435006435,0.324675324675325,2.77706351247107,4.67505779604418,0.282558438222451,2.02928332905215,0.215213358070501,0.698275862068966,9.35302197802198,26.5182857142857,23.3895373973195,17.5893207695328,0.617414248021108,0.656934306569343,2.33463035019455,5.44747081712062,1.59965412883701,3.45871162991786,0.514511873350924,3.83125269048644,6.0437205315045,0.728675525075011,1.5002143163309,0.263852242744063,0.68,5.74076086956522,25.0558974358974,30.0800609988563,24.5305770887166,0.571912013536379,0.599544072948328,5.01334349980938,12.1044605413649,2.07777354174609,5.87113991612657,0.274111675126904,5.13894175866007,7.73470163435956,0.798175598631699,1.33029266438617,0.285109983079526,0.732937685459941,7.48135198135198,25.4586419753086,25.1798561151079,21.2517897320515,0.577065351418002,0.610021786492375,2.4955035971223,5.64298561151079,2.76528776978417,5.35071942446043,0.485819975339088,5.29213483146067,8.55795148247979,3.2345013477089,1.21293800539084,0.228113440197287,0.691891891891892,6.76882494004796,26.2195431472081,8.859210663334366,383
28.8701246481705,24.0652135388978,0.543264942016057,0.579656862745098,8.10213108162445,19.2601527945316,2.77442702050663,4.94571773220748,0.354148082069581,2.63608008854009,4.3705941591138,0.664652567975831,1.83282980866062,0.189116859946476,0.641509433962264,9.79406077348066,26.0682619647355,22.6526891522334,23.693729903537,0.505415162454874,0.530416221985059,10.4147675478578,23.0856882406563,5.51504102096627,5.30993618960802,0.350180505415162,4.18652144315861,6.03253502033439,0.835969272480795,2.39493899683687,0.38748495788207,0.645962732919255,5.35148148148148,25.2164948453608,22.0852221214869,15.9327461969576,0.633982947624848,0.666301969365427,3.71713508612874,8.73980054397099,1.4687216681777,3.88032638259293,0.272838002436054,3.71074305367002,5.63787495482472,0.668594145283701,1.53595952294904,0.517661388550548,0.717647058823529,4.05276381909548,25.325,26.0383684112498,20.2260072060269,0.595896946564886,0.61660777385159,3.07319798845223,7.15216986403427,1.93704600484262,3.6133358167256495,0.466603053435115,5.02793296089386,7.4846397318935,0.707503258238689,0.930925339787749,0.278625954198473,0.73972602739726,7.01520572450805,26.1333333333333,38.4230055658627,29.1612057667104,0.627292736610418,0.664198325820992,13.2838589981447,30.9461966604824,4.26716141001855,8.36734693877551,0.242112986060161,8.28072781284813,12.8576737272389,0.836120401337793,2.35971757710888,0.312545854732208,0.71830985915493,5.94472410454985,28.7139393939394,1.8254274990767243,368
17.7950713359274,15.866388308977,0.537521815008726,0.564144736842105,6.19974059662776,15.4604409857328,1.99740596627756,1.99740596627756,0.534031413612566,3.44872293530403,4.92483151892172,0.699844479004666,1.71073094867807,0.228621291448517,0.702290076335878,5.78352059925094,25.1954248366013,24.162633107454,19.9210029194573,0.58029197080292,0.605442176870748,6.98935140367861,17.0377541142304,2.53630203291384,3.11713455953533,0.720542231491137,3.3074684772066,5.32555879494655,1.55490767735666,1.39941690962099,0.10740354535975,0.718446601941748,7.06455223880597,26.0400868306802,32.0421728168691,28.6813854567551,0.51520572450805,0.55622009569378,6.55512262204905,16.6628466651387,3.71304148521659,7.38024295209718,0.320214669051878,4.20919830255763,6.54269972451791,0.436179981634527,1.67584940312213,0.268336314847943,0.676666666666667,7.35631578947368,26.0650837988827,36.4528301886792,30.6823841939233,0.537201365187713,0.582471089470481,8.13207547169811,21.0943396226415,3.94339622641509,8.30188679245283,0.496928327645051,5.89515518546556,10.9149582384207,0.721336370539104,1.44267274107821,0.227986348122867,0.724550898203593,7.54436906377205,26.6873626373626,33.0638641875505,25.9031791907514,0.572299651567944,0.611526946107785,3.51657235246564,9.29668552950687,2.14227970897332,8.04365400161682,0.435540069686411,5.7606490872211,8.79478827361564,2.56514657980456,1.26221498371336,0.214285714285714,0.682926829268293,7.01327160493827,27.6128,0.196385796815548,357
13.1447587354409,12.921626984127,0.525171624713959,0.530201342281879,5.82362728785358,14.2262895174709,2.05213533000555,0.610094287298946,0.512585812356979,3.47452934662237,5.4726368159204,0.746268656716418,3.53786622443339,0.196796338672769,0.686046511627907,5.94507042253521,25.025,31.7757009345794,29.1790461297889,0.500772200772201,0.583879423328965,12.1142655616293,27.6847116910598,6.01304884500088,10.1922059601481,0.515830115830116,4.02400282386163,7.08355414237767,0.971559795089207,2.08443737855503,0.155212355212355,0.587064676616915,7.37145135566188,26.599251497006,32.5848303393214,25.9728708027574,0.578306878306878,0.61346516007533,3.1187624750499,7.31037924151697,2.69461077844311,6.61177644710579,0.452910052910053,2.37085101073122,4.21867199201198,0.224663005491762,1.82226660009985,0.255026455026455,0.655601659751037,6.40251450676983,26.0967289719626,20.4879328436516,16.3953488372093,0.592529711375212,0.611111111111111,1.57397691500525,3.80377754459601,1.73137460650577,3.09548793284365,0.371816638370119,3.44963273871983,4.45960125918153,0.865687303252886,2.07240293809024,0.434634974533107,0.703125,3.49378378378378,24.7844748858447,25.2259036144578,19.5583068428978,0.628450106157113,0.64299424184261,4.02861445783133,9.61972891566265,2.39081325301205,4.44277108433735,0.0,9.518424276694,13.3987544819777,1.69843366672957,1.03793168522363,0.528662420382166,0.714859437751004,4.38885350318471,0.0,10.723793603622724,326
19.872851424535,17.9339171974522,0.482872200263505,0.511627906976744,7.84082882034377,18.4600894749235,2.04850482693666,3.20226041911938,0.60737812911726,2.6061320754717,4.4649184975194895,0.590597684857075,2.2206472950626,0.121212121212121,0.5,10.15,26.7431670281996,31.2420670897552,27.3160239668152,0.504523312456507,0.543381887270424,5.11332728921124,12.1305530371714,3.68087035358114,6.09247506799637,0.459986082115518,3.42883128694861,6.05839416058394,0.492700729927007,1.2956204379562,0.240083507306889,0.643478260869565,7.95309278350516,26.1428139183056,21.7651922281935,17.9743724767421,0.532960893854749,0.55421052631579,2.64572137246796,6.32492765605622,1.57089706490285,2.52170318313353,0.524022346368715,2.83585179051956,4.12520729684909,0.33167495854063,1.24378109452736,0.154189944134078,0.550724637681159,8.3981220657277,25.4429487179487,21.4791851195748,17.7208083832335,0.574605451936872,0.599505562422744,5.86802480070859,14.6368467670505,3.05580159433127,5.46944198405669,0.130559540889527,6.23893805309735,8.22281167108753,1.96728558797524,2.14412024756852,0.51219512195122,0.719887955182073,5.20082508250825,25.1604395604396,29.7457974579746,26.5380604796663,0.505249343832021,0.543445692883895,7.62607626076261,18.7576875768758,3.9770397703977,8.77408774087741,0.0787401574803149,8.11674917491749,10.8966376089664,1.26608551266086,1.74346201743462,0.416447944006999,0.651260504201681,5.89078822412156,26.1224719101124,-10.995164654954124,323
45.6533725418122,34.3567251461988,0.568538647342995,0.631701030927835,8.91380260981437,22.6061385774674,3.36335232494027,12.2955339092079,0.26268115942029,3.49534261735682,5.77563865235098,1.42539800074047,2.42502776749352,0.253019323671498,0.701670644391408,8.25954135954136,26.0310344827586,14.5865434001027,12.7289170246439,0.550102249488753,0.563492063492064,4.4427324088341,10.9912686183873,1.51515151515152,0.950179763739086,0.425357873210634,2.93552108704012,4.04402354747888,0.895828001023803,3.07141028922447,0.323108384458078,0.664556962025316,4.77615658362989,24.6129807692308,31.7832764505119,27.5095057034221,0.536815068493151,0.572419106317411,7.5938566552901,18.6433447098976,3.19965870307167,6.37798634812287,0.291095890410959,3.94230769230769,6.63527397260274,0.98458904109589,2.37585616438356,0.248287671232877,0.668965517241379,8.07125603864734,26.0382352941176,16.6358167515039,13.5804997951659,0.578414839797639,0.587418300653595,2.66080518278575,6.31652012956964,1.18000925497455,1.0643220731143,0.6964586846543,3.3868916888221,4.71240471240471,0.900900900900901,1.82490182490183,0.158516020236088,0.574468085106383,6.32333333333333,25.2265206812652,19.3499392466586,16.8094218415418,0.58125,0.598684210526316,6.6221142162819,15.1579586877278,2.91616038882139,3.55407047387606,0.0395833333333333,9.30409623876961,13.6793893129771,1.89312977099237,1.43511450381679,0.420833333333333,0.727722772277228,5.91822125813449,25.5947368421053,15.763993948562783,316
33.3717712177122,27.4608150470219,0.546875,0.620555073720729,9.45571955719557,22.6476014760148,3.73616236162362,9.06365313653137,0.528225806451613,3.13584818329091,5.62006502554575,0.2322340919647,1.6256386437529,0.201612903225806,0.605,8.60192307692308,27.268893129771,11.4087301587302,11.8380062305296,0.553299492385787,0.552884615384615,4.11706349206349,10.4662698412698,2.87698412698413,1.19047619047619,0.385786802030457,4.50049455984174,5.76923076923077,0.690335305719921,1.67652859960552,0.395939086294416,0.653846153846154,4.39834710743802,24.7342105263158,14.6953405017921,12.6048700634336,0.600194552529183,0.612359550561798,3.47222222222222,8.13172043010753,1.83691756272401,1.0752688172043,0.651750972762646,3.2182103610675,5.68028738212842,0.336775931746745,1.70633138751684,0.192607003891051,0.585858585858586,5.32122905027933,24.8208955223881,43.2731137088204,35.2770805174744,0.606520090978014,0.628007402837755,9.20297555791711,23.8894792773645,4.37832093517535,15.0265674814028,0.0477634571645185,8.50021303792075,13.9013452914798,1.66559897501602,1.2385223147555,0.565579984836998,0.749329758713137,6.05461783439491,26.7492063492064,19.9005926209138,15.9916201117318,0.598837209302326,0.625600961538462,2.73370292487096,6.70999808831963,1.60581150831581,2.63811890651883,0.481912144702842,3.85205059409736,5.552353506244,2.84341978866475,0.960614793467819,0.255813953488372,0.777777777777778,6.04488778054863,26.7632707774799,-1.5452527767798614,311
13.1447587354409,12.921626984127,0.525171624713959,0.530201342281879,5.82362728785358,14.2262895174709,2.05213533000555,0.610094287298946,0.512585812356979,3.47452934662237,5.4726368159204,0.746268656716418,3.53786622443339,0.196796338672769,0.686046511627907,5.94507042253521,25.025,31.7757009345794,29.1790461297889,0.500772200772201,0.583879423328965,12.1142655616293,27.6847116910598,6.01304884500088,10.1922059601481,0.515830115830116,4.02400282386163,7.08355414237767,0.971559795089207,2.08443737855503,0.155212355212355,0.587064676616915,7.37145135566188,26.599251497006,32.5848303393214,25.9728708027574,0.578306878306878,0.61346516007533,3.1187624750499,7.31037924151697,2.69461077844311,6.61177644710579,0.452910052910053,2.37085101073122,4.21867199201198,0.224663005491762,1.82226660009985,0.255026455026455,0.655601659751037,6.40251450676983,26.0967289719626,33.8291542711432,28.5057471264368,0.560192616372392,0.589285714285714,4.92987675308117,11.8997025074373,3.05992350191245,5.14237144071398,0.304975922953451,4.64968152866242,7.80653372931693,0.72125583368689,2.50318201103097,0.184590690208668,0.721739130434783,9.40646651270208,25.8247368421053,25.2259036144578,19.5583068428978,0.628450106157113,0.64299424184261,4.02861445783133,9.61972891566265,2.39081325301205,4.44277108433735,0.0,9.518424276694,13.3987544819777,1.69843366672957,1.03793168522363,0.528662420382166,0.714859437751004,4.38885350318471,0.0,9.413382438783684,286
31.2139708375721,29.2204899777283,0.490552325581395,0.56141975308642,14.9203119701594,34.4354018311292,6.01898948796202,9.51169888097661,0.46656976744186,2.00305550840265,3.39904826648538,0.203942895989123,1.54656696125085,0.157703488372093,0.525345622119816,8.15476839237057,27.6771028037383,19.6196745291644,18.1658692185008,0.536876355748373,0.545223577235772,6.07057963064546,14.499908575608,2.83415615286158,2.5598829767782,0.254880694143167,4.09671532846715,5.91877617920233,1.00163904571116,4.17046075396103,0.341648590021692,0.653968253968254,5.04890829694323,26.1314893617021,23.9003305364861,20.7896497880883,0.535301668806162,0.558333333333333,2.33918128654971,5.92423086702263,2.33918128654971,3.78845664886855,0.441591784338896,3.42021614748888,4.62868769074262,0.940996948118006,1.32248219735504,0.333761232349166,0.611538461538462,4.58850574712644,24.7440233236152,24.3989953354862,22.1102362204724,0.539594843462247,0.570469798657718,6.49443846429853,15.2852529601722,3.80337280229638,4.52099031216362,0.259668508287293,6.46435625785599,10.6757728253055,1.294033069734,2.01294033069734,0.403314917127072,0.721461187214612,4.82985074626866,25.3248226950355,19.4422310756972,16.5232358003442,0.558974358974359,0.5635103926097,2.50996015936255,5.89641434262948,1.87250996015936,3.86454183266932,0.0025641025641025,9.33333333333333,11.7296222664016,2.0675944333996,1.35188866799205,0.707692307692308,0.626811594202899,2.97249357326478,26.3,0.0248206638845687,282
17.7950713359274,15.866388308977,0.537521815008726,0.564144736842105,6.19974059662776,15.4604409857328,1.99740596627756,1.99740596627756,0.534031413612566,3.44872293530403,4.92483151892172,0.699844479004666,1.71073094867807,0.228621291448517,0.702290076335878,5.78352059925094,25.1954248366013,24.162633107454,19.9210029194573,0.58029197080292,0.605442176870748,6.98935140367861,17.0377541142304,2.53630203291384,3.11713455953533,0.720542231491137,3.3074684772066,5.32555879494655,1.55490767735666,1.39941690962099,0.10740354535975,0.718446601941748,7.06455223880597,26.0400868306802,32.0421728168691,28.6813854567551,0.51520572450805,0.55622009569378,6.55512262204905,16.6628466651387,3.71304148521659,7.38024295209718,0.320214669051878,4.20919830255763,6.54269972451791,0.436179981634527,1.67584940312213,0.268336314847943,0.676666666666667,7.35631578947368,26.0650837988827,36.4528301886792,30.6823841939233,0.537201365187713,0.582471089470481,8.13207547169811,21.0943396226415,3.94339622641509,8.30188679245283,0.496928327645051,5.89515518546556,10.9149582384207,0.721336370539104,1.44267274107821,0.227986348122867,0.724550898203593,7.54436906377205,26.6873626373626,16.2832929782082,13.9850825785828,0.546637744034707,0.561586638830898,3.87409200968523,10.3208232445521,1.39225181598063,1.1501210653753,0.681127982646421,5.58921538927598,8.79320800485143,1.54639175257732,1.09157064887811,0.164859002169197,0.697368421052632,5.37959183673469,25.321974522293,16.97230934370964,268
35.8542319749216,33.0060292850991,0.520590253946465,0.562732919254658,12.5,29.6042319749216,6.05407523510972,7.24921630094044,0.286890871654084,4.17485265225933,7.26950354609929,1.0441292356186,1.39873916469661,0.247083047357584,0.572222222222222,7.05553416746872,26.4557416267943,19.0347316193054,15.4684095860566,0.529411764705882,0.570844686648501,2.77401894451962,6.58547586829048,1.08254397834912,3.2701849345963,0.672058823529412,2.06966749604162,3.7431941923775,0.158802177858439,0.862068965517241,0.107352941176471,0.684931506849315,9.06726457399103,25.5833698030635,29.0588882773803,26.49450023912,0.536319612590799,0.567741935483871,6.54925701706109,16.1805173362686,4.89818381948266,6.38414969730325,0.372881355932203,3.41786108048512,4.63832136940917,0.607399226946438,1.54610712313639,0.309927360774818,0.6015625,6.07644787644788,26.5519480519481,21.0283315844701,17.7110210099521,0.533540372670808,0.570205479452055,3.39979013641133,8.3105981112277,1.78384050367261,3.48373557187828,0.327950310559006,4.53638559277539,7.71332492643968,1.19798234552333,1.55527532576713,0.216149068322981,0.741379310344828,7.47042513863216,24.6606870229008,21.8779790276454,16.4235097957482,0.692307692307692,0.70398773006135,4.95710200190658,11.3918017159199,3.24118207816969,5.767397521449,0.0,9.60371295965726,12.5980508676016,2.11552174946518,1.28357499405752,0.785714285714286,0.734265734265734,2.51684981684982,0.0,-2.416863258088199,261
28.989247311828,24.8056275453536,0.521333333333333,0.554166666666667,7.2258064516129,17.741935483871,3.0752688172043,4.17204301075269,0.527111111111111,2.0320395656381,3.5261234143195,0.107503762631692,1.29004515158031,0.164444444444444,0.621621621621622,7.98928571428572,26.8027027027027,27.6354568125142,23.2246798603027,0.551008303677343,0.606573705179283,6.37043754250737,15.279981863523,4.44343686238948,8.43346180004534,0.405693950177936,5.89700056593096,9.3128390596745,0.791139240506329,1.60488245931284,0.384341637010676,0.654320987654321,4.33033932135729,25.5669590643275,21.6501439078989,19.5478356768679,0.466898954703833,0.524844720496895,3.22993284298049,7.83498560921011,2.07866965142309,5.30860249440358,0.515679442508711,2.60674876059491,4.38259756877799,1.47152911068458,1.31158029430582,0.25609756097561,0.462585034013605,6.43848920863309,24.9719594594595,16.9876733436055,14.5809224665234,0.552374301675978,0.570504527813713,3.37057010785824,8.43605546995378,2.09938366718028,2.42681047765794,0.502793296089386,4.33233850004814,5.3320500481232,0.962463907603465,2.23291626564004,0.35195530726257,0.623015873015873,2.98314606741573,24.8359331476323,23.5198040016333,20.1431127012522,0.572649572649573,0.581818181818182,2.61331155573704,6.4924458962842,2.81747652102899,2.44997958350347,0.0683760683760683,8.30605564648118,11.5621156211562,1.5990159901599,1.2710127101271,0.403846153846154,0.740740740740741,7.21422018348624,24.36875,-13.865174223739956,251
22.7111111111111,21.8799682034976,0.530701754385965,0.567777777777778,11.1777777777778,27.1777777777778,4.48888888888889,4.97777777777778,0.348370927318296,6.2770322723744,9.71883993801196,0.996236440115121,1.85964135488156,0.319548872180451,0.576470588235294,5.34326923076923,25.3395683453237,28.7812321190158,24.3238616912016,0.549509366636931,0.599839615076183,6.29410642761778,15.7734121686058,3.37592981117681,5.8554262826626,0.520963425512935,2.60371959942775,4.73101869515452,0.305227012590614,1.31629149179702,0.256913470115968,0.638888888888889,5.84134078212291,26.5751712328767,31.9318392294869,25.6886823763691,0.60874897792314,0.637956748695004,5.74180403778478,13.7062418966475,3.8525652898684895,5.2787553250602,0.438266557645135,2.91747707696582,5.42793627269359,0.222304557243424,1.07447202667655,0.278822567457073,0.686217008797654,7.71703056768559,26.2165413533835,16.7060212514758,16.9406150583245,0.49031007751938,0.511754068716094,3.6599763872491113,9.14994096812279,2.5383707201889,2.44982290436836,0.527131782945737,3.48529411764706,5.68581477139508,0.937866354044549,1.40679953106682,0.236434108527132,0.5,6.02991803278689,26.0077205882353,27.700205338809,22.5341706686369,0.592003853564547,0.612624886466848,5.25667351129363,13.305954825462,2.4435318275154,3.05954825462012,0.309248554913295,7.56328462646635,11.4892739273927,1.07260726072607,1.25825082508251,0.261078998073218,0.660516605166052,6.45620641562064,25.9619937694704,-3.641711175335218,250
31.2139708375721,29.2204899777283,0.490552325581395,0.56141975308642,14.9203119701594,34.4354018311292,6.01898948796202,9.51169888097661,0.46656976744186,2.00305550840265,3.39904826648538,0.203942895989123,1.54656696125085,0.157703488372093,0.525345622119816,8.15476839237057,27.6771028037383,19.6196745291644,18.1658692185008,0.536876355748373,0.545223577235772,6.07057963064546,14.499908575608,2.83415615286158,2.5598829767782,0.254880694143167,4.09671532846715,5.91877617920233,1.00163904571116,4.17046075396103,0.341648590021692,0.653968253968254,5.04890829694323,26.1314893617021,23.9003305364861,20.7896497880883,0.535301668806162,0.558333333333333,2.33918128654971,5.92423086702263,2.33918128654971,3.78845664886855,0.441591784338896,3.42021614748888,4.62868769074262,0.940996948118006,1.32248219735504,0.333761232349166,0.611538461538462,4.58850574712644,24.7440233236152,17.6207513416816,15.9250585480094,0.482456140350877,0.521164021164021,2.41502683363149,5.81395348837209,1.34168157423971,3.7567084078712,0.473684210526316,6.16897630755476,8.48972296693476,2.94906166219839,2.50223413762288,0.35672514619883,0.639344262295082,3.55888888888889,24.15375,22.4188790560472,17.3280159521436,0.603221083455344,0.634146341463415,3.8121170864533696,9.1218515997277,2.04220558202859,4.90129339686862,0.216691068814056,7.47674154753801,9.96142500567279,1.52030859995462,1.56569094622192,0.546120058565154,0.702412868632708,3.23102803738318,24.6210884353742,6.642066420664207,248
32.1934945788157,27.0101195952162,0.562180579216354,0.599063962558502,10.5504587155963,24.9791492910759,3.9407839866555503,5.31693077564637,0.450596252129472,2.23685585868088,3.50031439949696,0.23055963110459,1.90735694822888,0.178875638841567,0.614285714285714,8.11720930232558,26.25,36.6911130284728,30.7809523809524,0.531439393939394,0.57443915703603,7.63589301121657,19.1328731665229,3.21397756686799,7.80845556514236,0.479545454545455,3.47957639939486,5.73841489822434,0.368124729320052,2.05716760502382,0.190151515151515,0.605577689243028,8.39475982532751,26.4044233807267,17.8612059158134,14.675540765391,0.593833780160858,0.606958762886598,5.99165718619644,13.8414865377323,2.04778156996587,1.28934395145999,0.785522788203753,4.11374407582938,6.21683093252464,0.45489006823351,0.985595147839272,0.158176943699732,0.745762711864407,2.97875,25.4122866894198,29.2314526876944,23.2971372161895,0.604304635761589,0.635748792270531,5.01999111505997,12.9498000888494,3.22079075966237,6.7747667703243,0.253863134657837,7.33607926082601,11.0466413746931,2.52175853604106,1.36130328051774,0.47682119205298,0.761574074074074,4.02115384615385,25.3230434782609,23.1868824889636,15.9179145867998,0.70625,0.720915032679739,3.32142106369561,8.03027117931469,2.03910027328148,5.82299768761825,0.0078125,8.37443593241683,12.1961441743504,1.52975691533948,1.61357921207041,0.6625,0.778301886792453,3.39653543307087,25.42,11.505234545307744,243
35.3138330286411,31.9250066015316,0.503937007874016,0.564390243902439,11.0907982937233,26.2644728823888,5.63680682510664,9.71968312004875,0.32058492688414,3.13503593821685,5.2502302732576,0.368437212158428,1.87288916180534,0.293588301462317,0.628352490421456,6.14056291390729,26.6385964912281,18.8345950906171,15.8311868436695,0.526706231454006,0.560792349726776,3.07409956412021,7.29525120440468,1.58293186510668,3.0970406056435,0.580118694362018,3.07374698933364,4.15137614678899,0.18348623853211,1.00917431192661,0.166172106824926,0.696428571428571,7.32402826855124,24.7841025641026,28.0779826234372,23.1945467943994,0.56440511307768,0.596715328467153,7.81945327399873,19.0506463233736,3.58126721763085,4.1958041958042,0.411012782694199,4.44208289054198,7.58900021317416,0.596887657215945,1.70539330633127,0.248770894788594,0.675889328063241,7.0550918196995,25.7114832535885,34.7245762711864,28.3425414364641,0.547403132728772,0.590843547224225,3.13559322033898,8.00847457627119,3.24152542372881,8.43220338983051,0.320692497938994,4.42534224769182,6.93174569423772,2.38145864341909,1.95619817137997,0.159934047815334,0.639175257731959,7.05995145631068,25.9560411311054,20.4629319020463,16.0633484162896,0.603248259860789,0.634095634095634,2.18047635021805,5.53505535055351,2.9520295202952,4.26031533042603,0.120649651972158,9.15327978580991,10.550918196995,2.83806343906511,1.20200333889816,0.563805104408353,0.744855967078189,3.53087071240106,24.8365384615385,24.51722403821977,222
31.0254392866509,27.1369485294118,0.5295,0.549256505576208,5.95331759769211,14.1096249672174,2.7799632835038,4.5371098872279,0.459,2.79020794946038,4.49141347424042,0.634081902245707,1.21532364597094,0.186,0.623655913978495,8.00332717190388,25.6956427015251,25.4340685124355,26.7651888341544,0.445344129554656,0.494515539305302,10.6992022524636,25.4809948381042,4.92726419521352,5.81886438291882,0.352226720647773,4.70256289677874,8.6239396795476,0.56550424128181,2.92177191328935,0.220647773279352,0.559633027522936,8.8290625,25.6942528735632,15.3788447111778,14.8978246539222,0.5,0.536649214659686,4.87621905476369,11.7029257314329,2.62565641410353,3.00075018754689,0.418604651162791,2.91806958473625,4.17910447761194,0.671641791044776,2.76119402985075,0.331395348837209,0.614035087719298,5.512,24.6652777777778,29.0064516129032,23.4042553191489,0.548271752085817,0.592651757188498,4.85161290322581,11.5870967741935,2.65806451612903,5.93548387096774,0.522050059594756,3.46701164294955,5.73281452658885,1.01167315175097,1.4526588845655,0.251489868891538,0.701421800947867,5.55336658354115,26.7662100456621,16.6792074241284,14.4126571304725,0.54786150712831,0.57032590051458,2.48306997742664,5.94431903686983,2.05668422372711,5.11662904439428,0.0020366598778004,7.54267068273092,8.69128359708616,2.46169304194926,0.929414719919618,0.782077393075356,0.591145833333333,2.66816326530612,42.5,-8.56736070633427,221
17.1032357473035,12.8820466379896,0.639008620689655,0.666,3.08166409861325,7.421674370826911,1.82331792501284,2.2085259373395,0.691810344827586,2.7064981488574,3.85884742320386,1.5993907083016,3.07184564610307,0.135775862068966,0.793650793650794,7.17412587412588,25.3725,31.9318392294869,25.6886823763691,0.60874897792314,0.637956748695004,5.74180403778478,13.7062418966475,3.8525652898684895,5.2787553250602,0.438266557645135,2.91747707696582,5.42793627269359,0.222304557243424,1.07447202667655,0.278822567457073,0.686217008797654,7.71703056768559,26.2165413533835,30.2815654329733,24.9490036089754,0.509174311926605,0.567631224764468,6.05631308659465,15.2824508588631,1.85939436869134,7.80945634850363,0.195718654434251,2.64818270683373,4.42383160899037,0.570816981805209,1.10595790224759,0.091743119266055,0.716666666666667,12.6577946768061,26.3854901960784,17.6934635612322,15.1333333333333,0.537804878048781,0.555424528301887,2.0473328324568,4.95867768595041,1.12697220135237,1.35236664162284,0.547560975609756,4.75654376583169,6.76663542642924,1.2933458294283,1.14339268978444,0.189024390243902,0.774193548387097,6.69164420485175,25.9233707865169,26.8581759742869,21.6619318181818,0.626539753639418,0.65603532875368,8.49738850944154,20.148654077943,4.05785456006428,5.80554439533949,0.174692049272116,9.78359335681933,14.2223118821868,0.524510792818237,0.968327617510591,0.522956326987682,0.69593147751606,4.36689280868385,25.9711538461538,-0.3879000549613209,220
14.4019528071603,12.8776978417266,0.529220779220779,0.549689440993789,5.85842148087876,14.8901545972335,1.46460537021969,1.46460537021969,0.694805194805195,3.01302931596091,4.64547677261614,0.32599837000815,2.11898940505297,0.123376623376623,0.526315789473684,8.03404255319149,25.8084905660377,14.9323274905702,12.3536299765808,0.543198529411765,0.567307692307692,3.01752828932771,7.36631905924118,1.37563789660528,2.10783226092745,0.606617647058824,1.87319884726225,3.01218161683278,0.753045404208195,2.19269102990033,0.137867647058824,0.746666666666667,10.4967289719626,25.0632218844985,35.8929898439435,31.3426329555362,0.507321274763135,0.554957724827056,7.0349269259351,16.8689621005697,3.41837998513748,7.70374040128809,0.303186907838071,4.24159742031502,7.10382513661202,0.521609538002981,1.8628912071535,0.281653746770026,0.669724770642202,6.34907292954265,26.6538461538462,37.8095238095238,33.8169642857143,0.5,0.551579925650558,6.952380952380951,16.952380952381,4.31746031746032,12.2222222222222,0.298572996706915,5.47619047619048,9.33333333333333,0.888888888888889,1.14285714285714,0.261251372118551,0.668067226890756,8.33849765258216,26.5709558823529,17.6909821941413,16.2884518406455,0.496938775510204,0.541300527240773,3.8483630097645,9.10396323951752,2.21137277426766,5.02584721424469,0.322448979591837,7.02834239908388,9.70319634703196,1.17009132420091,1.48401826484018,0.373469387755102,0.704918032786885,5.93072289156627,25.0301282051282,9.0982255134833,216
22.2051597051597,19.5168295331162,0.567340067340067,0.578778135048232,6.91031941031941,16.1547911547912,3.00982800982801,1.93488943488944,0.737373737373737,3.48570554961015,5.96651445966514,0.517503805175038,2.22222222222222,0.153198653198653,0.582417582417583,4.48974358974359,26.1139269406393,37.5150784077202,31.3552891182273,0.546526054590571,0.594557449147883,6.18645528175082,15.3024297777012,4.29088402550405,8.54730311907634,0.503101736972705,3.8816527214698495,6.71848013816926,0.880829015544042,1.57167530224525,0.221464019851117,0.633053221288515,7.66042446941323,25.9474722564735,19.1168036704263,16.3937165775401,0.537170263788969,0.562570462232244,3.11603899827949,7.72318868285223,1.8160963486905,2.44695086981457,0.363309352517986,4.48870675688554,6.4804256936526,1.40630938806537,2.09045990117826,0.298561151079137,0.706827309236948,6.06817325800377,24.5356435643564,28.8272157564906,25.3152088258471,0.542066027689031,0.591368227731864,7.22918531781558,18.3751119068935,4.38675022381379,7.49776186213071,0.334398296059638,5.45169595880443,7.68197088465846,0.358342665173572,1.05263157894737,0.312034078807242,0.703071672354949,6.00208,25.1821656050955,18.1475272422464,13.2054794520548,0.668627450980392,0.681889763779528,2.66135792120704,6.85247275775356,1.8650461022632,5.720871751886,0.0,8.23109992660166,10.912906610703,2.18258132214061,1.17523609653725,0.835294117647059,0.755868544600939,2.35823529411765,0.0,5.648960968109904,213
36.5298745481608,29.1936978683967,0.571939586645469,0.617028985507246,8.95173293642356,20.7314480119073,4.25260472039124,6.3576440569849,0.623211446740859,3.31586265910793,5.81145071028842,0.645716745587602,1.72191132156694,0.127186009538951,0.65,7.97426160337553,27.2099489795918,21.6183935503135,17.6501169742657,0.544014084507042,0.5784,2.86652732158853,7.19617796357122,1.61242161839355,3.97133472678412,0.59330985915493,2.80623608017817,4.04607206142942,0.915534554046072,1.74246898995865,0.193661971830986,0.718181818181818,5.50995670995671,24.9598214285714,27.3450824332007,20.9435846230654,0.53109243697479,0.624183006535948,8.47072200113701,22.1716884593519,2.10346787947698,11.1426947129051,0.174789915966387,4.19928825622776,4.8759623609923,0.513259195893926,2.19560878243513,0.421848739495798,0.701195219123506,5.72912423625255,25.0798076923077,21.3795077275329,18.4909406800695,0.536565977742448,0.557462686567164,6.29650829994276,15.7126502575844,2.14653692043503,2.71894676588437,0.491255961844197,4.65349369988545,7.44985673352436,0.372492836676218,1.97707736389685,0.158982511923688,0.66,8.248125,26.4355987055016,15.0355653666912,16.2045060658579,0.50294695481336,0.53304347826087,9.39416237429482,22.6391954868776,4.26784400294334,3.6055923473142,0.483300589390963,5.07352941176471,8.32721038452119,1.73891746265001,2.42468772961058,0.24950884086444,0.582677165354331,5.4212927756654,24.983606557377,19.16456322692403,211
15.6942823803967,15.9212571231221,0.49331550802139,0.513427109974425,7.07895760404512,17.1917541812524,2.74212368728121,1.65305328665889,0.544117647058824,3.31454121306376,5.98523124757093,0.408083948698018,1.04935872522347,0.121657754010695,0.538461538461538,10.4856304985337,26.2796068796069,32.560861423221,28.6159600997506,0.544034090909091,0.587585034013605,7.06928838951311,16.6666666666667,4.77528089887641,6.41385767790262,0.589015151515152,2.38598965679361,4.0604343720491,0.637393767705383,2.03021718602455,0.207386363636364,0.680365296803653,6.15322580645161,27.616077170418,17.7014852690528,17.9027027027027,0.471955128205128,0.516358463726885,4.86973459946433,12.3934745556367,3.04358412466521,4.50450450450451,0.358974358974359,3.57099477711648,4.92001938923897,0.99369849733398,1.89045079980611,0.317307692307692,0.702020202020202,6.27425,25.8410714285714,23.767258382643,23.9760903254372,0.492924528301887,0.513874066168623,3.74753451676529,9.4181459566075,3.59960552268245,4.98027613412229,0.369103773584906,4.55833435998522,7.78133464663876,0.46786505786752,0.886481162275302,0.275943396226415,0.705128205128205,6.15663551401869,26.0095846645367,22.5772928033255,23.5484617164007,0.457125603864734,0.480641592920354,4.18290465055859,10.0025980774227,2.9618082618862,4.28682774746688,0.411835748792271,5.63836681788723,8.04449042938438,2.61251939989653,1.13812726332126,0.230676328502415,0.638743455497382,6.35605749486653,25.9266862170088,-33.93705634534366,208
33.3717712177122,27.4608150470219,0.546875,0.620555073720729,9.45571955719557,22.6476014760148,3.73616236162362,9.06365313653137,0.528225806451613,3.13584818329091,5.62006502554575,0.2322340919647,1.6256386437529,0.201612903225806,0.605,8.60192307692308,27.268893129771,14.6953405017921,12.6048700634336,0.600194552529183,0.612359550561798,3.47222222222222,8.13172043010753,1.83691756272401,1.0752688172043,0.651750972762646,3.2182103610675,5.68028738212842,0.336775931746745,1.70633138751684,0.192607003891051,0.585858585858586,5.32122905027933,24.8208955223881,23.767258382643,23.9760903254372,0.492924528301887,0.513874066168623,3.74753451676529,9.4181459566075,3.59960552268245,4.98027613412229,0.369103773584906,4.55833435998522,7.78133464663876,0.46786505786752,0.886481162275302,0.275943396226415,0.705128205128205,6.15663551401869,26.0095846645367,43.2731137088204,35.2770805174744,0.606520090978014,0.628007402837755,9.20297555791711,23.8894792773645,4.37832093517535,15.0265674814028,0.0477634571645185,8.50021303792075,13.9013452914798,1.66559897501602,1.2385223147555,0.565579984836998,0.749329758713137,6.05461783439491,26.7492063492064,19.9005926209138,15.9916201117318,0.598837209302326,0.625600961538462,2.73370292487096,6.70999808831963,1.60581150831581,2.63811890651883,0.481912144702842,3.85205059409736,5.552353506244,2.84341978866475,0.960614793467819,0.255813953488372,0.777777777777778,6.04488778054863,26.7632707774799,3.8685256794292258,205
17.1032357473035,12.8820466379896,0.639008620689655,0.666,3.08166409861325,7.421674370826911,1.82331792501284,2.2085259373395,0.691810344827586,2.7064981488574,3.85884742320386,1.5993907083016,3.07184564610307,0.135775862068966,0.793650793650794,7.17412587412588,25.3725,26.2206572769953,24.1742361684558,0.512779552715655,0.547783251231527,8.49765258215962,19.7652582159624,3.73239436619718,4.17840375586855,0.45580404685836,2.87998119195956,5.06239698610784,0.894749234753944,1.43630798210502,0.193823216187433,0.615384615384615,7.35714285714286,26.3570093457944,30.2815654329733,24.9490036089754,0.509174311926605,0.567631224764468,6.05631308659465,15.2824508588631,1.85939436869134,7.80945634850363,0.195718654434251,2.64818270683373,4.42383160899037,0.570816981805209,1.10595790224759,0.091743119266055,0.716666666666667,12.6577946768061,26.3854901960784,17.6934635612322,15.1333333333333,0.537804878048781,0.555424528301887,2.0473328324568,4.95867768595041,1.12697220135237,1.35236664162284,0.547560975609756,4.75654376583169,6.76663542642924,1.2933458294283,1.14339268978444,0.189024390243902,0.774193548387097,6.69164420485175,25.9233707865169,26.8581759742869,21.6619318181818,0.626539753639418,0.65603532875368,8.49738850944154,20.148654077943,4.05785456006428,5.80554439533949,0.174692049272116,9.78359335681933,14.2223118821868,0.524510792818237,0.968327617510591,0.522956326987682,0.69593147751606,4.36689280868385,25.9711538461538,19.362305901858875,201
35.8542319749216,33.0060292850991,0.520590253946465,0.562732919254658,12.5,29.6042319749216,6.05407523510972,7.24921630094044,0.286890871654084,4.17485265225933,7.26950354609929,1.0441292356186,1.39873916469661,0.247083047357584,0.572222222222222,7.05553416746872,26.4557416267943,19.0347316193054,15.4684095860566,0.529411764705882,0.570844686648501,2.77401894451962,6.58547586829048,1.08254397834912,3.2701849345963,0.672058823529412,2.06966749604162,3.7431941923775,0.158802177858439,0.862068965517241,0.107352941176471,0.684931506849315,9.06726457399103,25.5833698030635,27.9497907949791,22.1976401179941,0.579365079365079,0.588888888888889,2.90794979079498,6.94560669456067,1.73640167364017,2.92887029288703,0.715219421101774,2.2448337354453,3.51357037660425,0.105196717862403,1.53587208079108,0.0821661998132586,0.625,8.36196721311475,25.7457516339869,21.0283315844701,17.7110210099521,0.533540372670808,0.570205479452055,3.39979013641133,8.3105981112277,1.78384050367261,3.48373557187828,0.327950310559006,4.53638559277539,7.71332492643968,1.19798234552333,1.55527532576713,0.216149068322981,0.741379310344828,7.47042513863216,24.6606870229008,21.8779790276454,16.4235097957482,0.692307692307692,0.70398773006135,4.95710200190658,11.3918017159199,3.24118207816969,5.767397521449,0.0,9.60371295965726,12.5980508676016,2.11552174946518,1.28357499405752,0.785714285714286,0.734265734265734,2.51684981684982,0.0,-4.023474819162004,200
17.3139158576052,15.4534109816972,0.524576271186441,0.567629179331307,3.37494220989367,8.32177531206657,2.03421174294961,3.51363846509478,0.532203389830509,2.96892980437284,5.04124656278643,0.710357470210816,1.46654445462878,0.183050847457627,0.75,7.50905797101449,25.2363057324841,28.3490294061119,23.5334833016093,0.556412729026037,0.615189873417722,8.07226600038439,19.142802229483,3.40188352873342,7.0344032289064,0.51205400192864,3.15920875744191,5.14296680099789,0.422183841872961,1.55440414507772,0.189971070395371,0.695431472081218,6.88241106719368,26.8847457627119,34.3373493975904,30.2603036876356,0.571259842519685,0.602899575671853,11.5461847389558,27.0682730923695,5.22088353413655,6.64658634538153,0.311811023622047,5.48027702499247,9.51234196267309,0.78266104756171,1.40477623921333,0.301574803149606,0.744125326370757,7.38215102974828,26.7815656565657,20.4647478214946,16.0379596678529,0.597222222222222,0.618022328548644,2.2181146025878,5.83575389490362,1.29390018484288,2.98389226300502,0.428819444444444,3.89130721540694,5.69319978914075,0.685292567211386,1.18608328940432,0.324652777777778,0.716577540106952,5.42492401215806,24.7931174089069,36.5507246376812,30.8133472367049,0.535714285714286,0.588152985074627,5.2463768115942,12.5507246376812,3.27536231884058,10.695652173913,0.136263736263736,8.54824688496088,13.2097334878331,3.18655851680185,1.70915411355736,0.357142857142857,0.723076923076923,7.45419847328244,25.8491935483871,1.372462283479237,199
32.1934945788157,27.0101195952162,0.562180579216354,0.599063962558502,10.5504587155963,24.9791492910759,3.9407839866555503,5.31693077564637,0.450596252129472,2.23685585868088,3.50031439949696,0.23055963110459,1.90735694822888,0.178875638841567,0.614285714285714,8.11720930232558,26.25,36.6911130284728,30.7809523809524,0.531439393939394,0.57443915703603,7.63589301121657,19.1328731665229,3.21397756686799,7.80845556514236,0.479545454545455,3.47957639939486,5.73841489822434,0.368124729320052,2.05716760502382,0.190151515151515,0.605577689243028,8.39475982532751,26.4044233807267,12.4610591900312,10.448275862069,0.560885608856089,0.569395017793594,2.9595015576324,7.43769470404985,0.856697819314642,1.16822429906542,0.819188191881919,4.83495145631068,7.66847405112316,0.774593338497289,1.62664601084431,0.132841328413284,0.75,4.08571428571429,24.7207207207207,29.2314526876944,23.2971372161895,0.604304635761589,0.635748792270531,5.01999111505997,12.9498000888494,3.22079075966237,6.7747667703243,0.253863134657837,7.33607926082601,11.0466413746931,2.52175853604106,1.36130328051774,0.47682119205298,0.761574074074074,4.02115384615385,25.3230434782609,23.1868824889636,15.9179145867998,0.70625,0.720915032679739,3.32142106369561,8.03027117931469,2.03910027328148,5.82299768761825,0.0078125,8.37443593241683,12.1961441743504,1.52975691533948,1.61357921207041,0.6625,0.778301886792453,3.39653543307087,25.42,7.597807597807602,197
25.7260461925452,24.2009132420091,0.485310119695321,0.539054966248795,8.64395152069518,20.8781157100389,4.18477018065401,6.51726503544477,0.551686615886834,2.88977727013135,5.18028297581013,0.205385668644455,1.04974897307166,0.109902067464635,0.613861386138614,7.81359223300971,25.6246548323471,32.0165745856354,27.0102600811262,0.543252595155709,0.591983556012333,7.26519337016575,17.7900552486188,4.41988950276243,6.93370165745856,0.312572087658593,2.3543990086741,3.04693933571233,0.164699423552018,1.2901454844908,0.204152249134948,0.621468926553672,7.48238255033557,25.4833333333333,29.1217760365655,23.5772357723577,0.521428571428572,0.566195372750643,2.28534116878877,5.84394384590271,2.15475024485798,6.03983023179889,0.57,4.53951665578054,6.72982685396929,0.555374060764456,1.078079059131,0.197142857142857,0.652173913043478,5.77109634551495,25.9240601503759,29.9486369024101,23.9768076398363,0.58286252354049,0.631666666666667,3.16080600553141,7.82299486369024,4.06953773212169,6.47965231133939,0.278719397363465,6.46372800948804,9.41455696202532,1.58227848101266,1.54272151898734,0.32391713747646,0.686046511627907,5.76657963446475,24.5439189189189,17.8651059085842,13.5645933014354,0.670644391408115,0.666320166320166,2.70345596432553,6.77257525083612,2.39687848383501,4.23634336677815,0.0835322195704057,9.83149979111544,12.2460339549123,3.84080155858614,0.974116337322572,0.758949880668258,0.742138364779874,2.37135416666667,25.8885714285714,8.432044887780549,196
26.2206572769953,24.1742361684558,0.512779552715655,0.547783251231527,8.49765258215962,19.7652582159624,3.73239436619718,4.17840375586855,0.45580404685836,2.87998119195956,5.06239698610784,0.894749234753944,1.43630798210502,0.193823216187433,0.615384615384615,7.35714285714286,26.3570093457944,31.9318392294869,25.6886823763691,0.60874897792314,0.637956748695004,5.74180403778478,13.7062418966475,3.8525652898684895,5.2787553250602,0.438266557645135,2.91747707696582,5.42793627269359,0.222304557243424,1.07447202667655,0.278822567457073,0.686217008797654,7.71703056768559,26.2165413533835,30.2815654329733,24.9490036089754,0.509174311926605,0.567631224764468,6.05631308659465,15.2824508588631,1.85939436869134,7.80945634850363,0.195718654434251,2.64818270683373,4.42383160899037,0.570816981805209,1.10595790224759,0.091743119266055,0.716666666666667,12.6577946768061,26.3854901960784,17.6934635612322,15.1333333333333,0.537804878048781,0.555424528301887,2.0473328324568,4.95867768595041,1.12697220135237,1.35236664162284,0.547560975609756,4.75654376583169,6.76663542642924,1.2933458294283,1.14339268978444,0.189024390243902,0.774193548387097,6.69164420485175,25.9233707865169,26.8581759742869,21.6619318181818,0.626539753639418,0.65603532875368,8.49738850944154,20.148654077943,4.05785456006428,5.80554439533949,0.174692049272116,9.78359335681933,14.2223118821868,0.524510792818237,0.968327617510591,0.522956326987682,0.69593147751606,4.36689280868385,25.9711538461538,-8.265206812652067,196
31.7757009345794,29.1790461297889,0.500772200772201,0.583879423328965,12.1142655616293,27.6847116910598,6.01304884500088,10.1922059601481,0.515830115830116,4.02400282386163,7.08355414237767,0.971559795089207,2.08443737855503,0.155212355212355,0.587064676616915,7.37145135566188,26.599251497006,32.5848303393214,25.9728708027574,0.578306878306878,0.61346516007533,3.1187624750499,7.31037924151697,2.69461077844311,6.61177644710579,0.452910052910053,2.37085101073122,4.21867199201198,0.224663005491762,1.82226660009985,0.255026455026455,0.655601659751037,6.40251450676983,26.0967289719626,20.4879328436516,16.3953488372093,0.592529711375212,0.611111111111111,1.57397691500525,3.80377754459601,1.73137460650577,3.09548793284365,0.371816638370119,3.44963273871983,4.45960125918153,0.865687303252886,2.07240293809024,0.434634974533107,0.703125,3.49378378378378,24.7844748858447,33.8291542711432,28.5057471264368,0.560192616372392,0.589285714285714,4.92987675308117,11.8997025074373,3.05992350191245,5.14237144071398,0.304975922953451,4.64968152866242,7.80653372931693,0.72125583368689,2.50318201103097,0.184590690208668,0.721739130434783,9.40646651270208,25.8247368421053,25.2259036144578,19.5583068428978,0.628450106157113,0.64299424184261,4.02861445783133,9.61972891566265,2.39081325301205,4.44277108433735,0.0,9.518424276694,13.3987544819777,1.69843366672957,1.03793168522363,0.528662420382166,0.714859437751004,4.38885350318471,0.0,24.413119587248943,193
24.8051352590555,22.866344605475,0.514348785871965,0.550102249488753,10.087116001834,23.3837689133425,3.6680421824851,4.1723979825768,0.373068432671082,2.52004581901489,3.89194139194139,0.54945054945055,1.92307692307692,0.236203090507726,0.672897196261682,6.63450704225352,26.1863905325444,33.5950337776155,27.6682418119602,0.563907044299201,0.605596269153897,7.74146430527661,19.0980463757532,3.61511776519993,5.97042176373927,0.486564996368918,3.65150544522742,6.67889908256881,0.311926605504587,1.26605504587156,0.163398692810458,0.657777777777778,7.47708628005658,26.4925261584454,22.8659389868458,19.3353474320242,0.580693815987934,0.595168374816984,4.9258326336412,11.4469633361321,2.40694094598377,1.48334732717604,0.728506787330317,2.34913489942327,4.21380090497738,0.169683257918552,1.13122171945701,0.144796380090498,0.65625,4.58277777777778,25.5865424430642,13.2593619972261,11.4067504311407,0.571611253196931,0.584352078239609,3.10679611650485,7.57281553398058,1.49791955617198,1.19278779472954,0.595907928388747,3.48595933047448,4.96688741721854,1.02097130242826,1.87637969094923,0.237851662404092,0.666666666666667,4.23860759493671,24.6944206008584,26.5798905866818,23.8896366083446,0.520664869721474,0.557494052339413,6.35729107715525,15.8837955102811,3.0371627994718,6.16864742501415,0.198562443845463,7.06603773584906,10.6435176448387,1.00018871485186,1.84940554821664,0.238993710691824,0.699248120300752,7.87656950672646,25.3677272727273,5.16476828101905,189
18.4574976122254,16.0008410428932,0.55275974025974,0.579939668174962,5.32473734479465,12.7507163323782,2.36389684813754,2.81757402101242,0.600649350649351,3.14210902166151,5.00711912672046,0.806834361651637,1.18652112007594,0.196428571428571,0.644628099173554,6.34024390243903,25.0137837837838,22.2051597051597,19.5168295331162,0.567340067340067,0.578778135048232,6.91031941031941,16.1547911547912,3.00982800982801,1.93488943488944,0.737373737373737,3.48570554961015,5.96651445966514,0.517503805175038,2.22222222222222,0.153198653198653,0.582417582417583,4.48974358974359,26.1139269406393,37.5150784077202,31.3552891182273,0.546526054590571,0.594557449147883,6.18645528175082,15.3024297777012,4.29088402550405,8.54730311907634,0.503101736972705,3.8816527214698495,6.71848013816926,0.880829015544042,1.57167530224525,0.221464019851117,0.633053221288515,7.66042446941323,25.9474722564735,28.8272157564906,25.3152088258471,0.542066027689031,0.591368227731864,7.22918531781558,18.3751119068935,4.38675022381379,7.49776186213071,0.334398296059638,5.45169595880443,7.68197088465846,0.358342665173572,1.05263157894737,0.312034078807242,0.703071672354949,6.00208,25.1821656050955,25.4985435805512,21.5697904310004,0.556338028169014,0.577235772357724,4.05556800358503,10.2621555007842,2.41989693031593,3.20412278736276,0.500541711809317,5.37055723735845,8.70736086175943,1.61579892280072,1.32405745062837,0.24160346695558,0.659192825112108,4.9119305856833,25.7887445887446,12.173011617515629,188
33.3717712177122,27.4608150470219,0.546875,0.620555073720729,9.45571955719557,22.6476014760148,3.73616236162362,9.06365313653137,0.528225806451613,3.13584818329091,5.62006502554575,0.2322340919647,1.6256386437529,0.201612903225806,0.605,8.60192307692308,27.268893129771,21.2371134020619,17.2891707775429,0.567732115677321,0.592219020172911,2.24226804123711,5.38659793814433,1.08247422680412,2.37113402061856,0.659056316590563,2.16634429400387,3.81935483870968,0.129032258064516,1.85806451612903,0.0882800608828006,0.53448275862069,10.4147321428571,25.6237875288684,14.6953405017921,12.6048700634336,0.600194552529183,0.612359550561798,3.47222222222222,8.13172043010753,1.83691756272401,1.0752688172043,0.651750972762646,3.2182103610675,5.68028738212842,0.336775931746745,1.70633138751684,0.192607003891051,0.585858585858586,5.32122905027933,24.8208955223881,43.2731137088204,35.2770805174744,0.606520090978014,0.628007402837755,9.20297555791711,23.8894792773645,4.37832093517535,15.0265674814028,0.0477634571645185,8.50021303792075,13.9013452914798,1.66559897501602,1.2385223147555,0.565579984836998,0.749329758713137,6.05461783439491,26.7492063492064,19.9005926209138,15.9916201117318,0.598837209302326,0.625600961538462,2.73370292487096,6.70999808831963,1.60581150831581,2.63811890651883,0.481912144702842,3.85205059409736,5.552353506244,2.84341978866475,0.960614793467819,0.255813953488372,0.777777777777778,6.04488778054863,26.7632707774799,0.5361733382298866,188
25.57856272838,24.531636620714,0.494475138121547,0.53125,7.75477060495331,18.5546082013804,4.18189200162404,4.58790093382054,0.401473296500921,4.15647921760391,6.46216768916155,1.30879345603272,1.84049079754601,0.178637200736648,0.628865979381443,8.17846153846154,26.6720183486239,14.9323274905702,12.3536299765808,0.543198529411765,0.567307692307692,3.01752828932771,7.36631905924118,1.37563789660528,2.10783226092745,0.606617647058824,1.87319884726225,3.01218161683278,0.753045404208195,2.19269102990033,0.137867647058824,0.746666666666667,10.4967289719626,25.0632218844985,35.8929898439435,31.3426329555362,0.507321274763135,0.554957724827056,7.0349269259351,16.8689621005697,3.41837998513748,7.70374040128809,0.303186907838071,4.24159742031502,7.10382513661202,0.521609538002981,1.8628912071535,0.281653746770026,0.669724770642202,6.34907292954265,26.6538461538462,37.8095238095238,33.8169642857143,0.5,0.551579925650558,6.952380952380951,16.952380952381,4.31746031746032,12.2222222222222,0.298572996706915,5.47619047619048,9.33333333333333,0.888888888888889,1.14285714285714,0.261251372118551,0.668067226890756,8.33849765258216,26.5709558823529,17.6909821941413,16.2884518406455,0.496938775510204,0.541300527240773,3.8483630097645,9.10396323951752,2.21137277426766,5.02584721424469,0.322448979591837,7.02834239908388,9.70319634703196,1.17009132420091,1.48401826484018,0.373469387755102,0.704918032786885,5.93072289156627,25.0301282051282,9.619834710743802,187
19.1056910569106,16.7666303162486,0.510968921389397,0.531304347826087,5.84740462789243,14.5716072545341,1.28205128205128,2.00125078173859,0.570383912248629,2.50388802488336,3.52722772277228,0.525990099009901,2.0730198019802,0.16636197440585,0.505494505494506,8.92340425531915,25.4275641025641,18.1018119068162,15.4208447280462,0.578673602080624,0.612018669778296,7.79982743744607,18.8610871440897,2.72648835202761,3.53753235547886,0.327698309492848,6.3468825353083,9.90201134605467,0.464156781846313,2.04572803850782,0.449934980494148,0.708092485549133,4.49419729206963,25.2230158730159,23.7110016420361,19.7140381282496,0.569737954353339,0.585158150851582,5.02463054187192,12.2331691297209,2.16748768472906,1.9376026272578,0.391377852916314,2.12155963302752,3.07289964040536,0.70284406668846,1.2258908139915,0.202874049027895,0.758333333333333,7.91680555555556,25.2822510822511,24.4325521313896,19.8669047232592,0.557673509286413,0.589572192513369,3.02638863258904,7.23380697545673,1.8822661007566,4.17051116442148,0.449657869012708,3.30380214101144,4.81816503599779,1.19992615839025,2.03064426804504,0.376344086021505,0.654545454545455,4.52326820603908,24.656455142232,34.4429214803211,27.2160664819945,0.584362139917696,0.633598841419261,4.30781280595261,9.57509300959467,3.75954572155865,8.00861562561191,0.278189300411523,9.04176904176904,13.9700078926598,0.986582478295186,1.40094711917916,0.420576131687243,0.669275929549902,4.73192702394527,26.4547337278107,2.6749539594843554,185
31.2955812955813,28.0751708428246,0.514187446259673,0.558575803981623,8.40840840840841,20.2702702702703,3.73230373230373,6.82110682110682,0.327601031814273,3.20292347377472,5.2563550193882,0.53856096510125,1.96036191296855,0.205503009458298,0.669456066945607,8.68734015345269,25.8590551181102,19.4017094017094,17.5132676269901,0.53476821192053,0.543130990415335,4.44444444444445,10.5982905982906,1.90883190883191,1.3960113960114,0.647350993377484,2.92397660818713,4.99857183661811,0.656955155669809,1.88517566409597,0.167218543046358,0.732673267326733,6.17089201877934,25.7028132992327,30.2815654329733,24.9490036089754,0.509174311926605,0.567631224764468,6.05631308659465,15.2824508588631,1.85939436869134,7.80945634850363,0.195718654434251,2.64818270683373,4.42383160899037,0.570816981805209,1.10595790224759,0.091743119266055,0.716666666666667,12.6577946768061,26.3854901960784,17.6934635612322,15.1333333333333,0.537804878048781,0.555424528301887,2.0473328324568,4.95867768595041,1.12697220135237,1.35236664162284,0.547560975609756,4.75654376583169,6.76663542642924,1.2933458294283,1.14339268978444,0.189024390243902,0.774193548387097,6.69164420485175,25.9233707865169,26.8581759742869,21.6619318181818,0.626539753639418,0.65603532875368,8.49738850944154,20.148654077943,4.05785456006428,5.80554439533949,0.174692049272116,9.78359335681933,14.2223118821868,0.524510792818237,0.968327617510591,0.522956326987682,0.69593147751606,4.36689280868385,25.9711538461538,9.98719231819041,184
15.3145520016946,13.9992432841468,0.547169811320755,0.570731707317073,12.815081550519,31.1374708748147,2.73247193391231,1.94873967379792,0.636363636363636,3.15228966986156,5.63289783679589,0.471192974941101,2.20603983722425,0.0291595197255574,0.823529411764706,13.1132075471698,25.822102425876,26.6278809577087,25.9763313609467,0.476214574898785,0.521929824561404,7.42895502349519,18.2143656298948,3.96061758782726,7.69747147012755,0.337044534412955,3.31066770705607,4.62016881386051,0.488671701466015,1.64371390493114,0.367408906882591,0.628099173553719,5.60732824427481,26.4498498498498,20.2032721864155,16.9372531812198,0.548872180451128,0.581545064377682,2.75161130391671,6.3708477937531,1.83440753594447,2.33019335647001,0.721804511278195,3.94785847299814,6.24222830141756,0.870430241233524,1.51703556329271,0.189473684210526,0.634920634920635,4.00162162162162,25.1535416666667,22.1467688937569,15.9937888198758,0.622254758418741,0.653100775193799,2.97918948521358,7.38225629791895,1.09529025191676,4.3592552026287,0.527086383601757,3.40921588034752,4.70406360424028,0.309187279151943,0.8613074204947,0.301610541727672,0.66504854368932,4.00340557275542,24.4426966292135,35.632183908046,31.0108509423187,0.558926487747958,0.594249201277955,5.3639846743295,12.3563218390805,4.757343550447,6.0344827586206895,0.47024504084014,8.08823529411765,13.5723431498079,5.63380281690141,1.66453265044814,0.23803967327888,0.759803921568627,7.70814977973568,27.3977667493797,14.244905732241463,177
13.1447587354409,12.921626984127,0.525171624713959,0.530201342281879,5.82362728785358,14.2262895174709,2.05213533000555,0.610094287298946,0.512585812356979,3.47452934662237,5.4726368159204,0.746268656716418,3.53786622443339,0.196796338672769,0.686046511627907,5.94507042253521,25.025,31.7757009345794,29.1790461297889,0.500772200772201,0.583879423328965,12.1142655616293,27.6847116910598,6.01304884500088,10.1922059601481,0.515830115830116,4.02400282386163,7.08355414237767,0.971559795089207,2.08443737855503,0.155212355212355,0.587064676616915,7.37145135566188,26.599251497006,19.672131147541,15.3729838709677,0.569607843137255,0.612190812720848,2.17637083097795,5.31373657433578,1.27190503109101,3.64612775579423,0.484313725490196,2.2756183745583,3.64715860899067,0.197907831495618,1.13090189426067,0.201960784313726,0.650485436893204,7.63726235741445,25.3935222672065,20.4879328436516,16.3953488372093,0.592529711375212,0.611111111111111,1.57397691500525,3.80377754459601,1.73137460650577,3.09548793284365,0.371816638370119,3.44963273871983,4.45960125918153,0.865687303252886,2.07240293809024,0.434634974533107,0.703125,3.49378378378378,24.7844748858447,25.2259036144578,19.5583068428978,0.628450106157113,0.64299424184261,4.02861445783133,9.61972891566265,2.39081325301205,4.44277108433735,0.0,9.518424276694,13.3987544819777,1.69843366672957,1.03793168522363,0.528662420382166,0.714859437751004,4.38885350318471,0.0,0.3773113443278362,175
31.7757009345794,29.1790461297889,0.500772200772201,0.583879423328965,12.1142655616293,27.6847116910598,6.01304884500088,10.1922059601481,0.515830115830116,4.02400282386163,7.08355414237767,0.971559795089207,2.08443737855503,0.155212355212355,0.587064676616915,7.37145135566188,26.599251497006,32.5848303393214,25.9728708027574,0.578306878306878,0.61346516007533,3.1187624750499,7.31037924151697,2.69461077844311,6.61177644710579,0.452910052910053,2.37085101073122,4.21867199201198,0.224663005491762,1.82226660009985,0.255026455026455,0.655601659751037,6.40251450676983,26.0967289719626,17.9442508710801,14.9026763990268,0.567961165048544,0.582579185520362,4.21602787456446,10.0696864111498,1.67247386759582,2.36933797909408,0.395631067961165,3.44409830391139,4.50481430536451,0.515818431911967,1.6162310866575,0.300970873786408,0.717741935483871,6.27791164658635,24.6136645962733,20.4879328436516,16.3953488372093,0.592529711375212,0.611111111111111,1.57397691500525,3.80377754459601,1.73137460650577,3.09548793284365,0.371816638370119,3.44963273871983,4.45960125918153,0.865687303252886,2.07240293809024,0.434634974533107,0.703125,3.49378378378378,24.7844748858447,25.2259036144578,19.5583068428978,0.628450106157113,0.64299424184261,4.02861445783133,9.61972891566265,2.39081325301205,4.44277108433735,0.0,9.518424276694,13.3987544819777,1.69843366672957,1.03793168522363,0.528662420382166,0.714859437751004,4.38885350318471,0.0,-10.510510510510514,169
28.8701246481705,24.0652135388978,0.543264942016057,0.579656862745098,8.10213108162445,19.2601527945316,2.77442702050663,4.94571773220748,0.354148082069581,2.63608008854009,4.3705941591138,0.664652567975831,1.83282980866062,0.189116859946476,0.641509433962264,9.79406077348066,26.0682619647355,22.0852221214869,15.9327461969576,0.633982947624848,0.666301969365427,3.71713508612874,8.73980054397099,1.4687216681777,3.88032638259293,0.272838002436054,3.71074305367002,5.63787495482472,0.668594145283701,1.53595952294904,0.517661388550548,0.717647058823529,4.05276381909548,25.325,16.2393162393162,14.3044275609117,0.532710280373832,0.562244897959184,2.77040966696139,6.42499263188918,1.65045682287062,4.0377247273799,0.317757009345794,3.40046701692936,5.37727666955768,2.68863833477884,1.38768430182134,0.448598130841122,0.640625,4.23458904109589,24.6110294117647,26.0383684112498,20.2260072060269,0.595896946564886,0.61660777385159,3.07319798845223,7.15216986403427,1.93704600484262,3.6133358167256495,0.466603053435115,5.02793296089386,7.4846397318935,0.707503258238689,0.930925339787749,0.278625954198473,0.73972602739726,7.01520572450805,26.1333333333333,38.4230055658627,29.1612057667104,0.627292736610418,0.664198325820992,13.2838589981447,30.9461966604824,4.26716141001855,8.36734693877551,0.242112986060161,8.28072781284813,12.8576737272389,0.836120401337793,2.35971757710888,0.312545854732208,0.71830985915493,5.94472410454985,28.7139393939394,15.42404804634056,168
45.6533725418122,34.3567251461988,0.568538647342995,0.631701030927835,8.91380260981437,22.6061385774674,3.36335232494027,12.2955339092079,0.26268115942029,3.49534261735682,5.77563865235098,1.42539800074047,2.42502776749352,0.253019323671498,0.701670644391408,8.25954135954136,26.0310344827586,31.7832764505119,27.5095057034221,0.536815068493151,0.572419106317411,7.5938566552901,18.6433447098976,3.19965870307167,6.37798634812287,0.291095890410959,3.94230769230769,6.63527397260274,0.98458904109589,2.37585616438356,0.248287671232877,0.668965517241379,8.07125603864734,26.0382352941176,16.6358167515039,13.5804997951659,0.578414839797639,0.587418300653595,2.66080518278575,6.31652012956964,1.18000925497455,1.0643220731143,0.6964586846543,3.3868916888221,4.71240471240471,0.900900900900901,1.82490182490183,0.158516020236088,0.574468085106383,6.32333333333333,25.2265206812652,25.6727664155005,21.8016291327264,0.552941176470588,0.597744360902256,3.39074273412271,7.58880516684607,3.01399354144241,7.21205597416577,0.341176470588235,6.92162671694048,11.266846361186,3.8274932614555297,1.23989218328841,0.352941176470588,0.725,5.51383928571429,25.926724137931,19.3499392466586,16.8094218415418,0.58125,0.598684210526316,6.6221142162819,15.1579586877278,2.91616038882139,3.55407047387606,0.0395833333333333,9.30409623876961,13.6793893129771,1.89312977099237,1.43511450381679,0.420833333333333,0.727722772277228,5.91822125813449,25.5947368421053,13.319169027384334,167
14.4082332761578,13.8401559454191,0.55672268907563,0.574363992172211,8.89487870619946,21.3673119333497,3.13648615535408,2.05831903945112,0.44327731092437,2.04631785320426,3.23529411764706,0.392156862745098,1.76470588235294,0.329831932773109,0.592356687898089,4.98641509433962,25.8580952380952,23.6098450319052,21.3351134846462,0.497681607418856,0.537604456824513,2.97781829231237,7.17107262230325,2.52202977818292,4.70981464600425,0.50386398763524,2.92912429807255,4.51788963007884,0.303214069132808,1.45542753183748,0.244204018547141,0.525316455696203,6.77258566978193,25.6539877300614,18.4355997788834,14.8220380302292,0.592696629213483,0.601985559566787,2.70867882808181,6.6334991708126,1.49253731343284,1.32669983416252,0.473782771535581,3.34207982322884,4.99585978470881,0.828043058239029,1.60088324592879,0.411985018726592,0.659090909090909,3.15480427046263,24.4256916996047,31.2308478038815,28.7248322147651,0.522912423625255,0.546470062555853,8.01838610827375,18.8968335035751,4.21348314606742,7.9417773237998,0.311608961303462,4.67134652201659,7.78259760142894,0.433784128604236,1.17376881857617,0.410386965376782,0.607940446650124,4.28757396449704,25.5313725490196,23.6713588049411,18.8347564038172,0.627806563039724,0.64375,4.53892559609308,10.2269462798047,3.18873886814134,4.1367423154266,0.005181347150259,7.83443139501576,10.2256498143388,2.02799200228506,1.88517566409597,0.533678756476684,0.73462783171521,4.79027777777778,38.0,1.0508290523326167,167
15.3145520016946,13.9992432841468,0.547169811320755,0.570731707317073,12.815081550519,31.1374708748147,2.73247193391231,1.94873967379792,0.636363636363636,3.15228966986156,5.63289783679589,0.471192974941101,2.20603983722425,0.0291595197255574,0.823529411764706,13.1132075471698,25.822102425876,25.3840526700805,22.0877458396369,0.532058492688414,0.556149732620321,4.46232626188735,10.8997805413314,2.14581809314801,2.92611558156547,0.482564679415073,3.11203319502075,5.39946249694601,0.806254580991938,2.05228438797948,0.168728908886389,0.62,9.43891304347826,25.5795774647887,26.6278809577087,25.9763313609467,0.476214574898785,0.521929824561404,7.42895502349519,18.2143656298948,3.96061758782726,7.69747147012755,0.337044534412955,3.31066770705607,4.62016881386051,0.488671701466015,1.64371390493114,0.367408906882591,0.628099173553719,5.60732824427481,26.4498498498498,22.1467688937569,15.9937888198758,0.622254758418741,0.653100775193799,2.97918948521358,7.38225629791895,1.09529025191676,4.3592552026287,0.527086383601757,3.40921588034752,4.70406360424028,0.309187279151943,0.8613074204947,0.301610541727672,0.66504854368932,4.00340557275542,24.4426966292135,35.632183908046,31.0108509423187,0.558926487747958,0.594249201277955,5.3639846743295,12.3563218390805,4.757343550447,6.0344827586206895,0.47024504084014,8.08823529411765,13.5723431498079,5.63380281690141,1.66453265044814,0.23803967327888,0.759803921568627,7.70814977973568,27.3977667493797,8.42163203522773,166
32.1934945788157,27.0101195952162,0.562180579216354,0.599063962558502,10.5504587155963,24.9791492910759,3.9407839866555503,5.31693077564637,0.450596252129472,2.23685585868088,3.50031439949696,0.23055963110459,1.90735694822888,0.178875638841567,0.614285714285714,8.11720930232558,26.25,15.769770706598,12.719836400818,0.569288389513109,0.583044982698962,3.18203088441741,7.72110435189518,1.07627515208236,2.15255030416472,0.565543071161049,3.02044609665428,3.7378864790032313,0.738347946469774,1.47669589293955,0.370786516853933,0.636363636363636,2.42931034482759,24.2686666666667,36.6911130284728,30.7809523809524,0.531439393939394,0.57443915703603,7.63589301121657,19.1328731665229,3.21397756686799,7.80845556514236,0.479545454545455,3.47957639939486,5.73841489822434,0.368124729320052,2.05716760502382,0.190151515151515,0.605577689243028,8.39475982532751,26.4044233807267,29.2314526876944,23.2971372161895,0.604304635761589,0.635748792270531,5.01999111505997,12.9498000888494,3.22079075966237,6.7747667703243,0.253863134657837,7.33607926082601,11.0466413746931,2.52175853604106,1.36130328051774,0.47682119205298,0.761574074074074,4.02115384615385,25.3230434782609,23.1868824889636,15.9179145867998,0.70625,0.720915032679739,3.32142106369561,8.03027117931469,2.03910027328148,5.82299768761825,0.0078125,8.37443593241683,12.1961441743504,1.52975691533948,1.61357921207041,0.6625,0.778301886792453,3.39653543307087,25.42,7.68178893178893,160
28.989247311828,24.8056275453536,0.521333333333333,0.554166666666667,7.2258064516129,17.741935483871,3.0752688172043,4.17204301075269,0.527111111111111,2.0320395656381,3.5261234143195,0.107503762631692,1.29004515158031,0.164444444444444,0.621621621621622,7.98928571428572,26.8027027027027,28.9713541666667,25.5415332454323,0.51856884057971,0.552609776304888,4.296875,10.7421875,3.25520833333333,5.25173611111111,0.427536231884058,3.51944384097328,5.56763810352327,0.347977381470204,1.34841235319704,0.266304347826087,0.710884353741497,7.78655063291139,26.3065677966102,27.6354568125142,23.2246798603027,0.551008303677343,0.606573705179283,6.37043754250737,15.279981863523,4.44343686238948,8.43346180004534,0.405693950177936,5.89700056593096,9.3128390596745,0.791139240506329,1.60488245931284,0.384341637010676,0.654320987654321,4.33033932135729,25.5669590643275,16.9876733436055,14.5809224665234,0.552374301675978,0.570504527813713,3.37057010785824,8.43605546995378,2.09938366718028,2.42681047765794,0.502793296089386,4.33233850004814,5.3320500481232,0.962463907603465,2.23291626564004,0.35195530726257,0.623015873015873,2.98314606741573,24.8359331476323,15.8068057080132,13.7496155029222,0.557228915662651,0.576,2.81741675814124,7.061836809367,2.6344676180022,3.80534211489206,0.147590361445783,9.63436928702011,11.3262696382901,4.01899890390939,1.24223602484472,0.707831325301205,0.634042553191489,2.42650176678445,25.6591836734694,4.927626137303548,155
28.0554181098466,27.4552597119162,0.488565488565489,0.53415559772296,6.38297872340426,14.6462147451757,5.04700643245918,5.44285007422068,0.503118503118503,3.47547448853833,5.795677799607071,1.62082514734774,2.5049115913556,0.174636174636175,0.738095238095238,8.16234309623431,27.097520661157,14.9323274905702,12.3536299765808,0.543198529411765,0.567307692307692,3.01752828932771,7.36631905924118,1.37563789660528,2.10783226092745,0.606617647058824,1.87319884726225,3.01218161683278,0.753045404208195,2.19269102990033,0.137867647058824,0.746666666666667,10.4967289719626,25.0632218844985,16.5785381026439,15.3284671532847,0.494824016563147,0.5205078125,3.51477449455677,8.33592534992224,1.74183514774495,1.95956454121306,0.494824016563147,3.80907960199005,5.34659620764688,0.55952751010258,1.02580043518806,0.265010351966874,0.5859375,5.43155737704918,24.9686192468619,35.8929898439435,31.3426329555362,0.507321274763135,0.554957724827056,7.0349269259351,16.8689621005697,3.41837998513748,7.70374040128809,0.303186907838071,4.24159742031502,7.10382513661202,0.521609538002981,1.8628912071535,0.281653746770026,0.669724770642202,6.34907292954265,26.6538461538462,17.967072297781,14.5736434108527,0.615044247787611,0.630653266331658,4.9033643521832495,11.7036506800286,2.57695060844667,4.76020042949177,0.0825958702064896,8.29451809387316,10.6169296987088,3.51506456241033,1.75753228120517,0.710914454277286,0.726141078838174,2.98102893890675,26.5214285714286,-1.810623239194669,152
31.2420670897552,27.3160239668152,0.504523312456507,0.543381887270424,5.11332728921124,12.1305530371714,3.68087035358114,6.09247506799637,0.459986082115518,3.42883128694861,6.05839416058394,0.492700729927007,1.2956204379562,0.240083507306889,0.643478260869565,7.95309278350516,26.1428139183056,21.7651922281935,17.9743724767421,0.532960893854749,0.55421052631579,2.64572137246796,6.32492765605622,1.57089706490285,2.52170318313353,0.524022346368715,2.83585179051956,4.12520729684909,0.33167495854063,1.24378109452736,0.154189944134078,0.550724637681159,8.3981220657277,25.4429487179487,21.4791851195748,17.7208083832335,0.574605451936872,0.599505562422744,5.86802480070859,14.6368467670505,3.05580159433127,5.46944198405669,0.130559540889527,6.23893805309735,8.22281167108753,1.96728558797524,2.14412024756852,0.51219512195122,0.719887955182073,5.20082508250825,25.1604395604396,23.3882030178326,19.0516995144245,0.54226618705036,0.566445182724253,2.84636488340192,6.89300411522634,2.22908093278464,3.56652949245542,0.330935251798561,6.19756890943332,8.0,1.70940170940171,3.31623931623932,0.426258992805755,0.666666666666667,4.59354838709677,25.1142076502732,29.7457974579746,26.5380604796663,0.505249343832021,0.543445692883895,7.62607626076261,18.7576875768758,3.9770397703977,8.77408774087741,0.0787401574803149,8.11674917491749,10.8966376089664,1.26608551266086,1.74346201743462,0.416447944006999,0.651260504201681,5.89078822412156,26.1224719101124,16.414565826330517,149
20.5778301886792,18.4210526315789,0.577490774907749,0.6,6.13207547169811,14.4457547169811,3.125,2.65330188679245,0.44280442804428,3.18960425280567,5.14792899408284,1.00591715976331,2.48520710059172,0.261992619926199,0.661971830985916,6.31192052980132,25.1408333333333,14.6953405017921,12.6048700634336,0.600194552529183,0.612359550561798,3.47222222222222,8.13172043010753,1.83691756272401,1.0752688172043,0.651750972762646,3.2182103610675,5.68028738212842,0.336775931746745,1.70633138751684,0.192607003891051,0.585858585858586,5.32122905027933,24.8208955223881,23.767258382643,23.9760903254372,0.492924528301887,0.513874066168623,3.74753451676529,9.4181459566075,3.59960552268245,4.98027613412229,0.369103773584906,4.55833435998522,7.78133464663876,0.46786505786752,0.886481162275302,0.275943396226415,0.705128205128205,6.15663551401869,26.0095846645367,43.2731137088204,35.2770805174744,0.606520090978014,0.628007402837755,9.20297555791711,23.8894792773645,4.37832093517535,15.0265674814028,0.0477634571645185,8.50021303792075,13.9013452914798,1.66559897501602,1.2385223147555,0.565579984836998,0.749329758713137,6.05461783439491,26.7492063492064,19.9005926209138,15.9916201117318,0.598837209302326,0.625600961538462,2.73370292487096,6.70999808831963,1.60581150831581,2.63811890651883,0.481912144702842,3.85205059409736,5.552353506244,2.84341978866475,0.960614793467819,0.255813953488372,0.777777777777778,6.04488778054863,26.7632707774799,12.774632210607804,146
18.4574976122254,16.0008410428932,0.55275974025974,0.579939668174962,5.32473734479465,12.7507163323782,2.36389684813754,2.81757402101242,0.600649350649351,3.14210902166151,5.00711912672046,0.806834361651637,1.18652112007594,0.196428571428571,0.644628099173554,6.34024390243903,25.0137837837838,37.5150784077202,31.3552891182273,0.546526054590571,0.594557449147883,6.18645528175082,15.3024297777012,4.29088402550405,8.54730311907634,0.503101736972705,3.8816527214698495,6.71848013816926,0.880829015544042,1.57167530224525,0.221464019851117,0.633053221288515,7.66042446941323,25.9474722564735,19.1168036704263,16.3937165775401,0.537170263788969,0.562570462232244,3.11603899827949,7.72318868285223,1.8160963486905,2.44695086981457,0.363309352517986,4.48870675688554,6.4804256936526,1.40630938806537,2.09045990117826,0.298561151079137,0.706827309236948,6.06817325800377,24.5356435643564,28.8272157564906,25.3152088258471,0.542066027689031,0.591368227731864,7.22918531781558,18.3751119068935,4.38675022381379,7.49776186213071,0.334398296059638,5.45169595880443,7.68197088465846,0.358342665173572,1.05263157894737,0.312034078807242,0.703071672354949,6.00208,25.1821656050955,18.1475272422464,13.2054794520548,0.668627450980392,0.681889763779528,2.66135792120704,6.85247275775356,1.8650461022632,5.720871751886,0.0,8.23109992660166,10.912906610703,2.18258132214061,1.17523609653725,0.835294117647059,0.755868544600939,2.35823529411765,0.0,5.057857409481159,146
15.3145520016946,13.9992432841468,0.547169811320755,0.570731707317073,12.815081550519,31.1374708748147,2.73247193391231,1.94873967379792,0.636363636363636,3.15228966986156,5.63289783679589,0.471192974941101,2.20603983722425,0.0291595197255574,0.823529411764706,13.1132075471698,25.822102425876,25.3840526700805,22.0877458396369,0.532058492688414,0.556149732620321,4.46232626188735,10.8997805413314,2.14581809314801,2.92611558156547,0.482564679415073,3.11203319502075,5.39946249694601,0.806254580991938,2.05228438797948,0.168728908886389,0.62,9.43891304347826,25.5795774647887,26.6278809577087,25.9763313609467,0.476214574898785,0.521929824561404,7.42895502349519,18.2143656298948,3.96061758782726,7.69747147012755,0.337044534412955,3.31066770705607,4.62016881386051,0.488671701466015,1.64371390493114,0.367408906882591,0.628099173553719,5.60732824427481,26.4498498498498,22.1467688937569,15.9937888198758,0.622254758418741,0.653100775193799,2.97918948521358,7.38225629791895,1.09529025191676,4.3592552026287,0.527086383601757,3.40921588034752,4.70406360424028,0.309187279151943,0.8613074204947,0.301610541727672,0.66504854368932,4.00340557275542,24.4426966292135,13.3704735376045,12.6254180602007,0.587719298245614,0.576,2.87836583101207,7.14948932219127,2.41411327762303,2.32126276694522,0.0,7.34542073454207,10.707635009311,2.1415270018622,1.48975791433892,0.508771929824561,0.706896551724138,4.42368421052632,0.0,-6.614780902550692,138
28.989247311828,24.8056275453536,0.521333333333333,0.554166666666667,7.2258064516129,17.741935483871,3.0752688172043,4.17204301075269,0.527111111111111,2.0320395656381,3.5261234143195,0.107503762631692,1.29004515158031,0.164444444444444,0.621621621621622,7.98928571428572,26.8027027027027,28.9713541666667,25.5415332454323,0.51856884057971,0.552609776304888,4.296875,10.7421875,3.25520833333333,5.25173611111111,0.427536231884058,3.51944384097328,5.56763810352327,0.347977381470204,1.34841235319704,0.266304347826087,0.710884353741497,7.78655063291139,26.3065677966102,21.6501439078989,19.5478356768679,0.466898954703833,0.524844720496895,3.22993284298049,7.83498560921011,2.07866965142309,5.30860249440358,0.515679442508711,2.60674876059491,4.38259756877799,1.47152911068458,1.31158029430582,0.25609756097561,0.462585034013605,6.43848920863309,24.9719594594595,16.9876733436055,14.5809224665234,0.552374301675978,0.570504527813713,3.37057010785824,8.43605546995378,2.09938366718028,2.42681047765794,0.502793296089386,4.33233850004814,5.3320500481232,0.962463907603465,2.23291626564004,0.35195530726257,0.623015873015873,2.98314606741573,24.8359331476323,23.5198040016333,20.1431127012522,0.572649572649573,0.581818181818182,2.61331155573704,6.4924458962842,2.81747652102899,2.44997958350347,0.0683760683760683,8.30605564648118,11.5621156211562,1.5990159901599,1.2710127101271,0.403846153846154,0.740740740740741,7.21422018348624,24.36875,-34.41797798510309,137
15.3145520016946,13.9992432841468,0.547169811320755,0.570731707317073,12.815081550519,31.1374708748147,2.73247193391231,1.94873967379792,0.636363636363636,3.15228966986156,5.63289783679589,0.471192974941101,2.20603983722425,0.0291595197255574,0.823529411764706,13.1132075471698,25.822102425876,25.3840526700805,22.0877458396369,0.532058492688414,0.556149732620321,4.46232626188735,10.8997805413314,2.14581809314801,2.92611558156547,0.482564679415073,3.11203319502075,5.39946249694601,0.806254580991938,2.05228438797948,0.168728908886389,0.62,9.43891304347826,25.5795774647887,22.1467688937569,15.9937888198758,0.622254758418741,0.653100775193799,2.97918948521358,7.38225629791895,1.09529025191676,4.3592552026287,0.527086383601757,3.40921588034752,4.70406360424028,0.309187279151943,0.8613074204947,0.301610541727672,0.66504854368932,4.00340557275542,24.4426966292135,21.7930545712261,18.7112763320942,0.565310492505353,0.59021113243762,4.53579021970234,10.9496810772502,2.94117647058824,4.42948263642807,0.197002141327623,6.21908127208481,7.92811839323467,0.951374207188161,1.58562367864693,0.618843683083512,0.681660899653979,3.14693333333333,25.0163043478261,35.632183908046,31.0108509423187,0.558926487747958,0.594249201277955,5.3639846743295,12.3563218390805,4.757343550447,6.0344827586206895,0.47024504084014,8.08823529411765,13.5723431498079,5.63380281690141,1.66453265044814,0.23803967327888,0.759803921568627,7.70814977973568,27.3977667493797,16.0,136
22.7111111111111,21.8799682034976,0.530701754385965,0.567777777777778,11.1777777777778,27.1777777777778,4.48888888888889,4.97777777777778,0.348370927318296,6.2770322723744,9.71883993801196,0.996236440115121,1.85964135488156,0.319548872180451,0.576470588235294,5.34326923076923,25.3395683453237,28.7812321190158,24.3238616912016,0.549509366636931,0.599839615076183,6.29410642761778,15.7734121686058,3.37592981117681,5.8554262826626,0.520963425512935,2.60371959942775,4.73101869515452,0.305227012590614,1.31629149179702,0.256913470115968,0.638888888888889,5.84134078212291,26.5751712328767,19.4017094017094,17.5132676269901,0.53476821192053,0.543130990415335,4.44444444444445,10.5982905982906,1.90883190883191,1.3960113960114,0.647350993377484,2.92397660818713,4.99857183661811,0.656955155669809,1.88517566409597,0.167218543046358,0.732673267326733,6.17089201877934,25.7028132992327,21.1627191633344,18.5784851811197,0.540540540540541,0.570480928689884,2.43002153183636,5.99815441402645,2.27622270070747,3.32205475238388,0.479279279279279,4.28417321621205,6.88696726374305,2.31624459542928,0.895614576899321,0.369369369369369,0.590243902439024,3.6636678200692,24.5860902255639,27.700205338809,22.5341706686369,0.592003853564547,0.612624886466848,5.25667351129363,13.305954825462,2.4435318275154,3.05954825462012,0.309248554913295,7.56328462646635,11.4892739273927,1.07260726072607,1.25825082508251,0.261078998073218,0.660516605166052,6.45620641562064,25.9619937694704,3.571032767304118,134
28.989247311828,24.8056275453536,0.521333333333333,0.554166666666667,7.2258064516129,17.741935483871,3.0752688172043,4.17204301075269,0.527111111111111,2.0320395656381,3.5261234143195,0.107503762631692,1.29004515158031,0.164444444444444,0.621621621621622,7.98928571428572,26.8027027027027,28.9713541666667,25.5415332454323,0.51856884057971,0.552609776304888,4.296875,10.7421875,3.25520833333333,5.25173611111111,0.427536231884058,3.51944384097328,5.56763810352327,0.347977381470204,1.34841235319704,0.266304347826087,0.710884353741497,7.78655063291139,26.3065677966102,27.6354568125142,23.2246798603027,0.551008303677343,0.606573705179283,6.37043754250737,15.279981863523,4.44343686238948,8.43346180004534,0.405693950177936,5.89700056593096,9.3128390596745,0.791139240506329,1.60488245931284,0.384341637010676,0.654320987654321,4.33033932135729,25.5669590643275,16.9876733436055,14.5809224665234,0.552374301675978,0.570504527813713,3.37057010785824,8.43605546995378,2.09938366718028,2.42681047765794,0.502793296089386,4.33233850004814,5.3320500481232,0.962463907603465,2.23291626564004,0.35195530726257,0.623015873015873,2.98314606741573,24.8359331476323,23.5198040016333,20.1431127012522,0.572649572649573,0.581818181818182,2.61331155573704,6.4924458962842,2.81747652102899,2.44997958350347,0.0683760683760683,8.30605564648118,11.5621156211562,1.5990159901599,1.2710127101271,0.403846153846154,0.740740740740741,7.21422018348624,24.36875,5.384935497295047,134
22.6526891522334,23.693729903537,0.505415162454874,0.530416221985059,10.4147675478578,23.0856882406563,5.51504102096627,5.30993618960802,0.350180505415162,4.18652144315861,6.03253502033439,0.835969272480795,2.39493899683687,0.38748495788207,0.645962732919255,5.35148148148148,25.2164948453608,22.0852221214869,15.9327461969576,0.633982947624848,0.666301969365427,3.71713508612874,8.73980054397099,1.4687216681777,3.88032638259293,0.272838002436054,3.71074305367002,5.63787495482472,0.668594145283701,1.53595952294904,0.517661388550548,0.717647058823529,4.05276381909548,25.325,26.0383684112498,20.2260072060269,0.595896946564886,0.61660777385159,3.07319798845223,7.15216986403427,1.93704600484262,3.6133358167256495,0.466603053435115,5.02793296089386,7.4846397318935,0.707503258238689,0.930925339787749,0.278625954198473,0.73972602739726,7.01520572450805,26.1333333333333,24.8504983388704,19.078368065747,0.606639839034205,0.648180242634315,5.4485049833887,12.6910299003322,2.42524916943522,5.9468438538206,0.346076458752515,4.11186948560013,5.57223890557224,0.467133800467134,0.767434100767434,0.426559356136821,0.64622641509434,4.74215384615385,25.121511627907,38.4230055658627,29.1612057667104,0.627292736610418,0.664198325820992,13.2838589981447,30.9461966604824,4.26716141001855,8.36734693877551,0.242112986060161,8.28072781284813,12.8576737272389,0.836120401337793,2.35971757710888,0.312545854732208,0.71830985915493,5.94472410454985,28.7139393939394,24.85293331194181,128
14.4082332761578,13.8401559454191,0.55672268907563,0.574363992172211,8.89487870619946,21.3673119333497,3.13648615535408,2.05831903945112,0.44327731092437,2.04631785320426,3.23529411764706,0.392156862745098,1.76470588235294,0.329831932773109,0.592356687898089,4.98641509433962,25.8580952380952,23.6098450319052,21.3351134846462,0.497681607418856,0.537604456824513,2.97781829231237,7.17107262230325,2.52202977818292,4.70981464600425,0.50386398763524,2.92912429807255,4.51788963007884,0.303214069132808,1.45542753183748,0.244204018547141,0.525316455696203,6.77258566978193,25.6539877300614,31.2308478038815,28.7248322147651,0.522912423625255,0.546470062555853,8.01838610827375,18.8968335035751,4.21348314606742,7.9417773237998,0.311608961303462,4.67134652201659,7.78259760142894,0.433784128604236,1.17376881857617,0.410386965376782,0.607940446650124,4.28757396449704,25.5313725490196,28.2746160794941,27.1259842519685,0.481655691439323,0.520066889632107,8.53658536585366,19.8509485094851,4.17795844625113,6.82023486901536,0.26340545625588,5.66080288678394,8.85135135135135,1.41891891891892,2.09459459459459,0.26340545625588,0.646428571428572,7.76257982120051,26.245,23.6713588049411,18.8347564038172,0.627806563039724,0.64375,4.53892559609308,10.2269462798047,3.18873886814134,4.1367423154266,0.005181347150259,7.83443139501576,10.2256498143388,2.02799200228506,1.88517566409597,0.533678756476684,0.73462783171521,4.79027777777778,38.0,-3.697763521340107,126
15.3145520016946,13.9992432841468,0.547169811320755,0.570731707317073,12.815081550519,31.1374708748147,2.73247193391231,1.94873967379792,0.636363636363636,3.15228966986156,5.63289783679589,0.471192974941101,2.20603983722425,0.0291595197255574,0.823529411764706,13.1132075471698,25.822102425876,31.2955812955813,28.0751708428246,0.514187446259673,0.558575803981623,8.40840840840841,20.2702702702703,3.73230373230373,6.82110682110682,0.327601031814273,3.20292347377472,5.2563550193882,0.53856096510125,1.96036191296855,0.205503009458298,0.669456066945607,8.68734015345269,25.8590551181102,25.3840526700805,22.0877458396369,0.532058492688414,0.556149732620321,4.46232626188735,10.8997805413314,2.14581809314801,2.92611558156547,0.482564679415073,3.11203319502075,5.39946249694601,0.806254580991938,2.05228438797948,0.168728908886389,0.62,9.43891304347826,25.5795774647887,22.1467688937569,15.9937888198758,0.622254758418741,0.653100775193799,2.97918948521358,7.38225629791895,1.09529025191676,4.3592552026287,0.527086383601757,3.40921588034752,4.70406360424028,0.309187279151943,0.8613074204947,0.301610541727672,0.66504854368932,4.00340557275542,24.4426966292135,13.3704735376045,12.6254180602007,0.587719298245614,0.576,2.87836583101207,7.14948932219127,2.41411327762303,2.32126276694522,0.0,7.34542073454207,10.707635009311,2.1415270018622,1.48975791433892,0.508771929824561,0.706896551724138,4.42368421052632,0.0,-7.553127806046092,125
21.6183935503135,17.6501169742657,0.544014084507042,0.5784,2.86652732158853,7.19617796357122,1.61242161839355,3.97133472678412,0.59330985915493,2.80623608017817,4.04607206142942,0.915534554046072,1.74246898995865,0.193661971830986,0.718181818181818,5.50995670995671,24.9598214285714,27.3450824332007,20.9435846230654,0.53109243697479,0.624183006535948,8.47072200113701,22.1716884593519,2.10346787947698,11.1426947129051,0.174789915966387,4.19928825622776,4.8759623609923,0.513259195893926,2.19560878243513,0.421848739495798,0.701195219123506,5.72912423625255,25.0798076923077,21.3795077275329,18.4909406800695,0.536565977742448,0.557462686567164,6.29650829994276,15.7126502575844,2.14653692043503,2.71894676588437,0.491255961844197,4.65349369988545,7.44985673352436,0.372492836676218,1.97707736389685,0.158982511923688,0.66,8.248125,26.4355987055016,15.0355653666912,16.2045060658579,0.50294695481336,0.53304347826087,9.39416237429482,22.6391954868776,4.26784400294334,3.6055923473142,0.483300589390963,5.07352941176471,8.32721038452119,1.73891746265001,2.42468772961058,0.24950884086444,0.582677165354331,5.4212927756654,24.983606557377,24.4780417566595,20.4749679075738,0.582116788321168,0.594405594405594,4.03167746580274,10.2951763858891,2.37580993520518,1.9438444924406,0.653284671532847,5.32949225783219,8.14121037463977,1.29682997118156,1.15273775216138,0.18978102189781,0.5,4.90947368421053,25.6614525139665,17.929645126297856,125
36.5405405405405,29.5610687022901,0.550833333333333,0.60310021629416,10.2702702702703,23.7189189189189,3.54594594594595,9.68648648648649,0.330833333333333,2.02688055495339,3.47750489024125,0.173875244512063,1.30406433384047,0.188333333333333,0.641592920353982,8.58742216687422,25.6345088161209,18.1018119068162,15.4208447280462,0.578673602080624,0.612018669778296,7.79982743744607,18.8610871440897,2.72648835202761,3.53753235547886,0.327698309492848,6.3468825353083,9.90201134605467,0.464156781846313,2.04572803850782,0.449934980494148,0.708092485549133,4.49419729206963,25.2230158730159,23.7110016420361,19.7140381282496,0.569737954353339,0.585158150851582,5.02463054187192,12.2331691297209,2.16748768472906,1.9376026272578,0.391377852916314,2.12155963302752,3.07289964040536,0.70284406668846,1.2258908139915,0.202874049027895,0.758333333333333,7.91680555555556,25.2822510822511,24.4325521313896,19.8669047232592,0.557673509286413,0.589572192513369,3.02638863258904,7.23380697545673,1.8822661007566,4.17051116442148,0.449657869012708,3.30380214101144,4.81816503599779,1.19992615839025,2.03064426804504,0.376344086021505,0.654545454545455,4.52326820603908,24.656455142232,16.079762409843,14.8189209164819,0.516819571865444,0.532303370786517,2.33347475604582,5.47305897327111,1.90920661858294,2.92745014849385,0.110091743119266,6.67649536647009,9.03387703889586,1.75658720200753,1.96570472605604,0.581039755351682,0.621052631578947,3.97079037800687,23.8194444444444,-8.891338582677164,124
16.5434906196703,14.4466700050075,0.53525641025641,0.567729083665339,9.06765207504264,21.6031836270608,2.13189312109153,2.55827174530984,0.662393162393162,2.59814418272662,4.30169199885288,0.401491253226269,2.26555778606252,0.11965811965812,0.535714285714286,7.8120253164557,25.2616129032258,18.4574976122254,16.0008410428932,0.55275974025974,0.579939668174962,5.32473734479465,12.7507163323782,2.36389684813754,2.81757402101242,0.600649350649351,3.14210902166151,5.00711912672046,0.806834361651637,1.18652112007594,0.196428571428571,0.644628099173554,6.34024390243903,25.0137837837838,22.2051597051597,19.5168295331162,0.567340067340067,0.578778135048232,6.91031941031941,16.1547911547912,3.00982800982801,1.93488943488944,0.737373737373737,3.48570554961015,5.96651445966514,0.517503805175038,2.22222222222222,0.153198653198653,0.582417582417583,4.48974358974359,26.1139269406393,25.4985435805512,21.5697904310004,0.556338028169014,0.577235772357724,4.05556800358503,10.2621555007842,2.41989693031593,3.20412278736276,0.500541711809317,5.37055723735845,8.70736086175943,1.61579892280072,1.32405745062837,0.24160346695558,0.659192825112108,4.9119305856833,25.7887445887446,18.1475272422464,13.2054794520548,0.668627450980392,0.681889763779528,2.66135792120704,6.85247275775356,1.8650461022632,5.720871751886,0.0,8.23109992660166,10.912906610703,2.18258132214061,1.17523609653725,0.835294117647059,0.755868544600939,2.35823529411765,0.0,26.86624649859944,123
18.4574976122254,16.0008410428932,0.55275974025974,0.579939668174962,5.32473734479465,12.7507163323782,2.36389684813754,2.81757402101242,0.600649350649351,3.14210902166151,5.00711912672046,0.806834361651637,1.18652112007594,0.196428571428571,0.644628099173554,6.34024390243903,25.0137837837838,22.2051597051597,19.5168295331162,0.567340067340067,0.578778135048232,6.91031941031941,16.1547911547912,3.00982800982801,1.93488943488944,0.737373737373737,3.48570554961015,5.96651445966514,0.517503805175038,2.22222222222222,0.153198653198653,0.582417582417583,4.48974358974359,26.1139269406393,37.5150784077202,31.3552891182273,0.546526054590571,0.594557449147883,6.18645528175082,15.3024297777012,4.29088402550405,8.54730311907634,0.503101736972705,3.8816527214698495,6.71848013816926,0.880829015544042,1.57167530224525,0.221464019851117,0.633053221288515,7.66042446941323,25.9474722564735,25.4985435805512,21.5697904310004,0.556338028169014,0.577235772357724,4.05556800358503,10.2621555007842,2.41989693031593,3.20412278736276,0.500541711809317,5.37055723735845,8.70736086175943,1.61579892280072,1.32405745062837,0.24160346695558,0.659192825112108,4.9119305856833,25.7887445887446,18.1475272422464,13.2054794520548,0.668627450980392,0.681889763779528,2.66135792120704,6.85247275775356,1.8650461022632,5.720871751886,0.0,8.23109992660166,10.912906610703,2.18258132214061,1.17523609653725,0.835294117647059,0.755868544600939,2.35823529411765,0.0,18.45255911403771,123
33.3717712177122,27.4608150470219,0.546875,0.620555073720729,9.45571955719557,22.6476014760148,3.73616236162362,9.06365313653137,0.528225806451613,3.13584818329091,5.62006502554575,0.2322340919647,1.6256386437529,0.201612903225806,0.605,8.60192307692308,27.268893129771,21.2371134020619,17.2891707775429,0.567732115677321,0.592219020172911,2.24226804123711,5.38659793814433,1.08247422680412,2.37113402061856,0.659056316590563,2.16634429400387,3.81935483870968,0.129032258064516,1.85806451612903,0.0882800608828006,0.53448275862069,10.4147321428571,25.6237875288684,15.8094681472823,12.6636387924125,0.612028301886793,0.623271889400922,3.15604909409702,8.32846288720047,1.16890707188779,0.789012273524255,0.856132075471698,2.54945054945055,4.58419042021746,0.205700852189245,1.08727593300029,0.0306603773584905,0.615384615384615,12.7360655737705,25.8911845730028,26.4797507788162,24.0675580577058,0.520168067226891,0.542264752791069,4.04984423676013,10.2803738317757,2.2196261682243,2.84267912772586,0.299159663865546,8.02734375,12.5783699059561,1.01880877742947,1.37147335423198,0.213445378151261,0.653543307086614,9.12805755395683,25.5926966292135,19.9005926209138,15.9916201117318,0.598837209302326,0.625600961538462,2.73370292487096,6.70999808831963,1.60581150831581,2.63811890651883,0.481912144702842,3.85205059409736,5.552353506244,2.84341978866475,0.960614793467819,0.255813953488372,0.777777777777778,6.04488778054863,26.7632707774799,18.987619336774287,121
36.5405405405405,29.5610687022901,0.550833333333333,0.60310021629416,10.2702702702703,23.7189189189189,3.54594594594595,9.68648648648649,0.330833333333333,2.02688055495339,3.47750489024125,0.173875244512063,1.30406433384047,0.188333333333333,0.641592920353982,8.58742216687422,25.6345088161209,18.1018119068162,15.4208447280462,0.578673602080624,0.612018669778296,7.79982743744607,18.8610871440897,2.72648835202761,3.53753235547886,0.327698309492848,6.3468825353083,9.90201134605467,0.464156781846313,2.04572803850782,0.449934980494148,0.708092485549133,4.49419729206963,25.2230158730159,23.7110016420361,19.7140381282496,0.569737954353339,0.585158150851582,5.02463054187192,12.2331691297209,2.16748768472906,1.9376026272578,0.391377852916314,2.12155963302752,3.07289964040536,0.70284406668846,1.2258908139915,0.202874049027895,0.758333333333333,7.91680555555556,25.2822510822511,24.4325521313896,19.8669047232592,0.557673509286413,0.589572192513369,3.02638863258904,7.23380697545673,1.8822661007566,4.17051116442148,0.449657869012708,3.30380214101144,4.81816503599779,1.19992615839025,2.03064426804504,0.376344086021505,0.654545454545455,4.52326820603908,24.656455142232,7.79014308426073,7.66016713091922,0.633802816901409,0.636363636363636,2.62321144674086,6.67726550079491,2.62321144674086,1.03338632750397,0.0,7.81746031746032,9.98415213946117,1.50554675118859,0.792393026941363,0.845070422535211,0.683333333333333,2.41549295774648,0.0,-4.142535392535393,120
14.4082332761578,13.8401559454191,0.55672268907563,0.574363992172211,8.89487870619946,21.3673119333497,3.13648615535408,2.05831903945112,0.44327731092437,2.04631785320426,3.23529411764706,0.392156862745098,1.76470588235294,0.329831932773109,0.592356687898089,4.98641509433962,25.8580952380952,33.5950337776155,27.6682418119602,0.563907044299201,0.605596269153897,7.74146430527661,19.0980463757532,3.61511776519993,5.97042176373927,0.486564996368918,3.65150544522742,6.67889908256881,0.311926605504587,1.26605504587156,0.163398692810458,0.657777777777778,7.47708628005658,26.4925261584454,28.6625897367721,24.2960204794042,0.526881720430108,0.56984126984127,4.20101036958256,10.582291943632,2.6322786492954,6.83328901887796,0.415770609318996,3.56004250797024,4.77833820015928,1.32731616671091,1.59277940005309,0.225806451612903,0.582010582010582,6.85910020449898,25.6239193083573,26.5798905866818,23.8896366083446,0.520664869721474,0.557494052339413,6.35729107715525,15.8837955102811,3.0371627994718,6.16864742501415,0.198562443845463,7.06603773584906,10.6435176448387,1.00018871485186,1.84940554821664,0.238993710691824,0.699248120300752,7.87656950672646,25.3677272727273,20.935960591133,17.4091627172196,0.591594827586207,0.602226720647773,2.11118930330753,5.03166783954961,2.00562983814215,2.35749472202674,0.239224137931034,8.29097283085013,12.4694376528117,2.47991617184771,1.36220747467691,0.493534482758621,0.707423580786026,4.15212464589235,25.654954954955,-1.5117157974300852,120
20.2263926124516,20.0742508618404,0.462204724409449,0.495594713656388,4.97467977360739,12.2132856717307,2.32350312779267,3.2171581769437,0.48503937007874,3.5490605427975,5.79277396237683,0.418035234398328,1.10480740519558,0.223622047244094,0.577464788732394,6.82324159021407,25.0272727272727,33.5950337776155,27.6682418119602,0.563907044299201,0.605596269153897,7.74146430527661,19.0980463757532,3.61511776519993,5.97042176373927,0.486564996368918,3.65150544522742,6.67889908256881,0.311926605504587,1.26605504587156,0.163398692810458,0.657777777777778,7.47708628005658,26.4925261584454,13.2593619972261,11.4067504311407,0.571611253196931,0.584352078239609,3.10679611650485,7.57281553398058,1.49791955617198,1.19278779472954,0.595907928388747,3.48595933047448,4.96688741721854,1.02097130242826,1.87637969094923,0.237851662404092,0.666666666666667,4.23860759493671,24.6944206008584,20.6671501087745,20.0709906421426,0.501082251082251,0.54293893129771,6.0188542422045,14.902102973169,3.55329949238579,5.14865844815083,0.257575757575758,5.26029385089788,7.47731397459165,0.508166969147005,2.21415607985481,0.413419913419913,0.612565445026178,4.50466472303207,25.3042016806723,26.5798905866818,23.8896366083446,0.520664869721474,0.557494052339413,6.35729107715525,15.8837955102811,3.0371627994718,6.16864742501415,0.198562443845463,7.06603773584906,10.6435176448387,1.00018871485186,1.84940554821664,0.238993710691824,0.699248120300752,7.87656950672646,25.3677272727273,-17.62304921968787,120
25.547119249665,19.0098626958035,0.619515011547344,0.632630410654828,6.23046002679768,15.4086645824029,1.85350602947744,1.87583742742296,0.722863741339492,3.43669539908206,4.60157126823794,0.314253647586981,1.5712682379349,0.146651270207852,0.755905511811024,6.77958333333333,26.9126198083067,19.9867855963,14.3635321100917,0.626582278481013,0.631799163179916,2.11430459200529,5.41790551701355,0.7598282127519,0.363396101750909,0.841772151898734,3.71291231559755,5.988023952095809,0.432468396540253,1.36393878908849,0.0675105485232067,0.71875,8.86133333333333,25.5932330827068,36.4528301886792,30.6823841939233,0.537201365187713,0.582471089470481,8.13207547169811,21.0943396226415,3.94339622641509,8.30188679245283,0.496928327645051,5.89515518546556,10.9149582384207,0.721336370539104,1.44267274107821,0.227986348122867,0.724550898203593,7.54436906377205,26.6873626373626,16.2832929782082,13.9850825785828,0.546637744034707,0.561586638830898,3.87409200968523,10.3208232445521,1.39225181598063,1.1501210653753,0.681127982646421,5.58921538927598,8.79320800485143,1.54639175257732,1.09157064887811,0.164859002169197,0.697368421052632,5.37959183673469,25.321974522293,16.6666666666667,11.4331723027375,0.667857142857143,0.680555555555556,4.42176870748299,11.6780045351474,1.17157974300831,3.66591080876795,0.0107142857142857,7.33598033654755,7.49148694665153,2.68634127884979,1.36208853575482,0.8,0.732142857142857,2.56714801444043,27.2666666666667,12.629128753630994,120
38.021836865767504,34.9364289662797,0.494017946161515,0.533605812897366,11.1111111111111,26.8143866409762,5.36287732819525,7.3538856775851,0.52642073778664,3.73651151554196,5.97738287560582,0.420032310177706,1.74474959612278,0.176470588235294,0.542372881355932,6.80715789473684,27.6292220113852,13.1496881496882,11.8126272912424,0.542755344418052,0.559734513274336,2.80665280665281,6.808731808731809,1.81912681912682,1.87110187110187,0.589073634204276,2.23492723492724,3.01455301455301,0.38981288981289,1.92307692307692,0.209026128266033,0.602272727272727,6.0242774566474,24.354693877551,21.1071428571429,20.9076682316119,0.482394366197183,0.500853242320819,5.17857142857143,12.4285714285714,2.92857142857143,1.64285714285714,0.538732394366197,2.29390681003584,4.13669064748201,0.215827338129496,0.611510791366906,0.079225352112676,0.577777777777778,9.81564885496183,26.0016501650165,31.1526479750779,27.8197064989518,0.495408631772268,0.542785234899329,5.94296669063024,14.1385094656123,3.25904624970046,6.08674814282291,0.413223140495868,5.7673860911271,9.81521478281738,1.07991360691145,1.05591552675786,0.297520661157025,0.657407407407407,5.20453834115806,26.0566964285714,27.8307756117793,21.3946695874407,0.605381165919283,0.651456310679612,4.52094566569888,11.4475321443385,2.94483616756533,6.76068021567814,0.0089686098654708,9.28541753219776,13.1086142322097,2.24719101123596,1.33166874739908,0.665919282511211,0.717171717171717,3.58099547511312,25.975,-13.708212209302332,120
18.7811508835523,16.3565732978941,0.569546120058565,0.584626234132581,9.71907566832805,24.2863615768011,2.06162211146353,1.29134571816946,0.587115666178624,2.22803228373309,3.55920602327173,0.182523385808807,1.57426420260096,0.0834553440702781,0.754385964912281,8.57517730496454,25.1605985037406,26.0242354298904,22.5619399051133,0.570605187319885,0.594986807387863,5.62608193883439,13.6757068667051,2.85631852279285,3.95268320830929,0.380403458213257,2.55116748342462,4.11866359447005,0.806451612903226,1.6705069124424,0.19164265129683,0.736842105263158,8.9793023255814,25.2068181818182,33.9692633810281,29.0546949098957,0.525,0.586983343615052,9.34463875640346,23.8827062356474,3.88623918035683,8.53206147323794,0.388028169014085,2.69983181375587,4.06316536550745,0.28388928317956,1.18878637331441,0.141549295774648,0.691542288557214,10.1010356731876,25.9308529945554,35.5339805825243,28.8208750245242,0.597864768683274,0.642298670836591,5.67421790722762,13.4843581445523,4.09924487594391,7.78856526429342,0.330960854092527,4.04280618311534,7.60398613518198,1.66811091854419,1.08318890814558,0.110320284697509,0.790322580645161,10.4723404255319,25.5088709677419,21.0404087320019,20.8955223880597,0.522727272727273,0.555147058823529,5.34138411518811,13.2837900603809,4.50534138411519,5.94519275429633,0.298295454545455,9.24721189591078,14.5513714551371,1.58066015806602,1.85960018596002,0.380681818181818,0.626865671641791,4.23562753036437,26.2504761904762,-18.25127334465195,119
38.6388583973655,33.4471822395706,0.53609756097561,0.589689857502096,10.5104281009879,25.4390779363337,4.91218441273326,10.8397365532382,0.469268292682927,5.63671444321941,10.2159468438538,0.581395348837209,2.4640088593577,0.154146341463415,0.708860759493671,8.90422794117647,27.0983367983368,33.360367666937,27.0302452964992,0.549206349206349,0.590776699029126,6.24493106244931,14.6255744795891,3.00081103000811,5.78534739118681,0.37989417989418,3.25247323485567,4.89130434782609,0.625,1.79347826086957,0.198941798941799,0.675531914893617,8.07440273037543,25.9710306406685,24.9627421758569,21.9350563286945,0.534777651083238,0.551381215469613,3.60158966716344,8.42026825633383,2.18579234972678,1.83805265772479,0.630558722919042,3.05552105328531,5.01863354037267,0.745341614906832,1.24223602484472,0.080957810718358,0.676056338028169,11.5509259259259,25.073731884058,21.959548200683,20.2696420269642,0.521052631578947,0.554376657824934,3.44102968216443,8.40556868925663,3.09955345416338,5.20094562647754,0.359398496240602,5.80357142857143,9.45129955368863,1.57521659228144,1.65397742189551,0.281203007518797,0.668449197860963,5.37089201877934,24.5937238493724,18.4705882352941,13.6387030365414,0.701570680628272,0.700892857142857,5.0,12.5882352941176,2.41176470588235,4.29411764705882,0.0,7.93184488836663,9.74178403755869,3.28638497652582,1.17370892018779,0.68586387434555,0.770992366412214,3.13717277486911,0.0,23.537234042553195,119
36.5405405405405,29.5610687022901,0.550833333333333,0.60310021629416,10.2702702702703,23.7189189189189,3.54594594594595,9.68648648648649,0.330833333333333,2.02688055495339,3.47750489024125,0.173875244512063,1.30406433384047,0.188333333333333,0.641592920353982,8.58742216687422,25.6345088161209,18.1018119068162,15.4208447280462,0.578673602080624,0.612018669778296,7.79982743744607,18.8610871440897,2.72648835202761,3.53753235547886,0.327698309492848,6.3468825353083,9.90201134605467,0.464156781846313,2.04572803850782,0.449934980494148,0.708092485549133,4.49419729206963,25.2230158730159,23.7110016420361,19.7140381282496,0.569737954353339,0.585158150851582,5.02463054187192,12.2331691297209,2.16748768472906,1.9376026272578,0.391377852916314,2.12155963302752,3.07289964040536,0.70284406668846,1.2258908139915,0.202874049027895,0.758333333333333,7.91680555555556,25.2822510822511,16.079762409843,14.8189209164819,0.516819571865444,0.532303370786517,2.33347475604582,5.47305897327111,1.90920661858294,2.92745014849385,0.110091743119266,6.67649536647009,9.03387703889586,1.75658720200753,1.96570472605604,0.581039755351682,0.621052631578947,3.97079037800687,23.8194444444444,34.4429214803211,27.2160664819945,0.584362139917696,0.633598841419261,4.30781280595261,9.57509300959467,3.75954572155865,8.00861562561191,0.278189300411523,9.04176904176904,13.9700078926598,0.986582478295186,1.40094711917916,0.420576131687243,0.669275929549902,4.73192702394527,26.4547337278107,1.017932489451468,116
22.6526891522334,23.693729903537,0.505415162454874,0.530416221985059,10.4147675478578,23.0856882406563,5.51504102096627,5.30993618960802,0.350180505415162,4.18652144315861,6.03253502033439,0.835969272480795,2.39493899683687,0.38748495788207,0.645962732919255,5.35148148148148,25.2164948453608,22.0852221214869,15.9327461969576,0.633982947624848,0.666301969365427,3.71713508612874,8.73980054397099,1.4687216681777,3.88032638259293,0.272838002436054,3.71074305367002,5.63787495482472,0.668594145283701,1.53595952294904,0.517661388550548,0.717647058823529,4.05276381909548,25.325,16.2393162393162,14.3044275609117,0.532710280373832,0.562244897959184,2.77040966696139,6.42499263188918,1.65045682287062,4.0377247273799,0.317757009345794,3.40046701692936,5.37727666955768,2.68863833477884,1.38768430182134,0.448598130841122,0.640625,4.23458904109589,24.6110294117647,26.0383684112498,20.2260072060269,0.595896946564886,0.61660777385159,3.07319798845223,7.15216986403427,1.93704600484262,3.6133358167256495,0.466603053435115,5.02793296089386,7.4846397318935,0.707503258238689,0.930925339787749,0.278625954198473,0.73972602739726,7.01520572450805,26.1333333333333,38.4230055658627,29.1612057667104,0.627292736610418,0.664198325820992,13.2838589981447,30.9461966604824,4.26716141001855,8.36734693877551,0.242112986060161,8.28072781284813,12.8576737272389,0.836120401337793,2.35971757710888,0.312545854732208,0.71830985915493,5.94472410454985,28.7139393939394,0.7123655913978411,114
16.5434906196703,14.4466700050075,0.53525641025641,0.567729083665339,9.06765207504264,21.6031836270608,2.13189312109153,2.55827174530984,0.662393162393162,2.59814418272662,4.30169199885288,0.401491253226269,2.26555778606252,0.11965811965812,0.535714285714286,7.8120253164557,25.2616129032258,37.5150784077202,31.3552891182273,0.546526054590571,0.594557449147883,6.18645528175082,15.3024297777012,4.29088402550405,8.54730311907634,0.503101736972705,3.8816527214698495,6.71848013816926,0.880829015544042,1.57167530224525,0.221464019851117,0.633053221288515,7.66042446941323,25.9474722564735,19.1168036704263,16.3937165775401,0.537170263788969,0.562570462232244,3.11603899827949,7.72318868285223,1.8160963486905,2.44695086981457,0.363309352517986,4.48870675688554,6.4804256936526,1.40630938806537,2.09045990117826,0.298561151079137,0.706827309236948,6.06817325800377,24.5356435643564,25.4985435805512,21.5697904310004,0.556338028169014,0.577235772357724,4.05556800358503,10.2621555007842,2.41989693031593,3.20412278736276,0.500541711809317,5.37055723735845,8.70736086175943,1.61579892280072,1.32405745062837,0.24160346695558,0.659192825112108,4.9119305856833,25.7887445887446,18.1475272422464,13.2054794520548,0.668627450980392,0.681889763779528,2.66135792120704,6.85247275775356,1.8650461022632,5.720871751886,0.0,8.23109992660166,10.912906610703,2.18258132214061,1.17523609653725,0.835294117647059,0.755868544600939,2.35823529411765,0.0,24.69428801287208,114
22.2051597051597,19.5168295331162,0.567340067340067,0.578778135048232,6.91031941031941,16.1547911547912,3.00982800982801,1.93488943488944,0.737373737373737,3.48570554961015,5.96651445966514,0.517503805175038,2.22222222222222,0.153198653198653,0.582417582417583,4.48974358974359,26.1139269406393,37.5150784077202,31.3552891182273,0.546526054590571,0.594557449147883,6.18645528175082,15.3024297777012,4.29088402550405,8.54730311907634,0.503101736972705,3.8816527214698495,6.71848013816926,0.880829015544042,1.57167530224525,0.221464019851117,0.633053221288515,7.66042446941323,25.9474722564735,19.1168036704263,16.3937165775401,0.537170263788969,0.562570462232244,3.11603899827949,7.72318868285223,1.8160963486905,2.44695086981457,0.363309352517986,4.48870675688554,6.4804256936526,1.40630938806537,2.09045990117826,0.298561151079137,0.706827309236948,6.06817325800377,24.5356435643564,28.8272157564906,25.3152088258471,0.542066027689031,0.591368227731864,7.22918531781558,18.3751119068935,4.38675022381379,7.49776186213071,0.334398296059638,5.45169595880443,7.68197088465846,0.358342665173572,1.05263157894737,0.312034078807242,0.703071672354949,6.00208,25.1821656050955,25.4985435805512,21.5697904310004,0.556338028169014,0.577235772357724,4.05556800358503,10.2621555007842,2.41989693031593,3.20412278736276,0.500541711809317,5.37055723735845,8.70736086175943,1.61579892280072,1.32405745062837,0.24160346695558,0.659192825112108,4.9119305856833,25.7887445887446,-4.840867067941304,113
35.3138330286411,31.9250066015316,0.503937007874016,0.564390243902439,11.0907982937233,26.2644728823888,5.63680682510664,9.71968312004875,0.32058492688414,3.13503593821685,5.2502302732576,0.368437212158428,1.87288916180534,0.293588301462317,0.628352490421456,6.14056291390729,26.6385964912281,18.8345950906171,15.8311868436695,0.526706231454006,0.560792349726776,3.07409956412021,7.29525120440468,1.58293186510668,3.0970406056435,0.580118694362018,3.07374698933364,4.15137614678899,0.18348623853211,1.00917431192661,0.166172106824926,0.696428571428571,7.32402826855124,24.7841025641026,28.0779826234372,23.1945467943994,0.56440511307768,0.596715328467153,7.81945327399873,19.0506463233736,3.58126721763085,4.1958041958042,0.411012782694199,4.44208289054198,7.58900021317416,0.596887657215945,1.70539330633127,0.248770894788594,0.675889328063241,7.0550918196995,25.7114832535885,20.7701283547258,15.3924566768603,0.622368421052632,0.648058252427185,2.56709451575263,6.22325943212758,1.59471022948269,3.38389731621937,0.0447368421052631,6.30927036965357,7.66563944530046,1.38674884437596,2.00308166409861,0.48421052631579,0.815217391304348,4.82699724517906,23.8,34.7245762711864,28.3425414364641,0.547403132728772,0.590843547224225,3.13559322033898,8.00847457627119,3.24152542372881,8.43220338983051,0.320692497938994,4.42534224769182,6.93174569423772,2.38145864341909,1.95619817137997,0.159934047815334,0.639175257731959,7.05995145631068,25.9560411311054,4.0733528075300285,110
33.3717712177122,27.4608150470219,0.546875,0.620555073720729,9.45571955719557,22.6476014760148,3.73616236162362,9.06365313653137,0.528225806451613,3.13584818329091,5.62006502554575,0.2322340919647,1.6256386437529,0.201612903225806,0.605,8.60192307692308,27.268893129771,15.8094681472823,12.6636387924125,0.612028301886793,0.623271889400922,3.15604909409702,8.32846288720047,1.16890707188779,0.789012273524255,0.856132075471698,2.54945054945055,4.58419042021746,0.205700852189245,1.08727593300029,0.0306603773584905,0.615384615384615,12.7360655737705,25.8911845730028,14.6953405017921,12.6048700634336,0.600194552529183,0.612359550561798,3.47222222222222,8.13172043010753,1.83691756272401,1.0752688172043,0.651750972762646,3.2182103610675,5.68028738212842,0.336775931746745,1.70633138751684,0.192607003891051,0.585858585858586,5.32122905027933,24.8208955223881,43.2731137088204,35.2770805174744,0.606520090978014,0.628007402837755,9.20297555791711,23.8894792773645,4.37832093517535,15.0265674814028,0.0477634571645185,8.50021303792075,13.9013452914798,1.66559897501602,1.2385223147555,0.565579984836998,0.749329758713137,6.05461783439491,26.7492063492064,19.9005926209138,15.9916201117318,0.598837209302326,0.625600961538462,2.73370292487096,6.70999808831963,1.60581150831581,2.63811890651883,0.481912144702842,3.85205059409736,5.552353506244,2.84341978866475,0.960614793467819,0.255813953488372,0.777777777777778,6.04488778054863,26.7632707774799,12.121212121212125,110
22.2051597051597,19.5168295331162,0.567340067340067,0.578778135048232,6.91031941031941,16.1547911547912,3.00982800982801,1.93488943488944,0.737373737373737,3.48570554961015,5.96651445966514,0.517503805175038,2.22222222222222,0.153198653198653,0.582417582417583,4.48974358974359,26.1139269406393,37.5150784077202,31.3552891182273,0.546526054590571,0.594557449147883,6.18645528175082,15.3024297777012,4.29088402550405,8.54730311907634,0.503101736972705,3.8816527214698495,6.71848013816926,0.880829015544042,1.57167530224525,0.221464019851117,0.633053221288515,7.66042446941323,25.9474722564735,19.1168036704263,16.3937165775401,0.537170263788969,0.562570462232244,3.11603899827949,7.72318868285223,1.8160963486905,2.44695086981457,0.363309352517986,4.48870675688554,6.4804256936526,1.40630938806537,2.09045990117826,0.298561151079137,0.706827309236948,6.06817325800377,24.5356435643564,25.4985435805512,21.5697904310004,0.556338028169014,0.577235772357724,4.05556800358503,10.2621555007842,2.41989693031593,3.20412278736276,0.500541711809317,5.37055723735845,8.70736086175943,1.61579892280072,1.32405745062837,0.24160346695558,0.659192825112108,4.9119305856833,25.7887445887446,18.1475272422464,13.2054794520548,0.668627450980392,0.681889763779528,2.66135792120704,6.85247275775356,1.8650461022632,5.720871751886,0.0,8.23109992660166,10.912906610703,2.18258132214061,1.17523609653725,0.835294117647059,0.755868544600939,2.35823529411765,0.0,9.904799165362531,108
38.6388583973655,33.4471822395706,0.53609756097561,0.589689857502096,10.5104281009879,25.4390779363337,4.91218441273326,10.8397365532382,0.469268292682927,5.63671444321941,10.2159468438538,0.581395348837209,2.4640088593577,0.154146341463415,0.708860759493671,8.90422794117647,27.0983367983368,28.3490294061119,23.5334833016093,0.556412729026037,0.615189873417722,8.07226600038439,19.142802229483,3.40188352873342,7.0344032289064,0.51205400192864,3.15920875744191,5.14296680099789,0.422183841872961,1.55440414507772,0.189971070395371,0.695431472081218,6.88241106719368,26.8847457627119,34.3373493975904,30.2603036876356,0.571259842519685,0.602899575671853,11.5461847389558,27.0682730923695,5.22088353413655,6.64658634538153,0.311811023622047,5.48027702499247,9.51234196267309,0.78266104756171,1.40477623921333,0.301574803149606,0.744125326370757,7.38215102974828,26.7815656565657,15.1156387665198,12.6391293593866,0.596551724137931,0.603296703296703,2.47797356828194,6.33259911894273,1.54185022026432,1.23898678414097,0.72183908045977,3.39892665474061,4.59422283356259,0.63273727647868,1.59559834938102,0.204597701149425,0.606741573033708,3.37107438016529,25.037898089172,20.4647478214946,16.0379596678529,0.597222222222222,0.618022328548644,2.2181146025878,5.83575389490362,1.29390018484288,2.98389226300502,0.428819444444444,3.89130721540694,5.69319978914075,0.685292567211386,1.18608328940432,0.324652777777778,0.716577540106952,5.42492401215806,24.7931174089069,23.45967462789892,108
26.7361794216014,21.502313990744,0.581510934393638,0.610502283105023,13.240212472949,31.7529018296282,2.36081054495377,4.36749950816447,0.558648111332008,2.54865158549837,4.28571428571429,0.972222222222222,2.08333333333333,0.129224652087475,0.715384615384615,9.34977477477478,27.1811387900356,13.0451866404715,11.2399016508606,0.536585365853659,0.555369127516779,3.33988212180747,7.66208251473477,0.864440078585462,1.06090373280943,0.693379790940767,3.45635618043351,5.16304347826087,0.543478260869565,1.47515527950311,0.209059233449477,0.683333333333333,4.31704545454545,24.4050251256281,26.0419013291282,22.9647630619684,0.515826494724502,0.574425574425574,3.06375309754449,7.36652399189007,3.04122550123902,7.47916197341744,0.337631887456038,4.30433805349517,6.63825969948419,0.538237272931151,1.0540479928235,0.343493552168816,0.614334470989761,6.48371681415929,26.24375,30.0800609988563,24.5305770887166,0.571912013536379,0.599544072948328,5.01334349980938,12.1044605413649,2.07777354174609,5.87113991612657,0.274111675126904,5.13894175866007,7.73470163435956,0.798175598631699,1.33029266438617,0.285109983079526,0.732937685459941,7.48135198135198,25.4586419753086,25.1798561151079,21.2517897320515,0.577065351418002,0.610021786492375,2.4955035971223,5.64298561151079,2.76528776978417,5.35071942446043,0.485819975339088,5.29213483146067,8.55795148247979,3.2345013477089,1.21293800539084,0.228113440197287,0.691891891891892,6.76882494004796,26.2195431472081,-3.2059727711901616,107
30.0479488545551,25.5210745715609,0.517123287671233,0.567951318458418,10.1758124667022,23.9211507725093,3.09003729355354,6.8193926478423,0.513698630136986,3.10839532412327,5.35241123476418,0.211976682564918,1.21886592474828,0.141552511415525,0.580645161290323,7.75258215962441,26.3897777777778,23.6098450319052,21.3351134846462,0.497681607418856,0.537604456824513,2.97781829231237,7.17107262230325,2.52202977818292,4.70981464600425,0.50386398763524,2.92912429807255,4.51788963007884,0.303214069132808,1.45542753183748,0.244204018547141,0.525316455696203,6.77258566978193,25.6539877300614,31.2308478038815,28.7248322147651,0.522912423625255,0.546470062555853,8.01838610827375,18.8968335035751,4.21348314606742,7.9417773237998,0.311608961303462,4.67134652201659,7.78259760142894,0.433784128604236,1.17376881857617,0.410386965376782,0.607940446650124,4.28757396449704,25.5313725490196,28.2746160794941,27.1259842519685,0.481655691439323,0.520066889632107,8.53658536585366,19.8509485094851,4.17795844625113,6.82023486901536,0.26340545625588,5.66080288678394,8.85135135135135,1.41891891891892,2.09459459459459,0.26340545625588,0.646428571428572,7.76257982120051,26.245,23.6713588049411,18.8347564038172,0.627806563039724,0.64375,4.53892559609308,10.2269462798047,3.18873886814134,4.1367423154266,0.005181347150259,7.83443139501576,10.2256498143388,2.02799200228506,1.88517566409597,0.533678756476684,0.73462783171521,4.79027777777778,38.0,-8.07174887892377,107
15.6942823803967,15.9212571231221,0.49331550802139,0.513427109974425,7.07895760404512,17.1917541812524,2.74212368728121,1.65305328665889,0.544117647058824,3.31454121306376,5.98523124757093,0.408083948698018,1.04935872522347,0.121657754010695,0.538461538461538,10.4856304985337,26.2796068796069,32.560861423221,28.6159600997506,0.544034090909091,0.587585034013605,7.06928838951311,16.6666666666667,4.77528089887641,6.41385767790262,0.589015151515152,2.38598965679361,4.0604343720491,0.637393767705383,2.03021718602455,0.207386363636364,0.680365296803653,6.15322580645161,27.616077170418,15.6914893617021,16.1092793217146,0.476190476190476,0.500850340136055,4.49468085106383,11.0372340425532,2.57978723404255,2.47340425531915,0.648351648351648,3.7903976592632,6.27826549614259,1.33014099494546,1.80899175312583,0.201465201465201,0.572727272727273,5.23489583333333,26.5635593220339,17.7014852690528,17.9027027027027,0.471955128205128,0.516358463726885,4.86973459946433,12.3934745556367,3.04358412466521,4.50450450450451,0.358974358974359,3.57099477711648,4.92001938923897,0.99369849733398,1.89045079980611,0.317307692307692,0.702020202020202,6.27425,25.8410714285714,22.5772928033255,23.5484617164007,0.457125603864734,0.480641592920354,4.18290465055859,10.0025980774227,2.9618082618862,4.28682774746688,0.411835748792271,5.63836681788723,8.04449042938438,2.61251939989653,1.13812726332126,0.230676328502415,0.638743455497382,6.35605749486653,25.9266862170088,-10.788390200154907,107
26.7361794216014,21.502313990744,0.581510934393638,0.610502283105023,13.240212472949,31.7529018296282,2.36081054495377,4.36749950816447,0.558648111332008,2.54865158549837,4.28571428571429,0.972222222222222,2.08333333333333,0.129224652087475,0.715384615384615,9.34977477477478,27.1811387900356,20.1492537313433,17.1240395170143,0.536885245901639,0.578571428571429,6.59203980099503,15.1741293532338,1.99004975124378,4.97512437810945,0.327868852459016,2.71772699197035,3.68098159509202,0.613496932515337,2.57668711656442,0.516393442622951,0.587301587301587,3.72926829268293,25.305,26.0419013291282,22.9647630619684,0.515826494724502,0.574425574425574,3.06375309754449,7.36652399189007,3.04122550123902,7.47916197341744,0.337631887456038,4.30433805349517,6.63825969948419,0.538237272931151,1.0540479928235,0.343493552168816,0.614334470989761,6.48371681415929,26.24375,30.0800609988563,24.5305770887166,0.571912013536379,0.599544072948328,5.01334349980938,12.1044605413649,2.07777354174609,5.87113991612657,0.274111675126904,5.13894175866007,7.73470163435956,0.798175598631699,1.33029266438617,0.285109983079526,0.732937685459941,7.48135198135198,25.4586419753086,25.1798561151079,21.2517897320515,0.577065351418002,0.610021786492375,2.4955035971223,5.64298561151079,2.76528776978417,5.35071942446043,0.485819975339088,5.29213483146067,8.55795148247979,3.2345013477089,1.21293800539084,0.228113440197287,0.691891891891892,6.76882494004796,26.2195431472081,-4.981484746958216,106
31.2139708375721,29.2204899777283,0.490552325581395,0.56141975308642,14.9203119701594,34.4354018311292,6.01898948796202,9.51169888097661,0.46656976744186,2.00305550840265,3.39904826648538,0.203942895989123,1.54656696125085,0.157703488372093,0.525345622119816,8.15476839237057,27.6771028037383,22.9111307942132,19.5044807590933,0.555926544240401,0.583458646616541,6.34780041334514,15.5890168290523,2.21434898139947,4.57632122822557,0.474123539232053,3.00963676797628,4.82430017867779,0.982727814175104,1.697438951757,0.323873121869783,0.644329896907217,4.66095238095238,24.9195035460993,19.6196745291644,18.1658692185008,0.536876355748373,0.545223577235772,6.07057963064546,14.499908575608,2.83415615286158,2.5598829767782,0.254880694143167,4.09671532846715,5.91877617920233,1.00163904571116,4.17046075396103,0.341648590021692,0.653968253968254,5.04890829694323,26.1314893617021,22.0907297830375,18.2296890672016,0.595161290322581,0.607751937984496,3.12764158918005,7.60777683854607,2.3105100028177,1.63426317272471,0.659677419354839,3.8472418670438495,6.39023004828174,0.397614314115308,0.795228628230616,0.164516129032258,0.666666666666667,5.13364928909953,24.7524509803922,22.4188790560472,17.3280159521436,0.603221083455344,0.634146341463415,3.8121170864533696,9.1218515997277,2.04220558202859,4.90129339686862,0.216691068814056,7.47674154753801,9.96142500567279,1.52030859995462,1.56569094622192,0.546120058565154,0.702412868632708,3.23102803738318,24.6210884353742,2.607795142157784,106
26.7361794216014,21.502313990744,0.581510934393638,0.610502283105023,13.240212472949,31.7529018296282,2.36081054495377,4.36749950816447,0.558648111332008,2.54865158549837,4.28571428571429,0.972222222222222,2.08333333333333,0.129224652087475,0.715384615384615,9.34977477477478,27.1811387900356,16.8082368082368,16.6939826738469,0.50556586270872,0.54242928452579,8.39124839124839,19.97425997426,2.88288288288288,3.5006435006435,0.324675324675325,2.77706351247107,4.67505779604418,0.282558438222451,2.02928332905215,0.215213358070501,0.698275862068966,9.35302197802198,26.5182857142857,26.0419013291282,22.9647630619684,0.515826494724502,0.574425574425574,3.06375309754449,7.36652399189007,3.04122550123902,7.47916197341744,0.337631887456038,4.30433805349517,6.63825969948419,0.538237272931151,1.0540479928235,0.343493552168816,0.614334470989761,6.48371681415929,26.24375,25.6307692307692,19.8063623789765,0.621035058430718,0.64175654853621,3.93846153846154,9.10769230769231,2.09230769230769,3.50769230769231,0.502504173622705,4.89230769230769,8.06153846153846,0.861538461538462,1.41538461538462,0.340567612687813,0.784313725490196,3.7724832214765103,25.9232558139535,25.1798561151079,21.2517897320515,0.577065351418002,0.610021786492375,2.4955035971223,5.64298561151079,2.76528776978417,5.35071942446043,0.485819975339088,5.29213483146067,8.55795148247979,3.2345013477089,1.21293800539084,0.228113440197287,0.691891891891892,6.76882494004796,26.2195431472081,6.458134075297792,106
22.8918476991357,21.7846153846154,0.483071342200726,0.527687296416938,9.43704741882738,23.4991824340107,3.31698201354824,5.04555010511563,0.448609431680774,2.31389505667874,3.99906454630496,0.280636108512629,1.54349859681946,0.186215235792019,0.564935064935065,8.57061403508772,26.499730458221,38.99739583333329,33.6627906976744,0.513215859030837,0.577369439071567,6.18489583333333,14.7786458333333,4.03645833333333,9.83072916666667,0.429515418502203,2.70799347471452,4.44735120994114,0.13080444735121,0.981033355134074,0.174008810572687,0.582278481012658,8.96409266409266,26.0676923076923,21.696405482286,21.8314683717744,0.469833119383825,0.497619047619048,4.52547194207396,11.2490302560124,2.99974140160331,3.59451771399017,0.514762516046213,3.83671360289368,6.04026845637584,0.774393391843056,2.11667527103769,0.282413350449294,0.540909090909091,5.31640211640212,25.3104738154613,15.1156387665198,12.6391293593866,0.596551724137931,0.603296703296703,2.47797356828194,6.33259911894273,1.54185022026432,1.23898678414097,0.72183908045977,3.39892665474061,4.59422283356259,0.63273727647868,1.59559834938102,0.204597701149425,0.606741573033708,3.37107438016529,25.037898089172,19.4885598923284,17.113695703774,0.567781690140845,0.570977917981073,4.22611036339166,10.228802153432,2.34185733512786,4.14535666218035,0.0369718309859154,6.919252989386,9.60300429184549,2.68240343347639,1.66309012875536,0.563380281690141,0.721875,4.53162705667276,24.6047619047619,7.388729527158318,106
28.7812321190158,24.3238616912016,0.549509366636931,0.599839615076183,6.29410642761778,15.7734121686058,3.37592981117681,5.8554262826626,0.520963425512935,2.60371959942775,4.73101869515452,0.305227012590614,1.31629149179702,0.256913470115968,0.638888888888889,5.84134078212291,26.5751712328767,19.1216216216216,16.7071688942892,0.561247216035635,0.5850622406639,7.02702702702703,17.1959459459459,2.33108108108108,2.66891891891892,0.420935412026726,2.71180731008927,4.53476654350017,0.604635539133356,1.44440712126302,0.420935412026726,0.666666666666667,3.42,24.8497354497355,31.9318392294869,25.6886823763691,0.60874897792314,0.637956748695004,5.74180403778478,13.7062418966475,3.8525652898684895,5.2787553250602,0.438266557645135,2.91747707696582,5.42793627269359,0.222304557243424,1.07447202667655,0.278822567457073,0.686217008797654,7.71703056768559,26.2165413533835,16.7060212514758,16.9406150583245,0.49031007751938,0.511754068716094,3.6599763872491113,9.14994096812279,2.5383707201889,2.44982290436836,0.527131782945737,3.48529411764706,5.68581477139508,0.937866354044549,1.40679953106682,0.236434108527132,0.5,6.02991803278689,26.0077205882353,27.700205338809,22.5341706686369,0.592003853564547,0.612624886466848,5.25667351129363,13.305954825462,2.4435318275154,3.05954825462012,0.309248554913295,7.56328462646635,11.4892739273927,1.07260726072607,1.25825082508251,0.261078998073218,0.660516605166052,6.45620641562064,25.9619937694704,-3.0042918454935688,105
24.3270189431705,23.625730994152,0.47884012539185,0.520714285714286,9.83715520106348,23.5958790295779,3.58923230309073,4.81887670322366,0.564263322884013,2.70812437311936,4.77632021527077,0.773629330642449,1.88361923982509,0.130094043887147,0.626506024096386,8.16115107913669,26.2613888888889,28.3490294061119,23.5334833016093,0.556412729026037,0.615189873417722,8.07226600038439,19.142802229483,3.40188352873342,7.0344032289064,0.51205400192864,3.15920875744191,5.14296680099789,0.422183841872961,1.55440414507772,0.189971070395371,0.695431472081218,6.88241106719368,26.8847457627119,34.3373493975904,30.2603036876356,0.571259842519685,0.602899575671853,11.5461847389558,27.0682730923695,5.22088353413655,6.64658634538153,0.311811023622047,5.48027702499247,9.51234196267309,0.78266104756171,1.40477623921333,0.301574803149606,0.744125326370757,7.38215102974828,26.7815656565657,20.4647478214946,16.0379596678529,0.597222222222222,0.618022328548644,2.2181146025878,5.83575389490362,1.29390018484288,2.98389226300502,0.428819444444444,3.89130721540694,5.69319978914075,0.685292567211386,1.18608328940432,0.324652777777778,0.716577540106952,5.42492401215806,24.7931174089069,36.5507246376812,30.8133472367049,0.535714285714286,0.588152985074627,5.2463768115942,12.5507246376812,3.27536231884058,10.695652173913,0.136263736263736,8.54824688496088,13.2097334878331,3.18655851680185,1.70915411355736,0.357142857142857,0.723076923076923,7.45419847328244,25.8491935483871,4.727272727272734,105
31.2139708375721,29.2204899777283,0.490552325581395,0.56141975308642,14.9203119701594,34.4354018311292,6.01898948796202,9.51169888097661,0.46656976744186,2.00305550840265,3.39904826648538,0.203942895989123,1.54656696125085,0.157703488372093,0.525345622119816,8.15476839237057,27.6771028037383,19.6196745291644,18.1658692185008,0.536876355748373,0.545223577235772,6.07057963064546,14.499908575608,2.83415615286158,2.5598829767782,0.254880694143167,4.09671532846715,5.91877617920233,1.00163904571116,4.17046075396103,0.341648590021692,0.653968253968254,5.04890829694323,26.1314893617021,29.2787944025834,22.7866128649418,0.572834645669291,0.618451025056948,2.47578040904198,6.0010764262648,2.20667384284177,6.83530678148547,0.509186351706037,3.46774193548387,5.74650912996778,0.349087003222342,1.34264232008593,0.18503937007874,0.617021276595745,7.36711229946524,25.1723514211886,24.3989953354862,22.1102362204724,0.539594843462247,0.570469798657718,6.49443846429853,15.2852529601722,3.80337280229638,4.52099031216362,0.259668508287293,6.46435625785599,10.6757728253055,1.294033069734,2.01294033069734,0.403314917127072,0.721461187214612,4.82985074626866,25.3248226950355,19.4422310756972,16.5232358003442,0.558974358974359,0.5635103926097,2.50996015936255,5.89641434262948,1.87250996015936,3.86454183266932,0.0025641025641025,9.33333333333333,11.7296222664016,2.0675944333996,1.35188866799205,0.707692307692308,0.626811594202899,2.97249357326478,26.3,15.360453535585693,104
22.7111111111111,21.8799682034976,0.530701754385965,0.567777777777778,11.1777777777778,27.1777777777778,4.48888888888889,4.97777777777778,0.348370927318296,6.2770322723744,9.71883993801196,0.996236440115121,1.85964135488156,0.319548872180451,0.576470588235294,5.34326923076923,25.3395683453237,28.7812321190158,24.3238616912016,0.549509366636931,0.599839615076183,6.29410642761778,15.7734121686058,3.37592981117681,5.8554262826626,0.520963425512935,2.60371959942775,4.73101869515452,0.305227012590614,1.31629149179702,0.256913470115968,0.638888888888889,5.84134078212291,26.5751712328767,19.1216216216216,16.7071688942892,0.561247216035635,0.5850622406639,7.02702702702703,17.1959459459459,2.33108108108108,2.66891891891892,0.420935412026726,2.71180731008927,4.53476654350017,0.604635539133356,1.44440712126302,0.420935412026726,0.666666666666667,3.42,24.8497354497355,31.9318392294869,25.6886823763691,0.60874897792314,0.637956748695004,5.74180403778478,13.7062418966475,3.8525652898684895,5.2787553250602,0.438266557645135,2.91747707696582,5.42793627269359,0.222304557243424,1.07447202667655,0.278822567457073,0.686217008797654,7.71703056768559,26.2165413533835,27.700205338809,22.5341706686369,0.592003853564547,0.612624886466848,5.25667351129363,13.305954825462,2.4435318275154,3.05954825462012,0.309248554913295,7.56328462646635,11.4892739273927,1.07260726072607,1.25825082508251,0.261078998073218,0.660516605166052,6.45620641562064,25.9619937694704,-2.232142857142861,104
22.4685440383463,19.4342587742273,0.560810810810811,0.591482649842271,7.96884361893349,19.592570401438,3.23547034152187,3.0557219892151,0.513513513513514,2.06216377764495,3.04114490161002,0.238521168753727,2.20632081097197,0.155405405405405,0.695652173913044,8.62986111111111,25.9854304635762,27.9497907949791,22.1976401179941,0.579365079365079,0.588888888888889,2.90794979079498,6.94560669456067,1.73640167364017,2.92887029288703,0.715219421101774,2.2448337354453,3.51357037660425,0.105196717862403,1.53587208079108,0.0821661998132586,0.625,8.36196721311475,25.7457516339869,17.2935246219465,15.80204778157,0.50402144772118,0.5440097799511,2.52035672741373,6.5141527723924,2.09383481969756,3.2570763861962,0.60857908847185,4.17151726814125,6.33009708737864,0.466019417475728,1.20388349514563,0.211796246648794,0.582278481012658,5.7986301369863,25.4277533039648,20.2876020209872,18.3395712827492,0.516826923076923,0.558886509635974,3.18694131364166,8.08394869801788,2.79828993392927,4.74154683249126,0.362980769230769,4.20686993438827,6.82253737064009,0.651590647757762,1.87811422000767,0.377403846153846,0.662420382165605,4.46867924528302,25.4907284768212,14.7028862478778,12.5449101796407,0.584394904458599,0.616809116809117,4.17657045840408,10.5263157894737,2.30899830220713,2.95415959252971,0.168789808917197,6.76615228082076,9.11246612466125,3.42140921409214,0.948509485094851,0.576433121019108,0.679558011049724,3.50114942528736,25.3716981132075,-5.058204293795185,103
18.3147853736089,14.4004430905566,0.609048723897912,0.627212389380531,6.8362480127186,16.3116057233704,2.28934817170111,1.81240063593005,0.605568445475638,2.91540544846264,4.66155810983397,0.159642401021711,1.59642401021711,0.104408352668213,0.711111111111111,9.64058823529412,25.2251937984496,18.8345950906171,15.8311868436695,0.526706231454006,0.560792349726776,3.07409956412021,7.29525120440468,1.58293186510668,3.0970406056435,0.580118694362018,3.07374698933364,4.15137614678899,0.18348623853211,1.00917431192661,0.166172106824926,0.696428571428571,7.32402826855124,24.7841025641026,28.0779826234372,23.1945467943994,0.56440511307768,0.596715328467153,7.81945327399873,19.0506463233736,3.58126721763085,4.1958041958042,0.411012782694199,4.44208289054198,7.58900021317416,0.596887657215945,1.70539330633127,0.248770894788594,0.675889328063241,7.0550918196995,25.7114832535885,34.7245762711864,28.3425414364641,0.547403132728772,0.590843547224225,3.13559322033898,8.00847457627119,3.24152542372881,8.43220338983051,0.320692497938994,4.42534224769182,6.93174569423772,2.38145864341909,1.95619817137997,0.159934047815334,0.639175257731959,7.05995145631068,25.9560411311054,20.4629319020463,16.0633484162896,0.603248259860789,0.634095634095634,2.18047635021805,5.53505535055351,2.9520295202952,4.26031533042603,0.120649651972158,9.15327978580991,10.550918196995,2.83806343906511,1.20200333889816,0.563805104408353,0.744855967078189,3.53087071240106,24.8365384615385,-3.321256038647362,103
19.872851424535,17.9339171974522,0.482872200263505,0.511627906976744,7.84082882034377,18.4600894749235,2.04850482693666,3.20226041911938,0.60737812911726,2.6061320754717,4.4649184975194895,0.590597684857075,2.2206472950626,0.121212121212121,0.5,10.15,26.7431670281996,31.2420670897552,27.3160239668152,0.504523312456507,0.543381887270424,5.11332728921124,12.1305530371714,3.68087035358114,6.09247506799637,0.459986082115518,3.42883128694861,6.05839416058394,0.492700729927007,1.2956204379562,0.240083507306889,0.643478260869565,7.95309278350516,26.1428139183056,21.7651922281935,17.9743724767421,0.532960893854749,0.55421052631579,2.64572137246796,6.32492765605622,1.57089706490285,2.52170318313353,0.524022346368715,2.83585179051956,4.12520729684909,0.33167495854063,1.24378109452736,0.154189944134078,0.550724637681159,8.3981220657277,25.4429487179487,23.3882030178326,19.0516995144245,0.54226618705036,0.566445182724253,2.84636488340192,6.89300411522634,2.22908093278464,3.56652949245542,0.330935251798561,6.19756890943332,8.0,1.70940170940171,3.31623931623932,0.426258992805755,0.666666666666667,4.59354838709677,25.1142076502732,29.7457974579746,26.5380604796663,0.505249343832021,0.543445692883895,7.62607626076261,18.7576875768758,3.9770397703977,8.77408774087741,0.0787401574803149,8.11674917491749,10.8966376089664,1.26608551266086,1.74346201743462,0.416447944006999,0.651260504201681,5.89078822412156,26.1224719101124,2.93132516578622,102
28.8701246481705,24.0652135388978,0.543264942016057,0.579656862745098,8.10213108162445,19.2601527945316,2.77442702050663,4.94571773220748,0.354148082069581,2.63608008854009,4.3705941591138,0.664652567975831,1.83282980866062,0.189116859946476,0.641509433962264,9.79406077348066,26.0682619647355,22.6526891522334,23.693729903537,0.505415162454874,0.530416221985059,10.4147675478578,23.0856882406563,5.51504102096627,5.30993618960802,0.350180505415162,4.18652144315861,6.03253502033439,0.835969272480795,2.39493899683687,0.38748495788207,0.645962732919255,5.35148148148148,25.2164948453608,26.0383684112498,20.2260072060269,0.595896946564886,0.61660777385159,3.07319798845223,7.15216986403427,1.93704600484262,3.6133358167256495,0.466603053435115,5.02793296089386,7.4846397318935,0.707503258238689,0.930925339787749,0.278625954198473,0.73972602739726,7.01520572450805,26.1333333333333,24.8504983388704,19.078368065747,0.606639839034205,0.648180242634315,5.4485049833887,12.6910299003322,2.42524916943522,5.9468438538206,0.346076458752515,4.11186948560013,5.57223890557224,0.467133800467134,0.767434100767434,0.426559356136821,0.64622641509434,4.74215384615385,25.121511627907,38.4230055658627,29.1612057667104,0.627292736610418,0.664198325820992,13.2838589981447,30.9461966604824,4.26716141001855,8.36734693877551,0.242112986060161,8.28072781284813,12.8576737272389,0.836120401337793,2.35971757710888,0.312545854732208,0.71830985915493,5.94472410454985,28.7139393939394,11.910736322501036,102
31.2420670897552,27.3160239668152,0.504523312456507,0.543381887270424,5.11332728921124,12.1305530371714,3.68087035358114,6.09247506799637,0.459986082115518,3.42883128694861,6.05839416058394,0.492700729927007,1.2956204379562,0.240083507306889,0.643478260869565,7.95309278350516,26.1428139183056,21.7651922281935,17.9743724767421,0.532960893854749,0.55421052631579,2.64572137246796,6.32492765605622,1.57089706490285,2.52170318313353,0.524022346368715,2.83585179051956,4.12520729684909,0.33167495854063,1.24378109452736,0.154189944134078,0.550724637681159,8.3981220657277,25.4429487179487,21.4791851195748,17.7208083832335,0.574605451936872,0.599505562422744,5.86802480070859,14.6368467670505,3.05580159433127,5.46944198405669,0.130559540889527,6.23893805309735,8.22281167108753,1.96728558797524,2.14412024756852,0.51219512195122,0.719887955182073,5.20082508250825,25.1604395604396,19.9599656848728,16.4544799423493,0.524734982332155,0.560192616372392,1.71575636259651,4.28939090649128,1.77294824134973,3.603088361452672,0.489399293286219,5.71918787532171,8.43580211609952,1.17243351444095,0.714898484415213,0.217314487632509,0.650406504065041,7.48754325259516,25.3496350364964,29.7457974579746,26.5380604796663,0.505249343832021,0.543445692883895,7.62607626076261,18.7576875768758,3.9770397703977,8.77408774087741,0.0787401574803149,8.11674917491749,10.8966376089664,1.26608551266086,1.74346201743462,0.416447944006999,0.651260504201681,5.89078822412156,26.1224719101124,7.152422401836532,102
38.6388583973655,33.4471822395706,0.53609756097561,0.589689857502096,10.5104281009879,25.4390779363337,4.91218441273326,10.8397365532382,0.469268292682927,5.63671444321941,10.2159468438538,0.581395348837209,2.4640088593577,0.154146341463415,0.708860759493671,8.90422794117647,27.0983367983368,28.3490294061119,23.5334833016093,0.556412729026037,0.615189873417722,8.07226600038439,19.142802229483,3.40188352873342,7.0344032289064,0.51205400192864,3.15920875744191,5.14296680099789,0.422183841872961,1.55440414507772,0.189971070395371,0.695431472081218,6.88241106719368,26.8847457627119,34.3373493975904,30.2603036876356,0.571259842519685,0.602899575671853,11.5461847389558,27.0682730923695,5.22088353413655,6.64658634538153,0.311811023622047,5.48027702499247,9.51234196267309,0.78266104756171,1.40477623921333,0.301574803149606,0.744125326370757,7.38215102974828,26.7815656565657,15.1156387665198,12.6391293593866,0.596551724137931,0.603296703296703,2.47797356828194,6.33259911894273,1.54185022026432,1.23898678414097,0.72183908045977,3.39892665474061,4.59422283356259,0.63273727647868,1.59559834938102,0.204597701149425,0.606741573033708,3.37107438016529,25.037898089172,17.1671896010758,12.5151883353584,0.721973094170404,0.719924812030075,2.5997310623039,6.81308830121022,1.92738682205289,4.39264903630659,0.0134529147982062,6.02733587273135,8.5573476702509,2.28494623655914,1.38888888888889,0.807174887892377,0.805555555555556,2.57909090909091,26.4,0.5984926850894112,102
38.6388583973655,33.4471822395706,0.53609756097561,0.589689857502096,10.5104281009879,25.4390779363337,4.91218441273326,10.8397365532382,0.469268292682927,5.63671444321941,10.2159468438538,0.581395348837209,2.4640088593577,0.154146341463415,0.708860759493671,8.90422794117647,27.0983367983368,28.3490294061119,23.5334833016093,0.556412729026037,0.615189873417722,8.07226600038439,19.142802229483,3.40188352873342,7.0344032289064,0.51205400192864,3.15920875744191,5.14296680099789,0.422183841872961,1.55440414507772,0.189971070395371,0.695431472081218,6.88241106719368,26.8847457627119,34.3373493975904,30.2603036876356,0.571259842519685,0.602899575671853,11.5461847389558,27.0682730923695,5.22088353413655,6.64658634538153,0.311811023622047,5.48027702499247,9.51234196267309,0.78266104756171,1.40477623921333,0.301574803149606,0.744125326370757,7.38215102974828,26.7815656565657,20.4647478214946,16.0379596678529,0.597222222222222,0.618022328548644,2.2181146025878,5.83575389490362,1.29390018484288,2.98389226300502,0.428819444444444,3.89130721540694,5.69319978914075,0.685292567211386,1.18608328940432,0.324652777777778,0.716577540106952,5.42492401215806,24.7931174089069,17.1671896010758,12.5151883353584,0.721973094170404,0.719924812030075,2.5997310623039,6.81308830121022,1.92738682205289,4.39264903630659,0.0134529147982062,6.02733587273135,8.5573476702509,2.28494623655914,1.38888888888889,0.807174887892377,0.805555555555556,2.57909090909091,26.4,-1.1474330846862557,100
15.3145520016946,13.9992432841468,0.547169811320755,0.570731707317073,12.815081550519,31.1374708748147,2.73247193391231,1.94873967379792,0.636363636363636,3.15228966986156,5.63289783679589,0.471192974941101,2.20603983722425,0.0291595197255574,0.823529411764706,13.1132075471698,25.822102425876,20.2032721864155,16.9372531812198,0.548872180451128,0.581545064377682,2.75161130391671,6.3708477937531,1.83440753594447,2.33019335647001,0.721804511278195,3.94785847299814,6.24222830141756,0.870430241233524,1.51703556329271,0.189473684210526,0.634920634920635,4.00162162162162,25.1535416666667,22.1467688937569,15.9937888198758,0.622254758418741,0.653100775193799,2.97918948521358,7.38225629791895,1.09529025191676,4.3592552026287,0.527086383601757,3.40921588034752,4.70406360424028,0.309187279151943,0.8613074204947,0.301610541727672,0.66504854368932,4.00340557275542,24.4426966292135,21.7930545712261,18.7112763320942,0.565310492505353,0.59021113243762,4.53579021970234,10.9496810772502,2.94117647058824,4.42948263642807,0.197002141327623,6.21908127208481,7.92811839323467,0.951374207188161,1.58562367864693,0.618843683083512,0.681660899653979,3.14693333333333,25.0163043478261,35.632183908046,31.0108509423187,0.558926487747958,0.594249201277955,5.3639846743295,12.3563218390805,4.757343550447,6.0344827586206895,0.47024504084014,8.08823529411765,13.5723431498079,5.63380281690141,1.66453265044814,0.23803967327888,0.759803921568627,7.70814977973568,27.3977667493797,-2.414141414141412,100
18.4574976122254,16.0008410428932,0.55275974025974,0.579939668174962,5.32473734479465,12.7507163323782,2.36389684813754,2.81757402101242,0.600649350649351,3.14210902166151,5.00711912672046,0.806834361651637,1.18652112007594,0.196428571428571,0.644628099173554,6.34024390243903,25.0137837837838,37.5150784077202,31.3552891182273,0.546526054590571,0.594557449147883,6.18645528175082,15.3024297777012,4.29088402550405,8.54730311907634,0.503101736972705,3.8816527214698495,6.71848013816926,0.880829015544042,1.57167530224525,0.221464019851117,0.633053221288515,7.66042446941323,25.9474722564735,19.1168036704263,16.3937165775401,0.537170263788969,0.562570462232244,3.11603899827949,7.72318868285223,1.8160963486905,2.44695086981457,0.363309352517986,4.48870675688554,6.4804256936526,1.40630938806537,2.09045990117826,0.298561151079137,0.706827309236948,6.06817325800377,24.5356435643564,25.4985435805512,21.5697904310004,0.556338028169014,0.577235772357724,4.05556800358503,10.2621555007842,2.41989693031593,3.20412278736276,0.500541711809317,5.37055723735845,8.70736086175943,1.61579892280072,1.32405745062837,0.24160346695558,0.659192825112108,4.9119305856833,25.7887445887446,18.1475272422464,13.2054794520548,0.668627450980392,0.681889763779528,2.66135792120704,6.85247275775356,1.8650461022632,5.720871751886,0.0,8.23109992660166,10.912906610703,2.18258132214061,1.17523609653725,0.835294117647059,0.755868544600939,2.35823529411765,0.0,-12.617467135233625,98
22.6860254083485,20.6923995224831,0.505605381165919,0.532051282051282,9.21052631578947,21.7332123411978,2.35934664246824,2.45009074410163,0.573991031390135,2.35400633770937,4.0650406504065,0.722673893405601,1.76151761517615,0.170403587443946,0.473684210526316,6.58789473684211,26.03984375,18.1018119068162,15.4208447280462,0.578673602080624,0.612018669778296,7.79982743744607,18.8610871440897,2.72648835202761,3.53753235547886,0.327698309492848,6.3468825353083,9.90201134605467,0.464156781846313,2.04572803850782,0.449934980494148,0.708092485549133,4.49419729206963,25.2230158730159,23.7110016420361,19.7140381282496,0.569737954353339,0.585158150851582,5.02463054187192,12.2331691297209,2.16748768472906,1.9376026272578,0.391377852916314,2.12155963302752,3.07289964040536,0.70284406668846,1.2258908139915,0.202874049027895,0.758333333333333,7.91680555555556,25.2822510822511,24.4325521313896,19.8669047232592,0.557673509286413,0.589572192513369,3.02638863258904,7.23380697545673,1.8822661007566,4.17051116442148,0.449657869012708,3.30380214101144,4.81816503599779,1.19992615839025,2.03064426804504,0.376344086021505,0.654545454545455,4.52326820603908,24.656455142232,34.4429214803211,27.2160664819945,0.584362139917696,0.633598841419261,4.30781280595261,9.57509300959467,3.75954572155865,8.00861562561191,0.278189300411523,9.04176904176904,13.9700078926598,0.986582478295186,1.40094711917916,0.420576131687243,0.669275929549902,4.73192702394527,26.4547337278107,16.0,98
16.5434906196703,14.4466700050075,0.53525641025641,0.567729083665339,9.06765207504264,21.6031836270608,2.13189312109153,2.55827174530984,0.662393162393162,2.59814418272662,4.30169199885288,0.401491253226269,2.26555778606252,0.11965811965812,0.535714285714286,7.8120253164557,25.2616129032258,37.5150784077202,31.3552891182273,0.546526054590571,0.594557449147883,6.18645528175082,15.3024297777012,4.29088402550405,8.54730311907634,0.503101736972705,3.8816527214698495,6.71848013816926,0.880829015544042,1.57167530224525,0.221464019851117,0.633053221288515,7.66042446941323,25.9474722564735,19.1168036704263,16.3937165775401,0.537170263788969,0.562570462232244,3.11603899827949,7.72318868285223,1.8160963486905,2.44695086981457,0.363309352517986,4.48870675688554,6.4804256936526,1.40630938806537,2.09045990117826,0.298561151079137,0.706827309236948,6.06817325800377,24.5356435643564,28.8272157564906,25.3152088258471,0.542066027689031,0.591368227731864,7.22918531781558,18.3751119068935,4.38675022381379,7.49776186213071,0.334398296059638,5.45169595880443,7.68197088465846,0.358342665173572,1.05263157894737,0.312034078807242,0.703071672354949,6.00208,25.1821656050955,25.4985435805512,21.5697904310004,0.556338028169014,0.577235772357724,4.05556800358503,10.2621555007842,2.41989693031593,3.20412278736276,0.500541711809317,5.37055723735845,8.70736086175943,1.61579892280072,1.32405745062837,0.24160346695558,0.659192825112108,4.9119305856833,25.7887445887446,-0.6347572482415558,97
31.0254392866509,27.1369485294118,0.5295,0.549256505576208,5.95331759769211,14.1096249672174,2.7799632835038,4.5371098872279,0.459,2.79020794946038,4.49141347424042,0.634081902245707,1.21532364597094,0.186,0.623655913978495,8.00332717190388,25.6956427015251,25.4340685124355,26.7651888341544,0.445344129554656,0.494515539305302,10.6992022524636,25.4809948381042,4.92726419521352,5.81886438291882,0.352226720647773,4.70256289677874,8.6239396795476,0.56550424128181,2.92177191328935,0.220647773279352,0.559633027522936,8.8290625,25.6942528735632,13.3925125434195,11.7489090298758,0.506944444444444,0.54559748427673,2.16132767271324,5.0945580856812,1.23504438440756,2.93323041296797,0.489583333333333,4.19311406039623,6.09662576687117,1.18865030674847,2.49233128834356,0.350694444444444,0.633663366336634,3.49115646258503,24.5652482269504,29.0064516129032,23.4042553191489,0.548271752085817,0.592651757188498,4.85161290322581,11.5870967741935,2.65806451612903,5.93548387096774,0.522050059594756,3.46701164294955,5.73281452658885,1.01167315175097,1.4526588845655,0.251489868891538,0.701421800947867,5.55336658354115,26.7662100456621,16.6792074241284,14.4126571304725,0.54786150712831,0.57032590051458,2.48306997742664,5.94431903686983,2.05668422372711,5.11662904439428,0.0020366598778004,7.54267068273092,8.69128359708616,2.46169304194926,0.929414719919618,0.782077393075356,0.591145833333333,2.66816326530612,42.5,-1.65336922041719,97
22.8918476991357,21.7846153846154,0.483071342200726,0.527687296416938,9.43704741882738,23.4991824340107,3.31698201354824,5.04555010511563,0.448609431680774,2.31389505667874,3.99906454630496,0.280636108512629,1.54349859681946,0.186215235792019,0.564935064935065,8.57061403508772,26.499730458221,11.4901256732496,13.6969696969697,0.520179372197309,0.540084388185654,12.7917414721724,31.8671454219031,4.57809694793537,1.48114901256733,0.0,5.39632781012091,8.66845397676497,1.02770330652368,1.69794459338695,0.488789237668161,0.605504587155963,4.78116591928251,0.0,38.99739583333329,33.6627906976744,0.513215859030837,0.577369439071567,6.18489583333333,14.7786458333333,4.03645833333333,9.83072916666667,0.429515418502203,2.70799347471452,4.44735120994114,0.13080444735121,0.981033355134074,0.174008810572687,0.582278481012658,8.96409266409266,26.0676923076923,21.696405482286,21.8314683717744,0.469833119383825,0.497619047619048,4.52547194207396,11.2490302560124,2.99974140160331,3.59451771399017,0.514762516046213,3.83671360289368,6.04026845637584,0.774393391843056,2.11667527103769,0.282413350449294,0.540909090909091,5.31640211640212,25.3104738154613,15.1156387665198,12.6391293593866,0.596551724137931,0.603296703296703,2.47797356828194,6.33259911894273,1.54185022026432,1.23898678414097,0.72183908045977,3.39892665474061,4.59422283356259,0.63273727647868,1.59559834938102,0.204597701149425,0.606741573033708,3.37107438016529,25.037898089172,-6.509350878101841,95
31.2139708375721,29.2204899777283,0.490552325581395,0.56141975308642,14.9203119701594,34.4354018311292,6.01898948796202,9.51169888097661,0.46656976744186,2.00305550840265,3.39904826648538,0.203942895989123,1.54656696125085,0.157703488372093,0.525345622119816,8.15476839237057,27.6771028037383,19.6196745291644,18.1658692185008,0.536876355748373,0.545223577235772,6.07057963064546,14.499908575608,2.83415615286158,2.5598829767782,0.254880694143167,4.09671532846715,5.91877617920233,1.00163904571116,4.17046075396103,0.341648590021692,0.653968253968254,5.04890829694323,26.1314893617021,29.2787944025834,22.7866128649418,0.572834645669291,0.618451025056948,2.47578040904198,6.0010764262648,2.20667384284177,6.83530678148547,0.509186351706037,3.46774193548387,5.74650912996778,0.349087003222342,1.34264232008593,0.18503937007874,0.617021276595745,7.36711229946524,25.1723514211886,24.3989953354862,22.1102362204724,0.539594843462247,0.570469798657718,6.49443846429853,15.2852529601722,3.80337280229638,4.52099031216362,0.259668508287293,6.46435625785599,10.6757728253055,1.294033069734,2.01294033069734,0.403314917127072,0.721461187214612,4.82985074626866,25.3248226950355,22.4188790560472,17.3280159521436,0.603221083455344,0.634146341463415,3.8121170864533696,9.1218515997277,2.04220558202859,4.90129339686862,0.216691068814056,7.47674154753801,9.96142500567279,1.52030859995462,1.56569094622192,0.546120058565154,0.702412868632708,3.23102803738318,24.6210884353742,2.6235399820305503,95
20.2263926124516,20.0742508618404,0.462204724409449,0.495594713656388,4.97467977360739,12.2132856717307,2.32350312779267,3.2171581769437,0.48503937007874,3.5490605427975,5.79277396237683,0.418035234398328,1.10480740519558,0.223622047244094,0.577464788732394,6.82324159021407,25.0272727272727,24.8051352590555,22.866344605475,0.514348785871965,0.550102249488753,10.087116001834,23.3837689133425,3.6680421824851,4.1723979825768,0.373068432671082,2.52004581901489,3.89194139194139,0.54945054945055,1.92307692307692,0.236203090507726,0.672897196261682,6.63450704225352,26.1863905325444,33.5950337776155,27.6682418119602,0.563907044299201,0.605596269153897,7.74146430527661,19.0980463757532,3.61511776519993,5.97042176373927,0.486564996368918,3.65150544522742,6.67889908256881,0.311926605504587,1.26605504587156,0.163398692810458,0.657777777777778,7.47708628005658,26.4925261584454,21.2017167381974,18.3114880493446,0.558201058201058,0.592771084337349,5.62231759656652,13.5622317596567,2.57510729613734,3.73390557939914,0.555555555555556,3.88182014233341,6.67533593411357,0.563502384048548,1.64716081491114,0.235449735449735,0.685393258426966,4.85178571428572,25.0109523809524,26.5798905866818,23.8896366083446,0.520664869721474,0.557494052339413,6.35729107715525,15.8837955102811,3.0371627994718,6.16864742501415,0.198562443845463,7.06603773584906,10.6435176448387,1.00018871485186,1.84940554821664,0.238993710691824,0.699248120300752,7.87656950672646,25.3677272727273,-22.19994187736124,95
35.8542319749216,33.0060292850991,0.520590253946465,0.562732919254658,12.5,29.6042319749216,6.05407523510972,7.24921630094044,0.286890871654084,4.17485265225933,7.26950354609929,1.0441292356186,1.39873916469661,0.247083047357584,0.572222222222222,7.05553416746872,26.4557416267943,27.9497907949791,22.1976401179941,0.579365079365079,0.588888888888889,2.90794979079498,6.94560669456067,1.73640167364017,2.92887029288703,0.715219421101774,2.2448337354453,3.51357037660425,0.105196717862403,1.53587208079108,0.0821661998132586,0.625,8.36196721311475,25.7457516339869,17.2935246219465,15.80204778157,0.50402144772118,0.5440097799511,2.52035672741373,6.5141527723924,2.09383481969756,3.2570763861962,0.60857908847185,4.17151726814125,6.33009708737864,0.466019417475728,1.20388349514563,0.211796246648794,0.582278481012658,5.7986301369863,25.4277533039648,20.2876020209872,18.3395712827492,0.516826923076923,0.558886509635974,3.18694131364166,8.08394869801788,2.79828993392927,4.74154683249126,0.362980769230769,4.20686993438827,6.82253737064009,0.651590647757762,1.87811422000767,0.377403846153846,0.662420382165605,4.46867924528302,25.4907284768212,14.7028862478778,12.5449101796407,0.584394904458599,0.616809116809117,4.17657045840408,10.5263157894737,2.30899830220713,2.95415959252971,0.168789808917197,6.76615228082076,9.11246612466125,3.42140921409214,0.948509485094851,0.576433121019108,0.679558011049724,3.50114942528736,25.3716981132075,-4.555578576608312,93
31.7757009345794,29.1790461297889,0.500772200772201,0.583879423328965,12.1142655616293,27.6847116910598,6.01304884500088,10.1922059601481,0.515830115830116,4.02400282386163,7.08355414237767,0.971559795089207,2.08443737855503,0.155212355212355,0.587064676616915,7.37145135566188,26.599251497006,19.672131147541,15.3729838709677,0.569607843137255,0.612190812720848,2.17637083097795,5.31373657433578,1.27190503109101,3.64612775579423,0.484313725490196,2.2756183745583,3.64715860899067,0.197907831495618,1.13090189426067,0.201960784313726,0.650485436893204,7.63726235741445,25.3935222672065,32.5848303393214,25.9728708027574,0.578306878306878,0.61346516007533,3.1187624750499,7.31037924151697,2.69461077844311,6.61177644710579,0.452910052910053,2.37085101073122,4.21867199201198,0.224663005491762,1.82226660009985,0.255026455026455,0.655601659751037,6.40251450676983,26.0967289719626,20.4879328436516,16.3953488372093,0.592529711375212,0.611111111111111,1.57397691500525,3.80377754459601,1.73137460650577,3.09548793284365,0.371816638370119,3.44963273871983,4.45960125918153,0.865687303252886,2.07240293809024,0.434634974533107,0.703125,3.49378378378378,24.7844748858447,25.2259036144578,19.5583068428978,0.628450106157113,0.64299424184261,4.02861445783133,9.61972891566265,2.39081325301205,4.44277108433735,0.0,9.518424276694,13.3987544819777,1.69843366672957,1.03793168522363,0.528662420382166,0.714859437751004,4.38885350318471,0.0,2.986118305190089,93
17.1032357473035,12.8820466379896,0.639008620689655,0.666,3.08166409861325,7.421674370826911,1.82331792501284,2.2085259373395,0.691810344827586,2.7064981488574,3.85884742320386,1.5993907083016,3.07184564610307,0.135775862068966,0.793650793650794,7.17412587412588,25.3725,31.9318392294869,25.6886823763691,0.60874897792314,0.637956748695004,5.74180403778478,13.7062418966475,3.8525652898684895,5.2787553250602,0.438266557645135,2.91747707696582,5.42793627269359,0.222304557243424,1.07447202667655,0.278822567457073,0.686217008797654,7.71703056768559,26.2165413533835,30.2815654329733,24.9490036089754,0.509174311926605,0.567631224764468,6.05631308659465,15.2824508588631,1.85939436869134,7.80945634850363,0.195718654434251,2.64818270683373,4.42383160899037,0.570816981805209,1.10595790224759,0.091743119266055,0.716666666666667,12.6577946768061,26.3854901960784,17.6934635612322,15.1333333333333,0.537804878048781,0.555424528301887,2.0473328324568,4.95867768595041,1.12697220135237,1.35236664162284,0.547560975609756,4.75654376583169,6.76663542642924,1.2933458294283,1.14339268978444,0.189024390243902,0.774193548387097,6.69164420485175,25.9233707865169,26.8899521531101,22.9137594194809,0.556618819776715,0.60042735042735,5.23125996810207,12.3763955342903,3.82775119617225,5.26315789473684,0.0590111642743221,10.0191754554171,13.9929554915146,1.47294268331732,1.18475824527698,0.413078149920255,0.67953667953668,6.34,25.8405405405405,12.782248378573158,92
19.872851424535,17.9339171974522,0.482872200263505,0.511627906976744,7.84082882034377,18.4600894749235,2.04850482693666,3.20226041911938,0.60737812911726,2.6061320754717,4.4649184975194895,0.590597684857075,2.2206472950626,0.121212121212121,0.5,10.15,26.7431670281996,31.2420670897552,27.3160239668152,0.504523312456507,0.543381887270424,5.11332728921124,12.1305530371714,3.68087035358114,6.09247506799637,0.459986082115518,3.42883128694861,6.05839416058394,0.492700729927007,1.2956204379562,0.240083507306889,0.643478260869565,7.95309278350516,26.1428139183056,21.4791851195748,17.7208083832335,0.574605451936872,0.599505562422744,5.86802480070859,14.6368467670505,3.05580159433127,5.46944198405669,0.130559540889527,6.23893805309735,8.22281167108753,1.96728558797524,2.14412024756852,0.51219512195122,0.719887955182073,5.20082508250825,25.1604395604396,19.9599656848728,16.4544799423493,0.524734982332155,0.560192616372392,1.71575636259651,4.28939090649128,1.77294824134973,3.603088361452672,0.489399293286219,5.71918787532171,8.43580211609952,1.17243351444095,0.714898484415213,0.217314487632509,0.650406504065041,7.48754325259516,25.3496350364964,29.7457974579746,26.5380604796663,0.505249343832021,0.543445692883895,7.62607626076261,18.7576875768758,3.9770397703977,8.77408774087741,0.0787401574803149,8.11674917491749,10.8966376089664,1.26608551266086,1.74346201743462,0.416447944006999,0.651260504201681,5.89078822412156,26.1224719101124,13.11047035501892,92
26.7361794216014,21.502313990744,0.581510934393638,0.610502283105023,13.240212472949,31.7529018296282,2.36081054495377,4.36749950816447,0.558648111332008,2.54865158549837,4.28571428571429,0.972222222222222,2.08333333333333,0.129224652087475,0.715384615384615,9.34977477477478,27.1811387900356,16.8082368082368,16.6939826738469,0.50556586270872,0.54242928452579,8.39124839124839,19.97425997426,2.88288288288288,3.5006435006435,0.324675324675325,2.77706351247107,4.67505779604418,0.282558438222451,2.02928332905215,0.215213358070501,0.698275862068966,9.35302197802198,26.5182857142857,23.3895373973195,17.5893207695328,0.617414248021108,0.656934306569343,2.33463035019455,5.44747081712062,1.59965412883701,3.45871162991786,0.514511873350924,3.83125269048644,6.0437205315045,0.728675525075011,1.5002143163309,0.263852242744063,0.68,5.74076086956522,25.0558974358974,25.6307692307692,19.8063623789765,0.621035058430718,0.64175654853621,3.93846153846154,9.10769230769231,2.09230769230769,3.50769230769231,0.502504173622705,4.89230769230769,8.06153846153846,0.861538461538462,1.41538461538462,0.340567612687813,0.784313725490196,3.7724832214765103,25.9232558139535,25.1798561151079,21.2517897320515,0.577065351418002,0.610021786492375,2.4955035971223,5.64298561151079,2.76528776978417,5.35071942446043,0.485819975339088,5.29213483146067,8.55795148247979,3.2345013477089,1.21293800539084,0.228113440197287,0.691891891891892,6.76882494004796,26.2195431472081,14.514695613533933,92
15.6942823803967,15.9212571231221,0.49331550802139,0.513427109974425,7.07895760404512,17.1917541812524,2.74212368728121,1.65305328665889,0.544117647058824,3.31454121306376,5.98523124757093,0.408083948698018,1.04935872522347,0.121657754010695,0.538461538461538,10.4856304985337,26.2796068796069,15.6914893617021,16.1092793217146,0.476190476190476,0.500850340136055,4.49468085106383,11.0372340425532,2.57978723404255,2.47340425531915,0.648351648351648,3.7903976592632,6.27826549614259,1.33014099494546,1.80899175312583,0.201465201465201,0.572727272727273,5.23489583333333,26.5635593220339,20.9946396664681,17.4553101997897,0.557522123893805,0.581395348837209,3.06730196545563,7.50446694460989,1.90589636688505,2.62060750446695,0.584070796460177,2.70714926712534,4.35697115384615,0.420673076923077,0.78125,0.233628318584071,0.689393939393939,4.64851063829787,26.5830303030303,23.767258382643,23.9760903254372,0.492924528301887,0.513874066168623,3.74753451676529,9.4181459566075,3.59960552268245,4.98027613412229,0.369103773584906,4.55833435998522,7.78133464663876,0.46786505786752,0.886481162275302,0.275943396226415,0.705128205128205,6.15663551401869,26.0095846645367,26.8899521531101,22.9137594194809,0.556618819776715,0.60042735042735,5.23125996810207,12.3763955342903,3.82775119617225,5.26315789473684,0.0590111642743221,10.0191754554171,13.9929554915146,1.47294268331732,1.18475824527698,0.413078149920255,0.67953667953668,6.34,25.8405405405405,-25.312885598448787,91
33.5950337776155,27.6682418119602,0.563907044299201,0.605596269153897,7.74146430527661,19.0980463757532,3.61511776519993,5.97042176373927,0.486564996368918,3.65150544522742,6.67889908256881,0.311926605504587,1.26605504587156,0.163398692810458,0.657777777777778,7.47708628005658,26.4925261584454,22.8659389868458,19.3353474320242,0.580693815987934,0.595168374816984,4.9258326336412,11.4469633361321,2.40694094598377,1.48334732717604,0.728506787330317,2.34913489942327,4.21380090497738,0.169683257918552,1.13122171945701,0.144796380090498,0.65625,4.58277777777778,25.5865424430642,13.2593619972261,11.4067504311407,0.571611253196931,0.584352078239609,3.10679611650485,7.57281553398058,1.49791955617198,1.19278779472954,0.595907928388747,3.48595933047448,4.96688741721854,1.02097130242826,1.87637969094923,0.237851662404092,0.666666666666667,4.23860759493671,24.6944206008584,26.5798905866818,23.8896366083446,0.520664869721474,0.557494052339413,6.35729107715525,15.8837955102811,3.0371627994718,6.16864742501415,0.198562443845463,7.06603773584906,10.6435176448387,1.00018871485186,1.84940554821664,0.238993710691824,0.699248120300752,7.87656950672646,25.3677272727273,20.935960591133,17.4091627172196,0.591594827586207,0.602226720647773,2.11118930330753,5.03166783954961,2.00562983814215,2.35749472202674,0.239224137931034,8.29097283085013,12.4694376528117,2.47991617184771,1.36220747467691,0.493534482758621,0.707423580786026,4.15212464589235,25.654954954955,2.8693528693528663,90
45.6533725418122,34.3567251461988,0.568538647342995,0.631701030927835,8.91380260981437,22.6061385774674,3.36335232494027,12.2955339092079,0.26268115942029,3.49534261735682,5.77563865235098,1.42539800074047,2.42502776749352,0.253019323671498,0.701670644391408,8.25954135954136,26.0310344827586,14.5865434001027,12.7289170246439,0.550102249488753,0.563492063492064,4.4427324088341,10.9912686183873,1.51515151515152,0.950179763739086,0.425357873210634,2.93552108704012,4.04402354747888,0.895828001023803,3.07141028922447,0.323108384458078,0.664556962025316,4.77615658362989,24.6129807692308,31.7832764505119,27.5095057034221,0.536815068493151,0.572419106317411,7.5938566552901,18.6433447098976,3.19965870307167,6.37798634812287,0.291095890410959,3.94230769230769,6.63527397260274,0.98458904109589,2.37585616438356,0.248287671232877,0.668965517241379,8.07125603864734,26.0382352941176,16.6358167515039,13.5804997951659,0.578414839797639,0.587418300653595,2.66080518278575,6.31652012956964,1.18000925497455,1.0643220731143,0.6964586846543,3.3868916888221,4.71240471240471,0.900900900900901,1.82490182490183,0.158516020236088,0.574468085106383,6.32333333333333,25.2265206812652,25.6727664155005,21.8016291327264,0.552941176470588,0.597744360902256,3.39074273412271,7.58880516684607,3.01399354144241,7.21205597416577,0.341176470588235,6.92162671694048,11.266846361186,3.8274932614555297,1.23989218328841,0.352941176470588,0.725,5.51383928571429,25.926724137931,21.870940862191503,90
38.6388583973655,33.4471822395706,0.53609756097561,0.589689857502096,10.5104281009879,25.4390779363337,4.91218441273326,10.8397365532382,0.469268292682927,5.63671444321941,10.2159468438538,0.581395348837209,2.4640088593577,0.154146341463415,0.708860759493671,8.90422794117647,27.0983367983368,33.360367666937,27.0302452964992,0.549206349206349,0.590776699029126,6.24493106244931,14.6255744795891,3.00081103000811,5.78534739118681,0.37989417989418,3.25247323485567,4.89130434782609,0.625,1.79347826086957,0.198941798941799,0.675531914893617,8.07440273037543,25.9710306406685,24.9627421758569,21.9350563286945,0.534777651083238,0.551381215469613,3.60158966716344,8.42026825633383,2.18579234972678,1.83805265772479,0.630558722919042,3.05552105328531,5.01863354037267,0.745341614906832,1.24223602484472,0.080957810718358,0.676056338028169,11.5509259259259,25.073731884058,21.959548200683,20.2696420269642,0.521052631578947,0.554376657824934,3.44102968216443,8.40556868925663,3.09955345416338,5.20094562647754,0.359398496240602,5.80357142857143,9.45129955368863,1.57521659228144,1.65397742189551,0.281203007518797,0.668449197860963,5.37089201877934,24.5937238493724,27.7294303797468,19.1866527632951,0.702233250620347,0.72119341563786,3.16455696202532,7.3575949367088604,2.61075949367089,7.75316455696203,0.0,7.67253312240459,9.2131277184658,4.03321470937129,0.909450375642546,0.789081885856079,0.742138364779874,2.56129032258065,0.0,-8.02005012531329,89
18.7811508835523,16.3565732978941,0.569546120058565,0.584626234132581,9.71907566832805,24.2863615768011,2.06162211146353,1.29134571816946,0.587115666178624,2.22803228373309,3.55920602327173,0.182523385808807,1.57426420260096,0.0834553440702781,0.754385964912281,8.57517730496454,25.1605985037406,33.9692633810281,29.0546949098957,0.525,0.586983343615052,9.34463875640346,23.8827062356474,3.88623918035683,8.53206147323794,0.388028169014085,2.69983181375587,4.06316536550745,0.28388928317956,1.18878637331441,0.141549295774648,0.691542288557214,10.1010356731876,25.9308529945554,18.394528437725,16.7764189401066,0.515723270440252,0.516161616161616,2.05183585313175,5.25557955363571,1.43988480921526,1.40388768898488,0.553459119496855,4.75512021371327,6.16848783926683,1.4099400775467,1.55093408530137,0.205450733752621,0.714285714285714,5.59342723004695,24.3723484848485,35.5339805825243,28.8208750245242,0.597864768683274,0.642298670836591,5.67421790722762,13.4843581445523,4.09924487594391,7.78856526429342,0.330960854092527,4.04280618311534,7.60398613518198,1.66811091854419,1.08318890814558,0.110320284697509,0.790322580645161,10.4723404255319,25.5088709677419,12.6088602801969,10.8629441624365,0.618811881188119,0.635496183206107,5.07383566830746,12.0030291556229,2.23400227186672,4.8466489965922,0.0198019801980198,8.65842055185538,12.9686304514155,1.79801071155318,1.26243305279265,0.698019801980198,0.765957446808511,3.23282828282828,35.625,25.33615767176275,89
32.560861423221,28.6159600997506,0.544034090909091,0.587585034013605,7.06928838951311,16.6666666666667,4.77528089887641,6.41385767790262,0.589015151515152,2.38598965679361,4.0604343720491,0.637393767705383,2.03021718602455,0.207386363636364,0.680365296803653,6.15322580645161,27.616077170418,15.6914893617021,16.1092793217146,0.476190476190476,0.500850340136055,4.49468085106383,11.0372340425532,2.57978723404255,2.47340425531915,0.648351648351648,3.7903976592632,6.27826549614259,1.33014099494546,1.80899175312583,0.201465201465201,0.572727272727273,5.23489583333333,26.5635593220339,20.9946396664681,17.4553101997897,0.557522123893805,0.581395348837209,3.06730196545563,7.50446694460989,1.90589636688505,2.62060750446695,0.584070796460177,2.70714926712534,4.35697115384615,0.420673076923077,0.78125,0.233628318584071,0.689393939393939,4.64851063829787,26.5830303030303,17.7014852690528,17.9027027027027,0.471955128205128,0.516358463726885,4.86973459946433,12.3934745556367,3.04358412466521,4.50450450450451,0.358974358974359,3.57099477711648,4.92001938923897,0.99369849733398,1.89045079980611,0.317307692307692,0.702020202020202,6.27425,25.8410714285714,26.8899521531101,22.9137594194809,0.556618819776715,0.60042735042735,5.23125996810207,12.3763955342903,3.82775119617225,5.26315789473684,0.0590111642743221,10.0191754554171,13.9929554915146,1.47294268331732,1.18475824527698,0.413078149920255,0.67953667953668,6.34,25.8405405405405,3.77857436680965,89
15.6942823803967,15.9212571231221,0.49331550802139,0.513427109974425,7.07895760404512,17.1917541812524,2.74212368728121,1.65305328665889,0.544117647058824,3.31454121306376,5.98523124757093,0.408083948698018,1.04935872522347,0.121657754010695,0.538461538461538,10.4856304985337,26.2796068796069,32.560861423221,28.6159600997506,0.544034090909091,0.587585034013605,7.06928838951311,16.6666666666667,4.77528089887641,6.41385767790262,0.589015151515152,2.38598965679361,4.0604343720491,0.637393767705383,2.03021718602455,0.207386363636364,0.680365296803653,6.15322580645161,27.616077170418,17.7014852690528,17.9027027027027,0.471955128205128,0.516358463726885,4.86973459946433,12.3934745556367,3.04358412466521,4.50450450450451,0.358974358974359,3.57099477711648,4.92001938923897,0.99369849733398,1.89045079980611,0.317307692307692,0.702020202020202,6.27425,25.8410714285714,19.4563662374821,15.495608531995,0.600973236009732,0.616780045351474,2.14592274678112,5.1859799713877,1.931330472103,2.61087267525036,0.469586374695864,6.25,8.47517730496454,1.38297872340426,2.30496453900709,0.369829683698297,0.730263157894737,3.24862385321101,26.0145077720207,22.5772928033255,23.5484617164007,0.457125603864734,0.480641592920354,4.18290465055859,10.0025980774227,2.9618082618862,4.28682774746688,0.411835748792271,5.63836681788723,8.04449042938438,2.61251939989653,1.13812726332126,0.230676328502415,0.638743455497382,6.35605749486653,25.9266862170088,-9.171195652173909,88
17.1032357473035,12.8820466379896,0.639008620689655,0.666,3.08166409861325,7.421674370826911,1.82331792501284,2.2085259373395,0.691810344827586,2.7064981488574,3.85884742320386,1.5993907083016,3.07184564610307,0.135775862068966,0.793650793650794,7.17412587412588,25.3725,31.9318392294869,25.6886823763691,0.60874897792314,0.637956748695004,5.74180403778478,13.7062418966475,3.8525652898684895,5.2787553250602,0.438266557645135,2.91747707696582,5.42793627269359,0.222304557243424,1.07447202667655,0.278822567457073,0.686217008797654,7.71703056768559,26.2165413533835,30.2815654329733,24.9490036089754,0.509174311926605,0.567631224764468,6.05631308659465,15.2824508588631,1.85939436869134,7.80945634850363,0.195718654434251,2.64818270683373,4.42383160899037,0.570816981805209,1.10595790224759,0.091743119266055,0.716666666666667,12.6577946768061,26.3854901960784,16.5262000732869,14.3907898944675,0.52807486631016,0.548661800486618,3.00476364968853,7.32869182850861,1.42909490655918,2.93147673140344,0.636363636363636,5.77907827359181,8.6162833150785,0.839722526469514,1.49689667761957,0.237967914438503,0.640449438202247,4.18970588235294,25.3235294117647,26.8581759742869,21.6619318181818,0.626539753639418,0.65603532875368,8.49738850944154,20.148654077943,4.05785456006428,5.80554439533949,0.174692049272116,9.78359335681933,14.2223118821868,0.524510792818237,0.968327617510591,0.522956326987682,0.69593147751606,4.36689280868385,25.9711538461538,-0.8179959100204712,88
24.3270189431705,23.625730994152,0.47884012539185,0.520714285714286,9.83715520106348,23.5958790295779,3.58923230309073,4.81887670322366,0.564263322884013,2.70812437311936,4.77632021527077,0.773629330642449,1.88361923982509,0.130094043887147,0.626506024096386,8.16115107913669,26.2613888888889,21.696405482286,21.8314683717744,0.469833119383825,0.497619047619048,4.52547194207396,11.2490302560124,2.99974140160331,3.59451771399017,0.514762516046213,3.83671360289368,6.04026845637584,0.774393391843056,2.11667527103769,0.282413350449294,0.540909090909091,5.31640211640212,25.3104738154613,20.6806282722513,18.4832756632065,0.510576923076923,0.547743055555556,2.74869109947644,6.47905759162304,2.19240837696335,4.02486910994764,0.580769230769231,4.68189233278956,7.35198438516591,0.910865322055953,2.01691607026675,0.288461538461538,0.593333333333333,4.11467889908257,24.962582781457,18.6318407960199,16.659445407279,0.495161290322581,0.533959537572254,3.60696517412935,9.37810945273632,1.96517412935323,4.1044776119403,0.583870967741936,3.35820895522388,4.85074626865672,0.124378109452736,0.995024875621891,0.232258064516129,0.618055555555556,4.7046511627907,25.5361878453039,19.4885598923284,17.113695703774,0.567781690140845,0.570977917981073,4.22611036339166,10.228802153432,2.34185733512786,4.14535666218035,0.0369718309859154,6.919252989386,9.60300429184549,2.68240343347639,1.66309012875536,0.563380281690141,0.721875,4.53162705667276,24.6047619047619,-7.601828202715424,87
17.6002766251729,14.4034177601465,0.567216981132076,0.581050228310502,3.7344398340249,9.16320885200553,1.21023513139696,1.00276625172891,0.867924528301887,2.72049904695893,4.13337964571032,0.486279958318861,1.84091698506426,0.0896226415094339,0.710526315789474,4.88214285714286,25.4375,22.9111307942132,19.5044807590933,0.555926544240401,0.583458646616541,6.34780041334514,15.5890168290523,2.21434898139947,4.57632122822557,0.474123539232053,3.00963676797628,4.82430017867779,0.982727814175104,1.697438951757,0.323873121869783,0.644329896907217,4.66095238095238,24.9195035460993,36.6911130284728,30.7809523809524,0.531439393939394,0.57443915703603,7.63589301121657,19.1328731665229,3.21397756686799,7.80845556514236,0.479545454545455,3.47957639939486,5.73841489822434,0.368124729320052,2.05716760502382,0.190151515151515,0.605577689243028,8.39475982532751,26.4044233807267,22.0907297830375,18.2296890672016,0.595161290322581,0.607751937984496,3.12764158918005,7.60777683854607,2.3105100028177,1.63426317272471,0.659677419354839,3.8472418670438495,6.39023004828174,0.397614314115308,0.795228628230616,0.164516129032258,0.666666666666667,5.13364928909953,24.7524509803922,29.2314526876944,23.2971372161895,0.604304635761589,0.635748792270531,5.01999111505997,12.9498000888494,3.22079075966237,6.7747667703243,0.253863134657837,7.33607926082601,11.0466413746931,2.52175853604106,1.36130328051774,0.47682119205298,0.761574074074074,4.02115384615385,25.3230434782609,32.91994353700342,85
36.5405405405405,29.5610687022901,0.550833333333333,0.60310021629416,10.2702702702703,23.7189189189189,3.54594594594595,9.68648648648649,0.330833333333333,2.02688055495339,3.47750489024125,0.173875244512063,1.30406433384047,0.188333333333333,0.641592920353982,8.58742216687422,25.6345088161209,19.1056910569106,16.7666303162486,0.510968921389397,0.531304347826087,5.84740462789243,14.5716072545341,1.28205128205128,2.00125078173859,0.570383912248629,2.50388802488336,3.52722772277228,0.525990099009901,2.0730198019802,0.16636197440585,0.505494505494506,8.92340425531915,25.4275641025641,18.1018119068162,15.4208447280462,0.578673602080624,0.612018669778296,7.79982743744607,18.8610871440897,2.72648835202761,3.53753235547886,0.327698309492848,6.3468825353083,9.90201134605467,0.464156781846313,2.04572803850782,0.449934980494148,0.708092485549133,4.49419729206963,25.2230158730159,24.4325521313896,19.8669047232592,0.557673509286413,0.589572192513369,3.02638863258904,7.23380697545673,1.8822661007566,4.17051116442148,0.449657869012708,3.30380214101144,4.81816503599779,1.19992615839025,2.03064426804504,0.376344086021505,0.654545454545455,4.52326820603908,24.656455142232,34.4429214803211,27.2160664819945,0.584362139917696,0.633598841419261,4.30781280595261,9.57509300959467,3.75954572155865,8.00861562561191,0.278189300411523,9.04176904176904,13.9700078926598,0.986582478295186,1.40094711917916,0.420576131687243,0.669275929549902,4.73192702394527,26.4547337278107,34.45280833815866,84
22.8918476991357,21.7846153846154,0.483071342200726,0.527687296416938,9.43704741882738,23.4991824340107,3.31698201354824,5.04555010511563,0.448609431680774,2.31389505667874,3.99906454630496,0.280636108512629,1.54349859681946,0.186215235792019,0.564935064935065,8.57061403508772,26.499730458221,27.9497907949791,22.1976401179941,0.579365079365079,0.588888888888889,2.90794979079498,6.94560669456067,1.73640167364017,2.92887029288703,0.715219421101774,2.2448337354453,3.51357037660425,0.105196717862403,1.53587208079108,0.0821661998132586,0.625,8.36196721311475,25.7457516339869,17.2935246219465,15.80204778157,0.50402144772118,0.5440097799511,2.52035672741373,6.5141527723924,2.09383481969756,3.2570763861962,0.60857908847185,4.17151726814125,6.33009708737864,0.466019417475728,1.20388349514563,0.211796246648794,0.582278481012658,5.7986301369863,25.4277533039648,20.2876020209872,18.3395712827492,0.516826923076923,0.558886509635974,3.18694131364166,8.08394869801788,2.79828993392927,4.74154683249126,0.362980769230769,4.20686993438827,6.82253737064009,0.651590647757762,1.87811422000767,0.377403846153846,0.662420382165605,4.46867924528302,25.4907284768212,14.7028862478778,12.5449101796407,0.584394904458599,0.616809116809117,4.17657045840408,10.5263157894737,2.30899830220713,2.95415959252971,0.168789808917197,6.76615228082076,9.11246612466125,3.42140921409214,0.948509485094851,0.576433121019108,0.679558011049724,3.50114942528736,25.3716981132075,-0.6261510128913415,84
22.6860254083485,20.6923995224831,0.505605381165919,0.532051282051282,9.21052631578947,21.7332123411978,2.35934664246824,2.45009074410163,0.573991031390135,2.35400633770937,4.0650406504065,0.722673893405601,1.76151761517615,0.170403587443946,0.473684210526316,6.58789473684211,26.03984375,19.1056910569106,16.7666303162486,0.510968921389397,0.531304347826087,5.84740462789243,14.5716072545341,1.28205128205128,2.00125078173859,0.570383912248629,2.50388802488336,3.52722772277228,0.525990099009901,2.0730198019802,0.16636197440585,0.505494505494506,8.92340425531915,25.4275641025641,18.1018119068162,15.4208447280462,0.578673602080624,0.612018669778296,7.79982743744607,18.8610871440897,2.72648835202761,3.53753235547886,0.327698309492848,6.3468825353083,9.90201134605467,0.464156781846313,2.04572803850782,0.449934980494148,0.708092485549133,4.49419729206963,25.2230158730159,23.7110016420361,19.7140381282496,0.569737954353339,0.585158150851582,5.02463054187192,12.2331691297209,2.16748768472906,1.9376026272578,0.391377852916314,2.12155963302752,3.07289964040536,0.70284406668846,1.2258908139915,0.202874049027895,0.758333333333333,7.91680555555556,25.2822510822511,34.4429214803211,27.2160664819945,0.584362139917696,0.633598841419261,4.30781280595261,9.57509300959467,3.75954572155865,8.00861562561191,0.278189300411523,9.04176904176904,13.9700078926598,0.986582478295186,1.40094711917916,0.420576131687243,0.669275929549902,4.73192702394527,26.4547337278107,24.319327731092443,83
35.8542319749216,33.0060292850991,0.520590253946465,0.562732919254658,12.5,29.6042319749216,6.05407523510972,7.24921630094044,0.286890871654084,4.17485265225933,7.26950354609929,1.0441292356186,1.39873916469661,0.247083047357584,0.572222222222222,7.05553416746872,26.4557416267943,19.0347316193054,15.4684095860566,0.529411764705882,0.570844686648501,2.77401894451962,6.58547586829048,1.08254397834912,3.2701849345963,0.672058823529412,2.06966749604162,3.7431941923775,0.158802177858439,0.862068965517241,0.107352941176471,0.684931506849315,9.06726457399103,25.5833698030635,29.0588882773803,26.49450023912,0.536319612590799,0.567741935483871,6.54925701706109,16.1805173362686,4.89818381948266,6.38414969730325,0.372881355932203,3.41786108048512,4.63832136940917,0.607399226946438,1.54610712313639,0.309927360774818,0.6015625,6.07644787644788,26.5519480519481,21.0283315844701,17.7110210099521,0.533540372670808,0.570205479452055,3.39979013641133,8.3105981112277,1.78384050367261,3.48373557187828,0.327950310559006,4.53638559277539,7.71332492643968,1.19798234552333,1.55527532576713,0.216149068322981,0.741379310344828,7.47042513863216,24.6606870229008,14.7028862478778,12.5449101796407,0.584394904458599,0.616809116809117,4.17657045840408,10.5263157894737,2.30899830220713,2.95415959252971,0.168789808917197,6.76615228082076,9.11246612466125,3.42140921409214,0.948509485094851,0.576433121019108,0.679558011049724,3.50114942528736,25.3716981132075,3.6735700197238543,83
28.0554181098466,27.4552597119162,0.488565488565489,0.53415559772296,6.38297872340426,14.6462147451757,5.04700643245918,5.44285007422068,0.503118503118503,3.47547448853833,5.795677799607071,1.62082514734774,2.5049115913556,0.174636174636175,0.738095238095238,8.16234309623431,27.097520661157,14.9323274905702,12.3536299765808,0.543198529411765,0.567307692307692,3.01752828932771,7.36631905924118,1.37563789660528,2.10783226092745,0.606617647058824,1.87319884726225,3.01218161683278,0.753045404208195,2.19269102990033,0.137867647058824,0.746666666666667,10.4967289719626,25.0632218844985,16.5785381026439,15.3284671532847,0.494824016563147,0.5205078125,3.51477449455677,8.33592534992224,1.74183514774495,1.95956454121306,0.494824016563147,3.80907960199005,5.34659620764688,0.55952751010258,1.02580043518806,0.265010351966874,0.5859375,5.43155737704918,24.9686192468619,17.6909821941413,16.2884518406455,0.496938775510204,0.541300527240773,3.8483630097645,9.10396323951752,2.21137277426766,5.02584721424469,0.322448979591837,7.02834239908388,9.70319634703196,1.17009132420091,1.48401826484018,0.373469387755102,0.704918032786885,5.93072289156627,25.0301282051282,17.967072297781,14.5736434108527,0.615044247787611,0.630653266331658,4.9033643521832495,11.7036506800286,2.57695060844667,4.76020042949177,0.0825958702064896,8.29451809387316,10.6169296987088,3.51506456241033,1.75753228120517,0.710914454277286,0.726141078838174,2.98102893890675,26.5214285714286,-0.6211180124223574,83
32.1934945788157,27.0101195952162,0.562180579216354,0.599063962558502,10.5504587155963,24.9791492910759,3.9407839866555503,5.31693077564637,0.450596252129472,2.23685585868088,3.50031439949696,0.23055963110459,1.90735694822888,0.178875638841567,0.614285714285714,8.11720930232558,26.25,22.9111307942132,19.5044807590933,0.555926544240401,0.583458646616541,6.34780041334514,15.5890168290523,2.21434898139947,4.57632122822557,0.474123539232053,3.00963676797628,4.82430017867779,0.982727814175104,1.697438951757,0.323873121869783,0.644329896907217,4.66095238095238,24.9195035460993,36.6911130284728,30.7809523809524,0.531439393939394,0.57443915703603,7.63589301121657,19.1328731665229,3.21397756686799,7.80845556514236,0.479545454545455,3.47957639939486,5.73841489822434,0.368124729320052,2.05716760502382,0.190151515151515,0.605577689243028,8.39475982532751,26.4044233807267,29.2314526876944,23.2971372161895,0.604304635761589,0.635748792270531,5.01999111505997,12.9498000888494,3.22079075966237,6.7747667703243,0.253863134657837,7.33607926082601,11.0466413746931,2.52175853604106,1.36130328051774,0.47682119205298,0.761574074074074,4.02115384615385,25.3230434782609,23.1868824889636,15.9179145867998,0.70625,0.720915032679739,3.32142106369561,8.03027117931469,2.03910027328148,5.82299768761825,0.0078125,8.37443593241683,12.1961441743504,1.52975691533948,1.61357921207041,0.6625,0.778301886792453,3.39653543307087,25.42,18.724619726065114,82
21.0184182015168,17.4528301886792,0.55379746835443,0.577380952380952,8.45070422535211,20.1516793066089,1.84182015167931,2.38353196099675,0.569620253164557,4.22077922077922,6.05405405405405,0.540540540540541,2.27027027027027,0.151898734177215,0.5,7.59852941176471,26.44,33.9692633810281,29.0546949098957,0.525,0.586983343615052,9.34463875640346,23.8827062356474,3.88623918035683,8.53206147323794,0.388028169014085,2.69983181375587,4.06316536550745,0.28388928317956,1.18878637331441,0.141549295774648,0.691542288557214,10.1010356731876,25.9308529945554,18.394528437725,16.7764189401066,0.515723270440252,0.516161616161616,2.05183585313175,5.25557955363571,1.43988480921526,1.40388768898488,0.553459119496855,4.75512021371327,6.16848783926683,1.4099400775467,1.55093408530137,0.205450733752621,0.714285714285714,5.59342723004695,24.3723484848485,35.5339805825243,28.8208750245242,0.597864768683274,0.642298670836591,5.67421790722762,13.4843581445523,4.09924487594391,7.78856526429342,0.330960854092527,4.04280618311534,7.60398613518198,1.66811091854419,1.08318890814558,0.110320284697509,0.790322580645161,10.4723404255319,25.5088709677419,21.0337972166998,17.2950536146662,0.590778097982709,0.63126491646778,1.94831013916501,4.7713717693837,3.220675944334,6.36182902584493,0.0057636887608069,9.21859545004946,12.5196850393701,2.16535433070866,0.551181102362205,0.62536023054755,0.714285714285714,4.1104347826087,23.4,-3.441295546558706,82
28.0554181098466,27.4552597119162,0.488565488565489,0.53415559772296,6.38297872340426,14.6462147451757,5.04700643245918,5.44285007422068,0.503118503118503,3.47547448853833,5.795677799607071,1.62082514734774,2.5049115913556,0.174636174636175,0.738095238095238,8.16234309623431,27.097520661157,14.9323274905702,12.3536299765808,0.543198529411765,0.567307692307692,3.01752828932771,7.36631905924118,1.37563789660528,2.10783226092745,0.606617647058824,1.87319884726225,3.01218161683278,0.753045404208195,2.19269102990033,0.137867647058824,0.746666666666667,10.4967289719626,25.0632218844985,35.8929898439435,31.3426329555362,0.507321274763135,0.554957724827056,7.0349269259351,16.8689621005697,3.41837998513748,7.70374040128809,0.303186907838071,4.24159742031502,7.10382513661202,0.521609538002981,1.8628912071535,0.281653746770026,0.669724770642202,6.34907292954265,26.6538461538462,37.8095238095238,33.8169642857143,0.5,0.551579925650558,6.952380952380951,16.952380952381,4.31746031746032,12.2222222222222,0.298572996706915,5.47619047619048,9.33333333333333,0.888888888888889,1.14285714285714,0.261251372118551,0.668067226890756,8.33849765258216,26.5709558823529,17.6909821941413,16.2884518406455,0.496938775510204,0.541300527240773,3.8483630097645,9.10396323951752,2.21137277426766,5.02584721424469,0.322448979591837,7.02834239908388,9.70319634703196,1.17009132420091,1.48401826484018,0.373469387755102,0.704918032786885,5.93072289156627,25.0301282051282,-10.417912431067704,82
9.765625,11.4265927977839,0.419847328244275,0.437062937062937,6.015625,15.234375,1.71875,1.953125,0.557251908396947,2.58519388954172,3.06362922230951,0.942655145326002,2.74941084053417,0.274809160305344,0.555555555555556,4.42068965517241,25.2095890410959,18.1018119068162,15.4208447280462,0.578673602080624,0.612018669778296,7.79982743744607,18.8610871440897,2.72648835202761,3.53753235547886,0.327698309492848,6.3468825353083,9.90201134605467,0.464156781846313,2.04572803850782,0.449934980494148,0.708092485549133,4.49419729206963,25.2230158730159,23.7110016420361,19.7140381282496,0.569737954353339,0.585158150851582,5.02463054187192,12.2331691297209,2.16748768472906,1.9376026272578,0.391377852916314,2.12155963302752,3.07289964040536,0.70284406668846,1.2258908139915,0.202874049027895,0.758333333333333,7.91680555555556,25.2822510822511,24.4325521313896,19.8669047232592,0.557673509286413,0.589572192513369,3.02638863258904,7.23380697545673,1.8822661007566,4.17051116442148,0.449657869012708,3.30380214101144,4.81816503599779,1.19992615839025,2.03064426804504,0.376344086021505,0.654545454545455,4.52326820603908,24.656455142232,34.4429214803211,27.2160664819945,0.584362139917696,0.633598841419261,4.30781280595261,9.57509300959467,3.75954572155865,8.00861562561191,0.278189300411523,9.04176904176904,13.9700078926598,0.986582478295186,1.40094711917916,0.420576131687243,0.669275929549902,4.73192702394527,26.4547337278107,-1.1527591848876997,81
19.7867029725437,18.0204081632653,0.49633431085044,0.556338028169014,7.9192194236442,19.0152030859995,2.3144996596324,5.5139550714772,0.478005865102639,2.36934587915202,4.3271409152696,0.385138196647032,1.58586316266425,0.175953079178886,0.583333333333333,7.11938202247191,25.5371165644172,33.360367666937,27.0302452964992,0.549206349206349,0.590776699029126,6.24493106244931,14.6255744795891,3.00081103000811,5.78534739118681,0.37989417989418,3.25247323485567,4.89130434782609,0.625,1.79347826086957,0.198941798941799,0.675531914893617,8.07440273037543,25.9710306406685,24.9627421758569,21.9350563286945,0.534777651083238,0.551381215469613,3.60158966716344,8.42026825633383,2.18579234972678,1.83805265772479,0.630558722919042,3.05552105328531,5.01863354037267,0.745341614906832,1.24223602484472,0.080957810718358,0.676056338028169,11.5509259259259,25.073731884058,21.959548200683,20.2696420269642,0.521052631578947,0.554376657824934,3.44102968216443,8.40556868925663,3.09955345416338,5.20094562647754,0.359398496240602,5.80357142857143,9.45129955368863,1.57521659228144,1.65397742189551,0.281203007518797,0.668449197860963,5.37089201877934,24.5937238493724,27.7294303797468,19.1866527632951,0.702233250620347,0.72119341563786,3.16455696202532,7.3575949367088604,2.61075949367089,7.75316455696203,0.0,7.67253312240459,9.2131277184658,4.03321470937129,0.909450375642546,0.789081885856079,0.742138364779874,2.56129032258065,0.0,22.75449101796407,81
33.3717712177122,27.4608150470219,0.546875,0.620555073720729,9.45571955719557,22.6476014760148,3.73616236162362,9.06365313653137,0.528225806451613,3.13584818329091,5.62006502554575,0.2322340919647,1.6256386437529,0.201612903225806,0.605,8.60192307692308,27.268893129771,21.2371134020619,17.2891707775429,0.567732115677321,0.592219020172911,2.24226804123711,5.38659793814433,1.08247422680412,2.37113402061856,0.659056316590563,2.16634429400387,3.81935483870968,0.129032258064516,1.85806451612903,0.0882800608828006,0.53448275862069,10.4147321428571,25.6237875288684,14.6953405017921,12.6048700634336,0.600194552529183,0.612359550561798,3.47222222222222,8.13172043010753,1.83691756272401,1.0752688172043,0.651750972762646,3.2182103610675,5.68028738212842,0.336775931746745,1.70633138751684,0.192607003891051,0.585858585858586,5.32122905027933,24.8208955223881,26.4797507788162,24.0675580577058,0.520168067226891,0.542264752791069,4.04984423676013,10.2803738317757,2.2196261682243,2.84267912772586,0.299159663865546,8.02734375,12.5783699059561,1.01880877742947,1.37147335423198,0.213445378151261,0.653543307086614,9.12805755395683,25.5926966292135,19.9005926209138,15.9916201117318,0.598837209302326,0.625600961538462,2.73370292487096,6.70999808831963,1.60581150831581,2.63811890651883,0.481912144702842,3.85205059409736,5.552353506244,2.84341978866475,0.960614793467819,0.255813953488372,0.777777777777778,6.04488778054863,26.7632707774799,5.140291806958473,80
35.8542319749216,33.0060292850991,0.520590253946465,0.562732919254658,12.5,29.6042319749216,6.05407523510972,7.24921630094044,0.286890871654084,4.17485265225933,7.26950354609929,1.0441292356186,1.39873916469661,0.247083047357584,0.572222222222222,7.05553416746872,26.4557416267943,19.0347316193054,15.4684095860566,0.529411764705882,0.570844686648501,2.77401894451962,6.58547586829048,1.08254397834912,3.2701849345963,0.672058823529412,2.06966749604162,3.7431941923775,0.158802177858439,0.862068965517241,0.107352941176471,0.684931506849315,9.06726457399103,25.5833698030635,27.9497907949791,22.1976401179941,0.579365079365079,0.588888888888889,2.90794979079498,6.94560669456067,1.73640167364017,2.92887029288703,0.715219421101774,2.2448337354453,3.51357037660425,0.105196717862403,1.53587208079108,0.0821661998132586,0.625,8.36196721311475,25.7457516339869,21.0283315844701,17.7110210099521,0.533540372670808,0.570205479452055,3.39979013641133,8.3105981112277,1.78384050367261,3.48373557187828,0.327950310559006,4.53638559277539,7.71332492643968,1.19798234552333,1.55527532576713,0.216149068322981,0.741379310344828,7.47042513863216,24.6606870229008,14.7028862478778,12.5449101796407,0.584394904458599,0.616809116809117,4.17657045840408,10.5263157894737,2.30899830220713,2.95415959252971,0.168789808917197,6.76615228082076,9.11246612466125,3.42140921409214,0.948509485094851,0.576433121019108,0.679558011049724,3.50114942528736,25.3716981132075,9.31336868739386,80
31.2955812955813,28.0751708428246,0.514187446259673,0.558575803981623,8.40840840840841,20.2702702702703,3.73230373230373,6.82110682110682,0.327601031814273,3.20292347377472,5.2563550193882,0.53856096510125,1.96036191296855,0.205503009458298,0.669456066945607,8.68734015345269,25.8590551181102,17.1032357473035,12.8820466379896,0.639008620689655,0.666,3.08166409861325,7.421674370826911,1.82331792501284,2.2085259373395,0.691810344827586,2.7064981488574,3.85884742320386,1.5993907083016,3.07184564610307,0.135775862068966,0.793650793650794,7.17412587412588,25.3725,30.2815654329733,24.9490036089754,0.509174311926605,0.567631224764468,6.05631308659465,15.2824508588631,1.85939436869134,7.80945634850363,0.195718654434251,2.64818270683373,4.42383160899037,0.570816981805209,1.10595790224759,0.091743119266055,0.716666666666667,12.6577946768061,26.3854901960784,17.6934635612322,15.1333333333333,0.537804878048781,0.555424528301887,2.0473328324568,4.95867768595041,1.12697220135237,1.35236664162284,0.547560975609756,4.75654376583169,6.76663542642924,1.2933458294283,1.14339268978444,0.189024390243902,0.774193548387097,6.69164420485175,25.9233707865169,26.8581759742869,21.6619318181818,0.626539753639418,0.65603532875368,8.49738850944154,20.148654077943,4.05785456006428,5.80554439533949,0.174692049272116,9.78359335681933,14.2223118821868,0.524510792818237,0.968327617510591,0.522956326987682,0.69593147751606,4.36689280868385,25.9711538461538,13.610215288067636,80
45.6533725418122,34.3567251461988,0.568538647342995,0.631701030927835,8.91380260981437,22.6061385774674,3.36335232494027,12.2955339092079,0.26268115942029,3.49534261735682,5.77563865235098,1.42539800074047,2.42502776749352,0.253019323671498,0.701670644391408,8.25954135954136,26.0310344827586,31.7832764505119,27.5095057034221,0.536815068493151,0.572419106317411,7.5938566552901,18.6433447098976,3.19965870307167,6.37798634812287,0.291095890410959,3.94230769230769,6.63527397260274,0.98458904109589,2.37585616438356,0.248287671232877,0.668965517241379,8.07125603864734,26.0382352941176,25.2068394925538,20.4695524578136,0.576923076923077,0.595052083333333,3.69553226696084,9.15609487038058,1.90292333149476,2.45449531163817,0.465659340659341,4.08078572416655,5.93949486538995,0.499583680266445,1.66527893422148,0.328296703296703,0.690376569037657,4.452442159383031,25.3395280235988,16.6358167515039,13.5804997951659,0.578414839797639,0.587418300653595,2.66080518278575,6.31652012956964,1.18000925497455,1.0643220731143,0.6964586846543,3.3868916888221,4.71240471240471,0.900900900900901,1.82490182490183,0.158516020236088,0.574468085106383,6.32333333333333,25.2265206812652,19.3499392466586,16.8094218415418,0.58125,0.598684210526316,6.6221142162819,15.1579586877278,2.91616038882139,3.55407047387606,0.0395833333333333,9.30409623876961,13.6793893129771,1.89312977099237,1.43511450381679,0.420833333333333,0.727722772277228,5.91822125813449,25.5947368421053,31.799719887955177,80
15.6942823803967,15.9212571231221,0.49331550802139,0.513427109974425,7.07895760404512,17.1917541812524,2.74212368728121,1.65305328665889,0.544117647058824,3.31454121306376,5.98523124757093,0.408083948698018,1.04935872522347,0.121657754010695,0.538461538461538,10.4856304985337,26.2796068796069,16.7555217060168,17.8933153274814,0.44131455399061,0.478260869565217,5.78827113480579,14.4706778370145,2.66565118050267,2.81797410510282,0.422535211267606,2.24505327245053,3.87832699619772,0.228136882129278,0.91254752851711,0.366197183098592,0.576923076923077,3.82682926829268,27.5411111111111,32.560861423221,28.6159600997506,0.544034090909091,0.587585034013605,7.06928838951311,16.6666666666667,4.77528089887641,6.41385767790262,0.589015151515152,2.38598965679361,4.0604343720491,0.637393767705383,2.03021718602455,0.207386363636364,0.680365296803653,6.15322580645161,27.616077170418,19.4563662374821,15.495608531995,0.600973236009732,0.616780045351474,2.14592274678112,5.1859799713877,1.931330472103,2.61087267525036,0.469586374695864,6.25,8.47517730496454,1.38297872340426,2.30496453900709,0.369829683698297,0.730263157894737,3.24862385321101,26.0145077720207,22.5772928033255,23.5484617164007,0.457125603864734,0.480641592920354,4.18290465055859,10.0025980774227,2.9618082618862,4.28682774746688,0.411835748792271,5.63836681788723,8.04449042938438,2.61251939989653,1.13812726332126,0.230676328502415,0.638743455497382,6.35605749486653,25.9266862170088,-19.687907369066792,79
16.0649819494585,15.7501334757074,0.504115226337449,0.525590551181102,6.9193742478941,16.9073405535499,2.46690734055355,1.62454873646209,0.802469135802469,3.5446079903875,5.57888422315537,1.01979604079184,2.81943611277744,0.0823045267489712,0.55,7.95625,26.6528205128205,22.7111111111111,21.8799682034976,0.530701754385965,0.567777777777778,11.1777777777778,27.1777777777778,4.48888888888889,4.97777777777778,0.348370927318296,6.2770322723744,9.71883993801196,0.996236440115121,1.85964135488156,0.319548872180451,0.576470588235294,5.34326923076923,25.3395683453237,31.9318392294869,25.6886823763691,0.60874897792314,0.637956748695004,5.74180403778478,13.7062418966475,3.8525652898684895,5.2787553250602,0.438266557645135,2.91747707696582,5.42793627269359,0.222304557243424,1.07447202667655,0.278822567457073,0.686217008797654,7.71703056768559,26.2165413533835,16.7060212514758,16.9406150583245,0.49031007751938,0.511754068716094,3.6599763872491113,9.14994096812279,2.5383707201889,2.44982290436836,0.527131782945737,3.48529411764706,5.68581477139508,0.937866354044549,1.40679953106682,0.236434108527132,0.5,6.02991803278689,26.0077205882353,27.700205338809,22.5341706686369,0.592003853564547,0.612624886466848,5.25667351129363,13.305954825462,2.4435318275154,3.05954825462012,0.309248554913295,7.56328462646635,11.4892739273927,1.07260726072607,1.25825082508251,0.261078998073218,0.660516605166052,6.45620641562064,25.9619937694704,11.544216669160562,79
31.0254392866509,27.1369485294118,0.5295,0.549256505576208,5.95331759769211,14.1096249672174,2.7799632835038,4.5371098872279,0.459,2.79020794946038,4.49141347424042,0.634081902245707,1.21532364597094,0.186,0.623655913978495,8.00332717190388,25.6956427015251,29.0064516129032,23.4042553191489,0.548271752085817,0.592651757188498,4.85161290322581,11.5870967741935,2.65806451612903,5.93548387096774,0.522050059594756,3.46701164294955,5.73281452658885,1.01167315175097,1.4526588845655,0.251489868891538,0.701421800947867,5.55336658354115,26.7662100456621,41.2423055400112,33.476599808978,0.56988188976378,0.603109656301146,8.89759373251259,22.7196418578623,5.03637381085618,13.4862898712927,0.0255905511811023,6.06571187868576,7.89177001127396,1.52198421645998,2.08568207440812,0.555118110236221,0.638297872340426,4.13232323232323,28.7307692307692,21.0295728368018,18.9202102245581,0.561567164179105,0.6,7.00985761226725,16.1007667031763,4.16210295728368,5.91456736035049,0.294776119402985,5.66868464501926,7.9646017699115,1.05088495575221,1.82522123893805,0.402985074626866,0.638888888888889,5.45132275132275,25.8379746835443,16.6792074241284,14.4126571304725,0.54786150712831,0.57032590051458,2.48306997742664,5.94431903686983,2.05668422372711,5.11662904439428,0.0020366598778004,7.54267068273092,8.69128359708616,2.46169304194926,0.929414719919618,0.782077393075356,0.591145833333333,2.66816326530612,42.5,-12.624318865983312,79
13.1447587354409,12.921626984127,0.525171624713959,0.530201342281879,5.82362728785358,14.2262895174709,2.05213533000555,0.610094287298946,0.512585812356979,3.47452934662237,5.4726368159204,0.746268656716418,3.53786622443339,0.196796338672769,0.686046511627907,5.94507042253521,25.025,31.7757009345794,29.1790461297889,0.500772200772201,0.583879423328965,12.1142655616293,27.6847116910598,6.01304884500088,10.1922059601481,0.515830115830116,4.02400282386163,7.08355414237767,0.971559795089207,2.08443737855503,0.155212355212355,0.587064676616915,7.37145135566188,26.599251497006,33.8291542711432,28.5057471264368,0.560192616372392,0.589285714285714,4.92987675308117,11.8997025074373,3.05992350191245,5.14237144071398,0.304975922953451,4.64968152866242,7.80653372931693,0.72125583368689,2.50318201103097,0.184590690208668,0.721739130434783,9.40646651270208,25.8247368421053,11.2914862914863,9.05283505154639,0.621848739495798,0.633603238866397,3.03030303030303,7.28715728715729,1.22655122655123,0.757575757575758,0.852941176470588,3.92651296829971,6.15107913669065,1.29496402877698,1.8705035971223,0.088235294117647,0.571428571428571,6.24285714285714,24.8581280788177,25.2259036144578,19.5583068428978,0.628450106157113,0.64299424184261,4.02861445783133,9.61972891566265,2.39081325301205,4.44277108433735,0.0,9.518424276694,13.3987544819777,1.69843366672957,1.03793168522363,0.528662420382166,0.714859437751004,4.38885350318471,0.0,5.025409373235462,78
18.4574976122254,16.0008410428932,0.55275974025974,0.579939668174962,5.32473734479465,12.7507163323782,2.36389684813754,2.81757402101242,0.600649350649351,3.14210902166151,5.00711912672046,0.806834361651637,1.18652112007594,0.196428571428571,0.644628099173554,6.34024390243903,25.0137837837838,37.5150784077202,31.3552891182273,0.546526054590571,0.594557449147883,6.18645528175082,15.3024297777012,4.29088402550405,8.54730311907634,0.503101736972705,3.8816527214698495,6.71848013816926,0.880829015544042,1.57167530224525,0.221464019851117,0.633053221288515,7.66042446941323,25.9474722564735,19.1168036704263,16.3937165775401,0.537170263788969,0.562570462232244,3.11603899827949,7.72318868285223,1.8160963486905,2.44695086981457,0.363309352517986,4.48870675688554,6.4804256936526,1.40630938806537,2.09045990117826,0.298561151079137,0.706827309236948,6.06817325800377,24.5356435643564,28.8272157564906,25.3152088258471,0.542066027689031,0.591368227731864,7.22918531781558,18.3751119068935,4.38675022381379,7.49776186213071,0.334398296059638,5.45169595880443,7.68197088465846,0.358342665173572,1.05263157894737,0.312034078807242,0.703071672354949,6.00208,25.1821656050955,25.4985435805512,21.5697904310004,0.556338028169014,0.577235772357724,4.05556800358503,10.2621555007842,2.41989693031593,3.20412278736276,0.500541711809317,5.37055723735845,8.70736086175943,1.61579892280072,1.32405745062837,0.24160346695558,0.659192825112108,4.9119305856833,25.7887445887446,-2.874514021010839,78
38.021836865767504,34.9364289662797,0.494017946161515,0.533605812897366,11.1111111111111,26.8143866409762,5.36287732819525,7.3538856775851,0.52642073778664,3.73651151554196,5.97738287560582,0.420032310177706,1.74474959612278,0.176470588235294,0.542372881355932,6.80715789473684,27.6292220113852,13.1496881496882,11.8126272912424,0.542755344418052,0.559734513274336,2.80665280665281,6.808731808731809,1.81912681912682,1.87110187110187,0.589073634204276,2.23492723492724,3.01455301455301,0.38981288981289,1.92307692307692,0.209026128266033,0.602272727272727,6.0242774566474,24.354693877551,30.3743315508021,27.5862068965517,0.509164969450102,0.538095238095238,5.24064171122995,12.6737967914439,4.06417112299465,4.22459893048128,0.596741344195519,3.49799732977303,5.65333333333333,1.06666666666667,1.54666666666667,0.132382892057026,0.676923076923077,7.54141414141414,26.7433447098976,31.1526479750779,27.8197064989518,0.495408631772268,0.542785234899329,5.94296669063024,14.1385094656123,3.25904624970046,6.08674814282291,0.413223140495868,5.7673860911271,9.81521478281738,1.07991360691145,1.05591552675786,0.297520661157025,0.657407407407407,5.20453834115806,26.0566964285714,27.8307756117793,21.3946695874407,0.605381165919283,0.651456310679612,4.52094566569888,11.4475321443385,2.94483616756533,6.76068021567814,0.0089686098654708,9.28541753219776,13.1086142322097,2.24719101123596,1.33166874739908,0.665919282511211,0.717171717171717,3.58099547511312,25.975,4.852320675105474,77
17.7950713359274,15.866388308977,0.537521815008726,0.564144736842105,6.19974059662776,15.4604409857328,1.99740596627756,1.99740596627756,0.534031413612566,3.44872293530403,4.92483151892172,0.699844479004666,1.71073094867807,0.228621291448517,0.702290076335878,5.78352059925094,25.1954248366013,24.162633107454,19.9210029194573,0.58029197080292,0.605442176870748,6.98935140367861,17.0377541142304,2.53630203291384,3.11713455953533,0.720542231491137,3.3074684772066,5.32555879494655,1.55490767735666,1.39941690962099,0.10740354535975,0.718446601941748,7.06455223880597,26.0400868306802,32.0421728168691,28.6813854567551,0.51520572450805,0.55622009569378,6.55512262204905,16.6628466651387,3.71304148521659,7.38024295209718,0.320214669051878,4.20919830255763,6.54269972451791,0.436179981634527,1.67584940312213,0.268336314847943,0.676666666666667,7.35631578947368,26.0650837988827,16.2832929782082,13.9850825785828,0.546637744034707,0.561586638830898,3.87409200968523,10.3208232445521,1.39225181598063,1.1501210653753,0.681127982646421,5.58921538927598,8.79320800485143,1.54639175257732,1.09157064887811,0.164859002169197,0.697368421052632,5.37959183673469,25.321974522293,33.0638641875505,25.9031791907514,0.572299651567944,0.611526946107785,3.51657235246564,9.29668552950687,2.14227970897332,8.04365400161682,0.435540069686411,5.7606490872211,8.79478827361564,2.56514657980456,1.26221498371336,0.214285714285714,0.682926829268293,7.01327160493827,27.6128,16.92919983242564,77
17.6002766251729,14.4034177601465,0.567216981132076,0.581050228310502,3.7344398340249,9.16320885200553,1.21023513139696,1.00276625172891,0.867924528301887,2.72049904695893,4.13337964571032,0.486279958318861,1.84091698506426,0.0896226415094339,0.710526315789474,4.88214285714286,25.4375,30.2341597796143,23.4256160632796,0.605987055016181,0.645066273932253,8.16115702479339,19.8347107438017,3.16804407713499,5.09641873278237,0.409385113268608,2.99204427533725,4.27380125086866,0.104239054899236,2.71021542738013,0.145631067961165,0.533333333333333,7.75205479452055,26.9782608695652,36.6911130284728,30.7809523809524,0.531439393939394,0.57443915703603,7.63589301121657,19.1328731665229,3.21397756686799,7.80845556514236,0.479545454545455,3.47957639939486,5.73841489822434,0.368124729320052,2.05716760502382,0.190151515151515,0.605577689243028,8.39475982532751,26.4044233807267,22.0907297830375,18.2296890672016,0.595161290322581,0.607751937984496,3.12764158918005,7.60777683854607,2.3105100028177,1.63426317272471,0.659677419354839,3.8472418670438495,6.39023004828174,0.397614314115308,0.795228628230616,0.164516129032258,0.666666666666667,5.13364928909953,24.7524509803922,29.2314526876944,23.2971372161895,0.604304635761589,0.635748792270531,5.01999111505997,12.9498000888494,3.22079075966237,6.7747667703243,0.253863134657837,7.33607926082601,11.0466413746931,2.52175853604106,1.36130328051774,0.47682119205298,0.761574074074074,4.02115384615385,25.3230434782609,-10.694579681921454,76
38.021836865767504,34.9364289662797,0.494017946161515,0.533605812897366,11.1111111111111,26.8143866409762,5.36287732819525,7.3538856775851,0.52642073778664,3.73651151554196,5.97738287560582,0.420032310177706,1.74474959612278,0.176470588235294,0.542372881355932,6.80715789473684,27.6292220113852,13.1496881496882,11.8126272912424,0.542755344418052,0.559734513274336,2.80665280665281,6.808731808731809,1.81912681912682,1.87110187110187,0.589073634204276,2.23492723492724,3.01455301455301,0.38981288981289,1.92307692307692,0.209026128266033,0.602272727272727,6.0242774566474,24.354693877551,14.7679324894515,13.9173147769136,0.5,0.516393442622951,2.48476324425692,6.04781997187061,1.64088138771683,1.40646976090014,0.563573883161512,3.15863359850257,4.57730032695002,1.16767865483419,1.21438580102756,0.254295532646048,0.527027027027027,5.2259842519685,24.9024539877301,31.1526479750779,27.8197064989518,0.495408631772268,0.542785234899329,5.94296669063024,14.1385094656123,3.25904624970046,6.08674814282291,0.413223140495868,5.7673860911271,9.81521478281738,1.07991360691145,1.05591552675786,0.297520661157025,0.657407407407407,5.20453834115806,26.0566964285714,27.8307756117793,21.3946695874407,0.605381165919283,0.651456310679612,4.52094566569888,11.4475321443385,2.94483616756533,6.76068021567814,0.0089686098654708,9.28541753219776,13.1086142322097,2.24719101123596,1.33166874739908,0.665919282511211,0.717171717171717,3.58099547511312,25.975,15.483870967741936,76
17.7950713359274,15.866388308977,0.537521815008726,0.564144736842105,6.19974059662776,15.4604409857328,1.99740596627756,1.99740596627756,0.534031413612566,3.44872293530403,4.92483151892172,0.699844479004666,1.71073094867807,0.228621291448517,0.702290076335878,5.78352059925094,25.1954248366013,24.162633107454,19.9210029194573,0.58029197080292,0.605442176870748,6.98935140367861,17.0377541142304,2.53630203291384,3.11713455953533,0.720542231491137,3.3074684772066,5.32555879494655,1.55490767735666,1.39941690962099,0.10740354535975,0.718446601941748,7.06455223880597,26.0400868306802,32.0421728168691,28.6813854567551,0.51520572450805,0.55622009569378,6.55512262204905,16.6628466651387,3.71304148521659,7.38024295209718,0.320214669051878,4.20919830255763,6.54269972451791,0.436179981634527,1.67584940312213,0.268336314847943,0.676666666666667,7.35631578947368,26.0650837988827,36.4528301886792,30.6823841939233,0.537201365187713,0.582471089470481,8.13207547169811,21.0943396226415,3.94339622641509,8.30188679245283,0.496928327645051,5.89515518546556,10.9149582384207,0.721336370539104,1.44267274107821,0.227986348122867,0.724550898203593,7.54436906377205,26.6873626373626,16.6666666666667,11.4331723027375,0.667857142857143,0.680555555555556,4.42176870748299,11.6780045351474,1.17157974300831,3.66591080876795,0.0107142857142857,7.33598033654755,7.49148694665153,2.68634127884979,1.36208853575482,0.8,0.732142857142857,2.56714801444043,27.2666666666667,16.909539735626694,76
36.5298745481608,29.1936978683967,0.571939586645469,0.617028985507246,8.95173293642356,20.7314480119073,4.25260472039124,6.3576440569849,0.623211446740859,3.31586265910793,5.81145071028842,0.645716745587602,1.72191132156694,0.127186009538951,0.65,7.97426160337553,27.2099489795918,16.3473818646232,14.9835345773875,0.497991967871486,0.503952569169961,3.3205619412516,8.23754789272031,1.27713920817369,0.70242656449553,0.746987951807229,3.50541746335245,5.72519083969466,0.699745547073791,1.7175572519084,0.0843373493975903,0.571428571428571,8.48253968253968,25.4629032258065,28.6625897367721,24.2960204794042,0.526881720430108,0.56984126984127,4.20101036958256,10.582291943632,2.6322786492954,6.83328901887796,0.415770609318996,3.56004250797024,4.77833820015928,1.32731616671091,1.59277940005309,0.225806451612903,0.582010582010582,6.85910020449898,25.6239193083573,15.0355653666912,16.2045060658579,0.50294695481336,0.53304347826087,9.39416237429482,22.6391954868776,4.26784400294334,3.6055923473142,0.483300589390963,5.07352941176471,8.32721038452119,1.73891746265001,2.42468772961058,0.24950884086444,0.582677165354331,5.4212927756654,24.983606557377,20.4030226700252,16.9794849410738,0.574750830564784,0.588662790697675,5.23929471032746,13.551637279597,2.26700251889169,5.13853904282116,0.0099667774086378,7.82586814292904,9.50226244343891,1.91050779286073,1.15635997988939,0.691029900332226,0.677884615384615,3.15906040268456,24.5666666666667,8.463988241058303,76
27.9497907949791,22.1976401179941,0.579365079365079,0.588888888888889,2.90794979079498,6.94560669456067,1.73640167364017,2.92887029288703,0.715219421101774,2.2448337354453,3.51357037660425,0.105196717862403,1.53587208079108,0.0821661998132586,0.625,8.36196721311475,25.7457516339869,29.0588882773803,26.49450023912,0.536319612590799,0.567741935483871,6.54925701706109,16.1805173362686,4.89818381948266,6.38414969730325,0.372881355932203,3.41786108048512,4.63832136940917,0.607399226946438,1.54610712313639,0.309927360774818,0.6015625,6.07644787644788,26.5519480519481,17.2935246219465,15.80204778157,0.50402144772118,0.5440097799511,2.52035672741373,6.5141527723924,2.09383481969756,3.2570763861962,0.60857908847185,4.17151726814125,6.33009708737864,0.466019417475728,1.20388349514563,0.211796246648794,0.582278481012658,5.7986301369863,25.4277533039648,20.2876020209872,18.3395712827492,0.516826923076923,0.558886509635974,3.18694131364166,8.08394869801788,2.79828993392927,4.74154683249126,0.362980769230769,4.20686993438827,6.82253737064009,0.651590647757762,1.87811422000767,0.377403846153846,0.662420382165605,4.46867924528302,25.4907284768212,14.7028862478778,12.5449101796407,0.584394904458599,0.616809116809117,4.17657045840408,10.5263157894737,2.30899830220713,2.95415959252971,0.168789808917197,6.76615228082076,9.11246612466125,3.42140921409214,0.948509485094851,0.576433121019108,0.679558011049724,3.50114942528736,25.3716981132075,-5.488115449915114,76
18.7811508835523,16.3565732978941,0.569546120058565,0.584626234132581,9.71907566832805,24.2863615768011,2.06162211146353,1.29134571816946,0.587115666178624,2.22803228373309,3.55920602327173,0.182523385808807,1.57426420260096,0.0834553440702781,0.754385964912281,8.57517730496454,25.1605985037406,33.9692633810281,29.0546949098957,0.525,0.586983343615052,9.34463875640346,23.8827062356474,3.88623918035683,8.53206147323794,0.388028169014085,2.69983181375587,4.06316536550745,0.28388928317956,1.18878637331441,0.141549295774648,0.691542288557214,10.1010356731876,25.9308529945554,18.394528437725,16.7764189401066,0.515723270440252,0.516161616161616,2.05183585313175,5.25557955363571,1.43988480921526,1.40388768898488,0.553459119496855,4.75512021371327,6.16848783926683,1.4099400775467,1.55093408530137,0.205450733752621,0.714285714285714,5.59342723004695,24.3723484848485,35.5339805825243,28.8208750245242,0.597864768683274,0.642298670836591,5.67421790722762,13.4843581445523,4.09924487594391,7.78856526429342,0.330960854092527,4.04280618311534,7.60398613518198,1.66811091854419,1.08318890814558,0.110320284697509,0.790322580645161,10.4723404255319,25.5088709677419,21.0337972166998,17.2950536146662,0.590778097982709,0.63126491646778,1.94831013916501,4.7713717693837,3.220675944334,6.36182902584493,0.0057636887608069,9.21859545004946,12.5196850393701,2.16535433070866,0.551181102362205,0.62536023054755,0.714285714285714,4.1104347826087,23.4,-0.2842497670083901,75
28.0554181098466,27.4552597119162,0.488565488565489,0.53415559772296,6.38297872340426,14.6462147451757,5.04700643245918,5.44285007422068,0.503118503118503,3.47547448853833,5.795677799607071,1.62082514734774,2.5049115913556,0.174636174636175,0.738095238095238,8.16234309623431,27.097520661157,14.9323274905702,12.3536299765808,0.543198529411765,0.567307692307692,3.01752828932771,7.36631905924118,1.37563789660528,2.10783226092745,0.606617647058824,1.87319884726225,3.01218161683278,0.753045404208195,2.19269102990033,0.137867647058824,0.746666666666667,10.4967289719626,25.0632218844985,35.8929898439435,31.3426329555362,0.507321274763135,0.554957724827056,7.0349269259351,16.8689621005697,3.41837998513748,7.70374040128809,0.303186907838071,4.24159742031502,7.10382513661202,0.521609538002981,1.8628912071535,0.281653746770026,0.669724770642202,6.34907292954265,26.6538461538462,17.6909821941413,16.2884518406455,0.496938775510204,0.541300527240773,3.8483630097645,9.10396323951752,2.21137277426766,5.02584721424469,0.322448979591837,7.02834239908388,9.70319634703196,1.17009132420091,1.48401826484018,0.373469387755102,0.704918032786885,5.93072289156627,25.0301282051282,17.967072297781,14.5736434108527,0.615044247787611,0.630653266331658,4.9033643521832495,11.7036506800286,2.57695060844667,4.76020042949177,0.0825958702064896,8.29451809387316,10.6169296987088,3.51506456241033,1.75753228120517,0.710914454277286,0.726141078838174,2.98102893890675,26.5214285714286,30.82191780821917,75
18.7811508835523,16.3565732978941,0.569546120058565,0.584626234132581,9.71907566832805,24.2863615768011,2.06162211146353,1.29134571816946,0.587115666178624,2.22803228373309,3.55920602327173,0.182523385808807,1.57426420260096,0.0834553440702781,0.754385964912281,8.57517730496454,25.1605985037406,33.9692633810281,29.0546949098957,0.525,0.586983343615052,9.34463875640346,23.8827062356474,3.88623918035683,8.53206147323794,0.388028169014085,2.69983181375587,4.06316536550745,0.28388928317956,1.18878637331441,0.141549295774648,0.691542288557214,10.1010356731876,25.9308529945554,18.2061579651941,15.6091676718938,0.579824561403509,0.584192439862543,4.36412315930388,10.8701472556894,1.74029451137885,0.69611780455154,0.773684210526316,4.65768050180168,7.87653006918574,0.904736562001064,1.78286322511974,0.115789473684211,0.636363636363636,4.81860465116279,26.0192743764172,35.5339805825243,28.8208750245242,0.597864768683274,0.642298670836591,5.67421790722762,13.4843581445523,4.09924487594391,7.78856526429342,0.330960854092527,4.04280618311534,7.60398613518198,1.66811091854419,1.08318890814558,0.110320284697509,0.790322580645161,10.4723404255319,25.5088709677419,21.0404087320019,20.8955223880597,0.522727272727273,0.555147058823529,5.34138411518811,13.2837900603809,4.50534138411519,5.94519275429633,0.298295454545455,9.24721189591078,14.5513714551371,1.58066015806602,1.85960018596002,0.380681818181818,0.626865671641791,4.23562753036437,26.2504761904762,30.4635761589404,74
23.045154185022,22.4700633951632,0.495620437956204,0.535851472471191,9.22356828193832,22.1640969162996,4.873348017621151,5.67180616740088,0.433576642335766,2.72952853598015,4.03092214246273,0.358917725013805,1.8774157923799,0.297810218978102,0.553921568627451,6.30386597938144,26.1531986531987,28.9713541666667,25.5415332454323,0.51856884057971,0.552609776304888,4.296875,10.7421875,3.25520833333333,5.25173611111111,0.427536231884058,3.51944384097328,5.56763810352327,0.347977381470204,1.34841235319704,0.266304347826087,0.710884353741497,7.78655063291139,26.3065677966102,27.6354568125142,23.2246798603027,0.551008303677343,0.606573705179283,6.37043754250737,15.279981863523,4.44343686238948,8.43346180004534,0.405693950177936,5.89700056593096,9.3128390596745,0.791139240506329,1.60488245931284,0.384341637010676,0.654320987654321,4.33033932135729,25.5669590643275,16.9876733436055,14.5809224665234,0.552374301675978,0.570504527813713,3.37057010785824,8.43605546995378,2.09938366718028,2.42681047765794,0.502793296089386,4.33233850004814,5.3320500481232,0.962463907603465,2.23291626564004,0.35195530726257,0.623015873015873,2.98314606741573,24.8359331476323,15.8068057080132,13.7496155029222,0.557228915662651,0.576,2.81741675814124,7.061836809367,2.6344676180022,3.80534211489206,0.147590361445783,9.63436928702011,11.3262696382901,4.01899890390939,1.24223602484472,0.707831325301205,0.634042553191489,2.42650176678445,25.6591836734694,-18.556236481615,74
22.8918476991357,21.7846153846154,0.483071342200726,0.527687296416938,9.43704741882738,23.4991824340107,3.31698201354824,5.04555010511563,0.448609431680774,2.31389505667874,3.99906454630496,0.280636108512629,1.54349859681946,0.186215235792019,0.564935064935065,8.57061403508772,26.499730458221,36.5298745481608,29.1936978683967,0.571939586645469,0.617028985507246,8.95173293642356,20.7314480119073,4.25260472039124,6.3576440569849,0.623211446740859,3.31586265910793,5.81145071028842,0.645716745587602,1.72191132156694,0.127186009538951,0.65,7.97426160337553,27.2099489795918,28.6625897367721,24.2960204794042,0.526881720430108,0.56984126984127,4.20101036958256,10.582291943632,2.6322786492954,6.83328901887796,0.415770609318996,3.56004250797024,4.77833820015928,1.32731616671091,1.59277940005309,0.225806451612903,0.582010582010582,6.85910020449898,25.6239193083573,15.0355653666912,16.2045060658579,0.50294695481336,0.53304347826087,9.39416237429482,22.6391954868776,4.26784400294334,3.6055923473142,0.483300589390963,5.07352941176471,8.32721038452119,1.73891746265001,2.42468772961058,0.24950884086444,0.582677165354331,5.4212927756654,24.983606557377,20.4030226700252,16.9794849410738,0.574750830564784,0.588662790697675,5.23929471032746,13.551637279597,2.26700251889169,5.13853904282116,0.0099667774086378,7.82586814292904,9.50226244343891,1.91050779286073,1.15635997988939,0.691029900332226,0.677884615384615,3.15906040268456,24.5666666666667,-7.790498749835493,74
15.6942823803967,15.9212571231221,0.49331550802139,0.513427109974425,7.07895760404512,17.1917541812524,2.74212368728121,1.65305328665889,0.544117647058824,3.31454121306376,5.98523124757093,0.408083948698018,1.04935872522347,0.121657754010695,0.538461538461538,10.4856304985337,26.2796068796069,25.9574468085106,24.1118669690098,0.466666666666667,0.53914590747331,8.34042553191489,20.3404255319149,3.23404255319149,7.82978723404255,0.233333333333333,3.86740331491713,5.94227504244482,0.424448217317487,1.10356536502547,0.354166666666667,0.647058823529412,6.92228260869565,26.6410714285714,15.6914893617021,16.1092793217146,0.476190476190476,0.500850340136055,4.49468085106383,11.0372340425532,2.57978723404255,2.47340425531915,0.648351648351648,3.7903976592632,6.27826549614259,1.33014099494546,1.80899175312583,0.201465201465201,0.572727272727273,5.23489583333333,26.5635593220339,20.9946396664681,17.4553101997897,0.557522123893805,0.581395348837209,3.06730196545563,7.50446694460989,1.90589636688505,2.62060750446695,0.584070796460177,2.70714926712534,4.35697115384615,0.420673076923077,0.78125,0.233628318584071,0.689393939393939,4.64851063829787,26.5830303030303,26.8899521531101,22.9137594194809,0.556618819776715,0.60042735042735,5.23125996810207,12.3763955342903,3.82775119617225,5.26315789473684,0.0590111642743221,10.0191754554171,13.9929554915146,1.47294268331732,1.18475824527698,0.413078149920255,0.67953667953668,6.34,25.8405405405405,-8.454140276800373,73
31.2139708375721,29.2204899777283,0.490552325581395,0.56141975308642,14.9203119701594,34.4354018311292,6.01898948796202,9.51169888097661,0.46656976744186,2.00305550840265,3.39904826648538,0.203942895989123,1.54656696125085,0.157703488372093,0.525345622119816,8.15476839237057,27.6771028037383,20.8960573476703,18.869123252859,0.533536585365854,0.557581573896353,5.23297491039427,12.5089605734767,2.65232974910394,2.36559139784946,0.58739837398374,2.86280158444364,4.88422575976845,0.397973950795948,1.48335745296671,0.136178861788618,0.537313432835821,8.63103448275862,25.7695501730104,19.6196745291644,18.1658692185008,0.536876355748373,0.545223577235772,6.07057963064546,14.499908575608,2.83415615286158,2.5598829767782,0.254880694143167,4.09671532846715,5.91877617920233,1.00163904571116,4.17046075396103,0.341648590021692,0.653968253968254,5.04890829694323,26.1314893617021,29.2787944025834,22.7866128649418,0.572834645669291,0.618451025056948,2.47578040904198,6.0010764262648,2.20667384284177,6.83530678148547,0.509186351706037,3.46774193548387,5.74650912996778,0.349087003222342,1.34264232008593,0.18503937007874,0.617021276595745,7.36711229946524,25.1723514211886,22.4188790560472,17.3280159521436,0.603221083455344,0.634146341463415,3.8121170864533696,9.1218515997277,2.04220558202859,4.90129339686862,0.216691068814056,7.47674154753801,9.96142500567279,1.52030859995462,1.56569094622192,0.546120058565154,0.702412868632708,3.23102803738318,24.6210884353742,-1.2473118279569917,73
22.9111307942132,19.5044807590933,0.555926544240401,0.583458646616541,6.34780041334514,15.5890168290523,2.21434898139947,4.57632122822557,0.474123539232053,3.00963676797628,4.82430017867779,0.982727814175104,1.697438951757,0.323873121869783,0.644329896907217,4.66095238095238,24.9195035460993,36.6911130284728,30.7809523809524,0.531439393939394,0.57443915703603,7.63589301121657,19.1328731665229,3.21397756686799,7.80845556514236,0.479545454545455,3.47957639939486,5.73841489822434,0.368124729320052,2.05716760502382,0.190151515151515,0.605577689243028,8.39475982532751,26.4044233807267,17.8612059158134,14.675540765391,0.593833780160858,0.606958762886598,5.99165718619644,13.8414865377323,2.04778156996587,1.28934395145999,0.785522788203753,4.11374407582938,6.21683093252464,0.45489006823351,0.985595147839272,0.158176943699732,0.745762711864407,2.97875,25.4122866894198,22.0907297830375,18.2296890672016,0.595161290322581,0.607751937984496,3.12764158918005,7.60777683854607,2.3105100028177,1.63426317272471,0.659677419354839,3.8472418670438495,6.39023004828174,0.397614314115308,0.795228628230616,0.164516129032258,0.666666666666667,5.13364928909953,24.7524509803922,29.2314526876944,23.2971372161895,0.604304635761589,0.635748792270531,5.01999111505997,12.9498000888494,3.22079075966237,6.7747667703243,0.253863134657837,7.33607926082601,11.0466413746931,2.52175853604106,1.36130328051774,0.47682119205298,0.761574074074074,4.02115384615385,25.3230434782609,-18.33313035359072,72
34.4923154446964,29.8407000224366,0.510999083409716,0.560330578512397,7.98689846308894,19.9294532627866,3.12421264802217,7.2814310909549,0.438130155820348,2.19974715549937,4.03450900786602,0.532859680284192,2.30905861456483,0.29147571035747,0.591194968553459,6.00880913539967,26.7225941422594,14.6081247435371,14.787701317716,0.485197368421053,0.511494252873563,3.89823553549446,9.76610586787033,2.29790726302831,4.02133771029955,0.338815789473684,3.62704918032787,5.07572656569791,0.941465411379452,1.8829308227589,0.276315789473684,0.595238095238095,8.5726368159204,25.2844660194175,21.6280735259012,19.02842596521,0.517543859649123,0.553855569155447,2.57818095010742,6.37383623776558,1.90976366674624,4.41632847935068,0.326585695006748,4.37990954534635,6.43247092333254,0.712081652029433,2.18371706622359,0.388663967611336,0.670138888888889,4.4813627254509,25.395867768595,24.5568685376662,23.7417218543046,0.514035087719298,0.542483660130719,6.57311669128508,16.0635155096012,3.91432791728213,3.58197932053176,0.470175438596491,4.05780989438577,7.25176645593157,0.743770918557084,2.78914094458907,0.140350877192982,0.7375,10.8228476821192,26.0313432835821,20.3875763206796,16.7451719265191,0.593250444049734,0.614583333333333,3.9288558534643,9.4770374303159,2.30953013007698,3.66339262012211,0.486678507992895,5.24220305242203,6.92675159235669,0.636942675159236,1.53927813163482,0.383658969804618,0.712962962962963,3.31072664359862,26.0051094890511,22.773444585525127,72
45.6533725418122,34.3567251461988,0.568538647342995,0.631701030927835,8.91380260981437,22.6061385774674,3.36335232494027,12.2955339092079,0.26268115942029,3.49534261735682,5.77563865235098,1.42539800074047,2.42502776749352,0.253019323671498,0.701670644391408,8.25954135954136,26.0310344827586,22.5873916940544,17.1345338983051,0.603741496598639,0.618032786885246,3.55542276665671,8.9632506722438,1.13534508515088,1.67314012548551,0.792517006802721,2.94736842105263,4.69270360278535,0.272479564032698,1.45322434150772,0.0833333333333333,0.775510204081633,8.35655737704918,25.8965665236052,31.7832764505119,27.5095057034221,0.536815068493151,0.572419106317411,7.5938566552901,18.6433447098976,3.19965870307167,6.37798634812287,0.291095890410959,3.94230769230769,6.63527397260274,0.98458904109589,2.37585616438356,0.248287671232877,0.668965517241379,8.07125603864734,26.0382352941176,16.6358167515039,13.5804997951659,0.578414839797639,0.587418300653595,2.66080518278575,6.31652012956964,1.18000925497455,1.0643220731143,0.6964586846543,3.3868916888221,4.71240471240471,0.900900900900901,1.82490182490183,0.158516020236088,0.574468085106383,6.32333333333333,25.2265206812652,19.3499392466586,16.8094218415418,0.58125,0.598684210526316,6.6221142162819,15.1579586877278,2.91616038882139,3.55407047387606,0.0395833333333333,9.30409623876961,13.6793893129771,1.89312977099237,1.43511450381679,0.420833333333333,0.727722772277228,5.91822125813449,25.5947368421053,15.997247785327248,72
22.8918476991357,21.7846153846154,0.483071342200726,0.527687296416938,9.43704741882738,23.4991824340107,3.31698201354824,5.04555010511563,0.448609431680774,2.31389505667874,3.99906454630496,0.280636108512629,1.54349859681946,0.186215235792019,0.564935064935065,8.57061403508772,26.499730458221,19.0347316193054,15.4684095860566,0.529411764705882,0.570844686648501,2.77401894451962,6.58547586829048,1.08254397834912,3.2701849345963,0.672058823529412,2.06966749604162,3.7431941923775,0.158802177858439,0.862068965517241,0.107352941176471,0.684931506849315,9.06726457399103,25.5833698030635,27.9497907949791,22.1976401179941,0.579365079365079,0.588888888888889,2.90794979079498,6.94560669456067,1.73640167364017,2.92887029288703,0.715219421101774,2.2448337354453,3.51357037660425,0.105196717862403,1.53587208079108,0.0821661998132586,0.625,8.36196721311475,25.7457516339869,21.5272727272727,19.046114971573,0.545751633986928,0.562977099236641,4.87272727272727,12.0,2.90909090909091,5.16363636363636,0.106753812636166,5.47524394651247,6.89655172413793,1.4367816091954,3.52011494252874,0.610021786492375,0.671428571428571,3.34121951219512,28.5479166666667,21.8779790276454,16.4235097957482,0.692307692307692,0.70398773006135,4.95710200190658,11.3918017159199,3.24118207816969,5.767397521449,0.0,9.60371295965726,12.5980508676016,2.11552174946518,1.28357499405752,0.785714285714286,0.734265734265734,2.51684981684982,0.0,18.667679837892607,71
21.7476270240089,19.5080370189966,0.552100840336135,0.582458770614693,9.68732551647125,23.5064209938582,3.85259631490787,4.77386934673367,0.369747899159664,3.59522487506941,5.35615681943678,0.82827167310878,2.84373274434014,0.32436974789916,0.621761658031088,4.99413333333333,25.3472727272727,18.8345950906171,15.8311868436695,0.526706231454006,0.560792349726776,3.07409956412021,7.29525120440468,1.58293186510668,3.0970406056435,0.580118694362018,3.07374698933364,4.15137614678899,0.18348623853211,1.00917431192661,0.166172106824926,0.696428571428571,7.32402826855124,24.7841025641026,28.0779826234372,23.1945467943994,0.56440511307768,0.596715328467153,7.81945327399873,19.0506463233736,3.58126721763085,4.1958041958042,0.411012782694199,4.44208289054198,7.58900021317416,0.596887657215945,1.70539330633127,0.248770894788594,0.675889328063241,7.0550918196995,25.7114832535885,20.7701283547258,15.3924566768603,0.622368421052632,0.648058252427185,2.56709451575263,6.22325943212758,1.59471022948269,3.38389731621937,0.0447368421052631,6.30927036965357,7.66563944530046,1.38674884437596,2.00308166409861,0.48421052631579,0.815217391304348,4.82699724517906,23.8,34.7245762711864,28.3425414364641,0.547403132728772,0.590843547224225,3.13559322033898,8.00847457627119,3.24152542372881,8.43220338983051,0.320692497938994,4.42534224769182,6.93174569423772,2.38145864341909,1.95619817137997,0.159934047815334,0.639175257731959,7.05995145631068,25.9560411311054,-5.130695867184741,71
34.4923154446964,29.8407000224366,0.510999083409716,0.560330578512397,7.98689846308894,19.9294532627866,3.12421264802217,7.2814310909549,0.438130155820348,2.19974715549937,4.03450900786602,0.532859680284192,2.30905861456483,0.29147571035747,0.591194968553459,6.00880913539967,26.7225941422594,17.1061093247588,14.4827586206897,0.563725490196078,0.586666666666667,4.18006430868167,10.1607717041801,1.80064308681672,3.08681672025723,0.67156862745098,1.4819587628866,2.45319561007101,0.774693350548741,1.67850225952227,0.186274509803922,0.552631578947369,4.71492537313433,27.2686131386861,18.992744344857,16.9242367131549,0.546296296296296,0.55625,2.9449423815621,6.95689287238583,2.0913358941528,1.9632949210414,0.502645502645503,3.15699658703072,4.34968017057569,0.682302771855011,1.91897654584222,0.243386243386243,0.630434782608696,6.46914893617021,25.3584210526316,21.6280735259012,19.02842596521,0.517543859649123,0.553855569155447,2.57818095010742,6.37383623776558,1.90976366674624,4.41632847935068,0.326585695006748,4.37990954534635,6.43247092333254,0.712081652029433,2.18371706622359,0.388663967611336,0.670138888888889,4.4813627254509,25.395867768595,20.3875763206796,16.7451719265191,0.593250444049734,0.614583333333333,3.9288558534643,9.4770374303159,2.30953013007698,3.66339262012211,0.486678507992895,5.24220305242203,6.92675159235669,0.636942675159236,1.53927813163482,0.383658969804618,0.712962962962963,3.31072664359862,26.0051094890511,-15.207330618289532,70
23.045154185022,22.4700633951632,0.495620437956204,0.535851472471191,9.22356828193832,22.1640969162996,4.873348017621151,5.67180616740088,0.433576642335766,2.72952853598015,4.03092214246273,0.358917725013805,1.8774157923799,0.297810218978102,0.553921568627451,6.30386597938144,26.1531986531987,28.9713541666667,25.5415332454323,0.51856884057971,0.552609776304888,4.296875,10.7421875,3.25520833333333,5.25173611111111,0.427536231884058,3.51944384097328,5.56763810352327,0.347977381470204,1.34841235319704,0.266304347826087,0.710884353741497,7.78655063291139,26.3065677966102,27.6354568125142,23.2246798603027,0.551008303677343,0.606573705179283,6.37043754250737,15.279981863523,4.44343686238948,8.43346180004534,0.405693950177936,5.89700056593096,9.3128390596745,0.791139240506329,1.60488245931284,0.384341637010676,0.654320987654321,4.33033932135729,25.5669590643275,16.9876733436055,14.5809224665234,0.552374301675978,0.570504527813713,3.37057010785824,8.43605546995378,2.09938366718028,2.42681047765794,0.502793296089386,4.33233850004814,5.3320500481232,0.962463907603465,2.23291626564004,0.35195530726257,0.623015873015873,2.98314606741573,24.8359331476323,23.5198040016333,20.1431127012522,0.572649572649573,0.581818181818182,2.61331155573704,6.4924458962842,2.81747652102899,2.44997958350347,0.0683760683760683,8.30605564648118,11.5621156211562,1.5990159901599,1.2710127101271,0.403846153846154,0.740740740740741,7.21422018348624,24.36875,3.478091907121353,70
28.989247311828,24.8056275453536,0.521333333333333,0.554166666666667,7.2258064516129,17.741935483871,3.0752688172043,4.17204301075269,0.527111111111111,2.0320395656381,3.5261234143195,0.107503762631692,1.29004515158031,0.164444444444444,0.621621621621622,7.98928571428572,26.8027027027027,27.6354568125142,23.2246798603027,0.551008303677343,0.606573705179283,6.37043754250737,15.279981863523,4.44343686238948,8.43346180004534,0.405693950177936,5.89700056593096,9.3128390596745,0.791139240506329,1.60488245931284,0.384341637010676,0.654320987654321,4.33033932135729,25.5669590643275,21.6501439078989,19.5478356768679,0.466898954703833,0.524844720496895,3.22993284298049,7.83498560921011,2.07866965142309,5.30860249440358,0.515679442508711,2.60674876059491,4.38259756877799,1.47152911068458,1.31158029430582,0.25609756097561,0.462585034013605,6.43848920863309,24.9719594594595,16.9876733436055,14.5809224665234,0.552374301675978,0.570504527813713,3.37057010785824,8.43605546995378,2.09938366718028,2.42681047765794,0.502793296089386,4.33233850004814,5.3320500481232,0.962463907603465,2.23291626564004,0.35195530726257,0.623015873015873,2.98314606741573,24.8359331476323,15.8068057080132,13.7496155029222,0.557228915662651,0.576,2.81741675814124,7.061836809367,2.6344676180022,3.80534211489206,0.147590361445783,9.63436928702011,11.3262696382901,4.01899890390939,1.24223602484472,0.707831325301205,0.634042553191489,2.42650176678445,25.6591836734694,38.9004329004329,70
36.5405405405405,29.5610687022901,0.550833333333333,0.60310021629416,10.2702702702703,23.7189189189189,3.54594594594595,9.68648648648649,0.330833333333333,2.02688055495339,3.47750489024125,0.173875244512063,1.30406433384047,0.188333333333333,0.641592920353982,8.58742216687422,25.6345088161209,19.1056910569106,16.7666303162486,0.510968921389397,0.531304347826087,5.84740462789243,14.5716072545341,1.28205128205128,2.00125078173859,0.570383912248629,2.50388802488336,3.52722772277228,0.525990099009901,2.0730198019802,0.16636197440585,0.505494505494506,8.92340425531915,25.4275641025641,23.7110016420361,19.7140381282496,0.569737954353339,0.585158150851582,5.02463054187192,12.2331691297209,2.16748768472906,1.9376026272578,0.391377852916314,2.12155963302752,3.07289964040536,0.70284406668846,1.2258908139915,0.202874049027895,0.758333333333333,7.91680555555556,25.2822510822511,24.4325521313896,19.8669047232592,0.557673509286413,0.589572192513369,3.02638863258904,7.23380697545673,1.8822661007566,4.17051116442148,0.449657869012708,3.30380214101144,4.81816503599779,1.19992615839025,2.03064426804504,0.376344086021505,0.654545454545455,4.52326820603908,24.656455142232,16.079762409843,14.8189209164819,0.516819571865444,0.532303370786517,2.33347475604582,5.47305897327111,1.90920661858294,2.92745014849385,0.110091743119266,6.67649536647009,9.03387703889586,1.75658720200753,1.96570472605604,0.581039755351682,0.621052631578947,3.97079037800687,23.8194444444444,4.166666666666671,70
17.6002766251729,14.4034177601465,0.567216981132076,0.581050228310502,3.7344398340249,9.16320885200553,1.21023513139696,1.00276625172891,0.867924528301887,2.72049904695893,4.13337964571032,0.486279958318861,1.84091698506426,0.0896226415094339,0.710526315789474,4.88214285714286,25.4375,30.2341597796143,23.4256160632796,0.605987055016181,0.645066273932253,8.16115702479339,19.8347107438017,3.16804407713499,5.09641873278237,0.409385113268608,2.99204427533725,4.27380125086866,0.104239054899236,2.71021542738013,0.145631067961165,0.533333333333333,7.75205479452055,26.9782608695652,36.6911130284728,30.7809523809524,0.531439393939394,0.57443915703603,7.63589301121657,19.1328731665229,3.21397756686799,7.80845556514236,0.479545454545455,3.47957639939486,5.73841489822434,0.368124729320052,2.05716760502382,0.190151515151515,0.605577689243028,8.39475982532751,26.4044233807267,29.2787944025834,22.7866128649418,0.572834645669291,0.618451025056948,2.47578040904198,6.0010764262648,2.20667384284177,6.83530678148547,0.509186351706037,3.46774193548387,5.74650912996778,0.349087003222342,1.34264232008593,0.18503937007874,0.617021276595745,7.36711229946524,25.1723514211886,29.2314526876944,23.2971372161895,0.604304635761589,0.635748792270531,5.01999111505997,12.9498000888494,3.22079075966237,6.7747667703243,0.253863134657837,7.33607926082601,11.0466413746931,2.52175853604106,1.36130328051774,0.47682119205298,0.761574074074074,4.02115384615385,25.3230434782609,0.763258323463603,70
34.4923154446964,29.8407000224366,0.510999083409716,0.560330578512397,7.98689846308894,19.9294532627866,3.12421264802217,7.2814310909549,0.438130155820348,2.19974715549937,4.03450900786602,0.532859680284192,2.30905861456483,0.29147571035747,0.591194968553459,6.00880913539967,26.7225941422594,17.1061093247588,14.4827586206897,0.563725490196078,0.586666666666667,4.18006430868167,10.1607717041801,1.80064308681672,3.08681672025723,0.67156862745098,1.4819587628866,2.45319561007101,0.774693350548741,1.67850225952227,0.186274509803922,0.552631578947369,4.71492537313433,27.2686131386861,21.6280735259012,19.02842596521,0.517543859649123,0.553855569155447,2.57818095010742,6.37383623776558,1.90976366674624,4.41632847935068,0.326585695006748,4.37990954534635,6.43247092333254,0.712081652029433,2.18371706622359,0.388663967611336,0.670138888888889,4.4813627254509,25.395867768595,24.5568685376662,23.7417218543046,0.514035087719298,0.542483660130719,6.57311669128508,16.0635155096012,3.91432791728213,3.58197932053176,0.470175438596491,4.05780989438577,7.25176645593157,0.743770918557084,2.78914094458907,0.140350877192982,0.7375,10.8228476821192,26.0313432835821,20.3875763206796,16.7451719265191,0.593250444049734,0.614583333333333,3.9288558534643,9.4770374303159,2.30953013007698,3.66339262012211,0.486678507992895,5.24220305242203,6.92675159235669,0.636942675159236,1.53927813163482,0.383658969804618,0.712962962962963,3.31072664359862,26.0051094890511,-1.5519013360740104,70
15.3145520016946,13.9992432841468,0.547169811320755,0.570731707317073,12.815081550519,31.1374708748147,2.73247193391231,1.94873967379792,0.636363636363636,3.15228966986156,5.63289783679589,0.471192974941101,2.20603983722425,0.0291595197255574,0.823529411764706,13.1132075471698,25.822102425876,25.3840526700805,22.0877458396369,0.532058492688414,0.556149732620321,4.46232626188735,10.8997805413314,2.14581809314801,2.92611558156547,0.482564679415073,3.11203319502075,5.39946249694601,0.806254580991938,2.05228438797948,0.168728908886389,0.62,9.43891304347826,25.5795774647887,26.6278809577087,25.9763313609467,0.476214574898785,0.521929824561404,7.42895502349519,18.2143656298948,3.96061758782726,7.69747147012755,0.337044534412955,3.31066770705607,4.62016881386051,0.488671701466015,1.64371390493114,0.367408906882591,0.628099173553719,5.60732824427481,26.4498498498498,22.1467688937569,15.9937888198758,0.622254758418741,0.653100775193799,2.97918948521358,7.38225629791895,1.09529025191676,4.3592552026287,0.527086383601757,3.40921588034752,4.70406360424028,0.309187279151943,0.8613074204947,0.301610541727672,0.66504854368932,4.00340557275542,24.4426966292135,21.7930545712261,18.7112763320942,0.565310492505353,0.59021113243762,4.53579021970234,10.9496810772502,2.94117647058824,4.42948263642807,0.197002141327623,6.21908127208481,7.92811839323467,0.951374207188161,1.58562367864693,0.618843683083512,0.681660899653979,3.14693333333333,25.0163043478261,-25.29362416107384,70
31.2955812955813,28.0751708428246,0.514187446259673,0.558575803981623,8.40840840840841,20.2702702702703,3.73230373230373,6.82110682110682,0.327601031814273,3.20292347377472,5.2563550193882,0.53856096510125,1.96036191296855,0.205503009458298,0.669456066945607,8.68734015345269,25.8590551181102,17.1032357473035,12.8820466379896,0.639008620689655,0.666,3.08166409861325,7.421674370826911,1.82331792501284,2.2085259373395,0.691810344827586,2.7064981488574,3.85884742320386,1.5993907083016,3.07184564610307,0.135775862068966,0.793650793650794,7.17412587412588,25.3725,26.2206572769953,24.1742361684558,0.512779552715655,0.547783251231527,8.49765258215962,19.7652582159624,3.73239436619718,4.17840375586855,0.45580404685836,2.87998119195956,5.06239698610784,0.894749234753944,1.43630798210502,0.193823216187433,0.615384615384615,7.35714285714286,26.3570093457944,30.2815654329733,24.9490036089754,0.509174311926605,0.567631224764468,6.05631308659465,15.2824508588631,1.85939436869134,7.80945634850363,0.195718654434251,2.64818270683373,4.42383160899037,0.570816981805209,1.10595790224759,0.091743119266055,0.716666666666667,12.6577946768061,26.3854901960784,26.8581759742869,21.6619318181818,0.626539753639418,0.65603532875368,8.49738850944154,20.148654077943,4.05785456006428,5.80554439533949,0.174692049272116,9.78359335681933,14.2223118821868,0.524510792818237,0.968327617510591,0.522956326987682,0.69593147751606,4.36689280868385,25.9711538461538,14.50470599198583,69
35.8542319749216,33.0060292850991,0.520590253946465,0.562732919254658,12.5,29.6042319749216,6.05407523510972,7.24921630094044,0.286890871654084,4.17485265225933,7.26950354609929,1.0441292356186,1.39873916469661,0.247083047357584,0.572222222222222,7.05553416746872,26.4557416267943,19.0347316193054,15.4684095860566,0.529411764705882,0.570844686648501,2.77401894451962,6.58547586829048,1.08254397834912,3.2701849345963,0.672058823529412,2.06966749604162,3.7431941923775,0.158802177858439,0.862068965517241,0.107352941176471,0.684931506849315,9.06726457399103,25.5833698030635,27.9497907949791,22.1976401179941,0.579365079365079,0.588888888888889,2.90794979079498,6.94560669456067,1.73640167364017,2.92887029288703,0.715219421101774,2.2448337354453,3.51357037660425,0.105196717862403,1.53587208079108,0.0821661998132586,0.625,8.36196721311475,25.7457516339869,21.5272727272727,19.046114971573,0.545751633986928,0.562977099236641,4.87272727272727,12.0,2.90909090909091,5.16363636363636,0.106753812636166,5.47524394651247,6.89655172413793,1.4367816091954,3.52011494252874,0.610021786492375,0.671428571428571,3.34121951219512,28.5479166666667,21.8779790276454,16.4235097957482,0.692307692307692,0.70398773006135,4.95710200190658,11.3918017159199,3.24118207816969,5.767397521449,0.0,9.60371295965726,12.5980508676016,2.11552174946518,1.28357499405752,0.785714285714286,0.734265734265734,2.51684981684982,0.0,12.96798439655582,69
25.57856272838,24.531636620714,0.494475138121547,0.53125,7.75477060495331,18.5546082013804,4.18189200162404,4.58790093382054,0.401473296500921,4.15647921760391,6.46216768916155,1.30879345603272,1.84049079754601,0.178637200736648,0.628865979381443,8.17846153846154,26.6720183486239,14.9323274905702,12.3536299765808,0.543198529411765,0.567307692307692,3.01752828932771,7.36631905924118,1.37563789660528,2.10783226092745,0.606617647058824,1.87319884726225,3.01218161683278,0.753045404208195,2.19269102990033,0.137867647058824,0.746666666666667,10.4967289719626,25.0632218844985,15.4392764857881,11.8845500848896,0.589473684210526,0.606598984771574,2.2609819121447,5.81395348837209,0.839793281653747,1.09819121447028,0.842105263157895,2.41312741312741,3.58974358974359,0.384615384615385,1.41025641025641,0.0578947368421052,0.545454545454545,8.06,25.0746835443038,16.5785381026439,15.3284671532847,0.494824016563147,0.5205078125,3.51477449455677,8.33592534992224,1.74183514774495,1.95956454121306,0.494824016563147,3.80907960199005,5.34659620764688,0.55952751010258,1.02580043518806,0.265010351966874,0.5859375,5.43155737704918,24.9686192468619,17.967072297781,14.5736434108527,0.615044247787611,0.630653266331658,4.9033643521832495,11.7036506800286,2.57695060844667,4.76020042949177,0.0825958702064896,8.29451809387316,10.6169296987088,3.51506456241033,1.75753228120517,0.710914454277286,0.726141078838174,2.98102893890675,26.5214285714286,0.7520325203252014,69
23.045154185022,22.4700633951632,0.495620437956204,0.535851472471191,9.22356828193832,22.1640969162996,4.873348017621151,5.67180616740088,0.433576642335766,2.72952853598015,4.03092214246273,0.358917725013805,1.8774157923799,0.297810218978102,0.553921568627451,6.30386597938144,26.1531986531987,28.989247311828,24.8056275453536,0.521333333333333,0.554166666666667,7.2258064516129,17.741935483871,3.0752688172043,4.17204301075269,0.527111111111111,2.0320395656381,3.5261234143195,0.107503762631692,1.29004515158031,0.164444444444444,0.621621621621622,7.98928571428572,26.8027027027027,27.6354568125142,23.2246798603027,0.551008303677343,0.606573705179283,6.37043754250737,15.279981863523,4.44343686238948,8.43346180004534,0.405693950177936,5.89700056593096,9.3128390596745,0.791139240506329,1.60488245931284,0.384341637010676,0.654320987654321,4.33033932135729,25.5669590643275,16.9876733436055,14.5809224665234,0.552374301675978,0.570504527813713,3.37057010785824,8.43605546995378,2.09938366718028,2.42681047765794,0.502793296089386,4.33233850004814,5.3320500481232,0.962463907603465,2.23291626564004,0.35195530726257,0.623015873015873,2.98314606741573,24.8359331476323,23.5198040016333,20.1431127012522,0.572649572649573,0.581818181818182,2.61331155573704,6.4924458962842,2.81747652102899,2.44997958350347,0.0683760683760683,8.30605564648118,11.5621156211562,1.5990159901599,1.2710127101271,0.403846153846154,0.740740740740741,7.21422018348624,24.36875,7.388263910003033,69
28.3490294061119,23.5334833016093,0.556412729026037,0.615189873417722,8.07226600038439,19.142802229483,3.40188352873342,7.0344032289064,0.51205400192864,3.15920875744191,5.14296680099789,0.422183841872961,1.55440414507772,0.189971070395371,0.695431472081218,6.88241106719368,26.8847457627119,8.85328836424958,8.87708649468892,0.473404255319149,0.5,1.93929173693086,4.80607082630691,1.01180438448567,2.19224283305228,0.5,2.75344180225282,4.04624277456647,0.825763831544178,2.72502064409579,0.319148936170213,0.666666666666667,4.59787234042553,24.7191489361702,34.3373493975904,30.2603036876356,0.571259842519685,0.602899575671853,11.5461847389558,27.0682730923695,5.22088353413655,6.64658634538153,0.311811023622047,5.48027702499247,9.51234196267309,0.78266104756171,1.40477623921333,0.301574803149606,0.744125326370757,7.38215102974828,26.7815656565657,20.4647478214946,16.0379596678529,0.597222222222222,0.618022328548644,2.2181146025878,5.83575389490362,1.29390018484288,2.98389226300502,0.428819444444444,3.89130721540694,5.69319978914075,0.685292567211386,1.18608328940432,0.324652777777778,0.716577540106952,5.42492401215806,24.7931174089069,36.5507246376812,30.8133472367049,0.535714285714286,0.588152985074627,5.2463768115942,12.5507246376812,3.27536231884058,10.695652173913,0.136263736263736,8.54824688496088,13.2097334878331,3.18655851680185,1.70915411355736,0.357142857142857,0.723076923076923,7.45419847328244,25.8491935483871,-10.589388822311804,68
36.5405405405405,29.5610687022901,0.550833333333333,0.60310021629416,10.2702702702703,23.7189189189189,3.54594594594595,9.68648648648649,0.330833333333333,2.02688055495339,3.47750489024125,0.173875244512063,1.30406433384047,0.188333333333333,0.641592920353982,8.58742216687422,25.6345088161209,19.1056910569106,16.7666303162486,0.510968921389397,0.531304347826087,5.84740462789243,14.5716072545341,1.28205128205128,2.00125078173859,0.570383912248629,2.50388802488336,3.52722772277228,0.525990099009901,2.0730198019802,0.16636197440585,0.505494505494506,8.92340425531915,25.4275641025641,23.7110016420361,19.7140381282496,0.569737954353339,0.585158150851582,5.02463054187192,12.2331691297209,2.16748768472906,1.9376026272578,0.391377852916314,2.12155963302752,3.07289964040536,0.70284406668846,1.2258908139915,0.202874049027895,0.758333333333333,7.91680555555556,25.2822510822511,24.4325521313896,19.8669047232592,0.557673509286413,0.589572192513369,3.02638863258904,7.23380697545673,1.8822661007566,4.17051116442148,0.449657869012708,3.30380214101144,4.81816503599779,1.19992615839025,2.03064426804504,0.376344086021505,0.654545454545455,4.52326820603908,24.656455142232,7.79014308426073,7.66016713091922,0.633802816901409,0.636363636363636,2.62321144674086,6.67726550079491,2.62321144674086,1.03338632750397,0.0,7.81746031746032,9.98415213946117,1.50554675118859,0.792393026941363,0.845070422535211,0.683333333333333,2.41549295774648,0.0,26.19454366620076,67
33.5950337776155,27.6682418119602,0.563907044299201,0.605596269153897,7.74146430527661,19.0980463757532,3.61511776519993,5.97042176373927,0.486564996368918,3.65150544522742,6.67889908256881,0.311926605504587,1.26605504587156,0.163398692810458,0.657777777777778,7.47708628005658,26.4925261584454,22.8659389868458,19.3353474320242,0.580693815987934,0.595168374816984,4.9258326336412,11.4469633361321,2.40694094598377,1.48334732717604,0.728506787330317,2.34913489942327,4.21380090497738,0.169683257918552,1.13122171945701,0.144796380090498,0.65625,4.58277777777778,25.5865424430642,13.2593619972261,11.4067504311407,0.571611253196931,0.584352078239609,3.10679611650485,7.57281553398058,1.49791955617198,1.19278779472954,0.595907928388747,3.48595933047448,4.96688741721854,1.02097130242826,1.87637969094923,0.237851662404092,0.666666666666667,4.23860759493671,24.6944206008584,20.6671501087745,20.0709906421426,0.501082251082251,0.54293893129771,6.0188542422045,14.902102973169,3.55329949238579,5.14865844815083,0.257575757575758,5.26029385089788,7.47731397459165,0.508166969147005,2.21415607985481,0.413419913419913,0.612565445026178,4.50466472303207,25.3042016806723,26.5798905866818,23.8896366083446,0.520664869721474,0.557494052339413,6.35729107715525,15.8837955102811,3.0371627994718,6.16864742501415,0.198562443845463,7.06603773584906,10.6435176448387,1.00018871485186,1.84940554821664,0.238993710691824,0.699248120300752,7.87656950672646,25.3677272727273,-21.043942087884176,67
18.4574976122254,16.0008410428932,0.55275974025974,0.579939668174962,5.32473734479465,12.7507163323782,2.36389684813754,2.81757402101242,0.600649350649351,3.14210902166151,5.00711912672046,0.806834361651637,1.18652112007594,0.196428571428571,0.644628099173554,6.34024390243903,25.0137837837838,22.2051597051597,19.5168295331162,0.567340067340067,0.578778135048232,6.91031941031941,16.1547911547912,3.00982800982801,1.93488943488944,0.737373737373737,3.48570554961015,5.96651445966514,0.517503805175038,2.22222222222222,0.153198653198653,0.582417582417583,4.48974358974359,26.1139269406393,20.3418803418803,16.6412213740458,0.566666666666667,0.607142857142857,3.07692307692308,7.69230769230769,1.88034188034188,3.24786324786325,0.477777777777778,4.0,5.93220338983051,2.03389830508475,2.54237288135593,0.433333333333333,0.641025641025641,2.29148936170213,24.4232558139535,28.8272157564906,25.3152088258471,0.542066027689031,0.591368227731864,7.22918531781558,18.3751119068935,4.38675022381379,7.49776186213071,0.334398296059638,5.45169595880443,7.68197088465846,0.358342665173572,1.05263157894737,0.312034078807242,0.703071672354949,6.00208,25.1821656050955,25.4985435805512,21.5697904310004,0.556338028169014,0.577235772357724,4.05556800358503,10.2621555007842,2.41989693031593,3.20412278736276,0.500541711809317,5.37055723735845,8.70736086175943,1.61579892280072,1.32405745062837,0.24160346695558,0.659192825112108,4.9119305856833,25.7887445887446,19.748928352725045,66
13.1447587354409,12.921626984127,0.525171624713959,0.530201342281879,5.82362728785358,14.2262895174709,2.05213533000555,0.610094287298946,0.512585812356979,3.47452934662237,5.4726368159204,0.746268656716418,3.53786622443339,0.196796338672769,0.686046511627907,5.94507042253521,25.025,31.7757009345794,29.1790461297889,0.500772200772201,0.583879423328965,12.1142655616293,27.6847116910598,6.01304884500088,10.1922059601481,0.515830115830116,4.02400282386163,7.08355414237767,0.971559795089207,2.08443737855503,0.155212355212355,0.587064676616915,7.37145135566188,26.599251497006,20.4879328436516,16.3953488372093,0.592529711375212,0.611111111111111,1.57397691500525,3.80377754459601,1.73137460650577,3.09548793284365,0.371816638370119,3.44963273871983,4.45960125918153,0.865687303252886,2.07240293809024,0.434634974533107,0.703125,3.49378378378378,24.7844748858447,33.8291542711432,28.5057471264368,0.560192616372392,0.589285714285714,4.92987675308117,11.8997025074373,3.05992350191245,5.14237144071398,0.304975922953451,4.64968152866242,7.80653372931693,0.72125583368689,2.50318201103097,0.184590690208668,0.721739130434783,9.40646651270208,25.8247368421053,25.2259036144578,19.5583068428978,0.628450106157113,0.64299424184261,4.02861445783133,9.61972891566265,2.39081325301205,4.44277108433735,0.0,9.518424276694,13.3987544819777,1.69843366672957,1.03793168522363,0.528662420382166,0.714859437751004,4.38885350318471,0.0,15.579710144927532,66
22.6526891522334,23.693729903537,0.505415162454874,0.530416221985059,10.4147675478578,23.0856882406563,5.51504102096627,5.30993618960802,0.350180505415162,4.18652144315861,6.03253502033439,0.835969272480795,2.39493899683687,0.38748495788207,0.645962732919255,5.35148148148148,25.2164948453608,20.3460207612457,17.8363469200123,0.52880658436214,0.55893536121673,2.8719723183391,7.05882352941176,1.97231833910035,3.11418685121107,0.553497942386831,2.45419979260283,4.31629834254144,0.552486187845304,1.34668508287293,0.181069958847737,0.659090909090909,6.55760368663595,25.7475836431227,22.0852221214869,15.9327461969576,0.633982947624848,0.666301969365427,3.71713508612874,8.73980054397099,1.4687216681777,3.88032638259293,0.272838002436054,3.71074305367002,5.63787495482472,0.668594145283701,1.53595952294904,0.517661388550548,0.717647058823529,4.05276381909548,25.325,26.0383684112498,20.2260072060269,0.595896946564886,0.61660777385159,3.07319798845223,7.15216986403427,1.93704600484262,3.6133358167256495,0.466603053435115,5.02793296089386,7.4846397318935,0.707503258238689,0.930925339787749,0.278625954198473,0.73972602739726,7.01520572450805,26.1333333333333,38.4230055658627,29.1612057667104,0.627292736610418,0.664198325820992,13.2838589981447,30.9461966604824,4.26716141001855,8.36734693877551,0.242112986060161,8.28072781284813,12.8576737272389,0.836120401337793,2.35971757710888,0.312545854732208,0.71830985915493,5.94472410454985,28.7139393939394,34.495814003092846,66
19.5890045369629,19.604190919674,0.470967741935484,0.521306818181818,6.40512409927942,15.6391780090739,3.709634374166,5.25753936482519,0.314516129032258,3.07344332091538,4.72273812682409,1.27354736004245,2.28177235340939,0.345161290322581,0.574766355140187,5.86776470588235,25.3837696335079,14.9323274905702,12.3536299765808,0.543198529411765,0.567307692307692,3.01752828932771,7.36631905924118,1.37563789660528,2.10783226092745,0.606617647058824,1.87319884726225,3.01218161683278,0.753045404208195,2.19269102990033,0.137867647058824,0.746666666666667,10.4967289719626,25.0632218844985,35.8929898439435,31.3426329555362,0.507321274763135,0.554957724827056,7.0349269259351,16.8689621005697,3.41837998513748,7.70374040128809,0.303186907838071,4.24159742031502,7.10382513661202,0.521609538002981,1.8628912071535,0.281653746770026,0.669724770642202,6.34907292954265,26.6538461538462,37.8095238095238,33.8169642857143,0.5,0.551579925650558,6.952380952380951,16.952380952381,4.31746031746032,12.2222222222222,0.298572996706915,5.47619047619048,9.33333333333333,0.888888888888889,1.14285714285714,0.261251372118551,0.668067226890756,8.33849765258216,26.5709558823529,17.6909821941413,16.2884518406455,0.496938775510204,0.541300527240773,3.8483630097645,9.10396323951752,2.21137277426766,5.02584721424469,0.322448979591837,7.02834239908388,9.70319634703196,1.17009132420091,1.48401826484018,0.373469387755102,0.704918032786885,5.93072289156627,25.0301282051282,-18.54241903972529,66
16.6568222090963,19.2777212614446,0.400332225913621,0.436532507739938,6.61547548730065,16.1252215002953,3.30773774365033,2.95333727111636,0.431893687707641,3.20399764844209,4.09596255119953,0.351082504388531,1.98946752486834,0.209302325581395,0.619047619047619,6.80409356725146,25.7976923076923,13.1496881496882,11.8126272912424,0.542755344418052,0.559734513274336,2.80665280665281,6.808731808731809,1.81912681912682,1.87110187110187,0.589073634204276,2.23492723492724,3.01455301455301,0.38981288981289,1.92307692307692,0.209026128266033,0.602272727272727,6.0242774566474,24.354693877551,21.1071428571429,20.9076682316119,0.482394366197183,0.500853242320819,5.17857142857143,12.4285714285714,2.92857142857143,1.64285714285714,0.538732394366197,2.29390681003584,4.13669064748201,0.215827338129496,0.611510791366906,0.079225352112676,0.577777777777778,9.81564885496183,26.0016501650165,31.1526479750779,27.8197064989518,0.495408631772268,0.542785234899329,5.94296669063024,14.1385094656123,3.25904624970046,6.08674814282291,0.413223140495868,5.7673860911271,9.81521478281738,1.07991360691145,1.05591552675786,0.297520661157025,0.657407407407407,5.20453834115806,26.0566964285714,27.8307756117793,21.3946695874407,0.605381165919283,0.651456310679612,4.52094566569888,11.4475321443385,2.94483616756533,6.76068021567814,0.0089686098654708,9.28541753219776,13.1086142322097,2.24719101123596,1.33166874739908,0.665919282511211,0.717171717171717,3.58099547511312,25.975,-23.02158273381295,65
19.872851424535,17.9339171974522,0.482872200263505,0.511627906976744,7.84082882034377,18.4600894749235,2.04850482693666,3.20226041911938,0.60737812911726,2.6061320754717,4.4649184975194895,0.590597684857075,2.2206472950626,0.121212121212121,0.5,10.15,26.7431670281996,21.7651922281935,17.9743724767421,0.532960893854749,0.55421052631579,2.64572137246796,6.32492765605622,1.57089706490285,2.52170318313353,0.524022346368715,2.83585179051956,4.12520729684909,0.33167495854063,1.24378109452736,0.154189944134078,0.550724637681159,8.3981220657277,25.4429487179487,21.4791851195748,17.7208083832335,0.574605451936872,0.599505562422744,5.86802480070859,14.6368467670505,3.05580159433127,5.46944198405669,0.130559540889527,6.23893805309735,8.22281167108753,1.96728558797524,2.14412024756852,0.51219512195122,0.719887955182073,5.20082508250825,25.1604395604396,19.9599656848728,16.4544799423493,0.524734982332155,0.560192616372392,1.71575636259651,4.28939090649128,1.77294824134973,3.603088361452672,0.489399293286219,5.71918787532171,8.43580211609952,1.17243351444095,0.714898484415213,0.217314487632509,0.650406504065041,7.48754325259516,25.3496350364964,29.7457974579746,26.5380604796663,0.505249343832021,0.543445692883895,7.62607626076261,18.7576875768758,3.9770397703977,8.77408774087741,0.0787401574803149,8.11674917491749,10.8966376089664,1.26608551266086,1.74346201743462,0.416447944006999,0.651260504201681,5.89078822412156,26.1224719101124,29.650349650349654,64
36.5405405405405,29.5610687022901,0.550833333333333,0.60310021629416,10.2702702702703,23.7189189189189,3.54594594594595,9.68648648648649,0.330833333333333,2.02688055495339,3.47750489024125,0.173875244512063,1.30406433384047,0.188333333333333,0.641592920353982,8.58742216687422,25.6345088161209,19.1056910569106,16.7666303162486,0.510968921389397,0.531304347826087,5.84740462789243,14.5716072545341,1.28205128205128,2.00125078173859,0.570383912248629,2.50388802488336,3.52722772277228,0.525990099009901,2.0730198019802,0.16636197440585,0.505494505494506,8.92340425531915,25.4275641025641,18.1018119068162,15.4208447280462,0.578673602080624,0.612018669778296,7.79982743744607,18.8610871440897,2.72648835202761,3.53753235547886,0.327698309492848,6.3468825353083,9.90201134605467,0.464156781846313,2.04572803850782,0.449934980494148,0.708092485549133,4.49419729206963,25.2230158730159,23.7110016420361,19.7140381282496,0.569737954353339,0.585158150851582,5.02463054187192,12.2331691297209,2.16748768472906,1.9376026272578,0.391377852916314,2.12155963302752,3.07289964040536,0.70284406668846,1.2258908139915,0.202874049027895,0.758333333333333,7.91680555555556,25.2822510822511,34.4429214803211,27.2160664819945,0.584362139917696,0.633598841419261,4.30781280595261,9.57509300959467,3.75954572155865,8.00861562561191,0.278189300411523,9.04176904176904,13.9700078926598,0.986582478295186,1.40094711917916,0.420576131687243,0.669275929549902,4.73192702394527,26.4547337278107,13.511009374318732,64
18.4355997788834,14.8220380302292,0.592696629213483,0.601985559566787,2.70867882808181,6.6334991708126,1.49253731343284,1.32669983416252,0.473782771535581,3.34207982322884,4.99585978470881,0.828043058239029,1.60088324592879,0.411985018726592,0.659090909090909,3.15480427046263,24.4256916996047,19.8321554770318,18.3034008406572,0.487277353689567,0.523310023310023,3.57773851590106,8.48056537102474,2.20848056537103,3.6660777385159,0.473282442748092,3.52578228294403,4.4415127528584,0.439753737906772,1.89094107299912,0.282442748091603,0.477477477477478,5.7231884057971,25.2145161290323,31.2308478038815,28.7248322147651,0.522912423625255,0.546470062555853,8.01838610827375,18.8968335035751,4.21348314606742,7.9417773237998,0.311608961303462,4.67134652201659,7.78259760142894,0.433784128604236,1.17376881857617,0.410386965376782,0.607940446650124,4.28757396449704,25.5313725490196,28.2746160794941,27.1259842519685,0.481655691439323,0.520066889632107,8.53658536585366,19.8509485094851,4.17795844625113,6.82023486901536,0.26340545625588,5.66080288678394,8.85135135135135,1.41891891891892,2.09459459459459,0.26340545625588,0.646428571428572,7.76257982120051,26.245,23.6713588049411,18.8347564038172,0.627806563039724,0.64375,4.53892559609308,10.2269462798047,3.18873886814134,4.1367423154266,0.005181347150259,7.83443139501576,10.2256498143388,2.02799200228506,1.88517566409597,0.533678756476684,0.73462783171521,4.79027777777778,38.0,24.30926916221034,63
20.2263926124516,20.0742508618404,0.462204724409449,0.495594713656388,4.97467977360739,12.2132856717307,2.32350312779267,3.2171581769437,0.48503937007874,3.5490605427975,5.79277396237683,0.418035234398328,1.10480740519558,0.223622047244094,0.577464788732394,6.82324159021407,25.0272727272727,33.5950337776155,27.6682418119602,0.563907044299201,0.605596269153897,7.74146430527661,19.0980463757532,3.61511776519993,5.97042176373927,0.486564996368918,3.65150544522742,6.67889908256881,0.311926605504587,1.26605504587156,0.163398692810458,0.657777777777778,7.47708628005658,26.4925261584454,13.2593619972261,11.4067504311407,0.571611253196931,0.584352078239609,3.10679611650485,7.57281553398058,1.49791955617198,1.19278779472954,0.595907928388747,3.48595933047448,4.96688741721854,1.02097130242826,1.87637969094923,0.237851662404092,0.666666666666667,4.23860759493671,24.6944206008584,21.2017167381974,18.3114880493446,0.558201058201058,0.592771084337349,5.62231759656652,13.5622317596567,2.57510729613734,3.73390557939914,0.555555555555556,3.88182014233341,6.67533593411357,0.563502384048548,1.64716081491114,0.235449735449735,0.685393258426966,4.85178571428572,25.0109523809524,26.5798905866818,23.8896366083446,0.520664869721474,0.557494052339413,6.35729107715525,15.8837955102811,3.0371627994718,6.16864742501415,0.198562443845463,7.06603773584906,10.6435176448387,1.00018871485186,1.84940554821664,0.238993710691824,0.699248120300752,7.87656950672646,25.3677272727273,11.772423664122144,63
26.7361794216014,21.502313990744,0.581510934393638,0.610502283105023,13.240212472949,31.7529018296282,2.36081054495377,4.36749950816447,0.558648111332008,2.54865158549837,4.28571428571429,0.972222222222222,2.08333333333333,0.129224652087475,0.715384615384615,9.34977477477478,27.1811387900356,16.8082368082368,16.6939826738469,0.50556586270872,0.54242928452579,8.39124839124839,19.97425997426,2.88288288288288,3.5006435006435,0.324675324675325,2.77706351247107,4.67505779604418,0.282558438222451,2.02928332905215,0.215213358070501,0.698275862068966,9.35302197802198,26.5182857142857,23.3895373973195,17.5893207695328,0.617414248021108,0.656934306569343,2.33463035019455,5.44747081712062,1.59965412883701,3.45871162991786,0.514511873350924,3.83125269048644,6.0437205315045,0.728675525075011,1.5002143163309,0.263852242744063,0.68,5.74076086956522,25.0558974358974,30.0800609988563,24.5305770887166,0.571912013536379,0.599544072948328,5.01334349980938,12.1044605413649,2.07777354174609,5.87113991612657,0.274111675126904,5.13894175866007,7.73470163435956,0.798175598631699,1.33029266438617,0.285109983079526,0.732937685459941,7.48135198135198,25.4586419753086,21.5577889447236,16.8988764044944,0.582554517133956,0.618155619596542,2.66331658291457,5.92964824120603,1.50753768844221,3.21608040201005,0.461059190031153,6.31128991702288,8.45495722194263,2.06341217916457,1.40915953699044,0.389408099688474,0.672,3.7196531791907503,25.0493243243243,2.2959349593495944,63
13.1447587354409,12.921626984127,0.525171624713959,0.530201342281879,5.82362728785358,14.2262895174709,2.05213533000555,0.610094287298946,0.512585812356979,3.47452934662237,5.4726368159204,0.746268656716418,3.53786622443339,0.196796338672769,0.686046511627907,5.94507042253521,25.025,31.7757009345794,29.1790461297889,0.500772200772201,0.583879423328965,12.1142655616293,27.6847116910598,6.01304884500088,10.1922059601481,0.515830115830116,4.02400282386163,7.08355414237767,0.971559795089207,2.08443737855503,0.155212355212355,0.587064676616915,7.37145135566188,26.599251497006,20.8960573476703,18.869123252859,0.533536585365854,0.557581573896353,5.23297491039427,12.5089605734767,2.65232974910394,2.36559139784946,0.58739837398374,2.86280158444364,4.88422575976845,0.397973950795948,1.48335745296671,0.136178861788618,0.537313432835821,8.63103448275862,25.7695501730104,11.2914862914863,9.05283505154639,0.621848739495798,0.633603238866397,3.03030303030303,7.28715728715729,1.22655122655123,0.757575757575758,0.852941176470588,3.92651296829971,6.15107913669065,1.29496402877698,1.8705035971223,0.088235294117647,0.571428571428571,6.24285714285714,24.8581280788177,25.2259036144578,19.5583068428978,0.628450106157113,0.64299424184261,4.02861445783133,9.61972891566265,2.39081325301205,4.44277108433735,0.0,9.518424276694,13.3987544819777,1.69843366672957,1.03793168522363,0.528662420382166,0.714859437751004,4.38885350318471,0.0,21.857152455822074,63
32.560861423221,28.6159600997506,0.544034090909091,0.587585034013605,7.06928838951311,16.6666666666667,4.77528089887641,6.41385767790262,0.589015151515152,2.38598965679361,4.0604343720491,0.637393767705383,2.03021718602455,0.207386363636364,0.680365296803653,6.15322580645161,27.616077170418,15.6914893617021,16.1092793217146,0.476190476190476,0.500850340136055,4.49468085106383,11.0372340425532,2.57978723404255,2.47340425531915,0.648351648351648,3.7903976592632,6.27826549614259,1.33014099494546,1.80899175312583,0.201465201465201,0.572727272727273,5.23489583333333,26.5635593220339,17.7014852690528,17.9027027027027,0.471955128205128,0.516358463726885,4.86973459946433,12.3934745556367,3.04358412466521,4.50450450450451,0.358974358974359,3.57099477711648,4.92001938923897,0.99369849733398,1.89045079980611,0.317307692307692,0.702020202020202,6.27425,25.8410714285714,23.767258382643,23.9760903254372,0.492924528301887,0.513874066168623,3.74753451676529,9.4181459566075,3.59960552268245,4.98027613412229,0.369103773584906,4.55833435998522,7.78133464663876,0.46786505786752,0.886481162275302,0.275943396226415,0.705128205128205,6.15663551401869,26.0095846645367,26.8899521531101,22.9137594194809,0.556618819776715,0.60042735042735,5.23125996810207,12.3763955342903,3.82775119617225,5.26315789473684,0.0590111642743221,10.0191754554171,13.9929554915146,1.47294268331732,1.18475824527698,0.413078149920255,0.67953667953668,6.34,25.8405405405405,-30.63484251968504,63
26.0242354298904,22.5619399051133,0.570605187319885,0.594986807387863,5.62608193883439,13.6757068667051,2.85631852279285,3.95268320830929,0.380403458213257,2.55116748342462,4.11866359447005,0.806451612903226,1.6705069124424,0.19164265129683,0.736842105263158,8.9793023255814,25.2068181818182,33.9692633810281,29.0546949098957,0.525,0.586983343615052,9.34463875640346,23.8827062356474,3.88623918035683,8.53206147323794,0.388028169014085,2.69983181375587,4.06316536550745,0.28388928317956,1.18878637331441,0.141549295774648,0.691542288557214,10.1010356731876,25.9308529945554,35.5339805825243,28.8208750245242,0.597864768683274,0.642298670836591,5.67421790722762,13.4843581445523,4.09924487594391,7.78856526429342,0.330960854092527,4.04280618311534,7.60398613518198,1.66811091854419,1.08318890814558,0.110320284697509,0.790322580645161,10.4723404255319,25.5088709677419,26.096256684492,20.9143968871595,0.612021857923497,0.625641025641026,2.35294117647059,5.77540106951872,2.13903743315508,2.7807486631016,0.508196721311475,5.56447298020332,8.99357601713062,2.67665952890792,0.963597430406852,0.114754098360656,0.80952380952381,9.63444444444444,24.610752688172,21.0337972166998,17.2950536146662,0.590778097982709,0.63126491646778,1.94831013916501,4.7713717693837,3.220675944334,6.36182902584493,0.0057636887608069,9.21859545004946,12.5196850393701,2.16535433070866,0.551181102362205,0.62536023054755,0.714285714285714,4.1104347826087,23.4,-15.248348143084982,63
13.1447587354409,12.921626984127,0.525171624713959,0.530201342281879,5.82362728785358,14.2262895174709,2.05213533000555,0.610094287298946,0.512585812356979,3.47452934662237,5.4726368159204,0.746268656716418,3.53786622443339,0.196796338672769,0.686046511627907,5.94507042253521,25.025,31.7757009345794,29.1790461297889,0.500772200772201,0.583879423328965,12.1142655616293,27.6847116910598,6.01304884500088,10.1922059601481,0.515830115830116,4.02400282386163,7.08355414237767,0.971559795089207,2.08443737855503,0.155212355212355,0.587064676616915,7.37145135566188,26.599251497006,19.672131147541,15.3729838709677,0.569607843137255,0.612190812720848,2.17637083097795,5.31373657433578,1.27190503109101,3.64612775579423,0.484313725490196,2.2756183745583,3.64715860899067,0.197907831495618,1.13090189426067,0.201960784313726,0.650485436893204,7.63726235741445,25.3935222672065,32.5848303393214,25.9728708027574,0.578306878306878,0.61346516007533,3.1187624750499,7.31037924151697,2.69461077844311,6.61177644710579,0.452910052910053,2.37085101073122,4.21867199201198,0.224663005491762,1.82226660009985,0.255026455026455,0.655601659751037,6.40251450676983,26.0967289719626,25.2259036144578,19.5583068428978,0.628450106157113,0.64299424184261,4.02861445783133,9.61972891566265,2.39081325301205,4.44277108433735,0.0,9.518424276694,13.3987544819777,1.69843366672957,1.03793168522363,0.528662420382166,0.714859437751004,4.38885350318471,0.0,40.51459293394778,62
22.7111111111111,21.8799682034976,0.530701754385965,0.567777777777778,11.1777777777778,27.1777777777778,4.48888888888889,4.97777777777778,0.348370927318296,6.2770322723744,9.71883993801196,0.996236440115121,1.85964135488156,0.319548872180451,0.576470588235294,5.34326923076923,25.3395683453237,28.7812321190158,24.3238616912016,0.549509366636931,0.599839615076183,6.29410642761778,15.7734121686058,3.37592981117681,5.8554262826626,0.520963425512935,2.60371959942775,4.73101869515452,0.305227012590614,1.31629149179702,0.256913470115968,0.638888888888889,5.84134078212291,26.5751712328767,19.1216216216216,16.7071688942892,0.561247216035635,0.5850622406639,7.02702702702703,17.1959459459459,2.33108108108108,2.66891891891892,0.420935412026726,2.71180731008927,4.53476654350017,0.604635539133356,1.44440712126302,0.420935412026726,0.666666666666667,3.42,24.8497354497355,21.1627191633344,18.5784851811197,0.540540540540541,0.570480928689884,2.43002153183636,5.99815441402645,2.27622270070747,3.32205475238388,0.479279279279279,4.28417321621205,6.88696726374305,2.31624459542928,0.895614576899321,0.369369369369369,0.590243902439024,3.6636678200692,24.5860902255639,27.700205338809,22.5341706686369,0.592003853564547,0.612624886466848,5.25667351129363,13.305954825462,2.4435318275154,3.05954825462012,0.309248554913295,7.56328462646635,11.4892739273927,1.07260726072607,1.25825082508251,0.261078998073218,0.660516605166052,6.45620641562064,25.9619937694704,-41.11623143881208,62
35.8542319749216,33.0060292850991,0.520590253946465,0.562732919254658,12.5,29.6042319749216,6.05407523510972,7.24921630094044,0.286890871654084,4.17485265225933,7.26950354609929,1.0441292356186,1.39873916469661,0.247083047357584,0.572222222222222,7.05553416746872,26.4557416267943,27.9497907949791,22.1976401179941,0.579365079365079,0.588888888888889,2.90794979079498,6.94560669456067,1.73640167364017,2.92887029288703,0.715219421101774,2.2448337354453,3.51357037660425,0.105196717862403,1.53587208079108,0.0821661998132586,0.625,8.36196721311475,25.7457516339869,29.0588882773803,26.49450023912,0.536319612590799,0.567741935483871,6.54925701706109,16.1805173362686,4.89818381948266,6.38414969730325,0.372881355932203,3.41786108048512,4.63832136940917,0.607399226946438,1.54610712313639,0.309927360774818,0.6015625,6.07644787644788,26.5519480519481,21.0283315844701,17.7110210099521,0.533540372670808,0.570205479452055,3.39979013641133,8.3105981112277,1.78384050367261,3.48373557187828,0.327950310559006,4.53638559277539,7.71332492643968,1.19798234552333,1.55527532576713,0.216149068322981,0.741379310344828,7.47042513863216,24.6606870229008,21.8779790276454,16.4235097957482,0.692307692307692,0.70398773006135,4.95710200190658,11.3918017159199,3.24118207816969,5.767397521449,0.0,9.60371295965726,12.5980508676016,2.11552174946518,1.28357499405752,0.785714285714286,0.734265734265734,2.51684981684982,0.0,18.897637795275585,62
18.7811508835523,16.3565732978941,0.569546120058565,0.584626234132581,9.71907566832805,24.2863615768011,2.06162211146353,1.29134571816946,0.587115666178624,2.22803228373309,3.55920602327173,0.182523385808807,1.57426420260096,0.0834553440702781,0.754385964912281,8.57517730496454,25.1605985037406,33.9692633810281,29.0546949098957,0.525,0.586983343615052,9.34463875640346,23.8827062356474,3.88623918035683,8.53206147323794,0.388028169014085,2.69983181375587,4.06316536550745,0.28388928317956,1.18878637331441,0.141549295774648,0.691542288557214,10.1010356731876,25.9308529945554,35.5339805825243,28.8208750245242,0.597864768683274,0.642298670836591,5.67421790722762,13.4843581445523,4.09924487594391,7.78856526429342,0.330960854092527,4.04280618311534,7.60398613518198,1.66811091854419,1.08318890814558,0.110320284697509,0.790322580645161,10.4723404255319,25.5088709677419,26.096256684492,20.9143968871595,0.612021857923497,0.625641025641026,2.35294117647059,5.77540106951872,2.13903743315508,2.7807486631016,0.508196721311475,5.56447298020332,8.99357601713062,2.67665952890792,0.963597430406852,0.114754098360656,0.80952380952381,9.63444444444444,24.610752688172,21.0337972166998,17.2950536146662,0.590778097982709,0.63126491646778,1.94831013916501,4.7713717693837,3.220675944334,6.36182902584493,0.0057636887608069,9.21859545004946,12.5196850393701,2.16535433070866,0.551181102362205,0.62536023054755,0.714285714285714,4.1104347826087,23.4,11.598478888014697,62
17.3867228661749,14.0260950605778,0.577731092436975,0.620300751879699,10.1159114857745,25.5532139093783,1.84404636459431,3.53003161222339,0.201680672268908,3.0566534914361,4.48075909330522,0.527148128624143,1.95044807590933,0.445378151260504,0.679245283018868,4.73473684210526,24.5916666666667,26.6278809577087,25.9763313609467,0.476214574898785,0.521929824561404,7.42895502349519,18.2143656298948,3.96061758782726,7.69747147012755,0.337044534412955,3.31066770705607,4.62016881386051,0.488671701466015,1.64371390493114,0.367408906882591,0.628099173553719,5.60732824427481,26.4498498498498,20.2032721864155,16.9372531812198,0.548872180451128,0.581545064377682,2.75161130391671,6.3708477937531,1.83440753594447,2.33019335647001,0.721804511278195,3.94785847299814,6.24222830141756,0.870430241233524,1.51703556329271,0.189473684210526,0.634920634920635,4.00162162162162,25.1535416666667,25.6215650353311,21.3235294117647,0.538311688311688,0.575205640423032,3.27139492279508,8.13923056791416,2.01517927244177,5.07720492017796,0.355844155844156,4.86047425651775,6.79433368310598,0.577124868835257,1.28541448058762,0.411688311688312,0.67192429022082,3.71754032258065,25.0843065693431,35.632183908046,31.0108509423187,0.558926487747958,0.594249201277955,5.3639846743295,12.3563218390805,4.757343550447,6.0344827586206895,0.47024504084014,8.08823529411765,13.5723431498079,5.63380281690141,1.66453265044814,0.23803967327888,0.759803921568627,7.70814977973568,27.3977667493797,14.173576561636269,62
20.8960573476703,18.869123252859,0.533536585365854,0.557581573896353,5.23297491039427,12.5089605734767,2.65232974910394,2.36559139784946,0.58739837398374,2.86280158444364,4.88422575976845,0.397973950795948,1.48335745296671,0.136178861788618,0.537313432835821,8.63103448275862,25.7695501730104,20.1520912547529,21.2837837837838,0.425531914893617,0.481818181818182,6.4638783269962,14.0684410646388,3.04182509505703,6.84410646387833,0.404255319148936,3.9697542533081296,6.01503759398496,0.75187969924812,1.12781954887218,0.297872340425532,0.5,6.03928571428571,26.2526315789474,29.2787944025834,22.7866128649418,0.572834645669291,0.618451025056948,2.47578040904198,6.0010764262648,2.20667384284177,6.83530678148547,0.509186351706037,3.46774193548387,5.74650912996778,0.349087003222342,1.34264232008593,0.18503937007874,0.617021276595745,7.36711229946524,25.1723514211886,24.3989953354862,22.1102362204724,0.539594843462247,0.570469798657718,6.49443846429853,15.2852529601722,3.80337280229638,4.52099031216362,0.259668508287293,6.46435625785599,10.6757728253055,1.294033069734,2.01294033069734,0.403314917127072,0.721461187214612,4.82985074626866,25.3248226950355,22.4188790560472,17.3280159521436,0.603221083455344,0.634146341463415,3.8121170864533696,9.1218515997277,2.04220558202859,4.90129339686862,0.216691068814056,7.47674154753801,9.96142500567279,1.52030859995462,1.56569094622192,0.546120058565154,0.702412868632708,3.23102803738318,24.6210884353742,-2.114427860696523,61
23.6098450319052,21.3351134846462,0.497681607418856,0.537604456824513,2.97781829231237,7.17107262230325,2.52202977818292,4.70981464600425,0.50386398763524,2.92912429807255,4.51788963007884,0.303214069132808,1.45542753183748,0.244204018547141,0.525316455696203,6.77258566978193,25.6539877300614,18.4355997788834,14.8220380302292,0.592696629213483,0.601985559566787,2.70867882808181,6.6334991708126,1.49253731343284,1.32669983416252,0.473782771535581,3.34207982322884,4.99585978470881,0.828043058239029,1.60088324592879,0.411985018726592,0.659090909090909,3.15480427046263,24.4256916996047,31.2308478038815,28.7248322147651,0.522912423625255,0.546470062555853,8.01838610827375,18.8968335035751,4.21348314606742,7.9417773237998,0.311608961303462,4.67134652201659,7.78259760142894,0.433784128604236,1.17376881857617,0.410386965376782,0.607940446650124,4.28757396449704,25.5313725490196,28.2746160794941,27.1259842519685,0.481655691439323,0.520066889632107,8.53658536585366,19.8509485094851,4.17795844625113,6.82023486901536,0.26340545625588,5.66080288678394,8.85135135135135,1.41891891891892,2.09459459459459,0.26340545625588,0.646428571428572,7.76257982120051,26.245,23.6713588049411,18.8347564038172,0.627806563039724,0.64375,4.53892559609308,10.2269462798047,3.18873886814134,4.1367423154266,0.005181347150259,7.83443139501576,10.2256498143388,2.02799200228506,1.88517566409597,0.533678756476684,0.73462783171521,4.79027777777778,38.0,-14.949483082706765,61
15.3145520016946,13.9992432841468,0.547169811320755,0.570731707317073,12.815081550519,31.1374708748147,2.73247193391231,1.94873967379792,0.636363636363636,3.15228966986156,5.63289783679589,0.471192974941101,2.20603983722425,0.0291595197255574,0.823529411764706,13.1132075471698,25.822102425876,31.2955812955813,28.0751708428246,0.514187446259673,0.558575803981623,8.40840840840841,20.2702702702703,3.73230373230373,6.82110682110682,0.327601031814273,3.20292347377472,5.2563550193882,0.53856096510125,1.96036191296855,0.205503009458298,0.669456066945607,8.68734015345269,25.8590551181102,25.3840526700805,22.0877458396369,0.532058492688414,0.556149732620321,4.46232626188735,10.8997805413314,2.14581809314801,2.92611558156547,0.482564679415073,3.11203319502075,5.39946249694601,0.806254580991938,2.05228438797948,0.168728908886389,0.62,9.43891304347826,25.5795774647887,22.1467688937569,15.9937888198758,0.622254758418741,0.653100775193799,2.97918948521358,7.38225629791895,1.09529025191676,4.3592552026287,0.527086383601757,3.40921588034752,4.70406360424028,0.309187279151943,0.8613074204947,0.301610541727672,0.66504854368932,4.00340557275542,24.4426966292135,35.632183908046,31.0108509423187,0.558926487747958,0.594249201277955,5.3639846743295,12.3563218390805,4.757343550447,6.0344827586206895,0.47024504084014,8.08823529411765,13.5723431498079,5.63380281690141,1.66453265044814,0.23803967327888,0.759803921568627,7.70814977973568,27.3977667493797,-0.7874015748031411,61
28.989247311828,24.8056275453536,0.521333333333333,0.554166666666667,7.2258064516129,17.741935483871,3.0752688172043,4.17204301075269,0.527111111111111,2.0320395656381,3.5261234143195,0.107503762631692,1.29004515158031,0.164444444444444,0.621621621621622,7.98928571428572,26.8027027027027,28.9713541666667,25.5415332454323,0.51856884057971,0.552609776304888,4.296875,10.7421875,3.25520833333333,5.25173611111111,0.427536231884058,3.51944384097328,5.56763810352327,0.347977381470204,1.34841235319704,0.266304347826087,0.710884353741497,7.78655063291139,26.3065677966102,21.6501439078989,19.5478356768679,0.466898954703833,0.524844720496895,3.22993284298049,7.83498560921011,2.07866965142309,5.30860249440358,0.515679442508711,2.60674876059491,4.38259756877799,1.47152911068458,1.31158029430582,0.25609756097561,0.462585034013605,6.43848920863309,24.9719594594595,16.9876733436055,14.5809224665234,0.552374301675978,0.570504527813713,3.37057010785824,8.43605546995378,2.09938366718028,2.42681047765794,0.502793296089386,4.33233850004814,5.3320500481232,0.962463907603465,2.23291626564004,0.35195530726257,0.623015873015873,2.98314606741573,24.8359331476323,15.8068057080132,13.7496155029222,0.557228915662651,0.576,2.81741675814124,7.061836809367,2.6344676180022,3.80534211489206,0.147590361445783,9.63436928702011,11.3262696382901,4.01899890390939,1.24223602484472,0.707831325301205,0.634042553191489,2.42650176678445,25.6591836734694,-28.37377049180327,60
31.2955812955813,28.0751708428246,0.514187446259673,0.558575803981623,8.40840840840841,20.2702702702703,3.73230373230373,6.82110682110682,0.327601031814273,3.20292347377472,5.2563550193882,0.53856096510125,1.96036191296855,0.205503009458298,0.669456066945607,8.68734015345269,25.8590551181102,26.6278809577087,25.9763313609467,0.476214574898785,0.521929824561404,7.42895502349519,18.2143656298948,3.96061758782726,7.69747147012755,0.337044534412955,3.31066770705607,4.62016881386051,0.488671701466015,1.64371390493114,0.367408906882591,0.628099173553719,5.60732824427481,26.4498498498498,20.2032721864155,16.9372531812198,0.548872180451128,0.581545064377682,2.75161130391671,6.3708477937531,1.83440753594447,2.33019335647001,0.721804511278195,3.94785847299814,6.24222830141756,0.870430241233524,1.51703556329271,0.189473684210526,0.634920634920635,4.00162162162162,25.1535416666667,25.6215650353311,21.3235294117647,0.538311688311688,0.575205640423032,3.27139492279508,8.13923056791416,2.01517927244177,5.07720492017796,0.355844155844156,4.86047425651775,6.79433368310598,0.577124868835257,1.28541448058762,0.411688311688312,0.67192429022082,3.71754032258065,25.0843065693431,21.7930545712261,18.7112763320942,0.565310492505353,0.59021113243762,4.53579021970234,10.9496810772502,2.94117647058824,4.42948263642807,0.197002141327623,6.21908127208481,7.92811839323467,0.951374207188161,1.58562367864693,0.618843683083512,0.681660899653979,3.14693333333333,25.0163043478261,-9.77443609022555,60
18.7811508835523,16.3565732978941,0.569546120058565,0.584626234132581,9.71907566832805,24.2863615768011,2.06162211146353,1.29134571816946,0.587115666178624,2.22803228373309,3.55920602327173,0.182523385808807,1.57426420260096,0.0834553440702781,0.754385964912281,8.57517730496454,25.1605985037406,33.9692633810281,29.0546949098957,0.525,0.586983343615052,9.34463875640346,23.8827062356474,3.88623918035683,8.53206147323794,0.388028169014085,2.69983181375587,4.06316536550745,0.28388928317956,1.18878637331441,0.141549295774648,0.691542288557214,10.1010356731876,25.9308529945554,21.4714240606252,17.4431818181818,0.600204498977505,0.630797773654917,4.32586043574361,10.4831070413641,2.36817177139249,3.59962109251658,0.715746421267894,3.07985394507065,5.10855683269476,0.606641123882503,1.72413793103448,0.147239263803681,0.638888888888889,5.1273381294964,25.8428571428571,18.2061579651941,15.6091676718938,0.579824561403509,0.584192439862543,4.36412315930388,10.8701472556894,1.74029451137885,0.69611780455154,0.773684210526316,4.65768050180168,7.87653006918574,0.904736562001064,1.78286322511974,0.115789473684211,0.636363636363636,4.81860465116279,26.0192743764172,12.6088602801969,10.8629441624365,0.618811881188119,0.635496183206107,5.07383566830746,12.0030291556229,2.23400227186672,4.8466489965922,0.0198019801980198,8.65842055185538,12.9686304514155,1.79801071155318,1.26243305279265,0.698019801980198,0.765957446808511,3.23282828282828,35.625,-3.809836065573776,60
32.1934945788157,27.0101195952162,0.562180579216354,0.599063962558502,10.5504587155963,24.9791492910759,3.9407839866555503,5.31693077564637,0.450596252129472,2.23685585868088,3.50031439949696,0.23055963110459,1.90735694822888,0.178875638841567,0.614285714285714,8.11720930232558,26.25,17.6002766251729,14.4034177601465,0.567216981132076,0.581050228310502,3.7344398340249,9.16320885200553,1.21023513139696,1.00276625172891,0.867924528301887,2.72049904695893,4.13337964571032,0.486279958318861,1.84091698506426,0.0896226415094339,0.710526315789474,4.88214285714286,25.4375,22.9111307942132,19.5044807590933,0.555926544240401,0.583458646616541,6.34780041334514,15.5890168290523,2.21434898139947,4.57632122822557,0.474123539232053,3.00963676797628,4.82430017867779,0.982727814175104,1.697438951757,0.323873121869783,0.644329896907217,4.66095238095238,24.9195035460993,22.0907297830375,18.2296890672016,0.595161290322581,0.607751937984496,3.12764158918005,7.60777683854607,2.3105100028177,1.63426317272471,0.659677419354839,3.8472418670438495,6.39023004828174,0.397614314115308,0.795228628230616,0.164516129032258,0.666666666666667,5.13364928909953,24.7524509803922,23.1868824889636,15.9179145867998,0.70625,0.720915032679739,3.32142106369561,8.03027117931469,2.03910027328148,5.82299768761825,0.0078125,8.37443593241683,12.1961441743504,1.52975691533948,1.61357921207041,0.6625,0.778301886792453,3.39653543307087,25.42,5.769230769230774,60
38.021836865767504,34.9364289662797,0.494017946161515,0.533605812897366,11.1111111111111,26.8143866409762,5.36287732819525,7.3538856775851,0.52642073778664,3.73651151554196,5.97738287560582,0.420032310177706,1.74474959612278,0.176470588235294,0.542372881355932,6.80715789473684,27.6292220113852,13.1496881496882,11.8126272912424,0.542755344418052,0.559734513274336,2.80665280665281,6.808731808731809,1.81912681912682,1.87110187110187,0.589073634204276,2.23492723492724,3.01455301455301,0.38981288981289,1.92307692307692,0.209026128266033,0.602272727272727,6.0242774566474,24.354693877551,30.3743315508021,27.5862068965517,0.509164969450102,0.538095238095238,5.24064171122995,12.6737967914439,4.06417112299465,4.22459893048128,0.596741344195519,3.49799732977303,5.65333333333333,1.06666666666667,1.54666666666667,0.132382892057026,0.676923076923077,7.54141414141414,26.7433447098976,31.1526479750779,27.8197064989518,0.495408631772268,0.542785234899329,5.94296669063024,14.1385094656123,3.25904624970046,6.08674814282291,0.413223140495868,5.7673860911271,9.81521478281738,1.07991360691145,1.05591552675786,0.297520661157025,0.657407407407407,5.20453834115806,26.0566964285714,27.8307756117793,21.3946695874407,0.605381165919283,0.651456310679612,4.52094566569888,11.4475321443385,2.94483616756533,6.76068021567814,0.0089686098654708,9.28541753219776,13.1086142322097,2.24719101123596,1.33166874739908,0.665919282511211,0.717171717171717,3.58099547511312,25.975,-4.098360655737707,60
23.045154185022,22.4700633951632,0.495620437956204,0.535851472471191,9.22356828193832,22.1640969162996,4.873348017621151,5.67180616740088,0.433576642335766,2.72952853598015,4.03092214246273,0.358917725013805,1.8774157923799,0.297810218978102,0.553921568627451,6.30386597938144,26.1531986531987,28.9713541666667,25.5415332454323,0.51856884057971,0.552609776304888,4.296875,10.7421875,3.25520833333333,5.25173611111111,0.427536231884058,3.51944384097328,5.56763810352327,0.347977381470204,1.34841235319704,0.266304347826087,0.710884353741497,7.78655063291139,26.3065677966102,21.6501439078989,19.5478356768679,0.466898954703833,0.524844720496895,3.22993284298049,7.83498560921011,2.07866965142309,5.30860249440358,0.515679442508711,2.60674876059491,4.38259756877799,1.47152911068458,1.31158029430582,0.25609756097561,0.462585034013605,6.43848920863309,24.9719594594595,16.9876733436055,14.5809224665234,0.552374301675978,0.570504527813713,3.37057010785824,8.43605546995378,2.09938366718028,2.42681047765794,0.502793296089386,4.33233850004814,5.3320500481232,0.962463907603465,2.23291626564004,0.35195530726257,0.623015873015873,2.98314606741573,24.8359331476323,15.8068057080132,13.7496155029222,0.557228915662651,0.576,2.81741675814124,7.061836809367,2.6344676180022,3.80534211489206,0.147590361445783,9.63436928702011,11.3262696382901,4.01899890390939,1.24223602484472,0.707831325301205,0.634042553191489,2.42650176678445,25.6591836734694,-13.00813008130082,60
25.57856272838,24.531636620714,0.494475138121547,0.53125,7.75477060495331,18.5546082013804,4.18189200162404,4.58790093382054,0.401473296500921,4.15647921760391,6.46216768916155,1.30879345603272,1.84049079754601,0.178637200736648,0.628865979381443,8.17846153846154,26.6720183486239,14.9323274905702,12.3536299765808,0.543198529411765,0.567307692307692,3.01752828932771,7.36631905924118,1.37563789660528,2.10783226092745,0.606617647058824,1.87319884726225,3.01218161683278,0.753045404208195,2.19269102990033,0.137867647058824,0.746666666666667,10.4967289719626,25.0632218844985,35.8929898439435,31.3426329555362,0.507321274763135,0.554957724827056,7.0349269259351,16.8689621005697,3.41837998513748,7.70374040128809,0.303186907838071,4.24159742031502,7.10382513661202,0.521609538002981,1.8628912071535,0.281653746770026,0.669724770642202,6.34907292954265,26.6538461538462,37.8095238095238,33.8169642857143,0.5,0.551579925650558,6.952380952380951,16.952380952381,4.31746031746032,12.2222222222222,0.298572996706915,5.47619047619048,9.33333333333333,0.888888888888889,1.14285714285714,0.261251372118551,0.668067226890756,8.33849765258216,26.5709558823529,17.967072297781,14.5736434108527,0.615044247787611,0.630653266331658,4.9033643521832495,11.7036506800286,2.57695060844667,4.76020042949177,0.0825958702064896,8.29451809387316,10.6169296987088,3.51506456241033,1.75753228120517,0.710914454277286,0.726141078838174,2.98102893890675,26.5214285714286,9.890479070079962,59
25.547119249665,19.0098626958035,0.619515011547344,0.632630410654828,6.23046002679768,15.4086645824029,1.85350602947744,1.87583742742296,0.722863741339492,3.43669539908206,4.60157126823794,0.314253647586981,1.5712682379349,0.146651270207852,0.755905511811024,6.77958333333333,26.9126198083067,24.162633107454,19.9210029194573,0.58029197080292,0.605442176870748,6.98935140367861,17.0377541142304,2.53630203291384,3.11713455953533,0.720542231491137,3.3074684772066,5.32555879494655,1.55490767735666,1.39941690962099,0.10740354535975,0.718446601941748,7.06455223880597,26.0400868306802,19.9867855963,14.3635321100917,0.626582278481013,0.631799163179916,2.11430459200529,5.41790551701355,0.7598282127519,0.363396101750909,0.841772151898734,3.71291231559755,5.988023952095809,0.432468396540253,1.36393878908849,0.0675105485232067,0.71875,8.86133333333333,25.5932330827068,36.4528301886792,30.6823841939233,0.537201365187713,0.582471089470481,8.13207547169811,21.0943396226415,3.94339622641509,8.30188679245283,0.496928327645051,5.89515518546556,10.9149582384207,0.721336370539104,1.44267274107821,0.227986348122867,0.724550898203593,7.54436906377205,26.6873626373626,16.6666666666667,11.4331723027375,0.667857142857143,0.680555555555556,4.42176870748299,11.6780045351474,1.17157974300831,3.66591080876795,0.0107142857142857,7.33598033654755,7.49148694665153,2.68634127884979,1.36208853575482,0.8,0.732142857142857,2.56714801444043,27.2666666666667,23.60377882745206,59
31.2139708375721,29.2204899777283,0.490552325581395,0.56141975308642,14.9203119701594,34.4354018311292,6.01898948796202,9.51169888097661,0.46656976744186,2.00305550840265,3.39904826648538,0.203942895989123,1.54656696125085,0.157703488372093,0.525345622119816,8.15476839237057,27.6771028037383,22.9111307942132,19.5044807590933,0.555926544240401,0.583458646616541,6.34780041334514,15.5890168290523,2.21434898139947,4.57632122822557,0.474123539232053,3.00963676797628,4.82430017867779,0.982727814175104,1.697438951757,0.323873121869783,0.644329896907217,4.66095238095238,24.9195035460993,17.9442508710801,14.9026763990268,0.567961165048544,0.582579185520362,4.21602787456446,10.0696864111498,1.67247386759582,2.36933797909408,0.395631067961165,3.44409830391139,4.50481430536451,0.515818431911967,1.6162310866575,0.300970873786408,0.717741935483871,6.27791164658635,24.6136645962733,22.0907297830375,18.2296890672016,0.595161290322581,0.607751937984496,3.12764158918005,7.60777683854607,2.3105100028177,1.63426317272471,0.659677419354839,3.8472418670438495,6.39023004828174,0.397614314115308,0.795228628230616,0.164516129032258,0.666666666666667,5.13364928909953,24.7524509803922,19.4422310756972,16.5232358003442,0.558974358974359,0.5635103926097,2.50996015936255,5.89641434262948,1.87250996015936,3.86454183266932,0.0025641025641025,9.33333333333333,11.7296222664016,2.0675944333996,1.35188866799205,0.707692307692308,0.626811594202899,2.97249357326478,26.3,-13.682277318640956,59
26.2206572769953,24.1742361684558,0.512779552715655,0.547783251231527,8.49765258215962,19.7652582159624,3.73239436619718,4.17840375586855,0.45580404685836,2.87998119195956,5.06239698610784,0.894749234753944,1.43630798210502,0.193823216187433,0.615384615384615,7.35714285714286,26.3570093457944,31.9318392294869,25.6886823763691,0.60874897792314,0.637956748695004,5.74180403778478,13.7062418966475,3.8525652898684895,5.2787553250602,0.438266557645135,2.91747707696582,5.42793627269359,0.222304557243424,1.07447202667655,0.278822567457073,0.686217008797654,7.71703056768559,26.2165413533835,30.2815654329733,24.9490036089754,0.509174311926605,0.567631224764468,6.05631308659465,15.2824508588631,1.85939436869134,7.80945634850363,0.195718654434251,2.64818270683373,4.42383160899037,0.570816981805209,1.10595790224759,0.091743119266055,0.716666666666667,12.6577946768061,26.3854901960784,17.6934635612322,15.1333333333333,0.537804878048781,0.555424528301887,2.0473328324568,4.95867768595041,1.12697220135237,1.35236664162284,0.547560975609756,4.75654376583169,6.76663542642924,1.2933458294283,1.14339268978444,0.189024390243902,0.774193548387097,6.69164420485175,25.9233707865169,26.8899521531101,22.9137594194809,0.556618819776715,0.60042735042735,5.23125996810207,12.3763955342903,3.82775119617225,5.26315789473684,0.0590111642743221,10.0191754554171,13.9929554915146,1.47294268331732,1.18475824527698,0.413078149920255,0.67953667953668,6.34,25.8405405405405,0.1330532212885202,58
45.6533725418122,34.3567251461988,0.568538647342995,0.631701030927835,8.91380260981437,22.6061385774674,3.36335232494027,12.2955339092079,0.26268115942029,3.49534261735682,5.77563865235098,1.42539800074047,2.42502776749352,0.253019323671498,0.701670644391408,8.25954135954136,26.0310344827586,14.5865434001027,12.7289170246439,0.550102249488753,0.563492063492064,4.4427324088341,10.9912686183873,1.51515151515152,0.950179763739086,0.425357873210634,2.93552108704012,4.04402354747888,0.895828001023803,3.07141028922447,0.323108384458078,0.664556962025316,4.77615658362989,24.6129807692308,22.5873916940544,17.1345338983051,0.603741496598639,0.618032786885246,3.55542276665671,8.9632506722438,1.13534508515088,1.67314012548551,0.792517006802721,2.94736842105263,4.69270360278535,0.272479564032698,1.45322434150772,0.0833333333333333,0.775510204081633,8.35655737704918,25.8965665236052,31.7832764505119,27.5095057034221,0.536815068493151,0.572419106317411,7.5938566552901,18.6433447098976,3.19965870307167,6.37798634812287,0.291095890410959,3.94230769230769,6.63527397260274,0.98458904109589,2.37585616438356,0.248287671232877,0.668965517241379,8.07125603864734,26.0382352941176,16.6358167515039,13.5804997951659,0.578414839797639,0.587418300653595,2.66080518278575,6.31652012956964,1.18000925497455,1.0643220731143,0.6964586846543,3.3868916888221,4.71240471240471,0.900900900900901,1.82490182490183,0.158516020236088,0.574468085106383,6.32333333333333,25.2265206812652,33.3984251968504,58
20.2263926124516,20.0742508618404,0.462204724409449,0.495594713656388,4.97467977360739,12.2132856717307,2.32350312779267,3.2171581769437,0.48503937007874,3.5490605427975,5.79277396237683,0.418035234398328,1.10480740519558,0.223622047244094,0.577464788732394,6.82324159021407,25.0272727272727,33.5950337776155,27.6682418119602,0.563907044299201,0.605596269153897,7.74146430527661,19.0980463757532,3.61511776519993,5.97042176373927,0.486564996368918,3.65150544522742,6.67889908256881,0.311926605504587,1.26605504587156,0.163398692810458,0.657777777777778,7.47708628005658,26.4925261584454,13.2593619972261,11.4067504311407,0.571611253196931,0.584352078239609,3.10679611650485,7.57281553398058,1.49791955617198,1.19278779472954,0.595907928388747,3.48595933047448,4.96688741721854,1.02097130242826,1.87637969094923,0.237851662404092,0.666666666666667,4.23860759493671,24.6944206008584,23.2824427480916,23.6886632825719,0.460869565217391,0.484126984126984,4.19847328244275,9.35114503816794,2.67175572519084,4.38931297709924,0.582608695652174,8.91840607210626,13.5849056603774,0.754716981132076,2.83018867924528,0.234782608695652,0.407407407407407,5.15208333333333,25.989552238806,26.5798905866818,23.8896366083446,0.520664869721474,0.557494052339413,6.35729107715525,15.8837955102811,3.0371627994718,6.16864742501415,0.198562443845463,7.06603773584906,10.6435176448387,1.00018871485186,1.84940554821664,0.238993710691824,0.699248120300752,7.87656950672646,25.3677272727273,-4.2735042735042725,58
36.5405405405405,29.5610687022901,0.550833333333333,0.60310021629416,10.2702702702703,23.7189189189189,3.54594594594595,9.68648648648649,0.330833333333333,2.02688055495339,3.47750489024125,0.173875244512063,1.30406433384047,0.188333333333333,0.641592920353982,8.58742216687422,25.6345088161209,19.1056910569106,16.7666303162486,0.510968921389397,0.531304347826087,5.84740462789243,14.5716072545341,1.28205128205128,2.00125078173859,0.570383912248629,2.50388802488336,3.52722772277228,0.525990099009901,2.0730198019802,0.16636197440585,0.505494505494506,8.92340425531915,25.4275641025641,23.7110016420361,19.7140381282496,0.569737954353339,0.585158150851582,5.02463054187192,12.2331691297209,2.16748768472906,1.9376026272578,0.391377852916314,2.12155963302752,3.07289964040536,0.70284406668846,1.2258908139915,0.202874049027895,0.758333333333333,7.91680555555556,25.2822510822511,16.079762409843,14.8189209164819,0.516819571865444,0.532303370786517,2.33347475604582,5.47305897327111,1.90920661858294,2.92745014849385,0.110091743119266,6.67649536647009,9.03387703889586,1.75658720200753,1.96570472605604,0.581039755351682,0.621052631578947,3.97079037800687,23.8194444444444,34.4429214803211,27.2160664819945,0.584362139917696,0.633598841419261,4.30781280595261,9.57509300959467,3.75954572155865,8.00861562561191,0.278189300411523,9.04176904176904,13.9700078926598,0.986582478295186,1.40094711917916,0.420576131687243,0.669275929549902,4.73192702394527,26.4547337278107,-11.1190137505927,58
22.7111111111111,21.8799682034976,0.530701754385965,0.567777777777778,11.1777777777778,27.1777777777778,4.48888888888889,4.97777777777778,0.348370927318296,6.2770322723744,9.71883993801196,0.996236440115121,1.85964135488156,0.319548872180451,0.576470588235294,5.34326923076923,25.3395683453237,28.7812321190158,24.3238616912016,0.549509366636931,0.599839615076183,6.29410642761778,15.7734121686058,3.37592981117681,5.8554262826626,0.520963425512935,2.60371959942775,4.73101869515452,0.305227012590614,1.31629149179702,0.256913470115968,0.638888888888889,5.84134078212291,26.5751712328767,19.1216216216216,16.7071688942892,0.561247216035635,0.5850622406639,7.02702702702703,17.1959459459459,2.33108108108108,2.66891891891892,0.420935412026726,2.71180731008927,4.53476654350017,0.604635539133356,1.44440712126302,0.420935412026726,0.666666666666667,3.42,24.8497354497355,16.7060212514758,16.9406150583245,0.49031007751938,0.511754068716094,3.6599763872491113,9.14994096812279,2.5383707201889,2.44982290436836,0.527131782945737,3.48529411764706,5.68581477139508,0.937866354044549,1.40679953106682,0.236434108527132,0.5,6.02991803278689,26.0077205882353,27.700205338809,22.5341706686369,0.592003853564547,0.612624886466848,5.25667351129363,13.305954825462,2.4435318275154,3.05954825462012,0.309248554913295,7.56328462646635,11.4892739273927,1.07260726072607,1.25825082508251,0.261078998073218,0.660516605166052,6.45620641562064,25.9619937694704,-23.64747551913328,58
21.2371134020619,17.2891707775429,0.567732115677321,0.592219020172911,2.24226804123711,5.38659793814433,1.08247422680412,2.37113402061856,0.659056316590563,2.16634429400387,3.81935483870968,0.129032258064516,1.85806451612903,0.0882800608828006,0.53448275862069,10.4147321428571,25.6237875288684,15.8094681472823,12.6636387924125,0.612028301886793,0.623271889400922,3.15604909409702,8.32846288720047,1.16890707188779,0.789012273524255,0.856132075471698,2.54945054945055,4.58419042021746,0.205700852189245,1.08727593300029,0.0306603773584905,0.615384615384615,12.7360655737705,25.8911845730028,24.4852531997774,21.4751630707476,0.545994065281899,0.591397849462366,8.34724540901503,19.9777406789093,3.11630495269894,4.67445742904841,0.394658753709199,3.82254464285714,6.93900391717963,0.447677672076105,1.95858981533296,0.0949554896142433,0.625,11.1700980392157,26.2406015037594,26.4797507788162,24.0675580577058,0.520168067226891,0.542264752791069,4.04984423676013,10.2803738317757,2.2196261682243,2.84267912772586,0.299159663865546,8.02734375,12.5783699059561,1.01880877742947,1.37147335423198,0.213445378151261,0.653543307086614,9.12805755395683,25.5926966292135,43.2731137088204,35.2770805174744,0.606520090978014,0.628007402837755,9.20297555791711,23.8894792773645,4.37832093517535,15.0265674814028,0.0477634571645185,8.50021303792075,13.9013452914798,1.66559897501602,1.2385223147555,0.565579984836998,0.749329758713137,6.05461783439491,26.7492063492064,24.71014492753622,57
28.8701246481705,24.0652135388978,0.543264942016057,0.579656862745098,8.10213108162445,19.2601527945316,2.77442702050663,4.94571773220748,0.354148082069581,2.63608008854009,4.3705941591138,0.664652567975831,1.83282980866062,0.189116859946476,0.641509433962264,9.79406077348066,26.0682619647355,20.3460207612457,17.8363469200123,0.52880658436214,0.55893536121673,2.8719723183391,7.05882352941176,1.97231833910035,3.11418685121107,0.553497942386831,2.45419979260283,4.31629834254144,0.552486187845304,1.34668508287293,0.181069958847737,0.659090909090909,6.55760368663595,25.7475836431227,22.0852221214869,15.9327461969576,0.633982947624848,0.666301969365427,3.71713508612874,8.73980054397099,1.4687216681777,3.88032638259293,0.272838002436054,3.71074305367002,5.63787495482472,0.668594145283701,1.53595952294904,0.517661388550548,0.717647058823529,4.05276381909548,25.325,24.8504983388704,19.078368065747,0.606639839034205,0.648180242634315,5.4485049833887,12.6910299003322,2.42524916943522,5.9468438538206,0.346076458752515,4.11186948560013,5.57223890557224,0.467133800467134,0.767434100767434,0.426559356136821,0.64622641509434,4.74215384615385,25.121511627907,38.4230055658627,29.1612057667104,0.627292736610418,0.664198325820992,13.2838589981447,30.9461966604824,4.26716141001855,8.36734693877551,0.242112986060161,8.28072781284813,12.8576737272389,0.836120401337793,2.35971757710888,0.312545854732208,0.71830985915493,5.94472410454985,28.7139393939394,20.22988505747128,57
15.6942823803967,15.9212571231221,0.49331550802139,0.513427109974425,7.07895760404512,17.1917541812524,2.74212368728121,1.65305328665889,0.544117647058824,3.31454121306376,5.98523124757093,0.408083948698018,1.04935872522347,0.121657754010695,0.538461538461538,10.4856304985337,26.2796068796069,15.6914893617021,16.1092793217146,0.476190476190476,0.500850340136055,4.49468085106383,11.0372340425532,2.57978723404255,2.47340425531915,0.648351648351648,3.7903976592632,6.27826549614259,1.33014099494546,1.80899175312583,0.201465201465201,0.572727272727273,5.23489583333333,26.5635593220339,20.9946396664681,17.4553101997897,0.557522123893805,0.581395348837209,3.06730196545563,7.50446694460989,1.90589636688505,2.62060750446695,0.584070796460177,2.70714926712534,4.35697115384615,0.420673076923077,0.78125,0.233628318584071,0.689393939393939,4.64851063829787,26.5830303030303,17.7014852690528,17.9027027027027,0.471955128205128,0.516358463726885,4.86973459946433,12.3934745556367,3.04358412466521,4.50450450450451,0.358974358974359,3.57099477711648,4.92001938923897,0.99369849733398,1.89045079980611,0.317307692307692,0.702020202020202,6.27425,25.8410714285714,22.5772928033255,23.5484617164007,0.457125603864734,0.480641592920354,4.18290465055859,10.0025980774227,2.9618082618862,4.28682774746688,0.411835748792271,5.63836681788723,8.04449042938438,2.61251939989653,1.13812726332126,0.230676328502415,0.638743455497382,6.35605749486653,25.9266862170088,-18.801229508196727,57
17.2879177377892,20.3775680177679,0.43040293040293,0.462068965517241,8.22622107969152,18.9588688946015,4.94858611825193,2.63496143958869,0.457875457875458,2.86819207218821,4.46024563671623,0.0,0.96961861667744,0.19047619047619,0.5,9.12972972972973,26.2592,13.1496881496882,11.8126272912424,0.542755344418052,0.559734513274336,2.80665280665281,6.808731808731809,1.81912681912682,1.87110187110187,0.589073634204276,2.23492723492724,3.01455301455301,0.38981288981289,1.92307692307692,0.209026128266033,0.602272727272727,6.0242774566474,24.354693877551,20.7573632538569,15.6074014481094,0.599125364431487,0.619047619047619,2.80504908835905,6.9658719027583,1.49602618045816,1.82328190743338,0.530612244897959,2.6488513830286,4.18429713211095,0.329102021626704,1.26939351198872,0.0903790087463556,0.774193548387097,11.4919254658385,25.2624309392265,31.1526479750779,27.8197064989518,0.495408631772268,0.542785234899329,5.94296669063024,14.1385094656123,3.25904624970046,6.08674814282291,0.413223140495868,5.7673860911271,9.81521478281738,1.07991360691145,1.05591552675786,0.297520661157025,0.657407407407407,5.20453834115806,26.0566964285714,27.8307756117793,21.3946695874407,0.605381165919283,0.651456310679612,4.52094566569888,11.4475321443385,2.94483616756533,6.76068021567814,0.0089686098654708,9.28541753219776,13.1086142322097,2.24719101123596,1.33166874739908,0.665919282511211,0.717171717171717,3.58099547511312,25.975,-2.930215564486673,57
18.7811508835523,16.3565732978941,0.569546120058565,0.584626234132581,9.71907566832805,24.2863615768011,2.06162211146353,1.29134571816946,0.587115666178624,2.22803228373309,3.55920602327173,0.182523385808807,1.57426420260096,0.0834553440702781,0.754385964912281,8.57517730496454,25.1605985037406,26.0242354298904,22.5619399051133,0.570605187319885,0.594986807387863,5.62608193883439,13.6757068667051,2.85631852279285,3.95268320830929,0.380403458213257,2.55116748342462,4.11866359447005,0.806451612903226,1.6705069124424,0.19164265129683,0.736842105263158,8.9793023255814,25.2068181818182,33.9692633810281,29.0546949098957,0.525,0.586983343615052,9.34463875640346,23.8827062356474,3.88623918035683,8.53206147323794,0.388028169014085,2.69983181375587,4.06316536550745,0.28388928317956,1.18878637331441,0.141549295774648,0.691542288557214,10.1010356731876,25.9308529945554,18.2061579651941,15.6091676718938,0.579824561403509,0.584192439862543,4.36412315930388,10.8701472556894,1.74029451137885,0.69611780455154,0.773684210526316,4.65768050180168,7.87653006918574,0.904736562001064,1.78286322511974,0.115789473684211,0.636363636363636,4.81860465116279,26.0192743764172,12.6088602801969,10.8629441624365,0.618811881188119,0.635496183206107,5.07383566830746,12.0030291556229,2.23400227186672,4.8466489965922,0.0198019801980198,8.65842055185538,12.9686304514155,1.79801071155318,1.26243305279265,0.698019801980198,0.765957446808511,3.23282828282828,35.625,-27.433628318584056,56
17.7950713359274,15.866388308977,0.537521815008726,0.564144736842105,6.19974059662776,15.4604409857328,1.99740596627756,1.99740596627756,0.534031413612566,3.44872293530403,4.92483151892172,0.699844479004666,1.71073094867807,0.228621291448517,0.702290076335878,5.78352059925094,25.1954248366013,24.162633107454,19.9210029194573,0.58029197080292,0.605442176870748,6.98935140367861,17.0377541142304,2.53630203291384,3.11713455953533,0.720542231491137,3.3074684772066,5.32555879494655,1.55490767735666,1.39941690962099,0.10740354535975,0.718446601941748,7.06455223880597,26.0400868306802,36.4528301886792,30.6823841939233,0.537201365187713,0.582471089470481,8.13207547169811,21.0943396226415,3.94339622641509,8.30188679245283,0.496928327645051,5.89515518546556,10.9149582384207,0.721336370539104,1.44267274107821,0.227986348122867,0.724550898203593,7.54436906377205,26.6873626373626,16.2832929782082,13.9850825785828,0.546637744034707,0.561586638830898,3.87409200968523,10.3208232445521,1.39225181598063,1.1501210653753,0.681127982646421,5.58921538927598,8.79320800485143,1.54639175257732,1.09157064887811,0.164859002169197,0.697368421052632,5.37959183673469,25.321974522293,33.0638641875505,25.9031791907514,0.572299651567944,0.611526946107785,3.51657235246564,9.29668552950687,2.14227970897332,8.04365400161682,0.435540069686411,5.7606490872211,8.79478827361564,2.56514657980456,1.26221498371336,0.214285714285714,0.682926829268293,7.01327160493827,27.6128,7.478330981656924,56
24.3819844226211,23.5889570552147,0.53125,0.545454545454545,11.8862174060278,28.9536065018625,3.6911615306468,2.60751777853031,0.078525641025641,3.25518637206949,5.00672043010753,0.705645161290323,2.78897849462366,0.309294871794872,0.642487046632124,7.66765217391304,26.1061224489796,13.0451866404715,11.2399016508606,0.536585365853659,0.555369127516779,3.33988212180747,7.66208251473477,0.864440078585462,1.06090373280943,0.693379790940767,3.45635618043351,5.16304347826087,0.543478260869565,1.47515527950311,0.209059233449477,0.683333333333333,4.31704545454545,24.4050251256281,18.6112232539362,16.9941775836972,0.576388888888889,0.59254498714653,4.44085587404118,10.6176826806621,3.14897052886556,2.78562777553492,0.513888888888889,4.60394049055086,8.16980376451742,1.00120144173008,2.16259511413696,0.225,0.567901234567901,6.53028571428571,25.7794594594595,30.0800609988563,24.5305770887166,0.571912013536379,0.599544072948328,5.01334349980938,12.1044605413649,2.07777354174609,5.87113991612657,0.274111675126904,5.13894175866007,7.73470163435956,0.798175598631699,1.33029266438617,0.285109983079526,0.732937685459941,7.48135198135198,25.4586419753086,21.5577889447236,16.8988764044944,0.582554517133956,0.618155619596542,2.66331658291457,5.92964824120603,1.50753768844221,3.21608040201005,0.461059190031153,6.31128991702288,8.45495722194263,2.06341217916457,1.40915953699044,0.389408099688474,0.672,3.7196531791907503,25.0493243243243,2.141036533559898,56
31.2139708375721,29.2204899777283,0.490552325581395,0.56141975308642,14.9203119701594,34.4354018311292,6.01898948796202,9.51169888097661,0.46656976744186,2.00305550840265,3.39904826648538,0.203942895989123,1.54656696125085,0.157703488372093,0.525345622119816,8.15476839237057,27.6771028037383,19.6196745291644,18.1658692185008,0.536876355748373,0.545223577235772,6.07057963064546,14.499908575608,2.83415615286158,2.5598829767782,0.254880694143167,4.09671532846715,5.91877617920233,1.00163904571116,4.17046075396103,0.341648590021692,0.653968253968254,5.04890829694323,26.1314893617021,23.9003305364861,20.7896497880883,0.535301668806162,0.558333333333333,2.33918128654971,5.92423086702263,2.33918128654971,3.78845664886855,0.441591784338896,3.42021614748888,4.62868769074262,0.940996948118006,1.32248219735504,0.333761232349166,0.611538461538462,4.58850574712644,24.7440233236152,22.0907297830375,18.2296890672016,0.595161290322581,0.607751937984496,3.12764158918005,7.60777683854607,2.3105100028177,1.63426317272471,0.659677419354839,3.8472418670438495,6.39023004828174,0.397614314115308,0.795228628230616,0.164516129032258,0.666666666666667,5.13364928909953,24.7524509803922,22.4188790560472,17.3280159521436,0.603221083455344,0.634146341463415,3.8121170864533696,9.1218515997277,2.04220558202859,4.90129339686862,0.216691068814056,7.47674154753801,9.96142500567279,1.52030859995462,1.56569094622192,0.546120058565154,0.702412868632708,3.23102803738318,24.6210884353742,7.950819672131146,56
16.8082368082368,16.6939826738469,0.50556586270872,0.54242928452579,8.39124839124839,19.97425997426,2.88288288288288,3.5006435006435,0.324675324675325,2.77706351247107,4.67505779604418,0.282558438222451,2.02928332905215,0.215213358070501,0.698275862068966,9.35302197802198,26.5182857142857,23.3895373973195,17.5893207695328,0.617414248021108,0.656934306569343,2.33463035019455,5.44747081712062,1.59965412883701,3.45871162991786,0.514511873350924,3.83125269048644,6.0437205315045,0.728675525075011,1.5002143163309,0.263852242744063,0.68,5.74076086956522,25.0558974358974,26.0419013291282,22.9647630619684,0.515826494724502,0.574425574425574,3.06375309754449,7.36652399189007,3.04122550123902,7.47916197341744,0.337631887456038,4.30433805349517,6.63825969948419,0.538237272931151,1.0540479928235,0.343493552168816,0.614334470989761,6.48371681415929,26.24375,30.0800609988563,24.5305770887166,0.571912013536379,0.599544072948328,5.01334349980938,12.1044605413649,2.07777354174609,5.87113991612657,0.274111675126904,5.13894175866007,7.73470163435956,0.798175598631699,1.33029266438617,0.285109983079526,0.732937685459941,7.48135198135198,25.4586419753086,25.1798561151079,21.2517897320515,0.577065351418002,0.610021786492375,2.4955035971223,5.64298561151079,2.76528776978417,5.35071942446043,0.485819975339088,5.29213483146067,8.55795148247979,3.2345013477089,1.21293800539084,0.228113440197287,0.691891891891892,6.76882494004796,26.2195431472081,11.153846153846146,56
35.8542319749216,33.0060292850991,0.520590253946465,0.562732919254658,12.5,29.6042319749216,6.05407523510972,7.24921630094044,0.286890871654084,4.17485265225933,7.26950354609929,1.0441292356186,1.39873916469661,0.247083047357584,0.572222222222222,7.05553416746872,26.4557416267943,27.9497907949791,22.1976401179941,0.579365079365079,0.588888888888889,2.90794979079498,6.94560669456067,1.73640167364017,2.92887029288703,0.715219421101774,2.2448337354453,3.51357037660425,0.105196717862403,1.53587208079108,0.0821661998132586,0.625,8.36196721311475,25.7457516339869,21.5272727272727,19.046114971573,0.545751633986928,0.562977099236641,4.87272727272727,12.0,2.90909090909091,5.16363636363636,0.106753812636166,5.47524394651247,6.89655172413793,1.4367816091954,3.52011494252874,0.610021786492375,0.671428571428571,3.34121951219512,28.5479166666667,21.0283315844701,17.7110210099521,0.533540372670808,0.570205479452055,3.39979013641133,8.3105981112277,1.78384050367261,3.48373557187828,0.327950310559006,4.53638559277539,7.71332492643968,1.19798234552333,1.55527532576713,0.216149068322981,0.741379310344828,7.47042513863216,24.6606870229008,21.8779790276454,16.4235097957482,0.692307692307692,0.70398773006135,4.95710200190658,11.3918017159199,3.24118207816969,5.767397521449,0.0,9.60371295965726,12.5980508676016,2.11552174946518,1.28357499405752,0.785714285714286,0.734265734265734,2.51684981684982,0.0,-21.50934119960669,56
20.2263926124516,20.0742508618404,0.462204724409449,0.495594713656388,4.97467977360739,12.2132856717307,2.32350312779267,3.2171581769437,0.48503937007874,3.5490605427975,5.79277396237683,0.418035234398328,1.10480740519558,0.223622047244094,0.577464788732394,6.82324159021407,25.0272727272727,33.5950337776155,27.6682418119602,0.563907044299201,0.605596269153897,7.74146430527661,19.0980463757532,3.61511776519993,5.97042176373927,0.486564996368918,3.65150544522742,6.67889908256881,0.311926605504587,1.26605504587156,0.163398692810458,0.657777777777778,7.47708628005658,26.4925261584454,20.6671501087745,20.0709906421426,0.501082251082251,0.54293893129771,6.0188542422045,14.902102973169,3.55329949238579,5.14865844815083,0.257575757575758,5.26029385089788,7.47731397459165,0.508166969147005,2.21415607985481,0.413419913419913,0.612565445026178,4.50466472303207,25.3042016806723,21.2017167381974,18.3114880493446,0.558201058201058,0.592771084337349,5.62231759656652,13.5622317596567,2.57510729613734,3.73390557939914,0.555555555555556,3.88182014233341,6.67533593411357,0.563502384048548,1.64716081491114,0.235449735449735,0.685393258426966,4.85178571428572,25.0109523809524,20.935960591133,17.4091627172196,0.591594827586207,0.602226720647773,2.11118930330753,5.03166783954961,2.00562983814215,2.35749472202674,0.239224137931034,8.29097283085013,12.4694376528117,2.47991617184771,1.36220747467691,0.493534482758621,0.707423580786026,4.15212464589235,25.654954954955,-24.57079152731328,55
13.1447587354409,12.921626984127,0.525171624713959,0.530201342281879,5.82362728785358,14.2262895174709,2.05213533000555,0.610094287298946,0.512585812356979,3.47452934662237,5.4726368159204,0.746268656716418,3.53786622443339,0.196796338672769,0.686046511627907,5.94507042253521,25.025,31.7757009345794,29.1790461297889,0.500772200772201,0.583879423328965,12.1142655616293,27.6847116910598,6.01304884500088,10.1922059601481,0.515830115830116,4.02400282386163,7.08355414237767,0.971559795089207,2.08443737855503,0.155212355212355,0.587064676616915,7.37145135566188,26.599251497006,20.8960573476703,18.869123252859,0.533536585365854,0.557581573896353,5.23297491039427,12.5089605734767,2.65232974910394,2.36559139784946,0.58739837398374,2.86280158444364,4.88422575976845,0.397973950795948,1.48335745296671,0.136178861788618,0.537313432835821,8.63103448275862,25.7695501730104,33.8291542711432,28.5057471264368,0.560192616372392,0.589285714285714,4.92987675308117,11.8997025074373,3.05992350191245,5.14237144071398,0.304975922953451,4.64968152866242,7.80653372931693,0.72125583368689,2.50318201103097,0.184590690208668,0.721739130434783,9.40646651270208,25.8247368421053,25.2259036144578,19.5583068428978,0.628450106157113,0.64299424184261,4.02861445783133,9.61972891566265,2.39081325301205,4.44277108433735,0.0,9.518424276694,13.3987544819777,1.69843366672957,1.03793168522363,0.528662420382166,0.714859437751004,4.38885350318471,0.0,18.03032974783989,55
22.7111111111111,21.8799682034976,0.530701754385965,0.567777777777778,11.1777777777778,27.1777777777778,4.48888888888889,4.97777777777778,0.348370927318296,6.2770322723744,9.71883993801196,0.996236440115121,1.85964135488156,0.319548872180451,0.576470588235294,5.34326923076923,25.3395683453237,19.1216216216216,16.7071688942892,0.561247216035635,0.5850622406639,7.02702702702703,17.1959459459459,2.33108108108108,2.66891891891892,0.420935412026726,2.71180731008927,4.53476654350017,0.604635539133356,1.44440712126302,0.420935412026726,0.666666666666667,3.42,24.8497354497355,31.9318392294869,25.6886823763691,0.60874897792314,0.637956748695004,5.74180403778478,13.7062418966475,3.8525652898684895,5.2787553250602,0.438266557645135,2.91747707696582,5.42793627269359,0.222304557243424,1.07447202667655,0.278822567457073,0.686217008797654,7.71703056768559,26.2165413533835,15.5150487494701,12.9525942515864,0.533101045296167,0.571875,1.6532428995337,4.23908435777872,1.14455277660025,3.22170411191183,0.533101045296167,3.57142857142857,4.29835651074589,0.842815002107038,1.60134850400337,0.358885017421603,0.611650485436893,2.65597014925373,24.221568627451,27.700205338809,22.5341706686369,0.592003853564547,0.612624886466848,5.25667351129363,13.305954825462,2.4435318275154,3.05954825462012,0.309248554913295,7.56328462646635,11.4892739273927,1.07260726072607,1.25825082508251,0.261078998073218,0.660516605166052,6.45620641562064,25.9619937694704,7.608695652173907,55
14.4082332761578,13.8401559454191,0.55672268907563,0.574363992172211,8.89487870619946,21.3673119333497,3.13648615535408,2.05831903945112,0.44327731092437,2.04631785320426,3.23529411764706,0.392156862745098,1.76470588235294,0.329831932773109,0.592356687898089,4.98641509433962,25.8580952380952,18.4355997788834,14.8220380302292,0.592696629213483,0.601985559566787,2.70867882808181,6.6334991708126,1.49253731343284,1.32669983416252,0.473782771535581,3.34207982322884,4.99585978470881,0.828043058239029,1.60088324592879,0.411985018726592,0.659090909090909,3.15480427046263,24.4256916996047,31.2308478038815,28.7248322147651,0.522912423625255,0.546470062555853,8.01838610827375,18.8968335035751,4.21348314606742,7.9417773237998,0.311608961303462,4.67134652201659,7.78259760142894,0.433784128604236,1.17376881857617,0.410386965376782,0.607940446650124,4.28757396449704,25.5313725490196,28.2746160794941,27.1259842519685,0.481655691439323,0.520066889632107,8.53658536585366,19.8509485094851,4.17795844625113,6.82023486901536,0.26340545625588,5.66080288678394,8.85135135135135,1.41891891891892,2.09459459459459,0.26340545625588,0.646428571428572,7.76257982120051,26.245,23.6713588049411,18.8347564038172,0.627806563039724,0.64375,4.53892559609308,10.2269462798047,3.18873886814134,4.1367423154266,0.005181347150259,7.83443139501576,10.2256498143388,2.02799200228506,1.88517566409597,0.533678756476684,0.73462783171521,4.79027777777778,38.0,27.71607918879768,55
32.560861423221,28.6159600997506,0.544034090909091,0.587585034013605,7.06928838951311,16.6666666666667,4.77528089887641,6.41385767790262,0.589015151515152,2.38598965679361,4.0604343720491,0.637393767705383,2.03021718602455,0.207386363636364,0.680365296803653,6.15322580645161,27.616077170418,15.6914893617021,16.1092793217146,0.476190476190476,0.500850340136055,4.49468085106383,11.0372340425532,2.57978723404255,2.47340425531915,0.648351648351648,3.7903976592632,6.27826549614259,1.33014099494546,1.80899175312583,0.201465201465201,0.572727272727273,5.23489583333333,26.5635593220339,24.4852531997774,21.4751630707476,0.545994065281899,0.591397849462366,8.34724540901503,19.9777406789093,3.11630495269894,4.67445742904841,0.394658753709199,3.82254464285714,6.93900391717963,0.447677672076105,1.95858981533296,0.0949554896142433,0.625,11.1700980392157,26.2406015037594,19.4563662374821,15.495608531995,0.600973236009732,0.616780045351474,2.14592274678112,5.1859799713877,1.931330472103,2.61087267525036,0.469586374695864,6.25,8.47517730496454,1.38297872340426,2.30496453900709,0.369829683698297,0.730263157894737,3.24862385321101,26.0145077720207,22.5772928033255,23.5484617164007,0.457125603864734,0.480641592920354,4.18290465055859,10.0025980774227,2.9618082618862,4.28682774746688,0.411835748792271,5.63836681788723,8.04449042938438,2.61251939989653,1.13812726332126,0.230676328502415,0.638743455497382,6.35605749486653,25.9266862170088,-29.310344827586206,55
15.4009936124911,16.9182389937107,0.481182795698925,0.504651162790698,8.09084457061746,19.9432221433641,3.83250532292406,4.32931156848829,0.311827956989247,2.15623895369389,3.09859154929577,0.422535211267606,2.6056338028169,0.483870967741936,0.6,4.43828125,24.759649122807,26.6278809577087,25.9763313609467,0.476214574898785,0.521929824561404,7.42895502349519,18.2143656298948,3.96061758782726,7.69747147012755,0.337044534412955,3.31066770705607,4.62016881386051,0.488671701466015,1.64371390493114,0.367408906882591,0.628099173553719,5.60732824427481,26.4498498498498,20.2032721864155,16.9372531812198,0.548872180451128,0.581545064377682,2.75161130391671,6.3708477937531,1.83440753594447,2.33019335647001,0.721804511278195,3.94785847299814,6.24222830141756,0.870430241233524,1.51703556329271,0.189473684210526,0.634920634920635,4.00162162162162,25.1535416666667,25.6215650353311,21.3235294117647,0.538311688311688,0.575205640423032,3.27139492279508,8.13923056791416,2.01517927244177,5.07720492017796,0.355844155844156,4.86047425651775,6.79433368310598,0.577124868835257,1.28541448058762,0.411688311688312,0.67192429022082,3.71754032258065,25.0843065693431,27.1631205673759,20.6083178150217,0.607142857142857,0.625816993464052,3.40425531914894,8.43971631205674,1.84397163120567,4.11347517730497,0.575,6.62415869642225,8.84642604387827,1.20311394196745,1.55697098372258,0.296428571428571,0.759036144578313,3.4453781512605,25.6093167701863,-37.325633718314094,55
15.6942823803967,15.9212571231221,0.49331550802139,0.513427109974425,7.07895760404512,17.1917541812524,2.74212368728121,1.65305328665889,0.544117647058824,3.31454121306376,5.98523124757093,0.408083948698018,1.04935872522347,0.121657754010695,0.538461538461538,10.4856304985337,26.2796068796069,32.560861423221,28.6159600997506,0.544034090909091,0.587585034013605,7.06928838951311,16.6666666666667,4.77528089887641,6.41385767790262,0.589015151515152,2.38598965679361,4.0604343720491,0.637393767705383,2.03021718602455,0.207386363636364,0.680365296803653,6.15322580645161,27.616077170418,15.6914893617021,16.1092793217146,0.476190476190476,0.500850340136055,4.49468085106383,11.0372340425532,2.57978723404255,2.47340425531915,0.648351648351648,3.7903976592632,6.27826549614259,1.33014099494546,1.80899175312583,0.201465201465201,0.572727272727273,5.23489583333333,26.5635593220339,17.7014852690528,17.9027027027027,0.471955128205128,0.516358463726885,4.86973459946433,12.3934745556367,3.04358412466521,4.50450450450451,0.358974358974359,3.57099477711648,4.92001938923897,0.99369849733398,1.89045079980611,0.317307692307692,0.702020202020202,6.27425,25.8410714285714,20.985401459854,14.8207171314741,0.647482014388489,0.692771084337349,3.83211678832117,9.58029197080292,1.91605839416058,5.47445255474453,0.0215827338129496,8.10810810810811,10.5795768169273,2.11591536338546,0.827966881324747,0.705035971223022,0.744897959183674,3.14264705882353,24.3,-10.899292149292153,55
17.3867228661749,14.0260950605778,0.577731092436975,0.620300751879699,10.1159114857745,25.5532139093783,1.84404636459431,3.53003161222339,0.201680672268908,3.0566534914361,4.48075909330522,0.527148128624143,1.95044807590933,0.445378151260504,0.679245283018868,4.73473684210526,24.5916666666667,28.7812321190158,24.3238616912016,0.549509366636931,0.599839615076183,6.29410642761778,15.7734121686058,3.37592981117681,5.8554262826626,0.520963425512935,2.60371959942775,4.73101869515452,0.305227012590614,1.31629149179702,0.256913470115968,0.638888888888889,5.84134078212291,26.5751712328767,19.4017094017094,17.5132676269901,0.53476821192053,0.543130990415335,4.44444444444445,10.5982905982906,1.90883190883191,1.3960113960114,0.647350993377484,2.92397660818713,4.99857183661811,0.656955155669809,1.88517566409597,0.167218543046358,0.732673267326733,6.17089201877934,25.7028132992327,21.1627191633344,18.5784851811197,0.540540540540541,0.570480928689884,2.43002153183636,5.99815441402645,2.27622270070747,3.32205475238388,0.479279279279279,4.28417321621205,6.88696726374305,2.31624459542928,0.895614576899321,0.369369369369369,0.590243902439024,3.6636678200692,24.5860902255639,27.700205338809,22.5341706686369,0.592003853564547,0.612624886466848,5.25667351129363,13.305954825462,2.4435318275154,3.05954825462012,0.309248554913295,7.56328462646635,11.4892739273927,1.07260726072607,1.25825082508251,0.261078998073218,0.660516605166052,6.45620641562064,25.9619937694704,-13.211289092295956,54
21.7476270240089,19.5080370189966,0.552100840336135,0.582458770614693,9.68732551647125,23.5064209938582,3.85259631490787,4.77386934673367,0.369747899159664,3.59522487506941,5.35615681943678,0.82827167310878,2.84373274434014,0.32436974789916,0.621761658031088,4.99413333333333,25.3472727272727,18.8345950906171,15.8311868436695,0.526706231454006,0.560792349726776,3.07409956412021,7.29525120440468,1.58293186510668,3.0970406056435,0.580118694362018,3.07374698933364,4.15137614678899,0.18348623853211,1.00917431192661,0.166172106824926,0.696428571428571,7.32402826855124,24.7841025641026,28.0779826234372,23.1945467943994,0.56440511307768,0.596715328467153,7.81945327399873,19.0506463233736,3.58126721763085,4.1958041958042,0.411012782694199,4.44208289054198,7.58900021317416,0.596887657215945,1.70539330633127,0.248770894788594,0.675889328063241,7.0550918196995,25.7114832535885,34.7245762711864,28.3425414364641,0.547403132728772,0.590843547224225,3.13559322033898,8.00847457627119,3.24152542372881,8.43220338983051,0.320692497938994,4.42534224769182,6.93174569423772,2.38145864341909,1.95619817137997,0.159934047815334,0.639175257731959,7.05995145631068,25.9560411311054,20.4629319020463,16.0633484162896,0.603248259860789,0.634095634095634,2.18047635021805,5.53505535055351,2.9520295202952,4.26031533042603,0.120649651972158,9.15327978580991,10.550918196995,2.83806343906511,1.20200333889816,0.563805104408353,0.744855967078189,3.53087071240106,24.8365384615385,20.15473380540257,54
25.547119249665,19.0098626958035,0.619515011547344,0.632630410654828,6.23046002679768,15.4086645824029,1.85350602947744,1.87583742742296,0.722863741339492,3.43669539908206,4.60157126823794,0.314253647586981,1.5712682379349,0.146651270207852,0.755905511811024,6.77958333333333,26.9126198083067,24.162633107454,19.9210029194573,0.58029197080292,0.605442176870748,6.98935140367861,17.0377541142304,2.53630203291384,3.11713455953533,0.720542231491137,3.3074684772066,5.32555879494655,1.55490767735666,1.39941690962099,0.10740354535975,0.718446601941748,7.06455223880597,26.0400868306802,32.0421728168691,28.6813854567551,0.51520572450805,0.55622009569378,6.55512262204905,16.6628466651387,3.71304148521659,7.38024295209718,0.320214669051878,4.20919830255763,6.54269972451791,0.436179981634527,1.67584940312213,0.268336314847943,0.676666666666667,7.35631578947368,26.0650837988827,19.9867855963,14.3635321100917,0.626582278481013,0.631799163179916,2.11430459200529,5.41790551701355,0.7598282127519,0.363396101750909,0.841772151898734,3.71291231559755,5.988023952095809,0.432468396540253,1.36393878908849,0.0675105485232067,0.71875,8.86133333333333,25.5932330827068,18.573996405033,14.0560165975104,0.650246305418719,0.670995670995671,2.69622528460156,7.18993409227082,2.39664469742361,3.654883163571,0.0147783251231527,7.04898446833931,8.7552114353782,2.50148898153663,1.07206670637284,0.714285714285714,0.710344827586207,3.1375,36.2,2.040816326530603,54
14.8809523809524,13.5205747877204,0.538888888888889,0.546448087431694,7.96130952380952,18.75,1.78571428571429,0.595238095238095,0.561111111111111,2.63744427934621,4.15430267062315,0.370919881305638,1.40949554896142,0.111111111111111,0.7,10.3101265822785,25.4653465346535,22.0852221214869,15.9327461969576,0.633982947624848,0.666301969365427,3.71713508612874,8.73980054397099,1.4687216681777,3.88032638259293,0.272838002436054,3.71074305367002,5.63787495482472,0.668594145283701,1.53595952294904,0.517661388550548,0.717647058823529,4.05276381909548,25.325,26.0383684112498,20.2260072060269,0.595896946564886,0.61660777385159,3.07319798845223,7.15216986403427,1.93704600484262,3.6133358167256495,0.466603053435115,5.02793296089386,7.4846397318935,0.707503258238689,0.930925339787749,0.278625954198473,0.73972602739726,7.01520572450805,26.1333333333333,24.8504983388704,19.078368065747,0.606639839034205,0.648180242634315,5.4485049833887,12.6910299003322,2.42524916943522,5.9468438538206,0.346076458752515,4.11186948560013,5.57223890557224,0.467133800467134,0.767434100767434,0.426559356136821,0.64622641509434,4.74215384615385,25.121511627907,38.4230055658627,29.1612057667104,0.627292736610418,0.664198325820992,13.2838589981447,30.9461966604824,4.26716141001855,8.36734693877551,0.242112986060161,8.28072781284813,12.8576737272389,0.836120401337793,2.35971757710888,0.312545854732208,0.71830985915493,5.94472410454985,28.7139393939394,15.600999352271684,54
16.0658307210031,19.1308346746379,0.45945945945946,0.492788461538462,11.6509926854754,28.8401253918495,5.43364681295716,4.02298850574713,0.304504504504505,3.06748466257669,5.29611270545265,0.417427602400209,1.72188885990086,0.315315315315315,0.657142857142857,5.84170984455959,26.2207100591716,21.5960665658094,17.7926421404682,0.553684210526316,0.575604838709677,2.57186081694402,6.46747352496218,1.36157337367625,2.00453857791225,0.661052631578947,3.48550861905664,5.38899430740038,0.303605313092979,1.48007590132827,0.111578947368421,0.660377358490566,7.90931677018634,25.0663461538462,14.6759507230852,11.5475627070516,0.58955223880597,0.622727272727273,2.57096946973755,6.48098553829673,1.28548473486877,2.51740760578468,0.288557213930348,3.34313987697245,5.07478632478632,1.17521367521368,0.908119658119658,0.517412935323383,0.692307692307692,3.01748251748252,23.8035087719298,25.5037991410638,21.3186174847517,0.590150250417362,0.613057324840764,3.63396101750909,8.58936240502147,3.53485298975884,2.41162867525603,0.621035058430718,3.47797283868831,5.57954168050482,0.26569246097642,1.52773165061441,0.103505843071786,0.629032258064516,7.98370044052863,25.2040322580645,21.8009478672986,18.9813526301141,0.576254826254826,0.594827586206897,4.42338072669826,10.5845181674566,3.22274881516588,4.51816745655608,0.424710424710425,6.93896861693739,10.3274559193955,0.692695214105794,1.51133501259446,0.299227799227799,0.670967741935484,4.47181208053691,25.0931818181818,-9.870327993897789,54
38.6388583973655,33.4471822395706,0.53609756097561,0.589689857502096,10.5104281009879,25.4390779363337,4.91218441273326,10.8397365532382,0.469268292682927,5.63671444321941,10.2159468438538,0.581395348837209,2.4640088593577,0.154146341463415,0.708860759493671,8.90422794117647,27.0983367983368,33.360367666937,27.0302452964992,0.549206349206349,0.590776699029126,6.24493106244931,14.6255744795891,3.00081103000811,5.78534739118681,0.37989417989418,3.25247323485567,4.89130434782609,0.625,1.79347826086957,0.198941798941799,0.675531914893617,8.07440273037543,25.9710306406685,24.9627421758569,21.9350563286945,0.534777651083238,0.551381215469613,3.60158966716344,8.42026825633383,2.18579234972678,1.83805265772479,0.630558722919042,3.05552105328531,5.01863354037267,0.745341614906832,1.24223602484472,0.080957810718358,0.676056338028169,11.5509259259259,25.073731884058,23.1333839534295,20.2445652173913,0.550561797752809,0.583652618135377,5.26449000253101,12.7056441407239,2.83472538597823,4.04960769425462,0.306179775280899,4.14089130160333,6.34760705289673,0.277078085642317,1.7632241813602,0.293539325842697,0.708133971291866,5.82105263157895,25.8366972477064,27.7294303797468,19.1866527632951,0.702233250620347,0.72119341563786,3.16455696202532,7.3575949367088604,2.61075949367089,7.75316455696203,0.0,7.67253312240459,9.2131277184658,4.03321470937129,0.909450375642546,0.789081885856079,0.742138364779874,2.56129032258065,0.0,2.468560782487188,54
34.4923154446964,29.8407000224366,0.510999083409716,0.560330578512397,7.98689846308894,19.9294532627866,3.12421264802217,7.2814310909549,0.438130155820348,2.19974715549937,4.03450900786602,0.532859680284192,2.30905861456483,0.29147571035747,0.591194968553459,6.00880913539967,26.7225941422594,14.6081247435371,14.787701317716,0.485197368421053,0.511494252873563,3.89823553549446,9.76610586787033,2.29790726302831,4.02133771029955,0.338815789473684,3.62704918032787,5.07572656569791,0.941465411379452,1.8829308227589,0.276315789473684,0.595238095238095,8.5726368159204,25.2844660194175,21.6280735259012,19.02842596521,0.517543859649123,0.553855569155447,2.57818095010742,6.37383623776558,1.90976366674624,4.41632847935068,0.326585695006748,4.37990954534635,6.43247092333254,0.712081652029433,2.18371706622359,0.388663967611336,0.670138888888889,4.4813627254509,25.395867768595,24.5568685376662,23.7417218543046,0.514035087719298,0.542483660130719,6.57311669128508,16.0635155096012,3.91432791728213,3.58197932053176,0.470175438596491,4.05780989438577,7.25176645593157,0.743770918557084,2.78914094458907,0.140350877192982,0.7375,10.8228476821192,26.0313432835821,38.468085106383,35.0308641975309,0.480952380952381,0.573791348600509,7.23404255319149,17.6170212765957,5.27659574468085,14.3829787234043,0.244444444444444,6.59855257556407,10.1362862010221,1.53321976149915,1.19250425894378,0.247619047619048,0.628205128205128,9.33865546218487,26.4428571428571,-4.318181818181813,54
31.2420670897552,27.3160239668152,0.504523312456507,0.543381887270424,5.11332728921124,12.1305530371714,3.68087035358114,6.09247506799637,0.459986082115518,3.42883128694861,6.05839416058394,0.492700729927007,1.2956204379562,0.240083507306889,0.643478260869565,7.95309278350516,26.1428139183056,21.7651922281935,17.9743724767421,0.532960893854749,0.55421052631579,2.64572137246796,6.32492765605622,1.57089706490285,2.52170318313353,0.524022346368715,2.83585179051956,4.12520729684909,0.33167495854063,1.24378109452736,0.154189944134078,0.550724637681159,8.3981220657277,25.4429487179487,19.9599656848728,16.4544799423493,0.524734982332155,0.560192616372392,1.71575636259651,4.28939090649128,1.77294824134973,3.603088361452672,0.489399293286219,5.71918787532171,8.43580211609952,1.17243351444095,0.714898484415213,0.217314487632509,0.650406504065041,7.48754325259516,25.3496350364964,23.3882030178326,19.0516995144245,0.54226618705036,0.566445182724253,2.84636488340192,6.89300411522634,2.22908093278464,3.56652949245542,0.330935251798561,6.19756890943332,8.0,1.70940170940171,3.31623931623932,0.426258992805755,0.666666666666667,4.59354838709677,25.1142076502732,29.7457974579746,26.5380604796663,0.505249343832021,0.543445692883895,7.62607626076261,18.7576875768758,3.9770397703977,8.77408774087741,0.0787401574803149,8.11674917491749,10.8966376089664,1.26608551266086,1.74346201743462,0.416447944006999,0.651260504201681,5.89078822412156,26.1224719101124,-0.6095083299471753,54
24.3819844226211,23.5889570552147,0.53125,0.545454545454545,11.8862174060278,28.9536065018625,3.6911615306468,2.60751777853031,0.078525641025641,3.25518637206949,5.00672043010753,0.705645161290323,2.78897849462366,0.309294871794872,0.642487046632124,7.66765217391304,26.1061224489796,13.0451866404715,11.2399016508606,0.536585365853659,0.555369127516779,3.33988212180747,7.66208251473477,0.864440078585462,1.06090373280943,0.693379790940767,3.45635618043351,5.16304347826087,0.543478260869565,1.47515527950311,0.209059233449477,0.683333333333333,4.31704545454545,24.4050251256281,26.0419013291282,22.9647630619684,0.515826494724502,0.574425574425574,3.06375309754449,7.36652399189007,3.04122550123902,7.47916197341744,0.337631887456038,4.30433805349517,6.63825969948419,0.538237272931151,1.0540479928235,0.343493552168816,0.614334470989761,6.48371681415929,26.24375,30.0800609988563,24.5305770887166,0.571912013536379,0.599544072948328,5.01334349980938,12.1044605413649,2.07777354174609,5.87113991612657,0.274111675126904,5.13894175866007,7.73470163435956,0.798175598631699,1.33029266438617,0.285109983079526,0.732937685459941,7.48135198135198,25.4586419753086,21.5577889447236,16.8988764044944,0.582554517133956,0.618155619596542,2.66331658291457,5.92964824120603,1.50753768844221,3.21608040201005,0.461059190031153,6.31128991702288,8.45495722194263,2.06341217916457,1.40915953699044,0.389408099688474,0.672,3.7196531791907503,25.0493243243243,15.159694107062537,54
17.7950713359274,15.866388308977,0.537521815008726,0.564144736842105,6.19974059662776,15.4604409857328,1.99740596627756,1.99740596627756,0.534031413612566,3.44872293530403,4.92483151892172,0.699844479004666,1.71073094867807,0.228621291448517,0.702290076335878,5.78352059925094,25.1954248366013,24.162633107454,19.9210029194573,0.58029197080292,0.605442176870748,6.98935140367861,17.0377541142304,2.53630203291384,3.11713455953533,0.720542231491137,3.3074684772066,5.32555879494655,1.55490767735666,1.39941690962099,0.10740354535975,0.718446601941748,7.06455223880597,26.0400868306802,36.4528301886792,30.6823841939233,0.537201365187713,0.582471089470481,8.13207547169811,21.0943396226415,3.94339622641509,8.30188679245283,0.496928327645051,5.89515518546556,10.9149582384207,0.721336370539104,1.44267274107821,0.227986348122867,0.724550898203593,7.54436906377205,26.6873626373626,16.2832929782082,13.9850825785828,0.546637744034707,0.561586638830898,3.87409200968523,10.3208232445521,1.39225181598063,1.1501210653753,0.681127982646421,5.58921538927598,8.79320800485143,1.54639175257732,1.09157064887811,0.164859002169197,0.697368421052632,5.37959183673469,25.321974522293,18.573996405033,14.0560165975104,0.650246305418719,0.670995670995671,2.69622528460156,7.18993409227082,2.39664469742361,3.654883163571,0.0147783251231527,7.04898446833931,8.7552114353782,2.50148898153663,1.07206670637284,0.714285714285714,0.710344827586207,3.1375,36.2,32.500924898261204,54
13.1447587354409,12.921626984127,0.525171624713959,0.530201342281879,5.82362728785358,14.2262895174709,2.05213533000555,0.610094287298946,0.512585812356979,3.47452934662237,5.4726368159204,0.746268656716418,3.53786622443339,0.196796338672769,0.686046511627907,5.94507042253521,25.025,19.672131147541,15.3729838709677,0.569607843137255,0.612190812720848,2.17637083097795,5.31373657433578,1.27190503109101,3.64612775579423,0.484313725490196,2.2756183745583,3.64715860899067,0.197907831495618,1.13090189426067,0.201960784313726,0.650485436893204,7.63726235741445,25.3935222672065,25.4791804362194,25.6563245823389,0.491564417177914,0.532458563535912,8.46001321877066,20.6543291473893,4.49438202247191,5.58493060145407,0.271472392638037,4.58216581506511,7.76060506412364,0.427490956922065,2.6635975008221,0.211656441717791,0.623188405797101,9.36231578947368,25.8225988700565,11.2914862914863,9.05283505154639,0.621848739495798,0.633603238866397,3.03030303030303,7.28715728715729,1.22655122655123,0.757575757575758,0.852941176470588,3.92651296829971,6.15107913669065,1.29496402877698,1.8705035971223,0.088235294117647,0.571428571428571,6.24285714285714,24.8581280788177,25.2259036144578,19.5583068428978,0.628450106157113,0.64299424184261,4.02861445783133,9.61972891566265,2.39081325301205,4.44277108433735,0.0,9.518424276694,13.3987544819777,1.69843366672957,1.03793168522363,0.528662420382166,0.714859437751004,4.38885350318471,0.0,9.345794392523374,54
33.3717712177122,27.4608150470219,0.546875,0.620555073720729,9.45571955719557,22.6476014760148,3.73616236162362,9.06365313653137,0.528225806451613,3.13584818329091,5.62006502554575,0.2322340919647,1.6256386437529,0.201612903225806,0.605,8.60192307692308,27.268893129771,21.2371134020619,17.2891707775429,0.567732115677321,0.592219020172911,2.24226804123711,5.38659793814433,1.08247422680412,2.37113402061856,0.659056316590563,2.16634429400387,3.81935483870968,0.129032258064516,1.85806451612903,0.0882800608828006,0.53448275862069,10.4147321428571,25.6237875288684,15.8094681472823,12.6636387924125,0.612028301886793,0.623271889400922,3.15604909409702,8.32846288720047,1.16890707188779,0.789012273524255,0.856132075471698,2.54945054945055,4.58419042021746,0.205700852189245,1.08727593300029,0.0306603773584905,0.615384615384615,12.7360655737705,25.8911845730028,43.2731137088204,35.2770805174744,0.606520090978014,0.628007402837755,9.20297555791711,23.8894792773645,4.37832093517535,15.0265674814028,0.0477634571645185,8.50021303792075,13.9013452914798,1.66559897501602,1.2385223147555,0.565579984836998,0.749329758713137,6.05461783439491,26.7492063492064,19.9005926209138,15.9916201117318,0.598837209302326,0.625600961538462,2.73370292487096,6.70999808831963,1.60581150831581,2.63811890651883,0.481912144702842,3.85205059409736,5.552353506244,2.84341978866475,0.960614793467819,0.255813953488372,0.777777777777778,6.04488778054863,26.7632707774799,13.45117845117845,54
19.5890045369629,19.604190919674,0.470967741935484,0.521306818181818,6.40512409927942,15.6391780090739,3.709634374166,5.25753936482519,0.314516129032258,3.07344332091538,4.72273812682409,1.27354736004245,2.28177235340939,0.345161290322581,0.574766355140187,5.86776470588235,25.3837696335079,14.9323274905702,12.3536299765808,0.543198529411765,0.567307692307692,3.01752828932771,7.36631905924118,1.37563789660528,2.10783226092745,0.606617647058824,1.87319884726225,3.01218161683278,0.753045404208195,2.19269102990033,0.137867647058824,0.746666666666667,10.4967289719626,25.0632218844985,35.8929898439435,31.3426329555362,0.507321274763135,0.554957724827056,7.0349269259351,16.8689621005697,3.41837998513748,7.70374040128809,0.303186907838071,4.24159742031502,7.10382513661202,0.521609538002981,1.8628912071535,0.281653746770026,0.669724770642202,6.34907292954265,26.6538461538462,37.8095238095238,33.8169642857143,0.5,0.551579925650558,6.952380952380951,16.952380952381,4.31746031746032,12.2222222222222,0.298572996706915,5.47619047619048,9.33333333333333,0.888888888888889,1.14285714285714,0.261251372118551,0.668067226890756,8.33849765258216,26.5709558823529,17.967072297781,14.5736434108527,0.615044247787611,0.630653266331658,4.9033643521832495,11.7036506800286,2.57695060844667,4.76020042949177,0.0825958702064896,8.29451809387316,10.6169296987088,3.51506456241033,1.75753228120517,0.710914454277286,0.726141078838174,2.98102893890675,26.5214285714286,-18.50155706173291,54
18.7811508835523,16.3565732978941,0.569546120058565,0.584626234132581,9.71907566832805,24.2863615768011,2.06162211146353,1.29134571816946,0.587115666178624,2.22803228373309,3.55920602327173,0.182523385808807,1.57426420260096,0.0834553440702781,0.754385964912281,8.57517730496454,25.1605985037406,21.4714240606252,17.4431818181818,0.600204498977505,0.630797773654917,4.32586043574361,10.4831070413641,2.36817177139249,3.59962109251658,0.715746421267894,3.07985394507065,5.10855683269476,0.606641123882503,1.72413793103448,0.147239263803681,0.638888888888889,5.1273381294964,25.8428571428571,18.2061579651941,15.6091676718938,0.579824561403509,0.584192439862543,4.36412315930388,10.8701472556894,1.74029451137885,0.69611780455154,0.773684210526316,4.65768050180168,7.87653006918574,0.904736562001064,1.78286322511974,0.115789473684211,0.636363636363636,4.81860465116279,26.0192743764172,35.5339805825243,28.8208750245242,0.597864768683274,0.642298670836591,5.67421790722762,13.4843581445523,4.09924487594391,7.78856526429342,0.330960854092527,4.04280618311534,7.60398613518198,1.66811091854419,1.08318890814558,0.110320284697509,0.790322580645161,10.4723404255319,25.5088709677419,12.6088602801969,10.8629441624365,0.618811881188119,0.635496183206107,5.07383566830746,12.0030291556229,2.23400227186672,4.8466489965922,0.0198019801980198,8.65842055185538,12.9686304514155,1.79801071155318,1.26243305279265,0.698019801980198,0.765957446808511,3.23282828282828,35.625,33.3050127442651,53
22.6526891522334,23.693729903537,0.505415162454874,0.530416221985059,10.4147675478578,23.0856882406563,5.51504102096627,5.30993618960802,0.350180505415162,4.18652144315861,6.03253502033439,0.835969272480795,2.39493899683687,0.38748495788207,0.645962732919255,5.35148148148148,25.2164948453608,22.0852221214869,15.9327461969576,0.633982947624848,0.666301969365427,3.71713508612874,8.73980054397099,1.4687216681777,3.88032638259293,0.272838002436054,3.71074305367002,5.63787495482472,0.668594145283701,1.53595952294904,0.517661388550548,0.717647058823529,4.05276381909548,25.325,16.2393162393162,14.3044275609117,0.532710280373832,0.562244897959184,2.77040966696139,6.42499263188918,1.65045682287062,4.0377247273799,0.317757009345794,3.40046701692936,5.37727666955768,2.68863833477884,1.38768430182134,0.448598130841122,0.640625,4.23458904109589,24.6110294117647,24.8504983388704,19.078368065747,0.606639839034205,0.648180242634315,5.4485049833887,12.6910299003322,2.42524916943522,5.9468438538206,0.346076458752515,4.11186948560013,5.57223890557224,0.467133800467134,0.767434100767434,0.426559356136821,0.64622641509434,4.74215384615385,25.121511627907,38.4230055658627,29.1612057667104,0.627292736610418,0.664198325820992,13.2838589981447,30.9461966604824,4.26716141001855,8.36734693877551,0.242112986060161,8.28072781284813,12.8576737272389,0.836120401337793,2.35971757710888,0.312545854732208,0.71830985915493,5.94472410454985,28.7139393939394,13.977455716586135,53
15.6942823803967,15.9212571231221,0.49331550802139,0.513427109974425,7.07895760404512,17.1917541812524,2.74212368728121,1.65305328665889,0.544117647058824,3.31454121306376,5.98523124757093,0.408083948698018,1.04935872522347,0.121657754010695,0.538461538461538,10.4856304985337,26.2796068796069,15.6914893617021,16.1092793217146,0.476190476190476,0.500850340136055,4.49468085106383,11.0372340425532,2.57978723404255,2.47340425531915,0.648351648351648,3.7903976592632,6.27826549614259,1.33014099494546,1.80899175312583,0.201465201465201,0.572727272727273,5.23489583333333,26.5635593220339,17.7014852690528,17.9027027027027,0.471955128205128,0.516358463726885,4.86973459946433,12.3934745556367,3.04358412466521,4.50450450450451,0.358974358974359,3.57099477711648,4.92001938923897,0.99369849733398,1.89045079980611,0.317307692307692,0.702020202020202,6.27425,25.8410714285714,24.4852531997774,21.4751630707476,0.545994065281899,0.591397849462366,8.34724540901503,19.9777406789093,3.11630495269894,4.67445742904841,0.394658753709199,3.82254464285714,6.93900391717963,0.447677672076105,1.95858981533296,0.0949554896142433,0.625,11.1700980392157,26.2406015037594,22.5772928033255,23.5484617164007,0.457125603864734,0.480641592920354,4.18290465055859,10.0025980774227,2.9618082618862,4.28682774746688,0.411835748792271,5.63836681788723,8.04449042938438,2.61251939989653,1.13812726332126,0.230676328502415,0.638743455497382,6.35605749486653,25.9266862170088,2.252252252252262,53
15.6942823803967,15.9212571231221,0.49331550802139,0.513427109974425,7.07895760404512,17.1917541812524,2.74212368728121,1.65305328665889,0.544117647058824,3.31454121306376,5.98523124757093,0.408083948698018,1.04935872522347,0.121657754010695,0.538461538461538,10.4856304985337,26.2796068796069,15.6914893617021,16.1092793217146,0.476190476190476,0.500850340136055,4.49468085106383,11.0372340425532,2.57978723404255,2.47340425531915,0.648351648351648,3.7903976592632,6.27826549614259,1.33014099494546,1.80899175312583,0.201465201465201,0.572727272727273,5.23489583333333,26.5635593220339,20.9946396664681,17.4553101997897,0.557522123893805,0.581395348837209,3.06730196545563,7.50446694460989,1.90589636688505,2.62060750446695,0.584070796460177,2.70714926712534,4.35697115384615,0.420673076923077,0.78125,0.233628318584071,0.689393939393939,4.64851063829787,26.5830303030303,17.7014852690528,17.9027027027027,0.471955128205128,0.516358463726885,4.86973459946433,12.3934745556367,3.04358412466521,4.50450450450451,0.358974358974359,3.57099477711648,4.92001938923897,0.99369849733398,1.89045079980611,0.317307692307692,0.702020202020202,6.27425,25.8410714285714,26.8899521531101,22.9137594194809,0.556618819776715,0.60042735042735,5.23125996810207,12.3763955342903,3.82775119617225,5.26315789473684,0.0590111642743221,10.0191754554171,13.9929554915146,1.47294268331732,1.18475824527698,0.413078149920255,0.67953667953668,6.34,25.8405405405405,-20.161725067385447,53
45.6533725418122,34.3567251461988,0.568538647342995,0.631701030927835,8.91380260981437,22.6061385774674,3.36335232494027,12.2955339092079,0.26268115942029,3.49534261735682,5.77563865235098,1.42539800074047,2.42502776749352,0.253019323671498,0.701670644391408,8.25954135954136,26.0310344827586,22.5873916940544,17.1345338983051,0.603741496598639,0.618032786885246,3.55542276665671,8.9632506722438,1.13534508515088,1.67314012548551,0.792517006802721,2.94736842105263,4.69270360278535,0.272479564032698,1.45322434150772,0.0833333333333333,0.775510204081633,8.35655737704918,25.8965665236052,31.7832764505119,27.5095057034221,0.536815068493151,0.572419106317411,7.5938566552901,18.6433447098976,3.19965870307167,6.37798634812287,0.291095890410959,3.94230769230769,6.63527397260274,0.98458904109589,2.37585616438356,0.248287671232877,0.668965517241379,8.07125603864734,26.0382352941176,16.6358167515039,13.5804997951659,0.578414839797639,0.587418300653595,2.66080518278575,6.31652012956964,1.18000925497455,1.0643220731143,0.6964586846543,3.3868916888221,4.71240471240471,0.900900900900901,1.82490182490183,0.158516020236088,0.574468085106383,6.32333333333333,25.2265206812652,25.6727664155005,21.8016291327264,0.552941176470588,0.597744360902256,3.39074273412271,7.58880516684607,3.01399354144241,7.21205597416577,0.341176470588235,6.92162671694048,11.266846361186,3.8274932614555297,1.23989218328841,0.352941176470588,0.725,5.51383928571429,25.926724137931,-0.6372132540356716,53
17.1032357473035,12.8820466379896,0.639008620689655,0.666,3.08166409861325,7.421674370826911,1.82331792501284,2.2085259373395,0.691810344827586,2.7064981488574,3.85884742320386,1.5993907083016,3.07184564610307,0.135775862068966,0.793650793650794,7.17412587412588,25.3725,26.2206572769953,24.1742361684558,0.512779552715655,0.547783251231527,8.49765258215962,19.7652582159624,3.73239436619718,4.17840375586855,0.45580404685836,2.87998119195956,5.06239698610784,0.894749234753944,1.43630798210502,0.193823216187433,0.615384615384615,7.35714285714286,26.3570093457944,19.4017094017094,17.5132676269901,0.53476821192053,0.543130990415335,4.44444444444445,10.5982905982906,1.90883190883191,1.3960113960114,0.647350993377484,2.92397660818713,4.99857183661811,0.656955155669809,1.88517566409597,0.167218543046358,0.732673267326733,6.17089201877934,25.7028132992327,16.5262000732869,14.3907898944675,0.52807486631016,0.548661800486618,3.00476364968853,7.32869182850861,1.42909490655918,2.93147673140344,0.636363636363636,5.77907827359181,8.6162833150785,0.839722526469514,1.49689667761957,0.237967914438503,0.640449438202247,4.18970588235294,25.3235294117647,26.8581759742869,21.6619318181818,0.626539753639418,0.65603532875368,8.49738850944154,20.148654077943,4.05785456006428,5.80554439533949,0.174692049272116,9.78359335681933,14.2223118821868,0.524510792818237,0.968327617510591,0.522956326987682,0.69593147751606,4.36689280868385,25.9711538461538,-8.30175970362886,53
32.560861423221,28.6159600997506,0.544034090909091,0.587585034013605,7.06928838951311,16.6666666666667,4.77528089887641,6.41385767790262,0.589015151515152,2.38598965679361,4.0604343720491,0.637393767705383,2.03021718602455,0.207386363636364,0.680365296803653,6.15322580645161,27.616077170418,15.6914893617021,16.1092793217146,0.476190476190476,0.500850340136055,4.49468085106383,11.0372340425532,2.57978723404255,2.47340425531915,0.648351648351648,3.7903976592632,6.27826549614259,1.33014099494546,1.80899175312583,0.201465201465201,0.572727272727273,5.23489583333333,26.5635593220339,20.9946396664681,17.4553101997897,0.557522123893805,0.581395348837209,3.06730196545563,7.50446694460989,1.90589636688505,2.62060750446695,0.584070796460177,2.70714926712534,4.35697115384615,0.420673076923077,0.78125,0.233628318584071,0.689393939393939,4.64851063829787,26.5830303030303,17.7014852690528,17.9027027027027,0.471955128205128,0.516358463726885,4.86973459946433,12.3934745556367,3.04358412466521,4.50450450450451,0.358974358974359,3.57099477711648,4.92001938923897,0.99369849733398,1.89045079980611,0.317307692307692,0.702020202020202,6.27425,25.8410714285714,22.5772928033255,23.5484617164007,0.457125603864734,0.480641592920354,4.18290465055859,10.0025980774227,2.9618082618862,4.28682774746688,0.411835748792271,5.63836681788723,8.04449042938438,2.61251939989653,1.13812726332126,0.230676328502415,0.638743455497382,6.35605749486653,25.9266862170088,11.322423706324628,53
36.5298745481608,29.1936978683967,0.571939586645469,0.617028985507246,8.95173293642356,20.7314480119073,4.25260472039124,6.3576440569849,0.623211446740859,3.31586265910793,5.81145071028842,0.645716745587602,1.72191132156694,0.127186009538951,0.65,7.97426160337553,27.2099489795918,23.7067845074084,20.1979307242465,0.546437659033079,0.561338289962825,3.48323368858851,8.47413569014817,2.36547959448921,1.66363400051989,0.698473282442748,3.46365783258987,5.64238410596027,0.609271523178808,1.82781456953642,0.139949109414758,0.663636363636364,6.96919831223629,25.604189435337,21.2606837606838,16.3551401869159,0.624579124579125,0.639871382636656,4.43376068376068,11.0042735042735,2.08333333333333,2.02991452991453,0.31986531986532,4.87483530961792,6.86427457098284,0.884035361414457,2.70410816432657,0.468013468013468,0.798561151079137,3.34207920792079,24.5642105263158,30.8054841473865,27.8871147419235,0.494718309859155,0.528676470588235,4.45586975149957,11.3967437874893,3.04198800342759,10.0685518423308,0.265845070422535,4.62032085561497,6.83468603161042,0.897052541648868,1.62323793250748,0.309859154929577,0.715909090909091,6.06043165467626,25.8251655629139,14.8467846353043,13.0057803468208,0.517985611510791,0.53416149068323,5.09279240397065,12.9046180405697,1.68321104876996,4.27276650841606,0.0179856115107913,9.93121238177128,11.8629550321199,1.58458244111349,1.97002141327623,0.665467625899281,0.643243243243243,4.08095238095238,32.2,14.004554326610275,53
26.0242354298904,22.5619399051133,0.570605187319885,0.594986807387863,5.62608193883439,13.6757068667051,2.85631852279285,3.95268320830929,0.380403458213257,2.55116748342462,4.11866359447005,0.806451612903226,1.6705069124424,0.19164265129683,0.736842105263158,8.9793023255814,25.2068181818182,33.9692633810281,29.0546949098957,0.525,0.586983343615052,9.34463875640346,23.8827062356474,3.88623918035683,8.53206147323794,0.388028169014085,2.69983181375587,4.06316536550745,0.28388928317956,1.18878637331441,0.141549295774648,0.691542288557214,10.1010356731876,25.9308529945554,21.4714240606252,17.4431818181818,0.600204498977505,0.630797773654917,4.32586043574361,10.4831070413641,2.36817177139249,3.59962109251658,0.715746421267894,3.07985394507065,5.10855683269476,0.606641123882503,1.72413793103448,0.147239263803681,0.638888888888889,5.1273381294964,25.8428571428571,35.5339805825243,28.8208750245242,0.597864768683274,0.642298670836591,5.67421790722762,13.4843581445523,4.09924487594391,7.78856526429342,0.330960854092527,4.04280618311534,7.60398613518198,1.66811091854419,1.08318890814558,0.110320284697509,0.790322580645161,10.4723404255319,25.5088709677419,12.6088602801969,10.8629441624365,0.618811881188119,0.635496183206107,5.07383566830746,12.0030291556229,2.23400227186672,4.8466489965922,0.0198019801980198,8.65842055185538,12.9686304514155,1.79801071155318,1.26243305279265,0.698019801980198,0.765957446808511,3.23282828282828,35.625,-0.2631340168768759,53
14.4082332761578,13.8401559454191,0.55672268907563,0.574363992172211,8.89487870619946,21.3673119333497,3.13648615535408,2.05831903945112,0.44327731092437,2.04631785320426,3.23529411764706,0.392156862745098,1.76470588235294,0.329831932773109,0.592356687898089,4.98641509433962,25.8580952380952,23.6098450319052,21.3351134846462,0.497681607418856,0.537604456824513,2.97781829231237,7.17107262230325,2.52202977818292,4.70981464600425,0.50386398763524,2.92912429807255,4.51788963007884,0.303214069132808,1.45542753183748,0.244204018547141,0.525316455696203,6.77258566978193,25.6539877300614,18.4355997788834,14.8220380302292,0.592696629213483,0.601985559566787,2.70867882808181,6.6334991708126,1.49253731343284,1.32669983416252,0.473782771535581,3.34207982322884,4.99585978470881,0.828043058239029,1.60088324592879,0.411985018726592,0.659090909090909,3.15480427046263,24.4256916996047,28.2746160794941,27.1259842519685,0.481655691439323,0.520066889632107,8.53658536585366,19.8509485094851,4.17795844625113,6.82023486901536,0.26340545625588,5.66080288678394,8.85135135135135,1.41891891891892,2.09459459459459,0.26340545625588,0.646428571428572,7.76257982120051,26.245,23.6713588049411,18.8347564038172,0.627806563039724,0.64375,4.53892559609308,10.2269462798047,3.18873886814134,4.1367423154266,0.005181347150259,7.83443139501576,10.2256498143388,2.02799200228506,1.88517566409597,0.533678756476684,0.73462783171521,4.79027777777778,38.0,-7.608289768483942,52
23.045154185022,22.4700633951632,0.495620437956204,0.535851472471191,9.22356828193832,22.1640969162996,4.873348017621151,5.67180616740088,0.433576642335766,2.72952853598015,4.03092214246273,0.358917725013805,1.8774157923799,0.297810218978102,0.553921568627451,6.30386597938144,26.1531986531987,28.9713541666667,25.5415332454323,0.51856884057971,0.552609776304888,4.296875,10.7421875,3.25520833333333,5.25173611111111,0.427536231884058,3.51944384097328,5.56763810352327,0.347977381470204,1.34841235319704,0.266304347826087,0.710884353741497,7.78655063291139,26.3065677966102,27.6354568125142,23.2246798603027,0.551008303677343,0.606573705179283,6.37043754250737,15.279981863523,4.44343686238948,8.43346180004534,0.405693950177936,5.89700056593096,9.3128390596745,0.791139240506329,1.60488245931284,0.384341637010676,0.654320987654321,4.33033932135729,25.5669590643275,16.9876733436055,14.5809224665234,0.552374301675978,0.570504527813713,3.37057010785824,8.43605546995378,2.09938366718028,2.42681047765794,0.502793296089386,4.33233850004814,5.3320500481232,0.962463907603465,2.23291626564004,0.35195530726257,0.623015873015873,2.98314606741573,24.8359331476323,19.7154471544715,16.7244367417678,0.524096385542169,0.548022598870056,2.64227642276423,6.19918699186992,1.6260162601626,2.23577235772358,0.63855421686747,4.6795523906409,4.88798370672098,1.42566191446029,1.22199592668024,0.253012048192771,0.761904761904762,3.39666666666667,25.4820754716981,3.322758390382376,52
16.0649819494585,15.7501334757074,0.504115226337449,0.525590551181102,6.9193742478941,16.9073405535499,2.46690734055355,1.62454873646209,0.802469135802469,3.5446079903875,5.57888422315537,1.01979604079184,2.81943611277744,0.0823045267489712,0.55,7.95625,26.6528205128205,22.7111111111111,21.8799682034976,0.530701754385965,0.567777777777778,11.1777777777778,27.1777777777778,4.48888888888889,4.97777777777778,0.348370927318296,6.2770322723744,9.71883993801196,0.996236440115121,1.85964135488156,0.319548872180451,0.576470588235294,5.34326923076923,25.3395683453237,28.7812321190158,24.3238616912016,0.549509366636931,0.599839615076183,6.29410642761778,15.7734121686058,3.37592981117681,5.8554262826626,0.520963425512935,2.60371959942775,4.73101869515452,0.305227012590614,1.31629149179702,0.256913470115968,0.638888888888889,5.84134078212291,26.5751712328767,19.1216216216216,16.7071688942892,0.561247216035635,0.5850622406639,7.02702702702703,17.1959459459459,2.33108108108108,2.66891891891892,0.420935412026726,2.71180731008927,4.53476654350017,0.604635539133356,1.44440712126302,0.420935412026726,0.666666666666667,3.42,24.8497354497355,27.700205338809,22.5341706686369,0.592003853564547,0.612624886466848,5.25667351129363,13.305954825462,2.4435318275154,3.05954825462012,0.309248554913295,7.56328462646635,11.4892739273927,1.07260726072607,1.25825082508251,0.261078998073218,0.660516605166052,6.45620641562064,25.9619937694704,-15.133482105959176,52
26.0242354298904,22.5619399051133,0.570605187319885,0.594986807387863,5.62608193883439,13.6757068667051,2.85631852279285,3.95268320830929,0.380403458213257,2.55116748342462,4.11866359447005,0.806451612903226,1.6705069124424,0.19164265129683,0.736842105263158,8.9793023255814,25.2068181818182,33.9692633810281,29.0546949098957,0.525,0.586983343615052,9.34463875640346,23.8827062356474,3.88623918035683,8.53206147323794,0.388028169014085,2.69983181375587,4.06316536550745,0.28388928317956,1.18878637331441,0.141549295774648,0.691542288557214,10.1010356731876,25.9308529945554,18.2061579651941,15.6091676718938,0.579824561403509,0.584192439862543,4.36412315930388,10.8701472556894,1.74029451137885,0.69611780455154,0.773684210526316,4.65768050180168,7.87653006918574,0.904736562001064,1.78286322511974,0.115789473684211,0.636363636363636,4.81860465116279,26.0192743764172,35.5339805825243,28.8208750245242,0.597864768683274,0.642298670836591,5.67421790722762,13.4843581445523,4.09924487594391,7.78856526429342,0.330960854092527,4.04280618311534,7.60398613518198,1.66811091854419,1.08318890814558,0.110320284697509,0.790322580645161,10.4723404255319,25.5088709677419,21.0337972166998,17.2950536146662,0.590778097982709,0.63126491646778,1.94831013916501,4.7713717693837,3.220675944334,6.36182902584493,0.0057636887608069,9.21859545004946,12.5196850393701,2.16535433070866,0.551181102362205,0.62536023054755,0.714285714285714,4.1104347826087,23.4,16.290795746241287,52
19.0347316193054,15.4684095860566,0.529411764705882,0.570844686648501,2.77401894451962,6.58547586829048,1.08254397834912,3.2701849345963,0.672058823529412,2.06966749604162,3.7431941923775,0.158802177858439,0.862068965517241,0.107352941176471,0.684931506849315,9.06726457399103,25.5833698030635,27.9497907949791,22.1976401179941,0.579365079365079,0.588888888888889,2.90794979079498,6.94560669456067,1.73640167364017,2.92887029288703,0.715219421101774,2.2448337354453,3.51357037660425,0.105196717862403,1.53587208079108,0.0821661998132586,0.625,8.36196721311475,25.7457516339869,29.0588882773803,26.49450023912,0.536319612590799,0.567741935483871,6.54925701706109,16.1805173362686,4.89818381948266,6.38414969730325,0.372881355932203,3.41786108048512,4.63832136940917,0.607399226946438,1.54610712313639,0.309927360774818,0.6015625,6.07644787644788,26.5519480519481,21.0283315844701,17.7110210099521,0.533540372670808,0.570205479452055,3.39979013641133,8.3105981112277,1.78384050367261,3.48373557187828,0.327950310559006,4.53638559277539,7.71332492643968,1.19798234552333,1.55527532576713,0.216149068322981,0.741379310344828,7.47042513863216,24.6606870229008,21.8779790276454,16.4235097957482,0.692307692307692,0.70398773006135,4.95710200190658,11.3918017159199,3.24118207816969,5.767397521449,0.0,9.60371295965726,12.5980508676016,2.11552174946518,1.28357499405752,0.785714285714286,0.734265734265734,2.51684981684982,0.0,-20.203883495145632,52
25.7260461925452,24.2009132420091,0.485310119695321,0.539054966248795,8.64395152069518,20.8781157100389,4.18477018065401,6.51726503544477,0.551686615886834,2.88977727013135,5.18028297581013,0.205385668644455,1.04974897307166,0.109902067464635,0.613861386138614,7.81359223300971,25.6246548323471,32.0165745856354,27.0102600811262,0.543252595155709,0.591983556012333,7.26519337016575,17.7900552486188,4.41988950276243,6.93370165745856,0.312572087658593,2.3543990086741,3.04693933571233,0.164699423552018,1.2901454844908,0.204152249134948,0.621468926553672,7.48238255033557,25.4833333333333,29.1217760365655,23.5772357723577,0.521428571428572,0.566195372750643,2.28534116878877,5.84394384590271,2.15475024485798,6.03983023179889,0.57,4.53951665578054,6.72982685396929,0.555374060764456,1.078079059131,0.197142857142857,0.652173913043478,5.77109634551495,25.9240601503759,29.9486369024101,23.9768076398363,0.58286252354049,0.631666666666667,3.16080600553141,7.82299486369024,4.06953773212169,6.47965231133939,0.278719397363465,6.46372800948804,9.41455696202532,1.58227848101266,1.54272151898734,0.32391713747646,0.686046511627907,5.76657963446475,24.5439189189189,21.8009478672986,18.9813526301141,0.576254826254826,0.594827586206897,4.42338072669826,10.5845181674566,3.22274881516588,4.51816745655608,0.424710424710425,6.93896861693739,10.3274559193955,0.692695214105794,1.51133501259446,0.299227799227799,0.670967741935484,4.47181208053691,25.0931818181818,-7.931516422082453,52
24.162633107454,19.9210029194573,0.58029197080292,0.605442176870748,6.98935140367861,17.0377541142304,2.53630203291384,3.11713455953533,0.720542231491137,3.3074684772066,5.32555879494655,1.55490767735666,1.39941690962099,0.10740354535975,0.718446601941748,7.06455223880597,26.0400868306802,32.0421728168691,28.6813854567551,0.51520572450805,0.55622009569378,6.55512262204905,16.6628466651387,3.71304148521659,7.38024295209718,0.320214669051878,4.20919830255763,6.54269972451791,0.436179981634527,1.67584940312213,0.268336314847943,0.676666666666667,7.35631578947368,26.0650837988827,36.4528301886792,30.6823841939233,0.537201365187713,0.582471089470481,8.13207547169811,21.0943396226415,3.94339622641509,8.30188679245283,0.496928327645051,5.89515518546556,10.9149582384207,0.721336370539104,1.44267274107821,0.227986348122867,0.724550898203593,7.54436906377205,26.6873626373626,16.2832929782082,13.9850825785828,0.546637744034707,0.561586638830898,3.87409200968523,10.3208232445521,1.39225181598063,1.1501210653753,0.681127982646421,5.58921538927598,8.79320800485143,1.54639175257732,1.09157064887811,0.164859002169197,0.697368421052632,5.37959183673469,25.321974522293,16.6666666666667,11.4331723027375,0.667857142857143,0.680555555555556,4.42176870748299,11.6780045351474,1.17157974300831,3.66591080876795,0.0107142857142857,7.33598033654755,7.49148694665153,2.68634127884979,1.36208853575482,0.8,0.732142857142857,2.56714801444043,27.2666666666667,23.91548433193836,51
22.7111111111111,21.8799682034976,0.530701754385965,0.567777777777778,11.1777777777778,27.1777777777778,4.48888888888889,4.97777777777778,0.348370927318296,6.2770322723744,9.71883993801196,0.996236440115121,1.85964135488156,0.319548872180451,0.576470588235294,5.34326923076923,25.3395683453237,19.1216216216216,16.7071688942892,0.561247216035635,0.5850622406639,7.02702702702703,17.1959459459459,2.33108108108108,2.66891891891892,0.420935412026726,2.71180731008927,4.53476654350017,0.604635539133356,1.44440712126302,0.420935412026726,0.666666666666667,3.42,24.8497354497355,31.9318392294869,25.6886823763691,0.60874897792314,0.637956748695004,5.74180403778478,13.7062418966475,3.8525652898684895,5.2787553250602,0.438266557645135,2.91747707696582,5.42793627269359,0.222304557243424,1.07447202667655,0.278822567457073,0.686217008797654,7.71703056768559,26.2165413533835,16.7060212514758,16.9406150583245,0.49031007751938,0.511754068716094,3.6599763872491113,9.14994096812279,2.5383707201889,2.44982290436836,0.527131782945737,3.48529411764706,5.68581477139508,0.937866354044549,1.40679953106682,0.236434108527132,0.5,6.02991803278689,26.0077205882353,27.700205338809,22.5341706686369,0.592003853564547,0.612624886466848,5.25667351129363,13.305954825462,2.4435318275154,3.05954825462012,0.309248554913295,7.56328462646635,11.4892739273927,1.07260726072607,1.25825082508251,0.261078998073218,0.660516605166052,6.45620641562064,25.9619937694704,-7.142857142857139,51
18.7811508835523,16.3565732978941,0.569546120058565,0.584626234132581,9.71907566832805,24.2863615768011,2.06162211146353,1.29134571816946,0.587115666178624,2.22803228373309,3.55920602327173,0.182523385808807,1.57426420260096,0.0834553440702781,0.754385964912281,8.57517730496454,25.1605985037406,33.9692633810281,29.0546949098957,0.525,0.586983343615052,9.34463875640346,23.8827062356474,3.88623918035683,8.53206147323794,0.388028169014085,2.69983181375587,4.06316536550745,0.28388928317956,1.18878637331441,0.141549295774648,0.691542288557214,10.1010356731876,25.9308529945554,18.2061579651941,15.6091676718938,0.579824561403509,0.584192439862543,4.36412315930388,10.8701472556894,1.74029451137885,0.69611780455154,0.773684210526316,4.65768050180168,7.87653006918574,0.904736562001064,1.78286322511974,0.115789473684211,0.636363636363636,4.81860465116279,26.0192743764172,35.5339805825243,28.8208750245242,0.597864768683274,0.642298670836591,5.67421790722762,13.4843581445523,4.09924487594391,7.78856526429342,0.330960854092527,4.04280618311534,7.60398613518198,1.66811091854419,1.08318890814558,0.110320284697509,0.790322580645161,10.4723404255319,25.5088709677419,21.0337972166998,17.2950536146662,0.590778097982709,0.63126491646778,1.94831013916501,4.7713717693837,3.220675944334,6.36182902584493,0.0057636887608069,9.21859545004946,12.5196850393701,2.16535433070866,0.551181102362205,0.62536023054755,0.714285714285714,4.1104347826087,23.4,-26.04394460064563,51
24.8051352590555,22.866344605475,0.514348785871965,0.550102249488753,10.087116001834,23.3837689133425,3.6680421824851,4.1723979825768,0.373068432671082,2.52004581901489,3.89194139194139,0.54945054945055,1.92307692307692,0.236203090507726,0.672897196261682,6.63450704225352,26.1863905325444,25.152749490835,22.0353982300885,0.525943396226415,0.551339285714286,5.09164969450102,12.0162932790224,2.54582484725051,3.05498981670061,0.599056603773585,3.20610687022901,5.79857578840285,0.508646998982706,1.01729399796541,0.183962264150943,0.615384615384615,7.66588235294118,26.6267716535433,26.4663111972855,22.4406924556529,0.565006075334143,0.597694840834248,5.52593310712555,13.4512845370819,3.41735336888027,5.18662142510906,0.511543134872418,3.92584514721919,6.42112914950327,0.533074872788951,1.79307002665374,0.277035236938032,0.68421052631579,6.51169154228856,25.3957244655582,12.7134724857685,13.2786885245902,0.427536231884058,0.452702702702703,1.89753320683112,4.36432637571158,1.32827324478178,1.89753320683112,0.463768115942029,6.62251655629139,8.86792452830189,2.26415094339623,1.69811320754717,0.434782608695652,0.7,3.14054054054054,25.30625,18.2754880694143,14.0142517814727,0.703125,0.713983050847458,1.46420824295011,3.470715835141,3.30802603036876,5.42299349240781,0.0052083333333333,6.6793893129771,8.38815789473684,3.83771929824561,1.42543859649123,0.848958333333333,0.730061349693252,2.16753926701571,24.6,-1.8867924528301927,51
23.045154185022,22.4700633951632,0.495620437956204,0.535851472471191,9.22356828193832,22.1640969162996,4.873348017621151,5.67180616740088,0.433576642335766,2.72952853598015,4.03092214246273,0.358917725013805,1.8774157923799,0.297810218978102,0.553921568627451,6.30386597938144,26.1531986531987,28.9713541666667,25.5415332454323,0.51856884057971,0.552609776304888,4.296875,10.7421875,3.25520833333333,5.25173611111111,0.427536231884058,3.51944384097328,5.56763810352327,0.347977381470204,1.34841235319704,0.266304347826087,0.710884353741497,7.78655063291139,26.3065677966102,21.6501439078989,19.5478356768679,0.466898954703833,0.524844720496895,3.22993284298049,7.83498560921011,2.07866965142309,5.30860249440358,0.515679442508711,2.60674876059491,4.38259756877799,1.47152911068458,1.31158029430582,0.25609756097561,0.462585034013605,6.43848920863309,24.9719594594595,16.9876733436055,14.5809224665234,0.552374301675978,0.570504527813713,3.37057010785824,8.43605546995378,2.09938366718028,2.42681047765794,0.502793296089386,4.33233850004814,5.3320500481232,0.962463907603465,2.23291626564004,0.35195530726257,0.623015873015873,2.98314606741573,24.8359331476323,23.5198040016333,20.1431127012522,0.572649572649573,0.581818181818182,2.61331155573704,6.4924458962842,2.81747652102899,2.44997958350347,0.0683760683760683,8.30605564648118,11.5621156211562,1.5990159901599,1.2710127101271,0.403846153846154,0.740740740740741,7.21422018348624,24.36875,12.554730630116126,51
26.7361794216014,21.502313990744,0.581510934393638,0.610502283105023,13.240212472949,31.7529018296282,2.36081054495377,4.36749950816447,0.558648111332008,2.54865158549837,4.28571428571429,0.972222222222222,2.08333333333333,0.129224652087475,0.715384615384615,9.34977477477478,27.1811387900356,16.8082368082368,16.6939826738469,0.50556586270872,0.54242928452579,8.39124839124839,19.97425997426,2.88288288288288,3.5006435006435,0.324675324675325,2.77706351247107,4.67505779604418,0.282558438222451,2.02928332905215,0.215213358070501,0.698275862068966,9.35302197802198,26.5182857142857,26.0419013291282,22.9647630619684,0.515826494724502,0.574425574425574,3.06375309754449,7.36652399189007,3.04122550123902,7.47916197341744,0.337631887456038,4.30433805349517,6.63825969948419,0.538237272931151,1.0540479928235,0.343493552168816,0.614334470989761,6.48371681415929,26.24375,25.6307692307692,19.8063623789765,0.621035058430718,0.64175654853621,3.93846153846154,9.10769230769231,2.09230769230769,3.50769230769231,0.502504173622705,4.89230769230769,8.06153846153846,0.861538461538462,1.41538461538462,0.340567612687813,0.784313725490196,3.7724832214765103,25.9232558139535,30.0800609988563,24.5305770887166,0.571912013536379,0.599544072948328,5.01334349980938,12.1044605413649,2.07777354174609,5.87113991612657,0.274111675126904,5.13894175866007,7.73470163435956,0.798175598631699,1.33029266438617,0.285109983079526,0.732937685459941,7.48135198135198,25.4586419753086,14.961538461538469,50
26.7361794216014,21.502313990744,0.581510934393638,0.610502283105023,13.240212472949,31.7529018296282,2.36081054495377,4.36749950816447,0.558648111332008,2.54865158549837,4.28571428571429,0.972222222222222,2.08333333333333,0.129224652087475,0.715384615384615,9.34977477477478,27.1811387900356,16.8082368082368,16.6939826738469,0.50556586270872,0.54242928452579,8.39124839124839,19.97425997426,2.88288288288288,3.5006435006435,0.324675324675325,2.77706351247107,4.67505779604418,0.282558438222451,2.02928332905215,0.215213358070501,0.698275862068966,9.35302197802198,26.5182857142857,26.0419013291282,22.9647630619684,0.515826494724502,0.574425574425574,3.06375309754449,7.36652399189007,3.04122550123902,7.47916197341744,0.337631887456038,4.30433805349517,6.63825969948419,0.538237272931151,1.0540479928235,0.343493552168816,0.614334470989761,6.48371681415929,26.24375,30.0800609988563,24.5305770887166,0.571912013536379,0.599544072948328,5.01334349980938,12.1044605413649,2.07777354174609,5.87113991612657,0.274111675126904,5.13894175866007,7.73470163435956,0.798175598631699,1.33029266438617,0.285109983079526,0.732937685459941,7.48135198135198,25.4586419753086,21.5577889447236,16.8988764044944,0.582554517133956,0.618155619596542,2.66331658291457,5.92964824120603,1.50753768844221,3.21608040201005,0.461059190031153,6.31128991702288,8.45495722194263,2.06341217916457,1.40915953699044,0.389408099688474,0.672,3.7196531791907503,25.0493243243243,12.768541005043886,50
17.3139158576052,15.4534109816972,0.524576271186441,0.567629179331307,3.37494220989367,8.32177531206657,2.03421174294961,3.51363846509478,0.532203389830509,2.96892980437284,5.04124656278643,0.710357470210816,1.46654445462878,0.183050847457627,0.75,7.50905797101449,25.2363057324841,28.3490294061119,23.5334833016093,0.556412729026037,0.615189873417722,8.07226600038439,19.142802229483,3.40188352873342,7.0344032289064,0.51205400192864,3.15920875744191,5.14296680099789,0.422183841872961,1.55440414507772,0.189971070395371,0.695431472081218,6.88241106719368,26.8847457627119,34.3373493975904,30.2603036876356,0.571259842519685,0.602899575671853,11.5461847389558,27.0682730923695,5.22088353413655,6.64658634538153,0.311811023622047,5.48027702499247,9.51234196267309,0.78266104756171,1.40477623921333,0.301574803149606,0.744125326370757,7.38215102974828,26.7815656565657,20.4647478214946,16.0379596678529,0.597222222222222,0.618022328548644,2.2181146025878,5.83575389490362,1.29390018484288,2.98389226300502,0.428819444444444,3.89130721540694,5.69319978914075,0.685292567211386,1.18608328940432,0.324652777777778,0.716577540106952,5.42492401215806,24.7931174089069,17.1671896010758,12.5151883353584,0.721973094170404,0.719924812030075,2.5997310623039,6.81308830121022,1.92738682205289,4.39264903630659,0.0134529147982062,6.02733587273135,8.5573476702509,2.28494623655914,1.38888888888889,0.807174887892377,0.805555555555556,2.57909090909091,26.4,8.082474226804123,50
31.0254392866509,27.1369485294118,0.5295,0.549256505576208,5.95331759769211,14.1096249672174,2.7799632835038,4.5371098872279,0.459,2.79020794946038,4.49141347424042,0.634081902245707,1.21532364597094,0.186,0.623655913978495,8.00332717190388,25.6956427015251,25.4340685124355,26.7651888341544,0.445344129554656,0.494515539305302,10.6992022524636,25.4809948381042,4.92726419521352,5.81886438291882,0.352226720647773,4.70256289677874,8.6239396795476,0.56550424128181,2.92177191328935,0.220647773279352,0.559633027522936,8.8290625,25.6942528735632,29.0064516129032,23.4042553191489,0.548271752085817,0.592651757188498,4.85161290322581,11.5870967741935,2.65806451612903,5.93548387096774,0.522050059594756,3.46701164294955,5.73281452658885,1.01167315175097,1.4526588845655,0.251489868891538,0.701421800947867,5.55336658354115,26.7662100456621,41.2423055400112,33.476599808978,0.56988188976378,0.603109656301146,8.89759373251259,22.7196418578623,5.03637381085618,13.4862898712927,0.0255905511811023,6.06571187868576,7.89177001127396,1.52198421645998,2.08568207440812,0.555118110236221,0.638297872340426,4.13232323232323,28.7307692307692,16.6792074241284,14.4126571304725,0.54786150712831,0.57032590051458,2.48306997742664,5.94431903686983,2.05668422372711,5.11662904439428,0.0020366598778004,7.54267068273092,8.69128359708616,2.46169304194926,0.929414719919618,0.782077393075356,0.591145833333333,2.66816326530612,42.5,15.238095238095228,50
20.2263926124516,20.0742508618404,0.462204724409449,0.495594713656388,4.97467977360739,12.2132856717307,2.32350312779267,3.2171581769437,0.48503937007874,3.5490605427975,5.79277396237683,0.418035234398328,1.10480740519558,0.223622047244094,0.577464788732394,6.82324159021407,25.0272727272727,33.5950337776155,27.6682418119602,0.563907044299201,0.605596269153897,7.74146430527661,19.0980463757532,3.61511776519993,5.97042176373927,0.486564996368918,3.65150544522742,6.67889908256881,0.311926605504587,1.26605504587156,0.163398692810458,0.657777777777778,7.47708628005658,26.4925261584454,20.6671501087745,20.0709906421426,0.501082251082251,0.54293893129771,6.0188542422045,14.902102973169,3.55329949238579,5.14865844815083,0.257575757575758,5.26029385089788,7.47731397459165,0.508166969147005,2.21415607985481,0.413419913419913,0.612565445026178,4.50466472303207,25.3042016806723,21.2017167381974,18.3114880493446,0.558201058201058,0.592771084337349,5.62231759656652,13.5622317596567,2.57510729613734,3.73390557939914,0.555555555555556,3.88182014233341,6.67533593411357,0.563502384048548,1.64716081491114,0.235449735449735,0.685393258426966,4.85178571428572,25.0109523809524,26.5798905866818,23.8896366083446,0.520664869721474,0.557494052339413,6.35729107715525,15.8837955102811,3.0371627994718,6.16864742501415,0.198562443845463,7.06603773584906,10.6435176448387,1.00018871485186,1.84940554821664,0.238993710691824,0.699248120300752,7.87656950672646,25.3677272727273,6.985294117647058,50
22.6860254083485,20.6923995224831,0.505605381165919,0.532051282051282,9.21052631578947,21.7332123411978,2.35934664246824,2.45009074410163,0.573991031390135,2.35400633770937,4.0650406504065,0.722673893405601,1.76151761517615,0.170403587443946,0.473684210526316,6.58789473684211,26.03984375,19.1056910569106,16.7666303162486,0.510968921389397,0.531304347826087,5.84740462789243,14.5716072545341,1.28205128205128,2.00125078173859,0.570383912248629,2.50388802488336,3.52722772277228,0.525990099009901,2.0730198019802,0.16636197440585,0.505494505494506,8.92340425531915,25.4275641025641,23.7110016420361,19.7140381282496,0.569737954353339,0.585158150851582,5.02463054187192,12.2331691297209,2.16748768472906,1.9376026272578,0.391377852916314,2.12155963302752,3.07289964040536,0.70284406668846,1.2258908139915,0.202874049027895,0.758333333333333,7.91680555555556,25.2822510822511,24.4325521313896,19.8669047232592,0.557673509286413,0.589572192513369,3.02638863258904,7.23380697545673,1.8822661007566,4.17051116442148,0.449657869012708,3.30380214101144,4.81816503599779,1.19992615839025,2.03064426804504,0.376344086021505,0.654545454545455,4.52326820603908,24.656455142232,34.4429214803211,27.2160664819945,0.584362139917696,0.633598841419261,4.30781280595261,9.57509300959467,3.75954572155865,8.00861562561191,0.278189300411523,9.04176904176904,13.9700078926598,0.986582478295186,1.40094711917916,0.420576131687243,0.669275929549902,4.73192702394527,26.4547337278107,36.6025641025641,49
31.2139708375721,29.2204899777283,0.490552325581395,0.56141975308642,14.9203119701594,34.4354018311292,6.01898948796202,9.51169888097661,0.46656976744186,2.00305550840265,3.39904826648538,0.203942895989123,1.54656696125085,0.157703488372093,0.525345622119816,8.15476839237057,27.6771028037383,19.6196745291644,18.1658692185008,0.536876355748373,0.545223577235772,6.07057963064546,14.499908575608,2.83415615286158,2.5598829767782,0.254880694143167,4.09671532846715,5.91877617920233,1.00163904571116,4.17046075396103,0.341648590021692,0.653968253968254,5.04890829694323,26.1314893617021,23.9003305364861,20.7896497880883,0.535301668806162,0.558333333333333,2.33918128654971,5.92423086702263,2.33918128654971,3.78845664886855,0.441591784338896,3.42021614748888,4.62868769074262,0.940996948118006,1.32248219735504,0.333761232349166,0.611538461538462,4.58850574712644,24.7440233236152,29.2787944025834,22.7866128649418,0.572834645669291,0.618451025056948,2.47578040904198,6.0010764262648,2.20667384284177,6.83530678148547,0.509186351706037,3.46774193548387,5.74650912996778,0.349087003222342,1.34264232008593,0.18503937007874,0.617021276595745,7.36711229946524,25.1723514211886,22.4188790560472,17.3280159521436,0.603221083455344,0.634146341463415,3.8121170864533696,9.1218515997277,2.04220558202859,4.90129339686862,0.216691068814056,7.47674154753801,9.96142500567279,1.52030859995462,1.56569094622192,0.546120058565154,0.702412868632708,3.23102803738318,24.6210884353742,-8.636219974715544,49
24.3819844226211,23.5889570552147,0.53125,0.545454545454545,11.8862174060278,28.9536065018625,3.6911615306468,2.60751777853031,0.078525641025641,3.25518637206949,5.00672043010753,0.705645161290323,2.78897849462366,0.309294871794872,0.642487046632124,7.66765217391304,26.1061224489796,13.0451866404715,11.2399016508606,0.536585365853659,0.555369127516779,3.33988212180747,7.66208251473477,0.864440078585462,1.06090373280943,0.693379790940767,3.45635618043351,5.16304347826087,0.543478260869565,1.47515527950311,0.209059233449477,0.683333333333333,4.31704545454545,24.4050251256281,26.0419013291282,22.9647630619684,0.515826494724502,0.574425574425574,3.06375309754449,7.36652399189007,3.04122550123902,7.47916197341744,0.337631887456038,4.30433805349517,6.63825969948419,0.538237272931151,1.0540479928235,0.343493552168816,0.614334470989761,6.48371681415929,26.24375,25.6307692307692,19.8063623789765,0.621035058430718,0.64175654853621,3.93846153846154,9.10769230769231,2.09230769230769,3.50769230769231,0.502504173622705,4.89230769230769,8.06153846153846,0.861538461538462,1.41538461538462,0.340567612687813,0.784313725490196,3.7724832214765103,25.9232558139535,30.0800609988563,24.5305770887166,0.571912013536379,0.599544072948328,5.01334349980938,12.1044605413649,2.07777354174609,5.87113991612657,0.274111675126904,5.13894175866007,7.73470163435956,0.798175598631699,1.33029266438617,0.285109983079526,0.732937685459941,7.48135198135198,25.4586419753086,6.237406118336693,49
36.5405405405405,29.5610687022901,0.550833333333333,0.60310021629416,10.2702702702703,23.7189189189189,3.54594594594595,9.68648648648649,0.330833333333333,2.02688055495339,3.47750489024125,0.173875244512063,1.30406433384047,0.188333333333333,0.641592920353982,8.58742216687422,25.6345088161209,18.1018119068162,15.4208447280462,0.578673602080624,0.612018669778296,7.79982743744607,18.8610871440897,2.72648835202761,3.53753235547886,0.327698309492848,6.3468825353083,9.90201134605467,0.464156781846313,2.04572803850782,0.449934980494148,0.708092485549133,4.49419729206963,25.2230158730159,23.7110016420361,19.7140381282496,0.569737954353339,0.585158150851582,5.02463054187192,12.2331691297209,2.16748768472906,1.9376026272578,0.391377852916314,2.12155963302752,3.07289964040536,0.70284406668846,1.2258908139915,0.202874049027895,0.758333333333333,7.91680555555556,25.2822510822511,24.4325521313896,19.8669047232592,0.557673509286413,0.589572192513369,3.02638863258904,7.23380697545673,1.8822661007566,4.17051116442148,0.449657869012708,3.30380214101144,4.81816503599779,1.19992615839025,2.03064426804504,0.376344086021505,0.654545454545455,4.52326820603908,24.656455142232,15.7039711191336,11.3981762917933,0.660714285714286,0.669230769230769,2.34657039711191,5.77617328519856,1.80505415162455,3.42960288808664,0.0,8.95390070921986,8.53658536585366,3.13588850174216,2.78745644599303,0.946428571428571,0.679245283018868,1.07142857142857,0.0,-28.3426834969612,49
24.162633107454,19.9210029194573,0.58029197080292,0.605442176870748,6.98935140367861,17.0377541142304,2.53630203291384,3.11713455953533,0.720542231491137,3.3074684772066,5.32555879494655,1.55490767735666,1.39941690962099,0.10740354535975,0.718446601941748,7.06455223880597,26.0400868306802,32.0421728168691,28.6813854567551,0.51520572450805,0.55622009569378,6.55512262204905,16.6628466651387,3.71304148521659,7.38024295209718,0.320214669051878,4.20919830255763,6.54269972451791,0.436179981634527,1.67584940312213,0.268336314847943,0.676666666666667,7.35631578947368,26.0650837988827,19.9867855963,14.3635321100917,0.626582278481013,0.631799163179916,2.11430459200529,5.41790551701355,0.7598282127519,0.363396101750909,0.841772151898734,3.71291231559755,5.988023952095809,0.432468396540253,1.36393878908849,0.0675105485232067,0.71875,8.86133333333333,25.5932330827068,36.4528301886792,30.6823841939233,0.537201365187713,0.582471089470481,8.13207547169811,21.0943396226415,3.94339622641509,8.30188679245283,0.496928327645051,5.89515518546556,10.9149582384207,0.721336370539104,1.44267274107821,0.227986348122867,0.724550898203593,7.54436906377205,26.6873626373626,16.2832929782082,13.9850825785828,0.546637744034707,0.561586638830898,3.87409200968523,10.3208232445521,1.39225181598063,1.1501210653753,0.681127982646421,5.58921538927598,8.79320800485143,1.54639175257732,1.09157064887811,0.164859002169197,0.697368421052632,5.37959183673469,25.321974522293,26.76236044657098,49
25.3840526700805,22.0877458396369,0.532058492688414,0.556149732620321,4.46232626188735,10.8997805413314,2.14581809314801,2.92611558156547,0.482564679415073,3.11203319502075,5.39946249694601,0.806254580991938,2.05228438797948,0.168728908886389,0.62,9.43891304347826,25.5795774647887,26.6278809577087,25.9763313609467,0.476214574898785,0.521929824561404,7.42895502349519,18.2143656298948,3.96061758782726,7.69747147012755,0.337044534412955,3.31066770705607,4.62016881386051,0.488671701466015,1.64371390493114,0.367408906882591,0.628099173553719,5.60732824427481,26.4498498498498,20.2032721864155,16.9372531812198,0.548872180451128,0.581545064377682,2.75161130391671,6.3708477937531,1.83440753594447,2.33019335647001,0.721804511278195,3.94785847299814,6.24222830141756,0.870430241233524,1.51703556329271,0.189473684210526,0.634920634920635,4.00162162162162,25.1535416666667,25.6215650353311,21.3235294117647,0.538311688311688,0.575205640423032,3.27139492279508,8.13923056791416,2.01517927244177,5.07720492017796,0.355844155844156,4.86047425651775,6.79433368310598,0.577124868835257,1.28541448058762,0.411688311688312,0.67192429022082,3.71754032258065,25.0843065693431,21.7930545712261,18.7112763320942,0.565310492505353,0.59021113243762,4.53579021970234,10.9496810772502,2.94117647058824,4.42948263642807,0.197002141327623,6.21908127208481,7.92811839323467,0.951374207188161,1.58562367864693,0.618843683083512,0.681660899653979,3.14693333333333,25.0163043478261,17.14285714285714,49
28.8701246481705,24.0652135388978,0.543264942016057,0.579656862745098,8.10213108162445,19.2601527945316,2.77442702050663,4.94571773220748,0.354148082069581,2.63608008854009,4.3705941591138,0.664652567975831,1.83282980866062,0.189116859946476,0.641509433962264,9.79406077348066,26.0682619647355,22.6526891522334,23.693729903537,0.505415162454874,0.530416221985059,10.4147675478578,23.0856882406563,5.51504102096627,5.30993618960802,0.350180505415162,4.18652144315861,6.03253502033439,0.835969272480795,2.39493899683687,0.38748495788207,0.645962732919255,5.35148148148148,25.2164948453608,22.0852221214869,15.9327461969576,0.633982947624848,0.666301969365427,3.71713508612874,8.73980054397099,1.4687216681777,3.88032638259293,0.272838002436054,3.71074305367002,5.63787495482472,0.668594145283701,1.53595952294904,0.517661388550548,0.717647058823529,4.05276381909548,25.325,26.0383684112498,20.2260072060269,0.595896946564886,0.61660777385159,3.07319798845223,7.15216986403427,1.93704600484262,3.6133358167256495,0.466603053435115,5.02793296089386,7.4846397318935,0.707503258238689,0.930925339787749,0.278625954198473,0.73972602739726,7.01520572450805,26.1333333333333,14.9928263988522,13.0380536494074,0.65,0.618343195266272,3.80200860832138,8.4648493543759,2.86944045911047,4.59110473457676,0.0,10.1356174161313,14.2045454545455,1.91761363636364,1.13636363636364,0.785714285714286,0.718181818181818,2.30142857142857,0.0,-0.0824572253143713,48
17.6002766251729,14.4034177601465,0.567216981132076,0.581050228310502,3.7344398340249,9.16320885200553,1.21023513139696,1.00276625172891,0.867924528301887,2.72049904695893,4.13337964571032,0.486279958318861,1.84091698506426,0.0896226415094339,0.710526315789474,4.88214285714286,25.4375,30.2341597796143,23.4256160632796,0.605987055016181,0.645066273932253,8.16115702479339,19.8347107438017,3.16804407713499,5.09641873278237,0.409385113268608,2.99204427533725,4.27380125086866,0.104239054899236,2.71021542738013,0.145631067961165,0.533333333333333,7.75205479452055,26.9782608695652,29.2787944025834,22.7866128649418,0.572834645669291,0.618451025056948,2.47578040904198,6.0010764262648,2.20667384284177,6.83530678148547,0.509186351706037,3.46774193548387,5.74650912996778,0.349087003222342,1.34264232008593,0.18503937007874,0.617021276595745,7.36711229946524,25.1723514211886,12.4610591900312,10.448275862069,0.560885608856089,0.569395017793594,2.9595015576324,7.43769470404985,0.856697819314642,1.16822429906542,0.819188191881919,4.83495145631068,7.66847405112316,0.774593338497289,1.62664601084431,0.132841328413284,0.75,4.08571428571429,24.7207207207207,29.2314526876944,23.2971372161895,0.604304635761589,0.635748792270531,5.01999111505997,12.9498000888494,3.22079075966237,6.7747667703243,0.253863134657837,7.33607926082601,11.0466413746931,2.52175853604106,1.36130328051774,0.47682119205298,0.761574074074074,4.02115384615385,25.3230434782609,20.060331825037707,48
17.1032357473035,12.8820466379896,0.639008620689655,0.666,3.08166409861325,7.421674370826911,1.82331792501284,2.2085259373395,0.691810344827586,2.7064981488574,3.85884742320386,1.5993907083016,3.07184564610307,0.135775862068966,0.793650793650794,7.17412587412588,25.3725,26.2206572769953,24.1742361684558,0.512779552715655,0.547783251231527,8.49765258215962,19.7652582159624,3.73239436619718,4.17840375586855,0.45580404685836,2.87998119195956,5.06239698610784,0.894749234753944,1.43630798210502,0.193823216187433,0.615384615384615,7.35714285714286,26.3570093457944,19.4017094017094,17.5132676269901,0.53476821192053,0.543130990415335,4.44444444444445,10.5982905982906,1.90883190883191,1.3960113960114,0.647350993377484,2.92397660818713,4.99857183661811,0.656955155669809,1.88517566409597,0.167218543046358,0.732673267326733,6.17089201877934,25.7028132992327,30.2815654329733,24.9490036089754,0.509174311926605,0.567631224764468,6.05631308659465,15.2824508588631,1.85939436869134,7.80945634850363,0.195718654434251,2.64818270683373,4.42383160899037,0.570816981805209,1.10595790224759,0.091743119266055,0.716666666666667,12.6577946768061,26.3854901960784,26.8581759742869,21.6619318181818,0.626539753639418,0.65603532875368,8.49738850944154,20.148654077943,4.05785456006428,5.80554439533949,0.174692049272116,9.78359335681933,14.2223118821868,0.524510792818237,0.968327617510591,0.522956326987682,0.69593147751606,4.36689280868385,25.9711538461538,20.166753517457,48
32.1934945788157,27.0101195952162,0.562180579216354,0.599063962558502,10.5504587155963,24.9791492910759,3.9407839866555503,5.31693077564637,0.450596252129472,2.23685585868088,3.50031439949696,0.23055963110459,1.90735694822888,0.178875638841567,0.614285714285714,8.11720930232558,26.25,36.6911130284728,30.7809523809524,0.531439393939394,0.57443915703603,7.63589301121657,19.1328731665229,3.21397756686799,7.80845556514236,0.479545454545455,3.47957639939486,5.73841489822434,0.368124729320052,2.05716760502382,0.190151515151515,0.605577689243028,8.39475982532751,26.4044233807267,17.8612059158134,14.675540765391,0.593833780160858,0.606958762886598,5.99165718619644,13.8414865377323,2.04778156996587,1.28934395145999,0.785522788203753,4.11374407582938,6.21683093252464,0.45489006823351,0.985595147839272,0.158176943699732,0.745762711864407,2.97875,25.4122866894198,12.4610591900312,10.448275862069,0.560885608856089,0.569395017793594,2.9595015576324,7.43769470404985,0.856697819314642,1.16822429906542,0.819188191881919,4.83495145631068,7.66847405112316,0.774593338497289,1.62664601084431,0.132841328413284,0.75,4.08571428571429,24.7207207207207,23.1868824889636,15.9179145867998,0.70625,0.720915032679739,3.32142106369561,8.03027117931469,2.03910027328148,5.82299768761825,0.0078125,8.37443593241683,12.1961441743504,1.52975691533948,1.61357921207041,0.6625,0.778301886792453,3.39653543307087,25.42,13.795918367346928,48
17.3139158576052,15.4534109816972,0.524576271186441,0.567629179331307,3.37494220989367,8.32177531206657,2.03421174294961,3.51363846509478,0.532203389830509,2.96892980437284,5.04124656278643,0.710357470210816,1.46654445462878,0.183050847457627,0.75,7.50905797101449,25.2363057324841,28.3490294061119,23.5334833016093,0.556412729026037,0.615189873417722,8.07226600038439,19.142802229483,3.40188352873342,7.0344032289064,0.51205400192864,3.15920875744191,5.14296680099789,0.422183841872961,1.55440414507772,0.189971070395371,0.695431472081218,6.88241106719368,26.8847457627119,34.3373493975904,30.2603036876356,0.571259842519685,0.602899575671853,11.5461847389558,27.0682730923695,5.22088353413655,6.64658634538153,0.311811023622047,5.48027702499247,9.51234196267309,0.78266104756171,1.40477623921333,0.301574803149606,0.744125326370757,7.38215102974828,26.7815656565657,15.1156387665198,12.6391293593866,0.596551724137931,0.603296703296703,2.47797356828194,6.33259911894273,1.54185022026432,1.23898678414097,0.72183908045977,3.39892665474061,4.59422283356259,0.63273727647868,1.59559834938102,0.204597701149425,0.606741573033708,3.37107438016529,25.037898089172,36.5507246376812,30.8133472367049,0.535714285714286,0.588152985074627,5.2463768115942,12.5507246376812,3.27536231884058,10.695652173913,0.136263736263736,8.54824688496088,13.2097334878331,3.18655851680185,1.70915411355736,0.357142857142857,0.723076923076923,7.45419847328244,25.8491935483871,29.73267326732673,48
20.752688172043,19.8186933416693,0.498080614203455,0.525547445255475,9.2831541218638,21.3978494623656,3.08243727598566,2.65232974910394,0.593090211132438,2.44868563197695,3.94356005788712,0.506512301013025,2.67727930535456,0.151631477927063,0.544303797468354,6.51603773584906,25.6980582524272,18.0371352785146,17.4074074074074,0.464401294498382,0.502967359050445,4.45623342175066,10.7161803713528,2.06896551724138,3.44827586206897,0.262135922330097,4.36750998668442,6.63101604278075,0.53475935828877,1.81818181818182,0.320388349514563,0.616161616161616,6.24429824561404,24.7901234567901,22.2627737226277,18.6581469648562,0.558467741935484,0.57824427480916,2.84671532846715,7.00729927007299,2.18978102189781,2.55474452554745,0.520161290322581,2.30600292825769,3.30396475770925,0.293685756240822,1.54185022026432,0.221774193548387,0.581818181818182,6.6546218487395,25.3201550387597,21.0295728368018,18.9202102245581,0.561567164179105,0.6,7.00985761226725,16.1007667031763,4.16210295728368,5.91456736035049,0.294776119402985,5.66868464501926,7.9646017699115,1.05088495575221,1.82522123893805,0.402985074626866,0.638888888888889,5.45132275132275,25.8379746835443,16.6792074241284,14.4126571304725,0.54786150712831,0.57032590051458,2.48306997742664,5.94431903686983,2.05668422372711,5.11662904439428,0.0020366598778004,7.54267068273092,8.69128359708616,2.46169304194926,0.929414719919618,0.782077393075356,0.591145833333333,2.66816326530612,42.5,-27.83505154639176,48
14.4082332761578,13.8401559454191,0.55672268907563,0.574363992172211,8.89487870619946,21.3673119333497,3.13648615535408,2.05831903945112,0.44327731092437,2.04631785320426,3.23529411764706,0.392156862745098,1.76470588235294,0.329831932773109,0.592356687898089,4.98641509433962,25.8580952380952,33.5950337776155,27.6682418119602,0.563907044299201,0.605596269153897,7.74146430527661,19.0980463757532,3.61511776519993,5.97042176373927,0.486564996368918,3.65150544522742,6.67889908256881,0.311926605504587,1.26605504587156,0.163398692810458,0.657777777777778,7.47708628005658,26.4925261584454,22.8659389868458,19.3353474320242,0.580693815987934,0.595168374816984,4.9258326336412,11.4469633361321,2.40694094598377,1.48334732717604,0.728506787330317,2.34913489942327,4.21380090497738,0.169683257918552,1.13122171945701,0.144796380090498,0.65625,4.58277777777778,25.5865424430642,13.2593619972261,11.4067504311407,0.571611253196931,0.584352078239609,3.10679611650485,7.57281553398058,1.49791955617198,1.19278779472954,0.595907928388747,3.48595933047448,4.96688741721854,1.02097130242826,1.87637969094923,0.237851662404092,0.666666666666667,4.23860759493671,24.6944206008584,26.5798905866818,23.8896366083446,0.520664869721474,0.557494052339413,6.35729107715525,15.8837955102811,3.0371627994718,6.16864742501415,0.198562443845463,7.06603773584906,10.6435176448387,1.00018871485186,1.84940554821664,0.238993710691824,0.699248120300752,7.87656950672646,25.3677272727273,14.820574162679437,48
25.547119249665,19.0098626958035,0.619515011547344,0.632630410654828,6.23046002679768,15.4086645824029,1.85350602947744,1.87583742742296,0.722863741339492,3.43669539908206,4.60157126823794,0.314253647586981,1.5712682379349,0.146651270207852,0.755905511811024,6.77958333333333,26.9126198083067,24.162633107454,19.9210029194573,0.58029197080292,0.605442176870748,6.98935140367861,17.0377541142304,2.53630203291384,3.11713455953533,0.720542231491137,3.3074684772066,5.32555879494655,1.55490767735666,1.39941690962099,0.10740354535975,0.718446601941748,7.06455223880597,26.0400868306802,19.9867855963,14.3635321100917,0.626582278481013,0.631799163179916,2.11430459200529,5.41790551701355,0.7598282127519,0.363396101750909,0.841772151898734,3.71291231559755,5.988023952095809,0.432468396540253,1.36393878908849,0.0675105485232067,0.71875,8.86133333333333,25.5932330827068,36.4528301886792,30.6823841939233,0.537201365187713,0.582471089470481,8.13207547169811,21.0943396226415,3.94339622641509,8.30188679245283,0.496928327645051,5.89515518546556,10.9149582384207,0.721336370539104,1.44267274107821,0.227986348122867,0.724550898203593,7.54436906377205,26.6873626373626,18.573996405033,14.0560165975104,0.650246305418719,0.670995670995671,2.69622528460156,7.18993409227082,2.39664469742361,3.654883163571,0.0147783251231527,7.04898446833931,8.7552114353782,2.50148898153663,1.07206670637284,0.714285714285714,0.710344827586207,3.1375,36.2,29.427414690572576,48
34.4923154446964,29.8407000224366,0.510999083409716,0.560330578512397,7.98689846308894,19.9294532627866,3.12421264802217,7.2814310909549,0.438130155820348,2.19974715549937,4.03450900786602,0.532859680284192,2.30905861456483,0.29147571035747,0.591194968553459,6.00880913539967,26.7225941422594,10.4229607250755,10.3494623655914,0.474358974358974,0.518796992481203,7.25075528700906,17.5226586102719,1.58610271903323,2.49244712990937,0.752136752136752,2.526395173454,4.21686746987952,0.828313253012048,2.48493975903614,0.0512820512820512,0.666666666666667,9.05862068965517,26.8670454545455,14.6081247435371,14.787701317716,0.485197368421053,0.511494252873563,3.89823553549446,9.76610586787033,2.29790726302831,4.02133771029955,0.338815789473684,3.62704918032787,5.07572656569791,0.941465411379452,1.8829308227589,0.276315789473684,0.595238095238095,8.5726368159204,25.2844660194175,21.6280735259012,19.02842596521,0.517543859649123,0.553855569155447,2.57818095010742,6.37383623776558,1.90976366674624,4.41632847935068,0.326585695006748,4.37990954534635,6.43247092333254,0.712081652029433,2.18371706622359,0.388663967611336,0.670138888888889,4.4813627254509,25.395867768595,19.6644295302013,18.9516129032258,0.506410256410256,0.534671532846715,2.28187919463087,5.36912751677852,3.6912751677852302,6.04026845637584,0.0854700854700854,10.3230103230103,13.2848645076008,1.18968935888962,2.57766027759418,0.645299145299145,0.589403973509934,3.1714953271028,28.605,-17.3224624837528,47
34.4923154446964,29.8407000224366,0.510999083409716,0.560330578512397,7.98689846308894,19.9294532627866,3.12421264802217,7.2814310909549,0.438130155820348,2.19974715549937,4.03450900786602,0.532859680284192,2.30905861456483,0.29147571035747,0.591194968553459,6.00880913539967,26.7225941422594,18.992744344857,16.9242367131549,0.546296296296296,0.55625,2.9449423815621,6.95689287238583,2.0913358941528,1.9632949210414,0.502645502645503,3.15699658703072,4.34968017057569,0.682302771855011,1.91897654584222,0.243386243386243,0.630434782608696,6.46914893617021,25.3584210526316,20.9284028324154,20.2157272094642,0.441684665226782,0.500945179584121,3.81589299763965,9.40204563335956,2.0456333595594,6.01888276947286,0.460043196544276,4.20762878489972,6.40723270440252,0.511006289308176,1.25786163522013,0.285097192224622,0.598484848484849,5.3324,26.8361502347418,21.6280735259012,19.02842596521,0.517543859649123,0.553855569155447,2.57818095010742,6.37383623776558,1.90976366674624,4.41632847935068,0.326585695006748,4.37990954534635,6.43247092333254,0.712081652029433,2.18371706622359,0.388663967611336,0.670138888888889,4.4813627254509,25.395867768595,20.3875763206796,16.7451719265191,0.593250444049734,0.614583333333333,3.9288558534643,9.4770374303159,2.30953013007698,3.66339262012211,0.486678507992895,5.24220305242203,6.92675159235669,0.636942675159236,1.53927813163482,0.383658969804618,0.712962962962963,3.31072664359862,26.0051094890511,25.0,47
15.6942823803967,15.9212571231221,0.49331550802139,0.513427109974425,7.07895760404512,17.1917541812524,2.74212368728121,1.65305328665889,0.544117647058824,3.31454121306376,5.98523124757093,0.408083948698018,1.04935872522347,0.121657754010695,0.538461538461538,10.4856304985337,26.2796068796069,32.560861423221,28.6159600997506,0.544034090909091,0.587585034013605,7.06928838951311,16.6666666666667,4.77528089887641,6.41385767790262,0.589015151515152,2.38598965679361,4.0604343720491,0.637393767705383,2.03021718602455,0.207386363636364,0.680365296803653,6.15322580645161,27.616077170418,15.6914893617021,16.1092793217146,0.476190476190476,0.500850340136055,4.49468085106383,11.0372340425532,2.57978723404255,2.47340425531915,0.648351648351648,3.7903976592632,6.27826549614259,1.33014099494546,1.80899175312583,0.201465201465201,0.572727272727273,5.23489583333333,26.5635593220339,19.4563662374821,15.495608531995,0.600973236009732,0.616780045351474,2.14592274678112,5.1859799713877,1.931330472103,2.61087267525036,0.469586374695864,6.25,8.47517730496454,1.38297872340426,2.30496453900709,0.369829683698297,0.730263157894737,3.24862385321101,26.0145077720207,22.5772928033255,23.5484617164007,0.457125603864734,0.480641592920354,4.18290465055859,10.0025980774227,2.9618082618862,4.28682774746688,0.411835748792271,5.63836681788723,8.04449042938438,2.61251939989653,1.13812726332126,0.230676328502415,0.638743455497382,6.35605749486653,25.9266862170088,-3.0,47
21.2371134020619,17.2891707775429,0.567732115677321,0.592219020172911,2.24226804123711,5.38659793814433,1.08247422680412,2.37113402061856,0.659056316590563,2.16634429400387,3.81935483870968,0.129032258064516,1.85806451612903,0.0882800608828006,0.53448275862069,10.4147321428571,25.6237875288684,15.8094681472823,12.6636387924125,0.612028301886793,0.623271889400922,3.15604909409702,8.32846288720047,1.16890707188779,0.789012273524255,0.856132075471698,2.54945054945055,4.58419042021746,0.205700852189245,1.08727593300029,0.0306603773584905,0.615384615384615,12.7360655737705,25.8911845730028,25.4791804362194,25.6563245823389,0.491564417177914,0.532458563535912,8.46001321877066,20.6543291473893,4.49438202247191,5.58493060145407,0.271472392638037,4.58216581506511,7.76060506412364,0.427490956922065,2.6635975008221,0.211656441717791,0.623188405797101,9.36231578947368,25.8225988700565,23.767258382643,23.9760903254372,0.492924528301887,0.513874066168623,3.74753451676529,9.4181459566075,3.59960552268245,4.98027613412229,0.369103773584906,4.55833435998522,7.78133464663876,0.46786505786752,0.886481162275302,0.275943396226415,0.705128205128205,6.15663551401869,26.0095846645367,7.79014308426073,7.66016713091922,0.633802816901409,0.636363636363636,2.62321144674086,6.67726550079491,2.62321144674086,1.03338632750397,0.0,7.81746031746032,9.98415213946117,1.50554675118859,0.792393026941363,0.845070422535211,0.683333333333333,2.41549295774648,0.0,2.061855670103085,47
34.4923154446964,29.8407000224366,0.510999083409716,0.560330578512397,7.98689846308894,19.9294532627866,3.12421264802217,7.2814310909549,0.438130155820348,2.19974715549937,4.03450900786602,0.532859680284192,2.30905861456483,0.29147571035747,0.591194968553459,6.00880913539967,26.7225941422594,18.992744344857,16.9242367131549,0.546296296296296,0.55625,2.9449423815621,6.95689287238583,2.0913358941528,1.9632949210414,0.502645502645503,3.15699658703072,4.34968017057569,0.682302771855011,1.91897654584222,0.243386243386243,0.630434782608696,6.46914893617021,25.3584210526316,21.6280735259012,19.02842596521,0.517543859649123,0.553855569155447,2.57818095010742,6.37383623776558,1.90976366674624,4.41632847935068,0.326585695006748,4.37990954534635,6.43247092333254,0.712081652029433,2.18371706622359,0.388663967611336,0.670138888888889,4.4813627254509,25.395867768595,24.5568685376662,23.7417218543046,0.514035087719298,0.542483660130719,6.57311669128508,16.0635155096012,3.91432791728213,3.58197932053176,0.470175438596491,4.05780989438577,7.25176645593157,0.743770918557084,2.78914094458907,0.140350877192982,0.7375,10.8228476821192,26.0313432835821,20.3875763206796,16.7451719265191,0.593250444049734,0.614583333333333,3.9288558534643,9.4770374303159,2.30953013007698,3.66339262012211,0.486678507992895,5.24220305242203,6.92675159235669,0.636942675159236,1.53927813163482,0.383658969804618,0.712962962962963,3.31072664359862,26.0051094890511,-7.081339712918648,47
36.5405405405405,29.5610687022901,0.550833333333333,0.60310021629416,10.2702702702703,23.7189189189189,3.54594594594595,9.68648648648649,0.330833333333333,2.02688055495339,3.47750489024125,0.173875244512063,1.30406433384047,0.188333333333333,0.641592920353982,8.58742216687422,25.6345088161209,19.1056910569106,16.7666303162486,0.510968921389397,0.531304347826087,5.84740462789243,14.5716072545341,1.28205128205128,2.00125078173859,0.570383912248629,2.50388802488336,3.52722772277228,0.525990099009901,2.0730198019802,0.16636197440585,0.505494505494506,8.92340425531915,25.4275641025641,18.1018119068162,15.4208447280462,0.578673602080624,0.612018669778296,7.79982743744607,18.8610871440897,2.72648835202761,3.53753235547886,0.327698309492848,6.3468825353083,9.90201134605467,0.464156781846313,2.04572803850782,0.449934980494148,0.708092485549133,4.49419729206963,25.2230158730159,23.7110016420361,19.7140381282496,0.569737954353339,0.585158150851582,5.02463054187192,12.2331691297209,2.16748768472906,1.9376026272578,0.391377852916314,2.12155963302752,3.07289964040536,0.70284406668846,1.2258908139915,0.202874049027895,0.758333333333333,7.91680555555556,25.2822510822511,16.079762409843,14.8189209164819,0.516819571865444,0.532303370786517,2.33347475604582,5.47305897327111,1.90920661858294,2.92745014849385,0.110091743119266,6.67649536647009,9.03387703889586,1.75658720200753,1.96570472605604,0.581039755351682,0.621052631578947,3.97079037800687,23.8194444444444,-4.50561797752809,47
31.2139708375721,29.2204899777283,0.490552325581395,0.56141975308642,14.9203119701594,34.4354018311292,6.01898948796202,9.51169888097661,0.46656976744186,2.00305550840265,3.39904826648538,0.203942895989123,1.54656696125085,0.157703488372093,0.525345622119816,8.15476839237057,27.6771028037383,22.9111307942132,19.5044807590933,0.555926544240401,0.583458646616541,6.34780041334514,15.5890168290523,2.21434898139947,4.57632122822557,0.474123539232053,3.00963676797628,4.82430017867779,0.982727814175104,1.697438951757,0.323873121869783,0.644329896907217,4.66095238095238,24.9195035460993,19.6196745291644,18.1658692185008,0.536876355748373,0.545223577235772,6.07057963064546,14.499908575608,2.83415615286158,2.5598829767782,0.254880694143167,4.09671532846715,5.91877617920233,1.00163904571116,4.17046075396103,0.341648590021692,0.653968253968254,5.04890829694323,26.1314893617021,23.9003305364861,20.7896497880883,0.535301668806162,0.558333333333333,2.33918128654971,5.92423086702263,2.33918128654971,3.78845664886855,0.441591784338896,3.42021614748888,4.62868769074262,0.940996948118006,1.32248219735504,0.333761232349166,0.611538461538462,4.58850574712644,24.7440233236152,22.4188790560472,17.3280159521436,0.603221083455344,0.634146341463415,3.8121170864533696,9.1218515997277,2.04220558202859,4.90129339686862,0.216691068814056,7.47674154753801,9.96142500567279,1.52030859995462,1.56569094622192,0.546120058565154,0.702412868632708,3.23102803738318,24.6210884353742,-9.450549450549444,47
26.7361794216014,21.502313990744,0.581510934393638,0.610502283105023,13.240212472949,31.7529018296282,2.36081054495377,4.36749950816447,0.558648111332008,2.54865158549837,4.28571428571429,0.972222222222222,2.08333333333333,0.129224652087475,0.715384615384615,9.34977477477478,27.1811387900356,13.0451866404715,11.2399016508606,0.536585365853659,0.555369127516779,3.33988212180747,7.66208251473477,0.864440078585462,1.06090373280943,0.693379790940767,3.45635618043351,5.16304347826087,0.543478260869565,1.47515527950311,0.209059233449477,0.683333333333333,4.31704545454545,24.4050251256281,23.3895373973195,17.5893207695328,0.617414248021108,0.656934306569343,2.33463035019455,5.44747081712062,1.59965412883701,3.45871162991786,0.514511873350924,3.83125269048644,6.0437205315045,0.728675525075011,1.5002143163309,0.263852242744063,0.68,5.74076086956522,25.0558974358974,30.0800609988563,24.5305770887166,0.571912013536379,0.599544072948328,5.01334349980938,12.1044605413649,2.07777354174609,5.87113991612657,0.274111675126904,5.13894175866007,7.73470163435956,0.798175598631699,1.33029266438617,0.285109983079526,0.732937685459941,7.48135198135198,25.4586419753086,25.1798561151079,21.2517897320515,0.577065351418002,0.610021786492375,2.4955035971223,5.64298561151079,2.76528776978417,5.35071942446043,0.485819975339088,5.29213483146067,8.55795148247979,3.2345013477089,1.21293800539084,0.228113440197287,0.691891891891892,6.76882494004796,26.2195431472081,26.04166666666667,47
19.872851424535,17.9339171974522,0.482872200263505,0.511627906976744,7.84082882034377,18.4600894749235,2.04850482693666,3.20226041911938,0.60737812911726,2.6061320754717,4.4649184975194895,0.590597684857075,2.2206472950626,0.121212121212121,0.5,10.15,26.7431670281996,21.7651922281935,17.9743724767421,0.532960893854749,0.55421052631579,2.64572137246796,6.32492765605622,1.57089706490285,2.52170318313353,0.524022346368715,2.83585179051956,4.12520729684909,0.33167495854063,1.24378109452736,0.154189944134078,0.550724637681159,8.3981220657277,25.4429487179487,21.4791851195748,17.7208083832335,0.574605451936872,0.599505562422744,5.86802480070859,14.6368467670505,3.05580159433127,5.46944198405669,0.130559540889527,6.23893805309735,8.22281167108753,1.96728558797524,2.14412024756852,0.51219512195122,0.719887955182073,5.20082508250825,25.1604395604396,23.3882030178326,19.0516995144245,0.54226618705036,0.566445182724253,2.84636488340192,6.89300411522634,2.22908093278464,3.56652949245542,0.330935251798561,6.19756890943332,8.0,1.70940170940171,3.31623931623932,0.426258992805755,0.666666666666667,4.59354838709677,25.1142076502732,29.7457974579746,26.5380604796663,0.505249343832021,0.543445692883895,7.62607626076261,18.7576875768758,3.9770397703977,8.77408774087741,0.0787401574803149,8.11674917491749,10.8966376089664,1.26608551266086,1.74346201743462,0.416447944006999,0.651260504201681,5.89078822412156,26.1224719101124,52.15573556310424,46
35.3138330286411,31.9250066015316,0.503937007874016,0.564390243902439,11.0907982937233,26.2644728823888,5.63680682510664,9.71968312004875,0.32058492688414,3.13503593821685,5.2502302732576,0.368437212158428,1.87288916180534,0.293588301462317,0.628352490421456,6.14056291390729,26.6385964912281,18.8345950906171,15.8311868436695,0.526706231454006,0.560792349726776,3.07409956412021,7.29525120440468,1.58293186510668,3.0970406056435,0.580118694362018,3.07374698933364,4.15137614678899,0.18348623853211,1.00917431192661,0.166172106824926,0.696428571428571,7.32402826855124,24.7841025641026,28.0779826234372,23.1945467943994,0.56440511307768,0.596715328467153,7.81945327399873,19.0506463233736,3.58126721763085,4.1958041958042,0.411012782694199,4.44208289054198,7.58900021317416,0.596887657215945,1.70539330633127,0.248770894788594,0.675889328063241,7.0550918196995,25.7114832535885,22.6853146853147,18.4184914841849,0.575617283950617,0.591107871720117,5.25874125874126,12.9230769230769,1.98601398601399,2.62937062937063,0.503086419753086,5.82714665919597,9.0347923681257,0.813692480359147,1.45903479236813,0.240740740740741,0.730769230769231,5.30652173913044,25.6748466257669,20.4629319020463,16.0633484162896,0.603248259860789,0.634095634095634,2.18047635021805,5.53505535055351,2.9520295202952,4.26031533042603,0.120649651972158,9.15327978580991,10.550918196995,2.83806343906511,1.20200333889816,0.563805104408353,0.744855967078189,3.53087071240106,24.8365384615385,-5.401405845357019,46
23.045154185022,22.4700633951632,0.495620437956204,0.535851472471191,9.22356828193832,22.1640969162996,4.873348017621151,5.67180616740088,0.433576642335766,2.72952853598015,4.03092214246273,0.358917725013805,1.8774157923799,0.297810218978102,0.553921568627451,6.30386597938144,26.1531986531987,27.6354568125142,23.2246798603027,0.551008303677343,0.606573705179283,6.37043754250737,15.279981863523,4.44343686238948,8.43346180004534,0.405693950177936,5.89700056593096,9.3128390596745,0.791139240506329,1.60488245931284,0.384341637010676,0.654320987654321,4.33033932135729,25.5669590643275,21.6501439078989,19.5478356768679,0.466898954703833,0.524844720496895,3.22993284298049,7.83498560921011,2.07866965142309,5.30860249440358,0.515679442508711,2.60674876059491,4.38259756877799,1.47152911068458,1.31158029430582,0.25609756097561,0.462585034013605,6.43848920863309,24.9719594594595,16.9876733436055,14.5809224665234,0.552374301675978,0.570504527813713,3.37057010785824,8.43605546995378,2.09938366718028,2.42681047765794,0.502793296089386,4.33233850004814,5.3320500481232,0.962463907603465,2.23291626564004,0.35195530726257,0.623015873015873,2.98314606741573,24.8359331476323,23.5198040016333,20.1431127012522,0.572649572649573,0.581818181818182,2.61331155573704,6.4924458962842,2.81747652102899,2.44997958350347,0.0683760683760683,8.30605564648118,11.5621156211562,1.5990159901599,1.2710127101271,0.403846153846154,0.740740740740741,7.21422018348624,24.36875,-4.988179669030743,46
22.4685440383463,19.4342587742273,0.560810810810811,0.591482649842271,7.96884361893349,19.592570401438,3.23547034152187,3.0557219892151,0.513513513513514,2.06216377764495,3.04114490161002,0.238521168753727,2.20632081097197,0.155405405405405,0.695652173913044,8.62986111111111,25.9854304635762,27.9497907949791,22.1976401179941,0.579365079365079,0.588888888888889,2.90794979079498,6.94560669456067,1.73640167364017,2.92887029288703,0.715219421101774,2.2448337354453,3.51357037660425,0.105196717862403,1.53587208079108,0.0821661998132586,0.625,8.36196721311475,25.7457516339869,17.2935246219465,15.80204778157,0.50402144772118,0.5440097799511,2.52035672741373,6.5141527723924,2.09383481969756,3.2570763861962,0.60857908847185,4.17151726814125,6.33009708737864,0.466019417475728,1.20388349514563,0.211796246648794,0.582278481012658,5.7986301369863,25.4277533039648,21.0283315844701,17.7110210099521,0.533540372670808,0.570205479452055,3.39979013641133,8.3105981112277,1.78384050367261,3.48373557187828,0.327950310559006,4.53638559277539,7.71332492643968,1.19798234552333,1.55527532576713,0.216149068322981,0.741379310344828,7.47042513863216,24.6606870229008,14.7028862478778,12.5449101796407,0.584394904458599,0.616809116809117,4.17657045840408,10.5263157894737,2.30899830220713,2.95415959252971,0.168789808917197,6.76615228082076,9.11246612466125,3.42140921409214,0.948509485094851,0.576433121019108,0.679558011049724,3.50114942528736,25.3716981132075,2.335858585858574,46
14.7814910025707,13.5539568345324,0.529761904761905,0.534883720930233,3.14910025706941,7.7120822622108,1.31748071979434,0.674807197943445,0.735714285714286,1.48148148148148,2.32408005164622,0.419625564880568,1.64622336991607,0.1,0.642857142857143,8.19009009009009,25.5511326860841,38.6388583973655,33.4471822395706,0.53609756097561,0.589689857502096,10.5104281009879,25.4390779363337,4.91218441273326,10.8397365532382,0.469268292682927,5.63671444321941,10.2159468438538,0.581395348837209,2.4640088593577,0.154146341463415,0.708860759493671,8.90422794117647,27.0983367983368,34.3373493975904,30.2603036876356,0.571259842519685,0.602899575671853,11.5461847389558,27.0682730923695,5.22088353413655,6.64658634538153,0.311811023622047,5.48027702499247,9.51234196267309,0.78266104756171,1.40477623921333,0.301574803149606,0.744125326370757,7.38215102974828,26.7815656565657,15.1156387665198,12.6391293593866,0.596551724137931,0.603296703296703,2.47797356828194,6.33259911894273,1.54185022026432,1.23898678414097,0.72183908045977,3.39892665474061,4.59422283356259,0.63273727647868,1.59559834938102,0.204597701149425,0.606741573033708,3.37107438016529,25.037898089172,17.1671896010758,12.5151883353584,0.721973094170404,0.719924812030075,2.5997310623039,6.81308830121022,1.92738682205289,4.39264903630659,0.0134529147982062,6.02733587273135,8.5573476702509,2.28494623655914,1.38888888888889,0.807174887892377,0.805555555555556,2.57909090909091,26.4,11.403508771929836,46
16.4511494252874,17.5449473031618,0.451882845188285,0.463414634146342,5.38793103448276,13.2183908045977,2.65804597701149,1.14942528735632,0.594142259414226,2.79670132664037,4.43808160343594,1.21689334287759,2.50536864710093,0.100418410041841,0.625,9.62164948453608,26.2204225352113,31.2420670897552,27.3160239668152,0.504523312456507,0.543381887270424,5.11332728921124,12.1305530371714,3.68087035358114,6.09247506799637,0.459986082115518,3.42883128694861,6.05839416058394,0.492700729927007,1.2956204379562,0.240083507306889,0.643478260869565,7.95309278350516,26.1428139183056,21.4791851195748,17.7208083832335,0.574605451936872,0.599505562422744,5.86802480070859,14.6368467670505,3.05580159433127,5.46944198405669,0.130559540889527,6.23893805309735,8.22281167108753,1.96728558797524,2.14412024756852,0.51219512195122,0.719887955182073,5.20082508250825,25.1604395604396,23.3882030178326,19.0516995144245,0.54226618705036,0.566445182724253,2.84636488340192,6.89300411522634,2.22908093278464,3.56652949245542,0.330935251798561,6.19756890943332,8.0,1.70940170940171,3.31623931623932,0.426258992805755,0.666666666666667,4.59354838709677,25.1142076502732,18.8679245283019,15.1515151515152,0.569078947368421,0.591715976331361,3.49056603773585,8.67924528301887,1.9811320754717,3.77358490566038,0.171052631578947,6.47448015122873,7.67045454545455,0.946969696969697,1.23106060606061,0.447368421052632,0.647058823529412,5.7984126984127,25.7807692307692,1.19754243465583,46
28.3490294061119,23.5334833016093,0.556412729026037,0.615189873417722,8.07226600038439,19.142802229483,3.40188352873342,7.0344032289064,0.51205400192864,3.15920875744191,5.14296680099789,0.422183841872961,1.55440414507772,0.189971070395371,0.695431472081218,6.88241106719368,26.8847457627119,8.85328836424958,8.87708649468892,0.473404255319149,0.5,1.93929173693086,4.80607082630691,1.01180438448567,2.19224283305228,0.5,2.75344180225282,4.04624277456647,0.825763831544178,2.72502064409579,0.319148936170213,0.666666666666667,4.59787234042553,24.7191489361702,23.7390719569603,18.768679019725,0.576301615798923,0.593908629441624,2.21923335574983,5.41358439811701,1.24411566913248,2.82447881640888,0.610412926391382,3.62598623468189,6.00067046597385,0.268186389540731,0.804559168622193,0.197486535008977,0.763636363636364,6.19400921658986,25.7379411764706,34.3373493975904,30.2603036876356,0.571259842519685,0.602899575671853,11.5461847389558,27.0682730923695,5.22088353413655,6.64658634538153,0.311811023622047,5.48027702499247,9.51234196267309,0.78266104756171,1.40477623921333,0.301574803149606,0.744125326370757,7.38215102974828,26.7815656565657,36.5507246376812,30.8133472367049,0.535714285714286,0.588152985074627,5.2463768115942,12.5507246376812,3.27536231884058,10.695652173913,0.136263736263736,8.54824688496088,13.2097334878331,3.18655851680185,1.70915411355736,0.357142857142857,0.723076923076923,7.45419847328244,25.8491935483871,-15.789473684210536,46
30.0479488545551,25.5210745715609,0.517123287671233,0.567951318458418,10.1758124667022,23.9211507725093,3.09003729355354,6.8193926478423,0.513698630136986,3.10839532412327,5.35241123476418,0.211976682564918,1.21886592474828,0.141552511415525,0.580645161290323,7.75258215962441,26.3897777777778,23.6098450319052,21.3351134846462,0.497681607418856,0.537604456824513,2.97781829231237,7.17107262230325,2.52202977818292,4.70981464600425,0.50386398763524,2.92912429807255,4.51788963007884,0.303214069132808,1.45542753183748,0.244204018547141,0.525316455696203,6.77258566978193,25.6539877300614,18.4355997788834,14.8220380302292,0.592696629213483,0.601985559566787,2.70867882808181,6.6334991708126,1.49253731343284,1.32669983416252,0.473782771535581,3.34207982322884,4.99585978470881,0.828043058239029,1.60088324592879,0.411985018726592,0.659090909090909,3.15480427046263,24.4256916996047,28.2746160794941,27.1259842519685,0.481655691439323,0.520066889632107,8.53658536585366,19.8509485094851,4.17795844625113,6.82023486901536,0.26340545625588,5.66080288678394,8.85135135135135,1.41891891891892,2.09459459459459,0.26340545625588,0.646428571428572,7.76257982120051,26.245,23.6713588049411,18.8347564038172,0.627806563039724,0.64375,4.53892559609308,10.2269462798047,3.18873886814134,4.1367423154266,0.005181347150259,7.83443139501576,10.2256498143388,2.02799200228506,1.88517566409597,0.533678756476684,0.73462783171521,4.79027777777778,38.0,14.975583288117193,46
15.3145520016946,13.9992432841468,0.547169811320755,0.570731707317073,12.815081550519,31.1374708748147,2.73247193391231,1.94873967379792,0.636363636363636,3.15228966986156,5.63289783679589,0.471192974941101,2.20603983722425,0.0291595197255574,0.823529411764706,13.1132075471698,25.822102425876,25.3840526700805,22.0877458396369,0.532058492688414,0.556149732620321,4.46232626188735,10.8997805413314,2.14581809314801,2.92611558156547,0.482564679415073,3.11203319502075,5.39946249694601,0.806254580991938,2.05228438797948,0.168728908886389,0.62,9.43891304347826,25.5795774647887,26.6278809577087,25.9763313609467,0.476214574898785,0.521929824561404,7.42895502349519,18.2143656298948,3.96061758782726,7.69747147012755,0.337044534412955,3.31066770705607,4.62016881386051,0.488671701466015,1.64371390493114,0.367408906882591,0.628099173553719,5.60732824427481,26.4498498498498,25.6215650353311,21.3235294117647,0.538311688311688,0.575205640423032,3.27139492279508,8.13923056791416,2.01517927244177,5.07720492017796,0.355844155844156,4.86047425651775,6.79433368310598,0.577124868835257,1.28541448058762,0.411688311688312,0.67192429022082,3.71754032258065,25.0843065693431,35.632183908046,31.0108509423187,0.558926487747958,0.594249201277955,5.3639846743295,12.3563218390805,4.757343550447,6.0344827586206895,0.47024504084014,8.08823529411765,13.5723431498079,5.63380281690141,1.66453265044814,0.23803967327888,0.759803921568627,7.70814977973568,27.3977667493797,-5.354512939196297,46
20.7217694994179,16.4943123061013,0.586715867158672,0.60958904109589,3.20139697322468,7.27590221187427,1.68800931315483,2.85215366705472,0.763837638376384,3.60884749708964,6.34458672875437,0.407450523864959,1.62980209545984,0.070110701107011,0.421052631578947,8.2765625,24.6521951219512,33.5950337776155,27.6682418119602,0.563907044299201,0.605596269153897,7.74146430527661,19.0980463757532,3.61511776519993,5.97042176373927,0.486564996368918,3.65150544522742,6.67889908256881,0.311926605504587,1.26605504587156,0.163398692810458,0.657777777777778,7.47708628005658,26.4925261584454,28.6625897367721,24.2960204794042,0.526881720430108,0.56984126984127,4.20101036958256,10.582291943632,2.6322786492954,6.83328901887796,0.415770609318996,3.56004250797024,4.77833820015928,1.32731616671091,1.59277940005309,0.225806451612903,0.582010582010582,6.85910020449898,25.6239193083573,26.5798905866818,23.8896366083446,0.520664869721474,0.557494052339413,6.35729107715525,15.8837955102811,3.0371627994718,6.16864742501415,0.198562443845463,7.06603773584906,10.6435176448387,1.00018871485186,1.84940554821664,0.238993710691824,0.699248120300752,7.87656950672646,25.3677272727273,20.935960591133,17.4091627172196,0.591594827586207,0.602226720647773,2.11118930330753,5.03166783954961,2.00562983814215,2.35749472202674,0.239224137931034,8.29097283085013,12.4694376528117,2.47991617184771,1.36220747467691,0.493534482758621,0.707423580786026,4.15212464589235,25.654954954955,39.58333333333334,46
26.0242354298904,22.5619399051133,0.570605187319885,0.594986807387863,5.62608193883439,13.6757068667051,2.85631852279285,3.95268320830929,0.380403458213257,2.55116748342462,4.11866359447005,0.806451612903226,1.6705069124424,0.19164265129683,0.736842105263158,8.9793023255814,25.2068181818182,33.9692633810281,29.0546949098957,0.525,0.586983343615052,9.34463875640346,23.8827062356474,3.88623918035683,8.53206147323794,0.388028169014085,2.69983181375587,4.06316536550745,0.28388928317956,1.18878637331441,0.141549295774648,0.691542288557214,10.1010356731876,25.9308529945554,21.4714240606252,17.4431818181818,0.600204498977505,0.630797773654917,4.32586043574361,10.4831070413641,2.36817177139249,3.59962109251658,0.715746421267894,3.07985394507065,5.10855683269476,0.606641123882503,1.72413793103448,0.147239263803681,0.638888888888889,5.1273381294964,25.8428571428571,18.2061579651941,15.6091676718938,0.579824561403509,0.584192439862543,4.36412315930388,10.8701472556894,1.74029451137885,0.69611780455154,0.773684210526316,4.65768050180168,7.87653006918574,0.904736562001064,1.78286322511974,0.115789473684211,0.636363636363636,4.81860465116279,26.0192743764172,35.5339805825243,28.8208750245242,0.597864768683274,0.642298670836591,5.67421790722762,13.4843581445523,4.09924487594391,7.78856526429342,0.330960854092527,4.04280618311534,7.60398613518198,1.66811091854419,1.08318890814558,0.110320284697509,0.790322580645161,10.4723404255319,25.5088709677419,-22.430830039525688,46
18.7811508835523,16.3565732978941,0.569546120058565,0.584626234132581,9.71907566832805,24.2863615768011,2.06162211146353,1.29134571816946,0.587115666178624,2.22803228373309,3.55920602327173,0.182523385808807,1.57426420260096,0.0834553440702781,0.754385964912281,8.57517730496454,25.1605985037406,26.0242354298904,22.5619399051133,0.570605187319885,0.594986807387863,5.62608193883439,13.6757068667051,2.85631852279285,3.95268320830929,0.380403458213257,2.55116748342462,4.11866359447005,0.806451612903226,1.6705069124424,0.19164265129683,0.736842105263158,8.9793023255814,25.2068181818182,18.2061579651941,15.6091676718938,0.579824561403509,0.584192439862543,4.36412315930388,10.8701472556894,1.74029451137885,0.69611780455154,0.773684210526316,4.65768050180168,7.87653006918574,0.904736562001064,1.78286322511974,0.115789473684211,0.636363636363636,4.81860465116279,26.0192743764172,35.5339805825243,28.8208750245242,0.597864768683274,0.642298670836591,5.67421790722762,13.4843581445523,4.09924487594391,7.78856526429342,0.330960854092527,4.04280618311534,7.60398613518198,1.66811091854419,1.08318890814558,0.110320284697509,0.790322580645161,10.4723404255319,25.5088709677419,21.0404087320019,20.8955223880597,0.522727272727273,0.555147058823529,5.34138411518811,13.2837900603809,4.50534138411519,5.94519275429633,0.298295454545455,9.24721189591078,14.5513714551371,1.58066015806602,1.85960018596002,0.380681818181818,0.626865671641791,4.23562753036437,26.2504761904762,-24.888946955840083,45
22.6860254083485,20.6923995224831,0.505605381165919,0.532051282051282,9.21052631578947,21.7332123411978,2.35934664246824,2.45009074410163,0.573991031390135,2.35400633770937,4.0650406504065,0.722673893405601,1.76151761517615,0.170403587443946,0.473684210526316,6.58789473684211,26.03984375,19.1056910569106,16.7666303162486,0.510968921389397,0.531304347826087,5.84740462789243,14.5716072545341,1.28205128205128,2.00125078173859,0.570383912248629,2.50388802488336,3.52722772277228,0.525990099009901,2.0730198019802,0.16636197440585,0.505494505494506,8.92340425531915,25.4275641025641,23.7110016420361,19.7140381282496,0.569737954353339,0.585158150851582,5.02463054187192,12.2331691297209,2.16748768472906,1.9376026272578,0.391377852916314,2.12155963302752,3.07289964040536,0.70284406668846,1.2258908139915,0.202874049027895,0.758333333333333,7.91680555555556,25.2822510822511,16.079762409843,14.8189209164819,0.516819571865444,0.532303370786517,2.33347475604582,5.47305897327111,1.90920661858294,2.92745014849385,0.110091743119266,6.67649536647009,9.03387703889586,1.75658720200753,1.96570472605604,0.581039755351682,0.621052631578947,3.97079037800687,23.8194444444444,34.4429214803211,27.2160664819945,0.584362139917696,0.633598841419261,4.30781280595261,9.57509300959467,3.75954572155865,8.00861562561191,0.278189300411523,9.04176904176904,13.9700078926598,0.986582478295186,1.40094711917916,0.420576131687243,0.669275929549902,4.73192702394527,26.4547337278107,6.167562286272599,45
24.1573033707865,24.1869158878505,0.461538461538462,0.496434937611408,6.91443388072602,16.7675021607606,3.7165082108902303,5.4019014693172,0.437869822485207,2.92081350064907,4.54939341421144,1.47313691507799,1.8630849220104,0.31163708086785,0.550632911392405,5.21228070175439,26.2752252252252,15.7360406091371,16.0034602076125,0.464788732394366,0.5,2.53807106598985,6.09137055837563,3.04568527918782,3.04568527918782,0.415492957746479,3.56597045338767,4.49897750511247,0.408997955010225,1.6359918200409,0.309859154929577,0.568181818181818,4.67951807228916,25.1898305084746,13.256351039261,13.6792452830189,0.467741935483871,0.470491803278689,3.14087759815243,7.71362586605081,1.98614318706697,2.63279445727483,0.43010752688172,4.18583256669733,4.85570316078791,0.778744846541457,1.60329821346771,0.448028673835125,0.624,2.82138364779874,24.6475,19.772583701832,16.074357572444,0.576419213973799,0.601923076923077,2.40050536955148,5.68540745420089,2.14782059380922,4.48515476942514,0.314410480349345,6.68144395186827,9.65079365079365,0.380952380952381,2.0952380952381,0.51528384279476,0.669491525423729,3.30955414012739,24.9041666666667,19.7154471544715,16.7244367417678,0.524096385542169,0.548022598870056,2.64227642276423,6.19918699186992,1.6260162601626,2.23577235772358,0.63855421686747,4.6795523906409,4.88798370672098,1.42566191446029,1.22199592668024,0.253012048192771,0.761904761904762,3.39666666666667,25.4820754716981,-9.4286941580756,45
45.6533725418122,34.3567251461988,0.568538647342995,0.631701030927835,8.91380260981437,22.6061385774674,3.36335232494027,12.2955339092079,0.26268115942029,3.49534261735682,5.77563865235098,1.42539800074047,2.42502776749352,0.253019323671498,0.701670644391408,8.25954135954136,26.0310344827586,14.5865434001027,12.7289170246439,0.550102249488753,0.563492063492064,4.4427324088341,10.9912686183873,1.51515151515152,0.950179763739086,0.425357873210634,2.93552108704012,4.04402354747888,0.895828001023803,3.07141028922447,0.323108384458078,0.664556962025316,4.77615658362989,24.6129807692308,31.7832764505119,27.5095057034221,0.536815068493151,0.572419106317411,7.5938566552901,18.6433447098976,3.19965870307167,6.37798634812287,0.291095890410959,3.94230769230769,6.63527397260274,0.98458904109589,2.37585616438356,0.248287671232877,0.668965517241379,8.07125603864734,26.0382352941176,25.2068394925538,20.4695524578136,0.576923076923077,0.595052083333333,3.69553226696084,9.15609487038058,1.90292333149476,2.45449531163817,0.465659340659341,4.08078572416655,5.93949486538995,0.499583680266445,1.66527893422148,0.328296703296703,0.690376569037657,4.452442159383031,25.3395280235988,16.6358167515039,13.5804997951659,0.578414839797639,0.587418300653595,2.66080518278575,6.31652012956964,1.18000925497455,1.0643220731143,0.6964586846543,3.3868916888221,4.71240471240471,0.900900900900901,1.82490182490183,0.158516020236088,0.574468085106383,6.32333333333333,25.2265206812652,-1.9169719169719173,45
31.2139708375721,29.2204899777283,0.490552325581395,0.56141975308642,14.9203119701594,34.4354018311292,6.01898948796202,9.51169888097661,0.46656976744186,2.00305550840265,3.39904826648538,0.203942895989123,1.54656696125085,0.157703488372093,0.525345622119816,8.15476839237057,27.6771028037383,22.9111307942132,19.5044807590933,0.555926544240401,0.583458646616541,6.34780041334514,15.5890168290523,2.21434898139947,4.57632122822557,0.474123539232053,3.00963676797628,4.82430017867779,0.982727814175104,1.697438951757,0.323873121869783,0.644329896907217,4.66095238095238,24.9195035460993,17.9442508710801,14.9026763990268,0.567961165048544,0.582579185520362,4.21602787456446,10.0696864111498,1.67247386759582,2.36933797909408,0.395631067961165,3.44409830391139,4.50481430536451,0.515818431911967,1.6162310866575,0.300970873786408,0.717741935483871,6.27791164658635,24.6136645962733,22.0907297830375,18.2296890672016,0.595161290322581,0.607751937984496,3.12764158918005,7.60777683854607,2.3105100028177,1.63426317272471,0.659677419354839,3.8472418670438495,6.39023004828174,0.397614314115308,0.795228628230616,0.164516129032258,0.666666666666667,5.13364928909953,24.7524509803922,18.3417085427136,14.4766146993318,0.558035714285714,0.584,2.38693467336683,5.77889447236181,0.628140703517588,4.14572864321608,0.241071428571429,5.32581453634085,6.25,2.0,1.125,0.455357142857143,0.725490196078431,4.81647058823529,23.7307692307692,-13.839425179631348,45
28.8701246481705,24.0652135388978,0.543264942016057,0.579656862745098,8.10213108162445,19.2601527945316,2.77442702050663,4.94571773220748,0.354148082069581,2.63608008854009,4.3705941591138,0.664652567975831,1.83282980866062,0.189116859946476,0.641509433962264,9.79406077348066,26.0682619647355,22.6526891522334,23.693729903537,0.505415162454874,0.530416221985059,10.4147675478578,23.0856882406563,5.51504102096627,5.30993618960802,0.350180505415162,4.18652144315861,6.03253502033439,0.835969272480795,2.39493899683687,0.38748495788207,0.645962732919255,5.35148148148148,25.2164948453608,16.2393162393162,14.3044275609117,0.532710280373832,0.562244897959184,2.77040966696139,6.42499263188918,1.65045682287062,4.0377247273799,0.317757009345794,3.40046701692936,5.37727666955768,2.68863833477884,1.38768430182134,0.448598130841122,0.640625,4.23458904109589,24.6110294117647,26.0383684112498,20.2260072060269,0.595896946564886,0.61660777385159,3.07319798845223,7.15216986403427,1.93704600484262,3.6133358167256495,0.466603053435115,5.02793296089386,7.4846397318935,0.707503258238689,0.930925339787749,0.278625954198473,0.73972602739726,7.01520572450805,26.1333333333333,38.4230055658627,29.1612057667104,0.627292736610418,0.664198325820992,13.2838589981447,30.9461966604824,4.26716141001855,8.36734693877551,0.242112986060161,8.28072781284813,12.8576737272389,0.836120401337793,2.35971757710888,0.312545854732208,0.71830985915493,5.94472410454985,28.7139393939394,38.16425120772946,45
16.5434906196703,14.4466700050075,0.53525641025641,0.567729083665339,9.06765207504264,21.6031836270608,2.13189312109153,2.55827174530984,0.662393162393162,2.59814418272662,4.30169199885288,0.401491253226269,2.26555778606252,0.11965811965812,0.535714285714286,7.8120253164557,25.2616129032258,18.4574976122254,16.0008410428932,0.55275974025974,0.579939668174962,5.32473734479465,12.7507163323782,2.36389684813754,2.81757402101242,0.600649350649351,3.14210902166151,5.00711912672046,0.806834361651637,1.18652112007594,0.196428571428571,0.644628099173554,6.34024390243903,25.0137837837838,37.5150784077202,31.3552891182273,0.546526054590571,0.594557449147883,6.18645528175082,15.3024297777012,4.29088402550405,8.54730311907634,0.503101736972705,3.8816527214698495,6.71848013816926,0.880829015544042,1.57167530224525,0.221464019851117,0.633053221288515,7.66042446941323,25.9474722564735,28.8272157564906,25.3152088258471,0.542066027689031,0.591368227731864,7.22918531781558,18.3751119068935,4.38675022381379,7.49776186213071,0.334398296059638,5.45169595880443,7.68197088465846,0.358342665173572,1.05263157894737,0.312034078807242,0.703071672354949,6.00208,25.1821656050955,18.1475272422464,13.2054794520548,0.668627450980392,0.681889763779528,2.66135792120704,6.85247275775356,1.8650461022632,5.720871751886,0.0,8.23109992660166,10.912906610703,2.18258132214061,1.17523609653725,0.835294117647059,0.755868544600939,2.35823529411765,0.0,33.37912087912088,45
26.0242354298904,22.5619399051133,0.570605187319885,0.594986807387863,5.62608193883439,13.6757068667051,2.85631852279285,3.95268320830929,0.380403458213257,2.55116748342462,4.11866359447005,0.806451612903226,1.6705069124424,0.19164265129683,0.736842105263158,8.9793023255814,25.2068181818182,33.9692633810281,29.0546949098957,0.525,0.586983343615052,9.34463875640346,23.8827062356474,3.88623918035683,8.53206147323794,0.388028169014085,2.69983181375587,4.06316536550745,0.28388928317956,1.18878637331441,0.141549295774648,0.691542288557214,10.1010356731876,25.9308529945554,21.4714240606252,17.4431818181818,0.600204498977505,0.630797773654917,4.32586043574361,10.4831070413641,2.36817177139249,3.59962109251658,0.715746421267894,3.07985394507065,5.10855683269476,0.606641123882503,1.72413793103448,0.147239263803681,0.638888888888889,5.1273381294964,25.8428571428571,18.2061579651941,15.6091676718938,0.579824561403509,0.584192439862543,4.36412315930388,10.8701472556894,1.74029451137885,0.69611780455154,0.773684210526316,4.65768050180168,7.87653006918574,0.904736562001064,1.78286322511974,0.115789473684211,0.636363636363636,4.81860465116279,26.0192743764172,12.6088602801969,10.8629441624365,0.618811881188119,0.635496183206107,5.07383566830746,12.0030291556229,2.23400227186672,4.8466489965922,0.0198019801980198,8.65842055185538,12.9686304514155,1.79801071155318,1.26243305279265,0.698019801980198,0.765957446808511,3.23282828282828,35.625,21.83908045977013,45
34.4923154446964,29.8407000224366,0.510999083409716,0.560330578512397,7.98689846308894,19.9294532627866,3.12421264802217,7.2814310909549,0.438130155820348,2.19974715549937,4.03450900786602,0.532859680284192,2.30905861456483,0.29147571035747,0.591194968553459,6.00880913539967,26.7225941422594,26.4663111972855,22.4406924556529,0.565006075334143,0.597694840834248,5.52593310712555,13.4512845370819,3.41735336888027,5.18662142510906,0.511543134872418,3.92584514721919,6.42112914950327,0.533074872788951,1.79307002665374,0.277035236938032,0.68421052631579,6.51169154228856,25.3957244655582,21.6280735259012,19.02842596521,0.517543859649123,0.553855569155447,2.57818095010742,6.37383623776558,1.90976366674624,4.41632847935068,0.326585695006748,4.37990954534635,6.43247092333254,0.712081652029433,2.18371706622359,0.388663967611336,0.670138888888889,4.4813627254509,25.395867768595,24.5568685376662,23.7417218543046,0.514035087719298,0.542483660130719,6.57311669128508,16.0635155096012,3.91432791728213,3.58197932053176,0.470175438596491,4.05780989438577,7.25176645593157,0.743770918557084,2.78914094458907,0.140350877192982,0.7375,10.8228476821192,26.0313432835821,38.468085106383,35.0308641975309,0.480952380952381,0.573791348600509,7.23404255319149,17.6170212765957,5.27659574468085,14.3829787234043,0.244444444444444,6.59855257556407,10.1362862010221,1.53321976149915,1.19250425894378,0.247619047619048,0.628205128205128,9.33865546218487,26.4428571428571,-5.2183650615901485,45
19.5890045369629,19.604190919674,0.470967741935484,0.521306818181818,6.40512409927942,15.6391780090739,3.709634374166,5.25753936482519,0.314516129032258,3.07344332091538,4.72273812682409,1.27354736004245,2.28177235340939,0.345161290322581,0.574766355140187,5.86776470588235,25.3837696335079,28.0554181098466,27.4552597119162,0.488565488565489,0.53415559772296,6.38297872340426,14.6462147451757,5.04700643245918,5.44285007422068,0.503118503118503,3.47547448853833,5.795677799607071,1.62082514734774,2.5049115913556,0.174636174636175,0.738095238095238,8.16234309623431,27.097520661157,10.1398601398601,9.38824954572986,0.518796992481203,0.52536231884058,2.0979020979021,5.31468531468532,1.18881118881119,0.839160839160839,0.759398496240602,2.23619846261356,3.07262569832402,0.837988826815643,1.81564245810056,0.0977443609022556,0.615384615384615,7.028125,24.9554455445545,35.8929898439435,31.3426329555362,0.507321274763135,0.554957724827056,7.0349269259351,16.8689621005697,3.41837998513748,7.70374040128809,0.303186907838071,4.24159742031502,7.10382513661202,0.521609538002981,1.8628912071535,0.281653746770026,0.669724770642202,6.34907292954265,26.6538461538462,17.6252319109462,16.0792079207921,0.473765432098765,0.508021390374332,1.85528756957328,4.22077922077922,1.53061224489796,4.96289424860853,0.466049382716049,7.24838411819021,8.91544117647059,3.67647058823529,2.80330882352941,0.364197530864198,0.652542372881356,5.33526011560694,24.1933774834437,-3.3333333333333286,45
22.6526891522334,23.693729903537,0.505415162454874,0.530416221985059,10.4147675478578,23.0856882406563,5.51504102096627,5.30993618960802,0.350180505415162,4.18652144315861,6.03253502033439,0.835969272480795,2.39493899683687,0.38748495788207,0.645962732919255,5.35148148148148,25.2164948453608,20.3460207612457,17.8363469200123,0.52880658436214,0.55893536121673,2.8719723183391,7.05882352941176,1.97231833910035,3.11418685121107,0.553497942386831,2.45419979260283,4.31629834254144,0.552486187845304,1.34668508287293,0.181069958847737,0.659090909090909,6.55760368663595,25.7475836431227,22.0852221214869,15.9327461969576,0.633982947624848,0.666301969365427,3.71713508612874,8.73980054397099,1.4687216681777,3.88032638259293,0.272838002436054,3.71074305367002,5.63787495482472,0.668594145283701,1.53595952294904,0.517661388550548,0.717647058823529,4.05276381909548,25.325,16.2393162393162,14.3044275609117,0.532710280373832,0.562244897959184,2.77040966696139,6.42499263188918,1.65045682287062,4.0377247273799,0.317757009345794,3.40046701692936,5.37727666955768,2.68863833477884,1.38768430182134,0.448598130841122,0.640625,4.23458904109589,24.6110294117647,38.4230055658627,29.1612057667104,0.627292736610418,0.664198325820992,13.2838589981447,30.9461966604824,4.26716141001855,8.36734693877551,0.242112986060161,8.28072781284813,12.8576737272389,0.836120401337793,2.35971757710888,0.312545854732208,0.71830985915493,5.94472410454985,28.7139393939394,9.353070175438589,45
33.3717712177122,27.4608150470219,0.546875,0.620555073720729,9.45571955719557,22.6476014760148,3.73616236162362,9.06365313653137,0.528225806451613,3.13584818329091,5.62006502554575,0.2322340919647,1.6256386437529,0.201612903225806,0.605,8.60192307692308,27.268893129771,11.4087301587302,11.8380062305296,0.553299492385787,0.552884615384615,4.11706349206349,10.4662698412698,2.87698412698413,1.19047619047619,0.385786802030457,4.50049455984174,5.76923076923077,0.690335305719921,1.67652859960552,0.395939086294416,0.653846153846154,4.39834710743802,24.7342105263158,24.4852531997774,21.4751630707476,0.545994065281899,0.591397849462366,8.34724540901503,19.9777406789093,3.11630495269894,4.67445742904841,0.394658753709199,3.82254464285714,6.93900391717963,0.447677672076105,1.95858981533296,0.0949554896142433,0.625,11.1700980392157,26.2406015037594,43.2731137088204,35.2770805174744,0.606520090978014,0.628007402837755,9.20297555791711,23.8894792773645,4.37832093517535,15.0265674814028,0.0477634571645185,8.50021303792075,13.9013452914798,1.66559897501602,1.2385223147555,0.565579984836998,0.749329758713137,6.05461783439491,26.7492063492064,19.9005926209138,15.9916201117318,0.598837209302326,0.625600961538462,2.73370292487096,6.70999808831963,1.60581150831581,2.63811890651883,0.481912144702842,3.85205059409736,5.552353506244,2.84341978866475,0.960614793467819,0.255813953488372,0.777777777777778,6.04488778054863,26.7632707774799,-1.0869565217391255,45
24.3819844226211,23.5889570552147,0.53125,0.545454545454545,11.8862174060278,28.9536065018625,3.6911615306468,2.60751777853031,0.078525641025641,3.25518637206949,5.00672043010753,0.705645161290323,2.78897849462366,0.309294871794872,0.642487046632124,7.66765217391304,26.1061224489796,12.5916870415648,12.1636167922497,0.46195652173913,0.50990099009901,2.32273838630807,5.37897310513448,1.46699266503668,2.68948655256724,0.543478260869565,4.3558282208589,5.91133004926108,1.35467980295567,2.21674876847291,0.33695652173913,0.548387096774194,3.70476190476191,24.968,18.6112232539362,16.9941775836972,0.576388888888889,0.59254498714653,4.44085587404118,10.6176826806621,3.14897052886556,2.78562777553492,0.513888888888889,4.60394049055086,8.16980376451742,1.00120144173008,2.16259511413696,0.225,0.567901234567901,6.53028571428571,25.7794594594595,25.6307692307692,19.8063623789765,0.621035058430718,0.64175654853621,3.93846153846154,9.10769230769231,2.09230769230769,3.50769230769231,0.502504173622705,4.89230769230769,8.06153846153846,0.861538461538462,1.41538461538462,0.340567612687813,0.784313725490196,3.7724832214765103,25.9232558139535,30.0800609988563,24.5305770887166,0.571912013536379,0.599544072948328,5.01334349980938,12.1044605413649,2.07777354174609,5.87113991612657,0.274111675126904,5.13894175866007,7.73470163435956,0.798175598631699,1.33029266438617,0.285109983079526,0.732937685459941,7.48135198135198,25.4586419753086,-7.267637178051501,44
26.0242354298904,22.5619399051133,0.570605187319885,0.594986807387863,5.62608193883439,13.6757068667051,2.85631852279285,3.95268320830929,0.380403458213257,2.55116748342462,4.11866359447005,0.806451612903226,1.6705069124424,0.19164265129683,0.736842105263158,8.9793023255814,25.2068181818182,33.9692633810281,29.0546949098957,0.525,0.586983343615052,9.34463875640346,23.8827062356474,3.88623918035683,8.53206147323794,0.388028169014085,2.69983181375587,4.06316536550745,0.28388928317956,1.18878637331441,0.141549295774648,0.691542288557214,10.1010356731876,25.9308529945554,18.2061579651941,15.6091676718938,0.579824561403509,0.584192439862543,4.36412315930388,10.8701472556894,1.74029451137885,0.69611780455154,0.773684210526316,4.65768050180168,7.87653006918574,0.904736562001064,1.78286322511974,0.115789473684211,0.636363636363636,4.81860465116279,26.0192743764172,35.5339805825243,28.8208750245242,0.597864768683274,0.642298670836591,5.67421790722762,13.4843581445523,4.09924487594391,7.78856526429342,0.330960854092527,4.04280618311534,7.60398613518198,1.66811091854419,1.08318890814558,0.110320284697509,0.790322580645161,10.4723404255319,25.5088709677419,12.6088602801969,10.8629441624365,0.618811881188119,0.635496183206107,5.07383566830746,12.0030291556229,2.23400227186672,4.8466489965922,0.0198019801980198,8.65842055185538,12.9686304514155,1.79801071155318,1.26243305279265,0.698019801980198,0.765957446808511,3.23282828282828,35.625,16.472868217054256,44
19.872851424535,17.9339171974522,0.482872200263505,0.511627906976744,7.84082882034377,18.4600894749235,2.04850482693666,3.20226041911938,0.60737812911726,2.6061320754717,4.4649184975194895,0.590597684857075,2.2206472950626,0.121212121212121,0.5,10.15,26.7431670281996,31.2420670897552,27.3160239668152,0.504523312456507,0.543381887270424,5.11332728921124,12.1305530371714,3.68087035358114,6.09247506799637,0.459986082115518,3.42883128694861,6.05839416058394,0.492700729927007,1.2956204379562,0.240083507306889,0.643478260869565,7.95309278350516,26.1428139183056,21.7651922281935,17.9743724767421,0.532960893854749,0.55421052631579,2.64572137246796,6.32492765605622,1.57089706490285,2.52170318313353,0.524022346368715,2.83585179051956,4.12520729684909,0.33167495854063,1.24378109452736,0.154189944134078,0.550724637681159,8.3981220657277,25.4429487179487,21.4791851195748,17.7208083832335,0.574605451936872,0.599505562422744,5.86802480070859,14.6368467670505,3.05580159433127,5.46944198405669,0.130559540889527,6.23893805309735,8.22281167108753,1.96728558797524,2.14412024756852,0.51219512195122,0.719887955182073,5.20082508250825,25.1604395604396,13.8854296388543,13.1131131131131,0.542168674698795,0.533492822966507,4.10958904109589,9.58904109589041,3.36239103362391,5.79078455790785,0.0120481927710843,10.2443609022556,10.1513240857503,1.76544766708701,1.38713745271122,0.662650602409639,0.609090909090909,3.17865853658537,80.6,-13.39285714285714,44
22.2774738935853,20.4231433506045,0.5,0.529620853080569,4.57483838886126,11.4370959721532,2.58577821979115,4.22675285927399,0.36745406824147,3.32423716199454,5.24752475247525,0.445544554455446,2.62376237623762,0.267716535433071,0.627450980392157,8.80414937759336,25.4378571428571,13.3925125434195,11.7489090298758,0.506944444444444,0.54559748427673,2.16132767271324,5.0945580856812,1.23504438440756,2.93323041296797,0.489583333333333,4.19311406039623,6.09662576687117,1.18865030674847,2.49233128834356,0.350694444444444,0.633663366336634,3.49115646258503,24.5652482269504,29.0064516129032,23.4042553191489,0.548271752085817,0.592651757188498,4.85161290322581,11.5870967741935,2.65806451612903,5.93548387096774,0.522050059594756,3.46701164294955,5.73281452658885,1.01167315175097,1.4526588845655,0.251489868891538,0.701421800947867,5.55336658354115,26.7662100456621,33.5852225020991,30.9766763848397,0.53003003003003,0.557584269662921,7.80856423173804,18.8077246011755,5.79345088161209,4.61796809403862,0.345345345345345,4.20698359276399,6.99831365935919,0.927487352445194,1.34907251264756,0.159159159159159,0.716981132075472,10.7665137614679,25.9269565217391,16.6792074241284,14.4126571304725,0.54786150712831,0.57032590051458,2.48306997742664,5.94431903686983,2.05668422372711,5.11662904439428,0.0020366598778004,7.54267068273092,8.69128359708616,2.46169304194926,0.929414719919618,0.782077393075356,0.591145833333333,2.66816326530612,42.5,-26.80399500624219,44
36.5298745481608,29.1936978683967,0.571939586645469,0.617028985507246,8.95173293642356,20.7314480119073,4.25260472039124,6.3576440569849,0.623211446740859,3.31586265910793,5.81145071028842,0.645716745587602,1.72191132156694,0.127186009538951,0.65,7.97426160337553,27.2099489795918,21.6183935503135,17.6501169742657,0.544014084507042,0.5784,2.86652732158853,7.19617796357122,1.61242161839355,3.97133472678412,0.59330985915493,2.80623608017817,4.04607206142942,0.915534554046072,1.74246898995865,0.193661971830986,0.718181818181818,5.50995670995671,24.9598214285714,27.3450824332007,20.9435846230654,0.53109243697479,0.624183006535948,8.47072200113701,22.1716884593519,2.10346787947698,11.1426947129051,0.174789915966387,4.19928825622776,4.8759623609923,0.513259195893926,2.19560878243513,0.421848739495798,0.701195219123506,5.72912423625255,25.0798076923077,15.0355653666912,16.2045060658579,0.50294695481336,0.53304347826087,9.39416237429482,22.6391954868776,4.26784400294334,3.6055923473142,0.483300589390963,5.07352941176471,8.32721038452119,1.73891746265001,2.42468772961058,0.24950884086444,0.582677165354331,5.4212927756654,24.983606557377,24.4780417566595,20.4749679075738,0.582116788321168,0.594405594405594,4.03167746580274,10.2951763858891,2.37580993520518,1.9438444924406,0.653284671532847,5.32949225783219,8.14121037463977,1.29682997118156,1.15273775216138,0.18978102189781,0.5,4.90947368421053,25.6614525139665,-16.129032258064512,44
28.8701246481705,24.0652135388978,0.543264942016057,0.579656862745098,8.10213108162445,19.2601527945316,2.77442702050663,4.94571773220748,0.354148082069581,2.63608008854009,4.3705941591138,0.664652567975831,1.83282980866062,0.189116859946476,0.641509433962264,9.79406077348066,26.0682619647355,22.6526891522334,23.693729903537,0.505415162454874,0.530416221985059,10.4147675478578,23.0856882406563,5.51504102096627,5.30993618960802,0.350180505415162,4.18652144315861,6.03253502033439,0.835969272480795,2.39493899683687,0.38748495788207,0.645962732919255,5.35148148148148,25.2164948453608,22.0852221214869,15.9327461969576,0.633982947624848,0.666301969365427,3.71713508612874,8.73980054397099,1.4687216681777,3.88032638259293,0.272838002436054,3.71074305367002,5.63787495482472,0.668594145283701,1.53595952294904,0.517661388550548,0.717647058823529,4.05276381909548,25.325,24.8504983388704,19.078368065747,0.606639839034205,0.648180242634315,5.4485049833887,12.6910299003322,2.42524916943522,5.9468438538206,0.346076458752515,4.11186948560013,5.57223890557224,0.467133800467134,0.767434100767434,0.426559356136821,0.64622641509434,4.74215384615385,25.121511627907,38.4230055658627,29.1612057667104,0.627292736610418,0.664198325820992,13.2838589981447,30.9461966604824,4.26716141001855,8.36734693877551,0.242112986060161,8.28072781284813,12.8576737272389,0.836120401337793,2.35971757710888,0.312545854732208,0.71830985915493,5.94472410454985,28.7139393939394,16.161616161616166,44
19.7867029725437,18.0204081632653,0.49633431085044,0.556338028169014,7.9192194236442,19.0152030859995,2.3144996596324,5.5139550714772,0.478005865102639,2.36934587915202,4.3271409152696,0.385138196647032,1.58586316266425,0.175953079178886,0.583333333333333,7.11938202247191,25.5371165644172,24.9627421758569,21.9350563286945,0.534777651083238,0.551381215469613,3.60158966716344,8.42026825633383,2.18579234972678,1.83805265772479,0.630558722919042,3.05552105328531,5.01863354037267,0.745341614906832,1.24223602484472,0.080957810718358,0.676056338028169,11.5509259259259,25.073731884058,23.1333839534295,20.2445652173913,0.550561797752809,0.583652618135377,5.26449000253101,12.7056441407239,2.83472538597823,4.04960769425462,0.306179775280899,4.14089130160333,6.34760705289673,0.277078085642317,1.7632241813602,0.293539325842697,0.708133971291866,5.82105263157895,25.8366972477064,21.959548200683,20.2696420269642,0.521052631578947,0.554376657824934,3.44102968216443,8.40556868925663,3.09955345416338,5.20094562647754,0.359398496240602,5.80357142857143,9.45129955368863,1.57521659228144,1.65397742189551,0.281203007518797,0.668449197860963,5.37089201877934,24.5937238493724,18.4705882352941,13.6387030365414,0.701570680628272,0.700892857142857,5.0,12.5882352941176,2.41176470588235,4.29411764705882,0.0,7.93184488836663,9.74178403755869,3.28638497652582,1.17370892018779,0.68586387434555,0.770992366412214,3.13717277486911,0.0,3.333333333333343,44
21.696405482286,21.8314683717744,0.469833119383825,0.497619047619048,4.52547194207396,11.2490302560124,2.99974140160331,3.59451771399017,0.514762516046213,3.83671360289368,6.04026845637584,0.774393391843056,2.11667527103769,0.282413350449294,0.540909090909091,5.31640211640212,25.3104738154613,19.9694539900725,18.6368126440566,0.512903225806452,0.530487804878049,4.65826651393662,11.5311187476136,2.82550591828942,2.21458571974036,0.606451612903226,4.17222328062488,6.12167300380228,0.342205323193916,1.29277566539924,0.16989247311828,0.69620253164557,6.30710382513661,25.568085106383,20.6806282722513,18.4832756632065,0.510576923076923,0.547743055555556,2.74869109947644,6.47905759162304,2.19240837696335,4.02486910994764,0.580769230769231,4.68189233278956,7.35198438516591,0.910865322055953,2.01691607026675,0.288461538461538,0.593333333333333,4.11467889908257,24.962582781457,20.1149425287356,19.0037672666388,0.474462365591398,0.514705882352941,1.91570881226054,4.93295019157088,2.20306513409962,3.831417624521072,0.701612903225807,4.36144578313253,6.69253152279341,1.0184287099903,1.1639185257032,0.163978494623656,0.573770491803279,4.62792792792793,25.407662835249,19.4885598923284,17.113695703774,0.567781690140845,0.570977917981073,4.22611036339166,10.228802153432,2.34185733512786,4.14535666218035,0.0369718309859154,6.919252989386,9.60300429184549,2.68240343347639,1.66309012875536,0.563380281690141,0.721875,4.53162705667276,24.6047619047619,-52.30938416422289,44
17.3139158576052,15.4534109816972,0.524576271186441,0.567629179331307,3.37494220989367,8.32177531206657,2.03421174294961,3.51363846509478,0.532203389830509,2.96892980437284,5.04124656278643,0.710357470210816,1.46654445462878,0.183050847457627,0.75,7.50905797101449,25.2363057324841,28.3490294061119,23.5334833016093,0.556412729026037,0.615189873417722,8.07226600038439,19.142802229483,3.40188352873342,7.0344032289064,0.51205400192864,3.15920875744191,5.14296680099789,0.422183841872961,1.55440414507772,0.189971070395371,0.695431472081218,6.88241106719368,26.8847457627119,23.7390719569603,18.768679019725,0.576301615798923,0.593908629441624,2.21923335574983,5.41358439811701,1.24411566913248,2.82447881640888,0.610412926391382,3.62598623468189,6.00067046597385,0.268186389540731,0.804559168622193,0.197486535008977,0.763636363636364,6.19400921658986,25.7379411764706,34.3373493975904,30.2603036876356,0.571259842519685,0.602899575671853,11.5461847389558,27.0682730923695,5.22088353413655,6.64658634538153,0.311811023622047,5.48027702499247,9.51234196267309,0.78266104756171,1.40477623921333,0.301574803149606,0.744125326370757,7.38215102974828,26.7815656565657,36.5507246376812,30.8133472367049,0.535714285714286,0.588152985074627,5.2463768115942,12.5507246376812,3.27536231884058,10.695652173913,0.136263736263736,8.54824688496088,13.2097334878331,3.18655851680185,1.70915411355736,0.357142857142857,0.723076923076923,7.45419847328244,25.8491935483871,-20.819864825154283,43
33.3717712177122,27.4608150470219,0.546875,0.620555073720729,9.45571955719557,22.6476014760148,3.73616236162362,9.06365313653137,0.528225806451613,3.13584818329091,5.62006502554575,0.2322340919647,1.6256386437529,0.201612903225806,0.605,8.60192307692308,27.268893129771,21.2371134020619,17.2891707775429,0.567732115677321,0.592219020172911,2.24226804123711,5.38659793814433,1.08247422680412,2.37113402061856,0.659056316590563,2.16634429400387,3.81935483870968,0.129032258064516,1.85806451612903,0.0882800608828006,0.53448275862069,10.4147321428571,25.6237875288684,15.8094681472823,12.6636387924125,0.612028301886793,0.623271889400922,3.15604909409702,8.32846288720047,1.16890707188779,0.789012273524255,0.856132075471698,2.54945054945055,4.58419042021746,0.205700852189245,1.08727593300029,0.0306603773584905,0.615384615384615,12.7360655737705,25.8911845730028,23.767258382643,23.9760903254372,0.492924528301887,0.513874066168623,3.74753451676529,9.4181459566075,3.59960552268245,4.98027613412229,0.369103773584906,4.55833435998522,7.78133464663876,0.46786505786752,0.886481162275302,0.275943396226415,0.705128205128205,6.15663551401869,26.0095846645367,7.79014308426073,7.66016713091922,0.633802816901409,0.636363636363636,2.62321144674086,6.67726550079491,2.62321144674086,1.03338632750397,0.0,7.81746031746032,9.98415213946117,1.50554675118859,0.792393026941363,0.845070422535211,0.683333333333333,2.41549295774648,0.0,-24.75406085563944,43
17.2879177377892,20.3775680177679,0.43040293040293,0.462068965517241,8.22622107969152,18.9588688946015,4.94858611825193,2.63496143958869,0.457875457875458,2.86819207218821,4.46024563671623,0.0,0.96961861667744,0.19047619047619,0.5,9.12972972972973,26.2592,13.1496881496882,11.8126272912424,0.542755344418052,0.559734513274336,2.80665280665281,6.808731808731809,1.81912681912682,1.87110187110187,0.589073634204276,2.23492723492724,3.01455301455301,0.38981288981289,1.92307692307692,0.209026128266033,0.602272727272727,6.0242774566474,24.354693877551,30.3743315508021,27.5862068965517,0.509164969450102,0.538095238095238,5.24064171122995,12.6737967914439,4.06417112299465,4.22459893048128,0.596741344195519,3.49799732977303,5.65333333333333,1.06666666666667,1.54666666666667,0.132382892057026,0.676923076923077,7.54141414141414,26.7433447098976,14.2109500805153,15.3739612188366,0.415697674418605,0.454896907216495,2.97906602254428,7.2061191626409,2.29468599033816,3.78421900161031,0.59593023255814,5.60804020100503,8.43034925732638,0.562023283821758,1.1641910879165,0.218023255813954,0.586666666666667,4.91942446043165,26.2229268292683,16.4893617021277,13.3718952024498,0.596428571428571,0.605105105105105,2.29132569558101,5.810147299509,2.49590834697218,4.74631751227496,0.0214285714285714,8.91875381795968,10.1743007701662,1.6214025131739,1.86461289014998,0.710714285714286,0.663316582914573,3.15182481751825,26.25,-19.05225576111652,43
21.2371134020619,17.2891707775429,0.567732115677321,0.592219020172911,2.24226804123711,5.38659793814433,1.08247422680412,2.37113402061856,0.659056316590563,2.16634429400387,3.81935483870968,0.129032258064516,1.85806451612903,0.0882800608828006,0.53448275862069,10.4147321428571,25.6237875288684,15.8094681472823,12.6636387924125,0.612028301886793,0.623271889400922,3.15604909409702,8.32846288720047,1.16890707188779,0.789012273524255,0.856132075471698,2.54945054945055,4.58419042021746,0.205700852189245,1.08727593300029,0.0306603773584905,0.615384615384615,12.7360655737705,25.8911845730028,25.4791804362194,25.6563245823389,0.491564417177914,0.532458563535912,8.46001321877066,20.6543291473893,4.49438202247191,5.58493060145407,0.271472392638037,4.58216581506511,7.76060506412364,0.427490956922065,2.6635975008221,0.211656441717791,0.623188405797101,9.36231578947368,25.8225988700565,23.767258382643,23.9760903254372,0.492924528301887,0.513874066168623,3.74753451676529,9.4181459566075,3.59960552268245,4.98027613412229,0.369103773584906,4.55833435998522,7.78133464663876,0.46786505786752,0.886481162275302,0.275943396226415,0.705128205128205,6.15663551401869,26.0095846645367,19.9005926209138,15.9916201117318,0.598837209302326,0.625600961538462,2.73370292487096,6.70999808831963,1.60581150831581,2.63811890651883,0.481912144702842,3.85205059409736,5.552353506244,2.84341978866475,0.960614793467819,0.255813953488372,0.777777777777778,6.04488778054863,26.7632707774799,-5.952380952380949,43
19.5890045369629,19.604190919674,0.470967741935484,0.521306818181818,6.40512409927942,15.6391780090739,3.709634374166,5.25753936482519,0.314516129032258,3.07344332091538,4.72273812682409,1.27354736004245,2.28177235340939,0.345161290322581,0.574766355140187,5.86776470588235,25.3837696335079,14.9323274905702,12.3536299765808,0.543198529411765,0.567307692307692,3.01752828932771,7.36631905924118,1.37563789660528,2.10783226092745,0.606617647058824,1.87319884726225,3.01218161683278,0.753045404208195,2.19269102990033,0.137867647058824,0.746666666666667,10.4967289719626,25.0632218844985,16.5785381026439,15.3284671532847,0.494824016563147,0.5205078125,3.51477449455677,8.33592534992224,1.74183514774495,1.95956454121306,0.494824016563147,3.80907960199005,5.34659620764688,0.55952751010258,1.02580043518806,0.265010351966874,0.5859375,5.43155737704918,24.9686192468619,35.8929898439435,31.3426329555362,0.507321274763135,0.554957724827056,7.0349269259351,16.8689621005697,3.41837998513748,7.70374040128809,0.303186907838071,4.24159742031502,7.10382513661202,0.521609538002981,1.8628912071535,0.281653746770026,0.669724770642202,6.34907292954265,26.6538461538462,17.967072297781,14.5736434108527,0.615044247787611,0.630653266331658,4.9033643521832495,11.7036506800286,2.57695060844667,4.76020042949177,0.0825958702064896,8.29451809387316,10.6169296987088,3.51506456241033,1.75753228120517,0.710914454277286,0.726141078838174,2.98102893890675,26.5214285714286,23.262195121951223,43
22.8918476991357,21.7846153846154,0.483071342200726,0.527687296416938,9.43704741882738,23.4991824340107,3.31698201354824,5.04555010511563,0.448609431680774,2.31389505667874,3.99906454630496,0.280636108512629,1.54349859681946,0.186215235792019,0.564935064935065,8.57061403508772,26.499730458221,20.6806282722513,18.4832756632065,0.510576923076923,0.547743055555556,2.74869109947644,6.47905759162304,2.19240837696335,4.02486910994764,0.580769230769231,4.68189233278956,7.35198438516591,0.910865322055953,2.01691607026675,0.288461538461538,0.593333333333333,4.11467889908257,24.962582781457,18.6318407960199,16.659445407279,0.495161290322581,0.533959537572254,3.60696517412935,9.37810945273632,1.96517412935323,4.1044776119403,0.583870967741936,3.35820895522388,4.85074626865672,0.124378109452736,0.995024875621891,0.232258064516129,0.618055555555556,4.7046511627907,25.5361878453039,20.1149425287356,19.0037672666388,0.474462365591398,0.514705882352941,1.91570881226054,4.93295019157088,2.20306513409962,3.831417624521072,0.701612903225807,4.36144578313253,6.69253152279341,1.0184287099903,1.1639185257032,0.163978494623656,0.573770491803279,4.62792792792793,25.407662835249,19.4885598923284,17.113695703774,0.567781690140845,0.570977917981073,4.22611036339166,10.228802153432,2.34185733512786,4.14535666218035,0.0369718309859154,6.919252989386,9.60300429184549,2.68240343347639,1.66309012875536,0.563380281690141,0.721875,4.53162705667276,24.6047619047619,-4.106564615837499,43
45.6533725418122,34.3567251461988,0.568538647342995,0.631701030927835,8.91380260981437,22.6061385774674,3.36335232494027,12.2955339092079,0.26268115942029,3.49534261735682,5.77563865235098,1.42539800074047,2.42502776749352,0.253019323671498,0.701670644391408,8.25954135954136,26.0310344827586,22.5873916940544,17.1345338983051,0.603741496598639,0.618032786885246,3.55542276665671,8.9632506722438,1.13534508515088,1.67314012548551,0.792517006802721,2.94736842105263,4.69270360278535,0.272479564032698,1.45322434150772,0.0833333333333333,0.775510204081633,8.35655737704918,25.8965665236052,31.7832764505119,27.5095057034221,0.536815068493151,0.572419106317411,7.5938566552901,18.6433447098976,3.19965870307167,6.37798634812287,0.291095890410959,3.94230769230769,6.63527397260274,0.98458904109589,2.37585616438356,0.248287671232877,0.668965517241379,8.07125603864734,26.0382352941176,25.2068394925538,20.4695524578136,0.576923076923077,0.595052083333333,3.69553226696084,9.15609487038058,1.90292333149476,2.45449531163817,0.465659340659341,4.08078572416655,5.93949486538995,0.499583680266445,1.66527893422148,0.328296703296703,0.690376569037657,4.452442159383031,25.3395280235988,16.6358167515039,13.5804997951659,0.578414839797639,0.587418300653595,2.66080518278575,6.31652012956964,1.18000925497455,1.0643220731143,0.6964586846543,3.3868916888221,4.71240471240471,0.900900900900901,1.82490182490183,0.158516020236088,0.574468085106383,6.32333333333333,25.2265206812652,-4.34782608695653,43
31.7757009345794,29.1790461297889,0.500772200772201,0.583879423328965,12.1142655616293,27.6847116910598,6.01304884500088,10.1922059601481,0.515830115830116,4.02400282386163,7.08355414237767,0.971559795089207,2.08443737855503,0.155212355212355,0.587064676616915,7.37145135566188,26.599251497006,19.672131147541,15.3729838709677,0.569607843137255,0.612190812720848,2.17637083097795,5.31373657433578,1.27190503109101,3.64612775579423,0.484313725490196,2.2756183745583,3.64715860899067,0.197907831495618,1.13090189426067,0.201960784313726,0.650485436893204,7.63726235741445,25.3935222672065,25.4791804362194,25.6563245823389,0.491564417177914,0.532458563535912,8.46001321877066,20.6543291473893,4.49438202247191,5.58493060145407,0.271472392638037,4.58216581506511,7.76060506412364,0.427490956922065,2.6635975008221,0.211656441717791,0.623188405797101,9.36231578947368,25.8225988700565,11.2914862914863,9.05283505154639,0.621848739495798,0.633603238866397,3.03030303030303,7.28715728715729,1.22655122655123,0.757575757575758,0.852941176470588,3.92651296829971,6.15107913669065,1.29496402877698,1.8705035971223,0.088235294117647,0.571428571428571,6.24285714285714,24.8581280788177,16.9117647058824,15.6862745098039,0.53125,0.556451612903226,2.20588235294118,5.3921568627451,2.45098039215686,3.30882352941176,0.482142857142857,8.84146341463415,13.7135922330097,3.7621359223301,1.09223300970874,0.330357142857143,0.756756756756757,3.92241379310345,25.0574074074074,-29.53004442366144,43
32.1934945788157,27.0101195952162,0.562180579216354,0.599063962558502,10.5504587155963,24.9791492910759,3.9407839866555503,5.31693077564637,0.450596252129472,2.23685585868088,3.50031439949696,0.23055963110459,1.90735694822888,0.178875638841567,0.614285714285714,8.11720930232558,26.25,36.6911130284728,30.7809523809524,0.531439393939394,0.57443915703603,7.63589301121657,19.1328731665229,3.21397756686799,7.80845556514236,0.479545454545455,3.47957639939486,5.73841489822434,0.368124729320052,2.05716760502382,0.190151515151515,0.605577689243028,8.39475982532751,26.4044233807267,29.2787944025834,22.7866128649418,0.572834645669291,0.618451025056948,2.47578040904198,6.0010764262648,2.20667384284177,6.83530678148547,0.509186351706037,3.46774193548387,5.74650912996778,0.349087003222342,1.34264232008593,0.18503937007874,0.617021276595745,7.36711229946524,25.1723514211886,17.8612059158134,14.675540765391,0.593833780160858,0.606958762886598,5.99165718619644,13.8414865377323,2.04778156996587,1.28934395145999,0.785522788203753,4.11374407582938,6.21683093252464,0.45489006823351,0.985595147839272,0.158176943699732,0.745762711864407,2.97875,25.4122866894198,23.1868824889636,15.9179145867998,0.70625,0.720915032679739,3.32142106369561,8.03027117931469,2.03910027328148,5.82299768761825,0.0078125,8.37443593241683,12.1961441743504,1.52975691533948,1.61357921207041,0.6625,0.778301886792453,3.39653543307087,25.42,14.767787691603758,43
15.6942823803967,15.9212571231221,0.49331550802139,0.513427109974425,7.07895760404512,17.1917541812524,2.74212368728121,1.65305328665889,0.544117647058824,3.31454121306376,5.98523124757093,0.408083948698018,1.04935872522347,0.121657754010695,0.538461538461538,10.4856304985337,26.2796068796069,32.560861423221,28.6159600997506,0.544034090909091,0.587585034013605,7.06928838951311,16.6666666666667,4.77528089887641,6.41385767790262,0.589015151515152,2.38598965679361,4.0604343720491,0.637393767705383,2.03021718602455,0.207386363636364,0.680365296803653,6.15322580645161,27.616077170418,17.7014852690528,17.9027027027027,0.471955128205128,0.516358463726885,4.86973459946433,12.3934745556367,3.04358412466521,4.50450450450451,0.358974358974359,3.57099477711648,4.92001938923897,0.99369849733398,1.89045079980611,0.317307692307692,0.702020202020202,6.27425,25.8410714285714,19.4563662374821,15.495608531995,0.600973236009732,0.616780045351474,2.14592274678112,5.1859799713877,1.931330472103,2.61087267525036,0.469586374695864,6.25,8.47517730496454,1.38297872340426,2.30496453900709,0.369829683698297,0.730263157894737,3.24862385321101,26.0145077720207,26.8899521531101,22.9137594194809,0.556618819776715,0.60042735042735,5.23125996810207,12.3763955342903,3.82775119617225,5.26315789473684,0.0590111642743221,10.0191754554171,13.9929554915146,1.47294268331732,1.18475824527698,0.413078149920255,0.67953667953668,6.34,25.8405405405405,-23.62452523060228,43
25.547119249665,19.0098626958035,0.619515011547344,0.632630410654828,6.23046002679768,15.4086645824029,1.85350602947744,1.87583742742296,0.722863741339492,3.43669539908206,4.60157126823794,0.314253647586981,1.5712682379349,0.146651270207852,0.755905511811024,6.77958333333333,26.9126198083067,17.7950713359274,15.866388308977,0.537521815008726,0.564144736842105,6.19974059662776,15.4604409857328,1.99740596627756,1.99740596627756,0.534031413612566,3.44872293530403,4.92483151892172,0.699844479004666,1.71073094867807,0.228621291448517,0.702290076335878,5.78352059925094,25.1954248366013,24.162633107454,19.9210029194573,0.58029197080292,0.605442176870748,6.98935140367861,17.0377541142304,2.53630203291384,3.11713455953533,0.720542231491137,3.3074684772066,5.32555879494655,1.55490767735666,1.39941690962099,0.10740354535975,0.718446601941748,7.06455223880597,26.0400868306802,32.0421728168691,28.6813854567551,0.51520572450805,0.55622009569378,6.55512262204905,16.6628466651387,3.71304148521659,7.38024295209718,0.320214669051878,4.20919830255763,6.54269972451791,0.436179981634527,1.67584940312213,0.268336314847943,0.676666666666667,7.35631578947368,26.0650837988827,33.0638641875505,25.9031791907514,0.572299651567944,0.611526946107785,3.51657235246564,9.29668552950687,2.14227970897332,8.04365400161682,0.435540069686411,5.7606490872211,8.79478827361564,2.56514657980456,1.26221498371336,0.214285714285714,0.682926829268293,7.01327160493827,27.6128,13.44484167517875,43
32.560861423221,28.6159600997506,0.544034090909091,0.587585034013605,7.06928838951311,16.6666666666667,4.77528089887641,6.41385767790262,0.589015151515152,2.38598965679361,4.0604343720491,0.637393767705383,2.03021718602455,0.207386363636364,0.680365296803653,6.15322580645161,27.616077170418,15.6914893617021,16.1092793217146,0.476190476190476,0.500850340136055,4.49468085106383,11.0372340425532,2.57978723404255,2.47340425531915,0.648351648351648,3.7903976592632,6.27826549614259,1.33014099494546,1.80899175312583,0.201465201465201,0.572727272727273,5.23489583333333,26.5635593220339,17.7014852690528,17.9027027027027,0.471955128205128,0.516358463726885,4.86973459946433,12.3934745556367,3.04358412466521,4.50450450450451,0.358974358974359,3.57099477711648,4.92001938923897,0.99369849733398,1.89045079980611,0.317307692307692,0.702020202020202,6.27425,25.8410714285714,24.4852531997774,21.4751630707476,0.545994065281899,0.591397849462366,8.34724540901503,19.9777406789093,3.11630495269894,4.67445742904841,0.394658753709199,3.82254464285714,6.93900391717963,0.447677672076105,1.95858981533296,0.0949554896142433,0.625,11.1700980392157,26.2406015037594,22.5772928033255,23.5484617164007,0.457125603864734,0.480641592920354,4.18290465055859,10.0025980774227,2.9618082618862,4.28682774746688,0.411835748792271,5.63836681788723,8.04449042938438,2.61251939989653,1.13812726332126,0.230676328502415,0.638743455497382,6.35605749486653,25.9266862170088,1.0752688172043037,43
20.2263926124516,20.0742508618404,0.462204724409449,0.495594713656388,4.97467977360739,12.2132856717307,2.32350312779267,3.2171581769437,0.48503937007874,3.5490605427975,5.79277396237683,0.418035234398328,1.10480740519558,0.223622047244094,0.577464788732394,6.82324159021407,25.0272727272727,24.8051352590555,22.866344605475,0.514348785871965,0.550102249488753,10.087116001834,23.3837689133425,3.6680421824851,4.1723979825768,0.373068432671082,2.52004581901489,3.89194139194139,0.54945054945055,1.92307692307692,0.236203090507726,0.672897196261682,6.63450704225352,26.1863905325444,33.5950337776155,27.6682418119602,0.563907044299201,0.605596269153897,7.74146430527661,19.0980463757532,3.61511776519993,5.97042176373927,0.486564996368918,3.65150544522742,6.67889908256881,0.311926605504587,1.26605504587156,0.163398692810458,0.657777777777778,7.47708628005658,26.4925261584454,13.2593619972261,11.4067504311407,0.571611253196931,0.584352078239609,3.10679611650485,7.57281553398058,1.49791955617198,1.19278779472954,0.595907928388747,3.48595933047448,4.96688741721854,1.02097130242826,1.87637969094923,0.237851662404092,0.666666666666667,4.23860759493671,24.6944206008584,26.5798905866818,23.8896366083446,0.520664869721474,0.557494052339413,6.35729107715525,15.8837955102811,3.0371627994718,6.16864742501415,0.198562443845463,7.06603773584906,10.6435176448387,1.00018871485186,1.84940554821664,0.238993710691824,0.699248120300752,7.87656950672646,25.3677272727273,20.68036853295534,42
21.2371134020619,17.2891707775429,0.567732115677321,0.592219020172911,2.24226804123711,5.38659793814433,1.08247422680412,2.37113402061856,0.659056316590563,2.16634429400387,3.81935483870968,0.129032258064516,1.85806451612903,0.0882800608828006,0.53448275862069,10.4147321428571,25.6237875288684,15.8094681472823,12.6636387924125,0.612028301886793,0.623271889400922,3.15604909409702,8.32846288720047,1.16890707188779,0.789012273524255,0.856132075471698,2.54945054945055,4.58419042021746,0.205700852189245,1.08727593300029,0.0306603773584905,0.615384615384615,12.7360655737705,25.8911845730028,25.4791804362194,25.6563245823389,0.491564417177914,0.532458563535912,8.46001321877066,20.6543291473893,4.49438202247191,5.58493060145407,0.271472392638037,4.58216581506511,7.76060506412364,0.427490956922065,2.6635975008221,0.211656441717791,0.623188405797101,9.36231578947368,25.8225988700565,26.4797507788162,24.0675580577058,0.520168067226891,0.542264752791069,4.04984423676013,10.2803738317757,2.2196261682243,2.84267912772586,0.299159663865546,8.02734375,12.5783699059561,1.01880877742947,1.37147335423198,0.213445378151261,0.653543307086614,9.12805755395683,25.5926966292135,43.2731137088204,35.2770805174744,0.606520090978014,0.628007402837755,9.20297555791711,23.8894792773645,4.37832093517535,15.0265674814028,0.0477634571645185,8.50021303792075,13.9013452914798,1.66559897501602,1.2385223147555,0.565579984836998,0.749329758713137,6.05461783439491,26.7492063492064,57.729770229770224,42
23.7067845074084,20.1979307242465,0.546437659033079,0.561338289962825,3.48323368858851,8.47413569014817,2.36547959448921,1.66363400051989,0.698473282442748,3.46365783258987,5.64238410596027,0.609271523178808,1.82781456953642,0.139949109414758,0.663636363636364,6.96919831223629,25.604189435337,27.3450824332007,20.9435846230654,0.53109243697479,0.624183006535948,8.47072200113701,22.1716884593519,2.10346787947698,11.1426947129051,0.174789915966387,4.19928825622776,4.8759623609923,0.513259195893926,2.19560878243513,0.421848739495798,0.701195219123506,5.72912423625255,25.0798076923077,21.3795077275329,18.4909406800695,0.536565977742448,0.557462686567164,6.29650829994276,15.7126502575844,2.14653692043503,2.71894676588437,0.491255961844197,4.65349369988545,7.44985673352436,0.372492836676218,1.97707736389685,0.158982511923688,0.66,8.248125,26.4355987055016,15.0355653666912,16.2045060658579,0.50294695481336,0.53304347826087,9.39416237429482,22.6391954868776,4.26784400294334,3.6055923473142,0.483300589390963,5.07352941176471,8.32721038452119,1.73891746265001,2.42468772961058,0.24950884086444,0.582677165354331,5.4212927756654,24.983606557377,24.4780417566595,20.4749679075738,0.582116788321168,0.594405594405594,4.03167746580274,10.2951763858891,2.37580993520518,1.9438444924406,0.653284671532847,5.32949225783219,8.14121037463977,1.29682997118156,1.15273775216138,0.18978102189781,0.5,4.90947368421053,25.6614525139665,40.57124310288866,42
32.1934945788157,27.0101195952162,0.562180579216354,0.599063962558502,10.5504587155963,24.9791492910759,3.9407839866555503,5.31693077564637,0.450596252129472,2.23685585868088,3.50031439949696,0.23055963110459,1.90735694822888,0.178875638841567,0.614285714285714,8.11720930232558,26.25,30.2341597796143,23.4256160632796,0.605987055016181,0.645066273932253,8.16115702479339,19.8347107438017,3.16804407713499,5.09641873278237,0.409385113268608,2.99204427533725,4.27380125086866,0.104239054899236,2.71021542738013,0.145631067961165,0.533333333333333,7.75205479452055,26.9782608695652,29.2787944025834,22.7866128649418,0.572834645669291,0.618451025056948,2.47578040904198,6.0010764262648,2.20667384284177,6.83530678148547,0.509186351706037,3.46774193548387,5.74650912996778,0.349087003222342,1.34264232008593,0.18503937007874,0.617021276595745,7.36711229946524,25.1723514211886,17.8612059158134,14.675540765391,0.593833780160858,0.606958762886598,5.99165718619644,13.8414865377323,2.04778156996587,1.28934395145999,0.785522788203753,4.11374407582938,6.21683093252464,0.45489006823351,0.985595147839272,0.158176943699732,0.745762711864407,2.97875,25.4122866894198,23.1868824889636,15.9179145867998,0.70625,0.720915032679739,3.32142106369561,8.03027117931469,2.03910027328148,5.82299768761825,0.0078125,8.37443593241683,12.1961441743504,1.52975691533948,1.61357921207041,0.6625,0.778301886792453,3.39653543307087,25.42,-12.483022595382153,42
28.8701246481705,24.0652135388978,0.543264942016057,0.579656862745098,8.10213108162445,19.2601527945316,2.77442702050663,4.94571773220748,0.354148082069581,2.63608008854009,4.3705941591138,0.664652567975831,1.83282980866062,0.189116859946476,0.641509433962264,9.79406077348066,26.0682619647355,20.3460207612457,17.8363469200123,0.52880658436214,0.55893536121673,2.8719723183391,7.05882352941176,1.97231833910035,3.11418685121107,0.553497942386831,2.45419979260283,4.31629834254144,0.552486187845304,1.34668508287293,0.181069958847737,0.659090909090909,6.55760368663595,25.7475836431227,16.2393162393162,14.3044275609117,0.532710280373832,0.562244897959184,2.77040966696139,6.42499263188918,1.65045682287062,4.0377247273799,0.317757009345794,3.40046701692936,5.37727666955768,2.68863833477884,1.38768430182134,0.448598130841122,0.640625,4.23458904109589,24.6110294117647,26.0383684112498,20.2260072060269,0.595896946564886,0.61660777385159,3.07319798845223,7.15216986403427,1.93704600484262,3.6133358167256495,0.466603053435115,5.02793296089386,7.4846397318935,0.707503258238689,0.930925339787749,0.278625954198473,0.73972602739726,7.01520572450805,26.1333333333333,14.9928263988522,13.0380536494074,0.65,0.618343195266272,3.80200860832138,8.4648493543759,2.86944045911047,4.59110473457676,0.0,10.1356174161313,14.2045454545455,1.91761363636364,1.13636363636364,0.785714285714286,0.718181818181818,2.30142857142857,0.0,8.140243902439025,42
32.1934945788157,27.0101195952162,0.562180579216354,0.599063962558502,10.5504587155963,24.9791492910759,3.9407839866555503,5.31693077564637,0.450596252129472,2.23685585868088,3.50031439949696,0.23055963110459,1.90735694822888,0.178875638841567,0.614285714285714,8.11720930232558,26.25,15.769770706598,12.719836400818,0.569288389513109,0.583044982698962,3.18203088441741,7.72110435189518,1.07627515208236,2.15255030416472,0.565543071161049,3.02044609665428,3.7378864790032313,0.738347946469774,1.47669589293955,0.370786516853933,0.636363636363636,2.42931034482759,24.2686666666667,17.8612059158134,14.675540765391,0.593833780160858,0.606958762886598,5.99165718619644,13.8414865377323,2.04778156996587,1.28934395145999,0.785522788203753,4.11374407582938,6.21683093252464,0.45489006823351,0.985595147839272,0.158176943699732,0.745762711864407,2.97875,25.4122866894198,29.2314526876944,23.2971372161895,0.604304635761589,0.635748792270531,5.01999111505997,12.9498000888494,3.22079075966237,6.7747667703243,0.253863134657837,7.33607926082601,11.0466413746931,2.52175853604106,1.36130328051774,0.47682119205298,0.761574074074074,4.02115384615385,25.3230434782609,23.1868824889636,15.9179145867998,0.70625,0.720915032679739,3.32142106369561,8.03027117931469,2.03910027328148,5.82299768761825,0.0078125,8.37443593241683,12.1961441743504,1.52975691533948,1.61357921207041,0.6625,0.778301886792453,3.39653543307087,25.42,14.813379826940462,42
31.2139708375721,29.2204899777283,0.490552325581395,0.56141975308642,14.9203119701594,34.4354018311292,6.01898948796202,9.51169888097661,0.46656976744186,2.00305550840265,3.39904826648538,0.203942895989123,1.54656696125085,0.157703488372093,0.525345622119816,8.15476839237057,27.6771028037383,22.9111307942132,19.5044807590933,0.555926544240401,0.583458646616541,6.34780041334514,15.5890168290523,2.21434898139947,4.57632122822557,0.474123539232053,3.00963676797628,4.82430017867779,0.982727814175104,1.697438951757,0.323873121869783,0.644329896907217,4.66095238095238,24.9195035460993,17.9442508710801,14.9026763990268,0.567961165048544,0.582579185520362,4.21602787456446,10.0696864111498,1.67247386759582,2.36933797909408,0.395631067961165,3.44409830391139,4.50481430536451,0.515818431911967,1.6162310866575,0.300970873786408,0.717741935483871,6.27791164658635,24.6136645962733,19.6196745291644,18.1658692185008,0.536876355748373,0.545223577235772,6.07057963064546,14.499908575608,2.83415615286158,2.5598829767782,0.254880694143167,4.09671532846715,5.91877617920233,1.00163904571116,4.17046075396103,0.341648590021692,0.653968253968254,5.04890829694323,26.1314893617021,22.4188790560472,17.3280159521436,0.603221083455344,0.634146341463415,3.8121170864533696,9.1218515997277,2.04220558202859,4.90129339686862,0.216691068814056,7.47674154753801,9.96142500567279,1.52030859995462,1.56569094622192,0.546120058565154,0.702412868632708,3.23102803738318,24.6210884353742,40.23809523809524,42
25.57856272838,24.531636620714,0.494475138121547,0.53125,7.75477060495331,18.5546082013804,4.18189200162404,4.58790093382054,0.401473296500921,4.15647921760391,6.46216768916155,1.30879345603272,1.84049079754601,0.178637200736648,0.628865979381443,8.17846153846154,26.6720183486239,14.9323274905702,12.3536299765808,0.543198529411765,0.567307692307692,3.01752828932771,7.36631905924118,1.37563789660528,2.10783226092745,0.606617647058824,1.87319884726225,3.01218161683278,0.753045404208195,2.19269102990033,0.137867647058824,0.746666666666667,10.4967289719626,25.0632218844985,16.5785381026439,15.3284671532847,0.494824016563147,0.5205078125,3.51477449455677,8.33592534992224,1.74183514774495,1.95956454121306,0.494824016563147,3.80907960199005,5.34659620764688,0.55952751010258,1.02580043518806,0.265010351966874,0.5859375,5.43155737704918,24.9686192468619,37.8095238095238,33.8169642857143,0.5,0.551579925650558,6.952380952380951,16.952380952381,4.31746031746032,12.2222222222222,0.298572996706915,5.47619047619048,9.33333333333333,0.888888888888889,1.14285714285714,0.261251372118551,0.668067226890756,8.33849765258216,26.5709558823529,17.6909821941413,16.2884518406455,0.496938775510204,0.541300527240773,3.8483630097645,9.10396323951752,2.21137277426766,5.02584721424469,0.322448979591837,7.02834239908388,9.70319634703196,1.17009132420091,1.48401826484018,0.373469387755102,0.704918032786885,5.93072289156627,25.0301282051282,-27.05882352941176,42
16.5434906196703,14.4466700050075,0.53525641025641,0.567729083665339,9.06765207504264,21.6031836270608,2.13189312109153,2.55827174530984,0.662393162393162,2.59814418272662,4.30169199885288,0.401491253226269,2.26555778606252,0.11965811965812,0.535714285714286,7.8120253164557,25.2616129032258,18.4574976122254,16.0008410428932,0.55275974025974,0.579939668174962,5.32473734479465,12.7507163323782,2.36389684813754,2.81757402101242,0.600649350649351,3.14210902166151,5.00711912672046,0.806834361651637,1.18652112007594,0.196428571428571,0.644628099173554,6.34024390243903,25.0137837837838,22.2051597051597,19.5168295331162,0.567340067340067,0.578778135048232,6.91031941031941,16.1547911547912,3.00982800982801,1.93488943488944,0.737373737373737,3.48570554961015,5.96651445966514,0.517503805175038,2.22222222222222,0.153198653198653,0.582417582417583,4.48974358974359,26.1139269406393,28.8272157564906,25.3152088258471,0.542066027689031,0.591368227731864,7.22918531781558,18.3751119068935,4.38675022381379,7.49776186213071,0.334398296059638,5.45169595880443,7.68197088465846,0.358342665173572,1.05263157894737,0.312034078807242,0.703071672354949,6.00208,25.1821656050955,25.4985435805512,21.5697904310004,0.556338028169014,0.577235772357724,4.05556800358503,10.2621555007842,2.41989693031593,3.20412278736276,0.500541711809317,5.37055723735845,8.70736086175943,1.61579892280072,1.32405745062837,0.24160346695558,0.659192825112108,4.9119305856833,25.7887445887446,-17.5,42
15.3145520016946,13.9992432841468,0.547169811320755,0.570731707317073,12.815081550519,31.1374708748147,2.73247193391231,1.94873967379792,0.636363636363636,3.15228966986156,5.63289783679589,0.471192974941101,2.20603983722425,0.0291595197255574,0.823529411764706,13.1132075471698,25.822102425876,26.6278809577087,25.9763313609467,0.476214574898785,0.521929824561404,7.42895502349519,18.2143656298948,3.96061758782726,7.69747147012755,0.337044534412955,3.31066770705607,4.62016881386051,0.488671701466015,1.64371390493114,0.367408906882591,0.628099173553719,5.60732824427481,26.4498498498498,20.2032721864155,16.9372531812198,0.548872180451128,0.581545064377682,2.75161130391671,6.3708477937531,1.83440753594447,2.33019335647001,0.721804511278195,3.94785847299814,6.24222830141756,0.870430241233524,1.51703556329271,0.189473684210526,0.634920634920635,4.00162162162162,25.1535416666667,22.1467688937569,15.9937888198758,0.622254758418741,0.653100775193799,2.97918948521358,7.38225629791895,1.09529025191676,4.3592552026287,0.527086383601757,3.40921588034752,4.70406360424028,0.309187279151943,0.8613074204947,0.301610541727672,0.66504854368932,4.00340557275542,24.4426966292135,20.0789343857918,17.0899698665519,0.559602649006623,0.603857566765579,5.47607301430686,12.7775037000493,2.9600394671929,3.84805130735076,0.350993377483444,7.0970921636274,9.15805022156573,1.42786804529788,1.42786804529788,0.407284768211921,0.707317073170732,4.06275510204082,25.3896226415094,-3.82059800664453,42
22.9111307942132,19.5044807590933,0.555926544240401,0.583458646616541,6.34780041334514,15.5890168290523,2.21434898139947,4.57632122822557,0.474123539232053,3.00963676797628,4.82430017867779,0.982727814175104,1.697438951757,0.323873121869783,0.644329896907217,4.66095238095238,24.9195035460993,19.6196745291644,18.1658692185008,0.536876355748373,0.545223577235772,6.07057963064546,14.499908575608,2.83415615286158,2.5598829767782,0.254880694143167,4.09671532846715,5.91877617920233,1.00163904571116,4.17046075396103,0.341648590021692,0.653968253968254,5.04890829694323,26.1314893617021,23.9003305364861,20.7896497880883,0.535301668806162,0.558333333333333,2.33918128654971,5.92423086702263,2.33918128654971,3.78845664886855,0.441591784338896,3.42021614748888,4.62868769074262,0.940996948118006,1.32248219735504,0.333761232349166,0.611538461538462,4.58850574712644,24.7440233236152,22.0907297830375,18.2296890672016,0.595161290322581,0.607751937984496,3.12764158918005,7.60777683854607,2.3105100028177,1.63426317272471,0.659677419354839,3.8472418670438495,6.39023004828174,0.397614314115308,0.795228628230616,0.164516129032258,0.666666666666667,5.13364928909953,24.7524509803922,22.4188790560472,17.3280159521436,0.603221083455344,0.634146341463415,3.8121170864533696,9.1218515997277,2.04220558202859,4.90129339686862,0.216691068814056,7.47674154753801,9.96142500567279,1.52030859995462,1.56569094622192,0.546120058565154,0.702412868632708,3.23102803738318,24.6210884353742,6.4230343300110775,42
18.7811508835523,16.3565732978941,0.569546120058565,0.584626234132581,9.71907566832805,24.2863615768011,2.06162211146353,1.29134571816946,0.587115666178624,2.22803228373309,3.55920602327173,0.182523385808807,1.57426420260096,0.0834553440702781,0.754385964912281,8.57517730496454,25.1605985037406,33.9692633810281,29.0546949098957,0.525,0.586983343615052,9.34463875640346,23.8827062356474,3.88623918035683,8.53206147323794,0.388028169014085,2.69983181375587,4.06316536550745,0.28388928317956,1.18878637331441,0.141549295774648,0.691542288557214,10.1010356731876,25.9308529945554,18.2061579651941,15.6091676718938,0.579824561403509,0.584192439862543,4.36412315930388,10.8701472556894,1.74029451137885,0.69611780455154,0.773684210526316,4.65768050180168,7.87653006918574,0.904736562001064,1.78286322511974,0.115789473684211,0.636363636363636,4.81860465116279,26.0192743764172,35.5339805825243,28.8208750245242,0.597864768683274,0.642298670836591,5.67421790722762,13.4843581445523,4.09924487594391,7.78856526429342,0.330960854092527,4.04280618311534,7.60398613518198,1.66811091854419,1.08318890814558,0.110320284697509,0.790322580645161,10.4723404255319,25.5088709677419,12.6088602801969,10.8629441624365,0.618811881188119,0.635496183206107,5.07383566830746,12.0030291556229,2.23400227186672,4.8466489965922,0.0198019801980198,8.65842055185538,12.9686304514155,1.79801071155318,1.26243305279265,0.698019801980198,0.765957446808511,3.23282828282828,35.625,-12.176639665534369,42
26.0242354298904,22.5619399051133,0.570605187319885,0.594986807387863,5.62608193883439,13.6757068667051,2.85631852279285,3.95268320830929,0.380403458213257,2.55116748342462,4.11866359447005,0.806451612903226,1.6705069124424,0.19164265129683,0.736842105263158,8.9793023255814,25.2068181818182,21.4714240606252,17.4431818181818,0.600204498977505,0.630797773654917,4.32586043574361,10.4831070413641,2.36817177139249,3.59962109251658,0.715746421267894,3.07985394507065,5.10855683269476,0.606641123882503,1.72413793103448,0.147239263803681,0.638888888888889,5.1273381294964,25.8428571428571,18.2061579651941,15.6091676718938,0.579824561403509,0.584192439862543,4.36412315930388,10.8701472556894,1.74029451137885,0.69611780455154,0.773684210526316,4.65768050180168,7.87653006918574,0.904736562001064,1.78286322511974,0.115789473684211,0.636363636363636,4.81860465116279,26.0192743764172,35.5339805825243,28.8208750245242,0.597864768683274,0.642298670836591,5.67421790722762,13.4843581445523,4.09924487594391,7.78856526429342,0.330960854092527,4.04280618311534,7.60398613518198,1.66811091854419,1.08318890814558,0.110320284697509,0.790322580645161,10.4723404255319,25.5088709677419,12.6088602801969,10.8629441624365,0.618811881188119,0.635496183206107,5.07383566830746,12.0030291556229,2.23400227186672,4.8466489965922,0.0198019801980198,8.65842055185538,12.9686304514155,1.79801071155318,1.26243305279265,0.698019801980198,0.765957446808511,3.23282828282828,35.625,-17.441860465116292,42
18.7811508835523,16.3565732978941,0.569546120058565,0.584626234132581,9.71907566832805,24.2863615768011,2.06162211146353,1.29134571816946,0.587115666178624,2.22803228373309,3.55920602327173,0.182523385808807,1.57426420260096,0.0834553440702781,0.754385964912281,8.57517730496454,25.1605985037406,26.0242354298904,22.5619399051133,0.570605187319885,0.594986807387863,5.62608193883439,13.6757068667051,2.85631852279285,3.95268320830929,0.380403458213257,2.55116748342462,4.11866359447005,0.806451612903226,1.6705069124424,0.19164265129683,0.736842105263158,8.9793023255814,25.2068181818182,33.9692633810281,29.0546949098957,0.525,0.586983343615052,9.34463875640346,23.8827062356474,3.88623918035683,8.53206147323794,0.388028169014085,2.69983181375587,4.06316536550745,0.28388928317956,1.18878637331441,0.141549295774648,0.691542288557214,10.1010356731876,25.9308529945554,18.2061579651941,15.6091676718938,0.579824561403509,0.584192439862543,4.36412315930388,10.8701472556894,1.74029451137885,0.69611780455154,0.773684210526316,4.65768050180168,7.87653006918574,0.904736562001064,1.78286322511974,0.115789473684211,0.636363636363636,4.81860465116279,26.0192743764172,12.1486422105765,10.5892399658412,0.60427807486631,0.610047846889952,3.38256312529776,7.90852787041448,1.85802763220581,2.38208670795617,0.0106951871657754,5.26066350710901,7.35502121640736,1.36727958510137,1.32013201320132,0.438502673796791,0.804878048780488,5.99567567567568,44.4,-4.224492908342228,42
14.7814910025707,13.5539568345324,0.529761904761905,0.534883720930233,3.14910025706941,7.7120822622108,1.31748071979434,0.674807197943445,0.735714285714286,1.48148148148148,2.32408005164622,0.419625564880568,1.64622336991607,0.1,0.642857142857143,8.19009009009009,25.5511326860841,17.3139158576052,15.4534109816972,0.524576271186441,0.567629179331307,3.37494220989367,8.32177531206657,2.03421174294961,3.51363846509478,0.532203389830509,2.96892980437284,5.04124656278643,0.710357470210816,1.46654445462878,0.183050847457627,0.75,7.50905797101449,25.2363057324841,28.3490294061119,23.5334833016093,0.556412729026037,0.615189873417722,8.07226600038439,19.142802229483,3.40188352873342,7.0344032289064,0.51205400192864,3.15920875744191,5.14296680099789,0.422183841872961,1.55440414507772,0.189971070395371,0.695431472081218,6.88241106719368,26.8847457627119,20.4647478214946,16.0379596678529,0.597222222222222,0.618022328548644,2.2181146025878,5.83575389490362,1.29390018484288,2.98389226300502,0.428819444444444,3.89130721540694,5.69319978914075,0.685292567211386,1.18608328940432,0.324652777777778,0.716577540106952,5.42492401215806,24.7931174089069,36.5507246376812,30.8133472367049,0.535714285714286,0.588152985074627,5.2463768115942,12.5507246376812,3.27536231884058,10.695652173913,0.136263736263736,8.54824688496088,13.2097334878331,3.18655851680185,1.70915411355736,0.357142857142857,0.723076923076923,7.45419847328244,25.8491935483871,-22.96328169822145,42
26.7361794216014,21.502313990744,0.581510934393638,0.610502283105023,13.240212472949,31.7529018296282,2.36081054495377,4.36749950816447,0.558648111332008,2.54865158549837,4.28571428571429,0.972222222222222,2.08333333333333,0.129224652087475,0.715384615384615,9.34977477477478,27.1811387900356,26.0419013291282,22.9647630619684,0.515826494724502,0.574425574425574,3.06375309754449,7.36652399189007,3.04122550123902,7.47916197341744,0.337631887456038,4.30433805349517,6.63825969948419,0.538237272931151,1.0540479928235,0.343493552168816,0.614334470989761,6.48371681415929,26.24375,18.6112232539362,16.9941775836972,0.576388888888889,0.59254498714653,4.44085587404118,10.6176826806621,3.14897052886556,2.78562777553492,0.513888888888889,4.60394049055086,8.16980376451742,1.00120144173008,2.16259511413696,0.225,0.567901234567901,6.53028571428571,25.7794594594595,30.0800609988563,24.5305770887166,0.571912013536379,0.599544072948328,5.01334349980938,12.1044605413649,2.07777354174609,5.87113991612657,0.274111675126904,5.13894175866007,7.73470163435956,0.798175598631699,1.33029266438617,0.285109983079526,0.732937685459941,7.48135198135198,25.4586419753086,25.1798561151079,21.2517897320515,0.577065351418002,0.610021786492375,2.4955035971223,5.64298561151079,2.76528776978417,5.35071942446043,0.485819975339088,5.29213483146067,8.55795148247979,3.2345013477089,1.21293800539084,0.228113440197287,0.691891891891892,6.76882494004796,26.2195431472081,-12.982216142270858,42
25.547119249665,19.0098626958035,0.619515011547344,0.632630410654828,6.23046002679768,15.4086645824029,1.85350602947744,1.87583742742296,0.722863741339492,3.43669539908206,4.60157126823794,0.314253647586981,1.5712682379349,0.146651270207852,0.755905511811024,6.77958333333333,26.9126198083067,17.7950713359274,15.866388308977,0.537521815008726,0.564144736842105,6.19974059662776,15.4604409857328,1.99740596627756,1.99740596627756,0.534031413612566,3.44872293530403,4.92483151892172,0.699844479004666,1.71073094867807,0.228621291448517,0.702290076335878,5.78352059925094,25.1954248366013,19.9867855963,14.3635321100917,0.626582278481013,0.631799163179916,2.11430459200529,5.41790551701355,0.7598282127519,0.363396101750909,0.841772151898734,3.71291231559755,5.988023952095809,0.432468396540253,1.36393878908849,0.0675105485232067,0.71875,8.86133333333333,25.5932330827068,36.4528301886792,30.6823841939233,0.537201365187713,0.582471089470481,8.13207547169811,21.0943396226415,3.94339622641509,8.30188679245283,0.496928327645051,5.89515518546556,10.9149582384207,0.721336370539104,1.44267274107821,0.227986348122867,0.724550898203593,7.54436906377205,26.6873626373626,18.573996405033,14.0560165975104,0.650246305418719,0.670995670995671,2.69622528460156,7.18993409227082,2.39664469742361,3.654883163571,0.0147783251231527,7.04898446833931,8.7552114353782,2.50148898153663,1.07206670637284,0.714285714285714,0.710344827586207,3.1375,36.2,-10.012982797792915,41
36.5405405405405,29.5610687022901,0.550833333333333,0.60310021629416,10.2702702702703,23.7189189189189,3.54594594594595,9.68648648648649,0.330833333333333,2.02688055495339,3.47750489024125,0.173875244512063,1.30406433384047,0.188333333333333,0.641592920353982,8.58742216687422,25.6345088161209,19.1056910569106,16.7666303162486,0.510968921389397,0.531304347826087,5.84740462789243,14.5716072545341,1.28205128205128,2.00125078173859,0.570383912248629,2.50388802488336,3.52722772277228,0.525990099009901,2.0730198019802,0.16636197440585,0.505494505494506,8.92340425531915,25.4275641025641,23.7110016420361,19.7140381282496,0.569737954353339,0.585158150851582,5.02463054187192,12.2331691297209,2.16748768472906,1.9376026272578,0.391377852916314,2.12155963302752,3.07289964040536,0.70284406668846,1.2258908139915,0.202874049027895,0.758333333333333,7.91680555555556,25.2822510822511,24.4325521313896,19.8669047232592,0.557673509286413,0.589572192513369,3.02638863258904,7.23380697545673,1.8822661007566,4.17051116442148,0.449657869012708,3.30380214101144,4.81816503599779,1.19992615839025,2.03064426804504,0.376344086021505,0.654545454545455,4.52326820603908,24.656455142232,34.4429214803211,27.2160664819945,0.584362139917696,0.633598841419261,4.30781280595261,9.57509300959467,3.75954572155865,8.00861562561191,0.278189300411523,9.04176904176904,13.9700078926598,0.986582478295186,1.40094711917916,0.420576131687243,0.669275929549902,4.73192702394527,26.4547337278107,7.291381668946656,41
35.8542319749216,33.0060292850991,0.520590253946465,0.562732919254658,12.5,29.6042319749216,6.05407523510972,7.24921630094044,0.286890871654084,4.17485265225933,7.26950354609929,1.0441292356186,1.39873916469661,0.247083047357584,0.572222222222222,7.05553416746872,26.4557416267943,19.0347316193054,15.4684095860566,0.529411764705882,0.570844686648501,2.77401894451962,6.58547586829048,1.08254397834912,3.2701849345963,0.672058823529412,2.06966749604162,3.7431941923775,0.158802177858439,0.862068965517241,0.107352941176471,0.684931506849315,9.06726457399103,25.5833698030635,21.5272727272727,19.046114971573,0.545751633986928,0.562977099236641,4.87272727272727,12.0,2.90909090909091,5.16363636363636,0.106753812636166,5.47524394651247,6.89655172413793,1.4367816091954,3.52011494252874,0.610021786492375,0.671428571428571,3.34121951219512,28.5479166666667,21.0283315844701,17.7110210099521,0.533540372670808,0.570205479452055,3.39979013641133,8.3105981112277,1.78384050367261,3.48373557187828,0.327950310559006,4.53638559277539,7.71332492643968,1.19798234552333,1.55527532576713,0.216149068322981,0.741379310344828,7.47042513863216,24.6606870229008,14.7028862478778,12.5449101796407,0.584394904458599,0.616809116809117,4.17657045840408,10.5263157894737,2.30899830220713,2.95415959252971,0.168789808917197,6.76615228082076,9.11246612466125,3.42140921409214,0.948509485094851,0.576433121019108,0.679558011049724,3.50114942528736,25.3716981132075,-7.044817927170868,41
20.2263926124516,20.0742508618404,0.462204724409449,0.495594713656388,4.97467977360739,12.2132856717307,2.32350312779267,3.2171581769437,0.48503937007874,3.5490605427975,5.79277396237683,0.418035234398328,1.10480740519558,0.223622047244094,0.577464788732394,6.82324159021407,25.0272727272727,22.8659389868458,19.3353474320242,0.580693815987934,0.595168374816984,4.9258326336412,11.4469633361321,2.40694094598377,1.48334732717604,0.728506787330317,2.34913489942327,4.21380090497738,0.169683257918552,1.13122171945701,0.144796380090498,0.65625,4.58277777777778,25.5865424430642,13.2593619972261,11.4067504311407,0.571611253196931,0.584352078239609,3.10679611650485,7.57281553398058,1.49791955617198,1.19278779472954,0.595907928388747,3.48595933047448,4.96688741721854,1.02097130242826,1.87637969094923,0.237851662404092,0.666666666666667,4.23860759493671,24.6944206008584,20.6671501087745,20.0709906421426,0.501082251082251,0.54293893129771,6.0188542422045,14.902102973169,3.55329949238579,5.14865844815083,0.257575757575758,5.26029385089788,7.47731397459165,0.508166969147005,2.21415607985481,0.413419913419913,0.612565445026178,4.50466472303207,25.3042016806723,26.5798905866818,23.8896366083446,0.520664869721474,0.557494052339413,6.35729107715525,15.8837955102811,3.0371627994718,6.16864742501415,0.198562443845463,7.06603773584906,10.6435176448387,1.00018871485186,1.84940554821664,0.238993710691824,0.699248120300752,7.87656950672646,25.3677272727273,-2.439387178342997,41
16.5434906196703,14.4466700050075,0.53525641025641,0.567729083665339,9.06765207504264,21.6031836270608,2.13189312109153,2.55827174530984,0.662393162393162,2.59814418272662,4.30169199885288,0.401491253226269,2.26555778606252,0.11965811965812,0.535714285714286,7.8120253164557,25.2616129032258,18.4574976122254,16.0008410428932,0.55275974025974,0.579939668174962,5.32473734479465,12.7507163323782,2.36389684813754,2.81757402101242,0.600649350649351,3.14210902166151,5.00711912672046,0.806834361651637,1.18652112007594,0.196428571428571,0.644628099173554,6.34024390243903,25.0137837837838,19.1168036704263,16.3937165775401,0.537170263788969,0.562570462232244,3.11603899827949,7.72318868285223,1.8160963486905,2.44695086981457,0.363309352517986,4.48870675688554,6.4804256936526,1.40630938806537,2.09045990117826,0.298561151079137,0.706827309236948,6.06817325800377,24.5356435643564,25.4985435805512,21.5697904310004,0.556338028169014,0.577235772357724,4.05556800358503,10.2621555007842,2.41989693031593,3.20412278736276,0.500541711809317,5.37055723735845,8.70736086175943,1.61579892280072,1.32405745062837,0.24160346695558,0.659192825112108,4.9119305856833,25.7887445887446,18.1475272422464,13.2054794520548,0.668627450980392,0.681889763779528,2.66135792120704,6.85247275775356,1.8650461022632,5.720871751886,0.0,8.23109992660166,10.912906610703,2.18258132214061,1.17523609653725,0.835294117647059,0.755868544600939,2.35823529411765,0.0,8.333333333333329,41
24.3819844226211,23.5889570552147,0.53125,0.545454545454545,11.8862174060278,28.9536065018625,3.6911615306468,2.60751777853031,0.078525641025641,3.25518637206949,5.00672043010753,0.705645161290323,2.78897849462366,0.309294871794872,0.642487046632124,7.66765217391304,26.1061224489796,13.0451866404715,11.2399016508606,0.536585365853659,0.555369127516779,3.33988212180747,7.66208251473477,0.864440078585462,1.06090373280943,0.693379790940767,3.45635618043351,5.16304347826087,0.543478260869565,1.47515527950311,0.209059233449477,0.683333333333333,4.31704545454545,24.4050251256281,26.0419013291282,22.9647630619684,0.515826494724502,0.574425574425574,3.06375309754449,7.36652399189007,3.04122550123902,7.47916197341744,0.337631887456038,4.30433805349517,6.63825969948419,0.538237272931151,1.0540479928235,0.343493552168816,0.614334470989761,6.48371681415929,26.24375,25.6307692307692,19.8063623789765,0.621035058430718,0.64175654853621,3.93846153846154,9.10769230769231,2.09230769230769,3.50769230769231,0.502504173622705,4.89230769230769,8.06153846153846,0.861538461538462,1.41538461538462,0.340567612687813,0.784313725490196,3.7724832214765103,25.9232558139535,21.5577889447236,16.8988764044944,0.582554517133956,0.618155619596542,2.66331658291457,5.92964824120603,1.50753768844221,3.21608040201005,0.461059190031153,6.31128991702288,8.45495722194263,2.06341217916457,1.40915953699044,0.389408099688474,0.672,3.7196531791907503,25.0493243243243,-7.447397563676631,41
20.2263926124516,20.0742508618404,0.462204724409449,0.495594713656388,4.97467977360739,12.2132856717307,2.32350312779267,3.2171581769437,0.48503937007874,3.5490605427975,5.79277396237683,0.418035234398328,1.10480740519558,0.223622047244094,0.577464788732394,6.82324159021407,25.0272727272727,33.5950337776155,27.6682418119602,0.563907044299201,0.605596269153897,7.74146430527661,19.0980463757532,3.61511776519993,5.97042176373927,0.486564996368918,3.65150544522742,6.67889908256881,0.311926605504587,1.26605504587156,0.163398692810458,0.657777777777778,7.47708628005658,26.4925261584454,22.8659389868458,19.3353474320242,0.580693815987934,0.595168374816984,4.9258326336412,11.4469633361321,2.40694094598377,1.48334732717604,0.728506787330317,2.34913489942327,4.21380090497738,0.169683257918552,1.13122171945701,0.144796380090498,0.65625,4.58277777777778,25.5865424430642,13.2593619972261,11.4067504311407,0.571611253196931,0.584352078239609,3.10679611650485,7.57281553398058,1.49791955617198,1.19278779472954,0.595907928388747,3.48595933047448,4.96688741721854,1.02097130242826,1.87637969094923,0.237851662404092,0.666666666666667,4.23860759493671,24.6944206008584,26.5798905866818,23.8896366083446,0.520664869721474,0.557494052339413,6.35729107715525,15.8837955102811,3.0371627994718,6.16864742501415,0.198562443845463,7.06603773584906,10.6435176448387,1.00018871485186,1.84940554821664,0.238993710691824,0.699248120300752,7.87656950672646,25.3677272727273,5.020080321285136,41
24.3270189431705,23.625730994152,0.47884012539185,0.520714285714286,9.83715520106348,23.5958790295779,3.58923230309073,4.81887670322366,0.564263322884013,2.70812437311936,4.77632021527077,0.773629330642449,1.88361923982509,0.130094043887147,0.626506024096386,8.16115107913669,26.2613888888889,17.3139158576052,15.4534109816972,0.524576271186441,0.567629179331307,3.37494220989367,8.32177531206657,2.03421174294961,3.51363846509478,0.532203389830509,2.96892980437284,5.04124656278643,0.710357470210816,1.46654445462878,0.183050847457627,0.75,7.50905797101449,25.2363057324841,28.3490294061119,23.5334833016093,0.556412729026037,0.615189873417722,8.07226600038439,19.142802229483,3.40188352873342,7.0344032289064,0.51205400192864,3.15920875744191,5.14296680099789,0.422183841872961,1.55440414507772,0.189971070395371,0.695431472081218,6.88241106719368,26.8847457627119,20.4647478214946,16.0379596678529,0.597222222222222,0.618022328548644,2.2181146025878,5.83575389490362,1.29390018484288,2.98389226300502,0.428819444444444,3.89130721540694,5.69319978914075,0.685292567211386,1.18608328940432,0.324652777777778,0.716577540106952,5.42492401215806,24.7931174089069,36.5507246376812,30.8133472367049,0.535714285714286,0.588152985074627,5.2463768115942,12.5507246376812,3.27536231884058,10.695652173913,0.136263736263736,8.54824688496088,13.2097334878331,3.18655851680185,1.70915411355736,0.357142857142857,0.723076923076923,7.45419847328244,25.8491935483871,0.8242566970856586,41
28.8701246481705,24.0652135388978,0.543264942016057,0.579656862745098,8.10213108162445,19.2601527945316,2.77442702050663,4.94571773220748,0.354148082069581,2.63608008854009,4.3705941591138,0.664652567975831,1.83282980866062,0.189116859946476,0.641509433962264,9.79406077348066,26.0682619647355,22.0852221214869,15.9327461969576,0.633982947624848,0.666301969365427,3.71713508612874,8.73980054397099,1.4687216681777,3.88032638259293,0.272838002436054,3.71074305367002,5.63787495482472,0.668594145283701,1.53595952294904,0.517661388550548,0.717647058823529,4.05276381909548,25.325,26.0383684112498,20.2260072060269,0.595896946564886,0.61660777385159,3.07319798845223,7.15216986403427,1.93704600484262,3.6133358167256495,0.466603053435115,5.02793296089386,7.4846397318935,0.707503258238689,0.930925339787749,0.278625954198473,0.73972602739726,7.01520572450805,26.1333333333333,14.7909967845659,12.4293785310734,0.556737588652482,0.567901234567901,1.84887459807074,4.5016077170418,1.12540192926045,3.53697749196142,0.368794326241135,3.58137684042977,4.49172576832151,2.99448384554768,1.97005516154452,0.49645390070922,0.671428571428571,3.7629213483146096,24.4365384615385,38.4230055658627,29.1612057667104,0.627292736610418,0.664198325820992,13.2838589981447,30.9461966604824,4.26716141001855,8.36734693877551,0.242112986060161,8.28072781284813,12.8576737272389,0.836120401337793,2.35971757710888,0.312545854732208,0.71830985915493,5.94472410454985,28.7139393939394,30.70607553366173,41
18.7811508835523,16.3565732978941,0.569546120058565,0.584626234132581,9.71907566832805,24.2863615768011,2.06162211146353,1.29134571816946,0.587115666178624,2.22803228373309,3.55920602327173,0.182523385808807,1.57426420260096,0.0834553440702781,0.754385964912281,8.57517730496454,25.1605985037406,33.9692633810281,29.0546949098957,0.525,0.586983343615052,9.34463875640346,23.8827062356474,3.88623918035683,8.53206147323794,0.388028169014085,2.69983181375587,4.06316536550745,0.28388928317956,1.18878637331441,0.141549295774648,0.691542288557214,10.1010356731876,25.9308529945554,21.4714240606252,17.4431818181818,0.600204498977505,0.630797773654917,4.32586043574361,10.4831070413641,2.36817177139249,3.59962109251658,0.715746421267894,3.07985394507065,5.10855683269476,0.606641123882503,1.72413793103448,0.147239263803681,0.638888888888889,5.1273381294964,25.8428571428571,18.394528437725,16.7764189401066,0.515723270440252,0.516161616161616,2.05183585313175,5.25557955363571,1.43988480921526,1.40388768898488,0.553459119496855,4.75512021371327,6.16848783926683,1.4099400775467,1.55093408530137,0.205450733752621,0.714285714285714,5.59342723004695,24.3723484848485,12.6088602801969,10.8629441624365,0.618811881188119,0.635496183206107,5.07383566830746,12.0030291556229,2.23400227186672,4.8466489965922,0.0198019801980198,8.65842055185538,12.9686304514155,1.79801071155318,1.26243305279265,0.698019801980198,0.765957446808511,3.23282828282828,35.625,-11.60714285714286,41
25.7260461925452,24.2009132420091,0.485310119695321,0.539054966248795,8.64395152069518,20.8781157100389,4.18477018065401,6.51726503544477,0.551686615886834,2.88977727013135,5.18028297581013,0.205385668644455,1.04974897307166,0.109902067464635,0.613861386138614,7.81359223300971,25.6246548323471,32.0165745856354,27.0102600811262,0.543252595155709,0.591983556012333,7.26519337016575,17.7900552486188,4.41988950276243,6.93370165745856,0.312572087658593,2.3543990086741,3.04693933571233,0.164699423552018,1.2901454844908,0.204152249134948,0.621468926553672,7.48238255033557,25.4833333333333,21.5960665658094,17.7926421404682,0.553684210526316,0.575604838709677,2.57186081694402,6.46747352496218,1.36157337367625,2.00453857791225,0.661052631578947,3.48550861905664,5.38899430740038,0.303605313092979,1.48007590132827,0.111578947368421,0.660377358490566,7.90931677018634,25.0663461538462,29.1217760365655,23.5772357723577,0.521428571428572,0.566195372750643,2.28534116878877,5.84394384590271,2.15475024485798,6.03983023179889,0.57,4.53951665578054,6.72982685396929,0.555374060764456,1.078079059131,0.197142857142857,0.652173913043478,5.77109634551495,25.9240601503759,17.8651059085842,13.5645933014354,0.670644391408115,0.666320166320166,2.70345596432553,6.77257525083612,2.39687848383501,4.23634336677815,0.0835322195704057,9.83149979111544,12.2460339549123,3.84080155858614,0.974116337322572,0.758949880668258,0.742138364779874,2.37135416666667,25.8885714285714,-3.3105335157318763,41
25.547119249665,19.0098626958035,0.619515011547344,0.632630410654828,6.23046002679768,15.4086645824029,1.85350602947744,1.87583742742296,0.722863741339492,3.43669539908206,4.60157126823794,0.314253647586981,1.5712682379349,0.146651270207852,0.755905511811024,6.77958333333333,26.9126198083067,24.162633107454,19.9210029194573,0.58029197080292,0.605442176870748,6.98935140367861,17.0377541142304,2.53630203291384,3.11713455953533,0.720542231491137,3.3074684772066,5.32555879494655,1.55490767735666,1.39941690962099,0.10740354535975,0.718446601941748,7.06455223880597,26.0400868306802,32.0421728168691,28.6813854567551,0.51520572450805,0.55622009569378,6.55512262204905,16.6628466651387,3.71304148521659,7.38024295209718,0.320214669051878,4.20919830255763,6.54269972451791,0.436179981634527,1.67584940312213,0.268336314847943,0.676666666666667,7.35631578947368,26.0650837988827,36.4528301886792,30.6823841939233,0.537201365187713,0.582471089470481,8.13207547169811,21.0943396226415,3.94339622641509,8.30188679245283,0.496928327645051,5.89515518546556,10.9149582384207,0.721336370539104,1.44267274107821,0.227986348122867,0.724550898203593,7.54436906377205,26.6873626373626,16.2832929782082,13.9850825785828,0.546637744034707,0.561586638830898,3.87409200968523,10.3208232445521,1.39225181598063,1.1501210653753,0.681127982646421,5.58921538927598,8.79320800485143,1.54639175257732,1.09157064887811,0.164859002169197,0.697368421052632,5.37959183673469,25.321974522293,28.19264069264071,41
16.2144702842377,14.573732718894,0.517241379310345,0.548034934497817,4.19896640826873,10.594315245478,1.55038759689923,3.9405684754522,0.467980295566502,2.93742017879949,4.04040404040404,0.441919191919192,2.02020202020202,0.38423645320197,0.602564102564103,3.10925925925926,24.8536842105263,20.7217694994179,16.4943123061013,0.586715867158672,0.60958904109589,3.20139697322468,7.27590221187427,1.68800931315483,2.85215366705472,0.763837638376384,3.60884749708964,6.34458672875437,0.407450523864959,1.62980209545984,0.070110701107011,0.421052631578947,8.2765625,24.6521951219512,33.5950337776155,27.6682418119602,0.563907044299201,0.605596269153897,7.74146430527661,19.0980463757532,3.61511776519993,5.97042176373927,0.486564996368918,3.65150544522742,6.67889908256881,0.311926605504587,1.26605504587156,0.163398692810458,0.657777777777778,7.47708628005658,26.4925261584454,26.5798905866818,23.8896366083446,0.520664869721474,0.557494052339413,6.35729107715525,15.8837955102811,3.0371627994718,6.16864742501415,0.198562443845463,7.06603773584906,10.6435176448387,1.00018871485186,1.84940554821664,0.238993710691824,0.699248120300752,7.87656950672646,25.3677272727273,20.935960591133,17.4091627172196,0.591594827586207,0.602226720647773,2.11118930330753,5.03166783954961,2.00562983814215,2.35749472202674,0.239224137931034,8.29097283085013,12.4694376528117,2.47991617184771,1.36220747467691,0.493534482758621,0.707423580786026,4.15212464589235,25.654954954955,0.8751367401156358,41
35.3138330286411,31.9250066015316,0.503937007874016,0.564390243902439,11.0907982937233,26.2644728823888,5.63680682510664,9.71968312004875,0.32058492688414,3.13503593821685,5.2502302732576,0.368437212158428,1.87288916180534,0.293588301462317,0.628352490421456,6.14056291390729,26.6385964912281,18.3147853736089,14.4004430905566,0.609048723897912,0.627212389380531,6.8362480127186,16.3116057233704,2.28934817170111,1.81240063593005,0.605568445475638,2.91540544846264,4.66155810983397,0.159642401021711,1.59642401021711,0.104408352668213,0.711111111111111,9.64058823529412,25.2251937984496,18.8345950906171,15.8311868436695,0.526706231454006,0.560792349726776,3.07409956412021,7.29525120440468,1.58293186510668,3.0970406056435,0.580118694362018,3.07374698933364,4.15137614678899,0.18348623853211,1.00917431192661,0.166172106824926,0.696428571428571,7.32402826855124,24.7841025641026,34.7245762711864,28.3425414364641,0.547403132728772,0.590843547224225,3.13559322033898,8.00847457627119,3.24152542372881,8.43220338983051,0.320692497938994,4.42534224769182,6.93174569423772,2.38145864341909,1.95619817137997,0.159934047815334,0.639175257731959,7.05995145631068,25.9560411311054,20.4629319020463,16.0633484162896,0.603248259860789,0.634095634095634,2.18047635021805,5.53505535055351,2.9520295202952,4.26031533042603,0.120649651972158,9.15327978580991,10.550918196995,2.83806343906511,1.20200333889816,0.563805104408353,0.744855967078189,3.53087071240106,24.8365384615385,27.63532763532764,41
31.2139708375721,29.2204899777283,0.490552325581395,0.56141975308642,14.9203119701594,34.4354018311292,6.01898948796202,9.51169888097661,0.46656976744186,2.00305550840265,3.39904826648538,0.203942895989123,1.54656696125085,0.157703488372093,0.525345622119816,8.15476839237057,27.6771028037383,17.1381031613977,13.3852428624397,0.650684931506849,0.658653846153846,6.11480865224626,14.891846921797,2.07986688851913,1.87188019966722,0.705479452054795,3.2398753894081,5.5578598092078,1.07839070924927,1.49315636665284,0.147260273972603,0.72093023255814,4.9046511627907,25.4946601941748,19.6196745291644,18.1658692185008,0.536876355748373,0.545223577235772,6.07057963064546,14.499908575608,2.83415615286158,2.5598829767782,0.254880694143167,4.09671532846715,5.91877617920233,1.00163904571116,4.17046075396103,0.341648590021692,0.653968253968254,5.04890829694323,26.1314893617021,29.2787944025834,22.7866128649418,0.572834645669291,0.618451025056948,2.47578040904198,6.0010764262648,2.20667384284177,6.83530678148547,0.509186351706037,3.46774193548387,5.74650912996778,0.349087003222342,1.34264232008593,0.18503937007874,0.617021276595745,7.36711229946524,25.1723514211886,22.4188790560472,17.3280159521436,0.603221083455344,0.634146341463415,3.8121170864533696,9.1218515997277,2.04220558202859,4.90129339686862,0.216691068814056,7.47674154753801,9.96142500567279,1.52030859995462,1.56569094622192,0.546120058565154,0.702412868632708,3.23102803738318,24.6210884353742,11.627906976744184,40
22.0852221214869,15.9327461969576,0.633982947624848,0.666301969365427,3.71713508612874,8.73980054397099,1.4687216681777,3.88032638259293,0.272838002436054,3.71074305367002,5.63787495482472,0.668594145283701,1.53595952294904,0.517661388550548,0.717647058823529,4.05276381909548,25.325,16.2393162393162,14.3044275609117,0.532710280373832,0.562244897959184,2.77040966696139,6.42499263188918,1.65045682287062,4.0377247273799,0.317757009345794,3.40046701692936,5.37727666955768,2.68863833477884,1.38768430182134,0.448598130841122,0.640625,4.23458904109589,24.6110294117647,26.0383684112498,20.2260072060269,0.595896946564886,0.61660777385159,3.07319798845223,7.15216986403427,1.93704600484262,3.6133358167256495,0.466603053435115,5.02793296089386,7.4846397318935,0.707503258238689,0.930925339787749,0.278625954198473,0.73972602739726,7.01520572450805,26.1333333333333,24.8504983388704,19.078368065747,0.606639839034205,0.648180242634315,5.4485049833887,12.6910299003322,2.42524916943522,5.9468438538206,0.346076458752515,4.11186948560013,5.57223890557224,0.467133800467134,0.767434100767434,0.426559356136821,0.64622641509434,4.74215384615385,25.121511627907,38.4230055658627,29.1612057667104,0.627292736610418,0.664198325820992,13.2838589981447,30.9461966604824,4.26716141001855,8.36734693877551,0.242112986060161,8.28072781284813,12.8576737272389,0.836120401337793,2.35971757710888,0.312545854732208,0.71830985915493,5.94472410454985,28.7139393939394,15.294117647058826,40
35.8542319749216,33.0060292850991,0.520590253946465,0.562732919254658,12.5,29.6042319749216,6.05407523510972,7.24921630094044,0.286890871654084,4.17485265225933,7.26950354609929,1.0441292356186,1.39873916469661,0.247083047357584,0.572222222222222,7.05553416746872,26.4557416267943,27.9497907949791,22.1976401179941,0.579365079365079,0.588888888888889,2.90794979079498,6.94560669456067,1.73640167364017,2.92887029288703,0.715219421101774,2.2448337354453,3.51357037660425,0.105196717862403,1.53587208079108,0.0821661998132586,0.625,8.36196721311475,25.7457516339869,17.2935246219465,15.80204778157,0.50402144772118,0.5440097799511,2.52035672741373,6.5141527723924,2.09383481969756,3.2570763861962,0.60857908847185,4.17151726814125,6.33009708737864,0.466019417475728,1.20388349514563,0.211796246648794,0.582278481012658,5.7986301369863,25.4277533039648,21.0283315844701,17.7110210099521,0.533540372670808,0.570205479452055,3.39979013641133,8.3105981112277,1.78384050367261,3.48373557187828,0.327950310559006,4.53638559277539,7.71332492643968,1.19798234552333,1.55527532576713,0.216149068322981,0.741379310344828,7.47042513863216,24.6606870229008,14.7028862478778,12.5449101796407,0.584394904458599,0.616809116809117,4.17657045840408,10.5263157894737,2.30899830220713,2.95415959252971,0.168789808917197,6.76615228082076,9.11246612466125,3.42140921409214,0.948509485094851,0.576433121019108,0.679558011049724,3.50114942528736,25.3716981132075,14.705519199901218,40
15.3145520016946,13.9992432841468,0.547169811320755,0.570731707317073,12.815081550519,31.1374708748147,2.73247193391231,1.94873967379792,0.636363636363636,3.15228966986156,5.63289783679589,0.471192974941101,2.20603983722425,0.0291595197255574,0.823529411764706,13.1132075471698,25.822102425876,25.3840526700805,22.0877458396369,0.532058492688414,0.556149732620321,4.46232626188735,10.8997805413314,2.14581809314801,2.92611558156547,0.482564679415073,3.11203319502075,5.39946249694601,0.806254580991938,2.05228438797948,0.168728908886389,0.62,9.43891304347826,25.5795774647887,26.6278809577087,25.9763313609467,0.476214574898785,0.521929824561404,7.42895502349519,18.2143656298948,3.96061758782726,7.69747147012755,0.337044534412955,3.31066770705607,4.62016881386051,0.488671701466015,1.64371390493114,0.367408906882591,0.628099173553719,5.60732824427481,26.4498498498498,25.6215650353311,21.3235294117647,0.538311688311688,0.575205640423032,3.27139492279508,8.13923056791416,2.01517927244177,5.07720492017796,0.355844155844156,4.86047425651775,6.79433368310598,0.577124868835257,1.28541448058762,0.411688311688312,0.67192429022082,3.71754032258065,25.0843065693431,21.7930545712261,18.7112763320942,0.565310492505353,0.59021113243762,4.53579021970234,10.9496810772502,2.94117647058824,4.42948263642807,0.197002141327623,6.21908127208481,7.92811839323467,0.951374207188161,1.58562367864693,0.618843683083512,0.681660899653979,3.14693333333333,25.0163043478261,19.628339140534266,40
28.8701246481705,24.0652135388978,0.543264942016057,0.579656862745098,8.10213108162445,19.2601527945316,2.77442702050663,4.94571773220748,0.354148082069581,2.63608008854009,4.3705941591138,0.664652567975831,1.83282980866062,0.189116859946476,0.641509433962264,9.79406077348066,26.0682619647355,22.6526891522334,23.693729903537,0.505415162454874,0.530416221985059,10.4147675478578,23.0856882406563,5.51504102096627,5.30993618960802,0.350180505415162,4.18652144315861,6.03253502033439,0.835969272480795,2.39493899683687,0.38748495788207,0.645962732919255,5.35148148148148,25.2164948453608,20.3460207612457,17.8363469200123,0.52880658436214,0.55893536121673,2.8719723183391,7.05882352941176,1.97231833910035,3.11418685121107,0.553497942386831,2.45419979260283,4.31629834254144,0.552486187845304,1.34668508287293,0.181069958847737,0.659090909090909,6.55760368663595,25.7475836431227,16.2393162393162,14.3044275609117,0.532710280373832,0.562244897959184,2.77040966696139,6.42499263188918,1.65045682287062,4.0377247273799,0.317757009345794,3.40046701692936,5.37727666955768,2.68863833477884,1.38768430182134,0.448598130841122,0.640625,4.23458904109589,24.6110294117647,14.9928263988522,13.0380536494074,0.65,0.618343195266272,3.80200860832138,8.4648493543759,2.86944045911047,4.59110473457676,0.0,10.1356174161313,14.2045454545455,1.91761363636364,1.13636363636364,0.785714285714286,0.718181818181818,2.30142857142857,0.0,4.761904761904773,40
20.752688172043,19.8186933416693,0.498080614203455,0.525547445255475,9.2831541218638,21.3978494623656,3.08243727598566,2.65232974910394,0.593090211132438,2.44868563197695,3.94356005788712,0.506512301013025,2.67727930535456,0.151631477927063,0.544303797468354,6.51603773584906,25.6980582524272,31.0254392866509,27.1369485294118,0.5295,0.549256505576208,5.95331759769211,14.1096249672174,2.7799632835038,4.5371098872279,0.459,2.79020794946038,4.49141347424042,0.634081902245707,1.21532364597094,0.186,0.623655913978495,8.00332717190388,25.6956427015251,29.0064516129032,23.4042553191489,0.548271752085817,0.592651757188498,4.85161290322581,11.5870967741935,2.65806451612903,5.93548387096774,0.522050059594756,3.46701164294955,5.73281452658885,1.01167315175097,1.4526588845655,0.251489868891538,0.701421800947867,5.55336658354115,26.7662100456621,41.2423055400112,33.476599808978,0.56988188976378,0.603109656301146,8.89759373251259,22.7196418578623,5.03637381085618,13.4862898712927,0.0255905511811023,6.06571187868576,7.89177001127396,1.52198421645998,2.08568207440812,0.555118110236221,0.638297872340426,4.13232323232323,28.7307692307692,16.6792074241284,14.4126571304725,0.54786150712831,0.57032590051458,2.48306997742664,5.94431903686983,2.05668422372711,5.11662904439428,0.0020366598778004,7.54267068273092,8.69128359708616,2.46169304194926,0.929414719919618,0.782077393075356,0.591145833333333,2.66816326530612,42.5,-6.2524785194977,40
15.1205936920223,11.8506493506494,0.558333333333333,0.590579710144928,2.41187384044527,5.65862708719852,0.742115027829314,3.43228200371058,0.425,2.4525682554373,2.49307479224377,0.184672206832872,3.32409972299169,0.358333333333333,0.511627906976744,4.27536231884058,25.6803921568627,18.4574976122254,16.0008410428932,0.55275974025974,0.579939668174962,5.32473734479465,12.7507163323782,2.36389684813754,2.81757402101242,0.600649350649351,3.14210902166151,5.00711912672046,0.806834361651637,1.18652112007594,0.196428571428571,0.644628099173554,6.34024390243903,25.0137837837838,22.2051597051597,19.5168295331162,0.567340067340067,0.578778135048232,6.91031941031941,16.1547911547912,3.00982800982801,1.93488943488944,0.737373737373737,3.48570554961015,5.96651445966514,0.517503805175038,2.22222222222222,0.153198653198653,0.582417582417583,4.48974358974359,26.1139269406393,28.8272157564906,25.3152088258471,0.542066027689031,0.591368227731864,7.22918531781558,18.3751119068935,4.38675022381379,7.49776186213071,0.334398296059638,5.45169595880443,7.68197088465846,0.358342665173572,1.05263157894737,0.312034078807242,0.703071672354949,6.00208,25.1821656050955,25.4985435805512,21.5697904310004,0.556338028169014,0.577235772357724,4.05556800358503,10.2621555007842,2.41989693031593,3.20412278736276,0.500541711809317,5.37055723735845,8.70736086175943,1.61579892280072,1.32405745062837,0.24160346695558,0.659192825112108,4.9119305856833,25.7887445887446,-9.503301751363765,40
22.8918476991357,21.7846153846154,0.483071342200726,0.527687296416938,9.43704741882738,23.4991824340107,3.31698201354824,5.04555010511563,0.448609431680774,2.31389505667874,3.99906454630496,0.280636108512629,1.54349859681946,0.186215235792019,0.564935064935065,8.57061403508772,26.499730458221,38.99739583333329,33.6627906976744,0.513215859030837,0.577369439071567,6.18489583333333,14.7786458333333,4.03645833333333,9.83072916666667,0.429515418502203,2.70799347471452,4.44735120994114,0.13080444735121,0.981033355134074,0.174008810572687,0.582278481012658,8.96409266409266,26.0676923076923,21.696405482286,21.8314683717744,0.469833119383825,0.497619047619048,4.52547194207396,11.2490302560124,2.99974140160331,3.59451771399017,0.514762516046213,3.83671360289368,6.04026845637584,0.774393391843056,2.11667527103769,0.282413350449294,0.540909090909091,5.31640211640212,25.3104738154613,20.6806282722513,18.4832756632065,0.510576923076923,0.547743055555556,2.74869109947644,6.47905759162304,2.19240837696335,4.02486910994764,0.580769230769231,4.68189233278956,7.35198438516591,0.910865322055953,2.01691607026675,0.288461538461538,0.593333333333333,4.11467889908257,24.962582781457,19.4885598923284,17.113695703774,0.567781690140845,0.570977917981073,4.22611036339166,10.228802153432,2.34185733512786,4.14535666218035,0.0369718309859154,6.919252989386,9.60300429184549,2.68240343347639,1.66309012875536,0.563380281690141,0.721875,4.53162705667276,24.6047619047619,-12.32944270918955,40
28.0554181098466,27.4552597119162,0.488565488565489,0.53415559772296,6.38297872340426,14.6462147451757,5.04700643245918,5.44285007422068,0.503118503118503,3.47547448853833,5.795677799607071,1.62082514734774,2.5049115913556,0.174636174636175,0.738095238095238,8.16234309623431,27.097520661157,14.9323274905702,12.3536299765808,0.543198529411765,0.567307692307692,3.01752828932771,7.36631905924118,1.37563789660528,2.10783226092745,0.606617647058824,1.87319884726225,3.01218161683278,0.753045404208195,2.19269102990033,0.137867647058824,0.746666666666667,10.4967289719626,25.0632218844985,17.5115207373272,18.1357649442756,0.45578231292517,0.484076433121019,4.3778801843318,10.5990783410138,2.53456221198157,2.41935483870968,0.523809523809524,3.09633027522936,3.19634703196347,1.14155251141553,3.53881278538813,0.312925170068027,0.586956521739131,4.47285714285714,26.938961038961,16.5785381026439,15.3284671532847,0.494824016563147,0.5205078125,3.51477449455677,8.33592534992224,1.74183514774495,1.95956454121306,0.494824016563147,3.80907960199005,5.34659620764688,0.55952751010258,1.02580043518806,0.265010351966874,0.5859375,5.43155737704918,24.9686192468619,17.967072297781,14.5736434108527,0.615044247787611,0.630653266331658,4.9033643521832495,11.7036506800286,2.57695060844667,4.76020042949177,0.0825958702064896,8.29451809387316,10.6169296987088,3.51506456241033,1.75753228120517,0.710914454277286,0.726141078838174,2.98102893890675,26.5214285714286,15.158227848101262,39
19.872851424535,17.9339171974522,0.482872200263505,0.511627906976744,7.84082882034377,18.4600894749235,2.04850482693666,3.20226041911938,0.60737812911726,2.6061320754717,4.4649184975194895,0.590597684857075,2.2206472950626,0.121212121212121,0.5,10.15,26.7431670281996,31.2420670897552,27.3160239668152,0.504523312456507,0.543381887270424,5.11332728921124,12.1305530371714,3.68087035358114,6.09247506799637,0.459986082115518,3.42883128694861,6.05839416058394,0.492700729927007,1.2956204379562,0.240083507306889,0.643478260869565,7.95309278350516,26.1428139183056,21.7651922281935,17.9743724767421,0.532960893854749,0.55421052631579,2.64572137246796,6.32492765605622,1.57089706490285,2.52170318313353,0.524022346368715,2.83585179051956,4.12520729684909,0.33167495854063,1.24378109452736,0.154189944134078,0.550724637681159,8.3981220657277,25.4429487179487,15.422477440525,13.002042205582,0.527027027027027,0.556213017751479,3.85561936013126,9.76210008203445,1.80475799835931,3.85561936013126,0.310810810810811,4.74260235103364,5.36858974358974,0.560897435897436,2.08333333333333,0.371621621621622,0.672727272727273,4.18137254901961,24.2021739130435,29.7457974579746,26.5380604796663,0.505249343832021,0.543445692883895,7.62607626076261,18.7576875768758,3.9770397703977,8.77408774087741,0.0787401574803149,8.11674917491749,10.8966376089664,1.26608551266086,1.74346201743462,0.416447944006999,0.651260504201681,5.89078822412156,26.1224719101124,20.03086419753086,39
32.1934945788157,27.0101195952162,0.562180579216354,0.599063962558502,10.5504587155963,24.9791492910759,3.9407839866555503,5.31693077564637,0.450596252129472,2.23685585868088,3.50031439949696,0.23055963110459,1.90735694822888,0.178875638841567,0.614285714285714,8.11720930232558,26.25,36.6911130284728,30.7809523809524,0.531439393939394,0.57443915703603,7.63589301121657,19.1328731665229,3.21397756686799,7.80845556514236,0.479545454545455,3.47957639939486,5.73841489822434,0.368124729320052,2.05716760502382,0.190151515151515,0.605577689243028,8.39475982532751,26.4044233807267,29.2787944025834,22.7866128649418,0.572834645669291,0.618451025056948,2.47578040904198,6.0010764262648,2.20667384284177,6.83530678148547,0.509186351706037,3.46774193548387,5.74650912996778,0.349087003222342,1.34264232008593,0.18503937007874,0.617021276595745,7.36711229946524,25.1723514211886,29.2314526876944,23.2971372161895,0.604304635761589,0.635748792270531,5.01999111505997,12.9498000888494,3.22079075966237,6.7747667703243,0.253863134657837,7.33607926082601,11.0466413746931,2.52175853604106,1.36130328051774,0.47682119205298,0.761574074074074,4.02115384615385,25.3230434782609,23.1868824889636,15.9179145867998,0.70625,0.720915032679739,3.32142106369561,8.03027117931469,2.03910027328148,5.82299768761825,0.0078125,8.37443593241683,12.1961441743504,1.52975691533948,1.61357921207041,0.6625,0.778301886792453,3.39653543307087,25.42,26.66666666666667,39
28.8701246481705,24.0652135388978,0.543264942016057,0.579656862745098,8.10213108162445,19.2601527945316,2.77442702050663,4.94571773220748,0.354148082069581,2.63608008854009,4.3705941591138,0.664652567975831,1.83282980866062,0.189116859946476,0.641509433962264,9.79406077348066,26.0682619647355,20.3460207612457,17.8363469200123,0.52880658436214,0.55893536121673,2.8719723183391,7.05882352941176,1.97231833910035,3.11418685121107,0.553497942386831,2.45419979260283,4.31629834254144,0.552486187845304,1.34668508287293,0.181069958847737,0.659090909090909,6.55760368663595,25.7475836431227,22.0852221214869,15.9327461969576,0.633982947624848,0.666301969365427,3.71713508612874,8.73980054397099,1.4687216681777,3.88032638259293,0.272838002436054,3.71074305367002,5.63787495482472,0.668594145283701,1.53595952294904,0.517661388550548,0.717647058823529,4.05276381909548,25.325,16.2393162393162,14.3044275609117,0.532710280373832,0.562244897959184,2.77040966696139,6.42499263188918,1.65045682287062,4.0377247273799,0.317757009345794,3.40046701692936,5.37727666955768,2.68863833477884,1.38768430182134,0.448598130841122,0.640625,4.23458904109589,24.6110294117647,38.4230055658627,29.1612057667104,0.627292736610418,0.664198325820992,13.2838589981447,30.9461966604824,4.26716141001855,8.36734693877551,0.242112986060161,8.28072781284813,12.8576737272389,0.836120401337793,2.35971757710888,0.312545854732208,0.71830985915493,5.94472410454985,28.7139393939394,-15.116279069767444,39
22.6860254083485,20.6923995224831,0.505605381165919,0.532051282051282,9.21052631578947,21.7332123411978,2.35934664246824,2.45009074410163,0.573991031390135,2.35400633770937,4.0650406504065,0.722673893405601,1.76151761517615,0.170403587443946,0.473684210526316,6.58789473684211,26.03984375,19.1056910569106,16.7666303162486,0.510968921389397,0.531304347826087,5.84740462789243,14.5716072545341,1.28205128205128,2.00125078173859,0.570383912248629,2.50388802488336,3.52722772277228,0.525990099009901,2.0730198019802,0.16636197440585,0.505494505494506,8.92340425531915,25.4275641025641,18.1018119068162,15.4208447280462,0.578673602080624,0.612018669778296,7.79982743744607,18.8610871440897,2.72648835202761,3.53753235547886,0.327698309492848,6.3468825353083,9.90201134605467,0.464156781846313,2.04572803850782,0.449934980494148,0.708092485549133,4.49419729206963,25.2230158730159,24.4325521313896,19.8669047232592,0.557673509286413,0.589572192513369,3.02638863258904,7.23380697545673,1.8822661007566,4.17051116442148,0.449657869012708,3.30380214101144,4.81816503599779,1.19992615839025,2.03064426804504,0.376344086021505,0.654545454545455,4.52326820603908,24.656455142232,34.4429214803211,27.2160664819945,0.584362139917696,0.633598841419261,4.30781280595261,9.57509300959467,3.75954572155865,8.00861562561191,0.278189300411523,9.04176904176904,13.9700078926598,0.986582478295186,1.40094711917916,0.420576131687243,0.669275929549902,4.73192702394527,26.4547337278107,7.375844842785767,39
20.5778301886792,18.4210526315789,0.577490774907749,0.6,6.13207547169811,14.4457547169811,3.125,2.65330188679245,0.44280442804428,3.18960425280567,5.14792899408284,1.00591715976331,2.48520710059172,0.261992619926199,0.661971830985916,6.31192052980132,25.1408333333333,11.4087301587302,11.8380062305296,0.553299492385787,0.552884615384615,4.11706349206349,10.4662698412698,2.87698412698413,1.19047619047619,0.385786802030457,4.50049455984174,5.76923076923077,0.690335305719921,1.67652859960552,0.395939086294416,0.653846153846154,4.39834710743802,24.7342105263158,24.4852531997774,21.4751630707476,0.545994065281899,0.591397849462366,8.34724540901503,19.9777406789093,3.11630495269894,4.67445742904841,0.394658753709199,3.82254464285714,6.93900391717963,0.447677672076105,1.95858981533296,0.0949554896142433,0.625,11.1700980392157,26.2406015037594,26.4797507788162,24.0675580577058,0.520168067226891,0.542264752791069,4.04984423676013,10.2803738317757,2.2196261682243,2.84267912772586,0.299159663865546,8.02734375,12.5783699059561,1.01880877742947,1.37147335423198,0.213445378151261,0.653543307086614,9.12805755395683,25.5926966292135,19.9005926209138,15.9916201117318,0.598837209302326,0.625600961538462,2.73370292487096,6.70999808831963,1.60581150831581,2.63811890651883,0.481912144702842,3.85205059409736,5.552353506244,2.84341978866475,0.960614793467819,0.255813953488372,0.777777777777778,6.04488778054863,26.7632707774799,22.934595524956976,39
17.1381031613977,13.3852428624397,0.650684931506849,0.658653846153846,6.11480865224626,14.891846921797,2.07986688851913,1.87188019966722,0.705479452054795,3.2398753894081,5.5578598092078,1.07839070924927,1.49315636665284,0.147260273972603,0.72093023255814,4.9046511627907,25.4946601941748,22.9111307942132,19.5044807590933,0.555926544240401,0.583458646616541,6.34780041334514,15.5890168290523,2.21434898139947,4.57632122822557,0.474123539232053,3.00963676797628,4.82430017867779,0.982727814175104,1.697438951757,0.323873121869783,0.644329896907217,4.66095238095238,24.9195035460993,19.6196745291644,18.1658692185008,0.536876355748373,0.545223577235772,6.07057963064546,14.499908575608,2.83415615286158,2.5598829767782,0.254880694143167,4.09671532846715,5.91877617920233,1.00163904571116,4.17046075396103,0.341648590021692,0.653968253968254,5.04890829694323,26.1314893617021,23.9003305364861,20.7896497880883,0.535301668806162,0.558333333333333,2.33918128654971,5.92423086702263,2.33918128654971,3.78845664886855,0.441591784338896,3.42021614748888,4.62868769074262,0.940996948118006,1.32248219735504,0.333761232349166,0.611538461538462,4.58850574712644,24.7440233236152,22.4188790560472,17.3280159521436,0.603221083455344,0.634146341463415,3.8121170864533696,9.1218515997277,2.04220558202859,4.90129339686862,0.216691068814056,7.47674154753801,9.96142500567279,1.52030859995462,1.56569094622192,0.546120058565154,0.702412868632708,3.23102803738318,24.6210884353742,7.037907728474863,39
30.0479488545551,25.5210745715609,0.517123287671233,0.567951318458418,10.1758124667022,23.9211507725093,3.09003729355354,6.8193926478423,0.513698630136986,3.10839532412327,5.35241123476418,0.211976682564918,1.21886592474828,0.141552511415525,0.580645161290323,7.75258215962441,26.3897777777778,23.6098450319052,21.3351134846462,0.497681607418856,0.537604456824513,2.97781829231237,7.17107262230325,2.52202977818292,4.70981464600425,0.50386398763524,2.92912429807255,4.51788963007884,0.303214069132808,1.45542753183748,0.244204018547141,0.525316455696203,6.77258566978193,25.6539877300614,18.4355997788834,14.8220380302292,0.592696629213483,0.601985559566787,2.70867882808181,6.6334991708126,1.49253731343284,1.32669983416252,0.473782771535581,3.34207982322884,4.99585978470881,0.828043058239029,1.60088324592879,0.411985018726592,0.659090909090909,3.15480427046263,24.4256916996047,31.2308478038815,28.7248322147651,0.522912423625255,0.546470062555853,8.01838610827375,18.8968335035751,4.21348314606742,7.9417773237998,0.311608961303462,4.67134652201659,7.78259760142894,0.433784128604236,1.17376881857617,0.410386965376782,0.607940446650124,4.28757396449704,25.5313725490196,23.6713588049411,18.8347564038172,0.627806563039724,0.64375,4.53892559609308,10.2269462798047,3.18873886814134,4.1367423154266,0.005181347150259,7.83443139501576,10.2256498143388,2.02799200228506,1.88517566409597,0.533678756476684,0.73462783171521,4.79027777777778,38.0,-11.1111111111111,39
26.7361794216014,21.502313990744,0.581510934393638,0.610502283105023,13.240212472949,31.7529018296282,2.36081054495377,4.36749950816447,0.558648111332008,2.54865158549837,4.28571428571429,0.972222222222222,2.08333333333333,0.129224652087475,0.715384615384615,9.34977477477478,27.1811387900356,24.3819844226211,23.5889570552147,0.53125,0.545454545454545,11.8862174060278,28.9536065018625,3.6911615306468,2.60751777853031,0.078525641025641,3.25518637206949,5.00672043010753,0.705645161290323,2.78897849462366,0.309294871794872,0.642487046632124,7.66765217391304,26.1061224489796,26.0419013291282,22.9647630619684,0.515826494724502,0.574425574425574,3.06375309754449,7.36652399189007,3.04122550123902,7.47916197341744,0.337631887456038,4.30433805349517,6.63825969948419,0.538237272931151,1.0540479928235,0.343493552168816,0.614334470989761,6.48371681415929,26.24375,25.6307692307692,19.8063623789765,0.621035058430718,0.64175654853621,3.93846153846154,9.10769230769231,2.09230769230769,3.50769230769231,0.502504173622705,4.89230769230769,8.06153846153846,0.861538461538462,1.41538461538462,0.340567612687813,0.784313725490196,3.7724832214765103,25.9232558139535,25.1798561151079,21.2517897320515,0.577065351418002,0.610021786492375,2.4955035971223,5.64298561151079,2.76528776978417,5.35071942446043,0.485819975339088,5.29213483146067,8.55795148247979,3.2345013477089,1.21293800539084,0.228113440197287,0.691891891891892,6.76882494004796,26.2195431472081,5.747126436781599,39
31.7757009345794,29.1790461297889,0.500772200772201,0.583879423328965,12.1142655616293,27.6847116910598,6.01304884500088,10.1922059601481,0.515830115830116,4.02400282386163,7.08355414237767,0.971559795089207,2.08443737855503,0.155212355212355,0.587064676616915,7.37145135566188,26.599251497006,11.4901256732496,13.6969696969697,0.520179372197309,0.540084388185654,12.7917414721724,31.8671454219031,4.57809694793537,1.48114901256733,0.0,5.39632781012091,8.66845397676497,1.02770330652368,1.69794459338695,0.488789237668161,0.605504587155963,4.78116591928251,0.0,20.8960573476703,18.869123252859,0.533536585365854,0.557581573896353,5.23297491039427,12.5089605734767,2.65232974910394,2.36559139784946,0.58739837398374,2.86280158444364,4.88422575976845,0.397973950795948,1.48335745296671,0.136178861788618,0.537313432835821,8.63103448275862,25.7695501730104,20.4879328436516,16.3953488372093,0.592529711375212,0.611111111111111,1.57397691500525,3.80377754459601,1.73137460650577,3.09548793284365,0.371816638370119,3.44963273871983,4.45960125918153,0.865687303252886,2.07240293809024,0.434634974533107,0.703125,3.49378378378378,24.7844748858447,11.2914862914863,9.05283505154639,0.621848739495798,0.633603238866397,3.03030303030303,7.28715728715729,1.22655122655123,0.757575757575758,0.852941176470588,3.92651296829971,6.15107913669065,1.29496402877698,1.8705035971223,0.088235294117647,0.571428571428571,6.24285714285714,24.8581280788177,24.14174972314508,39
25.547119249665,19.0098626958035,0.619515011547344,0.632630410654828,6.23046002679768,15.4086645824029,1.85350602947744,1.87583742742296,0.722863741339492,3.43669539908206,4.60157126823794,0.314253647586981,1.5712682379349,0.146651270207852,0.755905511811024,6.77958333333333,26.9126198083067,24.162633107454,19.9210029194573,0.58029197080292,0.605442176870748,6.98935140367861,17.0377541142304,2.53630203291384,3.11713455953533,0.720542231491137,3.3074684772066,5.32555879494655,1.55490767735666,1.39941690962099,0.10740354535975,0.718446601941748,7.06455223880597,26.0400868306802,32.0421728168691,28.6813854567551,0.51520572450805,0.55622009569378,6.55512262204905,16.6628466651387,3.71304148521659,7.38024295209718,0.320214669051878,4.20919830255763,6.54269972451791,0.436179981634527,1.67584940312213,0.268336314847943,0.676666666666667,7.35631578947368,26.0650837988827,19.9867855963,14.3635321100917,0.626582278481013,0.631799163179916,2.11430459200529,5.41790551701355,0.7598282127519,0.363396101750909,0.841772151898734,3.71291231559755,5.988023952095809,0.432468396540253,1.36393878908849,0.0675105485232067,0.71875,8.86133333333333,25.5932330827068,16.6666666666667,11.4331723027375,0.667857142857143,0.680555555555556,4.42176870748299,11.6780045351474,1.17157974300831,3.66591080876795,0.0107142857142857,7.33598033654755,7.49148694665153,2.68634127884979,1.36208853575482,0.8,0.732142857142857,2.56714801444043,27.2666666666667,3.5986049461001954,39
30.0479488545551,25.5210745715609,0.517123287671233,0.567951318458418,10.1758124667022,23.9211507725093,3.09003729355354,6.8193926478423,0.513698630136986,3.10839532412327,5.35241123476418,0.211976682564918,1.21886592474828,0.141552511415525,0.580645161290323,7.75258215962441,26.3897777777778,23.6098450319052,21.3351134846462,0.497681607418856,0.537604456824513,2.97781829231237,7.17107262230325,2.52202977818292,4.70981464600425,0.50386398763524,2.92912429807255,4.51788963007884,0.303214069132808,1.45542753183748,0.244204018547141,0.525316455696203,6.77258566978193,25.6539877300614,18.4355997788834,14.8220380302292,0.592696629213483,0.601985559566787,2.70867882808181,6.6334991708126,1.49253731343284,1.32669983416252,0.473782771535581,3.34207982322884,4.99585978470881,0.828043058239029,1.60088324592879,0.411985018726592,0.659090909090909,3.15480427046263,24.4256916996047,28.2746160794941,27.1259842519685,0.481655691439323,0.520066889632107,8.53658536585366,19.8509485094851,4.17795844625113,6.82023486901536,0.26340545625588,5.66080288678394,8.85135135135135,1.41891891891892,2.09459459459459,0.26340545625588,0.646428571428572,7.76257982120051,26.245,14.5041014168531,14.9287564766839,0.462078651685393,0.497442455242967,5.4064131245339295,12.8262490678598,2.60999254287845,3.05741983594333,0.196629213483146,5.8087411281285,7.55988023952096,1.27245508982036,2.05838323353293,0.528089887640449,0.590425531914894,4.41083916083916,25.6228571428571,21.26894827316768,39
21.2371134020619,17.2891707775429,0.567732115677321,0.592219020172911,2.24226804123711,5.38659793814433,1.08247422680412,2.37113402061856,0.659056316590563,2.16634429400387,3.81935483870968,0.129032258064516,1.85806451612903,0.0882800608828006,0.53448275862069,10.4147321428571,25.6237875288684,25.4791804362194,25.6563245823389,0.491564417177914,0.532458563535912,8.46001321877066,20.6543291473893,4.49438202247191,5.58493060145407,0.271472392638037,4.58216581506511,7.76060506412364,0.427490956922065,2.6635975008221,0.211656441717791,0.623188405797101,9.36231578947368,25.8225988700565,14.6953405017921,12.6048700634336,0.600194552529183,0.612359550561798,3.47222222222222,8.13172043010753,1.83691756272401,1.0752688172043,0.651750972762646,3.2182103610675,5.68028738212842,0.336775931746745,1.70633138751684,0.192607003891051,0.585858585858586,5.32122905027933,24.8208955223881,23.767258382643,23.9760903254372,0.492924528301887,0.513874066168623,3.74753451676529,9.4181459566075,3.59960552268245,4.98027613412229,0.369103773584906,4.55833435998522,7.78133464663876,0.46786505786752,0.886481162275302,0.275943396226415,0.705128205128205,6.15663551401869,26.0095846645367,19.9005926209138,15.9916201117318,0.598837209302326,0.625600961538462,2.73370292487096,6.70999808831963,1.60581150831581,2.63811890651883,0.481912144702842,3.85205059409736,5.552353506244,2.84341978866475,0.960614793467819,0.255813953488372,0.777777777777778,6.04488778054863,26.7632707774799,-23.22368421052633,39
14.4082332761578,13.8401559454191,0.55672268907563,0.574363992172211,8.89487870619946,21.3673119333497,3.13648615535408,2.05831903945112,0.44327731092437,2.04631785320426,3.23529411764706,0.392156862745098,1.76470588235294,0.329831932773109,0.592356687898089,4.98641509433962,25.8580952380952,33.5950337776155,27.6682418119602,0.563907044299201,0.605596269153897,7.74146430527661,19.0980463757532,3.61511776519993,5.97042176373927,0.486564996368918,3.65150544522742,6.67889908256881,0.311926605504587,1.26605504587156,0.163398692810458,0.657777777777778,7.47708628005658,26.4925261584454,13.2593619972261,11.4067504311407,0.571611253196931,0.584352078239609,3.10679611650485,7.57281553398058,1.49791955617198,1.19278779472954,0.595907928388747,3.48595933047448,4.96688741721854,1.02097130242826,1.87637969094923,0.237851662404092,0.666666666666667,4.23860759493671,24.6944206008584,17.5516224188791,15.7669237360754,0.50990099009901,0.539274924471299,7.12881022615536,17.6499508357915,1.81907571288102,3.19567354965585,0.231023102310231,5.06515859355791,7.52582390555829,1.62321692080669,1.96753566158387,0.267326732673267,0.703703703703704,6.57725321888412,26.4057142857143,20.935960591133,17.4091627172196,0.591594827586207,0.602226720647773,2.11118930330753,5.03166783954961,2.00562983814215,2.35749472202674,0.239224137931034,8.29097283085013,12.4694376528117,2.47991617184771,1.36220747467691,0.493534482758621,0.707423580786026,4.15212464589235,25.654954954955,5.79710144927536,39
31.2139708375721,29.2204899777283,0.490552325581395,0.56141975308642,14.9203119701594,34.4354018311292,6.01898948796202,9.51169888097661,0.46656976744186,2.00305550840265,3.39904826648538,0.203942895989123,1.54656696125085,0.157703488372093,0.525345622119816,8.15476839237057,27.6771028037383,17.1381031613977,13.3852428624397,0.650684931506849,0.658653846153846,6.11480865224626,14.891846921797,2.07986688851913,1.87188019966722,0.705479452054795,3.2398753894081,5.5578598092078,1.07839070924927,1.49315636665284,0.147260273972603,0.72093023255814,4.9046511627907,25.4946601941748,19.6196745291644,18.1658692185008,0.536876355748373,0.545223577235772,6.07057963064546,14.499908575608,2.83415615286158,2.5598829767782,0.254880694143167,4.09671532846715,5.91877617920233,1.00163904571116,4.17046075396103,0.341648590021692,0.653968253968254,5.04890829694323,26.1314893617021,23.9003305364861,20.7896497880883,0.535301668806162,0.558333333333333,2.33918128654971,5.92423086702263,2.33918128654971,3.78845664886855,0.441591784338896,3.42021614748888,4.62868769074262,0.940996948118006,1.32248219735504,0.333761232349166,0.611538461538462,4.58850574712644,24.7440233236152,19.4422310756972,16.5232358003442,0.558974358974359,0.5635103926097,2.50996015936255,5.89641434262948,1.87250996015936,3.86454183266932,0.0025641025641025,9.33333333333333,11.7296222664016,2.0675944333996,1.35188866799205,0.707692307692308,0.626811594202899,2.97249357326478,26.3,3.797468354430378,39
28.8701246481705,24.0652135388978,0.543264942016057,0.579656862745098,8.10213108162445,19.2601527945316,2.77442702050663,4.94571773220748,0.354148082069581,2.63608008854009,4.3705941591138,0.664652567975831,1.83282980866062,0.189116859946476,0.641509433962264,9.79406077348066,26.0682619647355,20.3460207612457,17.8363469200123,0.52880658436214,0.55893536121673,2.8719723183391,7.05882352941176,1.97231833910035,3.11418685121107,0.553497942386831,2.45419979260283,4.31629834254144,0.552486187845304,1.34668508287293,0.181069958847737,0.659090909090909,6.55760368663595,25.7475836431227,16.2393162393162,14.3044275609117,0.532710280373832,0.562244897959184,2.77040966696139,6.42499263188918,1.65045682287062,4.0377247273799,0.317757009345794,3.40046701692936,5.37727666955768,2.68863833477884,1.38768430182134,0.448598130841122,0.640625,4.23458904109589,24.6110294117647,24.8504983388704,19.078368065747,0.606639839034205,0.648180242634315,5.4485049833887,12.6910299003322,2.42524916943522,5.9468438538206,0.346076458752515,4.11186948560013,5.57223890557224,0.467133800467134,0.767434100767434,0.426559356136821,0.64622641509434,4.74215384615385,25.121511627907,38.4230055658627,29.1612057667104,0.627292736610418,0.664198325820992,13.2838589981447,30.9461966604824,4.26716141001855,8.36734693877551,0.242112986060161,8.28072781284813,12.8576737272389,0.836120401337793,2.35971757710888,0.312545854732208,0.71830985915493,5.94472410454985,28.7139393939394,3.5263003232442003,39
28.7812321190158,24.3238616912016,0.549509366636931,0.599839615076183,6.29410642761778,15.7734121686058,3.37592981117681,5.8554262826626,0.520963425512935,2.60371959942775,4.73101869515452,0.305227012590614,1.31629149179702,0.256913470115968,0.638888888888889,5.84134078212291,26.5751712328767,19.1216216216216,16.7071688942892,0.561247216035635,0.5850622406639,7.02702702702703,17.1959459459459,2.33108108108108,2.66891891891892,0.420935412026726,2.71180731008927,4.53476654350017,0.604635539133356,1.44440712126302,0.420935412026726,0.666666666666667,3.42,24.8497354497355,15.3846153846154,14.6605581007913,0.516791044776119,0.545150501672241,4.57763095799906,11.090136857008,2.5011798017933,3.25625294950448,0.388059701492537,2.93979303857009,4.07876230661041,0.70323488045007,2.01593999062354,0.436567164179104,0.581196581196581,3.49146341463415,24.7336538461539,21.1627191633344,18.5784851811197,0.540540540540541,0.570480928689884,2.43002153183636,5.99815441402645,2.27622270070747,3.32205475238388,0.479279279279279,4.28417321621205,6.88696726374305,2.31624459542928,0.895614576899321,0.369369369369369,0.590243902439024,3.6636678200692,24.5860902255639,25.5734504636408,20.8748375920312,0.553921568627451,0.586129753914989,3.17227916056613,7.66227428013665,1.8057589067838,4.3435822352367,0.544117647058824,8.62944162436548,12.8352490421456,2.10727969348659,0.814176245210728,0.345588235294118,0.687943262411348,3.31182795698925,25.6031531531532,9.756097560975618,39
45.6533725418122,34.3567251461988,0.568538647342995,0.631701030927835,8.91380260981437,22.6061385774674,3.36335232494027,12.2955339092079,0.26268115942029,3.49534261735682,5.77563865235098,1.42539800074047,2.42502776749352,0.253019323671498,0.701670644391408,8.25954135954136,26.0310344827586,14.5865434001027,12.7289170246439,0.550102249488753,0.563492063492064,4.4427324088341,10.9912686183873,1.51515151515152,0.950179763739086,0.425357873210634,2.93552108704012,4.04402354747888,0.895828001023803,3.07141028922447,0.323108384458078,0.664556962025316,4.77615658362989,24.6129807692308,22.5873916940544,17.1345338983051,0.603741496598639,0.618032786885246,3.55542276665671,8.9632506722438,1.13534508515088,1.67314012548551,0.792517006802721,2.94736842105263,4.69270360278535,0.272479564032698,1.45322434150772,0.0833333333333333,0.775510204081633,8.35655737704918,25.8965665236052,31.7832764505119,27.5095057034221,0.536815068493151,0.572419106317411,7.5938566552901,18.6433447098976,3.19965870307167,6.37798634812287,0.291095890410959,3.94230769230769,6.63527397260274,0.98458904109589,2.37585616438356,0.248287671232877,0.668965517241379,8.07125603864734,26.0382352941176,19.3499392466586,16.8094218415418,0.58125,0.598684210526316,6.6221142162819,15.1579586877278,2.91616038882139,3.55407047387606,0.0395833333333333,9.30409623876961,13.6793893129771,1.89312977099237,1.43511450381679,0.420833333333333,0.727722772277228,5.91822125813449,25.5947368421053,-36.11111111111112,38
36.5298745481608,29.1936978683967,0.571939586645469,0.617028985507246,8.95173293642356,20.7314480119073,4.25260472039124,6.3576440569849,0.623211446740859,3.31586265910793,5.81145071028842,0.645716745587602,1.72191132156694,0.127186009538951,0.65,7.97426160337553,27.2099489795918,23.7067845074084,20.1979307242465,0.546437659033079,0.561338289962825,3.48323368858851,8.47413569014817,2.36547959448921,1.66363400051989,0.698473282442748,3.46365783258987,5.64238410596027,0.609271523178808,1.82781456953642,0.139949109414758,0.663636363636364,6.96919831223629,25.604189435337,21.2606837606838,16.3551401869159,0.624579124579125,0.639871382636656,4.43376068376068,11.0042735042735,2.08333333333333,2.02991452991453,0.31986531986532,4.87483530961792,6.86427457098284,0.884035361414457,2.70410816432657,0.468013468013468,0.798561151079137,3.34207920792079,24.5642105263158,14.7211413748379,12.9961935834693,0.553072625698324,0.576142131979695,5.18806744487678,12.84046692607,2.72373540856031,2.72373540856031,0.575418994413408,5.58079169370539,6.49350649350649,0.649350649350649,1.62337662337662,0.284916201117318,0.764705882352941,3.93157894736842,25.4843137254902,14.8467846353043,13.0057803468208,0.517985611510791,0.53416149068323,5.09279240397065,12.9046180405697,1.68321104876996,4.27276650841606,0.0179856115107913,9.93121238177128,11.8629550321199,1.58458244111349,1.97002141327623,0.665467625899281,0.643243243243243,4.08095238095238,32.2,16.83544303797467,38
14.7977941176471,13.9109697933227,0.527777777777778,0.540268456375839,3.86029411764706,9.46691176470588,2.38970588235294,1.01102941176471,0.472222222222222,5.14233241505969,6.78899082568807,1.00917431192661,2.75229357798165,0.1875,0.518518518518519,7.38552631578947,24.6941176470588,38.6388583973655,33.4471822395706,0.53609756097561,0.589689857502096,10.5104281009879,25.4390779363337,4.91218441273326,10.8397365532382,0.469268292682927,5.63671444321941,10.2159468438538,0.581395348837209,2.4640088593577,0.154146341463415,0.708860759493671,8.90422794117647,27.0983367983368,28.3490294061119,23.5334833016093,0.556412729026037,0.615189873417722,8.07226600038439,19.142802229483,3.40188352873342,7.0344032289064,0.51205400192864,3.15920875744191,5.14296680099789,0.422183841872961,1.55440414507772,0.189971070395371,0.695431472081218,6.88241106719368,26.8847457627119,15.1156387665198,12.6391293593866,0.596551724137931,0.603296703296703,2.47797356828194,6.33259911894273,1.54185022026432,1.23898678414097,0.72183908045977,3.39892665474061,4.59422283356259,0.63273727647868,1.59559834938102,0.204597701149425,0.606741573033708,3.37107438016529,25.037898089172,17.1671896010758,12.5151883353584,0.721973094170404,0.719924812030075,2.5997310623039,6.81308830121022,1.92738682205289,4.39264903630659,0.0134529147982062,6.02733587273135,8.5573476702509,2.28494623655914,1.38888888888889,0.807174887892377,0.805555555555556,2.57909090909091,26.4,27.56386523509812,38
25.547119249665,19.0098626958035,0.619515011547344,0.632630410654828,6.23046002679768,15.4086645824029,1.85350602947744,1.87583742742296,0.722863741339492,3.43669539908206,4.60157126823794,0.314253647586981,1.5712682379349,0.146651270207852,0.755905511811024,6.77958333333333,26.9126198083067,17.7950713359274,15.866388308977,0.537521815008726,0.564144736842105,6.19974059662776,15.4604409857328,1.99740596627756,1.99740596627756,0.534031413612566,3.44872293530403,4.92483151892172,0.699844479004666,1.71073094867807,0.228621291448517,0.702290076335878,5.78352059925094,25.1954248366013,32.0421728168691,28.6813854567551,0.51520572450805,0.55622009569378,6.55512262204905,16.6628466651387,3.71304148521659,7.38024295209718,0.320214669051878,4.20919830255763,6.54269972451791,0.436179981634527,1.67584940312213,0.268336314847943,0.676666666666667,7.35631578947368,26.0650837988827,36.4528301886792,30.6823841939233,0.537201365187713,0.582471089470481,8.13207547169811,21.0943396226415,3.94339622641509,8.30188679245283,0.496928327645051,5.89515518546556,10.9149582384207,0.721336370539104,1.44267274107821,0.227986348122867,0.724550898203593,7.54436906377205,26.6873626373626,33.0638641875505,25.9031791907514,0.572299651567944,0.611526946107785,3.51657235246564,9.29668552950687,2.14227970897332,8.04365400161682,0.435540069686411,5.7606490872211,8.79478827361564,2.56514657980456,1.26221498371336,0.214285714285714,0.682926829268293,7.01327160493827,27.6128,13.807863031071662,38
25.547119249665,19.0098626958035,0.619515011547344,0.632630410654828,6.23046002679768,15.4086645824029,1.85350602947744,1.87583742742296,0.722863741339492,3.43669539908206,4.60157126823794,0.314253647586981,1.5712682379349,0.146651270207852,0.755905511811024,6.77958333333333,26.9126198083067,24.162633107454,19.9210029194573,0.58029197080292,0.605442176870748,6.98935140367861,17.0377541142304,2.53630203291384,3.11713455953533,0.720542231491137,3.3074684772066,5.32555879494655,1.55490767735666,1.39941690962099,0.10740354535975,0.718446601941748,7.06455223880597,26.0400868306802,19.9867855963,14.3635321100917,0.626582278481013,0.631799163179916,2.11430459200529,5.41790551701355,0.7598282127519,0.363396101750909,0.841772151898734,3.71291231559755,5.988023952095809,0.432468396540253,1.36393878908849,0.0675105485232067,0.71875,8.86133333333333,25.5932330827068,36.4528301886792,30.6823841939233,0.537201365187713,0.582471089470481,8.13207547169811,21.0943396226415,3.94339622641509,8.30188679245283,0.496928327645051,5.89515518546556,10.9149582384207,0.721336370539104,1.44267274107821,0.227986348122867,0.724550898203593,7.54436906377205,26.6873626373626,16.2832929782082,13.9850825785828,0.546637744034707,0.561586638830898,3.87409200968523,10.3208232445521,1.39225181598063,1.1501210653753,0.681127982646421,5.58921538927598,8.79320800485143,1.54639175257732,1.09157064887811,0.164859002169197,0.697368421052632,5.37959183673469,25.321974522293,-8.636977058029686,38
17.9442508710801,14.9026763990268,0.567961165048544,0.582579185520362,4.21602787456446,10.0696864111498,1.67247386759582,2.36933797909408,0.395631067961165,3.44409830391139,4.50481430536451,0.515818431911967,1.6162310866575,0.300970873786408,0.717741935483871,6.27791164658635,24.6136645962733,25.4791804362194,25.6563245823389,0.491564417177914,0.532458563535912,8.46001321877066,20.6543291473893,4.49438202247191,5.58493060145407,0.271472392638037,4.58216581506511,7.76060506412364,0.427490956922065,2.6635975008221,0.211656441717791,0.623188405797101,9.36231578947368,25.8225988700565,17.8194607268464,18.0883864337102,0.462686567164179,0.506666666666667,3.98593200468933,9.49589683470106,3.04806565064478,4.1031652989449,0.283582089552239,3.37601862630966,4.04624277456647,0.578034682080925,1.96531791907514,0.432835820895522,0.568965517241379,4.35,25.05,11.2914862914863,9.05283505154639,0.621848739495798,0.633603238866397,3.03030303030303,7.28715728715729,1.22655122655123,0.757575757575758,0.852941176470588,3.92651296829971,6.15107913669065,1.29496402877698,1.8705035971223,0.088235294117647,0.571428571428571,6.24285714285714,24.8581280788177,16.9117647058824,15.6862745098039,0.53125,0.556451612903226,2.20588235294118,5.3921568627451,2.45098039215686,3.30882352941176,0.482142857142857,8.84146341463415,13.7135922330097,3.7621359223301,1.09223300970874,0.330357142857143,0.756756756756757,3.92241379310345,25.0574074074074,19.002458728486133,38
17.7950713359274,15.866388308977,0.537521815008726,0.564144736842105,6.19974059662776,15.4604409857328,1.99740596627756,1.99740596627756,0.534031413612566,3.44872293530403,4.92483151892172,0.699844479004666,1.71073094867807,0.228621291448517,0.702290076335878,5.78352059925094,25.1954248366013,24.162633107454,19.9210029194573,0.58029197080292,0.605442176870748,6.98935140367861,17.0377541142304,2.53630203291384,3.11713455953533,0.720542231491137,3.3074684772066,5.32555879494655,1.55490767735666,1.39941690962099,0.10740354535975,0.718446601941748,7.06455223880597,26.0400868306802,36.4528301886792,30.6823841939233,0.537201365187713,0.582471089470481,8.13207547169811,21.0943396226415,3.94339622641509,8.30188679245283,0.496928327645051,5.89515518546556,10.9149582384207,0.721336370539104,1.44267274107821,0.227986348122867,0.724550898203593,7.54436906377205,26.6873626373626,16.2832929782082,13.9850825785828,0.546637744034707,0.561586638830898,3.87409200968523,10.3208232445521,1.39225181598063,1.1501210653753,0.681127982646421,5.58921538927598,8.79320800485143,1.54639175257732,1.09157064887811,0.164859002169197,0.697368421052632,5.37959183673469,25.321974522293,16.6666666666667,11.4331723027375,0.667857142857143,0.680555555555556,4.42176870748299,11.6780045351474,1.17157974300831,3.66591080876795,0.0107142857142857,7.33598033654755,7.49148694665153,2.68634127884979,1.36208853575482,0.8,0.732142857142857,2.56714801444043,27.2666666666667,29.85304169514696,38
22.6860254083485,20.6923995224831,0.505605381165919,0.532051282051282,9.21052631578947,21.7332123411978,2.35934664246824,2.45009074410163,0.573991031390135,2.35400633770937,4.0650406504065,0.722673893405601,1.76151761517615,0.170403587443946,0.473684210526316,6.58789473684211,26.03984375,18.6440677966102,14.9021864211738,0.595652173913044,0.60337552742616,1.76010430247718,4.10691003911343,1.43415906127771,1.17340286831812,0.678260869565217,1.98761811665037,3.25732899022801,0.130293159609121,1.49837133550489,0.152173913043478,0.685714285714286,7.20540540540541,25.0166666666667,19.1056910569106,16.7666303162486,0.510968921389397,0.531304347826087,5.84740462789243,14.5716072545341,1.28205128205128,2.00125078173859,0.570383912248629,2.50388802488336,3.52722772277228,0.525990099009901,2.0730198019802,0.16636197440585,0.505494505494506,8.92340425531915,25.4275641025641,16.079762409843,14.8189209164819,0.516819571865444,0.532303370786517,2.33347475604582,5.47305897327111,1.90920661858294,2.92745014849385,0.110091743119266,6.67649536647009,9.03387703889586,1.75658720200753,1.96570472605604,0.581039755351682,0.621052631578947,3.97079037800687,23.8194444444444,34.4429214803211,27.2160664819945,0.584362139917696,0.633598841419261,4.30781280595261,9.57509300959467,3.75954572155865,8.00861562561191,0.278189300411523,9.04176904176904,13.9700078926598,0.986582478295186,1.40094711917916,0.420576131687243,0.669275929549902,4.73192702394527,26.4547337278107,-7.5,38
33.3717712177122,27.4608150470219,0.546875,0.620555073720729,9.45571955719557,22.6476014760148,3.73616236162362,9.06365313653137,0.528225806451613,3.13584818329091,5.62006502554575,0.2322340919647,1.6256386437529,0.201612903225806,0.605,8.60192307692308,27.268893129771,11.4087301587302,11.8380062305296,0.553299492385787,0.552884615384615,4.11706349206349,10.4662698412698,2.87698412698413,1.19047619047619,0.385786802030457,4.50049455984174,5.76923076923077,0.690335305719921,1.67652859960552,0.395939086294416,0.653846153846154,4.39834710743802,24.7342105263158,14.6953405017921,12.6048700634336,0.600194552529183,0.612359550561798,3.47222222222222,8.13172043010753,1.83691756272401,1.0752688172043,0.651750972762646,3.2182103610675,5.68028738212842,0.336775931746745,1.70633138751684,0.192607003891051,0.585858585858586,5.32122905027933,24.8208955223881,26.4797507788162,24.0675580577058,0.520168067226891,0.542264752791069,4.04984423676013,10.2803738317757,2.2196261682243,2.84267912772586,0.299159663865546,8.02734375,12.5783699059561,1.01880877742947,1.37147335423198,0.213445378151261,0.653543307086614,9.12805755395683,25.5926966292135,19.9005926209138,15.9916201117318,0.598837209302326,0.625600961538462,2.73370292487096,6.70999808831963,1.60581150831581,2.63811890651883,0.481912144702842,3.85205059409736,5.552353506244,2.84341978866475,0.960614793467819,0.255813953488372,0.777777777777778,6.04488778054863,26.7632707774799,-2.469135802469125,38
28.8701246481705,24.0652135388978,0.543264942016057,0.579656862745098,8.10213108162445,19.2601527945316,2.77442702050663,4.94571773220748,0.354148082069581,2.63608008854009,4.3705941591138,0.664652567975831,1.83282980866062,0.189116859946476,0.641509433962264,9.79406077348066,26.0682619647355,22.0852221214869,15.9327461969576,0.633982947624848,0.666301969365427,3.71713508612874,8.73980054397099,1.4687216681777,3.88032638259293,0.272838002436054,3.71074305367002,5.63787495482472,0.668594145283701,1.53595952294904,0.517661388550548,0.717647058823529,4.05276381909548,25.325,16.2393162393162,14.3044275609117,0.532710280373832,0.562244897959184,2.77040966696139,6.42499263188918,1.65045682287062,4.0377247273799,0.317757009345794,3.40046701692936,5.37727666955768,2.68863833477884,1.38768430182134,0.448598130841122,0.640625,4.23458904109589,24.6110294117647,26.0383684112498,20.2260072060269,0.595896946564886,0.61660777385159,3.07319798845223,7.15216986403427,1.93704600484262,3.6133358167256495,0.466603053435115,5.02793296089386,7.4846397318935,0.707503258238689,0.930925339787749,0.278625954198473,0.73972602739726,7.01520572450805,26.1333333333333,13.1764705882353,16.25,0.422413793103448,0.444444444444444,5.41176470588235,13.4117647058824,3.52941176470588,2.35294117647059,0.448275862068966,5.88235294117647,8.47058823529412,0.235294117647059,1.64705882352941,0.344827586206897,0.55,4.75625,25.5653846153846,10.730519480519476,38
25.547119249665,19.0098626958035,0.619515011547344,0.632630410654828,6.23046002679768,15.4086645824029,1.85350602947744,1.87583742742296,0.722863741339492,3.43669539908206,4.60157126823794,0.314253647586981,1.5712682379349,0.146651270207852,0.755905511811024,6.77958333333333,26.9126198083067,17.7950713359274,15.866388308977,0.537521815008726,0.564144736842105,6.19974059662776,15.4604409857328,1.99740596627756,1.99740596627756,0.534031413612566,3.44872293530403,4.92483151892172,0.699844479004666,1.71073094867807,0.228621291448517,0.702290076335878,5.78352059925094,25.1954248366013,19.9867855963,14.3635321100917,0.626582278481013,0.631799163179916,2.11430459200529,5.41790551701355,0.7598282127519,0.363396101750909,0.841772151898734,3.71291231559755,5.988023952095809,0.432468396540253,1.36393878908849,0.0675105485232067,0.71875,8.86133333333333,25.5932330827068,36.4528301886792,30.6823841939233,0.537201365187713,0.582471089470481,8.13207547169811,21.0943396226415,3.94339622641509,8.30188679245283,0.496928327645051,5.89515518546556,10.9149582384207,0.721336370539104,1.44267274107821,0.227986348122867,0.724550898203593,7.54436906377205,26.6873626373626,16.6666666666667,11.4331723027375,0.667857142857143,0.680555555555556,4.42176870748299,11.6780045351474,1.17157974300831,3.66591080876795,0.0107142857142857,7.33598033654755,7.49148694665153,2.68634127884979,1.36208853575482,0.8,0.732142857142857,2.56714801444043,27.2666666666667,36.4153627311522,38
32.1934945788157,27.0101195952162,0.562180579216354,0.599063962558502,10.5504587155963,24.9791492910759,3.9407839866555503,5.31693077564637,0.450596252129472,2.23685585868088,3.50031439949696,0.23055963110459,1.90735694822888,0.178875638841567,0.614285714285714,8.11720930232558,26.25,17.6002766251729,14.4034177601465,0.567216981132076,0.581050228310502,3.7344398340249,9.16320885200553,1.21023513139696,1.00276625172891,0.867924528301887,2.72049904695893,4.13337964571032,0.486279958318861,1.84091698506426,0.0896226415094339,0.710526315789474,4.88214285714286,25.4375,30.2341597796143,23.4256160632796,0.605987055016181,0.645066273932253,8.16115702479339,19.8347107438017,3.16804407713499,5.09641873278237,0.409385113268608,2.99204427533725,4.27380125086866,0.104239054899236,2.71021542738013,0.145631067961165,0.533333333333333,7.75205479452055,26.9782608695652,29.2787944025834,22.7866128649418,0.572834645669291,0.618451025056948,2.47578040904198,6.0010764262648,2.20667384284177,6.83530678148547,0.509186351706037,3.46774193548387,5.74650912996778,0.349087003222342,1.34264232008593,0.18503937007874,0.617021276595745,7.36711229946524,25.1723514211886,23.1868824889636,15.9179145867998,0.70625,0.720915032679739,3.32142106369561,8.03027117931469,2.03910027328148,5.82299768761825,0.0078125,8.37443593241683,12.1961441743504,1.52975691533948,1.61357921207041,0.6625,0.778301886792453,3.39653543307087,25.42,26.19047619047619,38
14.5865434001027,12.7289170246439,0.550102249488753,0.563492063492064,4.4427324088341,10.9912686183873,1.51515151515152,0.950179763739086,0.425357873210634,2.93552108704012,4.04402354747888,0.895828001023803,3.07141028922447,0.323108384458078,0.664556962025316,4.77615658362989,24.6129807692308,22.5873916940544,17.1345338983051,0.603741496598639,0.618032786885246,3.55542276665671,8.9632506722438,1.13534508515088,1.67314012548551,0.792517006802721,2.94736842105263,4.69270360278535,0.272479564032698,1.45322434150772,0.0833333333333333,0.775510204081633,8.35655737704918,25.8965665236052,31.7832764505119,27.5095057034221,0.536815068493151,0.572419106317411,7.5938566552901,18.6433447098976,3.19965870307167,6.37798634812287,0.291095890410959,3.94230769230769,6.63527397260274,0.98458904109589,2.37585616438356,0.248287671232877,0.668965517241379,8.07125603864734,26.0382352941176,25.2068394925538,20.4695524578136,0.576923076923077,0.595052083333333,3.69553226696084,9.15609487038058,1.90292333149476,2.45449531163817,0.465659340659341,4.08078572416655,5.93949486538995,0.499583680266445,1.66527893422148,0.328296703296703,0.690376569037657,4.452442159383031,25.3395280235988,19.3499392466586,16.8094218415418,0.58125,0.598684210526316,6.6221142162819,15.1579586877278,2.91616038882139,3.55407047387606,0.0395833333333333,9.30409623876961,13.6793893129771,1.89312977099237,1.43511450381679,0.420833333333333,0.727722772277228,5.91822125813449,25.5947368421053,17.460929963341684,38
36.5298745481608,29.1936978683967,0.571939586645469,0.617028985507246,8.95173293642356,20.7314480119073,4.25260472039124,6.3576440569849,0.623211446740859,3.31586265910793,5.81145071028842,0.645716745587602,1.72191132156694,0.127186009538951,0.65,7.97426160337553,27.2099489795918,23.7067845074084,20.1979307242465,0.546437659033079,0.561338289962825,3.48323368858851,8.47413569014817,2.36547959448921,1.66363400051989,0.698473282442748,3.46365783258987,5.64238410596027,0.609271523178808,1.82781456953642,0.139949109414758,0.663636363636364,6.96919831223629,25.604189435337,21.2606837606838,16.3551401869159,0.624579124579125,0.639871382636656,4.43376068376068,11.0042735042735,2.08333333333333,2.02991452991453,0.31986531986532,4.87483530961792,6.86427457098284,0.884035361414457,2.70410816432657,0.468013468013468,0.798561151079137,3.34207920792079,24.5642105263158,30.8054841473865,27.8871147419235,0.494718309859155,0.528676470588235,4.45586975149957,11.3967437874893,3.04198800342759,10.0685518423308,0.265845070422535,4.62032085561497,6.83468603161042,0.897052541648868,1.62323793250748,0.309859154929577,0.715909090909091,6.06043165467626,25.8251655629139,15.0355653666912,16.2045060658579,0.50294695481336,0.53304347826087,9.39416237429482,22.6391954868776,4.26784400294334,3.6055923473142,0.483300589390963,5.07352941176471,8.32721038452119,1.73891746265001,2.42468772961058,0.24950884086444,0.582677165354331,5.4212927756654,24.983606557377,23.93404397068622,38
28.3490294061119,23.5334833016093,0.556412729026037,0.615189873417722,8.07226600038439,19.142802229483,3.40188352873342,7.0344032289064,0.51205400192864,3.15920875744191,5.14296680099789,0.422183841872961,1.55440414507772,0.189971070395371,0.695431472081218,6.88241106719368,26.8847457627119,23.7390719569603,18.768679019725,0.576301615798923,0.593908629441624,2.21923335574983,5.41358439811701,1.24411566913248,2.82447881640888,0.610412926391382,3.62598623468189,6.00067046597385,0.268186389540731,0.804559168622193,0.197486535008977,0.763636363636364,6.19400921658986,25.7379411764706,34.3373493975904,30.2603036876356,0.571259842519685,0.602899575671853,11.5461847389558,27.0682730923695,5.22088353413655,6.64658634538153,0.311811023622047,5.48027702499247,9.51234196267309,0.78266104756171,1.40477623921333,0.301574803149606,0.744125326370757,7.38215102974828,26.7815656565657,20.4647478214946,16.0379596678529,0.597222222222222,0.618022328548644,2.2181146025878,5.83575389490362,1.29390018484288,2.98389226300502,0.428819444444444,3.89130721540694,5.69319978914075,0.685292567211386,1.18608328940432,0.324652777777778,0.716577540106952,5.42492401215806,24.7931174089069,36.5507246376812,30.8133472367049,0.535714285714286,0.588152985074627,5.2463768115942,12.5507246376812,3.27536231884058,10.695652173913,0.136263736263736,8.54824688496088,13.2097334878331,3.18655851680185,1.70915411355736,0.357142857142857,0.723076923076923,7.45419847328244,25.8491935483871,-23.9099099099099,37
28.7812321190158,24.3238616912016,0.549509366636931,0.599839615076183,6.29410642761778,15.7734121686058,3.37592981117681,5.8554262826626,0.520963425512935,2.60371959942775,4.73101869515452,0.305227012590614,1.31629149179702,0.256913470115968,0.638888888888889,5.84134078212291,26.5751712328767,19.1216216216216,16.7071688942892,0.561247216035635,0.5850622406639,7.02702702702703,17.1959459459459,2.33108108108108,2.66891891891892,0.420935412026726,2.71180731008927,4.53476654350017,0.604635539133356,1.44440712126302,0.420935412026726,0.666666666666667,3.42,24.8497354497355,15.3846153846154,14.6605581007913,0.516791044776119,0.545150501672241,4.57763095799906,11.090136857008,2.5011798017933,3.25625294950448,0.388059701492537,2.93979303857009,4.07876230661041,0.70323488045007,2.01593999062354,0.436567164179104,0.581196581196581,3.49146341463415,24.7336538461539,15.5150487494701,12.9525942515864,0.533101045296167,0.571875,1.6532428995337,4.23908435777872,1.14455277660025,3.22170411191183,0.533101045296167,3.57142857142857,4.29835651074589,0.842815002107038,1.60134850400337,0.358885017421603,0.611650485436893,2.65597014925373,24.221568627451,25.5734504636408,20.8748375920312,0.553921568627451,0.586129753914989,3.17227916056613,7.66227428013665,1.8057589067838,4.3435822352367,0.544117647058824,8.62944162436548,12.8352490421456,2.10727969348659,0.814176245210728,0.345588235294118,0.687943262411348,3.31182795698925,25.6031531531532,-23.37164750957855,37
18.4574976122254,16.0008410428932,0.55275974025974,0.579939668174962,5.32473734479465,12.7507163323782,2.36389684813754,2.81757402101242,0.600649350649351,3.14210902166151,5.00711912672046,0.806834361651637,1.18652112007594,0.196428571428571,0.644628099173554,6.34024390243903,25.0137837837838,22.2051597051597,19.5168295331162,0.567340067340067,0.578778135048232,6.91031941031941,16.1547911547912,3.00982800982801,1.93488943488944,0.737373737373737,3.48570554961015,5.96651445966514,0.517503805175038,2.22222222222222,0.153198653198653,0.582417582417583,4.48974358974359,26.1139269406393,19.1168036704263,16.3937165775401,0.537170263788969,0.562570462232244,3.11603899827949,7.72318868285223,1.8160963486905,2.44695086981457,0.363309352517986,4.48870675688554,6.4804256936526,1.40630938806537,2.09045990117826,0.298561151079137,0.706827309236948,6.06817325800377,24.5356435643564,28.8272157564906,25.3152088258471,0.542066027689031,0.591368227731864,7.22918531781558,18.3751119068935,4.38675022381379,7.49776186213071,0.334398296059638,5.45169595880443,7.68197088465846,0.358342665173572,1.05263157894737,0.312034078807242,0.703071672354949,6.00208,25.1821656050955,25.4985435805512,21.5697904310004,0.556338028169014,0.577235772357724,4.05556800358503,10.2621555007842,2.41989693031593,3.20412278736276,0.500541711809317,5.37055723735845,8.70736086175943,1.61579892280072,1.32405745062837,0.24160346695558,0.659192825112108,4.9119305856833,25.7887445887446,22.183098591549296,37
30.0479488545551,25.5210745715609,0.517123287671233,0.567951318458418,10.1758124667022,23.9211507725093,3.09003729355354,6.8193926478423,0.513698630136986,3.10839532412327,5.35241123476418,0.211976682564918,1.21886592474828,0.141552511415525,0.580645161290323,7.75258215962441,26.3897777777778,23.6098450319052,21.3351134846462,0.497681607418856,0.537604456824513,2.97781829231237,7.17107262230325,2.52202977818292,4.70981464600425,0.50386398763524,2.92912429807255,4.51788963007884,0.303214069132808,1.45542753183748,0.244204018547141,0.525316455696203,6.77258566978193,25.6539877300614,31.2308478038815,28.7248322147651,0.522912423625255,0.546470062555853,8.01838610827375,18.8968335035751,4.21348314606742,7.9417773237998,0.311608961303462,4.67134652201659,7.78259760142894,0.433784128604236,1.17376881857617,0.410386965376782,0.607940446650124,4.28757396449704,25.5313725490196,28.2746160794941,27.1259842519685,0.481655691439323,0.520066889632107,8.53658536585366,19.8509485094851,4.17795844625113,6.82023486901536,0.26340545625588,5.66080288678394,8.85135135135135,1.41891891891892,2.09459459459459,0.26340545625588,0.646428571428572,7.76257982120051,26.245,14.5041014168531,14.9287564766839,0.462078651685393,0.497442455242967,5.4064131245339295,12.8262490678598,2.60999254287845,3.05741983594333,0.196629213483146,5.8087411281285,7.55988023952096,1.27245508982036,2.05838323353293,0.528089887640449,0.590425531914894,4.41083916083916,25.6228571428571,-37.33333333333334,37
18.7811508835523,16.3565732978941,0.569546120058565,0.584626234132581,9.71907566832805,24.2863615768011,2.06162211146353,1.29134571816946,0.587115666178624,2.22803228373309,3.55920602327173,0.182523385808807,1.57426420260096,0.0834553440702781,0.754385964912281,8.57517730496454,25.1605985037406,33.9692633810281,29.0546949098957,0.525,0.586983343615052,9.34463875640346,23.8827062356474,3.88623918035683,8.53206147323794,0.388028169014085,2.69983181375587,4.06316536550745,0.28388928317956,1.18878637331441,0.141549295774648,0.691542288557214,10.1010356731876,25.9308529945554,21.4714240606252,17.4431818181818,0.600204498977505,0.630797773654917,4.32586043574361,10.4831070413641,2.36817177139249,3.59962109251658,0.715746421267894,3.07985394507065,5.10855683269476,0.606641123882503,1.72413793103448,0.147239263803681,0.638888888888889,5.1273381294964,25.8428571428571,18.2061579651941,15.6091676718938,0.579824561403509,0.584192439862543,4.36412315930388,10.8701472556894,1.74029451137885,0.69611780455154,0.773684210526316,4.65768050180168,7.87653006918574,0.904736562001064,1.78286322511974,0.115789473684211,0.636363636363636,4.81860465116279,26.0192743764172,21.0337972166998,17.2950536146662,0.590778097982709,0.63126491646778,1.94831013916501,4.7713717693837,3.220675944334,6.36182902584493,0.0057636887608069,9.21859545004946,12.5196850393701,2.16535433070866,0.551181102362205,0.62536023054755,0.714285714285714,4.1104347826087,23.4,-20.379620379620377,37
15.6942823803967,15.9212571231221,0.49331550802139,0.513427109974425,7.07895760404512,17.1917541812524,2.74212368728121,1.65305328665889,0.544117647058824,3.31454121306376,5.98523124757093,0.408083948698018,1.04935872522347,0.121657754010695,0.538461538461538,10.4856304985337,26.2796068796069,32.560861423221,28.6159600997506,0.544034090909091,0.587585034013605,7.06928838951311,16.6666666666667,4.77528089887641,6.41385767790262,0.589015151515152,2.38598965679361,4.0604343720491,0.637393767705383,2.03021718602455,0.207386363636364,0.680365296803653,6.15322580645161,27.616077170418,20.9946396664681,17.4553101997897,0.557522123893805,0.581395348837209,3.06730196545563,7.50446694460989,1.90589636688505,2.62060750446695,0.584070796460177,2.70714926712534,4.35697115384615,0.420673076923077,0.78125,0.233628318584071,0.689393939393939,4.64851063829787,26.5830303030303,17.7014852690528,17.9027027027027,0.471955128205128,0.516358463726885,4.86973459946433,12.3934745556367,3.04358412466521,4.50450450450451,0.358974358974359,3.57099477711648,4.92001938923897,0.99369849733398,1.89045079980611,0.317307692307692,0.702020202020202,6.27425,25.8410714285714,26.8899521531101,22.9137594194809,0.556618819776715,0.60042735042735,5.23125996810207,12.3763955342903,3.82775119617225,5.26315789473684,0.0590111642743221,10.0191754554171,13.9929554915146,1.47294268331732,1.18475824527698,0.413078149920255,0.67953667953668,6.34,25.8405405405405,-48.51598173515981,37
15.1205936920223,11.8506493506494,0.558333333333333,0.590579710144928,2.41187384044527,5.65862708719852,0.742115027829314,3.43228200371058,0.425,2.4525682554373,2.49307479224377,0.184672206832872,3.32409972299169,0.358333333333333,0.511627906976744,4.27536231884058,25.6803921568627,18.4574976122254,16.0008410428932,0.55275974025974,0.579939668174962,5.32473734479465,12.7507163323782,2.36389684813754,2.81757402101242,0.600649350649351,3.14210902166151,5.00711912672046,0.806834361651637,1.18652112007594,0.196428571428571,0.644628099173554,6.34024390243903,25.0137837837838,37.5150784077202,31.3552891182273,0.546526054590571,0.594557449147883,6.18645528175082,15.3024297777012,4.29088402550405,8.54730311907634,0.503101736972705,3.8816527214698495,6.71848013816926,0.880829015544042,1.57167530224525,0.221464019851117,0.633053221288515,7.66042446941323,25.9474722564735,19.1168036704263,16.3937165775401,0.537170263788969,0.562570462232244,3.11603899827949,7.72318868285223,1.8160963486905,2.44695086981457,0.363309352517986,4.48870675688554,6.4804256936526,1.40630938806537,2.09045990117826,0.298561151079137,0.706827309236948,6.06817325800377,24.5356435643564,25.4985435805512,21.5697904310004,0.556338028169014,0.577235772357724,4.05556800358503,10.2621555007842,2.41989693031593,3.20412278736276,0.500541711809317,5.37055723735845,8.70736086175943,1.61579892280072,1.32405745062837,0.24160346695558,0.659192825112108,4.9119305856833,25.7887445887446,19.839371155160634,37
17.1032357473035,12.8820466379896,0.639008620689655,0.666,3.08166409861325,7.421674370826911,1.82331792501284,2.2085259373395,0.691810344827586,2.7064981488574,3.85884742320386,1.5993907083016,3.07184564610307,0.135775862068966,0.793650793650794,7.17412587412588,25.3725,26.2206572769953,24.1742361684558,0.512779552715655,0.547783251231527,8.49765258215962,19.7652582159624,3.73239436619718,4.17840375586855,0.45580404685836,2.87998119195956,5.06239698610784,0.894749234753944,1.43630798210502,0.193823216187433,0.615384615384615,7.35714285714286,26.3570093457944,30.2815654329733,24.9490036089754,0.509174311926605,0.567631224764468,6.05631308659465,15.2824508588631,1.85939436869134,7.80945634850363,0.195718654434251,2.64818270683373,4.42383160899037,0.570816981805209,1.10595790224759,0.091743119266055,0.716666666666667,12.6577946768061,26.3854901960784,17.6934635612322,15.1333333333333,0.537804878048781,0.555424528301887,2.0473328324568,4.95867768595041,1.12697220135237,1.35236664162284,0.547560975609756,4.75654376583169,6.76663542642924,1.2933458294283,1.14339268978444,0.189024390243902,0.774193548387097,6.69164420485175,25.9233707865169,26.8899521531101,22.9137594194809,0.556618819776715,0.60042735042735,5.23125996810207,12.3763955342903,3.82775119617225,5.26315789473684,0.0590111642743221,10.0191754554171,13.9929554915146,1.47294268331732,1.18475824527698,0.413078149920255,0.67953667953668,6.34,25.8405405405405,4.560201874549378,37
16.0658307210031,19.1308346746379,0.45945945945946,0.492788461538462,11.6509926854754,28.8401253918495,5.43364681295716,4.02298850574713,0.304504504504505,3.06748466257669,5.29611270545265,0.417427602400209,1.72188885990086,0.315315315315315,0.657142857142857,5.84170984455959,26.2207100591716,32.0165745856354,27.0102600811262,0.543252595155709,0.591983556012333,7.26519337016575,17.7900552486188,4.41988950276243,6.93370165745856,0.312572087658593,2.3543990086741,3.04693933571233,0.164699423552018,1.2901454844908,0.204152249134948,0.621468926553672,7.48238255033557,25.4833333333333,10.4025327905925,12.6939912455233,0.391050583657588,0.418181818181818,2.66847580280416,6.73903211216644,1.99004975124378,1.80913613749435,0.525291828793774,2.54791431792559,3.86690647482014,0.719424460431655,1.0341726618705,0.140077821011673,0.5,7.11229508196721,24.5255639097744,29.1217760365655,23.5772357723577,0.521428571428572,0.566195372750643,2.28534116878877,5.84394384590271,2.15475024485798,6.03983023179889,0.57,4.53951665578054,6.72982685396929,0.555374060764456,1.078079059131,0.197142857142857,0.652173913043478,5.77109634551495,25.9240601503759,17.8651059085842,13.5645933014354,0.670644391408115,0.666320166320166,2.70345596432553,6.77257525083612,2.39687848383501,4.23634336677815,0.0835322195704057,9.83149979111544,12.2460339549123,3.84080155858614,0.974116337322572,0.758949880668258,0.742138364779874,2.37135416666667,25.8885714285714,-38.84146341463415,37
24.3819844226211,23.5889570552147,0.53125,0.545454545454545,11.8862174060278,28.9536065018625,3.6911615306468,2.60751777853031,0.078525641025641,3.25518637206949,5.00672043010753,0.705645161290323,2.78897849462366,0.309294871794872,0.642487046632124,7.66765217391304,26.1061224489796,26.0419013291282,22.9647630619684,0.515826494724502,0.574425574425574,3.06375309754449,7.36652399189007,3.04122550123902,7.47916197341744,0.337631887456038,4.30433805349517,6.63825969948419,0.538237272931151,1.0540479928235,0.343493552168816,0.614334470989761,6.48371681415929,26.24375,18.6112232539362,16.9941775836972,0.576388888888889,0.59254498714653,4.44085587404118,10.6176826806621,3.14897052886556,2.78562777553492,0.513888888888889,4.60394049055086,8.16980376451742,1.00120144173008,2.16259511413696,0.225,0.567901234567901,6.53028571428571,25.7794594594595,25.6307692307692,19.8063623789765,0.621035058430718,0.64175654853621,3.93846153846154,9.10769230769231,2.09230769230769,3.50769230769231,0.502504173622705,4.89230769230769,8.06153846153846,0.861538461538462,1.41538461538462,0.340567612687813,0.784313725490196,3.7724832214765103,25.9232558139535,30.0800609988563,24.5305770887166,0.571912013536379,0.599544072948328,5.01334349980938,12.1044605413649,2.07777354174609,5.87113991612657,0.274111675126904,5.13894175866007,7.73470163435956,0.798175598631699,1.33029266438617,0.285109983079526,0.732937685459941,7.48135198135198,25.4586419753086,-2.6125095347063336,37
28.989247311828,24.8056275453536,0.521333333333333,0.554166666666667,7.2258064516129,17.741935483871,3.0752688172043,4.17204301075269,0.527111111111111,2.0320395656381,3.5261234143195,0.107503762631692,1.29004515158031,0.164444444444444,0.621621621621622,7.98928571428572,26.8027027027027,28.9713541666667,25.5415332454323,0.51856884057971,0.552609776304888,4.296875,10.7421875,3.25520833333333,5.25173611111111,0.427536231884058,3.51944384097328,5.56763810352327,0.347977381470204,1.34841235319704,0.266304347826087,0.710884353741497,7.78655063291139,26.3065677966102,13.256351039261,13.6792452830189,0.467741935483871,0.470491803278689,3.14087759815243,7.71362586605081,1.98614318706697,2.63279445727483,0.43010752688172,4.18583256669733,4.85570316078791,0.778744846541457,1.60329821346771,0.448028673835125,0.624,2.82138364779874,24.6475,27.6354568125142,23.2246798603027,0.551008303677343,0.606573705179283,6.37043754250737,15.279981863523,4.44343686238948,8.43346180004534,0.405693950177936,5.89700056593096,9.3128390596745,0.791139240506329,1.60488245931284,0.384341637010676,0.654320987654321,4.33033932135729,25.5669590643275,15.8068057080132,13.7496155029222,0.557228915662651,0.576,2.81741675814124,7.061836809367,2.6344676180022,3.80534211489206,0.147590361445783,9.63436928702011,11.3262696382901,4.01899890390939,1.24223602484472,0.707831325301205,0.634042553191489,2.42650176678445,25.6591836734694,20.27027027027028,37
34.4923154446964,29.8407000224366,0.510999083409716,0.560330578512397,7.98689846308894,19.9294532627866,3.12421264802217,7.2814310909549,0.438130155820348,2.19974715549937,4.03450900786602,0.532859680284192,2.30905861456483,0.29147571035747,0.591194968553459,6.00880913539967,26.7225941422594,18.992744344857,16.9242367131549,0.546296296296296,0.55625,2.9449423815621,6.95689287238583,2.0913358941528,1.9632949210414,0.502645502645503,3.15699658703072,4.34968017057569,0.682302771855011,1.91897654584222,0.243386243386243,0.630434782608696,6.46914893617021,25.3584210526316,21.6280735259012,19.02842596521,0.517543859649123,0.553855569155447,2.57818095010742,6.37383623776558,1.90976366674624,4.41632847935068,0.326585695006748,4.37990954534635,6.43247092333254,0.712081652029433,2.18371706622359,0.388663967611336,0.670138888888889,4.4813627254509,25.395867768595,24.5568685376662,23.7417218543046,0.514035087719298,0.542483660130719,6.57311669128508,16.0635155096012,3.91432791728213,3.58197932053176,0.470175438596491,4.05780989438577,7.25176645593157,0.743770918557084,2.78914094458907,0.140350877192982,0.7375,10.8228476821192,26.0313432835821,38.468085106383,35.0308641975309,0.480952380952381,0.573791348600509,7.23404255319149,17.6170212765957,5.27659574468085,14.3829787234043,0.244444444444444,6.59855257556407,10.1362862010221,1.53321976149915,1.19250425894378,0.247619047619048,0.628205128205128,9.33865546218487,26.4428571428571,-22.46846846846848,36
20.8049113233288,20.6358728254349,0.488326848249027,0.525862068965517,7.43519781718963,17.8717598908595,3.68349249658936,4.8431105047749,0.54863813229572,2.45315161839864,3.67597004765146,0.612661674608577,2.65486725663717,0.0972762645914396,0.64,7.20862068965517,26.1,15.6942823803967,15.9212571231221,0.49331550802139,0.513427109974425,7.07895760404512,17.1917541812524,2.74212368728121,1.65305328665889,0.544117647058824,3.31454121306376,5.98523124757093,0.408083948698018,1.04935872522347,0.121657754010695,0.538461538461538,10.4856304985337,26.2796068796069,20.9946396664681,17.4553101997897,0.557522123893805,0.581395348837209,3.06730196545563,7.50446694460989,1.90589636688505,2.62060750446695,0.584070796460177,2.70714926712534,4.35697115384615,0.420673076923077,0.78125,0.233628318584071,0.689393939393939,4.64851063829787,26.5830303030303,19.4563662374821,15.495608531995,0.600973236009732,0.616780045351474,2.14592274678112,5.1859799713877,1.931330472103,2.61087267525036,0.469586374695864,6.25,8.47517730496454,1.38297872340426,2.30496453900709,0.369829683698297,0.730263157894737,3.24862385321101,26.0145077720207,20.985401459854,14.8207171314741,0.647482014388489,0.692771084337349,3.83211678832117,9.58029197080292,1.91605839416058,5.47445255474453,0.0215827338129496,8.10810810810811,10.5795768169273,2.11591536338546,0.827966881324747,0.705035971223022,0.744897959183674,3.14264705882353,24.3,-16.36036036036036,36
17.7950713359274,15.866388308977,0.537521815008726,0.564144736842105,6.19974059662776,15.4604409857328,1.99740596627756,1.99740596627756,0.534031413612566,3.44872293530403,4.92483151892172,0.699844479004666,1.71073094867807,0.228621291448517,0.702290076335878,5.78352059925094,25.1954248366013,32.0421728168691,28.6813854567551,0.51520572450805,0.55622009569378,6.55512262204905,16.6628466651387,3.71304148521659,7.38024295209718,0.320214669051878,4.20919830255763,6.54269972451791,0.436179981634527,1.67584940312213,0.268336314847943,0.676666666666667,7.35631578947368,26.0650837988827,36.4528301886792,30.6823841939233,0.537201365187713,0.582471089470481,8.13207547169811,21.0943396226415,3.94339622641509,8.30188679245283,0.496928327645051,5.89515518546556,10.9149582384207,0.721336370539104,1.44267274107821,0.227986348122867,0.724550898203593,7.54436906377205,26.6873626373626,16.2832929782082,13.9850825785828,0.546637744034707,0.561586638830898,3.87409200968523,10.3208232445521,1.39225181598063,1.1501210653753,0.681127982646421,5.58921538927598,8.79320800485143,1.54639175257732,1.09157064887811,0.164859002169197,0.697368421052632,5.37959183673469,25.321974522293,33.0638641875505,25.9031791907514,0.572299651567944,0.611526946107785,3.51657235246564,9.29668552950687,2.14227970897332,8.04365400161682,0.435540069686411,5.7606490872211,8.79478827361564,2.56514657980456,1.26221498371336,0.214285714285714,0.682926829268293,7.01327160493827,27.6128,8.615717375630865,36
45.6533725418122,34.3567251461988,0.568538647342995,0.631701030927835,8.91380260981437,22.6061385774674,3.36335232494027,12.2955339092079,0.26268115942029,3.49534261735682,5.77563865235098,1.42539800074047,2.42502776749352,0.253019323671498,0.701670644391408,8.25954135954136,26.0310344827586,22.5873916940544,17.1345338983051,0.603741496598639,0.618032786885246,3.55542276665671,8.9632506722438,1.13534508515088,1.67314012548551,0.792517006802721,2.94736842105263,4.69270360278535,0.272479564032698,1.45322434150772,0.0833333333333333,0.775510204081633,8.35655737704918,25.8965665236052,31.7832764505119,27.5095057034221,0.536815068493151,0.572419106317411,7.5938566552901,18.6433447098976,3.19965870307167,6.37798634812287,0.291095890410959,3.94230769230769,6.63527397260274,0.98458904109589,2.37585616438356,0.248287671232877,0.668965517241379,8.07125603864734,26.0382352941176,25.2068394925538,20.4695524578136,0.576923076923077,0.595052083333333,3.69553226696084,9.15609487038058,1.90292333149476,2.45449531163817,0.465659340659341,4.08078572416655,5.93949486538995,0.499583680266445,1.66527893422148,0.328296703296703,0.690376569037657,4.452442159383031,25.3395280235988,16.6358167515039,13.5804997951659,0.578414839797639,0.587418300653595,2.66080518278575,6.31652012956964,1.18000925497455,1.0643220731143,0.6964586846543,3.3868916888221,4.71240471240471,0.900900900900901,1.82490182490183,0.158516020236088,0.574468085106383,6.32333333333333,25.2265206812652,52.40534113773549,36
15.8094681472823,12.6636387924125,0.612028301886793,0.623271889400922,3.15604909409702,8.32846288720047,1.16890707188779,0.789012273524255,0.856132075471698,2.54945054945055,4.58419042021746,0.205700852189245,1.08727593300029,0.0306603773584905,0.615384615384615,12.7360655737705,25.8911845730028,25.4791804362194,25.6563245823389,0.491564417177914,0.532458563535912,8.46001321877066,20.6543291473893,4.49438202247191,5.58493060145407,0.271472392638037,4.58216581506511,7.76060506412364,0.427490956922065,2.6635975008221,0.211656441717791,0.623188405797101,9.36231578947368,25.8225988700565,14.6953405017921,12.6048700634336,0.600194552529183,0.612359550561798,3.47222222222222,8.13172043010753,1.83691756272401,1.0752688172043,0.651750972762646,3.2182103610675,5.68028738212842,0.336775931746745,1.70633138751684,0.192607003891051,0.585858585858586,5.32122905027933,24.8208955223881,43.2731137088204,35.2770805174744,0.606520090978014,0.628007402837755,9.20297555791711,23.8894792773645,4.37832093517535,15.0265674814028,0.0477634571645185,8.50021303792075,13.9013452914798,1.66559897501602,1.2385223147555,0.565579984836998,0.749329758713137,6.05461783439491,26.7492063492064,19.9005926209138,15.9916201117318,0.598837209302326,0.625600961538462,2.73370292487096,6.70999808831963,1.60581150831581,2.63811890651883,0.481912144702842,3.85205059409736,5.552353506244,2.84341978866475,0.960614793467819,0.255813953488372,0.777777777777778,6.04488778054863,26.7632707774799,16.200119118522935,36
16.5434906196703,14.4466700050075,0.53525641025641,0.567729083665339,9.06765207504264,21.6031836270608,2.13189312109153,2.55827174530984,0.662393162393162,2.59814418272662,4.30169199885288,0.401491253226269,2.26555778606252,0.11965811965812,0.535714285714286,7.8120253164557,25.2616129032258,18.4574976122254,16.0008410428932,0.55275974025974,0.579939668174962,5.32473734479465,12.7507163323782,2.36389684813754,2.81757402101242,0.600649350649351,3.14210902166151,5.00711912672046,0.806834361651637,1.18652112007594,0.196428571428571,0.644628099173554,6.34024390243903,25.0137837837838,37.5150784077202,31.3552891182273,0.546526054590571,0.594557449147883,6.18645528175082,15.3024297777012,4.29088402550405,8.54730311907634,0.503101736972705,3.8816527214698495,6.71848013816926,0.880829015544042,1.57167530224525,0.221464019851117,0.633053221288515,7.66042446941323,25.9474722564735,19.1168036704263,16.3937165775401,0.537170263788969,0.562570462232244,3.11603899827949,7.72318868285223,1.8160963486905,2.44695086981457,0.363309352517986,4.48870675688554,6.4804256936526,1.40630938806537,2.09045990117826,0.298561151079137,0.706827309236948,6.06817325800377,24.5356435643564,25.4985435805512,21.5697904310004,0.556338028169014,0.577235772357724,4.05556800358503,10.2621555007842,2.41989693031593,3.20412278736276,0.500541711809317,5.37055723735845,8.70736086175943,1.61579892280072,1.32405745062837,0.24160346695558,0.659192825112108,4.9119305856833,25.7887445887446,-20.25316455696202,36
34.4923154446964,29.8407000224366,0.510999083409716,0.560330578512397,7.98689846308894,19.9294532627866,3.12421264802217,7.2814310909549,0.438130155820348,2.19974715549937,4.03450900786602,0.532859680284192,2.30905861456483,0.29147571035747,0.591194968553459,6.00880913539967,26.7225941422594,26.4663111972855,22.4406924556529,0.565006075334143,0.597694840834248,5.52593310712555,13.4512845370819,3.41735336888027,5.18662142510906,0.511543134872418,3.92584514721919,6.42112914950327,0.533074872788951,1.79307002665374,0.277035236938032,0.68421052631579,6.51169154228856,25.3957244655582,21.6280735259012,19.02842596521,0.517543859649123,0.553855569155447,2.57818095010742,6.37383623776558,1.90976366674624,4.41632847935068,0.326585695006748,4.37990954534635,6.43247092333254,0.712081652029433,2.18371706622359,0.388663967611336,0.670138888888889,4.4813627254509,25.395867768595,24.5568685376662,23.7417218543046,0.514035087719298,0.542483660130719,6.57311669128508,16.0635155096012,3.91432791728213,3.58197932053176,0.470175438596491,4.05780989438577,7.25176645593157,0.743770918557084,2.78914094458907,0.140350877192982,0.7375,10.8228476821192,26.0313432835821,19.6644295302013,18.9516129032258,0.506410256410256,0.534671532846715,2.28187919463087,5.36912751677852,3.6912751677852302,6.04026845637584,0.0854700854700854,10.3230103230103,13.2848645076008,1.18968935888962,2.57766027759418,0.645299145299145,0.589403973509934,3.1714953271028,28.605,-28.20512820512819,36
24.162633107454,19.9210029194573,0.58029197080292,0.605442176870748,6.98935140367861,17.0377541142304,2.53630203291384,3.11713455953533,0.720542231491137,3.3074684772066,5.32555879494655,1.55490767735666,1.39941690962099,0.10740354535975,0.718446601941748,7.06455223880597,26.0400868306802,32.0421728168691,28.6813854567551,0.51520572450805,0.55622009569378,6.55512262204905,16.6628466651387,3.71304148521659,7.38024295209718,0.320214669051878,4.20919830255763,6.54269972451791,0.436179981634527,1.67584940312213,0.268336314847943,0.676666666666667,7.35631578947368,26.0650837988827,36.4528301886792,30.6823841939233,0.537201365187713,0.582471089470481,8.13207547169811,21.0943396226415,3.94339622641509,8.30188679245283,0.496928327645051,5.89515518546556,10.9149582384207,0.721336370539104,1.44267274107821,0.227986348122867,0.724550898203593,7.54436906377205,26.6873626373626,16.2832929782082,13.9850825785828,0.546637744034707,0.561586638830898,3.87409200968523,10.3208232445521,1.39225181598063,1.1501210653753,0.681127982646421,5.58921538927598,8.79320800485143,1.54639175257732,1.09157064887811,0.164859002169197,0.697368421052632,5.37959183673469,25.321974522293,33.0638641875505,25.9031791907514,0.572299651567944,0.611526946107785,3.51657235246564,9.29668552950687,2.14227970897332,8.04365400161682,0.435540069686411,5.7606490872211,8.79478827361564,2.56514657980456,1.26221498371336,0.214285714285714,0.682926829268293,7.01327160493827,27.6128,-11.666666666666671,36
16.5434906196703,14.4466700050075,0.53525641025641,0.567729083665339,9.06765207504264,21.6031836270608,2.13189312109153,2.55827174530984,0.662393162393162,2.59814418272662,4.30169199885288,0.401491253226269,2.26555778606252,0.11965811965812,0.535714285714286,7.8120253164557,25.2616129032258,22.2051597051597,19.5168295331162,0.567340067340067,0.578778135048232,6.91031941031941,16.1547911547912,3.00982800982801,1.93488943488944,0.737373737373737,3.48570554961015,5.96651445966514,0.517503805175038,2.22222222222222,0.153198653198653,0.582417582417583,4.48974358974359,26.1139269406393,19.1168036704263,16.3937165775401,0.537170263788969,0.562570462232244,3.11603899827949,7.72318868285223,1.8160963486905,2.44695086981457,0.363309352517986,4.48870675688554,6.4804256936526,1.40630938806537,2.09045990117826,0.298561151079137,0.706827309236948,6.06817325800377,24.5356435643564,25.4985435805512,21.5697904310004,0.556338028169014,0.577235772357724,4.05556800358503,10.2621555007842,2.41989693031593,3.20412278736276,0.500541711809317,5.37055723735845,8.70736086175943,1.61579892280072,1.32405745062837,0.24160346695558,0.659192825112108,4.9119305856833,25.7887445887446,18.1475272422464,13.2054794520548,0.668627450980392,0.681889763779528,2.66135792120704,6.85247275775356,1.8650461022632,5.720871751886,0.0,8.23109992660166,10.912906610703,2.18258132214061,1.17523609653725,0.835294117647059,0.755868544600939,2.35823529411765,0.0,-23.88329979879275,36
10.4229607250755,10.3494623655914,0.474358974358974,0.518796992481203,7.25075528700906,17.5226586102719,1.58610271903323,2.49244712990937,0.752136752136752,2.526395173454,4.21686746987952,0.828313253012048,2.48493975903614,0.0512820512820512,0.666666666666667,9.05862068965517,26.8670454545455,29.7548605240913,25.0933532486931,0.552919708029197,0.588628762541806,5.07185122569738,11.8343195266272,3.12764158918005,4.73372781065089,0.485401459854015,2.36886632825719,3.64098221845893,0.0,1.2701100762066,0.255474452554745,0.585714285714286,6.58085106382979,25.9609022556391,14.6081247435371,14.787701317716,0.485197368421053,0.511494252873563,3.89823553549446,9.76610586787033,2.29790726302831,4.02133771029955,0.338815789473684,3.62704918032787,5.07572656569791,0.941465411379452,1.8829308227589,0.276315789473684,0.595238095238095,8.5726368159204,25.2844660194175,24.5568685376662,23.7417218543046,0.514035087719298,0.542483660130719,6.57311669128508,16.0635155096012,3.91432791728213,3.58197932053176,0.470175438596491,4.05780989438577,7.25176645593157,0.743770918557084,2.78914094458907,0.140350877192982,0.7375,10.8228476821192,26.0313432835821,38.468085106383,35.0308641975309,0.480952380952381,0.573791348600509,7.23404255319149,17.6170212765957,5.27659574468085,14.3829787234043,0.244444444444444,6.59855257556407,10.1362862010221,1.53321976149915,1.19250425894378,0.247619047619048,0.628205128205128,9.33865546218487,26.4428571428571,-12.490733876945896,36
36.5298745481608,29.1936978683967,0.571939586645469,0.617028985507246,8.95173293642356,20.7314480119073,4.25260472039124,6.3576440569849,0.623211446740859,3.31586265910793,5.81145071028842,0.645716745587602,1.72191132156694,0.127186009538951,0.65,7.97426160337553,27.2099489795918,23.7067845074084,20.1979307242465,0.546437659033079,0.561338289962825,3.48323368858851,8.47413569014817,2.36547959448921,1.66363400051989,0.698473282442748,3.46365783258987,5.64238410596027,0.609271523178808,1.82781456953642,0.139949109414758,0.663636363636364,6.96919831223629,25.604189435337,30.8054841473865,27.8871147419235,0.494718309859155,0.528676470588235,4.45586975149957,11.3967437874893,3.04198800342759,10.0685518423308,0.265845070422535,4.62032085561497,6.83468603161042,0.897052541648868,1.62323793250748,0.309859154929577,0.715909090909091,6.06043165467626,25.8251655629139,14.7211413748379,12.9961935834693,0.553072625698324,0.576142131979695,5.18806744487678,12.84046692607,2.72373540856031,2.72373540856031,0.575418994413408,5.58079169370539,6.49350649350649,0.649350649350649,1.62337662337662,0.284916201117318,0.764705882352941,3.93157894736842,25.4843137254902,14.8467846353043,13.0057803468208,0.517985611510791,0.53416149068323,5.09279240397065,12.9046180405697,1.68321104876996,4.27276650841606,0.0179856115107913,9.93121238177128,11.8629550321199,1.58458244111349,1.97002141327623,0.665467625899281,0.643243243243243,4.08095238095238,32.2,21.63963963963964,36
17.1032357473035,12.8820466379896,0.639008620689655,0.666,3.08166409861325,7.421674370826911,1.82331792501284,2.2085259373395,0.691810344827586,2.7064981488574,3.85884742320386,1.5993907083016,3.07184564610307,0.135775862068966,0.793650793650794,7.17412587412588,25.3725,26.2206572769953,24.1742361684558,0.512779552715655,0.547783251231527,8.49765258215962,19.7652582159624,3.73239436619718,4.17840375586855,0.45580404685836,2.87998119195956,5.06239698610784,0.894749234753944,1.43630798210502,0.193823216187433,0.615384615384615,7.35714285714286,26.3570093457944,30.2815654329733,24.9490036089754,0.509174311926605,0.567631224764468,6.05631308659465,15.2824508588631,1.85939436869134,7.80945634850363,0.195718654434251,2.64818270683373,4.42383160899037,0.570816981805209,1.10595790224759,0.091743119266055,0.716666666666667,12.6577946768061,26.3854901960784,16.5262000732869,14.3907898944675,0.52807486631016,0.548661800486618,3.00476364968853,7.32869182850861,1.42909490655918,2.93147673140344,0.636363636363636,5.77907827359181,8.6162833150785,0.839722526469514,1.49689667761957,0.237967914438503,0.640449438202247,4.18970588235294,25.3235294117647,26.8581759742869,21.6619318181818,0.626539753639418,0.65603532875368,8.49738850944154,20.148654077943,4.05785456006428,5.80554439533949,0.174692049272116,9.78359335681933,14.2223118821868,0.524510792818237,0.968327617510591,0.522956326987682,0.69593147751606,4.36689280868385,25.9711538461538,17.9649464459591,36
36.5298745481608,29.1936978683967,0.571939586645469,0.617028985507246,8.95173293642356,20.7314480119073,4.25260472039124,6.3576440569849,0.623211446740859,3.31586265910793,5.81145071028842,0.645716745587602,1.72191132156694,0.127186009538951,0.65,7.97426160337553,27.2099489795918,23.7067845074084,20.1979307242465,0.546437659033079,0.561338289962825,3.48323368858851,8.47413569014817,2.36547959448921,1.66363400051989,0.698473282442748,3.46365783258987,5.64238410596027,0.609271523178808,1.82781456953642,0.139949109414758,0.663636363636364,6.96919831223629,25.604189435337,28.6625897367721,24.2960204794042,0.526881720430108,0.56984126984127,4.20101036958256,10.582291943632,2.6322786492954,6.83328901887796,0.415770609318996,3.56004250797024,4.77833820015928,1.32731616671091,1.59277940005309,0.225806451612903,0.582010582010582,6.85910020449898,25.6239193083573,30.8054841473865,27.8871147419235,0.494718309859155,0.528676470588235,4.45586975149957,11.3967437874893,3.04198800342759,10.0685518423308,0.265845070422535,4.62032085561497,6.83468603161042,0.897052541648868,1.62323793250748,0.309859154929577,0.715909090909091,6.06043165467626,25.8251655629139,15.0355653666912,16.2045060658579,0.50294695481336,0.53304347826087,9.39416237429482,22.6391954868776,4.26784400294334,3.6055923473142,0.483300589390963,5.07352941176471,8.32721038452119,1.73891746265001,2.42468772961058,0.24950884086444,0.582677165354331,5.4212927756654,24.983606557377,1.3765822784810098,36
24.1573033707865,24.1869158878505,0.461538461538462,0.496434937611408,6.91443388072602,16.7675021607606,3.7165082108902303,5.4019014693172,0.437869822485207,2.92081350064907,4.54939341421144,1.47313691507799,1.8630849220104,0.31163708086785,0.550632911392405,5.21228070175439,26.2752252252252,28.9713541666667,25.5415332454323,0.51856884057971,0.552609776304888,4.296875,10.7421875,3.25520833333333,5.25173611111111,0.427536231884058,3.51944384097328,5.56763810352327,0.347977381470204,1.34841235319704,0.266304347826087,0.710884353741497,7.78655063291139,26.3065677966102,27.6354568125142,23.2246798603027,0.551008303677343,0.606573705179283,6.37043754250737,15.279981863523,4.44343686238948,8.43346180004534,0.405693950177936,5.89700056593096,9.3128390596745,0.791139240506329,1.60488245931284,0.384341637010676,0.654320987654321,4.33033932135729,25.5669590643275,16.9876733436055,14.5809224665234,0.552374301675978,0.570504527813713,3.37057010785824,8.43605546995378,2.09938366718028,2.42681047765794,0.502793296089386,4.33233850004814,5.3320500481232,0.962463907603465,2.23291626564004,0.35195530726257,0.623015873015873,2.98314606741573,24.8359331476323,15.8068057080132,13.7496155029222,0.557228915662651,0.576,2.81741675814124,7.061836809367,2.6344676180022,3.80534211489206,0.147590361445783,9.63436928702011,11.3262696382901,4.01899890390939,1.24223602484472,0.707831325301205,0.634042553191489,2.42650176678445,25.6591836734694,4.841269841269835,36
15.3145520016946,13.9992432841468,0.547169811320755,0.570731707317073,12.815081550519,31.1374708748147,2.73247193391231,1.94873967379792,0.636363636363636,3.15228966986156,5.63289783679589,0.471192974941101,2.20603983722425,0.0291595197255574,0.823529411764706,13.1132075471698,25.822102425876,26.6278809577087,25.9763313609467,0.476214574898785,0.521929824561404,7.42895502349519,18.2143656298948,3.96061758782726,7.69747147012755,0.337044534412955,3.31066770705607,4.62016881386051,0.488671701466015,1.64371390493114,0.367408906882591,0.628099173553719,5.60732824427481,26.4498498498498,20.2032721864155,16.9372531812198,0.548872180451128,0.581545064377682,2.75161130391671,6.3708477937531,1.83440753594447,2.33019335647001,0.721804511278195,3.94785847299814,6.24222830141756,0.870430241233524,1.51703556329271,0.189473684210526,0.634920634920635,4.00162162162162,25.1535416666667,22.1467688937569,15.9937888198758,0.622254758418741,0.653100775193799,2.97918948521358,7.38225629791895,1.09529025191676,4.3592552026287,0.527086383601757,3.40921588034752,4.70406360424028,0.309187279151943,0.8613074204947,0.301610541727672,0.66504854368932,4.00340557275542,24.4426966292135,13.3704735376045,12.6254180602007,0.587719298245614,0.576,2.87836583101207,7.14948932219127,2.41411327762303,2.32126276694522,0.0,7.34542073454207,10.707635009311,2.1415270018622,1.48975791433892,0.508771929824561,0.706896551724138,4.42368421052632,0.0,1.3333333333333286,36
33.3717712177122,27.4608150470219,0.546875,0.620555073720729,9.45571955719557,22.6476014760148,3.73616236162362,9.06365313653137,0.528225806451613,3.13584818329091,5.62006502554575,0.2322340919647,1.6256386437529,0.201612903225806,0.605,8.60192307692308,27.268893129771,21.2371134020619,17.2891707775429,0.567732115677321,0.592219020172911,2.24226804123711,5.38659793814433,1.08247422680412,2.37113402061856,0.659056316590563,2.16634429400387,3.81935483870968,0.129032258064516,1.85806451612903,0.0882800608828006,0.53448275862069,10.4147321428571,25.6237875288684,24.4852531997774,21.4751630707476,0.545994065281899,0.591397849462366,8.34724540901503,19.9777406789093,3.11630495269894,4.67445742904841,0.394658753709199,3.82254464285714,6.93900391717963,0.447677672076105,1.95858981533296,0.0949554896142433,0.625,11.1700980392157,26.2406015037594,26.4797507788162,24.0675580577058,0.520168067226891,0.542264752791069,4.04984423676013,10.2803738317757,2.2196261682243,2.84267912772586,0.299159663865546,8.02734375,12.5783699059561,1.01880877742947,1.37147335423198,0.213445378151261,0.653543307086614,9.12805755395683,25.5926966292135,19.9005926209138,15.9916201117318,0.598837209302326,0.625600961538462,2.73370292487096,6.70999808831963,1.60581150831581,2.63811890651883,0.481912144702842,3.85205059409736,5.552353506244,2.84341978866475,0.960614793467819,0.255813953488372,0.777777777777778,6.04488778054863,26.7632707774799,-14.08250355618776,36
17.6002766251729,14.4034177601465,0.567216981132076,0.581050228310502,3.7344398340249,9.16320885200553,1.21023513139696,1.00276625172891,0.867924528301887,2.72049904695893,4.13337964571032,0.486279958318861,1.84091698506426,0.0896226415094339,0.710526315789474,4.88214285714286,25.4375,30.2341597796143,23.4256160632796,0.605987055016181,0.645066273932253,8.16115702479339,19.8347107438017,3.16804407713499,5.09641873278237,0.409385113268608,2.99204427533725,4.27380125086866,0.104239054899236,2.71021542738013,0.145631067961165,0.533333333333333,7.75205479452055,26.9782608695652,36.6911130284728,30.7809523809524,0.531439393939394,0.57443915703603,7.63589301121657,19.1328731665229,3.21397756686799,7.80845556514236,0.479545454545455,3.47957639939486,5.73841489822434,0.368124729320052,2.05716760502382,0.190151515151515,0.605577689243028,8.39475982532751,26.4044233807267,12.4610591900312,10.448275862069,0.560885608856089,0.569395017793594,2.9595015576324,7.43769470404985,0.856697819314642,1.16822429906542,0.819188191881919,4.83495145631068,7.66847405112316,0.774593338497289,1.62664601084431,0.132841328413284,0.75,4.08571428571429,24.7207207207207,29.2314526876944,23.2971372161895,0.604304635761589,0.635748792270531,5.01999111505997,12.9498000888494,3.22079075966237,6.7747667703243,0.253863134657837,7.33607926082601,11.0466413746931,2.52175853604106,1.36130328051774,0.47682119205298,0.761574074074074,4.02115384615385,25.3230434782609,-16.978583831757675,36
15.6942823803967,15.9212571231221,0.49331550802139,0.513427109974425,7.07895760404512,17.1917541812524,2.74212368728121,1.65305328665889,0.544117647058824,3.31454121306376,5.98523124757093,0.408083948698018,1.04935872522347,0.121657754010695,0.538461538461538,10.4856304985337,26.2796068796069,32.560861423221,28.6159600997506,0.544034090909091,0.587585034013605,7.06928838951311,16.6666666666667,4.77528089887641,6.41385767790262,0.589015151515152,2.38598965679361,4.0604343720491,0.637393767705383,2.03021718602455,0.207386363636364,0.680365296803653,6.15322580645161,27.616077170418,20.9946396664681,17.4553101997897,0.557522123893805,0.581395348837209,3.06730196545563,7.50446694460989,1.90589636688505,2.62060750446695,0.584070796460177,2.70714926712534,4.35697115384615,0.420673076923077,0.78125,0.233628318584071,0.689393939393939,4.64851063829787,26.5830303030303,17.7014852690528,17.9027027027027,0.471955128205128,0.516358463726885,4.86973459946433,12.3934745556367,3.04358412466521,4.50450450450451,0.358974358974359,3.57099477711648,4.92001938923897,0.99369849733398,1.89045079980611,0.317307692307692,0.702020202020202,6.27425,25.8410714285714,22.5772928033255,23.5484617164007,0.457125603864734,0.480641592920354,4.18290465055859,10.0025980774227,2.9618082618862,4.28682774746688,0.411835748792271,5.63836681788723,8.04449042938438,2.61251939989653,1.13812726332126,0.230676328502415,0.638743455497382,6.35605749486653,25.9266862170088,10.389610389610382,36
45.6533725418122,34.3567251461988,0.568538647342995,0.631701030927835,8.91380260981437,22.6061385774674,3.36335232494027,12.2955339092079,0.26268115942029,3.49534261735682,5.77563865235098,1.42539800074047,2.42502776749352,0.253019323671498,0.701670644391408,8.25954135954136,26.0310344827586,14.5865434001027,12.7289170246439,0.550102249488753,0.563492063492064,4.4427324088341,10.9912686183873,1.51515151515152,0.950179763739086,0.425357873210634,2.93552108704012,4.04402354747888,0.895828001023803,3.07141028922447,0.323108384458078,0.664556962025316,4.77615658362989,24.6129807692308,17.6280572219659,15.2459016393443,0.54140127388535,0.570149253731343,6.32210429164744,15.5053068758653,1.70742962621135,2.3534840793724,0.54140127388535,3.678852383155951,5.61484918793504,1.39211136890951,4.03712296983759,0.347133757961783,0.642201834862385,3.85,24.8485207100592,31.7832764505119,27.5095057034221,0.536815068493151,0.572419106317411,7.5938566552901,18.6433447098976,3.19965870307167,6.37798634812287,0.291095890410959,3.94230769230769,6.63527397260274,0.98458904109589,2.37585616438356,0.248287671232877,0.668965517241379,8.07125603864734,26.0382352941176,16.6358167515039,13.5804997951659,0.578414839797639,0.587418300653595,2.66080518278575,6.31652012956964,1.18000925497455,1.0643220731143,0.6964586846543,3.3868916888221,4.71240471240471,0.900900900900901,1.82490182490183,0.158516020236088,0.574468085106383,6.32333333333333,25.2265206812652,8.49433710859428,35
18.7811508835523,16.3565732978941,0.569546120058565,0.584626234132581,9.71907566832805,24.2863615768011,2.06162211146353,1.29134571816946,0.587115666178624,2.22803228373309,3.55920602327173,0.182523385808807,1.57426420260096,0.0834553440702781,0.754385964912281,8.57517730496454,25.1605985037406,33.9692633810281,29.0546949098957,0.525,0.586983343615052,9.34463875640346,23.8827062356474,3.88623918035683,8.53206147323794,0.388028169014085,2.69983181375587,4.06316536550745,0.28388928317956,1.18878637331441,0.141549295774648,0.691542288557214,10.1010356731876,25.9308529945554,14.929107589658,14.5998558038933,0.484615384615385,0.505649717514124,4.37864887406172,11.0508757297748,2.12677231025855,2.54378648874062,0.464615384615385,4.64152507252383,7.04283360790774,1.31795716639209,2.30642504118616,0.286153846153846,0.688172043010753,7.12873563218391,24.6841059602649,18.2061579651941,15.6091676718938,0.579824561403509,0.584192439862543,4.36412315930388,10.8701472556894,1.74029451137885,0.69611780455154,0.773684210526316,4.65768050180168,7.87653006918574,0.904736562001064,1.78286322511974,0.115789473684211,0.636363636363636,4.81860465116279,26.0192743764172,12.1486422105765,10.5892399658412,0.60427807486631,0.610047846889952,3.38256312529776,7.90852787041448,1.85802763220581,2.38208670795617,0.0106951871657754,5.26066350710901,7.35502121640736,1.36727958510137,1.32013201320132,0.438502673796791,0.804878048780488,5.99567567567568,44.4,29.7228144989339,35
22.6526891522334,23.693729903537,0.505415162454874,0.530416221985059,10.4147675478578,23.0856882406563,5.51504102096627,5.30993618960802,0.350180505415162,4.18652144315861,6.03253502033439,0.835969272480795,2.39493899683687,0.38748495788207,0.645962732919255,5.35148148148148,25.2164948453608,20.3460207612457,17.8363469200123,0.52880658436214,0.55893536121673,2.8719723183391,7.05882352941176,1.97231833910035,3.11418685121107,0.553497942386831,2.45419979260283,4.31629834254144,0.552486187845304,1.34668508287293,0.181069958847737,0.659090909090909,6.55760368663595,25.7475836431227,16.2393162393162,14.3044275609117,0.532710280373832,0.562244897959184,2.77040966696139,6.42499263188918,1.65045682287062,4.0377247273799,0.317757009345794,3.40046701692936,5.37727666955768,2.68863833477884,1.38768430182134,0.448598130841122,0.640625,4.23458904109589,24.6110294117647,26.0383684112498,20.2260072060269,0.595896946564886,0.61660777385159,3.07319798845223,7.15216986403427,1.93704600484262,3.6133358167256495,0.466603053435115,5.02793296089386,7.4846397318935,0.707503258238689,0.930925339787749,0.278625954198473,0.73972602739726,7.01520572450805,26.1333333333333,38.4230055658627,29.1612057667104,0.627292736610418,0.664198325820992,13.2838589981447,30.9461966604824,4.26716141001855,8.36734693877551,0.242112986060161,8.28072781284813,12.8576737272389,0.836120401337793,2.35971757710888,0.312545854732208,0.71830985915493,5.94472410454985,28.7139393939394,-1.8820786142571533,35
15.4009936124911,16.9182389937107,0.481182795698925,0.504651162790698,8.09084457061746,19.9432221433641,3.83250532292406,4.32931156848829,0.311827956989247,2.15623895369389,3.09859154929577,0.422535211267606,2.6056338028169,0.483870967741936,0.6,4.43828125,24.759649122807,25.3840526700805,22.0877458396369,0.532058492688414,0.556149732620321,4.46232626188735,10.8997805413314,2.14581809314801,2.92611558156547,0.482564679415073,3.11203319502075,5.39946249694601,0.806254580991938,2.05228438797948,0.168728908886389,0.62,9.43891304347826,25.5795774647887,20.2032721864155,16.9372531812198,0.548872180451128,0.581545064377682,2.75161130391671,6.3708477937531,1.83440753594447,2.33019335647001,0.721804511278195,3.94785847299814,6.24222830141756,0.870430241233524,1.51703556329271,0.189473684210526,0.634920634920635,4.00162162162162,25.1535416666667,25.6215650353311,21.3235294117647,0.538311688311688,0.575205640423032,3.27139492279508,8.13923056791416,2.01517927244177,5.07720492017796,0.355844155844156,4.86047425651775,6.79433368310598,0.577124868835257,1.28541448058762,0.411688311688312,0.67192429022082,3.71754032258065,25.0843065693431,21.7930545712261,18.7112763320942,0.565310492505353,0.59021113243762,4.53579021970234,10.9496810772502,2.94117647058824,4.42948263642807,0.197002141327623,6.21908127208481,7.92811839323467,0.951374207188161,1.58562367864693,0.618843683083512,0.681660899653979,3.14693333333333,25.0163043478261,34.21052631578948,35
31.0254392866509,27.1369485294118,0.5295,0.549256505576208,5.95331759769211,14.1096249672174,2.7799632835038,4.5371098872279,0.459,2.79020794946038,4.49141347424042,0.634081902245707,1.21532364597094,0.186,0.623655913978495,8.00332717190388,25.6956427015251,29.0064516129032,23.4042553191489,0.548271752085817,0.592651757188498,4.85161290322581,11.5870967741935,2.65806451612903,5.93548387096774,0.522050059594756,3.46701164294955,5.73281452658885,1.01167315175097,1.4526588845655,0.251489868891538,0.701421800947867,5.55336658354115,26.7662100456621,41.2423055400112,33.476599808978,0.56988188976378,0.603109656301146,8.89759373251259,22.7196418578623,5.03637381085618,13.4862898712927,0.0255905511811023,6.06571187868576,7.89177001127396,1.52198421645998,2.08568207440812,0.555118110236221,0.638297872340426,4.13232323232323,28.7307692307692,19.8412698412698,15.8628081457663,0.619148936170213,0.642292490118577,2.80830280830281,6.77655677655678,2.62515262515263,2.68620268620269,0.280851063829787,6.3738944800244,8.83607556368068,2.49847653869592,1.34064594759293,0.476595744680851,0.758928571428571,3.58402366863905,24.6227272727273,16.6792074241284,14.4126571304725,0.54786150712831,0.57032590051458,2.48306997742664,5.94431903686983,2.05668422372711,5.11662904439428,0.0020366598778004,7.54267068273092,8.69128359708616,2.46169304194926,0.929414719919618,0.782077393075356,0.591145833333333,2.66816326530612,42.5,-26.74015105123496,35
28.8701246481705,24.0652135388978,0.543264942016057,0.579656862745098,8.10213108162445,19.2601527945316,2.77442702050663,4.94571773220748,0.354148082069581,2.63608008854009,4.3705941591138,0.664652567975831,1.83282980866062,0.189116859946476,0.641509433962264,9.79406077348066,26.0682619647355,22.6526891522334,23.693729903537,0.505415162454874,0.530416221985059,10.4147675478578,23.0856882406563,5.51504102096627,5.30993618960802,0.350180505415162,4.18652144315861,6.03253502033439,0.835969272480795,2.39493899683687,0.38748495788207,0.645962732919255,5.35148148148148,25.2164948453608,20.3460207612457,17.8363469200123,0.52880658436214,0.55893536121673,2.8719723183391,7.05882352941176,1.97231833910035,3.11418685121107,0.553497942386831,2.45419979260283,4.31629834254144,0.552486187845304,1.34668508287293,0.181069958847737,0.659090909090909,6.55760368663595,25.7475836431227,16.2393162393162,14.3044275609117,0.532710280373832,0.562244897959184,2.77040966696139,6.42499263188918,1.65045682287062,4.0377247273799,0.317757009345794,3.40046701692936,5.37727666955768,2.68863833477884,1.38768430182134,0.448598130841122,0.640625,4.23458904109589,24.6110294117647,38.4230055658627,29.1612057667104,0.627292736610418,0.664198325820992,13.2838589981447,30.9461966604824,4.26716141001855,8.36734693877551,0.242112986060161,8.28072781284813,12.8576737272389,0.836120401337793,2.35971757710888,0.312545854732208,0.71830985915493,5.94472410454985,28.7139393939394,-20.779220779220765,35
30.0479488545551,25.5210745715609,0.517123287671233,0.567951318458418,10.1758124667022,23.9211507725093,3.09003729355354,6.8193926478423,0.513698630136986,3.10839532412327,5.35241123476418,0.211976682564918,1.21886592474828,0.141552511415525,0.580645161290323,7.75258215962441,26.3897777777778,23.6098450319052,21.3351134846462,0.497681607418856,0.537604456824513,2.97781829231237,7.17107262230325,2.52202977818292,4.70981464600425,0.50386398763524,2.92912429807255,4.51788963007884,0.303214069132808,1.45542753183748,0.244204018547141,0.525316455696203,6.77258566978193,25.6539877300614,31.2308478038815,28.7248322147651,0.522912423625255,0.546470062555853,8.01838610827375,18.8968335035751,4.21348314606742,7.9417773237998,0.311608961303462,4.67134652201659,7.78259760142894,0.433784128604236,1.17376881857617,0.410386965376782,0.607940446650124,4.28757396449704,25.5313725490196,28.2746160794941,27.1259842519685,0.481655691439323,0.520066889632107,8.53658536585366,19.8509485094851,4.17795844625113,6.82023486901536,0.26340545625588,5.66080288678394,8.85135135135135,1.41891891891892,2.09459459459459,0.26340545625588,0.646428571428572,7.76257982120051,26.245,18.9612015018773,18.2299947005829,0.477011494252874,0.513559322033898,4.81852315394243,11.8898623279099,3.06633291614518,4.38047559449312,0.199233716475096,6.87070580886946,8.16708229426434,0.997506234413965,1.05985037406484,0.394636015325671,0.58252427184466,4.94736842105263,25.9519230769231,0.0,35
9.765625,11.4265927977839,0.419847328244275,0.437062937062937,6.015625,15.234375,1.71875,1.953125,0.557251908396947,2.58519388954172,3.06362922230951,0.942655145326002,2.74941084053417,0.274809160305344,0.555555555555556,4.42068965517241,25.2095890410959,21.2371134020619,17.2891707775429,0.567732115677321,0.592219020172911,2.24226804123711,5.38659793814433,1.08247422680412,2.37113402061856,0.659056316590563,2.16634429400387,3.81935483870968,0.129032258064516,1.85806451612903,0.0882800608828006,0.53448275862069,10.4147321428571,25.6237875288684,15.8094681472823,12.6636387924125,0.612028301886793,0.623271889400922,3.15604909409702,8.32846288720047,1.16890707188779,0.789012273524255,0.856132075471698,2.54945054945055,4.58419042021746,0.205700852189245,1.08727593300029,0.0306603773584905,0.615384615384615,12.7360655737705,25.8911845730028,26.4797507788162,24.0675580577058,0.520168067226891,0.542264752791069,4.04984423676013,10.2803738317757,2.2196261682243,2.84267912772586,0.299159663865546,8.02734375,12.5783699059561,1.01880877742947,1.37147335423198,0.213445378151261,0.653543307086614,9.12805755395683,25.5926966292135,43.2731137088204,35.2770805174744,0.606520090978014,0.628007402837755,9.20297555791711,23.8894792773645,4.37832093517535,15.0265674814028,0.0477634571645185,8.50021303792075,13.9013452914798,1.66559897501602,1.2385223147555,0.565579984836998,0.749329758713137,6.05461783439491,26.7492063492064,-1.99195171026156,35
13.1447587354409,12.921626984127,0.525171624713959,0.530201342281879,5.82362728785358,14.2262895174709,2.05213533000555,0.610094287298946,0.512585812356979,3.47452934662237,5.4726368159204,0.746268656716418,3.53786622443339,0.196796338672769,0.686046511627907,5.94507042253521,25.025,31.7757009345794,29.1790461297889,0.500772200772201,0.583879423328965,12.1142655616293,27.6847116910598,6.01304884500088,10.1922059601481,0.515830115830116,4.02400282386163,7.08355414237767,0.971559795089207,2.08443737855503,0.155212355212355,0.587064676616915,7.37145135566188,26.599251497006,32.5848303393214,25.9728708027574,0.578306878306878,0.61346516007533,3.1187624750499,7.31037924151697,2.69461077844311,6.61177644710579,0.452910052910053,2.37085101073122,4.21867199201198,0.224663005491762,1.82226660009985,0.255026455026455,0.655601659751037,6.40251450676983,26.0967289719626,11.2914862914863,9.05283505154639,0.621848739495798,0.633603238866397,3.03030303030303,7.28715728715729,1.22655122655123,0.757575757575758,0.852941176470588,3.92651296829971,6.15107913669065,1.29496402877698,1.8705035971223,0.088235294117647,0.571428571428571,6.24285714285714,24.8581280788177,25.2259036144578,19.5583068428978,0.628450106157113,0.64299424184261,4.02861445783133,9.61972891566265,2.39081325301205,4.44277108433735,0.0,9.518424276694,13.3987544819777,1.69843366672957,1.03793168522363,0.528662420382166,0.714859437751004,4.38885350318471,0.0,28.144144144144136,35
23.045154185022,22.4700633951632,0.495620437956204,0.535851472471191,9.22356828193832,22.1640969162996,4.873348017621151,5.67180616740088,0.433576642335766,2.72952853598015,4.03092214246273,0.358917725013805,1.8774157923799,0.297810218978102,0.553921568627451,6.30386597938144,26.1531986531987,28.989247311828,24.8056275453536,0.521333333333333,0.554166666666667,7.2258064516129,17.741935483871,3.0752688172043,4.17204301075269,0.527111111111111,2.0320395656381,3.5261234143195,0.107503762631692,1.29004515158031,0.164444444444444,0.621621621621622,7.98928571428572,26.8027027027027,21.6501439078989,19.5478356768679,0.466898954703833,0.524844720496895,3.22993284298049,7.83498560921011,2.07866965142309,5.30860249440358,0.515679442508711,2.60674876059491,4.38259756877799,1.47152911068458,1.31158029430582,0.25609756097561,0.462585034013605,6.43848920863309,24.9719594594595,16.9876733436055,14.5809224665234,0.552374301675978,0.570504527813713,3.37057010785824,8.43605546995378,2.09938366718028,2.42681047765794,0.502793296089386,4.33233850004814,5.3320500481232,0.962463907603465,2.23291626564004,0.35195530726257,0.623015873015873,2.98314606741573,24.8359331476323,23.5198040016333,20.1431127012522,0.572649572649573,0.581818181818182,2.61331155573704,6.4924458962842,2.81747652102899,2.44997958350347,0.0683760683760683,8.30605564648118,11.5621156211562,1.5990159901599,1.2710127101271,0.403846153846154,0.740740740740741,7.21422018348624,24.36875,-46.28378378378379,35
17.3867228661749,14.0260950605778,0.577731092436975,0.620300751879699,10.1159114857745,25.5532139093783,1.84404636459431,3.53003161222339,0.201680672268908,3.0566534914361,4.48075909330522,0.527148128624143,1.95044807590933,0.445378151260504,0.679245283018868,4.73473684210526,24.5916666666667,22.7111111111111,21.8799682034976,0.530701754385965,0.567777777777778,11.1777777777778,27.1777777777778,4.48888888888889,4.97777777777778,0.348370927318296,6.2770322723744,9.71883993801196,0.996236440115121,1.85964135488156,0.319548872180451,0.576470588235294,5.34326923076923,25.3395683453237,28.7812321190158,24.3238616912016,0.549509366636931,0.599839615076183,6.29410642761778,15.7734121686058,3.37592981117681,5.8554262826626,0.520963425512935,2.60371959942775,4.73101869515452,0.305227012590614,1.31629149179702,0.256913470115968,0.638888888888889,5.84134078212291,26.5751712328767,21.1627191633344,18.5784851811197,0.540540540540541,0.570480928689884,2.43002153183636,5.99815441402645,2.27622270070747,3.32205475238388,0.479279279279279,4.28417321621205,6.88696726374305,2.31624459542928,0.895614576899321,0.369369369369369,0.590243902439024,3.6636678200692,24.5860902255639,20.0789343857918,17.0899698665519,0.559602649006623,0.603857566765579,5.47607301430686,12.7775037000493,2.9600394671929,3.84805130735076,0.350993377483444,7.0970921636274,9.15805022156573,1.42786804529788,1.42786804529788,0.407284768211921,0.707317073170732,4.06275510204082,25.3896226415094,-32.9192546583851,35
16.5434906196703,14.4466700050075,0.53525641025641,0.567729083665339,9.06765207504264,21.6031836270608,2.13189312109153,2.55827174530984,0.662393162393162,2.59814418272662,4.30169199885288,0.401491253226269,2.26555778606252,0.11965811965812,0.535714285714286,7.8120253164557,25.2616129032258,15.1205936920223,11.8506493506494,0.558333333333333,0.590579710144928,2.41187384044527,5.65862708719852,0.742115027829314,3.43228200371058,0.425,2.4525682554373,2.49307479224377,0.184672206832872,3.32409972299169,0.358333333333333,0.511627906976744,4.27536231884058,25.6803921568627,37.5150784077202,31.3552891182273,0.546526054590571,0.594557449147883,6.18645528175082,15.3024297777012,4.29088402550405,8.54730311907634,0.503101736972705,3.8816527214698495,6.71848013816926,0.880829015544042,1.57167530224525,0.221464019851117,0.633053221288515,7.66042446941323,25.9474722564735,19.1168036704263,16.3937165775401,0.537170263788969,0.562570462232244,3.11603899827949,7.72318868285223,1.8160963486905,2.44695086981457,0.363309352517986,4.48870675688554,6.4804256936526,1.40630938806537,2.09045990117826,0.298561151079137,0.706827309236948,6.06817325800377,24.5356435643564,25.4985435805512,21.5697904310004,0.556338028169014,0.577235772357724,4.05556800358503,10.2621555007842,2.41989693031593,3.20412278736276,0.500541711809317,5.37055723735845,8.70736086175943,1.61579892280072,1.32405745062837,0.24160346695558,0.659192825112108,4.9119305856833,25.7887445887446,-24.099378881987576,35
18.7811508835523,16.3565732978941,0.569546120058565,0.584626234132581,9.71907566832805,24.2863615768011,2.06162211146353,1.29134571816946,0.587115666178624,2.22803228373309,3.55920602327173,0.182523385808807,1.57426420260096,0.0834553440702781,0.754385964912281,8.57517730496454,25.1605985037406,26.0242354298904,22.5619399051133,0.570605187319885,0.594986807387863,5.62608193883439,13.6757068667051,2.85631852279285,3.95268320830929,0.380403458213257,2.55116748342462,4.11866359447005,0.806451612903226,1.6705069124424,0.19164265129683,0.736842105263158,8.9793023255814,25.2068181818182,33.9692633810281,29.0546949098957,0.525,0.586983343615052,9.34463875640346,23.8827062356474,3.88623918035683,8.53206147323794,0.388028169014085,2.69983181375587,4.06316536550745,0.28388928317956,1.18878637331441,0.141549295774648,0.691542288557214,10.1010356731876,25.9308529945554,18.394528437725,16.7764189401066,0.515723270440252,0.516161616161616,2.05183585313175,5.25557955363571,1.43988480921526,1.40388768898488,0.553459119496855,4.75512021371327,6.16848783926683,1.4099400775467,1.55093408530137,0.205450733752621,0.714285714285714,5.59342723004695,24.3723484848485,12.6088602801969,10.8629441624365,0.618811881188119,0.635496183206107,5.07383566830746,12.0030291556229,2.23400227186672,4.8466489965922,0.0198019801980198,8.65842055185538,12.9686304514155,1.79801071155318,1.26243305279265,0.698019801980198,0.765957446808511,3.23282828282828,35.625,9.128271685052994,35
21.7476270240089,19.5080370189966,0.552100840336135,0.582458770614693,9.68732551647125,23.5064209938582,3.85259631490787,4.77386934673367,0.369747899159664,3.59522487506941,5.35615681943678,0.82827167310878,2.84373274434014,0.32436974789916,0.621761658031088,4.99413333333333,25.3472727272727,18.8345950906171,15.8311868436695,0.526706231454006,0.560792349726776,3.07409956412021,7.29525120440468,1.58293186510668,3.0970406056435,0.580118694362018,3.07374698933364,4.15137614678899,0.18348623853211,1.00917431192661,0.166172106824926,0.696428571428571,7.32402826855124,24.7841025641026,22.6853146853147,18.4184914841849,0.575617283950617,0.591107871720117,5.25874125874126,12.9230769230769,1.98601398601399,2.62937062937063,0.503086419753086,5.82714665919597,9.0347923681257,0.813692480359147,1.45903479236813,0.240740740740741,0.730769230769231,5.30652173913044,25.6748466257669,20.7701283547258,15.3924566768603,0.622368421052632,0.648058252427185,2.56709451575263,6.22325943212758,1.59471022948269,3.38389731621937,0.0447368421052631,6.30927036965357,7.66563944530046,1.38674884437596,2.00308166409861,0.48421052631579,0.815217391304348,4.82699724517906,23.8,34.7245762711864,28.3425414364641,0.547403132728772,0.590843547224225,3.13559322033898,8.00847457627119,3.24152542372881,8.43220338983051,0.320692497938994,4.42534224769182,6.93174569423772,2.38145864341909,1.95619817137997,0.159934047815334,0.639175257731959,7.05995145631068,25.9560411311054,27.39726027397261,35
23.045154185022,22.4700633951632,0.495620437956204,0.535851472471191,9.22356828193832,22.1640969162996,4.873348017621151,5.67180616740088,0.433576642335766,2.72952853598015,4.03092214246273,0.358917725013805,1.8774157923799,0.297810218978102,0.553921568627451,6.30386597938144,26.1531986531987,28.989247311828,24.8056275453536,0.521333333333333,0.554166666666667,7.2258064516129,17.741935483871,3.0752688172043,4.17204301075269,0.527111111111111,2.0320395656381,3.5261234143195,0.107503762631692,1.29004515158031,0.164444444444444,0.621621621621622,7.98928571428572,26.8027027027027,27.6354568125142,23.2246798603027,0.551008303677343,0.606573705179283,6.37043754250737,15.279981863523,4.44343686238948,8.43346180004534,0.405693950177936,5.89700056593096,9.3128390596745,0.791139240506329,1.60488245931284,0.384341637010676,0.654320987654321,4.33033932135729,25.5669590643275,21.6501439078989,19.5478356768679,0.466898954703833,0.524844720496895,3.22993284298049,7.83498560921011,2.07866965142309,5.30860249440358,0.515679442508711,2.60674876059491,4.38259756877799,1.47152911068458,1.31158029430582,0.25609756097561,0.462585034013605,6.43848920863309,24.9719594594595,23.5198040016333,20.1431127012522,0.572649572649573,0.581818181818182,2.61331155573704,6.4924458962842,2.81747652102899,2.44997958350347,0.0683760683760683,8.30605564648118,11.5621156211562,1.5990159901599,1.2710127101271,0.403846153846154,0.740740740740741,7.21422018348624,24.36875,-2.941176470588232,35
22.8918476991357,21.7846153846154,0.483071342200726,0.527687296416938,9.43704741882738,23.4991824340107,3.31698201354824,5.04555010511563,0.448609431680774,2.31389505667874,3.99906454630496,0.280636108512629,1.54349859681946,0.186215235792019,0.564935064935065,8.57061403508772,26.499730458221,27.9497907949791,22.1976401179941,0.579365079365079,0.588888888888889,2.90794979079498,6.94560669456067,1.73640167364017,2.92887029288703,0.715219421101774,2.2448337354453,3.51357037660425,0.105196717862403,1.53587208079108,0.0821661998132586,0.625,8.36196721311475,25.7457516339869,17.2935246219465,15.80204778157,0.50402144772118,0.5440097799511,2.52035672741373,6.5141527723924,2.09383481969756,3.2570763861962,0.60857908847185,4.17151726814125,6.33009708737864,0.466019417475728,1.20388349514563,0.211796246648794,0.582278481012658,5.7986301369863,25.4277533039648,21.0283315844701,17.7110210099521,0.533540372670808,0.570205479452055,3.39979013641133,8.3105981112277,1.78384050367261,3.48373557187828,0.327950310559006,4.53638559277539,7.71332492643968,1.19798234552333,1.55527532576713,0.216149068322981,0.741379310344828,7.47042513863216,24.6606870229008,14.7028862478778,12.5449101796407,0.584394904458599,0.616809116809117,4.17657045840408,10.5263157894737,2.30899830220713,2.95415959252971,0.168789808917197,6.76615228082076,9.11246612466125,3.42140921409214,0.948509485094851,0.576433121019108,0.679558011049724,3.50114942528736,25.3716981132075,35.72418572418573,35
17.2879177377892,20.3775680177679,0.43040293040293,0.462068965517241,8.22622107969152,18.9588688946015,4.94858611825193,2.63496143958869,0.457875457875458,2.86819207218821,4.46024563671623,0.0,0.96961861667744,0.19047619047619,0.5,9.12972972972973,26.2592,13.1496881496882,11.8126272912424,0.542755344418052,0.559734513274336,2.80665280665281,6.808731808731809,1.81912681912682,1.87110187110187,0.589073634204276,2.23492723492724,3.01455301455301,0.38981288981289,1.92307692307692,0.209026128266033,0.602272727272727,6.0242774566474,24.354693877551,21.1071428571429,20.9076682316119,0.482394366197183,0.500853242320819,5.17857142857143,12.4285714285714,2.92857142857143,1.64285714285714,0.538732394366197,2.29390681003584,4.13669064748201,0.215827338129496,0.611510791366906,0.079225352112676,0.577777777777778,9.81564885496183,26.0016501650165,31.1526479750779,27.8197064989518,0.495408631772268,0.542785234899329,5.94296669063024,14.1385094656123,3.25904624970046,6.08674814282291,0.413223140495868,5.7673860911271,9.81521478281738,1.07991360691145,1.05591552675786,0.297520661157025,0.657407407407407,5.20453834115806,26.0566964285714,27.8307756117793,21.3946695874407,0.605381165919283,0.651456310679612,4.52094566569888,11.4475321443385,2.94483616756533,6.76068021567814,0.0089686098654708,9.28541753219776,13.1086142322097,2.24719101123596,1.33166874739908,0.665919282511211,0.717171717171717,3.58099547511312,25.975,-5.805100875523422,35
25.7260461925452,24.2009132420091,0.485310119695321,0.539054966248795,8.64395152069518,20.8781157100389,4.18477018065401,6.51726503544477,0.551686615886834,2.88977727013135,5.18028297581013,0.205385668644455,1.04974897307166,0.109902067464635,0.613861386138614,7.81359223300971,25.6246548323471,29.925187032419,27.6642018268813,0.49390243902439,0.541666666666667,6.88279301745636,16.6084788029925,4.28927680798005,7.13216957605985,0.469512195121951,2.93605374471262,4.61767626613704,0.446871896722939,1.53922542204568,0.117886178861789,0.586206896551724,7.9816091954023,26.365367965368,29.1217760365655,23.5772357723577,0.521428571428572,0.566195372750643,2.28534116878877,5.84394384590271,2.15475024485798,6.03983023179889,0.57,4.53951665578054,6.72982685396929,0.555374060764456,1.078079059131,0.197142857142857,0.652173913043478,5.77109634551495,25.9240601503759,29.9486369024101,23.9768076398363,0.58286252354049,0.631666666666667,3.16080600553141,7.82299486369024,4.06953773212169,6.47965231133939,0.278719397363465,6.46372800948804,9.41455696202532,1.58227848101266,1.54272151898734,0.32391713747646,0.686046511627907,5.76657963446475,24.5439189189189,17.8651059085842,13.5645933014354,0.670644391408115,0.666320166320166,2.70345596432553,6.77257525083612,2.39687848383501,4.23634336677815,0.0835322195704057,9.83149979111544,12.2460339549123,3.84080155858614,0.974116337322572,0.758949880668258,0.742138364779874,2.37135416666667,25.8885714285714,-21.819819819819813,35
31.2139708375721,29.2204899777283,0.490552325581395,0.56141975308642,14.9203119701594,34.4354018311292,6.01898948796202,9.51169888097661,0.46656976744186,2.00305550840265,3.39904826648538,0.203942895989123,1.54656696125085,0.157703488372093,0.525345622119816,8.15476839237057,27.6771028037383,17.1381031613977,13.3852428624397,0.650684931506849,0.658653846153846,6.11480865224626,14.891846921797,2.07986688851913,1.87188019966722,0.705479452054795,3.2398753894081,5.5578598092078,1.07839070924927,1.49315636665284,0.147260273972603,0.72093023255814,4.9046511627907,25.4946601941748,19.6196745291644,18.1658692185008,0.536876355748373,0.545223577235772,6.07057963064546,14.499908575608,2.83415615286158,2.5598829767782,0.254880694143167,4.09671532846715,5.91877617920233,1.00163904571116,4.17046075396103,0.341648590021692,0.653968253968254,5.04890829694323,26.1314893617021,24.3989953354862,22.1102362204724,0.539594843462247,0.570469798657718,6.49443846429853,15.2852529601722,3.80337280229638,4.52099031216362,0.259668508287293,6.46435625785599,10.6757728253055,1.294033069734,2.01294033069734,0.403314917127072,0.721461187214612,4.82985074626866,25.3248226950355,22.4188790560472,17.3280159521436,0.603221083455344,0.634146341463415,3.8121170864533696,9.1218515997277,2.04220558202859,4.90129339686862,0.216691068814056,7.47674154753801,9.96142500567279,1.52030859995462,1.56569094622192,0.546120058565154,0.702412868632708,3.23102803738318,24.6210884353742,-14.802130898021304,35
18.7811508835523,16.3565732978941,0.569546120058565,0.584626234132581,9.71907566832805,24.2863615768011,2.06162211146353,1.29134571816946,0.587115666178624,2.22803228373309,3.55920602327173,0.182523385808807,1.57426420260096,0.0834553440702781,0.754385964912281,8.57517730496454,25.1605985037406,33.9692633810281,29.0546949098957,0.525,0.586983343615052,9.34463875640346,23.8827062356474,3.88623918035683,8.53206147323794,0.388028169014085,2.69983181375587,4.06316536550745,0.28388928317956,1.18878637331441,0.141549295774648,0.691542288557214,10.1010356731876,25.9308529945554,18.2061579651941,15.6091676718938,0.579824561403509,0.584192439862543,4.36412315930388,10.8701472556894,1.74029451137885,0.69611780455154,0.773684210526316,4.65768050180168,7.87653006918574,0.904736562001064,1.78286322511974,0.115789473684211,0.636363636363636,4.81860465116279,26.0192743764172,18.394528437725,16.7764189401066,0.515723270440252,0.516161616161616,2.05183585313175,5.25557955363571,1.43988480921526,1.40388768898488,0.553459119496855,4.75512021371327,6.16848783926683,1.4099400775467,1.55093408530137,0.205450733752621,0.714285714285714,5.59342723004695,24.3723484848485,21.0404087320019,20.8955223880597,0.522727272727273,0.555147058823529,5.34138411518811,13.2837900603809,4.50534138411519,5.94519275429633,0.298295454545455,9.24721189591078,14.5513714551371,1.58066015806602,1.85960018596002,0.380681818181818,0.626865671641791,4.23562753036437,26.2504761904762,-21.621621621621628,34
36.5298745481608,29.1936978683967,0.571939586645469,0.617028985507246,8.95173293642356,20.7314480119073,4.25260472039124,6.3576440569849,0.623211446740859,3.31586265910793,5.81145071028842,0.645716745587602,1.72191132156694,0.127186009538951,0.65,7.97426160337553,27.2099489795918,28.6625897367721,24.2960204794042,0.526881720430108,0.56984126984127,4.20101036958256,10.582291943632,2.6322786492954,6.83328901887796,0.415770609318996,3.56004250797024,4.77833820015928,1.32731616671091,1.59277940005309,0.225806451612903,0.582010582010582,6.85910020449898,25.6239193083573,30.8054841473865,27.8871147419235,0.494718309859155,0.528676470588235,4.45586975149957,11.3967437874893,3.04198800342759,10.0685518423308,0.265845070422535,4.62032085561497,6.83468603161042,0.897052541648868,1.62323793250748,0.309859154929577,0.715909090909091,6.06043165467626,25.8251655629139,15.0355653666912,16.2045060658579,0.50294695481336,0.53304347826087,9.39416237429482,22.6391954868776,4.26784400294334,3.6055923473142,0.483300589390963,5.07352941176471,8.32721038452119,1.73891746265001,2.42468772961058,0.24950884086444,0.582677165354331,5.4212927756654,24.983606557377,20.4030226700252,16.9794849410738,0.574750830564784,0.588662790697675,5.23929471032746,13.551637279597,2.26700251889169,5.13853904282116,0.0099667774086378,7.82586814292904,9.50226244343891,1.91050779286073,1.15635997988939,0.691029900332226,0.677884615384615,3.15906040268456,24.5666666666667,-8.73180873180874,34
14.5865434001027,12.7289170246439,0.550102249488753,0.563492063492064,4.4427324088341,10.9912686183873,1.51515151515152,0.950179763739086,0.425357873210634,2.93552108704012,4.04402354747888,0.895828001023803,3.07141028922447,0.323108384458078,0.664556962025316,4.77615658362989,24.6129807692308,17.6280572219659,15.2459016393443,0.54140127388535,0.570149253731343,6.32210429164744,15.5053068758653,1.70742962621135,2.3534840793724,0.54140127388535,3.678852383155951,5.61484918793504,1.39211136890951,4.03712296983759,0.347133757961783,0.642201834862385,3.85,24.8485207100592,31.7832764505119,27.5095057034221,0.536815068493151,0.572419106317411,7.5938566552901,18.6433447098976,3.19965870307167,6.37798634812287,0.291095890410959,3.94230769230769,6.63527397260274,0.98458904109589,2.37585616438356,0.248287671232877,0.668965517241379,8.07125603864734,26.0382352941176,25.2068394925538,20.4695524578136,0.576923076923077,0.595052083333333,3.69553226696084,9.15609487038058,1.90292333149476,2.45449531163817,0.465659340659341,4.08078572416655,5.93949486538995,0.499583680266445,1.66527893422148,0.328296703296703,0.690376569037657,4.452442159383031,25.3395280235988,25.6727664155005,21.8016291327264,0.552941176470588,0.597744360902256,3.39074273412271,7.58880516684607,3.01399354144241,7.21205597416577,0.341176470588235,6.92162671694048,11.266846361186,3.8274932614555297,1.23989218328841,0.352941176470588,0.725,5.51383928571429,25.926724137931,54.52151009657595,34
23.045154185022,22.4700633951632,0.495620437956204,0.535851472471191,9.22356828193832,22.1640969162996,4.873348017621151,5.67180616740088,0.433576642335766,2.72952853598015,4.03092214246273,0.358917725013805,1.8774157923799,0.297810218978102,0.553921568627451,6.30386597938144,26.1531986531987,28.989247311828,24.8056275453536,0.521333333333333,0.554166666666667,7.2258064516129,17.741935483871,3.0752688172043,4.17204301075269,0.527111111111111,2.0320395656381,3.5261234143195,0.107503762631692,1.29004515158031,0.164444444444444,0.621621621621622,7.98928571428572,26.8027027027027,13.256351039261,13.6792452830189,0.467741935483871,0.470491803278689,3.14087759815243,7.71362586605081,1.98614318706697,2.63279445727483,0.43010752688172,4.18583256669733,4.85570316078791,0.778744846541457,1.60329821346771,0.448028673835125,0.624,2.82138364779874,24.6475,27.6354568125142,23.2246798603027,0.551008303677343,0.606573705179283,6.37043754250737,15.279981863523,4.44343686238948,8.43346180004534,0.405693950177936,5.89700056593096,9.3128390596745,0.791139240506329,1.60488245931284,0.384341637010676,0.654320987654321,4.33033932135729,25.5669590643275,15.8068057080132,13.7496155029222,0.557228915662651,0.576,2.81741675814124,7.061836809367,2.6344676180022,3.80534211489206,0.147590361445783,9.63436928702011,11.3262696382901,4.01899890390939,1.24223602484472,0.707831325301205,0.634042553191489,2.42650176678445,25.6591836734694,-3.0780780780780788,34
26.7361794216014,21.502313990744,0.581510934393638,0.610502283105023,13.240212472949,31.7529018296282,2.36081054495377,4.36749950816447,0.558648111332008,2.54865158549837,4.28571428571429,0.972222222222222,2.08333333333333,0.129224652087475,0.715384615384615,9.34977477477478,27.1811387900356,24.3819844226211,23.5889570552147,0.53125,0.545454545454545,11.8862174060278,28.9536065018625,3.6911615306468,2.60751777853031,0.078525641025641,3.25518637206949,5.00672043010753,0.705645161290323,2.78897849462366,0.309294871794872,0.642487046632124,7.66765217391304,26.1061224489796,26.0419013291282,22.9647630619684,0.515826494724502,0.574425574425574,3.06375309754449,7.36652399189007,3.04122550123902,7.47916197341744,0.337631887456038,4.30433805349517,6.63825969948419,0.538237272931151,1.0540479928235,0.343493552168816,0.614334470989761,6.48371681415929,26.24375,25.6307692307692,19.8063623789765,0.621035058430718,0.64175654853621,3.93846153846154,9.10769230769231,2.09230769230769,3.50769230769231,0.502504173622705,4.89230769230769,8.06153846153846,0.861538461538462,1.41538461538462,0.340567612687813,0.784313725490196,3.7724832214765103,25.9232558139535,30.0800609988563,24.5305770887166,0.571912013536379,0.599544072948328,5.01334349980938,12.1044605413649,2.07777354174609,5.87113991612657,0.274111675126904,5.13894175866007,7.73470163435956,0.798175598631699,1.33029266438617,0.285109983079526,0.732937685459941,7.48135198135198,25.4586419753086,12.757437070938224,34
19.5890045369629,19.604190919674,0.470967741935484,0.521306818181818,6.40512409927942,15.6391780090739,3.709634374166,5.25753936482519,0.314516129032258,3.07344332091538,4.72273812682409,1.27354736004245,2.28177235340939,0.345161290322581,0.574766355140187,5.86776470588235,25.3837696335079,17.5115207373272,18.1357649442756,0.45578231292517,0.484076433121019,4.3778801843318,10.5990783410138,2.53456221198157,2.41935483870968,0.523809523809524,3.09633027522936,3.19634703196347,1.14155251141553,3.53881278538813,0.312925170068027,0.586956521739131,4.47285714285714,26.938961038961,15.4392764857881,11.8845500848896,0.589473684210526,0.606598984771574,2.2609819121447,5.81395348837209,0.839793281653747,1.09819121447028,0.842105263157895,2.41312741312741,3.58974358974359,0.384615384615385,1.41025641025641,0.0578947368421052,0.545454545454545,8.06,25.0746835443038,18.8028169014085,18.7347931873479,0.479007633587786,0.490808823529412,3.09859154929577,7.53521126760563,2.53521126760563,1.61971830985916,0.709923664122137,2.46045694200352,3.50877192982456,0.771929824561404,0.912280701754386,0.122137404580153,0.71875,8.06973684210526,25.9704301075269,16.5785381026439,15.3284671532847,0.494824016563147,0.5205078125,3.51477449455677,8.33592534992224,1.74183514774495,1.95956454121306,0.494824016563147,3.80907960199005,5.34659620764688,0.55952751010258,1.02580043518806,0.265010351966874,0.5859375,5.43155737704918,24.9686192468619,-9.064969271290591,34
15.6942823803967,15.9212571231221,0.49331550802139,0.513427109974425,7.07895760404512,17.1917541812524,2.74212368728121,1.65305328665889,0.544117647058824,3.31454121306376,5.98523124757093,0.408083948698018,1.04935872522347,0.121657754010695,0.538461538461538,10.4856304985337,26.2796068796069,16.7555217060168,17.8933153274814,0.44131455399061,0.478260869565217,5.78827113480579,14.4706778370145,2.66565118050267,2.81797410510282,0.422535211267606,2.24505327245053,3.87832699619772,0.228136882129278,0.91254752851711,0.366197183098592,0.576923076923077,3.82682926829268,27.5411111111111,15.6914893617021,16.1092793217146,0.476190476190476,0.500850340136055,4.49468085106383,11.0372340425532,2.57978723404255,2.47340425531915,0.648351648351648,3.7903976592632,6.27826549614259,1.33014099494546,1.80899175312583,0.201465201465201,0.572727272727273,5.23489583333333,26.5635593220339,19.4563662374821,15.495608531995,0.600973236009732,0.616780045351474,2.14592274678112,5.1859799713877,1.931330472103,2.61087267525036,0.469586374695864,6.25,8.47517730496454,1.38297872340426,2.30496453900709,0.369829683698297,0.730263157894737,3.24862385321101,26.0145077720207,22.5772928033255,23.5484617164007,0.457125603864734,0.480641592920354,4.18290465055859,10.0025980774227,2.9618082618862,4.28682774746688,0.411835748792271,5.63836681788723,8.04449042938438,2.61251939989653,1.13812726332126,0.230676328502415,0.638743455497382,6.35605749486653,25.9266862170088,-21.08651911468813,34
35.8542319749216,33.0060292850991,0.520590253946465,0.562732919254658,12.5,29.6042319749216,6.05407523510972,7.24921630094044,0.286890871654084,4.17485265225933,7.26950354609929,1.0441292356186,1.39873916469661,0.247083047357584,0.572222222222222,7.05553416746872,26.4557416267943,27.9497907949791,22.1976401179941,0.579365079365079,0.588888888888889,2.90794979079498,6.94560669456067,1.73640167364017,2.92887029288703,0.715219421101774,2.2448337354453,3.51357037660425,0.105196717862403,1.53587208079108,0.0821661998132586,0.625,8.36196721311475,25.7457516339869,29.0588882773803,26.49450023912,0.536319612590799,0.567741935483871,6.54925701706109,16.1805173362686,4.89818381948266,6.38414969730325,0.372881355932203,3.41786108048512,4.63832136940917,0.607399226946438,1.54610712313639,0.309927360774818,0.6015625,6.07644787644788,26.5519480519481,21.0283315844701,17.7110210099521,0.533540372670808,0.570205479452055,3.39979013641133,8.3105981112277,1.78384050367261,3.48373557187828,0.327950310559006,4.53638559277539,7.71332492643968,1.19798234552333,1.55527532576713,0.216149068322981,0.741379310344828,7.47042513863216,24.6606870229008,14.7028862478778,12.5449101796407,0.584394904458599,0.616809116809117,4.17657045840408,10.5263157894737,2.30899830220713,2.95415959252971,0.168789808917197,6.76615228082076,9.11246612466125,3.42140921409214,0.948509485094851,0.576433121019108,0.679558011049724,3.50114942528736,25.3716981132075,-21.001367053998635,34
17.1032357473035,12.8820466379896,0.639008620689655,0.666,3.08166409861325,7.421674370826911,1.82331792501284,2.2085259373395,0.691810344827586,2.7064981488574,3.85884742320386,1.5993907083016,3.07184564610307,0.135775862068966,0.793650793650794,7.17412587412588,25.3725,26.2206572769953,24.1742361684558,0.512779552715655,0.547783251231527,8.49765258215962,19.7652582159624,3.73239436619718,4.17840375586855,0.45580404685836,2.87998119195956,5.06239698610784,0.894749234753944,1.43630798210502,0.193823216187433,0.615384615384615,7.35714285714286,26.3570093457944,31.9318392294869,25.6886823763691,0.60874897792314,0.637956748695004,5.74180403778478,13.7062418966475,3.8525652898684895,5.2787553250602,0.438266557645135,2.91747707696582,5.42793627269359,0.222304557243424,1.07447202667655,0.278822567457073,0.686217008797654,7.71703056768559,26.2165413533835,17.6934635612322,15.1333333333333,0.537804878048781,0.555424528301887,2.0473328324568,4.95867768595041,1.12697220135237,1.35236664162284,0.547560975609756,4.75654376583169,6.76663542642924,1.2933458294283,1.14339268978444,0.189024390243902,0.774193548387097,6.69164420485175,25.9233707865169,26.8581759742869,21.6619318181818,0.626539753639418,0.65603532875368,8.49738850944154,20.148654077943,4.05785456006428,5.80554439533949,0.174692049272116,9.78359335681933,14.2223118821868,0.524510792818237,0.968327617510591,0.522956326987682,0.69593147751606,4.36689280868385,25.9711538461538,32.108869432813094,34
34.4923154446964,29.8407000224366,0.510999083409716,0.560330578512397,7.98689846308894,19.9294532627866,3.12421264802217,7.2814310909549,0.438130155820348,2.19974715549937,4.03450900786602,0.532859680284192,2.30905861456483,0.29147571035747,0.591194968553459,6.00880913539967,26.7225941422594,17.1061093247588,14.4827586206897,0.563725490196078,0.586666666666667,4.18006430868167,10.1607717041801,1.80064308681672,3.08681672025723,0.67156862745098,1.4819587628866,2.45319561007101,0.774693350548741,1.67850225952227,0.186274509803922,0.552631578947369,4.71492537313433,27.2686131386861,14.6081247435371,14.787701317716,0.485197368421053,0.511494252873563,3.89823553549446,9.76610586787033,2.29790726302831,4.02133771029955,0.338815789473684,3.62704918032787,5.07572656569791,0.941465411379452,1.8829308227589,0.276315789473684,0.595238095238095,8.5726368159204,25.2844660194175,21.6280735259012,19.02842596521,0.517543859649123,0.553855569155447,2.57818095010742,6.37383623776558,1.90976366674624,4.41632847935068,0.326585695006748,4.37990954534635,6.43247092333254,0.712081652029433,2.18371706622359,0.388663967611336,0.670138888888889,4.4813627254509,25.395867768595,19.6644295302013,18.9516129032258,0.506410256410256,0.534671532846715,2.28187919463087,5.36912751677852,3.6912751677852302,6.04026845637584,0.0854700854700854,10.3230103230103,13.2848645076008,1.18968935888962,2.57766027759418,0.645299145299145,0.589403973509934,3.1714953271028,28.605,-17.348678601875534,34
19.5890045369629,19.604190919674,0.470967741935484,0.521306818181818,6.40512409927942,15.6391780090739,3.709634374166,5.25753936482519,0.314516129032258,3.07344332091538,4.72273812682409,1.27354736004245,2.28177235340939,0.345161290322581,0.574766355140187,5.86776470588235,25.3837696335079,16.5785381026439,15.3284671532847,0.494824016563147,0.5205078125,3.51477449455677,8.33592534992224,1.74183514774495,1.95956454121306,0.494824016563147,3.80907960199005,5.34659620764688,0.55952751010258,1.02580043518806,0.265010351966874,0.5859375,5.43155737704918,24.9686192468619,35.8929898439435,31.3426329555362,0.507321274763135,0.554957724827056,7.0349269259351,16.8689621005697,3.41837998513748,7.70374040128809,0.303186907838071,4.24159742031502,7.10382513661202,0.521609538002981,1.8628912071535,0.281653746770026,0.669724770642202,6.34907292954265,26.6538461538462,17.6252319109462,16.0792079207921,0.473765432098765,0.508021390374332,1.85528756957328,4.22077922077922,1.53061224489796,4.96289424860853,0.466049382716049,7.24838411819021,8.91544117647059,3.67647058823529,2.80330882352941,0.364197530864198,0.652542372881356,5.33526011560694,24.1933774834437,17.967072297781,14.5736434108527,0.615044247787611,0.630653266331658,4.9033643521832495,11.7036506800286,2.57695060844667,4.76020042949177,0.0825958702064896,8.29451809387316,10.6169296987088,3.51506456241033,1.75753228120517,0.710914454277286,0.726141078838174,2.98102893890675,26.5214285714286,-15.522388059701498,34
19.7867029725437,18.0204081632653,0.49633431085044,0.556338028169014,7.9192194236442,19.0152030859995,2.3144996596324,5.5139550714772,0.478005865102639,2.36934587915202,4.3271409152696,0.385138196647032,1.58586316266425,0.175953079178886,0.583333333333333,7.11938202247191,25.5371165644172,24.9627421758569,21.9350563286945,0.534777651083238,0.551381215469613,3.60158966716344,8.42026825633383,2.18579234972678,1.83805265772479,0.630558722919042,3.05552105328531,5.01863354037267,0.745341614906832,1.24223602484472,0.080957810718358,0.676056338028169,11.5509259259259,25.073731884058,23.1333839534295,20.2445652173913,0.550561797752809,0.583652618135377,5.26449000253101,12.7056441407239,2.83472538597823,4.04960769425462,0.306179775280899,4.14089130160333,6.34760705289673,0.277078085642317,1.7632241813602,0.293539325842697,0.708133971291866,5.82105263157895,25.8366972477064,21.959548200683,20.2696420269642,0.521052631578947,0.554376657824934,3.44102968216443,8.40556868925663,3.09955345416338,5.20094562647754,0.359398496240602,5.80357142857143,9.45129955368863,1.57521659228144,1.65397742189551,0.281203007518797,0.668449197860963,5.37089201877934,24.5937238493724,27.7294303797468,19.1866527632951,0.702233250620347,0.72119341563786,3.16455696202532,7.3575949367088604,2.61075949367089,7.75316455696203,0.0,7.67253312240459,9.2131277184658,4.03321470937129,0.909450375642546,0.789081885856079,0.742138364779874,2.56129032258065,0.0,-19.09633418584825,34
24.162633107454,19.9210029194573,0.58029197080292,0.605442176870748,6.98935140367861,17.0377541142304,2.53630203291384,3.11713455953533,0.720542231491137,3.3074684772066,5.32555879494655,1.55490767735666,1.39941690962099,0.10740354535975,0.718446601941748,7.06455223880597,26.0400868306802,32.0421728168691,28.6813854567551,0.51520572450805,0.55622009569378,6.55512262204905,16.6628466651387,3.71304148521659,7.38024295209718,0.320214669051878,4.20919830255763,6.54269972451791,0.436179981634527,1.67584940312213,0.268336314847943,0.676666666666667,7.35631578947368,26.0650837988827,36.4528301886792,30.6823841939233,0.537201365187713,0.582471089470481,8.13207547169811,21.0943396226415,3.94339622641509,8.30188679245283,0.496928327645051,5.89515518546556,10.9149582384207,0.721336370539104,1.44267274107821,0.227986348122867,0.724550898203593,7.54436906377205,26.6873626373626,16.2832929782082,13.9850825785828,0.546637744034707,0.561586638830898,3.87409200968523,10.3208232445521,1.39225181598063,1.1501210653753,0.681127982646421,5.58921538927598,8.79320800485143,1.54639175257732,1.09157064887811,0.164859002169197,0.697368421052632,5.37959183673469,25.321974522293,18.573996405033,14.0560165975104,0.650246305418719,0.670995670995671,2.69622528460156,7.18993409227082,2.39664469742361,3.654883163571,0.0147783251231527,7.04898446833931,8.7552114353782,2.50148898153663,1.07206670637284,0.714285714285714,0.710344827586207,3.1375,36.2,-8.319327731092429,34
35.3138330286411,31.9250066015316,0.503937007874016,0.564390243902439,11.0907982937233,26.2644728823888,5.63680682510664,9.71968312004875,0.32058492688414,3.13503593821685,5.2502302732576,0.368437212158428,1.87288916180534,0.293588301462317,0.628352490421456,6.14056291390729,26.6385964912281,18.8345950906171,15.8311868436695,0.526706231454006,0.560792349726776,3.07409956412021,7.29525120440468,1.58293186510668,3.0970406056435,0.580118694362018,3.07374698933364,4.15137614678899,0.18348623853211,1.00917431192661,0.166172106824926,0.696428571428571,7.32402826855124,24.7841025641026,22.6853146853147,18.4184914841849,0.575617283950617,0.591107871720117,5.25874125874126,12.9230769230769,1.98601398601399,2.62937062937063,0.503086419753086,5.82714665919597,9.0347923681257,0.813692480359147,1.45903479236813,0.240740740740741,0.730769230769231,5.30652173913044,25.6748466257669,34.7245762711864,28.3425414364641,0.547403132728772,0.590843547224225,3.13559322033898,8.00847457627119,3.24152542372881,8.43220338983051,0.320692497938994,4.42534224769182,6.93174569423772,2.38145864341909,1.95619817137997,0.159934047815334,0.639175257731959,7.05995145631068,25.9560411311054,20.4629319020463,16.0633484162896,0.603248259860789,0.634095634095634,2.18047635021805,5.53505535055351,2.9520295202952,4.26031533042603,0.120649651972158,9.15327978580991,10.550918196995,2.83806343906511,1.20200333889816,0.563805104408353,0.744855967078189,3.53087071240106,24.8365384615385,23.325722983257226,34
17.5386640342218,18.4804341616681,0.476190476190476,0.50188679245283,10.3981572885818,25.4359986837776,3.84995064165844,2.27048371174729,0.442460317460317,1.89082538638606,2.79329608938548,0.328623069339468,1.90601380216891,0.212301587301587,0.588785046728972,6.78113879003559,26.1062780269058,19.8321554770318,18.3034008406572,0.487277353689567,0.523310023310023,3.57773851590106,8.48056537102474,2.20848056537103,3.6660777385159,0.473282442748092,3.52578228294403,4.4415127528584,0.439753737906772,1.89094107299912,0.282442748091603,0.477477477477478,5.7231884057971,25.2145161290323,31.2308478038815,28.7248322147651,0.522912423625255,0.546470062555853,8.01838610827375,18.8968335035751,4.21348314606742,7.9417773237998,0.311608961303462,4.67134652201659,7.78259760142894,0.433784128604236,1.17376881857617,0.410386965376782,0.607940446650124,4.28757396449704,25.5313725490196,28.2746160794941,27.1259842519685,0.481655691439323,0.520066889632107,8.53658536585366,19.8509485094851,4.17795844625113,6.82023486901536,0.26340545625588,5.66080288678394,8.85135135135135,1.41891891891892,2.09459459459459,0.26340545625588,0.646428571428572,7.76257982120051,26.245,18.9612015018773,18.2299947005829,0.477011494252874,0.513559322033898,4.81852315394243,11.8898623279099,3.06633291614518,4.38047559449312,0.199233716475096,6.87070580886946,8.16708229426434,0.997506234413965,1.05985037406484,0.394636015325671,0.58252427184466,4.94736842105263,25.9519230769231,12.388059701492535,34
16.0658307210031,19.1308346746379,0.45945945945946,0.492788461538462,11.6509926854754,28.8401253918495,5.43364681295716,4.02298850574713,0.304504504504505,3.06748466257669,5.29611270545265,0.417427602400209,1.72188885990086,0.315315315315315,0.657142857142857,5.84170984455959,26.2207100591716,32.0165745856354,27.0102600811262,0.543252595155709,0.591983556012333,7.26519337016575,17.7900552486188,4.41988950276243,6.93370165745856,0.312572087658593,2.3543990086741,3.04693933571233,0.164699423552018,1.2901454844908,0.204152249134948,0.621468926553672,7.48238255033557,25.4833333333333,10.4025327905925,12.6939912455233,0.391050583657588,0.418181818181818,2.66847580280416,6.73903211216644,1.99004975124378,1.80913613749435,0.525291828793774,2.54791431792559,3.86690647482014,0.719424460431655,1.0341726618705,0.140077821011673,0.5,7.11229508196721,24.5255639097744,21.8009478672986,18.9813526301141,0.576254826254826,0.594827586206897,4.42338072669826,10.5845181674566,3.22274881516588,4.51816745655608,0.424710424710425,6.93896861693739,10.3274559193955,0.692695214105794,1.51133501259446,0.299227799227799,0.670967741935484,4.47181208053691,25.0931818181818,17.8651059085842,13.5645933014354,0.670644391408115,0.666320166320166,2.70345596432553,6.77257525083612,2.39687848383501,4.23634336677815,0.0835322195704057,9.83149979111544,12.2460339549123,3.84080155858614,0.974116337322572,0.758949880668258,0.742138364779874,2.37135416666667,25.8885714285714,-39.376876876876864,34
32.1934945788157,27.0101195952162,0.562180579216354,0.599063962558502,10.5504587155963,24.9791492910759,3.9407839866555503,5.31693077564637,0.450596252129472,2.23685585868088,3.50031439949696,0.23055963110459,1.90735694822888,0.178875638841567,0.614285714285714,8.11720930232558,26.25,22.9111307942132,19.5044807590933,0.555926544240401,0.583458646616541,6.34780041334514,15.5890168290523,2.21434898139947,4.57632122822557,0.474123539232053,3.00963676797628,4.82430017867779,0.982727814175104,1.697438951757,0.323873121869783,0.644329896907217,4.66095238095238,24.9195035460993,17.8612059158134,14.675540765391,0.593833780160858,0.606958762886598,5.99165718619644,13.8414865377323,2.04778156996587,1.28934395145999,0.785522788203753,4.11374407582938,6.21683093252464,0.45489006823351,0.985595147839272,0.158176943699732,0.745762711864407,2.97875,25.4122866894198,22.0907297830375,18.2296890672016,0.595161290322581,0.607751937984496,3.12764158918005,7.60777683854607,2.3105100028177,1.63426317272471,0.659677419354839,3.8472418670438495,6.39023004828174,0.397614314115308,0.795228628230616,0.164516129032258,0.666666666666667,5.13364928909953,24.7524509803922,23.1868824889636,15.9179145867998,0.70625,0.720915032679739,3.32142106369561,8.03027117931469,2.03910027328148,5.82299768761825,0.0078125,8.37443593241683,12.1961441743504,1.52975691533948,1.61357921207041,0.6625,0.778301886792453,3.39653543307087,25.42,-30.11796042617962,33
28.7812321190158,24.3238616912016,0.549509366636931,0.599839615076183,6.29410642761778,15.7734121686058,3.37592981117681,5.8554262826626,0.520963425512935,2.60371959942775,4.73101869515452,0.305227012590614,1.31629149179702,0.256913470115968,0.638888888888889,5.84134078212291,26.5751712328767,15.3846153846154,14.6605581007913,0.516791044776119,0.545150501672241,4.57763095799906,11.090136857008,2.5011798017933,3.25625294950448,0.388059701492537,2.93979303857009,4.07876230661041,0.70323488045007,2.01593999062354,0.436567164179104,0.581196581196581,3.49146341463415,24.7336538461539,15.5150487494701,12.9525942515864,0.533101045296167,0.571875,1.6532428995337,4.23908435777872,1.14455277660025,3.22170411191183,0.533101045296167,3.57142857142857,4.29835651074589,0.842815002107038,1.60134850400337,0.358885017421603,0.611650485436893,2.65597014925373,24.221568627451,16.7060212514758,16.9406150583245,0.49031007751938,0.511754068716094,3.6599763872491113,9.14994096812279,2.5383707201889,2.44982290436836,0.527131782945737,3.48529411764706,5.68581477139508,0.937866354044549,1.40679953106682,0.236434108527132,0.5,6.02991803278689,26.0077205882353,20.0789343857918,17.0899698665519,0.559602649006623,0.603857566765579,5.47607301430686,12.7775037000493,2.9600394671929,3.84805130735076,0.350993377483444,7.0970921636274,9.15805022156573,1.42786804529788,1.42786804529788,0.407284768211921,0.707317073170732,4.06275510204082,25.3896226415094,-1.4239365537130482,33
28.8701246481705,24.0652135388978,0.543264942016057,0.579656862745098,8.10213108162445,19.2601527945316,2.77442702050663,4.94571773220748,0.354148082069581,2.63608008854009,4.3705941591138,0.664652567975831,1.83282980866062,0.189116859946476,0.641509433962264,9.79406077348066,26.0682619647355,22.6526891522334,23.693729903537,0.505415162454874,0.530416221985059,10.4147675478578,23.0856882406563,5.51504102096627,5.30993618960802,0.350180505415162,4.18652144315861,6.03253502033439,0.835969272480795,2.39493899683687,0.38748495788207,0.645962732919255,5.35148148148148,25.2164948453608,22.0852221214869,15.9327461969576,0.633982947624848,0.666301969365427,3.71713508612874,8.73980054397099,1.4687216681777,3.88032638259293,0.272838002436054,3.71074305367002,5.63787495482472,0.668594145283701,1.53595952294904,0.517661388550548,0.717647058823529,4.05276381909548,25.325,16.2393162393162,14.3044275609117,0.532710280373832,0.562244897959184,2.77040966696139,6.42499263188918,1.65045682287062,4.0377247273799,0.317757009345794,3.40046701692936,5.37727666955768,2.68863833477884,1.38768430182134,0.448598130841122,0.640625,4.23458904109589,24.6110294117647,38.4230055658627,29.1612057667104,0.627292736610418,0.664198325820992,13.2838589981447,30.9461966604824,4.26716141001855,8.36734693877551,0.242112986060161,8.28072781284813,12.8576737272389,0.836120401337793,2.35971757710888,0.312545854732208,0.71830985915493,5.94472410454985,28.7139393939394,10.579710144927532,33
16.0658307210031,19.1308346746379,0.45945945945946,0.492788461538462,11.6509926854754,28.8401253918495,5.43364681295716,4.02298850574713,0.304504504504505,3.06748466257669,5.29611270545265,0.417427602400209,1.72188885990086,0.315315315315315,0.657142857142857,5.84170984455959,26.2207100591716,32.0165745856354,27.0102600811262,0.543252595155709,0.591983556012333,7.26519337016575,17.7900552486188,4.41988950276243,6.93370165745856,0.312572087658593,2.3543990086741,3.04693933571233,0.164699423552018,1.2901454844908,0.204152249134948,0.621468926553672,7.48238255033557,25.4833333333333,29.1217760365655,23.5772357723577,0.521428571428572,0.566195372750643,2.28534116878877,5.84394384590271,2.15475024485798,6.03983023179889,0.57,4.53951665578054,6.72982685396929,0.555374060764456,1.078079059131,0.197142857142857,0.652173913043478,5.77109634551495,25.9240601503759,29.9486369024101,23.9768076398363,0.58286252354049,0.631666666666667,3.16080600553141,7.82299486369024,4.06953773212169,6.47965231133939,0.278719397363465,6.46372800948804,9.41455696202532,1.58227848101266,1.54272151898734,0.32391713747646,0.686046511627907,5.76657963446475,24.5439189189189,17.8651059085842,13.5645933014354,0.670644391408115,0.666320166320166,2.70345596432553,6.77257525083612,2.39687848383501,4.23634336677815,0.0835322195704057,9.83149979111544,12.2460339549123,3.84080155858614,0.974116337322572,0.758949880668258,0.742138364779874,2.37135416666667,25.8885714285714,28.2936507936508,33
23.045154185022,22.4700633951632,0.495620437956204,0.535851472471191,9.22356828193832,22.1640969162996,4.873348017621151,5.67180616740088,0.433576642335766,2.72952853598015,4.03092214246273,0.358917725013805,1.8774157923799,0.297810218978102,0.553921568627451,6.30386597938144,26.1531986531987,28.989247311828,24.8056275453536,0.521333333333333,0.554166666666667,7.2258064516129,17.741935483871,3.0752688172043,4.17204301075269,0.527111111111111,2.0320395656381,3.5261234143195,0.107503762631692,1.29004515158031,0.164444444444444,0.621621621621622,7.98928571428572,26.8027027027027,27.6354568125142,23.2246798603027,0.551008303677343,0.606573705179283,6.37043754250737,15.279981863523,4.44343686238948,8.43346180004534,0.405693950177936,5.89700056593096,9.3128390596745,0.791139240506329,1.60488245931284,0.384341637010676,0.654320987654321,4.33033932135729,25.5669590643275,16.9876733436055,14.5809224665234,0.552374301675978,0.570504527813713,3.37057010785824,8.43605546995378,2.09938366718028,2.42681047765794,0.502793296089386,4.33233850004814,5.3320500481232,0.962463907603465,2.23291626564004,0.35195530726257,0.623015873015873,2.98314606741573,24.8359331476323,15.8068057080132,13.7496155029222,0.557228915662651,0.576,2.81741675814124,7.061836809367,2.6344676180022,3.80534211489206,0.147590361445783,9.63436928702011,11.3262696382901,4.01899890390939,1.24223602484472,0.707831325301205,0.634042553191489,2.42650176678445,25.6591836734694,2.8174603174603163,33
32.1934945788157,27.0101195952162,0.562180579216354,0.599063962558502,10.5504587155963,24.9791492910759,3.9407839866555503,5.31693077564637,0.450596252129472,2.23685585868088,3.50031439949696,0.23055963110459,1.90735694822888,0.178875638841567,0.614285714285714,8.11720930232558,26.25,22.9111307942132,19.5044807590933,0.555926544240401,0.583458646616541,6.34780041334514,15.5890168290523,2.21434898139947,4.57632122822557,0.474123539232053,3.00963676797628,4.82430017867779,0.982727814175104,1.697438951757,0.323873121869783,0.644329896907217,4.66095238095238,24.9195035460993,17.8612059158134,14.675540765391,0.593833780160858,0.606958762886598,5.99165718619644,13.8414865377323,2.04778156996587,1.28934395145999,0.785522788203753,4.11374407582938,6.21683093252464,0.45489006823351,0.985595147839272,0.158176943699732,0.745762711864407,2.97875,25.4122866894198,12.4610591900312,10.448275862069,0.560885608856089,0.569395017793594,2.9595015576324,7.43769470404985,0.856697819314642,1.16822429906542,0.819188191881919,4.83495145631068,7.66847405112316,0.774593338497289,1.62664601084431,0.132841328413284,0.75,4.08571428571429,24.7207207207207,23.1868824889636,15.9179145867998,0.70625,0.720915032679739,3.32142106369561,8.03027117931469,2.03910027328148,5.82299768761825,0.0078125,8.37443593241683,12.1961441743504,1.52975691533948,1.61357921207041,0.6625,0.778301886792453,3.39653543307087,25.42,23.26864535768645,33
16.0649819494585,15.7501334757074,0.504115226337449,0.525590551181102,6.9193742478941,16.9073405535499,2.46690734055355,1.62454873646209,0.802469135802469,3.5446079903875,5.57888422315537,1.01979604079184,2.81943611277744,0.0823045267489712,0.55,7.95625,26.6528205128205,28.7812321190158,24.3238616912016,0.549509366636931,0.599839615076183,6.29410642761778,15.7734121686058,3.37592981117681,5.8554262826626,0.520963425512935,2.60371959942775,4.73101869515452,0.305227012590614,1.31629149179702,0.256913470115968,0.638888888888889,5.84134078212291,26.5751712328767,31.9318392294869,25.6886823763691,0.60874897792314,0.637956748695004,5.74180403778478,13.7062418966475,3.8525652898684895,5.2787553250602,0.438266557645135,2.91747707696582,5.42793627269359,0.222304557243424,1.07447202667655,0.278822567457073,0.686217008797654,7.71703056768559,26.2165413533835,16.7060212514758,16.9406150583245,0.49031007751938,0.511754068716094,3.6599763872491113,9.14994096812279,2.5383707201889,2.44982290436836,0.527131782945737,3.48529411764706,5.68581477139508,0.937866354044549,1.40679953106682,0.236434108527132,0.5,6.02991803278689,26.0077205882353,27.700205338809,22.5341706686369,0.592003853564547,0.612624886466848,5.25667351129363,13.305954825462,2.4435318275154,3.05954825462012,0.309248554913295,7.56328462646635,11.4892739273927,1.07260726072607,1.25825082508251,0.261078998073218,0.660516605166052,6.45620641562064,25.9619937694704,29.22705314009663,33
32.1934945788157,27.0101195952162,0.562180579216354,0.599063962558502,10.5504587155963,24.9791492910759,3.9407839866555503,5.31693077564637,0.450596252129472,2.23685585868088,3.50031439949696,0.23055963110459,1.90735694822888,0.178875638841567,0.614285714285714,8.11720930232558,26.25,30.2341597796143,23.4256160632796,0.605987055016181,0.645066273932253,8.16115702479339,19.8347107438017,3.16804407713499,5.09641873278237,0.409385113268608,2.99204427533725,4.27380125086866,0.104239054899236,2.71021542738013,0.145631067961165,0.533333333333333,7.75205479452055,26.9782608695652,15.769770706598,12.719836400818,0.569288389513109,0.583044982698962,3.18203088441741,7.72110435189518,1.07627515208236,2.15255030416472,0.565543071161049,3.02044609665428,3.7378864790032313,0.738347946469774,1.47669589293955,0.370786516853933,0.636363636363636,2.42931034482759,24.2686666666667,12.4610591900312,10.448275862069,0.560885608856089,0.569395017793594,2.9595015576324,7.43769470404985,0.856697819314642,1.16822429906542,0.819188191881919,4.83495145631068,7.66847405112316,0.774593338497289,1.62664601084431,0.132841328413284,0.75,4.08571428571429,24.7207207207207,23.1868824889636,15.9179145867998,0.70625,0.720915032679739,3.32142106369561,8.03027117931469,2.03910027328148,5.82299768761825,0.0078125,8.37443593241683,12.1961441743504,1.52975691533948,1.61357921207041,0.6625,0.778301886792453,3.39653543307087,25.42,1.904761904761898,33
35.8542319749216,33.0060292850991,0.520590253946465,0.562732919254658,12.5,29.6042319749216,6.05407523510972,7.24921630094044,0.286890871654084,4.17485265225933,7.26950354609929,1.0441292356186,1.39873916469661,0.247083047357584,0.572222222222222,7.05553416746872,26.4557416267943,27.9497907949791,22.1976401179941,0.579365079365079,0.588888888888889,2.90794979079498,6.94560669456067,1.73640167364017,2.92887029288703,0.715219421101774,2.2448337354453,3.51357037660425,0.105196717862403,1.53587208079108,0.0821661998132586,0.625,8.36196721311475,25.7457516339869,17.2935246219465,15.80204778157,0.50402144772118,0.5440097799511,2.52035672741373,6.5141527723924,2.09383481969756,3.2570763861962,0.60857908847185,4.17151726814125,6.33009708737864,0.466019417475728,1.20388349514563,0.211796246648794,0.582278481012658,5.7986301369863,25.4277533039648,21.0283315844701,17.7110210099521,0.533540372670808,0.570205479452055,3.39979013641133,8.3105981112277,1.78384050367261,3.48373557187828,0.327950310559006,4.53638559277539,7.71332492643968,1.19798234552333,1.55527532576713,0.216149068322981,0.741379310344828,7.47042513863216,24.6606870229008,21.8779790276454,16.4235097957482,0.692307692307692,0.70398773006135,4.95710200190658,11.3918017159199,3.24118207816969,5.767397521449,0.0,9.60371295965726,12.5980508676016,2.11552174946518,1.28357499405752,0.785714285714286,0.734265734265734,2.51684981684982,0.0,43.78624689312343,33
15.6942823803967,15.9212571231221,0.49331550802139,0.513427109974425,7.07895760404512,17.1917541812524,2.74212368728121,1.65305328665889,0.544117647058824,3.31454121306376,5.98523124757093,0.408083948698018,1.04935872522347,0.121657754010695,0.538461538461538,10.4856304985337,26.2796068796069,20.9946396664681,17.4553101997897,0.557522123893805,0.581395348837209,3.06730196545563,7.50446694460989,1.90589636688505,2.62060750446695,0.584070796460177,2.70714926712534,4.35697115384615,0.420673076923077,0.78125,0.233628318584071,0.689393939393939,4.64851063829787,26.5830303030303,17.7014852690528,17.9027027027027,0.471955128205128,0.516358463726885,4.86973459946433,12.3934745556367,3.04358412466521,4.50450450450451,0.358974358974359,3.57099477711648,4.92001938923897,0.99369849733398,1.89045079980611,0.317307692307692,0.702020202020202,6.27425,25.8410714285714,23.767258382643,23.9760903254372,0.492924528301887,0.513874066168623,3.74753451676529,9.4181459566075,3.59960552268245,4.98027613412229,0.369103773584906,4.55833435998522,7.78133464663876,0.46786505786752,0.886481162275302,0.275943396226415,0.705128205128205,6.15663551401869,26.0095846645367,22.5772928033255,23.5484617164007,0.457125603864734,0.480641592920354,4.18290465055859,10.0025980774227,2.9618082618862,4.28682774746688,0.411835748792271,5.63836681788723,8.04449042938438,2.61251939989653,1.13812726332126,0.230676328502415,0.638743455497382,6.35605749486653,25.9266862170088,-26.47058823529412,33
22.8918476991357,21.7846153846154,0.483071342200726,0.527687296416938,9.43704741882738,23.4991824340107,3.31698201354824,5.04555010511563,0.448609431680774,2.31389505667874,3.99906454630496,0.280636108512629,1.54349859681946,0.186215235792019,0.564935064935065,8.57061403508772,26.499730458221,35.8542319749216,33.0060292850991,0.520590253946465,0.562732919254658,12.5,29.6042319749216,6.05407523510972,7.24921630094044,0.286890871654084,4.17485265225933,7.26950354609929,1.0441292356186,1.39873916469661,0.247083047357584,0.572222222222222,7.05553416746872,26.4557416267943,27.9497907949791,22.1976401179941,0.579365079365079,0.588888888888889,2.90794979079498,6.94560669456067,1.73640167364017,2.92887029288703,0.715219421101774,2.2448337354453,3.51357037660425,0.105196717862403,1.53587208079108,0.0821661998132586,0.625,8.36196721311475,25.7457516339869,21.0283315844701,17.7110210099521,0.533540372670808,0.570205479452055,3.39979013641133,8.3105981112277,1.78384050367261,3.48373557187828,0.327950310559006,4.53638559277539,7.71332492643968,1.19798234552333,1.55527532576713,0.216149068322981,0.741379310344828,7.47042513863216,24.6606870229008,21.8779790276454,16.4235097957482,0.692307692307692,0.70398773006135,4.95710200190658,11.3918017159199,3.24118207816969,5.767397521449,0.0,9.60371295965726,12.5980508676016,2.11552174946518,1.28357499405752,0.785714285714286,0.734265734265734,2.51684981684982,0.0,0.8962623951182422,32
16.0658307210031,19.1308346746379,0.45945945945946,0.492788461538462,11.6509926854754,28.8401253918495,5.43364681295716,4.02298850574713,0.304504504504505,3.06748466257669,5.29611270545265,0.417427602400209,1.72188885990086,0.315315315315315,0.657142857142857,5.84170984455959,26.2207100591716,29.925187032419,27.6642018268813,0.49390243902439,0.541666666666667,6.88279301745636,16.6084788029925,4.28927680798005,7.13216957605985,0.469512195121951,2.93605374471262,4.61767626613704,0.446871896722939,1.53922542204568,0.117886178861789,0.586206896551724,7.9816091954023,26.365367965368,29.1217760365655,23.5772357723577,0.521428571428572,0.566195372750643,2.28534116878877,5.84394384590271,2.15475024485798,6.03983023179889,0.57,4.53951665578054,6.72982685396929,0.555374060764456,1.078079059131,0.197142857142857,0.652173913043478,5.77109634551495,25.9240601503759,29.9486369024101,23.9768076398363,0.58286252354049,0.631666666666667,3.16080600553141,7.82299486369024,4.06953773212169,6.47965231133939,0.278719397363465,6.46372800948804,9.41455696202532,1.58227848101266,1.54272151898734,0.32391713747646,0.686046511627907,5.76657963446475,24.5439189189189,17.8651059085842,13.5645933014354,0.670644391408115,0.666320166320166,2.70345596432553,6.77257525083612,2.39687848383501,4.23634336677815,0.0835322195704057,9.83149979111544,12.2460339549123,3.84080155858614,0.974116337322572,0.758949880668258,0.742138364779874,2.37135416666667,25.8885714285714,-12.857142857142849,32
21.7476270240089,19.5080370189966,0.552100840336135,0.582458770614693,9.68732551647125,23.5064209938582,3.85259631490787,4.77386934673367,0.369747899159664,3.59522487506941,5.35615681943678,0.82827167310878,2.84373274434014,0.32436974789916,0.621761658031088,4.99413333333333,25.3472727272727,18.8345950906171,15.8311868436695,0.526706231454006,0.560792349726776,3.07409956412021,7.29525120440468,1.58293186510668,3.0970406056435,0.580118694362018,3.07374698933364,4.15137614678899,0.18348623853211,1.00917431192661,0.166172106824926,0.696428571428571,7.32402826855124,24.7841025641026,28.0779826234372,23.1945467943994,0.56440511307768,0.596715328467153,7.81945327399873,19.0506463233736,3.58126721763085,4.1958041958042,0.411012782694199,4.44208289054198,7.58900021317416,0.596887657215945,1.70539330633127,0.248770894788594,0.675889328063241,7.0550918196995,25.7114832535885,22.6853146853147,18.4184914841849,0.575617283950617,0.591107871720117,5.25874125874126,12.9230769230769,1.98601398601399,2.62937062937063,0.503086419753086,5.82714665919597,9.0347923681257,0.813692480359147,1.45903479236813,0.240740740740741,0.730769230769231,5.30652173913044,25.6748466257669,34.7245762711864,28.3425414364641,0.547403132728772,0.590843547224225,3.13559322033898,8.00847457627119,3.24152542372881,8.43220338983051,0.320692497938994,4.42534224769182,6.93174569423772,2.38145864341909,1.95619817137997,0.159934047815334,0.639175257731959,7.05995145631068,25.9560411311054,-12.148337595907948,32
14.7814910025707,13.5539568345324,0.529761904761905,0.534883720930233,3.14910025706941,7.7120822622108,1.31748071979434,0.674807197943445,0.735714285714286,1.48148148148148,2.32408005164622,0.419625564880568,1.64622336991607,0.1,0.642857142857143,8.19009009009009,25.5511326860841,38.6388583973655,33.4471822395706,0.53609756097561,0.589689857502096,10.5104281009879,25.4390779363337,4.91218441273326,10.8397365532382,0.469268292682927,5.63671444321941,10.2159468438538,0.581395348837209,2.4640088593577,0.154146341463415,0.708860759493671,8.90422794117647,27.0983367983368,28.3490294061119,23.5334833016093,0.556412729026037,0.615189873417722,8.07226600038439,19.142802229483,3.40188352873342,7.0344032289064,0.51205400192864,3.15920875744191,5.14296680099789,0.422183841872961,1.55440414507772,0.189971070395371,0.695431472081218,6.88241106719368,26.8847457627119,15.1156387665198,12.6391293593866,0.596551724137931,0.603296703296703,2.47797356828194,6.33259911894273,1.54185022026432,1.23898678414097,0.72183908045977,3.39892665474061,4.59422283356259,0.63273727647868,1.59559834938102,0.204597701149425,0.606741573033708,3.37107438016529,25.037898089172,17.1671896010758,12.5151883353584,0.721973094170404,0.719924812030075,2.5997310623039,6.81308830121022,1.92738682205289,4.39264903630659,0.0134529147982062,6.02733587273135,8.5573476702509,2.28494623655914,1.38888888888889,0.807174887892377,0.805555555555556,2.57909090909091,26.4,55.467720685112,32
15.6942823803967,15.9212571231221,0.49331550802139,0.513427109974425,7.07895760404512,17.1917541812524,2.74212368728121,1.65305328665889,0.544117647058824,3.31454121306376,5.98523124757093,0.408083948698018,1.04935872522347,0.121657754010695,0.538461538461538,10.4856304985337,26.2796068796069,25.9574468085106,24.1118669690098,0.466666666666667,0.53914590747331,8.34042553191489,20.3404255319149,3.23404255319149,7.82978723404255,0.233333333333333,3.86740331491713,5.94227504244482,0.424448217317487,1.10356536502547,0.354166666666667,0.647058823529412,6.92228260869565,26.6410714285714,17.7014852690528,17.9027027027027,0.471955128205128,0.516358463726885,4.86973459946433,12.3934745556367,3.04358412466521,4.50450450450451,0.358974358974359,3.57099477711648,4.92001938923897,0.99369849733398,1.89045079980611,0.317307692307692,0.702020202020202,6.27425,25.8410714285714,19.4563662374821,15.495608531995,0.600973236009732,0.616780045351474,2.14592274678112,5.1859799713877,1.931330472103,2.61087267525036,0.469586374695864,6.25,8.47517730496454,1.38297872340426,2.30496453900709,0.369829683698297,0.730263157894737,3.24862385321101,26.0145077720207,22.5772928033255,23.5484617164007,0.457125603864734,0.480641592920354,4.18290465055859,10.0025980774227,2.9618082618862,4.28682774746688,0.411835748792271,5.63836681788723,8.04449042938438,2.61251939989653,1.13812726332126,0.230676328502415,0.638743455497382,6.35605749486653,25.9266862170088,-2.2576636288318213,32
31.2139708375721,29.2204899777283,0.490552325581395,0.56141975308642,14.9203119701594,34.4354018311292,6.01898948796202,9.51169888097661,0.46656976744186,2.00305550840265,3.39904826648538,0.203942895989123,1.54656696125085,0.157703488372093,0.525345622119816,8.15476839237057,27.6771028037383,20.8960573476703,18.869123252859,0.533536585365854,0.557581573896353,5.23297491039427,12.5089605734767,2.65232974910394,2.36559139784946,0.58739837398374,2.86280158444364,4.88422575976845,0.397973950795948,1.48335745296671,0.136178861788618,0.537313432835821,8.63103448275862,25.7695501730104,19.6196745291644,18.1658692185008,0.536876355748373,0.545223577235772,6.07057963064546,14.499908575608,2.83415615286158,2.5598829767782,0.254880694143167,4.09671532846715,5.91877617920233,1.00163904571116,4.17046075396103,0.341648590021692,0.653968253968254,5.04890829694323,26.1314893617021,29.2787944025834,22.7866128649418,0.572834645669291,0.618451025056948,2.47578040904198,6.0010764262648,2.20667384284177,6.83530678148547,0.509186351706037,3.46774193548387,5.74650912996778,0.349087003222342,1.34264232008593,0.18503937007874,0.617021276595745,7.36711229946524,25.1723514211886,19.4422310756972,16.5232358003442,0.558974358974359,0.5635103926097,2.50996015936255,5.89641434262948,1.87250996015936,3.86454183266932,0.0025641025641025,9.33333333333333,11.7296222664016,2.0675944333996,1.35188866799205,0.707692307692308,0.626811594202899,2.97249357326478,26.3,23.69140214420854,32
38.021836865767504,34.9364289662797,0.494017946161515,0.533605812897366,11.1111111111111,26.8143866409762,5.36287732819525,7.3538856775851,0.52642073778664,3.73651151554196,5.97738287560582,0.420032310177706,1.74474959612278,0.176470588235294,0.542372881355932,6.80715789473684,27.6292220113852,20.7573632538569,15.6074014481094,0.599125364431487,0.619047619047619,2.80504908835905,6.9658719027583,1.49602618045816,1.82328190743338,0.530612244897959,2.6488513830286,4.18429713211095,0.329102021626704,1.26939351198872,0.0903790087463556,0.774193548387097,11.4919254658385,25.2624309392265,14.6081247435371,14.787701317716,0.485197368421053,0.511494252873563,3.89823553549446,9.76610586787033,2.29790726302831,4.02133771029955,0.338815789473684,3.62704918032787,5.07572656569791,0.941465411379452,1.8829308227589,0.276315789473684,0.595238095238095,8.5726368159204,25.2844660194175,31.1526479750779,27.8197064989518,0.495408631772268,0.542785234899329,5.94296669063024,14.1385094656123,3.25904624970046,6.08674814282291,0.413223140495868,5.7673860911271,9.81521478281738,1.07991360691145,1.05591552675786,0.297520661157025,0.657407407407407,5.20453834115806,26.0566964285714,21.0337972166998,17.2950536146662,0.590778097982709,0.63126491646778,1.94831013916501,4.7713717693837,3.220675944334,6.36182902584493,0.0057636887608069,9.21859545004946,12.5196850393701,2.16535433070866,0.551181102362205,0.62536023054755,0.714285714285714,4.1104347826087,23.4,-6.01341120484534,32
25.7260461925452,24.2009132420091,0.485310119695321,0.539054966248795,8.64395152069518,20.8781157100389,4.18477018065401,6.51726503544477,0.551686615886834,2.88977727013135,5.18028297581013,0.205385668644455,1.04974897307166,0.109902067464635,0.613861386138614,7.81359223300971,25.6246548323471,14.3799472295515,14.3021914648212,0.455555555555556,0.50462962962963,4.35356200527705,10.0263852242744,2.11081794195251,5.0131926121372,0.533333333333333,3.82081686429513,5.39473684210526,0.526315789473684,3.15789473684211,0.2,0.777777777777778,5.93571428571429,25.6333333333333,21.5960665658094,17.7926421404682,0.553684210526316,0.575604838709677,2.57186081694402,6.46747352496218,1.36157337367625,2.00453857791225,0.661052631578947,3.48550861905664,5.38899430740038,0.303605313092979,1.48007590132827,0.111578947368421,0.660377358490566,7.90931677018634,25.0663461538462,25.5037991410638,21.3186174847517,0.590150250417362,0.613057324840764,3.63396101750909,8.58936240502147,3.53485298975884,2.41162867525603,0.621035058430718,3.47797283868831,5.57954168050482,0.26569246097642,1.52773165061441,0.103505843071786,0.629032258064516,7.98370044052863,25.2040322580645,21.8009478672986,18.9813526301141,0.576254826254826,0.594827586206897,4.42338072669826,10.5845181674566,3.22274881516588,4.51816745655608,0.424710424710425,6.93896861693739,10.3274559193955,0.692695214105794,1.51133501259446,0.299227799227799,0.670967741935484,4.47181208053691,25.0931818181818,-8.972719522591646,32
31.2139708375721,29.2204899777283,0.490552325581395,0.56141975308642,14.9203119701594,34.4354018311292,6.01898948796202,9.51169888097661,0.46656976744186,2.00305550840265,3.39904826648538,0.203942895989123,1.54656696125085,0.157703488372093,0.525345622119816,8.15476839237057,27.6771028037383,19.6196745291644,18.1658692185008,0.536876355748373,0.545223577235772,6.07057963064546,14.499908575608,2.83415615286158,2.5598829767782,0.254880694143167,4.09671532846715,5.91877617920233,1.00163904571116,4.17046075396103,0.341648590021692,0.653968253968254,5.04890829694323,26.1314893617021,23.9003305364861,20.7896497880883,0.535301668806162,0.558333333333333,2.33918128654971,5.92423086702263,2.33918128654971,3.78845664886855,0.441591784338896,3.42021614748888,4.62868769074262,0.940996948118006,1.32248219735504,0.333761232349166,0.611538461538462,4.58850574712644,24.7440233236152,18.3417085427136,14.4766146993318,0.558035714285714,0.584,2.38693467336683,5.77889447236181,0.628140703517588,4.14572864321608,0.241071428571429,5.32581453634085,6.25,2.0,1.125,0.455357142857143,0.725490196078431,4.81647058823529,23.7307692307692,22.4188790560472,17.3280159521436,0.603221083455344,0.634146341463415,3.8121170864533696,9.1218515997277,2.04220558202859,4.90129339686862,0.216691068814056,7.47674154753801,9.96142500567279,1.52030859995462,1.56569094622192,0.546120058565154,0.702412868632708,3.23102803738318,24.6210884353742,5.569358178053818,32
8.10295519542421,15.5932203389831,0.331967213114754,0.34,15.8245948522402,36.7016205910391,5.62440419447093,0.667302192564347,0.0491803278688524,3.74940673943996,6.04914933837429,1.03969754253308,2.26843100189036,0.188524590163934,0.391304347826087,7.825,27.35,22.2627737226277,18.6581469648562,0.558467741935484,0.57824427480916,2.84671532846715,7.00729927007299,2.18978102189781,2.55474452554745,0.520161290322581,2.30600292825769,3.30396475770925,0.293685756240822,1.54185022026432,0.221774193548387,0.581818181818182,6.6546218487395,25.3201550387597,20.6395348837209,17.2680412371134,0.55045871559633,0.581967213114754,1.88953488372093,4.50581395348837,1.74418604651163,4.36046511627907,0.394495412844037,4.20594633792603,6.65701881331404,1.44717800289436,1.44717800289436,0.302752293577982,0.727272727272727,5.72878787878788,24.9139534883721,16.4502164502165,14.3828629717783,0.536023054755043,0.560321715817694,3.46320346320346,8.65800865800866,2.00708382526564,2.16450216450216,0.472622478386167,6.18131868131868,8.02348336594912,0.273972602739726,1.52641878669276,0.340057636887608,0.644067796610169,4.75956284153005,24.3018292682927,19.8412698412698,15.8628081457663,0.619148936170213,0.642292490118577,2.80830280830281,6.77655677655678,2.62515262515263,2.68620268620269,0.280851063829787,6.3738944800244,8.83607556368068,2.49847653869592,1.34064594759293,0.476595744680851,0.758928571428571,3.58402366863905,24.6227272727273,13.778931429807486,32
16.8082368082368,16.6939826738469,0.50556586270872,0.54242928452579,8.39124839124839,19.97425997426,2.88288288288288,3.5006435006435,0.324675324675325,2.77706351247107,4.67505779604418,0.282558438222451,2.02928332905215,0.215213358070501,0.698275862068966,9.35302197802198,26.5182857142857,13.0451866404715,11.2399016508606,0.536585365853659,0.555369127516779,3.33988212180747,7.66208251473477,0.864440078585462,1.06090373280943,0.693379790940767,3.45635618043351,5.16304347826087,0.543478260869565,1.47515527950311,0.209059233449477,0.683333333333333,4.31704545454545,24.4050251256281,26.0419013291282,22.9647630619684,0.515826494724502,0.574425574425574,3.06375309754449,7.36652399189007,3.04122550123902,7.47916197341744,0.337631887456038,4.30433805349517,6.63825969948419,0.538237272931151,1.0540479928235,0.343493552168816,0.614334470989761,6.48371681415929,26.24375,30.0800609988563,24.5305770887166,0.571912013536379,0.599544072948328,5.01334349980938,12.1044605413649,2.07777354174609,5.87113991612657,0.274111675126904,5.13894175866007,7.73470163435956,0.798175598631699,1.33029266438617,0.285109983079526,0.732937685459941,7.48135198135198,25.4586419753086,25.1798561151079,21.2517897320515,0.577065351418002,0.610021786492375,2.4955035971223,5.64298561151079,2.76528776978417,5.35071942446043,0.485819975339088,5.29213483146067,8.55795148247979,3.2345013477089,1.21293800539084,0.228113440197287,0.691891891891892,6.76882494004796,26.2195431472081,13.608428446005265,32
31.2139708375721,29.2204899777283,0.490552325581395,0.56141975308642,14.9203119701594,34.4354018311292,6.01898948796202,9.51169888097661,0.46656976744186,2.00305550840265,3.39904826648538,0.203942895989123,1.54656696125085,0.157703488372093,0.525345622119816,8.15476839237057,27.6771028037383,20.8960573476703,18.869123252859,0.533536585365854,0.557581573896353,5.23297491039427,12.5089605734767,2.65232974910394,2.36559139784946,0.58739837398374,2.86280158444364,4.88422575976845,0.397973950795948,1.48335745296671,0.136178861788618,0.537313432835821,8.63103448275862,25.7695501730104,29.2787944025834,22.7866128649418,0.572834645669291,0.618451025056948,2.47578040904198,6.0010764262648,2.20667384284177,6.83530678148547,0.509186351706037,3.46774193548387,5.74650912996778,0.349087003222342,1.34264232008593,0.18503937007874,0.617021276595745,7.36711229946524,25.1723514211886,24.3989953354862,22.1102362204724,0.539594843462247,0.570469798657718,6.49443846429853,15.2852529601722,3.80337280229638,4.52099031216362,0.259668508287293,6.46435625785599,10.6757728253055,1.294033069734,2.01294033069734,0.403314917127072,0.721461187214612,4.82985074626866,25.3248226950355,22.4188790560472,17.3280159521436,0.603221083455344,0.634146341463415,3.8121170864533696,9.1218515997277,2.04220558202859,4.90129339686862,0.216691068814056,7.47674154753801,9.96142500567279,1.52030859995462,1.56569094622192,0.546120058565154,0.702412868632708,3.23102803738318,24.6210884353742,-6.617647058823536,32
32.1934945788157,27.0101195952162,0.562180579216354,0.599063962558502,10.5504587155963,24.9791492910759,3.9407839866555503,5.31693077564637,0.450596252129472,2.23685585868088,3.50031439949696,0.23055963110459,1.90735694822888,0.178875638841567,0.614285714285714,8.11720930232558,26.25,36.6911130284728,30.7809523809524,0.531439393939394,0.57443915703603,7.63589301121657,19.1328731665229,3.21397756686799,7.80845556514236,0.479545454545455,3.47957639939486,5.73841489822434,0.368124729320052,2.05716760502382,0.190151515151515,0.605577689243028,8.39475982532751,26.4044233807267,29.2787944025834,22.7866128649418,0.572834645669291,0.618451025056948,2.47578040904198,6.0010764262648,2.20667384284177,6.83530678148547,0.509186351706037,3.46774193548387,5.74650912996778,0.349087003222342,1.34264232008593,0.18503937007874,0.617021276595745,7.36711229946524,25.1723514211886,17.8612059158134,14.675540765391,0.593833780160858,0.606958762886598,5.99165718619644,13.8414865377323,2.04778156996587,1.28934395145999,0.785522788203753,4.11374407582938,6.21683093252464,0.45489006823351,0.985595147839272,0.158176943699732,0.745762711864407,2.97875,25.4122866894198,29.2314526876944,23.2971372161895,0.604304635761589,0.635748792270531,5.01999111505997,12.9498000888494,3.22079075966237,6.7747667703243,0.253863134657837,7.33607926082601,11.0466413746931,2.52175853604106,1.36130328051774,0.47682119205298,0.761574074074074,4.02115384615385,25.3230434782609,-3.748964374482185,31
31.2139708375721,29.2204899777283,0.490552325581395,0.56141975308642,14.9203119701594,34.4354018311292,6.01898948796202,9.51169888097661,0.46656976744186,2.00305550840265,3.39904826648538,0.203942895989123,1.54656696125085,0.157703488372093,0.525345622119816,8.15476839237057,27.6771028037383,19.8985343855693,15.9056698444556,0.562256809338521,0.613240418118467,3.38218714768884,7.7790304396843295,1.74746335963923,4.39684329199549,0.848249027237354,2.45346869712352,4.17607223476298,0.846501128668172,1.46726862302483,0.046692607003891,0.5,7.79230769230769,24.9720183486239,29.2787944025834,22.7866128649418,0.572834645669291,0.618451025056948,2.47578040904198,6.0010764262648,2.20667384284177,6.83530678148547,0.509186351706037,3.46774193548387,5.74650912996778,0.349087003222342,1.34264232008593,0.18503937007874,0.617021276595745,7.36711229946524,25.1723514211886,24.3989953354862,22.1102362204724,0.539594843462247,0.570469798657718,6.49443846429853,15.2852529601722,3.80337280229638,4.52099031216362,0.259668508287293,6.46435625785599,10.6757728253055,1.294033069734,2.01294033069734,0.403314917127072,0.721461187214612,4.82985074626866,25.3248226950355,20.6931702344546,16.1349134001823,0.625806451612903,0.630434782608696,3.87359836901121,9.68399592252803,1.63098878695209,1.32517838939857,0.490322580645161,5.23373983739837,8.10536980749747,1.31712259371834,2.02634245187437,0.309677419354839,0.6875,4.51898734177215,25.8697368421053,34.842995169082144,31
31.7757009345794,29.1790461297889,0.500772200772201,0.583879423328965,12.1142655616293,27.6847116910598,6.01304884500088,10.1922059601481,0.515830115830116,4.02400282386163,7.08355414237767,0.971559795089207,2.08443737855503,0.155212355212355,0.587064676616915,7.37145135566188,26.599251497006,19.672131147541,15.3729838709677,0.569607843137255,0.612190812720848,2.17637083097795,5.31373657433578,1.27190503109101,3.64612775579423,0.484313725490196,2.2756183745583,3.64715860899067,0.197907831495618,1.13090189426067,0.201960784313726,0.650485436893204,7.63726235741445,25.3935222672065,17.9442508710801,14.9026763990268,0.567961165048544,0.582579185520362,4.21602787456446,10.0696864111498,1.67247386759582,2.36933797909408,0.395631067961165,3.44409830391139,4.50481430536451,0.515818431911967,1.6162310866575,0.300970873786408,0.717741935483871,6.27791164658635,24.6136645962733,25.4791804362194,25.6563245823389,0.491564417177914,0.532458563535912,8.46001321877066,20.6543291473893,4.49438202247191,5.58493060145407,0.271472392638037,4.58216581506511,7.76060506412364,0.427490956922065,2.6635975008221,0.211656441717791,0.623188405797101,9.36231578947368,25.8225988700565,11.2914862914863,9.05283505154639,0.621848739495798,0.633603238866397,3.03030303030303,7.28715728715729,1.22655122655123,0.757575757575758,0.852941176470588,3.92651296829971,6.15107913669065,1.29496402877698,1.8705035971223,0.088235294117647,0.571428571428571,6.24285714285714,24.8581280788177,-49.03742158771361,31
25.7260461925452,24.2009132420091,0.485310119695321,0.539054966248795,8.64395152069518,20.8781157100389,4.18477018065401,6.51726503544477,0.551686615886834,2.88977727013135,5.18028297581013,0.205385668644455,1.04974897307166,0.109902067464635,0.613861386138614,7.81359223300971,25.6246548323471,32.0165745856354,27.0102600811262,0.543252595155709,0.591983556012333,7.26519337016575,17.7900552486188,4.41988950276243,6.93370165745856,0.312572087658593,2.3543990086741,3.04693933571233,0.164699423552018,1.2901454844908,0.204152249134948,0.621468926553672,7.48238255033557,25.4833333333333,29.925187032419,27.6642018268813,0.49390243902439,0.541666666666667,6.88279301745636,16.6084788029925,4.28927680798005,7.13216957605985,0.469512195121951,2.93605374471262,4.61767626613704,0.446871896722939,1.53922542204568,0.117886178861789,0.586206896551724,7.9816091954023,26.365367965368,29.1217760365655,23.5772357723577,0.521428571428572,0.566195372750643,2.28534116878877,5.84394384590271,2.15475024485798,6.03983023179889,0.57,4.53951665578054,6.72982685396929,0.555374060764456,1.078079059131,0.197142857142857,0.652173913043478,5.77109634551495,25.9240601503759,17.8651059085842,13.5645933014354,0.670644391408115,0.666320166320166,2.70345596432553,6.77257525083612,2.39687848383501,4.23634336677815,0.0835322195704057,9.83149979111544,12.2460339549123,3.84080155858614,0.974116337322572,0.758949880668258,0.742138364779874,2.37135416666667,25.8885714285714,-13.56262167423752,31
18.7811508835523,16.3565732978941,0.569546120058565,0.584626234132581,9.71907566832805,24.2863615768011,2.06162211146353,1.29134571816946,0.587115666178624,2.22803228373309,3.55920602327173,0.182523385808807,1.57426420260096,0.0834553440702781,0.754385964912281,8.57517730496454,25.1605985037406,14.929107589658,14.5998558038933,0.484615384615385,0.505649717514124,4.37864887406172,11.0508757297748,2.12677231025855,2.54378648874062,0.464615384615385,4.64152507252383,7.04283360790774,1.31795716639209,2.30642504118616,0.286153846153846,0.688172043010753,7.12873563218391,24.6841059602649,18.2061579651941,15.6091676718938,0.579824561403509,0.584192439862543,4.36412315930388,10.8701472556894,1.74029451137885,0.69611780455154,0.773684210526316,4.65768050180168,7.87653006918574,0.904736562001064,1.78286322511974,0.115789473684211,0.636363636363636,4.81860465116279,26.0192743764172,35.5339805825243,28.8208750245242,0.597864768683274,0.642298670836591,5.67421790722762,13.4843581445523,4.09924487594391,7.78856526429342,0.330960854092527,4.04280618311534,7.60398613518198,1.66811091854419,1.08318890814558,0.110320284697509,0.790322580645161,10.4723404255319,25.5088709677419,12.1486422105765,10.5892399658412,0.60427807486631,0.610047846889952,3.38256312529776,7.90852787041448,1.85802763220581,2.38208670795617,0.0106951871657754,5.26066350710901,7.35502121640736,1.36727958510137,1.32013201320132,0.438502673796791,0.804878048780488,5.99567567567568,44.4,19.34548467274233,31
45.6533725418122,34.3567251461988,0.568538647342995,0.631701030927835,8.91380260981437,22.6061385774674,3.36335232494027,12.2955339092079,0.26268115942029,3.49534261735682,5.77563865235098,1.42539800074047,2.42502776749352,0.253019323671498,0.701670644391408,8.25954135954136,26.0310344827586,31.7832764505119,27.5095057034221,0.536815068493151,0.572419106317411,7.5938566552901,18.6433447098976,3.19965870307167,6.37798634812287,0.291095890410959,3.94230769230769,6.63527397260274,0.98458904109589,2.37585616438356,0.248287671232877,0.668965517241379,8.07125603864734,26.0382352941176,25.2068394925538,20.4695524578136,0.576923076923077,0.595052083333333,3.69553226696084,9.15609487038058,1.90292333149476,2.45449531163817,0.465659340659341,4.08078572416655,5.93949486538995,0.499583680266445,1.66527893422148,0.328296703296703,0.690376569037657,4.452442159383031,25.3395280235988,16.6358167515039,13.5804997951659,0.578414839797639,0.587418300653595,2.66080518278575,6.31652012956964,1.18000925497455,1.0643220731143,0.6964586846543,3.3868916888221,4.71240471240471,0.900900900900901,1.82490182490183,0.158516020236088,0.574468085106383,6.32333333333333,25.2265206812652,25.6727664155005,21.8016291327264,0.552941176470588,0.597744360902256,3.39074273412271,7.58880516684607,3.01399354144241,7.21205597416577,0.341176470588235,6.92162671694048,11.266846361186,3.8274932614555297,1.23989218328841,0.352941176470588,0.725,5.51383928571429,25.926724137931,11.98945981554678,31
24.1573033707865,24.1869158878505,0.461538461538462,0.496434937611408,6.91443388072602,16.7675021607606,3.7165082108902303,5.4019014693172,0.437869822485207,2.92081350064907,4.54939341421144,1.47313691507799,1.8630849220104,0.31163708086785,0.550632911392405,5.21228070175439,26.2752252252252,15.7360406091371,16.0034602076125,0.464788732394366,0.5,2.53807106598985,6.09137055837563,3.04568527918782,3.04568527918782,0.415492957746479,3.56597045338767,4.49897750511247,0.408997955010225,1.6359918200409,0.309859154929577,0.568181818181818,4.67951807228916,25.1898305084746,13.256351039261,13.6792452830189,0.467741935483871,0.470491803278689,3.14087759815243,7.71362586605081,1.98614318706697,2.63279445727483,0.43010752688172,4.18583256669733,4.85570316078791,0.778744846541457,1.60329821346771,0.448028673835125,0.624,2.82138364779874,24.6475,19.772583701832,16.074357572444,0.576419213973799,0.601923076923077,2.40050536955148,5.68540745420089,2.14782059380922,4.48515476942514,0.314410480349345,6.68144395186827,9.65079365079365,0.380952380952381,2.0952380952381,0.51528384279476,0.669491525423729,3.30955414012739,24.9041666666667,15.8068057080132,13.7496155029222,0.557228915662651,0.576,2.81741675814124,7.061836809367,2.6344676180022,3.80534211489206,0.147590361445783,9.63436928702011,11.3262696382901,4.01899890390939,1.24223602484472,0.707831325301205,0.634042553191489,2.42650176678445,25.6591836734694,2.941176470588232,31
