"ShortName","TeamAbbreviation","GamesPlayed","Minutes","PlusMinus","OffPoss","Points","FG2M","FG2A","Fg2Pct","FG3M","FG3A","Fg3Pct","NonHeaveFg3Pct","FtPoints","PtsAssisted2s","PtsUnassisted2s","PtsAssisted3s","PtsUnassisted3s","Assisted2sPct","NonPutbacksAssisted2sPct","Assisted3sPct","FG3APct","ShotQualityAvg","EfgPct","TsPct","PtsPutbacks","Fg2aBlocked","FG2APctBlocked","Fg3aBlocked","FG3APctBlocked"
"Murray, Johnson, Braun, Gordon, Jokić","DEN",10,159,11.464920204757604,328,121.34146341463415,35.97560975609756,56.707317073170735,0.6344086021505376,9.146341463414634,33.53658536585366,0.2727272727272727,0.2727272727272727,21.951219512195124,43.292682926829265,28.658536585365855,22.865853658536587,4.573170731707317,0.6016949152542372,0.6513761467889908,0.8333333333333334,0.3716216216216216,0.5354192567567568,0.5506756756756757,0.5945945945945946,5.487804878048781,3.9634146341463414,0.06989247311827956,0,0
"Ingram, Poeltl, Barrett, Quickley, Barnes","TOR",11,152,3.1671249735592113,322,122.98136645962732,36.024844720496894,62.732919254658384,0.5742574257425742,10.869565217391305,28.88198757763975,0.3763440860215054,0.3763440860215054,18.322981366459626,44.72049689440994,27.32919254658385,27.018633540372672,5.590062111801243,0.6206896551724138,0.6728971962616822,0.8285714285714286,0.3152542372881356,0.5489271186440678,0.5711864406779661,0.6055045871559633,5.590062111801243,7.763975155279503,0.12376237623762376,0.3105590062111801,0.010752688172043012
"Turner, Trent Jr., Rollins, Green, Antetokounmpo","MIL",11,144,-6.178267308404287,292,117.8082191780822,26.36986301369863,47.945205479452056,0.55,16.095890410958905,36.986301369863014,0.4351851851851852,0.4351851851851852,16.78082191780822,22.602739726027398,30.136986301369863,43.15068493150685,5.136986301369863,0.42857142857142855,0.4852941176470588,0.8936170212765957,0.43548387096774194,0.5639477822580645,0.594758064516129,0.6056338028169014,6.164383561643835,4.4520547945205475,0.09285714285714286,0,0
"Okogie, Sengun, Smith Jr., Thompson, Durant","HOU",11,128,11.698243093591941,258,129.84496124031008,39.14728682170543,65.50387596899225,0.5976331360946746,10.852713178294573,25.58139534883721,0.42424242424242425,0.42424242424242425,18.992248062015506,38.75968992248062,39.53488372093023,29.069767441860463,3.488372093023256,0.49504950495049505,0.5434782608695652,0.8928571428571429,0.28085106382978725,0.5379195744680851,0.6085106382978723,0.640926640926641,6.976744186046512,4.651162790697675,0.07100591715976332,0,0
"Avdija, Sharpe, Camara, Clingan, Holiday","POR",12,120,0.2538948064240003,259,117.37451737451738,29.343629343629345,47.49034749034749,0.6178861788617886,13.8996138996139,43.62934362934363,0.3185840707964602,0.3185840707964602,16.98841698841699,32.432432432432435,26.254826254826256,34.74903474903475,6.94980694980695,0.5526315789473685,0.6268656716417911,0.8333333333333334,0.4788135593220339,0.5679582627118644,0.5508474576271186,0.5826923076923077,6.94980694980695,3.861003861003861,0.08130081300813008,0,0
"DiVincenzo, Edwards, McDaniels, Gobert, Randle","MIN",10,116,17.352492201499956,244,128.68852459016392,30.327868852459016,48.36065573770492,0.6271186440677966,15.98360655737705,39.34426229508197,0.40625,0.40625,20.081967213114755,30.327868852459016,30.327868852459016,38.114754098360656,9.836065573770492,0.5,0.5606060606060606,0.7948717948717948,0.4485981308411215,0.5571808411214954,0.6191588785046729,0.6548117154811716,6.557377049180328,1.639344262295082,0.03389830508474576,0,0
"Vassell, Champagnie, Wembanyama, Castle, Barnes","SAS",9,110,14.473684210526315,228,120.17543859649123,25,44.73684210526316,0.5588235294117647,16.666666666666668,36.8421052631579,0.4523809523809524,0.4523809523809524,20.17543859649123,22.80701754385965,27.19298245614035,46.05263157894737,3.9473684210526314,0.45614035087719296,0.5098039215686274,0.9210526315789473,0.45161290322580644,0.5691459677419355,0.6129032258064516,0.6431924882629108,5.2631578947368425,3.0701754385964914,0.06862745098039216,0,0
"Carter Jr., Bane, Wagner, Suggs, Banchero","ORL",9,101,19.229754682141916,223,125.11210762331838,32.73542600896861,52.91479820627803,0.6186440677966102,10.762331838565023,30.94170403587444,0.34782608695652173,0.34782608695652173,27.3542600896861,34.08071748878924,31.390134529147982,29.59641255605381,2.690582959641256,0.5205479452054794,0.5588235294117647,0.9166666666666666,0.3689839572192513,0.5641048387096774,0.5828877005347594,0.6405529953917051,4.484304932735426,5.381165919282512,0.1016949152542373,0,0
"Brown, White, Queta, Pritchard, Minott","BOS",11,92,5.746812386156648,180,117.22222222222223,35,60.55555555555556,0.5779816513761468,10.555555555555555,38.333333333333336,0.2753623188405797,0.2753623188405797,15.555555555555555,38.888888888888886,31.11111111111111,25,6.666666666666667,0.5555555555555556,0.603448275862069,0.7894736842105263,0.38764044943820225,0.5386075842696629,0.5140449438202247,0.5466321243523317,5.555555555555555,5,0.08256880733944955,0.5555555555555556,0.014492753623188406
"Powell, Mitchell, Larsson, Ware, Wiggins","MIA",7,90,-6.666666666666671,195,121.53846153846153,30.76923076923077,56.41025641025641,0.5454545454545454,14.871794871794872,37.94871794871795,0.3918918918918919,0.3918918918918919,15.384615384615385,28.71794871794872,32.82051282051282,38.46153846153846,6.153846153846154,0.4666666666666667,0.5283018867924528,0.8620689655172413,0.40217391304347827,0.5574339673913044,0.5625,0.592964824120603,7.17948717948718,5.641025641025641,0.1,0.5128205128205128,0.013513513513513514
"Sabonis, Westbrook, DeRozan, Schröder, LaVine","SAC",10,89,-18.368011285028345,193,104.14507772020725,25.38860103626943,55.44041450777202,0.45794392523364486,11.917098445595855,34.715025906735754,0.34328358208955223,0.34328358208955223,17.616580310880828,25.906735751295336,24.870466321243523,32.64248704663213,3.1088082901554404,0.5102040816326531,0.5813953488372093,0.9130434782608695,0.3850574712643678,0.532128323699422,0.47988505747126436,0.5181347150259067,6.217616580310881,6.217616580310881,0.11214953271028037,0,0
"Porter Jr., Mann, Claxton, Clowney, Dëmin","BKN",6,84,-12.142857142857139,168,117.85714285714286,22.61904761904762,48.80952380952381,0.4634146341463415,17.261904761904763,40.476190476190474,0.4264705882352941,0.4264705882352941,20.833333333333332,32.142857142857146,13.095238095238095,50,1.7857142857142858,0.7105263157894737,0.7714285714285715,0.9655172413793104,0.4533333333333333,0.5685556666666667,0.5433333333333333,0.5813253012048193,3.5714285714285716,4.761904761904762,0.0975609756097561,0,0
"Jackson Jr., Landale, Morant, Wells, Caldwell-Pope","MEM",11,82,-8.09754348215887,165,107.87878787878788,27.87878787878788,58.18181818181818,0.4791666666666667,12.727272727272727,35.15151515151515,0.3620689655172414,0.3620689655172414,13.93939393939394,32.72727272727273,23.03030303030303,34.54545454545455,3.6363636363636362,0.5869565217391305,0.6136363636363636,0.9047619047619048,0.37662337662337664,0.5209359477124182,0.5032467532467533,0.5393939393939394,2.4242424242424243,4.848484848484849,0.08333333333333333,0,0
"Carter Jr., Bane, Wagner, Banchero, Black","ORL",11,77,-3.7974683544303787,158,114.55696202531645,32.91139240506329,54.43037974683544,0.6046511627906976,8.860759493670885,26.582278481012658,0.3333333333333333,0.3333333333333333,22.151898734177216,31.645569620253166,34.177215189873415,24.68354430379747,1.8987341772151898,0.4807692307692308,0.5208333333333334,0.9285714285714286,0.328125,0.541437890625,0.5703125,0.6114864864864865,5.063291139240507,4.430379746835443,0.08139534883720931,0,0
"Alexander-Walker, Johnson, Daniels, Risacher, Porziņģis","ATL",6,77,11.805006587615281,165,124.84848484848484,36.36363636363637,61.21212121212121,0.594059405940594,9.090909090909092,27.272727272727273,0.3333333333333333,0.3333333333333333,24.848484848484848,46.06060606060606,26.666666666666668,23.636363636363637,3.6363636363636362,0.6333333333333333,0.6785714285714286,0.8666666666666667,0.3082191780821918,0.5771883561643835,0.565068493150685,0.6242424242424243,4.848484848484849,1.8181818181818181,0.0297029702970297,0,0
"Ayton, Dončić, Hachimura, Reaves, Smart","LAL",7,75,15.397158164453757,162,117.28395061728395,35.80246913580247,54.32098765432099,0.6590909090909091,9.876543209876543,32.098765432098766,0.3076923076923077,0.3076923076923077,16.049382716049383,37.03703703703704,34.5679012345679,24.074074074074073,5.555555555555555,0.5172413793103449,0.5555555555555556,0.8125,0.37142857142857144,0.5345142857142857,0.5857142857142857,0.6129032258064516,4.938271604938271,3.0864197530864197,0.056818181818181816,0.6172839506172839,0.019230769230769232
"Hartenstein, Gilgeous-Alexander, Dort, Holmgren, Wallace","OKC",7,74,27.57017543859648,152,132.23684210526315,34.86842105263158,61.18421052631579,0.5698924731182796,15.131578947368421,30.263157894736842,0.5,0.5,17.105263157894736,38.1578947368421,31.57894736842105,35.526315789473685,9.868421052631579,0.5471698113207547,0.58,0.782608695652174,0.33093525179856115,0.547444964028777,0.6294964028776978,0.6611842105263158,3.9473684210526314,3.289473684210526,0.053763440860215055,0.6578947368421053,0.021739130434782608
"Okoro, Jones, Giddey, Buzelis, Vučević","CHI",9,74,-15.541401273885356,157,104.45859872611464,26.751592356687897,52.22929936305732,0.5121951219512195,12.101910828025478,30.573248407643312,0.3958333333333333,0.3958333333333333,14.64968152866242,35.6687898089172,17.8343949044586,36.30573248407644,0,0.6666666666666666,0.717948717948718,1,0.36923076923076925,0.6002,0.5423076923076923,0.5734265734265734,3.821656050955414,4.45859872611465,0.08536585365853659,0.6369426751592356,0.020833333333333332
"Smith, Jović, Jaquez Jr., Fontecchio, Wiggins","MIA",7,72,2.900641025641022,160,111.875,25.625,48.125,0.5324675324675324,13.75,41.25,0.3333333333333333,0.3333333333333333,19.375,27.5,23.75,39.375,1.875,0.5365853658536586,0.6111111111111112,0.9545454545454546,0.46153846153846156,0.5449356115107914,0.5174825174825175,0.553125,6.25,7.5,0.15584415584415584,0,0
"Booker, O'Neale, Allen, Williams, Dunn","PHX",6,71,16.97224344283167,153,113.72549019607843,29.41176470588235,50.98039215686274,0.5769230769230769,13.72549019607843,39.869281045751634,0.3442622950819672,0.3442622950819672,13.72549019607843,33.98692810457516,24.836601307189543,31.372549019607842,9.803921568627452,0.5777777777777777,0.6341463414634146,0.7619047619047619,0.43884892086330934,0.5465723021582733,0.5503597122302158,0.5761589403973509,5.228758169934641,3.2679738562091503,0.0641025641025641,0,0
"Sarr, Carrington, George, Middleton, McCollum","WAS",7,71,-7.461368653421644,151,119.20529801324503,29.801324503311257,58.27814569536424,0.5113636363636364,14.56953642384106,31.788079470198674,0.4583333333333333,0.4583333333333333,15.894039735099337,31.788079470198674,27.814569536423843,37.74834437086093,5.960264900662252,0.5333333333333333,0.5581395348837209,0.8636363636363636,0.35294117647058826,0.5191702205882354,0.5735294117647058,0.6,2.6490066225165565,7.947019867549669,0.13636363636363635,0,0
"Murray, Brown, Watson, Valančiūnas, Hardaway Jr.","DEN",9,68,-13.677248677248684,135,117.03703703703704,30.37037037037037,57.03703703703704,0.5324675324675324,13.333333333333334,34.81481481481482,0.3829787234042553,0.3829787234042553,16.296296296296298,26.666666666666668,34.074074074074076,31.11111111111111,8.88888888888889,0.43902439024390244,0.5294117647058824,0.7777777777777778,0.3790322580645161,0.5058821138211382,0.5483870967741935,0.5808823529411765,10.37037037037037,5.925925925925926,0.1038961038961039,0,0
"DiVincenzo, McDaniels, Conley, Gobert, Randle","MIN",6,66,21.387934735938174,136,130.14705882352942,29.41176470588235,45.588235294117645,0.6451612903225806,15.441176470588236,36.029411764705884,0.42857142857142855,0.42857142857142855,25,35.294117647058826,23.529411764705884,41.911764705882355,4.411764705882353,0.6,0.6486486486486487,0.9047619047619048,0.44144144144144143,0.5697117117117118,0.6441441441441441,0.6782945736434108,4.411764705882353,2.2058823529411766,0.04838709677419355,0,0
"Kuminga, Podziemski, Curry, Butler III, Green","GSW",8,65,15.684511214557759,139,122.3021582733813,25.179856115107913,46.76258992805755,0.5384615384615384,16.546762589928058,38.84892086330935,0.42592592592592593,0.42592592592592593,22.302158273381295,31.654676258992804,18.705035971223023,47.48201438848921,2.158273381294964,0.6285714285714286,0.6285714285714286,0.9565217391304348,0.453781512605042,0.5360819327731092,0.5840336134453782,0.6167883211678832,0,2.158273381294964,0.046153846153846156,0,0
"Dunn, Zubac, Jones Jr., Collins, Harden","LAC",6,64,0.7633587786259568,131,112.97709923664122,36.6412213740458,63.3587786259542,0.5783132530120482,6.870229007633588,27.480916030534353,0.25,0.25,19.083969465648856,38.16793893129771,35.11450381679389,9.16030534351145,11.450381679389313,0.5208333333333334,0.5813953488372093,0.4444444444444444,0.3025210084033613,0.526272268907563,0.5168067226890757,0.5692307692307692,7.633587786259542,6.870229007633588,0.10843373493975904,0,0
"Zubac, Jones Jr., Harden, Leonard, Beal","LAC",4,63,-9.05826771653544,125,124.8,35.2,53.6,0.6567164179104478,14.4,32.8,0.43902439024390244,0.43902439024390244,11.2,38.4,32,28.8,14.4,0.5454545454545454,0.6486486486486487,0.6666666666666666,0.37962962962962965,0.5484490740740741,0.6574074074074074,0.6842105263157895,11.2,1.6,0.029850746268656716,0,0
"Sengun, Smith Jr., Thompson, Durant, Adams","HOU",8,63,4.421840785477144,121,120.66115702479338,37.1900826446281,76.03305785123968,0.4891304347826087,6.6115702479338845,23.140495867768596,0.2857142857142857,0.2857142857142857,26.446280991735538,24.793388429752067,49.586776859504134,17.355371900826448,2.479338842975207,0.3333333333333333,0.36585365853658536,0.875,0.23333333333333334,0.5338429166666666,0.475,0.5330882352941176,6.6115702479338845,4.132231404958677,0.05434782608695652,0,0
"Huerter, Okoro, Giddey, Buzelis, Vučević","CHI",10,60,7.308970099667775,126,114.28571428571429,30.952380952380953,59.523809523809526,0.52,11.904761904761905,34.12698412698413,0.3488372093023256,0.3488372093023256,16.666666666666668,31.746031746031747,30.158730158730158,30.952380952380953,4.761904761904762,0.5128205128205128,0.5714285714285714,0.8666666666666667,0.3644067796610169,0.5677427966101695,0.5211864406779662,0.5458015267175572,6.349206349206349,7.142857142857143,0.12,0.7936507936507936,0.023255813953488372
"Bridges, Sexton, Kalkbrenner, Knueppel, James","CHA",11,60,11.282539682539678,125,121.6,30.4,48.8,0.6229508196721312,16,40.8,0.39215686274509803,0.39215686274509803,12.8,40,20.8,36,12,0.6578947368421053,0.7352941176470589,0.75,0.45535714285714285,0.5420945945945946,0.6071428571428571,0.6333333333333333,6.4,3.2,0.06557377049180328,0,0
"Markkanen, Mykhailiuk, George, Bailey, Nurkić","UTA",6,59,-14.812030075187977,130,110,26.923076923076923,50.76923076923077,0.5303030303030303,14.615384615384615,50,0.2923076923076923,0.2923076923076923,12.307692307692308,40,13.846153846153847,36.92307692307692,6.923076923076923,0.7428571428571429,0.8387096774193549,0.8421052631578947,0.4961832061068702,0.5297667938931298,0.4847328244274809,0.5143884892086331,6.153846153846154,3.8461538461538463,0.07575757575757576,0,0
"Robinson, Cunningham, Duren, Thompson, Harris","DET",6,59,-8.799999999999997,125,111.2,32,64,0.5,9.6,29.6,0.32432432432432434,0.32432432432432434,18.4,33.6,30.4,28.8,0,0.525,0.6363636363636364,1,0.3162393162393162,0.523458547008547,0.49572649572649574,0.5348837209302325,11.2,4,0.0625,0,0
"Looney, Bey, Jones, Murphy III, Fears","NOP",6,56,-9.236575986326741,118,100.84745762711864,25.423728813559322,53.389830508474574,0.47619047619047616,12.711864406779661,41.52542372881356,0.30612244897959184,0.30612244897959184,11.864406779661017,22.033898305084747,28.8135593220339,27.966101694915253,10.169491525423728,0.43333333333333335,0.5,0.7333333333333333,0.4375,0.5360276785714285,0.46875,0.5,6.779661016949152,5.932203389830509,0.1111111111111111,0.847457627118644,0.02040816326530612
"Turner, Kuzma, Trent Jr., Rollins, Green","MIL",6,55,-22.895967270601986,116,99.13793103448276,20.689655172413794,50,0.41379310344827586,16.379310344827587,43.10344827586207,0.38,0.38,8.620689655172415,17.24137931034483,24.137931034482758,31.03448275862069,18.103448275862068,0.4166666666666667,0.43478260869565216,0.631578947368421,0.46296296296296297,0.545537962962963,0.4861111111111111,0.5043859649122807,1.7241379310344827,5.172413793103448,0.10344827586206896,0.8620689655172413,0.02
"Mitchell, Allen, Hunter, Merrill, Mobley","CLE",6,54,-2.204228520017992,117,117.09401709401709,28.205128205128204,48.717948717948715,0.5789473684210527,12.820512820512821,40.17094017094017,0.3191489361702128,0.3191489361702128,22.22222222222222,30.76923076923077,25.641025641025642,33.333333333333336,5.128205128205129,0.5454545454545454,0.5625,0.8666666666666667,0.4519230769230769,0.5379961538461538,0.5336538461538461,0.5905172413793104,1.7094017094017093,5.982905982905983,0.12280701754385964,0.8547008547008547,0.02127659574468085
"Towns, Anunoby, Bridges, Brunson, Shamet","NYK",7,54,-4.073638856247555,115,113.04347826086956,31.304347826086957,58.26086956521739,0.5373134328358209,11.304347826086957,40,0.2826086956521739,0.2826086956521739,16.52173913043478,34.78260869565217,27.82608695652174,31.304347826086957,2.608695652173913,0.5555555555555556,0.6060606060606061,0.9230769230769231,0.40707964601769914,0.5678044642857143,0.4911504424778761,0.5371900826446281,5.217391304347826,6.086956521739131,0.1044776119402985,0.8695652173913043,0.021739130434782608
"Bey, Jones, Murphy III, Fears, Queen","NOP",7,53,-20.76183147364371,113,106.19469026548673,28.31858407079646,57.52212389380531,0.49230769230769234,8.849557522123893,27.43362831858407,0.3225806451612903,0.3225806451612903,23.008849557522122,30.088495575221238,26.548672566371682,21.238938053097346,5.3097345132743365,0.53125,0.6071428571428571,0.8,0.3229166666666667,0.5601484375,0.4895833333333333,0.536036036036036,7.079646017699115,3.5398230088495577,0.06153846153846154,0,0
"Booker, O'Neale, Brooks, Allen, Williams","PHX",5,53,11.711711711711715,111,130.63063063063063,26.126126126126128,43.24324324324324,0.6041666666666666,16.216216216216218,41.44144144144144,0.391304347826087,0.391304347826087,29.72972972972973,27.027027027027028,25.225225225225227,37.83783783783784,10.81081081081081,0.5172413793103449,0.6521739130434783,0.7777777777777778,0.48936170212765956,0.5270559139784946,0.5957446808510638,0.6590909090909091,10.81081081081081,6.306306306306307,0.14583333333333334,0,0
"Turner, Kuzma, Rollins, Green, Antetokounmpo","MIL",9,52,46.72897196261681,107,151.4018691588785,29.906542056074766,42.99065420560748,0.6956521739130435,25.233644859813083,41.12149532710281,0.6136363636363636,0.6136363636363636,15.88785046728972,24.299065420560748,35.51401869158879,70.09345794392523,5.607476635514018,0.40625,0.43333333333333335,0.9259259259259259,0.4888888888888889,0.5944766666666667,0.8055555555555556,0.826530612244898,3.7383177570093458,0.9345794392523364,0.021739130434782608,0,0
"Ayton, Dončić, Hachimura, LaRavia, Smart","LAL",7,52,-16.474358974358992,105,113.33333333333333,26.666666666666668,48.57142857142857,0.5490196078431373,13.333333333333334,36.19047619047619,0.3684210526315789,0.3684210526315789,20,38.095238095238095,15.238095238095237,25.714285714285715,14.285714285714286,0.7142857142857143,0.7142857142857143,0.6428571428571429,0.42696629213483145,0.546297191011236,0.550561797752809,0.5833333333333334,0,3.8095238095238093,0.0784313725490196,0,0
"Porter Jr., Mann, Claxton, Thomas, Saraf","BKN",5,51,-20.93951749915051,108,117.5925925925926,35.18518518518518,61.111111111111114,0.5757575757575758,12.962962962962964,31.48148148148148,0.4117647058823529,0.4117647058823529,8.333333333333334,37.03703703703704,33.333333333333336,30.555555555555557,8.333333333333334,0.5263157894736842,0.5882352941176471,0.7857142857142857,0.34,0.5523745,0.59,0.6047619047619047,7.407407407407407,6.481481481481482,0.10606060606060606,0.9259259259259259,0.029411764705882353
"Markkanen, Mykhailiuk, Kessler, George, Filipowski","UTA",5,51,29.893203883495147,103,136.89320388349515,29.12621359223301,42.71844660194175,0.6818181818181818,18.446601941747574,48.54368932038835,0.38,0.38,23.300970873786408,31.067961165048544,27.184466019417474,46.601941747572816,8.737864077669903,0.5333333333333333,0.6666666666666666,0.8421052631578947,0.5319148936170213,0.5357736559139784,0.6223404255319149,0.6588785046728972,11.650485436893204,3.883495145631068,0.09090909090909091,0.970873786407767,0.02
"Moody, Podziemski, Post, Butler III, Green","GSW",9,49,6.22874149659863,96,105.20833333333333,20.833333333333332,38.541666666666664,0.5405405405405406,13.541666666666666,45.833333333333336,0.29545454545454547,0.29545454545454547,22.916666666666668,20.833333333333332,20.833333333333332,40.625,0,0.5,0.5263157894736842,1,0.5432098765432098,0.5199160493827161,0.4876543209876543,0.5434782608695652,2.0833333333333335,2.0833333333333335,0.05405405405405406,0,0
"Brown, White, Queta, Pritchard, Hauser","BOS",10,49,29.131742961530207,99,132.32323232323233,38.38383838383838,61.61616161616162,0.6229508196721312,15.151515151515152,36.36363636363637,0.4166666666666667,0.4166666666666667,10.1010101010101,38.38383838383838,38.38383838383838,30.303030303030305,15.151515151515152,0.5,0.5,0.6666666666666666,0.3711340206185567,0.5152118556701031,0.6237113402061856,0.6435643564356436,0,6.0606060606060606,0.09836065573770492,0,0
"Brown, White, Queta, Pritchard, Walsh","BOS",6,48,30.708915145005378,98,127.55102040816327,32.6530612244898,54.08163265306123,0.6037735849056604,16.3265306122449,38.775510204081634,0.42105263157894735,0.42105263157894735,13.26530612244898,32.6530612244898,32.6530612244898,33.673469387755105,15.306122448979592,0.5,0.5925925925925926,0.6875,0.4175824175824176,0.5291686813186813,0.6153846153846154,0.6377551020408163,10.204081632653061,4.081632653061225,0.07547169811320754,0,0
"Fox, Vassell, Wembanyama, Castle, Barnes","SAS",4,47,13.861386138613852,101,116.83168316831683,27.722772277227723,49.504950495049506,0.56,13.861386138613861,36.633663366336634,0.3783783783783784,0.3783783783783784,19.801980198019802,35.64356435643565,19.801980198019802,41.584158415841586,0,0.6428571428571429,0.6666666666666666,1,0.42528735632183906,0.5800189655172414,0.5632183908045977,0.6145833333333334,1.9801980198019802,2.9702970297029703,0.06,0,0
"Hartenstein, Gilgeous-Alexander, Holmgren, Wallace, Mitchell","OKC",4,47,30.03030303030303,100,127,40,58,0.6896551724137931,10,29,0.3448275862068966,0.3448275862068966,17,44,36,18,12,0.55,0.5641025641025641,0.6,0.3333333333333333,0.5450885057471264,0.632183908045977,0.6684210526315789,2,3,0.05172413793103448,0,0
"Coulibaly, Sarr, George, Middleton, McCollum","WAS",3,46,-9.460077785403797,93,110.75268817204301,21.50537634408602,49.46236559139785,0.43478260869565216,17.204301075268816,36.55913978494624,0.47058823529411764,0.47058823529411764,16.129032258064516,21.50537634408602,21.50537634408602,48.38709677419355,3.225806451612903,0.5,0.5263157894736842,0.9375,0.425,0.5503568750000001,0.55,0.5730337078651685,2.150537634408602,5.376344086021505,0.10869565217391304,0,0
"Bridges, Sexton, Ball, Kalkbrenner, Knueppel","CHA",8,46,2.614379084967325,99,122.22222222222223,29.292929292929294,50.505050505050505,0.58,14.141414141414142,39.39393939393939,0.358974358974359,0.358974358974359,21.21212121212121,26.262626262626263,32.323232323232325,36.36363636363637,6.0606060606060606,0.4482758620689655,0.5416666666666666,0.8571428571428571,0.43820224719101125,0.5651258426966292,0.5617977528089888,0.599009900990099,10.1010101010101,4.040404040404041,0.08,0,0
"Avdija, Sharpe, Camara, Holiday, Grant","POR",11,44,9.43695479777955,97,140.20618556701032,32.98969072164948,46.391752577319586,0.7111111111111111,14.43298969072165,32.98969072164948,0.4375,0.4375,30.927835051546392,30.927835051546392,35.05154639175258,37.11340206185567,6.185567010309279,0.46875,0.4838709677419355,0.8571428571428571,0.4155844155844156,0.5579863636363637,0.6883116883116883,0.723404255319149,2.0618556701030926,5.154639175257732,0.1111111111111111,0,0
"Kuminga, Post, Curry, Butler III, Green","GSW",5,44,20.61133260843299,89,129.2134831460674,26.96629213483146,41.57303370786517,0.6486486486486487,17.97752808988764,40.449438202247194,0.4444444444444444,0.4444444444444444,21.348314606741575,40.449438202247194,13.48314606741573,47.19101123595506,6.741573033707865,0.75,0.75,0.875,0.4931506849315068,0.5463349315068493,0.6575342465753424,0.7037037037037037,0,3.3707865168539324,0.08108108108108109,0,0
"Smith, Jović, Jaquez Jr., Fontecchio, Ware","MIA",7,44,-3.149001536098311,93,118.27956989247312,29.032258064516128,48.38709677419355,0.6,15.053763440860216,31.182795698924732,0.4827586206896552,0.4827586206896552,15.053763440860216,34.40860215053763,23.655913978494624,41.935483870967744,3.225806451612903,0.5925925925925926,0.7272727272727273,0.9285714285714286,0.3918918918918919,0.546272972972973,0.6486486486486487,0.6790123456790124,10.75268817204301,4.301075268817204,0.08888888888888889,0,0
"Robinson, Stewart, Cunningham, Duren, Thompson","DET",5,41,12.70398047887754,83,124.09638554216868,42.16867469879518,67.46987951807229,0.625,8.433734939759036,30.120481927710845,0.28,0.28,14.457831325301205,48.19277108433735,36.144578313253014,18.072289156626507,7.228915662650603,0.5714285714285714,0.6666666666666666,0.7142857142857143,0.30864197530864196,0.5475092592592593,0.5617283950617284,0.5852272727272727,12.048192771084338,2.4096385542168677,0.03571428571428571,0,0
"Powell, Mitchell, Jaquez Jr., Ware, Wiggins","MIA",9,41,9.945027486256876,87,122.98850574712644,32.18390804597701,71.26436781609195,0.45161290322580644,12.64367816091954,29.885057471264368,0.4230769230769231,0.4230769230769231,20.689655172413794,39.08045977011494,25.28735632183908,37.93103448275862,0,0.6071428571428571,0.6296296296296297,1,0.29545454545454547,0.5295301136363636,0.5056818181818182,0.5408163265306123,2.2988505747126435,4.597701149425287,0.06451612903225806,0,0
"Alexander-Walker, Okongwu, Johnson, Daniels, Risacher","ATL",7,40,21.839080459770116,87,143.67816091954023,39.08045977011494,51.724137931034484,0.7555555555555555,17.24137931034483,36.7816091954023,0.46875,0.46875,13.793103448275861,55.172413793103445,22.988505747126435,48.275862068965516,3.4482758620689653,0.7058823529411765,0.7741935483870968,0.9333333333333333,0.4155844155844156,0.573911038961039,0.7337662337662337,0.7440476190476191,6.896551724137931,2.2988505747126435,0.044444444444444446,0,0
"Towns, Anunoby, Hart, Bridges, Brunson","NYK",7,40,23.837513061650995,88,126.13636363636364,25,46.59090909090909,0.5365853658536586,19.318181818181817,45.45454545454545,0.425,0.425,18.181818181818183,34.09090909090909,15.909090909090908,51.13636363636363,6.818181818181818,0.6818181818181818,0.7142857142857143,0.8823529411764706,0.49382716049382713,0.5712993827160494,0.5864197530864198,0.6379310344827587,2.272727272727273,4.545454545454546,0.0975609756097561,0,0
"Markkanen, Mykhailiuk, Hendricks, George, Nurkić","UTA",5,40,-10.992116614606573,81,93.82716049382717,27.160493827160494,62.96296296296296,0.43137254901960786,6.172839506172839,38.27160493827161,0.16129032258064516,0.16129032258064516,20.987654320987655,32.098765432098766,22.22222222222222,18.51851851851852,0,0.5909090909090909,0.6842105263157895,1,0.3780487804878049,0.5113456790123456,0.3597560975609756,0.4222222222222222,7.407407407407407,3.7037037037037037,0.058823529411764705,1.2345679012345678,0.03225806451612903
"Powell, Adebayo, Mitchell, Larsson, Wiggins","MIA",3,40,30.45886075949366,79,136.70886075949366,26.582278481012658,53.164556962025316,0.5,20.253164556962027,35.44303797468354,0.5714285714285714,0.5714285714285714,22.78481012658228,35.44303797468354,17.72151898734177,56.962025316455694,3.7974683544303796,0.6666666666666666,0.6666666666666666,0.9375,0.4,0.5251164285714286,0.6428571428571429,0.675,0,3.7974683544303796,0.07142857142857142,0,0
"Ingram, Barrett, Quickley, Barnes, Murray-Boyles","TOR",6,40,-23.136123136123132,77,106.49350649350649,31.16883116883117,50.64935064935065,0.6153846153846154,10.38961038961039,36.36363636363637,0.2857142857142857,0.2857142857142857,12.987012987012987,33.76623376623377,28.571428571428573,31.16883116883117,0,0.5416666666666666,0.5652173913043478,1,0.417910447761194,0.5834238805970149,0.5373134328358209,0.5616438356164384,2.5974025974025974,6.4935064935064934,0.1282051282051282,0,0
"Moody, Richard, Curry, Butler III, Green","GSW",5,39,15.034199726402178,86,122.09302325581395,22.093023255813954,41.86046511627907,0.5277777777777778,20.930232558139537,45.348837209302324,0.46153846153846156,0.46153846153846156,15.116279069767442,27.906976744186046,16.27906976744186,59.30232558139535,3.488372093023256,0.631578947368421,0.7058823529411765,0.9444444444444444,0.52,0.5902886666666667,0.6133333333333333,0.6402439024390244,4.651162790697675,3.488372093023256,0.08333333333333333,1.1627906976744187,0.02564102564102564
"Oubre Jr., Grimes, Maxey, Edgecombe, Drummond","PHI",8,39,27.848101265822777,79,137.9746835443038,35.44303797468354,55.69620253164557,0.6363636363636364,11.39240506329114,29.11392405063291,0.391304347826087,0.391304347826087,32.91139240506329,40.50632911392405,30.379746835443036,34.177215189873415,0,0.5714285714285714,0.6956521739130435,1,0.34328358208955223,0.5551611940298508,0.6194029850746269,0.6566265060240963,12.658227848101266,0,0,0,0
"Bagley III, Kispert, Whitmore, George, Johnson","WAS",5,39,-27.285788923719963,87,98.85057471264368,19.54022988505747,40.229885057471265,0.4857142857142857,14.942528735632184,39.08045977011494,0.38235294117647056,0.38235294117647056,14.942528735632184,20.689655172413794,18.39080459770115,31.03448275862069,13.793103448275861,0.5294117647058824,0.5625,0.6923076923076923,0.4927536231884058,0.5276891304347826,0.5289855072463768,0.5584415584415584,2.2988505747126435,1.1494252873563218,0.02857142857142857,0,0
"Alexander-Walker, Okongwu, Krejčí, Johnson, Daniels","ATL",6,38,5.535714285714292,80,116.25,26.25,48.75,0.5384615384615384,11.25,28.75,0.391304347826087,0.391304347826087,30,35,17.5,33.75,0,0.6666666666666666,0.7,1,0.3709677419354839,0.5268122950819673,0.5564516129032258,0.6458333333333334,2.5,5,0.10256410256410256,0,0
"Booker, Brooks, Allen, Ighodaro, Dunn","PHX",3,37,-3.94736842105263,76,107.89473684210526,35.526315789473685,57.89473684210526,0.6136363636363636,9.210526315789474,38.1578947368421,0.2413793103448276,0.2413793103448276,9.210526315789474,42.10526315789474,28.94736842105263,23.68421052631579,3.9473684210526314,0.5925925925925926,0.64,0.8571428571428571,0.3972602739726027,0.5497191780821917,0.5136986301369864,0.5256410256410257,5.2631578947368425,2.6315789473684212,0.045454545454545456,1.3157894736842106,0.034482758620689655
"Oubre Jr., Maxey, Watford, Edgecombe, Drummond","PHI",6,37,-22.41968557758031,77,103.8961038961039,28.571428571428573,55.84415584415584,0.5116279069767442,7.792207792207792,25.974025974025974,0.3,0.3,23.376623376623378,38.96103896103896,18.181818181818183,19.48051948051948,3.896103896103896,0.6818181818181818,0.7142857142857143,0.8333333333333334,0.31746031746031744,0.5433523809523809,0.49206349206349204,0.5405405405405406,2.5974025974025974,6.4935064935064934,0.11627906976744186,0,0
"Bagley III, Kispert, Whitmore, Carrington, Johnson","WAS",6,37,-2.0003125488357654,79,118.9873417721519,27.848101265822784,50.63291139240506,0.55,16.455696202531644,36.70886075949367,0.4482758620689655,0.4482758620689655,13.924050632911392,35.44303797468354,20.253164556962027,34.177215189873415,15.189873417721518,0.6363636363636364,0.6666666666666666,0.6923076923076923,0.42028985507246375,0.5351920289855072,0.6014492753623188,0.6266666666666667,2.5316455696202533,7.594936708860759,0.15,0,0
"Hartenstein, Gilgeous-Alexander, Dort, Wiggins, Wallace","OKC",5,36,-3.9954337899543475,72,108.33333333333333,33.333333333333336,58.333333333333336,0.5714285714285714,8.333333333333334,40.27777777777778,0.20689655172413793,0.20689655172413793,16.666666666666668,16.666666666666668,50,25,0,0.25,0.2727272727272727,1,0.4084507042253521,0.5706901408450704,0.4647887323943662,0.5064935064935064,5.555555555555555,5.555555555555555,0.09523809523809523,0,0
"Carter Jr., Bane, Wagner, Suggs, da Silva","ORL",4,35,-0.6381381381381459,74,122.97297297297297,22.972972972972972,36.486486486486484,0.6296296296296297,18.91891891891892,39.189189189189186,0.4827586206896552,0.4827586206896552,20.27027027027027,21.62162162162162,24.324324324324323,44.5945945945946,12.162162162162161,0.47058823529411764,0.47058823529411764,0.7857142857142857,0.5178571428571429,0.5632357142857143,0.6785714285714286,0.7,0,4.054054054054054,0.1111111111111111,0,0
"Siakam, Nesmith, Jackson, Jackson, Walker","IND",3,35,35.63197366014268,71,123.94366197183099,25.35211267605634,59.15492957746479,0.42857142857142855,16.901408450704224,38.028169014084504,0.4444444444444444,0.4444444444444444,22.535211267605632,22.535211267605632,28.169014084507044,42.25352112676056,8.450704225352112,0.4444444444444444,0.47058823529411764,0.8333333333333334,0.391304347826087,0.5302514492753623,0.5217391304347826,0.5714285714285714,2.816901408450704,9.859154929577464,0.16666666666666666,0,0
"Russell, Washington, Gafford, Christie, Flagg","DAL",5,35,-36.77198325085651,71,92.95774647887323,23.943661971830984,52.11267605633803,0.4594594594594595,12.67605633802817,36.61971830985915,0.34615384615384615,0.34615384615384615,7.042253521126761,36.61971830985915,11.267605633802816,38.028169014084504,0,0.7647058823529411,0.8125,1,0.4126984126984127,0.5135825396825396,0.48412698412698413,0.5,2.816901408450704,2.816901408450704,0.05405405405405406,1.408450704225352,0.038461538461538464
"Sabonis, Ellis, DeRozan, Schröder, LaVine","SAC",8,33,-45.233721167585216,69,94.20289855072464,18.840579710144926,52.17391304347826,0.3611111111111111,14.492753623188406,31.884057971014492,0.45454545454545453,0.45454545454545453,13.043478260869565,14.492753623188406,23.18840579710145,39.130434782608695,4.3478260869565215,0.38461538461538464,0.45454545454545453,0.9,0.3793103448275862,0.529873275862069,0.4827586206896552,0.5241935483870968,5.797101449275362,2.898550724637681,0.05555555555555555,0,0
"Adebayo, Smith, Jović, Jaquez Jr., Fontecchio","MIA",5,33,61.29528366370472,77,141.55844155844156,31.16883116883117,40.25974025974026,0.7741935483870968,16.883116883116884,46.753246753246756,0.3611111111111111,0.3611111111111111,28.571428571428573,38.96103896103896,23.376623376623378,50.64935064935065,0,0.625,0.6521739130434783,1,0.5373134328358209,0.5833909090909091,0.6492537313432836,0.7077922077922078,2.5974025974025974,1.2987012987012987,0.03225806451612903,0,0
"Powell, Mitchell, Jaquez Jr., Larsson, Ware","MIA",7,33,-4.336425978217022,74,98.64864864864865,32.432432432432435,63.513513513513516,0.5106382978723404,6.756756756756757,24.324324324324323,0.2777777777777778,0.2777777777777778,13.513513513513514,29.72972972972973,35.13513513513514,16.216216216216218,4.054054054054054,0.4583333333333333,0.5,0.8,0.27692307692307694,0.5428223076923078,0.4846153846153846,0.5289855072463768,5.405405405405405,4.054054054054054,0.06382978723404255,0,0
"Bridges, Ball, Kalkbrenner, Knueppel, James","CHA",7,33,-19.705882352941188,70,120,32.857142857142854,51.42857142857143,0.6388888888888888,14.285714285714286,48.57142857142857,0.29411764705882354,0.29411764705882354,11.428571428571429,22.857142857142858,42.857142857142854,42.857142857142854,0,0.34782608695652173,0.47058823529411764,1,0.4857142857142857,0.5621671428571429,0.5428571428571428,0.5675675675675675,17.142857142857142,4.285714285714286,0.08333333333333333,0,0
"Washington, Gafford, Williams, Christie, Flagg","DAL",7,33,4.858134313125134,71,132.3943661971831,50.70422535211268,71.83098591549296,0.7058823529411765,4.225352112676056,25.35211267605634,0.16666666666666666,0.16666666666666666,18.309859154929576,47.88732394366197,53.521126760563384,12.67605633802817,0,0.4722222222222222,0.5151515151515151,1,0.2608695652173913,0.5752644927536231,0.5869565217391305,0.6103896103896104,8.450704225352112,8.450704225352112,0.11764705882352941,0,0
"Adebayo, Mitchell, Jaquez Jr., Larsson, Wiggins","MIA",5,33,38.112255623292,71,136.61971830985917,40.84507042253521,64.78873239436619,0.6304347826086957,11.267605633802816,29.577464788732396,0.38095238095238093,0.38095238095238093,21.12676056338028,50.70422535211268,30.985915492957748,29.577464788732396,4.225352112676056,0.6206896551724138,0.72,0.875,0.31343283582089554,0.5523134328358209,0.6119402985074627,0.64,11.267605633802816,0,0,1.408450704225352,0.047619047619047616
"Williamson, Jones, Murphy III, Missi, Fears","NOP",4,32,25.04807692307692,64,128.125,21.875,48.4375,0.45161290322580644,23.4375,40.625,0.5769230769230769,0.5769230769230769,14.0625,34.375,9.375,60.9375,9.375,0.7857142857142857,0.9166666666666666,0.8666666666666667,0.45614035087719296,0.5551157894736842,0.6403508771929824,0.640625,6.25,6.25,0.12903225806451613,0,0
"Ayton, Dončić, Hachimura, Vincent, Reaves","LAL",2,32,-27.65376984126985,63,130.15873015873015,41.26984126984127,49.20634920634921,0.8387096774193549,11.11111111111111,33.333333333333336,0.3333333333333333,0.3333333333333333,14.285714285714286,44.44444444444444,38.095238095238095,33.333333333333336,0,0.5384615384615384,0.5833333333333334,1,0.40384615384615385,0.5212307692307692,0.7019230769230769,0.7192982456140351,6.349206349206349,1.5873015873015872,0.03225806451612903,1.5873015873015872,0.047619047619047616
"Towns, Hart, Bridges, McBride, Clarkson","NYK",10,32,-17.878787878787875,65,120,30.76923076923077,46.15384615384615,0.6666666666666666,15.384615384615385,47.69230769230769,0.3225806451612903,0.3225806451612903,12.307692307692308,27.692307692307693,33.84615384615385,41.53846153846154,4.615384615384615,0.45,0.5,0.9,0.5081967213114754,0.5958791666666666,0.5737704918032787,0.6015625,6.153846153846154,4.615384615384615,0.1,0,0
"Towns, Anunoby, Bridges, Brunson, Robinson","NYK",5,31,53.072196620583725,62,143.5483870967742,33.87096774193548,62.903225806451616,0.5384615384615384,19.35483870967742,41.935483870967744,0.46153846153846156,0.46153846153846156,17.741935483870968,38.70967741935484,29.032258064516128,53.225806451612904,4.838709677419355,0.5714285714285714,0.6666666666666666,0.9166666666666666,0.4,0.6049923076923077,0.6,0.644927536231884,9.67741935483871,6.451612903225806,0.10256410256410256,0,0
"Sarr, George, Johnson, Middleton, McCollum","WAS",5,31,34.39420544337139,67,138.80597014925374,34.32835820895522,62.6865671641791,0.5476190476190477,20.895522388059703,40.298507462686565,0.5185185185185185,0.5185185185185185,7.462686567164179,35.82089552238806,32.83582089552239,49.25373134328358,13.432835820895523,0.5217391304347826,0.7058823529411765,0.7857142857142857,0.391304347826087,0.5327376811594202,0.6376811594202898,0.6642857142857143,17.91044776119403,4.477611940298507,0.07142857142857142,0,0
"Robinson, Green, Reed, Holland II, Jenkins","DET",3,31,-1.492537313432834,68,100,23.529411764705884,63.23529411764706,0.37209302325581395,14.705882352941176,32.35294117647059,0.45454545454545453,0.45454545454545453,8.823529411764707,29.41176470588235,17.647058823529413,44.11764705882353,0,0.625,0.6666666666666666,1,0.3384615384615385,0.55592,0.47692307692307695,0.5,2.9411764705882355,8.823529411764707,0.13953488372093023,0,0
"Oubre Jr., Maxey, Walker, Edgecombe, Embiid","PHI",5,31,12.638815441565313,62,129.03225806451613,33.87096774193548,56.45161290322581,0.6,12.903225806451612,32.25806451612903,0.4,0.4,22.580645161290324,41.935483870967744,25.806451612903224,29.032258064516128,9.67741935483871,0.6190476190476191,0.65,0.75,0.36363636363636365,0.5572145454545454,0.6,0.6475409836065574,3.225806451612903,9.67741935483871,0.17142857142857143,0,0
"Brown, Simons, Pritchard, Garza, Hauser","BOS",8,31,-10.9375,64,135.9375,32.8125,54.6875,0.6,20.3125,56.25,0.3611111111111111,0.3611111111111111,9.375,34.375,31.25,56.25,4.6875,0.5238095238095238,0.55,0.9230769230769231,0.5070422535211268,0.543842957746479,0.5704225352112676,0.58,3.125,1.5625,0.02857142857142857,0,0
"Carter Jr., Bane, Wagner, Black, da Silva","ORL",4,31,25.964912280701753,57,119.29824561403508,29.82456140350877,50.87719298245614,0.5862068965517241,10.526315789473685,33.333333333333336,0.3157894736842105,0.3157894736842105,28.07017543859649,21.05263157894737,38.59649122807018,26.31578947368421,5.2631578947368425,0.35294117647058826,0.375,0.8333333333333334,0.3958333333333333,0.4932673913043478,0.5416666666666666,0.6071428571428571,3.508771929824561,5.2631578947368425,0.10344827586206896,0,0
"Jackson Jr., Aldama, Williams Jr., Wells, Coward","MEM",7,30,-16.77327647476902,63,119.04761904761905,22.22222222222222,42.857142857142854,0.5185185185185185,19.047619047619047,47.61904761904762,0.4,0.4,17.46031746031746,25.396825396825395,19.047619047619047,57.142857142857146,0,0.5714285714285714,0.5714285714285714,1,0.5263157894736842,0.5608473214285714,0.5614035087719298,0.5967741935483871,0,4.761904761904762,0.1111111111111111,0,0
"Portis, Prince, Kuzma, Coffey, Anthony","MIL",6,29,-12.739201749589938,59,103.38983050847457,33.898305084745765,57.6271186440678,0.5882352941176471,6.779661016949152,30.508474576271187,0.2222222222222222,0.2222222222222222,15.254237288135593,23.728813559322035,44.067796610169495,20.338983050847457,0,0.35,0.3888888888888889,1,0.34615384615384615,0.5180134615384615,0.5,0.5350877192982456,6.779661016949152,3.389830508474576,0.058823529411764705,1.694915254237288,0.05555555555555555
"Siakam, Nesmith, Jackson, Walker, Sheppard","IND",4,29,-7.351434426229503,61,109.8360655737705,32.78688524590164,60.65573770491803,0.5405405405405406,11.475409836065573,34.42622950819672,0.3333333333333333,0.3333333333333333,9.836065573770492,32.78688524590164,32.78688524590164,24.59016393442623,9.836065573770492,0.5,0.5263157894736842,0.7142857142857143,0.3620689655172414,0.5291543103448276,0.5258620689655172,0.5238095238095238,3.278688524590164,1.639344262295082,0.02702702702702703,3.278688524590164,0.09523809523809523
"Bagley III, Kispert, Whitmore, Carrington, McCollum","WAS",4,29,-9.977388355002816,61,126.22950819672131,31.147540983606557,55.73770491803279,0.5588235294117647,13.114754098360656,34.42622950819672,0.38095238095238093,0.38095238095238093,24.59016393442623,16.39344262295082,45.90163934426229,39.34426229508197,0,0.2631578947368421,0.35714285714285715,1,0.38181818181818183,0.5058018181818181,0.5636363636363636,0.6111111111111112,16.39344262295082,3.278688524590164,0.058823529411764705,0,0
"Siakam, Bradley, Nembhard, Nesmith, Robinson-Earl","IND",3,28,4.636591478696744,56,164.28571428571428,44.642857142857146,69.64285714285714,0.6410256410256411,14.285714285714286,28.571428571428573,0.5,0.5,32.142857142857146,50,39.285714285714285,42.857142857142854,0,0.56,0.6666666666666666,1,0.2909090909090909,0.510360909090909,0.6727272727272727,0.7419354838709677,14.285714285714286,3.5714285714285716,0.05128205128205128,0,0
"Booker, O'Neale, Brooks, Williams, Dunn","PHX",5,28,10.136612021857914,60,118.33333333333333,28.333333333333332,60,0.4722222222222222,15,31.666666666666668,0.47368421052631576,0.47368421052631576,16.666666666666668,16.666666666666668,40,35,10,0.29411764705882354,0.35714285714285715,0.7777777777777778,0.34545454545454546,0.5597381818181818,0.5545454545454546,0.5819672131147541,10,6.666666666666667,0.1111111111111111,0,0
"Bridges, Ball, Diabaté, Knueppel, James","CHA",4,28,32.203389830508485,59,130.5084745762712,27.11864406779661,45.76271186440678,0.5925925925925926,15.254237288135593,47.45762711864407,0.32142857142857145,0.32142857142857145,30.508474576271187,37.28813559322034,16.949152542372882,35.59322033898305,10.169491525423728,0.6875,0.7333333333333333,0.7777777777777778,0.509090909090909,0.5517181818181818,0.5363636363636364,0.5923076923076923,3.389830508474576,3.389830508474576,0.07407407407407407,0,0
"Vanderbilt, Ayton, Hachimura, Reaves, LaRavia","LAL",3,28,-11.497175141242948,59,110.16949152542372,32.20338983050848,59.32203389830509,0.5428571428571428,11.864406779661017,27.11864406779661,0.4375,0.4375,10.169491525423728,40.67796610169491,23.728813559322035,35.59322033898305,0,0.631578947368421,0.6666666666666666,1,0.3137254901960784,0.5400088235294117,0.5784313725490197,0.6018518518518519,3.389830508474576,5.084745762711864,0.08571428571428572,0,0
"Dončić, Hachimura, Hayes, Reaves, Smart","LAL",5,28,11.894586894586894,54,140.74074074074073,24.074074074074073,31.48148148148148,0.7647058823529411,18.51851851851852,51.851851851851855,0.35714285714285715,0.35714285714285715,37.03703703703704,22.22222222222222,25.925925925925927,50,5.555555555555555,0.46153846153846156,0.5454545454545454,0.9,0.6222222222222222,0.5540181818181819,0.6222222222222222,0.6696428571428571,7.407407407407407,0,0,0,0
"Oubre Jr., Maxey, Walker, Bona, Edgecombe","PHI",4,27,-33.79870129870132,55,107.27272727272727,32.72727272727273,63.63636363636363,0.5142857142857142,10.909090909090908,36.36363636363637,0.3,0.3,9.090909090909092,14.545454545454545,50.90909090909091,16.363636363636363,16.363636363636363,0.2222222222222222,0.26666666666666666,0.5,0.36363636363636365,0.5360972727272727,0.4909090909090909,0.5175438596491229,10.909090909090908,12.727272727272727,0.2,1.8181818181818181,0.05
"Avdija, Camara, Clingan, Holiday, Grant","POR",9,27,-28.939393939393938,55,92.72727272727273,21.818181818181817,40,0.5454545454545454,9.090909090909092,43.63636363636363,0.20833333333333334,0.20833333333333334,21.818181818181817,21.818181818181817,21.818181818181817,16.363636363636363,10.909090909090908,0.5,0.5454545454545454,0.6,0.5217391304347826,0.52328,0.42391304347826086,0.49038461538461536,3.6363636363636362,5.454545454545454,0.13636363636363635,0,0
"Oubre Jr., Grimes, Maxey, Bona, Edgecombe","PHI",6,27,37.11484593837535,51,115.68627450980392,25.49019607843137,54.90196078431372,0.4642857142857143,5.882352941176471,33.333333333333336,0.17647058823529413,0.17647058823529413,47.05882352941177,15.686274509803921,35.294117647058826,17.647058823529413,0,0.3076923076923077,0.36363636363636365,1,0.37777777777777777,0.5060344444444445,0.3888888888888889,0.5178571428571429,7.8431372549019605,5.882352941176471,0.10714285714285714,0,0
"Towns, Anunoby, Bridges, Brunson, McBride","NYK",6,26,12.763596004439506,53,124.52830188679245,26.41509433962264,49.056603773584904,0.5384615384615384,15.09433962264151,45.283018867924525,0.3333333333333333,0.3333333333333333,26.41509433962264,26.41509433962264,26.41509433962264,39.62264150943396,5.660377358490566,0.5,0.5,0.875,0.48,0.574412,0.52,0.5701754385964912,0,3.7735849056603774,0.07692307692307693,0,0
"Smith, Jaquez Jr., Fontecchio, Ware, Wiggins","MIA",4,26,1.973684210526315,57,89.47368421052632,26.31578947368421,63.1578947368421,0.4166666666666667,5.2631578947368425,29.82456140350877,0.17647058823529413,0.17647058823529413,21.05263157894737,31.57894736842105,21.05263157894737,15.789473684210526,0,0.6,0.6923076923076923,1,0.32075471698113206,0.521535576923077,0.36792452830188677,0.4322033898305085,7.017543859649122,5.2631578947368425,0.08333333333333333,1.7543859649122806,0.058823529411764705
"Ball, Mitchell, Allen, Wade, Porter Jr.","CLE",6,25,48.83889695210449,53,160.37735849056602,33.9622641509434,49.056603773584904,0.6923076923076923,22.641509433962263,41.509433962264154,0.5454545454545454,0.5454545454545454,24.528301886792452,33.9622641509434,33.9622641509434,45.283018867924525,22.641509433962263,0.5,0.5625,0.6666666666666666,0.4583333333333333,0.5525542553191489,0.75,0.7727272727272727,7.547169811320755,1.8867924528301887,0.038461538461538464,3.7735849056603774,0.09090909090909091
"DiVincenzo, Edwards, Conley, Gobert, Randle","MIN",5,25,14.81481481481481,52,150,30.76923076923077,44.23076923076923,0.6956521739130435,19.23076923076923,48.07692307692308,0.4,0.4,30.76923076923077,42.30769230769231,19.23076923076923,57.69230769230769,0,0.6875,0.7857142857142857,1,0.5208333333333334,0.590353125,0.6458333333333334,0.6964285714285714,7.6923076923076925,0,0,0,0
"Paul, Dunn, Collins, Lopez, Leonard","LAC",6,25,-33.13893653516294,55,78.18181818181819,18.181818181818183,45.45454545454545,0.4,12.727272727272727,32.72727272727273,0.3888888888888889,0.3888888888888889,3.6363636363636362,25.454545454545453,10.909090909090908,32.72727272727273,5.454545454545454,0.7,0.7777777777777778,0.8571428571428571,0.4186046511627907,0.5397290697674418,0.47674418604651164,0.48863636363636365,3.6363636363636362,7.2727272727272725,0.16,0,0
"Robinson, Cunningham, Duren, Thompson, Holland II","DET",4,25,30.204081632653057,50,120,36,58,0.6206896551724138,10,34,0.29411764705882354,0.29411764705882354,18,44,28,30,0,0.6111111111111112,0.6470588235294118,1,0.3695652173913043,0.6041644444444445,0.5543478260869565,0.6,4,2,0.034482758620689655,0,0
"Bitadze, Bane, Banchero, Black, da Silva","ORL",6,25,-0.7834757834757795,52,128.84615384615384,32.69230769230769,59.61538461538461,0.5483870967741935,13.461538461538462,30.76923076923077,0.4375,0.4375,23.076923076923077,30.76923076923077,34.61538461538461,34.61538461538461,5.769230769230769,0.47058823529411764,0.5,0.8571428571428571,0.3404255319148936,0.5571255319148936,0.5851063829787234,0.6203703703703703,3.8461538461538463,13.461538461538462,0.22580645161290322,0,0
"Adebayo, Mitchell, Larsson, Ware, Wiggins","MIA",3,25,-49.022298456260714,53,101.88679245283019,30.18867924528302,54.716981132075475,0.5517241379310345,11.320754716981131,35.84905660377358,0.3157894736842105,0.3157894736842105,7.547169811320755,37.735849056603776,22.641509433962263,33.9622641509434,0,0.625,0.7142857142857143,1,0.3958333333333333,0.5848864583333333,0.5208333333333334,0.5294117647058824,7.547169811320755,5.660377358490566,0.10344827586206896,0,0
"Bridges, Mann, Diabaté, Knueppel, James","CHA",5,25,-41.66666666666666,48,93.75,27.083333333333332,58.333333333333336,0.4642857142857143,8.333333333333334,39.583333333333336,0.21052631578947367,0.21052631578947367,14.583333333333334,29.166666666666668,25,25,0,0.5384615384615384,0.6363636363636364,1,0.40425531914893614,0.5395329787234042,0.40425531914893614,0.4326923076923077,8.333333333333334,4.166666666666667,0.07142857142857142,0,0
"Reid, Edwards, Clark, Conley, Randle","MIN",6,25,8.909853249475887,54,127.77777777777777,27.77777777777778,51.851851851851855,0.5357142857142857,14.814814814814815,33.333333333333336,0.4444444444444444,0.4444444444444444,27.77777777777778,29.62962962962963,25.925925925925927,38.888888888888886,5.555555555555555,0.5333333333333333,0.5714285714285714,0.875,0.391304347826087,0.5443945652173913,0.5869565217391305,0.6388888888888888,3.7037037037037037,7.407407407407407,0.14285714285714285,0,0
"Markkanen, Mykhailiuk, Filipowski, Clayton Jr., Nurkić","UTA",6,25,8.510638297872347,47,112.76595744680851,23.404255319148938,51.06382978723404,0.4583333333333333,21.27659574468085,55.319148936170215,0.38461538461538464,0.38461538461538464,2.127659574468085,17.02127659574468,29.78723404255319,57.4468085106383,6.382978723404255,0.36363636363636365,0.5,0.9,0.52,0.529508,0.52,0.5196078431372549,12.76595744680851,4.25531914893617,0.08333333333333333,0,0
"Johnson, Braun, Hardaway Jr., Gordon, Jokić","DEN",8,25,-5.224867724867721,54,103.70370370370371,33.333333333333336,50,0.6666666666666666,7.407407407407407,44.44444444444444,0.16666666666666666,0.16666666666666666,14.814814814814815,40.74074074074074,25.925925925925927,16.666666666666668,5.555555555555555,0.6111111111111112,0.6875,0.75,0.47058823529411764,0.5757921568627451,0.47058823529411764,0.509090909090909,7.407407407407407,3.7037037037037037,0.07407407407407407,1.8518518518518519,0.041666666666666664
"Booker, O'Neale, Allen, Williams, Gillespie","PHX",8,25,13.869992441421019,54,124.07407407407408,18.51851851851852,38.888888888888886,0.47619047619047616,22.22222222222222,50,0.4444444444444444,0.4444444444444444,20.37037037037037,14.814814814814815,22.22222222222222,66.66666666666667,0,0.4,0.5,1,0.5625,0.4694244680851064,0.5833333333333334,0.5982142857142857,7.407407407407407,9.25925925925926,0.23809523809523808,0,0
"Huerter, Okoro, Williams, Giddey, Vučević","CHI",8,24,-11.437908496732035,54,127.77777777777777,22.22222222222222,46.2962962962963,0.48,22.22222222222222,40.74074074074074,0.5454545454545454,0.5454545454545454,16.666666666666668,22.22222222222222,22.22222222222222,61.111111111111114,5.555555555555555,0.5,0.5,0.9166666666666666,0.46808510638297873,0.5687627659574468,0.6382978723404256,0.6634615384615384,0,5.555555555555555,0.12,0,0
"Sarr, Carrington, Johnson, Middleton, McCollum","WAS",6,24,-43.70370370370371,54,96.29629629629629,27.77777777777778,46.2962962962963,0.6,9.25925925925926,35.18518518518518,0.2631578947368421,0.2631578947368421,12.962962962962964,44.44444444444444,11.11111111111111,22.22222222222222,5.555555555555555,0.8,0.8571428571428571,0.8,0.4318181818181818,0.537025,0.5113636363636364,0.5416666666666666,3.7037037037037037,1.8518518518518519,0.04,0,0
"Murray, Watson, Hardaway Jr., Gordon, Jokić","DEN",2,24,49.928774928774914,52,148.07692307692307,30.76923076923077,53.84615384615385,0.5714285714285714,21.153846153846153,34.61538461538461,0.6111111111111112,0.6111111111111112,23.076923076923077,38.46153846153846,23.076923076923077,57.69230769230769,5.769230769230769,0.625,0.7142857142857143,0.9090909090909091,0.391304347826087,0.5686445652173913,0.7065217391304348,0.7264150943396226,7.6923076923076925,9.615384615384615,0.17857142857142858,0,0
"Markkanen, Mykhailiuk, George, Collier, Nurkić","UTA",5,24,-40.422322775263936,51,98.03921568627452,25.49019607843137,45.09803921568628,0.5652173913043478,11.764705882352942,37.254901960784316,0.3157894736842105,0.3157894736842105,11.764705882352942,39.21568627450981,11.764705882352942,35.294117647058826,0,0.7692307692307693,1,1,0.4523809523809524,0.5197268292682927,0.5238095238095238,0.5568181818181818,11.764705882352942,13.72549019607843,0.30434782608695654,0,0
"Washington, Lively II, Flagg, Thompson, Davis","DAL",3,24,7.8347578347578235,52,111.53846153846153,44.23076923076923,75,0.5897435897435898,3.8461538461538463,19.23076923076923,0.2,0.2,11.538461538461538,46.15384615384615,42.30769230769231,5.769230769230769,5.769230769230769,0.5217391304347826,0.5714285714285714,0.5,0.20408163265306123,0.5500418367346939,0.5306122448979592,0.5588235294117647,7.6923076923076925,7.6923076923076925,0.10256410256410256,0,0
"Young, Johnson, Daniels, Risacher, Porziņģis","ATL",3,24,-18.965517241379303,58,115.51724137931035,36.206896551724135,70.6896551724138,0.5121951219512195,6.896551724137931,18.96551724137931,0.36363636363636365,0.36363636363636365,22.413793103448278,37.93103448275862,34.48275862068966,20.689655172413794,0,0.5238095238095238,0.6111111111111112,1,0.21153846153846154,0.5784855769230769,0.5192307692307693,0.5877192982456141,10.344827586206897,5.172413793103448,0.07317073170731707,0,0
"Kennard, Alexander-Walker, Johnson, Daniels, Porziņģis","ATL",4,24,5.083333333333329,50,128,40,62,0.6451612903225806,8,22,0.36363636363636365,0.36363636363636365,24,36,44,18,6,0.45,0.5625,0.75,0.2619047619047619,0.5884666666666666,0.6190476190476191,0.6530612244897959,16,2,0.03225806451612903,0,0
"Sabonis, Achiuwa, DeRozan, Schröder, LaVine","SAC",2,24,-30.43478260869564,46,108.69565217391305,34.78260869565217,69.56521739130434,0.5,10.869565217391305,30.434782608695652,0.35714285714285715,0.35714285714285715,6.521739130434782,43.47826086956522,26.08695652173913,19.565217391304348,13.043478260869565,0.625,0.7142857142857143,0.6,0.30434782608695654,0.5399054347826088,0.5108695652173914,0.5208333333333334,8.695652173913043,15.217391304347826,0.21875,0,0
"Mitchell, Allen, Hunter, Garland, Mobley","CLE",2,23,56.67420814479638,51,147.05882352941177,45.09803921568628,72.54901960784314,0.6216216216216216,13.72549019607843,41.1764705882353,0.3333333333333333,0.3333333333333333,15.686274509803921,47.05882352941177,43.13725490196079,29.41176470588235,11.764705882352942,0.5217391304347826,0.5714285714285714,0.7142857142857143,0.3620689655172414,0.5442629310344828,0.5775862068965517,0.6048387096774194,7.8431372549019605,7.8431372549019605,0.10810810810810811,0,0
"Oubre Jr., Grimes, Maxey, Watford, Drummond","PHI",7,23,23.529411764705884,51,129.41176470588235,29.41176470588235,45.09803921568628,0.6521739130434783,13.72549019607843,37.254901960784316,0.3684210526315789,0.3684210526315789,29.41176470588235,39.21568627450981,19.607843137254903,41.1764705882353,0,0.6666666666666666,0.7142857142857143,1,0.4523809523809524,0.510277380952381,0.6071428571428571,0.65625,3.9215686274509802,3.9215686274509802,0.08695652173913043,0,0
"Landale, Morant, Aldama, Coward, Caldwell-Pope","MEM",7,23,-16.027356526910495,59,106.77966101694915,22.033898305084747,49.152542372881356,0.4482758620689655,10.169491525423728,33.898305084745765,0.3,0.3,32.20338983050848,23.728813559322035,20.338983050847457,30.508474576271187,0,0.5384615384615384,0.5384615384615384,1,0.40816326530612246,0.5278081632653061,0.4489795918367347,0.5163934426229508,0,1.694915254237288,0.034482758620689655,0,0
"Sengun, Eason, Thompson, Sheppard, Adams","HOU",5,23,65.0890143291359,47,144.68085106382978,36.170212765957444,53.191489361702125,0.68,19.148936170212767,40.42553191489362,0.47368421052631576,0.47368421052631576,14.893617021276595,29.78723404255319,42.5531914893617,44.680851063829785,12.76595744680851,0.4117647058823529,0.4375,0.7777777777777778,0.4318181818181818,0.5660279069767442,0.6931818181818182,0.7083333333333334,4.25531914893617,2.127659574468085,0.04,0,0
"Sengun, Eason, Thompson, Sheppard, Capela","HOU",6,23,8.695652173913047,46,115.21739130434783,17.391304347826086,41.30434782608695,0.42105263157894735,26.08695652173913,58.69565217391305,0.4444444444444444,0.4444444444444444,2.1739130434782608,8.695652173913043,26.08695652173913,78.26086956521739,0,0.25,0.2857142857142857,1,0.5869565217391305,0.5070195652173913,0.5652173913043478,0.5638297872340425,4.3478260869565215,2.1739130434782608,0.05263157894736842,0,0
"O'Neale, Allen, Richards, Gillespie, Ighodaro","PHX",6,23,10.33717834960072,46,102.17391304347827,23.91304347826087,54.34782608695652,0.44,13.043478260869565,30.434782608695652,0.42857142857142855,0.42857142857142855,15.217391304347826,30.434782608695652,17.391304347826086,26.08695652173913,13.043478260869565,0.6363636363636364,0.7,0.6666666666666666,0.358974358974359,0.5236205128205128,0.5128205128205128,0.5595238095238095,4.3478260869565215,8.695652173913043,0.16,0,0
"Huerter, Okoro, Jones, Buzelis, Vučević","CHI",4,23,-18.23979591836735,48,106.25,47.916666666666664,64.58333333333333,0.7419354838709677,0,16.666666666666668,0,0,10.416666666666666,54.166666666666664,41.666666666666664,0,0,0.5652173913043478,0.5909090909090909,0,0.20512820512820512,0.5658589743589744,0.5897435897435898,0.5930232558139535,4.166666666666667,4.166666666666667,0.06451612903225806,0,0
"Brown, Braun, Watson, Hardaway Jr., Jokić","DEN",9,23,46.56862745098039,52,125,30.76923076923077,51.92307692307692,0.5925925925925926,11.538461538461538,34.61538461538461,0.3333333333333333,0.3333333333333333,28.846153846153847,34.61538461538461,26.923076923076923,34.61538461538461,0,0.5625,0.6,1,0.4,0.5860761363636363,0.5555555555555556,0.625,3.8461538461538463,0,0,0,0
"Landale, Morant, Aldama, Wells, Coward","MEM",7,22,-23.913043478260875,47,100,19.148936170212767,42.5531914893617,0.45,14.893617021276595,51.06382978723404,0.2916666666666667,0.2916666666666667,17.02127659574468,21.27659574468085,17.02127659574468,38.297872340425535,6.382978723404255,0.5555555555555556,0.625,0.8571428571428571,0.5454545454545454,0.5456670454545455,0.4431818181818182,0.5,4.25531914893617,4.25531914893617,0.1,0,0
"Murray, Johnson, Watson, Gordon, Jokić","DEN",1,22,13.333333333333343,45,144.44444444444446,35.55555555555556,60,0.5925925925925926,20,40,0.5,0.5,13.333333333333334,26.666666666666668,44.44444444444444,46.666666666666664,13.333333333333334,0.375,0.46153846153846156,0.7777777777777778,0.4,0.5112911111111111,0.6555555555555556,0.6770833333333334,13.333333333333334,4.444444444444445,0.07407407407407407,2.2222222222222223,0.05555555555555555
"Powell, Adebayo, Mitchell, Ware, Wiggins","MIA",2,22,-12,50,110,16,46,0.34782608695652173,16,28,0.5714285714285714,0.5714285714285714,30,24,8,48,0,0.75,0.8571428571428571,1,0.3783783783783784,0.5305945945945947,0.5405405405405406,0.5729166666666666,4,2,0.043478260869565216,0,0
"Booker, O'Neale, Brooks, Williams, Gillespie","PHX",5,22,-48.03782505910165,47,80.85106382978724,21.27659574468085,65.95744680851064,0.3225806451612903,8.51063829787234,34.04255319148936,0.25,0.25,12.76595744680851,21.27659574468085,21.27659574468085,19.148936170212767,6.382978723404255,0.5,0.5,0.75,0.3404255319148936,0.540281914893617,0.3404255319148936,0.3877551020408163,0,8.51063829787234,0.12903225806451613,0,0
"Young, Alexander-Walker, Okongwu, Daniels, Gueye","ATL",3,22,-22.657004830917884,46,119.56521739130434,28.26086956521739,50,0.5652173913043478,13.043478260869565,28.26086956521739,0.46153846153846156,0.46153846153846156,23.91304347826087,39.130434782608695,17.391304347826086,39.130434782608695,0,0.6923076923076923,0.6923076923076923,1,0.3611111111111111,0.5481611111111111,0.6111111111111112,0.6428571428571429,0,0,0,0,0
"Jackson Jr., Morant, Aldama, Wells, Caldwell-Pope","MEM",5,22,0.35460992907800915,47,117.02127659574468,34.04255319148936,55.319148936170215,0.6153846153846154,8.51063829787234,44.680851063829785,0.19047619047619047,0.19047619047619047,23.404255319148938,21.27659574468085,46.808510638297875,25.53191489361702,0,0.3125,0.35714285714285715,1,0.44680851063829785,0.5331782608695652,0.46808510638297873,0.5188679245283019,8.51063829787234,6.382978723404255,0.11538461538461539,0,0
"Sabonis, Ellis, Westbrook, DeRozan, LaVine","SAC",5,22,-21.653746770025847,45,115.55555555555556,44.44444444444444,68.88888888888889,0.6451612903225806,4.444444444444445,24.444444444444443,0.18181818181818182,0.18181818181818182,13.333333333333334,57.77777777777778,31.11111111111111,6.666666666666667,6.666666666666667,0.65,0.6842105263157895,0.5,0.2619047619047619,0.5492440476190475,0.5476190476190477,0.5531914893617021,4.444444444444445,0,0,0,0
"Bridges, Sexton, Mann, Diabaté, Knueppel","CHA",7,21,-33.84463137060861,43,102.32558139534883,30.232558139534884,58.13953488372093,0.52,11.627906976744185,41.86046511627907,0.2777777777777778,0.2777777777777778,6.976744186046512,37.2093023255814,23.25581395348837,27.906976744186046,6.976744186046512,0.6153846153846154,0.6666666666666666,0.8,0.4186046511627907,0.5301378048780487,0.47674418604651164,0.4888888888888889,4.651162790697675,6.976744186046512,0.12,0,0
"Gafford, Marshall, Williams, Christie, Flagg","DAL",4,21,-31.01654846335697,47,97.87234042553192,27.659574468085108,51.06382978723404,0.5416666666666666,10.638297872340425,34.04255319148936,0.3125,0.3125,10.638297872340425,38.297872340425535,17.02127659574468,25.53191489361702,6.382978723404255,0.6923076923076923,0.75,0.8,0.4,0.5499525000000001,0.5125,0.5348837209302325,4.25531914893617,4.25531914893617,0.08333333333333333,0,0
"Reid, McDaniels, Clark, Conley, Randle","MIN",9,21,10.531400966183568,46,126.08695652173913,32.608695652173914,47.82608695652174,0.6818181818181818,13.043478260869565,30.434782608695652,0.42857142857142855,0.42857142857142855,21.73913043478261,26.08695652173913,39.130434782608695,32.608695652173914,6.521739130434782,0.4,0.46153846153846156,0.8333333333333334,0.3888888888888889,0.560675,0.6666666666666666,0.6904761904761905,8.695652173913043,4.3478260869565215,0.09090909090909091,0,0
"Dunn, Collins, Lopez, Batum, Harden","LAC",6,21,30.769230769230774,39,158.97435897435898,28.205128205128204,35.8974358974359,0.7857142857142857,23.076923076923077,48.717948717948715,0.47368421052631576,0.47368421052631576,33.333333333333336,20.512820512820515,35.8974358974359,61.53846153846154,7.6923076923076925,0.36363636363636365,0.4,0.8888888888888888,0.5757575757575758,0.5373939393939394,0.7424242424242424,0.7948717948717948,5.128205128205129,2.5641025641025643,0.07142857142857142,0,0
"Porter Jr., Williams, Sharpe, Martin, Powell","BKN",5,21,-18.181818181818173,44,109.0909090909091,38.63636363636363,59.09090909090909,0.6538461538461539,9.090909090909092,31.818181818181817,0.2857142857142857,0.2857142857142857,4.545454545454546,27.272727272727273,50,27.272727272727273,0,0.35294117647058826,0.375,1,0.35,0.532825,0.575,0.5853658536585366,4.545454545454546,2.272727272727273,0.038461538461538464,0,0
"Ball, Hunter, Wade, Mobley, Tyson","CLE",5,21,18.491208167895635,43,120.93023255813954,25.58139534883721,46.51162790697674,0.55,16.27906976744186,51.16279069767442,0.3181818181818182,0.3181818181818182,20.930232558139537,37.2093023255814,13.953488372093023,34.883720930232556,13.953488372093023,0.7272727272727273,0.8,0.7142857142857143,0.5238095238095238,0.6084321428571429,0.5119047619047619,0.5531914893617021,4.651162790697675,4.651162790697675,0.1,0,0
"Powell, Adebayo, Mitchell, Jaquez Jr., Wiggins","MIA",5,21,19.19326241134752,47,121.27659574468085,31.914893617021278,55.319148936170215,0.5769230769230769,10.638297872340425,36.170212765957444,0.29411764705882354,0.29411764705882354,25.53191489361702,38.297872340425535,25.53191489361702,31.914893617021278,0,0.6,0.6923076923076923,1,0.3953488372093023,0.5488046511627908,0.5232558139534884,0.59375,8.51063829787234,4.25531914893617,0.07692307692307693,0,0
"Towns, Anunoby, Shamet, McBride, Clarkson","NYK",5,21,40.252525252525245,45,128.88888888888889,37.77777777777778,57.77777777777778,0.6538461538461539,11.11111111111111,40,0.2777777777777778,0.2777777777777778,20,26.666666666666668,48.888888888888886,26.666666666666668,6.666666666666667,0.35294117647058826,0.46153846153846156,0.8,0.4090909090909091,0.6050613636363636,0.5568181818181818,0.59375,17.77777777777778,0,0,0,0
"Bey, Jones, Murphy III, Missi, Fears","NOP",6,20,-30.35495716034272,43,90.69767441860465,23.25581395348837,55.81395348837209,0.4166666666666667,11.627906976744185,39.53488372093023,0.29411764705882354,0.29411764705882354,9.30232558139535,23.25581395348837,23.25581395348837,34.883720930232556,0,0.5,0.5,1,0.4146341463414634,0.5374158536585366,0.4268292682926829,0.43333333333333335,0,4.651162790697675,0.08333333333333333,2.3255813953488373,0.058823529411764705
"Powell, Adebayo, Mitchell, Jović, Wiggins","MIA",3,20,-29.65186074429772,49,93.87755102040816,18.367346938775512,42.857142857142854,0.42857142857142855,14.285714285714286,32.6530612244898,0.4375,0.4375,14.285714285714286,20.408163265306122,16.3265306122449,30.612244897959183,12.244897959183673,0.5555555555555556,0.5555555555555556,0.7142857142857143,0.43243243243243246,0.5426819444444444,0.527027027027027,0.5609756097560976,0,4.081632653061225,0.09523809523809523,4.081632653061225,0.125
"DiVincenzo, Reid, McDaniels, Conley, Gobert","MIN",6,20,5.128205128205124,39,112.82051282051282,20.512820512820515,38.46153846153846,0.5333333333333333,12.820512820512821,33.333333333333336,0.38461538461538464,0.38461538461538464,33.333333333333336,20.512820512820515,20.512820512820515,38.46153846153846,0,0.5,0.5,1,0.4642857142857143,0.49602142857142856,0.5535714285714286,0.6111111111111112,0,5.128205128205129,0.13333333333333333,0,0
"Jones, Bitadze, Wagner, Black, da Silva","ORL",5,20,-5.632984901277581,42,130.95238095238096,42.857142857142854,64.28571428571429,0.6666666666666666,7.142857142857143,30.952380952380953,0.23076923076923078,0.23076923076923078,23.80952380952381,42.857142857142854,42.857142857142854,21.428571428571427,0,0.5,0.5625,1,0.325,0.5438000000000001,0.5625,0.5851063829787234,9.523809523809524,7.142857142857143,0.1111111111111111,0,0
"Huerter, Williams, Smith, Jones, Dosunmu","CHI",7,20,13.95348837209302,43,123.25581395348837,32.55813953488372,62.7906976744186,0.5185185185185185,13.953488372093023,32.55813953488372,0.42857142857142855,0.42857142857142855,16.27906976744186,41.86046511627907,23.25581395348837,34.883720930232556,6.976744186046512,0.6428571428571429,0.6923076923076923,0.8333333333333334,0.34146341463414637,0.5983987804878049,0.5609756097560976,0.5888888888888889,4.651162790697675,9.30232558139535,0.14814814814814814,2.3255813953488373,0.07142857142857142
"Ayton, Hachimura, Reaves, LaRavia, Knecht","LAL",2,20,-23.819163292847506,39,105.12820512820512,33.333333333333336,56.41025641025641,0.5909090909090909,5.128205128205129,23.076923076923077,0.2222222222222222,0.2222222222222222,23.076923076923077,41.02564102564103,25.641025641025642,15.384615384615385,0,0.6153846153846154,0.6153846153846154,1,0.2903225806451613,0.5049467741935484,0.5161290322580645,0.5694444444444444,0,7.6923076923076925,0.13636363636363635,0,0
"Robinson, Green, Cunningham, Duren, Holland II","DET",5,20,-17.07317073170732,41,124.39024390243902,29.26829268292683,60.97560975609756,0.48,14.634146341463415,34.146341463414636,0.42857142857142855,0.42857142857142855,21.951219512195124,29.26829268292683,29.26829268292683,21.951219512195124,21.951219512195124,0.5,0.6,0.5,0.358974358974359,0.5466538461538462,0.5384615384615384,0.5795454545454546,9.75609756097561,7.317073170731708,0.12,0,0
"Murphy III, Alvarado, Matković, Queen, Peavy","NOP",3,20,-1.9047619047619122,42,104.76190476190476,35.714285714285715,59.523809523809526,0.6,7.142857142857143,33.333333333333336,0.21428571428571427,0.21428571428571427,11.904761904761905,47.61904761904762,23.80952380952381,21.428571428571427,0,0.6666666666666666,0.7692307692307693,1,0.358974358974359,0.5383807692307692,0.5,0.524390243902439,9.523809523809524,4.761904761904762,0.08,0,0
"Champagnie, Coulibaly, Sarr, George, McCollum","WAS",2,20,-7.607433217189325,42,111.9047619047619,35.714285714285715,73.80952380952381,0.4838709677419355,9.523809523809524,21.428571428571427,0.4444444444444444,0.4444444444444444,11.904761904761905,42.857142857142854,28.571428571428573,28.571428571428573,0,0.6,0.75,1,0.225,0.52405375,0.525,0.5465116279069767,14.285714285714286,7.142857142857143,0.0967741935483871,0,0
"Sengun, Smith Jr., Eason, Thompson, Durant","HOU",6,20,9.523809523809518,42,109.52380952380952,26.19047619047619,57.142857142857146,0.4583333333333333,9.523809523809524,28.571428571428573,0.3333333333333333,0.3333333333333333,28.571428571428573,33.333333333333336,19.047619047619047,21.428571428571427,7.142857142857143,0.6363636363636364,0.7777777777777778,0.75,0.3333333333333333,0.5480222222222222,0.4722222222222222,0.5227272727272727,9.523809523809524,16.666666666666668,0.2916666666666667,0,0
"Okongwu, Daniels, Wallace, Gueye, Risacher","ATL",2,20,30.60394889663182,42,145.23809523809524,33.333333333333336,61.904761904761905,0.5384615384615384,23.80952380952381,35.714285714285715,0.6666666666666666,0.6666666666666666,7.142857142857143,57.142857142857146,9.523809523809524,71.42857142857143,0,0.8571428571428571,0.8571428571428571,1,0.36585365853658536,0.5476926829268293,0.7073170731707317,0.7261904761904762,0,7.142857142857143,0.11538461538461539,0,0
"Brown, White, Simons, Garza, Hauser","BOS",5,19,18.886804252657925,41,131.70731707317074,34.146341463414636,51.21951219512195,0.6666666666666666,17.073170731707318,51.21951219512195,0.3333333333333333,0.3333333333333333,12.195121951219512,48.78048780487805,19.51219512195122,36.58536585365854,14.634146341463415,0.7142857142857143,0.7692307692307693,0.7142857142857143,0.5,0.522922619047619,0.5833333333333334,0.6136363636363636,4.878048780487805,4.878048780487805,0.09523809523809523,0,0
"Dunn, Zubac, Jones Jr., Batum, Harden","LAC",3,19,40,40,125,17.5,42.5,0.4117647058823529,22.5,52.5,0.42857142857142855,0.42857142857142855,22.5,15,20,60,7.5,0.42857142857142855,0.5,0.8888888888888888,0.5526315789473685,0.5287013157894737,0.5394736842105263,0.5952380952380952,5,12.5,0.29411764705882354,0,0
"Williams, Sharpe, Wilson, Martin, Powell","BKN",3,19,-47.36842105263159,38,92.10526315789474,18.42105263157895,34.21052631578947,0.5384615384615384,15.789473684210526,55.26315789473684,0.2857142857142857,0.2857142857142857,7.894736842105263,21.05263157894737,15.789473684210526,47.36842105263158,0,0.5714285714285714,0.8,1,0.6176470588235294,0.5537735294117647,0.47058823529411764,0.4861111111111111,10.526315789473685,2.6315789473684212,0.07692307692307693,0,0
"Williamson, Poole, Bey, Jones, Murphy III","NOP",2,19,-30.952380952380963,42,85.71428571428571,30.952380952380953,69.04761904761905,0.4482758620689655,7.142857142857143,28.571428571428573,0.25,0.25,2.380952380952381,23.80952380952381,38.095238095238095,21.428571428571427,0,0.38461538461538464,0.4166666666666667,1,0.2926829268292683,0.5521548780487805,0.4268292682926829,0.42857142857142855,4.761904761904762,16.666666666666668,0.2413793103448276,0,0
"Avdija, Sharpe, Camara, Clingan, Grant","POR",4,19,-21.345029239766063,36,144.44444444444446,36.111111111111114,61.111111111111114,0.5909090909090909,16.666666666666668,36.111111111111114,0.46153846153846156,0.46153846153846156,22.22222222222222,33.333333333333336,38.888888888888886,41.666666666666664,8.333333333333334,0.46153846153846156,0.6666666666666666,0.8333333333333334,0.37142857142857144,0.57767,0.6285714285714286,0.6666666666666666,22.22222222222222,5.555555555555555,0.09090909090909091,0,0
"Hield, Moody, Podziemski, Horford, Butler III","GSW",6,19,28.94736842105263,38,126.3157894736842,28.94736842105263,39.473684210526315,0.7333333333333333,21.05263157894737,50,0.42105263157894735,0.42105263157894735,5.2631578947368425,42.10526315789474,15.789473684210526,63.1578947368421,0,0.7272727272727273,0.8,1,0.5588235294117647,0.5541382352941175,0.6764705882352942,0.6857142857142857,5.2631578947368425,0,0,0,0
"Towns, Anunoby, Bridges, Brunson, Hukporti","NYK",2,19,-3.0487804878048763,41,121.95121951219512,19.51219512195122,46.34146341463415,0.42105263157894735,21.951219512195124,46.34146341463415,0.47368421052631576,0.47368421052631576,17.073170731707318,24.390243902439025,14.634146341463415,51.21951219512195,14.634146341463415,0.625,0.625,0.7777777777777778,0.5,0.5546131578947368,0.5657894736842105,0.6097560975609756,0,2.4390243902439024,0.05263157894736842,0,0
"Connaughton, Sexton, Kalkbrenner, Knueppel, James","CHA",4,19,15.384615384615387,39,94.87179487179488,15.384615384615385,38.46153846153846,0.4,17.94871794871795,46.15384615384615,0.3888888888888889,0.3888888888888889,10.256410256410257,15.384615384615385,15.384615384615385,46.15384615384615,7.6923076923076925,0.5,0.6,0.8571428571428571,0.5454545454545454,0.5491727272727273,0.5,0.5285714285714286,5.128205128205129,5.128205128205129,0.13333333333333333,0,0
"Bagley III, Coulibaly, George, Middleton, McCollum","WAS",2,19,16.21621621621621,37,135.13513513513513,40.54054054054054,64.86486486486487,0.625,16.216216216216218,35.13513513513514,0.46153846153846156,0.46153846153846156,5.405405405405405,43.24324324324324,37.83783783783784,48.648648648648646,0,0.5333333333333333,0.6153846153846154,1,0.35135135135135137,0.5629202702702703,0.6486486486486487,0.625,10.81081081081081,0,0,0,0
"Ingram, Mamukelashvili, Dick, Shead, Murray-Boyles","TOR",6,19,44.13067552602436,43,146.51162790697674,32.55813953488372,51.16279069767442,0.6363636363636364,20.930232558139537,37.2093023255814,0.5625,0.5625,18.6046511627907,23.25581395348837,41.86046511627907,62.7906976744186,0,0.35714285714285715,0.4166666666666667,1,0.42105263157894735,0.5907197368421052,0.7236842105263158,0.75,9.30232558139535,2.3255813953488373,0.045454545454545456,0,0
"Carter Jr., Bane, Banchero, Black, da Silva","ORL",7,19,16.591591591591595,36,113.88888888888889,25,52.77777777777778,0.47368421052631576,11.11111111111111,33.333333333333336,0.3333333333333333,0.3333333333333333,30.555555555555557,38.888888888888886,11.11111111111111,25,8.333333333333334,0.7777777777777778,0.875,0.75,0.3870967741935484,0.5300564516129033,0.4838709677419355,0.5263157894736842,5.555555555555555,5.555555555555555,0.10526315789473684,0,0
"Jackson Jr., Aldama, Williams Jr., Spencer, Coward","MEM",4,19,5.064102564102569,40,102.5,22.5,32.5,0.6923076923076923,10,45,0.2222222222222222,0.2222222222222222,27.5,30,15,30,0,0.6666666666666666,0.75,1,0.5806451612903226,0.5467306451612903,0.4838709677419355,0.5540540540540541,5,2.5,0.07692307692307693,0,0
"Young, Alexander-Walker, Okongwu, Johnson, Daniels","ATL",3,19,-38.571428571428584,40,90,25,47.5,0.5263157894736842,7.5,30,0.25,0.25,17.5,30,20,22.5,0,0.6,0.6,1,0.3870967741935484,0.53845,0.46774193548387094,0.4864864864864865,0,2.5,0.05263157894736842,0,0
"Kennard, Alexander-Walker, Okongwu, Johnson, Daniels","ATL",5,19,-26.726726726726724,36,111.11111111111111,33.333333333333336,52.77777777777778,0.631578947368421,8.333333333333334,19.444444444444443,0.42857142857142855,0.42857142857142855,19.444444444444443,50,16.666666666666668,25,0,0.75,0.75,1,0.2692307692307692,0.5983807692307692,0.6346153846153846,0.6896551724137931,0,2.7777777777777777,0.05263157894736842,0,0
"Poeltl, Barrett, Quickley, Barnes, Dick","TOR",7,19,5.409356725146196,38,102.63157894736842,39.473684210526315,76.3157894736842,0.5172413793103449,2.6315789473684212,21.05263157894737,0.125,0.125,15.789473684210526,42.10526315789474,36.8421052631579,7.894736842105263,0,0.5333333333333333,0.5714285714285714,1,0.21621621621621623,0.5526324324324324,0.44594594594594594,0.47560975609756095,5.2631578947368425,5.2631578947368425,0.06896551724137931,0,0
"Porter Jr., Mann, Claxton, Thomas, Martin","BKN",2,19,24.54954954954954,36,108.33333333333333,38.888888888888886,75,0.5185185185185185,2.7777777777777777,30.555555555555557,0.09090909090909091,0.09090909090909091,22.22222222222222,44.44444444444444,33.333333333333336,8.333333333333334,0,0.5714285714285714,0.7272727272727273,1,0.2894736842105263,0.5029131578947369,0.40789473684210525,0.4642857142857143,16.666666666666668,11.11111111111111,0.14814814814814814,0,0
"Robinson, Green, Stewart, Cunningham, Holland II","DET",8,19,-17.43589743589743,39,102.56410256410257,25.641025641025642,51.282051282051285,0.5,10.256410256410257,35.8974358974359,0.2857142857142857,0.2857142857142857,20.512820512820515,15.384615384615385,35.8974358974359,30.76923076923077,0,0.3,0.3333333333333333,1,0.4117647058823529,0.5039573529411765,0.47058823529411764,0.5263157894736842,5.128205128205129,7.6923076923076925,0.15,0,0
"Caruso, Hartenstein, Holmgren, Dieng, Mitchell","OKC",4,19,36.236933797909415,41,121.95121951219512,39.02439024390244,65.85365853658537,0.5925925925925926,9.75609756097561,29.26829268292683,0.3333333333333333,0.3333333333333333,14.634146341463415,43.90243902439025,34.146341463414636,21.951219512195124,7.317073170731708,0.5625,0.6,0.75,0.3076923076923077,0.5200782051282051,0.5641025641025641,0.6097560975609756,4.878048780487805,4.878048780487805,0.07407407407407407,0,0
"Jackson Jr., Williams Jr., Edey, Wells, Coward","MEM",2,18,1.3157894736842053,36,125,30.555555555555557,69.44444444444444,0.44,16.666666666666668,33.333333333333336,0.5,0.5,13.88888888888889,44.44444444444444,16.666666666666668,50,0,0.7272727272727273,0.7272727272727273,1,0.32432432432432434,0.5379932432432433,0.5405405405405406,0.5769230769230769,0,2.7777777777777777,0.04,0,0
"Bitadze, Bane, Wagner, Banchero, Black","ORL",7,18,9.121621621621628,37,121.62162162162163,29.72972972972973,64.86486486486487,0.4583333333333333,13.513513513513514,27.027027027027028,0.5,0.5,21.62162162162162,5.405405405405405,54.054054054054056,32.432432432432435,8.108108108108109,0.09090909090909091,0.1111111111111111,0.8,0.29411764705882354,0.5281632352941177,0.5441176470588235,0.5769230769230769,10.81081081081081,8.108108108108109,0.125,0,0
"Okogie, Sengun, Eason, Thompson, Durant","HOU",5,18,-7.89473684210526,38,92.10526315789474,26.31578947368421,57.89473684210526,0.45454545454545453,5.2631578947368425,23.68421052631579,0.2222222222222222,0.2222222222222222,23.68421052631579,31.57894736842105,21.05263157894737,15.789473684210526,0,0.6,0.8571428571428571,1,0.2903225806451613,0.5425225806451613,0.41935483870967744,0.4594594594594595,15.789473684210526,13.157894736842104,0.22727272727272727,0,0
"Ingram, Barrett, Quickley, Barnes, Mamukelashvili","TOR",9,18,13.95348837209302,43,104.65116279069767,27.906976744186046,48.83720930232558,0.5714285714285714,9.30232558139535,27.906976744186046,0.3333333333333333,0.3333333333333333,20.930232558139537,46.51162790697674,9.30232558139535,27.906976744186046,0,0.8333333333333334,0.8333333333333334,1,0.36363636363636365,0.6056909090909091,0.5454545454545454,0.6081081081081081,0,2.3255813953488373,0.047619047619047616,2.3255813953488373,0.08333333333333333
"Oubre Jr., Maxey, Barlow, Edgecombe, Embiid","PHI",2,18,-7.017543859649123,36,116.66666666666667,13.88888888888889,38.888888888888886,0.35714285714285715,22.22222222222222,50,0.4444444444444444,0.4444444444444444,22.22222222222222,22.22222222222222,5.555555555555555,66.66666666666667,0,0.8,0.8,1,0.5625,0.5218578125,0.53125,0.5675675675675675,0,5.555555555555555,0.14285714285714285,0,0
"Dunn, Zubac, Collins, Batum, Harden","LAC",5,18,-24.183006535947698,36,111.11111111111111,27.77777777777778,47.22222222222222,0.5882352941176471,11.11111111111111,36.111111111111114,0.3076923076923077,0.3076923076923077,22.22222222222222,44.44444444444444,11.11111111111111,33.333333333333336,0,0.8,0.8888888888888888,1,0.43333333333333335,0.5322603448275862,0.5333333333333333,0.5735294117647058,5.555555555555555,2.7777777777777777,0.058823529411764705,2.7777777777777777,0.07692307692307693
"Dunn, Zubac, Collins, Harden, Bogdanović","LAC",3,18,21.390374331550802,33,127.27272727272727,33.333333333333336,42.42424242424242,0.7857142857142857,9.090909090909092,33.333333333333336,0.2727272727272727,0.2727272727272727,33.333333333333336,48.484848484848484,18.181818181818183,18.181818181818183,9.090909090909092,0.7272727272727273,0.7272727272727273,0.6666666666666666,0.44,0.519342,0.62,0.7068965517241379,0,3.0303030303030303,0.07142857142857142,3.0303030303030303,0.09090909090909091
"Huerter, Williams, Dosunmu, Giddey, Vučević","CHI",6,18,-16.91919191919193,36,119.44444444444444,27.77777777777778,44.44444444444444,0.625,13.88888888888889,38.888888888888886,0.35714285714285715,0.35714285714285715,22.22222222222222,44.44444444444444,11.11111111111111,33.333333333333336,8.333333333333334,0.8,0.8,0.8,0.4666666666666667,0.5574483333333333,0.5833333333333334,0.6142857142857143,0,0,0,0,0
"Dunn, Zubac, Jones Jr., Harden, Leonard","LAC",4,18,40.96310193871169,41,151.21951219512195,26.829268292682926,39.02439024390244,0.6875,26.829268292682926,41.46341463414634,0.6470588235294118,0.6470588235294118,17.073170731707318,29.26829268292683,24.390243902439025,58.53658536585366,21.951219512195124,0.5454545454545454,0.6666666666666666,0.7272727272727273,0.5151515151515151,0.557739393939394,0.8333333333333334,0.8611111111111112,9.75609756097561,2.4390243902439024,0.0625,0,0
"Booker, Allen, Goodwin, Williams, Dunn","PHX",4,18,27.09956709956711,33,124.24242424242425,21.21212121212121,54.54545454545455,0.3888888888888889,21.21212121212121,42.42424242424242,0.5,0.5,18.181818181818183,12.121212121212121,30.303030303030305,54.54545454545455,9.090909090909092,0.2857142857142857,0.3333333333333333,0.8571428571428571,0.4375,0.552159375,0.546875,0.5857142857142857,6.0606060606060606,0,0,0,0
"Grimes, Maxey, Watford, Edgecombe, Drummond","PHI",5,18,17.70833333333333,32,134.375,37.5,65.625,0.5714285714285714,15.625,37.5,0.4166666666666667,0.4166666666666667,12.5,50,25,46.875,0,0.6666666666666666,0.8888888888888888,1,0.36363636363636365,0.5536439393939394,0.5909090909090909,0.6142857142857143,18.75,3.125,0.047619047619047616,0,0
"Mitchell, Allen, Hunter, Mobley, Tyson","CLE",2,18,2.1337126600284506,38,121.05263157894737,28.94736842105263,55.26315789473684,0.5238095238095238,15.789473684210526,36.8421052631579,0.42857142857142855,0.42857142857142855,15.789473684210526,36.8421052631579,21.05263157894737,23.68421052631579,23.68421052631579,0.6363636363636364,0.7,0.5,0.4,0.5482757142857143,0.5714285714285714,0.6052631578947368,5.2631578947368425,7.894736842105263,0.14285714285714285,0,0
"Towns, Anunoby, Bridges, McBride, Clarkson","NYK",5,17,-12.57309941520468,38,126.3157894736842,23.68421052631579,47.36842105263158,0.5,23.68421052631579,44.73684210526316,0.5294117647058824,0.5294117647058824,7.894736842105263,26.31578947368421,21.05263157894737,63.1578947368421,7.894736842105263,0.5555555555555556,0.5555555555555556,0.8888888888888888,0.4857142857142857,0.5841271428571428,0.6428571428571429,0.6486486486486487,0,7.894736842105263,0.16666666666666666,0,0
"Landale, Morant, Konchar, Spencer, Wells","MEM",3,17,-28.57142857142857,35,80,31.428571428571427,65.71428571428571,0.4782608695652174,0,31.428571428571427,0,0,17.142857142857142,45.714285714285715,17.142857142857142,0,0,0.7272727272727273,0.8888888888888888,0,0.3235294117647059,0.5451088235294117,0.3235294117647059,0.3783783783783784,11.428571428571429,2.857142857142857,0.043478260869565216,0,0
"Whitmore, Sarr, George, Johnson, McCollum","WAS",5,17,-15.384615384615387,39,89.74358974358974,25.641025641025642,43.58974358974359,0.5882352941176471,7.6923076923076925,28.205128205128204,0.2727272727272727,0.2727272727272727,15.384615384615385,10.256410256410257,41.02564102564103,23.076923076923077,0,0.2,0.2222222222222222,1,0.39285714285714285,0.5241,0.5178571428571429,0.546875,5.128205128205129,5.128205128205129,0.11764705882352941,2.5641025641025643,0.09090909090909091
"Dunn, Zubac, Jones Jr., Batum, Beal","LAC",1,17,-52.94117647058823,34,102.94117647058823,29.41176470588235,55.88235294117647,0.5263157894736842,8.823529411764707,29.41176470588235,0.3,0.3,17.647058823529413,29.41176470588235,29.41176470588235,26.470588235294116,0,0.5,0.625,1,0.3448275862068966,0.5092293103448275,0.5,0.546875,11.764705882352942,2.9411764705882355,0.05263157894736842,0,0
"Murray, Brown, Watson, Hardaway Jr., Jokić","DEN",8,17,7.692307692307693,39,130.76923076923077,38.46153846153846,64.1025641025641,0.6,5.128205128205129,25.641025641025642,0.2,0.2,38.46153846153846,46.15384615384615,30.76923076923077,15.384615384615385,0,0.6,0.6428571428571429,1,0.2857142857142857,0.5420271428571428,0.5142857142857142,0.5952380952380952,5.128205128205129,0,0,0,0
"Bridges, Mann, Kalkbrenner, Knueppel, James","CHA",4,17,-4.411764705882348,36,125,30.555555555555557,55.55555555555556,0.55,11.11111111111111,30.555555555555557,0.36363636363636365,0.36363636363636365,30.555555555555557,27.77777777777778,33.333333333333336,33.333333333333336,0,0.45454545454545453,0.5,1,0.3548387096774194,0.5752951612903227,0.5483870967741935,0.625,5.555555555555555,5.555555555555555,0.1,0,0
"Towns, Hart, Bridges, Shamet, McBride","NYK",3,17,-1.3899613899613854,37,124.32432432432432,18.91891891891892,37.83783783783784,0.5,24.324324324324323,62.16216216216216,0.391304347826087,0.391304347826087,13.513513513513514,21.62162162162162,16.216216216216218,64.86486486486487,8.108108108108109,0.5714285714285714,0.6666666666666666,0.8888888888888888,0.6216216216216216,0.5373540540540541,0.5540540540540541,0.5897435897435898,5.405405405405405,5.405405405405405,0.14285714285714285,0,0
"Grimes, Maxey, Barlow, Edgecombe, Drummond","PHI",3,17,35.13513513513513,37,118.91891891891892,37.83783783783784,56.75675675675676,0.6666666666666666,10.81081081081081,37.83783783783784,0.2857142857142857,0.2857142857142857,10.81081081081081,21.62162162162162,54.054054054054056,24.324324324324323,8.108108108108109,0.2857142857142857,0.3076923076923077,0.75,0.4,0.5353057142857143,0.5714285714285714,0.5945945945945946,5.405405405405405,2.7027027027027026,0.047619047619047616,0,0
"Kennard, Okongwu, Krejčí, Daniels, Gueye","ATL",4,17,14.154411764705884,34,123.52941176470588,44.11764705882353,52.94117647058823,0.8333333333333334,8.823529411764707,38.23529411764706,0.23076923076923078,0.23076923076923078,8.823529411764707,64.70588235294117,23.529411764705884,26.470588235294116,0,0.7333333333333333,0.7857142857142857,1,0.41935483870967744,0.5756887096774194,0.6290322580645161,0.6212121212121212,5.882352941176471,2.9411764705882355,0.05555555555555555,0,0
"Huerter, Jones, Giddey, Buzelis, Vučević","CHI",5,17,53.1294452347084,38,134.21052631578948,44.73684210526316,60.526315789473685,0.7391304347826086,10.526315789473685,34.21052631578947,0.3076923076923077,0.3076923076923077,13.157894736842104,52.63157894736842,36.8421052631579,31.57894736842105,0,0.5882352941176471,0.6666666666666666,1,0.3611111111111111,0.5860347222222222,0.6388888888888888,0.6538461538461539,10.526315789473685,2.6315789473684212,0.043478260869565216,0,0
"Oubre Jr., Grimes, Maxey, Edgecombe, Embiid","PHI",4,17,11.925708699902259,33,115.15151515151516,18.181818181818183,54.54545454545455,0.3333333333333333,18.181818181818183,33.333333333333336,0.5454545454545454,0.5454545454545454,24.242424242424242,24.242424242424242,12.121212121212121,54.54545454545455,0,0.6666666666666666,0.8,1,0.3793103448275862,0.5144206896551724,0.5172413793103449,0.59375,6.0606060606060606,6.0606060606060606,0.1111111111111111,0,0
"Russell, Washington, Marshall, Christie, Davis","DAL",4,17,39.04761904761905,36,133.33333333333334,22.22222222222222,55.55555555555556,0.4,16.666666666666668,33.333333333333336,0.5,0.5,38.888888888888886,22.22222222222222,22.22222222222222,41.666666666666664,8.333333333333334,0.5,0.5,0.8333333333333334,0.375,0.5417453125,0.53125,0.6025641025641025,0,0,0,0,0
"Washington, Williams, Cisse, Christie, Flagg","DAL",5,17,-35.872235872235876,33,118.18181818181819,27.272727272727273,69.6969696969697,0.391304347826087,15.151515151515152,36.36363636363637,0.4166666666666667,0.4166666666666667,18.181818181818183,6.0606060606060606,48.484848484848484,36.36363636363637,9.090909090909092,0.1111111111111111,0.125,0.8,0.34285714285714286,0.5763371428571429,0.4714285714285714,0.4875,6.0606060606060606,6.0606060606060606,0.08695652173913043,0,0
"Oubre Jr., Maxey, Edwards, Edgecombe, Drummond","PHI",3,17,64.41532258064515,31,161.29032258064515,29.032258064516128,64.51612903225806,0.45,25.806451612903224,38.70967741935484,0.6666666666666666,0.6666666666666666,25.806451612903224,32.25806451612903,25.806451612903224,77.41935483870968,0,0.5555555555555556,0.7142857142857143,1,0.375,0.5593984375,0.65625,0.6944444444444444,12.903225806451612,0,0,0,0
"Mitchell, Allen, Merrill, Mobley, Tyson","CLE",2,17,55.55555555555554,36,155.55555555555554,30.555555555555557,47.22222222222222,0.6470588235294118,27.77777777777778,36.111111111111114,0.7692307692307693,0.7692307692307693,11.11111111111111,33.333333333333336,27.77777777777778,75,8.333333333333334,0.5454545454545454,0.5454545454545454,0.9,0.43333333333333335,0.5493016666666667,0.8666666666666667,0.9032258064516129,0,2.7777777777777777,0.058823529411764705,0,0
"Fox, Kornet, Vassell, Champagnie, Barnes","SAS",3,17,12.388591800356508,33,121.21212121212122,30.303030303030305,45.45454545454545,0.6666666666666666,18.181818181818183,48.484848484848484,0.375,0.375,6.0606060606060606,36.36363636363637,24.242424242424242,54.54545454545455,0,0.6,0.6,1,0.5161290322580645,0.5625177419354839,0.6129032258064516,0.625,0,3.0303030303030303,0.06666666666666667,0,0
"Sengun, Smith Jr., Eason, Thompson, Sheppard","HOU",4,16,3.030303030303031,33,124.24242424242425,30.303030303030305,42.42424242424242,0.7142857142857143,18.181818181818183,33.333333333333336,0.5454545454545454,0.5454545454545454,9.090909090909092,36.36363636363637,24.242424242424242,45.45454545454545,9.090909090909092,0.6,0.6,0.8333333333333334,0.44,0.581086,0.76,0.7592592592592593,0,6.0606060606060606,0.14285714285714285,0,0
"Zubac, Jones Jr., Harden, Leonard, Bogdanović","LAC",2,16,-17.379679144385022,33,109.0909090909091,36.36363636363637,69.6969696969697,0.5217391304347826,6.0606060606060606,33.333333333333336,0.18181818181818182,0.18181818181818182,18.181818181818183,30.303030303030305,42.42424242424242,0,18.181818181818183,0.4166666666666667,0.45454545454545453,0,0.3235294117647059,0.5088161764705882,0.4411764705882353,0.5,6.0606060606060606,0,0,3.0303030303030303,0.09090909090909091
"Johnson, Vassell, Wembanyama, Castle, Barnes","SAS",6,16,-2.1212121212121104,33,121.21212121212122,27.272727272727273,54.54545454545455,0.5,15.151515151515152,39.39393939393939,0.38461538461538464,0.38461538461538464,21.21212121212121,24.242424242424242,30.303030303030305,36.36363636363637,9.090909090909092,0.4444444444444444,0.5714285714285714,0.8,0.41935483870967744,0.5589967741935484,0.532258064516129,0.5714285714285714,12.121212121212121,6.0606060606060606,0.1111111111111111,0,0
"Oubre Jr., Grimes, Maxey, Edwards, Drummond","PHI",4,16,-35.56149732620321,33,90.9090909090909,24.242424242424242,63.63636363636363,0.38095238095238093,6.0606060606060606,33.333333333333336,0.18181818181818182,0.18181818181818182,24.242424242424242,6.0606060606060606,42.42424242424242,18.181818181818183,0,0.125,0.14285714285714285,1,0.34375,0.5209125,0.34375,0.4166666666666667,6.0606060606060606,3.0303030303030303,0.047619047619047616,0,0
"Jones, Bitadze, Banchero, Black, da Silva","ORL",6,16,46.54654654654655,36,122.22222222222223,33.333333333333336,63.888888888888886,0.5217391304347826,13.88888888888889,30.555555555555557,0.45454545454545453,0.45454545454545453,13.88888888888889,38.888888888888886,27.77777777777778,41.666666666666664,0,0.5833333333333334,0.7777777777777778,1,0.3235294117647059,0.5767352941176471,0.5735294117647058,0.6111111111111112,16.666666666666668,13.88888888888889,0.21739130434782608,0,0
"Towns, Anunoby, Hart, Brunson, Shamet","NYK",7,16,3.8288288288288186,36,141.66666666666666,33.333333333333336,52.77777777777778,0.631578947368421,19.444444444444443,38.888888888888886,0.5,0.5,16.666666666666668,38.888888888888886,27.77777777777778,58.333333333333336,0,0.5833333333333334,0.5833333333333334,1,0.42424242424242425,0.6012106060606062,0.6818181818181818,0.7285714285714285,0,5.555555555555555,0.10526315789473684,2.7777777777777777,0.07142857142857142
"Russell, Gafford, Marshall, Christie, Flagg","DAL",2,16,21.88940092165899,31,129.03225806451613,45.16129032258065,64.51612903225806,0.7,6.451612903225806,16.129032258064516,0.4,0.4,19.35483870967742,25.806451612903224,64.51612903225806,19.35483870967742,0,0.2857142857142857,0.2857142857142857,1,0.2,0.539012,0.68,0.7142857142857143,0,3.225806451612903,0.05,0,0
"Dunn, Zubac, Collins, Sanders, Harden","LAC",2,16,-2.941176470588232,34,123.52941176470588,29.41176470588235,67.6470588235294,0.43478260869565216,11.764705882352942,32.35294117647059,0.36363636363636365,0.36363636363636365,29.41176470588235,29.41176470588235,29.41176470588235,35.294117647058826,0,0.5,0.625,1,0.3235294117647059,0.582485294117647,0.47058823529411764,0.5675675675675675,11.764705882352942,8.823529411764707,0.13043478260869565,0,0
"Eubanks, Clifford, Westbrook, DeRozan, Schröder","SAC",1,16,-6.060606060606062,33,115.15151515151516,27.272727272727273,63.63636363636363,0.42857142857142855,15.151515151515152,21.21212121212121,0.7142857142857143,0.7142857142857143,15.151515151515152,24.242424242424242,30.303030303030305,36.36363636363637,9.090909090909092,0.4444444444444444,0.5,0.8,0.25,0.47691964285714283,0.5892857142857143,0.59375,6.0606060606060606,6.0606060606060606,0.09523809523809523,0,0
"Jackson Jr., Aldama, Coward, Small, Caldwell-Pope","MEM",5,16,72.2943722943723,35,157.14285714285714,34.285714285714285,62.857142857142854,0.5454545454545454,17.142857142857142,28.571428571428573,0.6,0.6,37.142857142857146,51.42857142857143,17.142857142857142,42.857142857142854,8.571428571428571,0.75,0.75,0.8333333333333334,0.3125,0.5146859375,0.65625,0.6923076923076923,0,11.428571428571429,0.18181818181818182,0,0
"Kuminga, Horford, Curry, Butler III, Green","GSW",4,16,-1.5151515151515156,30,116.66666666666667,16.666666666666668,50,0.3333333333333333,16.666666666666668,33.333333333333336,0.5,0.5,33.333333333333336,6.666666666666667,26.666666666666668,40,10,0.2,0.2,0.8,0.4,0.518448,0.5,0.5833333333333334,0,0,0,0,0
"Towns, Hart, Bridges, Shamet, Clarkson","NYK",2,16,-2.2048364153627347,37,116.21621621621621,29.72972972972973,51.351351351351354,0.5789473684210527,10.81081081081081,40.54054054054054,0.26666666666666666,0.26666666666666666,24.324324324324323,43.24324324324324,16.216216216216218,24.324324324324323,8.108108108108109,0.7272727272727273,0.7272727272727273,0.75,0.4411764705882353,0.6088176470588236,0.5,0.5375,0,2.7027027027027026,0.05263157894736842,2.7027027027027026,0.06666666666666667
"Jackson Jr., Morant, Aldama, Wells, Coward","MEM",5,16,-24.324324324324323,38,100,21.05263157894737,44.73684210526316,0.47058823529411764,13.157894736842104,26.31578947368421,0.5,0.5,18.42105263157895,36.8421052631579,5.2631578947368425,39.473684210526315,0,0.875,1,1,0.37037037037037035,0.5758981481481482,0.5740740740740741,0.59375,5.2631578947368425,2.6315789473684212,0.058823529411764705,0,0
"Nance Jr., Mitchell, Mobley, Porter Jr., Tyson","CLE",4,16,35.294117647058826,34,147.05882352941177,44.11764705882353,47.05882352941177,0.9375,14.705882352941176,35.294117647058826,0.4166666666666667,0.4166666666666667,14.705882352941176,41.1764705882353,47.05882352941177,44.11764705882353,0,0.4666666666666667,0.5,1,0.42857142857142855,0.5602446428571428,0.8035714285714286,0.8064516129032258,5.882352941176471,0,0,0,0
"Pickett, Nnaji, Strawther, Tyson, Jones","DEN",4,16,-10.91575091575092,35,68.57142857142857,20,37.142857142857146,0.5384615384615384,5.714285714285714,51.42857142857143,0.1111111111111111,0.1111111111111111,11.428571428571429,22.857142857142858,17.142857142857142,17.142857142857142,0,0.5714285714285714,0.6666666666666666,1,0.5806451612903226,0.5527354838709677,0.3225806451612903,0.36363636363636365,5.714285714285714,11.428571428571429,0.3076923076923077,0,0
"Barrett, Quickley, Barnes, Mamukelashvili, Dick","TOR",7,16,27.5,30,140,33.333333333333336,43.333333333333336,0.7692307692307693,16.666666666666668,46.666666666666664,0.35714285714285715,0.35714285714285715,23.333333333333332,46.666666666666664,20,40,10,0.7,0.7,0.8,0.5185185185185185,0.5451277777777778,0.6481481481481481,0.6774193548387096,0,0,0,3.3333333333333335,0.07142857142857142
"Robinson, Green, Cunningham, Duren, Jenkins","DET",2,16,22.043010752688176,31,138.70967741935485,29.032258064516128,61.29032258064516,0.47368421052631576,16.129032258064516,35.483870967741936,0.45454545454545453,0.45454545454545453,32.25806451612903,32.25806451612903,25.806451612903224,38.70967741935484,9.67741935483871,0.5555555555555556,0.5555555555555556,0.8,0.36666666666666664,0.5065566666666667,0.55,0.5972222222222222,0,0,0,0,0
"Mitchell, Allen, Wade, Merrill, Mobley","CLE",5,16,35.48387096774192,31,135.48387096774192,29.032258064516128,35.483870967741936,0.8181818181818182,16.129032258064516,41.935483870967744,0.38461538461538464,0.38461538461538464,29.032258064516128,19.35483870967742,38.70967741935484,48.38709677419355,0,0.3333333333333333,0.3333333333333333,1,0.5416666666666666,0.52076875,0.6875,0.6774193548387096,0,3.225806451612903,0.09090909090909091,0,0
"Jones, Carter Jr., Bane, Wagner, Banchero","ORL",3,16,-51.96911196911198,35,88.57142857142857,20,60,0.3333333333333333,5.714285714285714,14.285714285714286,0.4,0.4,31.428571428571427,17.142857142857142,22.857142857142858,0,17.142857142857142,0.42857142857142855,0.5,0,0.19230769230769232,0.5693403846153846,0.38461538461538464,0.4696969696969697,5.714285714285714,2.857142857142857,0.047619047619047616,0,0
"Mann, Claxton, Thomas, Martin, Clowney","BKN",2,16,26.666666666666657,30,156.66666666666666,36.666666666666664,70,0.5238095238095238,13.333333333333334,20,0.6666666666666666,0.6666666666666666,43.333333333333336,33.333333333333336,40,40,0,0.45454545454545453,0.5,1,0.2222222222222222,0.5195944444444445,0.6296296296296297,0.6911764705882353,6.666666666666667,6.666666666666667,0.09523809523809523,0,0
"Avdija, Murray, Camara, Holiday, Grant","POR",6,16,17.647058823529406,34,135.2941176470588,29.41176470588235,50,0.5882352941176471,17.647058823529413,35.294117647058826,0.5,0.5,23.529411764705884,47.05882352941177,11.764705882352942,44.11764705882353,8.823529411764707,0.8,0.8,0.8333333333333334,0.41379310344827586,0.5957275862068966,0.6551724137931034,0.703125,0,8.823529411764707,0.17647058823529413,0,0
"DiVincenzo, Reid, McDaniels, Dillingham, Gobert","MIN",6,16,-18.951612903225808,32,87.5,34.375,68.75,0.5,6.25,28.125,0.2222222222222222,0.2222222222222222,0,37.5,31.25,18.75,0,0.5454545454545454,0.75,1,0.2903225806451613,0.513483870967742,0.45161290322580644,0.45161290322580644,18.75,3.125,0.045454545454545456,0,0
"Sengun, Smith Jr., Thompson, Sheppard, Durant","HOU",7,15,74.99999999999999,36,141.66666666666666,36.111111111111114,61.111111111111114,0.5909090909090909,11.11111111111111,27.77777777777778,0.4,0.4,36.111111111111114,27.77777777777778,44.44444444444444,25,8.333333333333334,0.38461538461538464,0.38461538461538464,0.75,0.3125,0.4932421875,0.59375,0.6891891891891891,0,0,0,0,0
"Oubre Jr., Maxey, Watford, Edgecombe, Embiid","PHI",1,15,36.66666666666666,30,156.66666666666666,53.333333333333336,80,0.6666666666666666,13.333333333333334,33.333333333333336,0.4,0.4,10,40,66.66666666666667,40,0,0.375,0.46153846153846156,1,0.29411764705882354,0.5925455882352941,0.6470588235294118,0.6527777777777778,20,6.666666666666667,0.08333333333333333,0,0
"Ayton, Hachimura, LaRavia, Knecht, Smart","LAL",2,15,-27.27272727272728,33,87.87878787878788,36.36363636363637,60.60606060606061,0.6,0,21.21212121212121,0,0,15.151515151515152,42.42424242424242,30.303030303030305,0,0,0.5833333333333334,0.6363636363636364,0,0.25925925925925924,0.515012962962963,0.4444444444444444,0.48333333333333334,6.0606060606060606,0,0,0,0
"Portis, Kuzma, Anthony, Green, Antetokounmpo","MIL",3,15,18.084066471163226,31,148.38709677419354,48.38709677419355,64.51612903225806,0.75,9.67741935483871,22.580645161290324,0.42857142857142855,0.42857142857142855,22.580645161290324,32.25806451612903,64.51612903225806,29.032258064516128,0,0.3333333333333333,0.38461538461538464,1,0.25925925925925924,0.6349615384615385,0.7222222222222222,0.7666666666666667,12.903225806451612,0,0,0,0
"Bridges, Sexton, Mann, Diabaté, James","CHA",8,15,-6.25,32,137.5,18.75,46.875,0.4,25,31.25,0.8,0.8,25,25,12.5,56.25,18.75,0.6666666666666666,0.6666666666666666,0.75,0.4,0.52501875,0.72,0.7586206896551724,0,3.125,0.06666666666666667,0,0
"Portis, Trent Jr., Anthony, Antetokounmpo, Harris","MIL",3,15,-52.534562211981566,31,90.3225806451613,25.806451612903224,45.16129032258065,0.5714285714285714,9.67741935483871,35.483870967741936,0.2727272727272727,0.2727272727272727,9.67741935483871,32.25806451612903,19.35483870967742,29.032258064516128,0,0.625,0.7142857142857143,1,0.44,0.5273916666666667,0.5,0.5,6.451612903225806,0,0,0,0
"Caruso, Hartenstein, Wiggins, Holmgren, Mitchell","OKC",2,15,68.62068965517241,29,158.6206896551724,58.62068965517241,72.41379310344827,0.8095238095238095,10.344827586206897,20.689655172413794,0.5,0.5,10.344827586206897,89.65517241379311,27.586206896551722,31.03448275862069,0,0.7647058823529411,0.8666666666666667,1,0.2222222222222222,0.5667462962962962,0.7962962962962963,0.8214285714285714,13.793103448275861,0,0,0,0
"Grimes, Maxey, Watford, Edwards, Drummond","PHI",5,15,39.58944281524927,33,136.36363636363637,27.272727272727273,48.484848484848484,0.5625,18.181818181818183,33.333333333333336,0.5454545454545454,0.5454545454545454,27.272727272727273,30.303030303030305,24.242424242424242,45.45454545454545,9.090909090909092,0.5555555555555556,0.5555555555555556,0.8333333333333334,0.4074074074074074,0.5605907407407407,0.6666666666666666,0.703125,0,0,0,0,0
"Eason, Thompson, Sheppard, Durant, Adams","HOU",8,15,-0.32679738562090677,34,94.11764705882354,38.23529411764706,79.41176470588235,0.48148148148148145,0,20.58823529411765,0,0,17.647058823529413,35.294117647058826,41.1764705882353,0,0,0.46153846153846156,0.5,0,0.20588235294117646,0.5377264705882352,0.38235294117647056,0.43243243243243246,5.882352941176471,5.882352941176471,0.07407407407407407,0,0
"Murray, Johnson, Nnaji, Watson, Jokić","DEN",1,15,-15.240641711229955,34,102.94117647058823,23.529411764705884,35.294117647058826,0.6666666666666666,17.647058823529413,38.23529411764706,0.46153846153846156,0.46153846153846156,2.9411764705882355,29.41176470588235,17.647058823529413,44.11764705882353,8.823529411764707,0.625,0.625,0.8333333333333334,0.52,0.555562,0.68,0.7,0,5.882352941176471,0.16666666666666666,0,0
"Bitadze, Bane, Wagner, Suggs, da Silva","ORL",4,15,31.034482758620697,29,131.0344827586207,34.48275862068966,62.06896551724138,0.5555555555555556,10.344827586206897,48.275862068965516,0.21428571428571427,0.21428571428571427,31.03448275862069,41.37931034482759,27.586206896551722,31.03448275862069,0,0.6,0.6666666666666666,1,0.4375,0.5646078125,0.453125,0.5277777777777778,6.896551724137931,6.896551724137931,0.1111111111111111,0,0
"Johnson, Braun, Watson, Hardaway Jr., Jokić","DEN",5,15,8.064516129032256,31,158.06451612903226,48.38709677419355,74.19354838709677,0.6521739130434783,12.903225806451612,19.35483870967742,0.6666666666666666,0.6666666666666666,22.580645161290324,70.96774193548387,25.806451612903224,38.70967741935484,0,0.7333333333333333,0.8461538461538461,1,0.20689655172413793,0.6656310344827586,0.7241379310344828,0.765625,12.903225806451612,6.451612903225806,0.08695652173913043,0,0
"Porter Jr., Mann, Claxton, Williams, Clowney","BKN",4,15,-16.66666666666667,30,93.33333333333333,30,40,0.75,0,30,0,0,33.333333333333336,20,40,0,0,0.3333333333333333,0.375,0,0.42857142857142855,0.5175833333333333,0.42857142857142855,0.5,6.666666666666667,0,0,3.3333333333333335,0.1111111111111111
"Kennard, Okongwu, Krejčí, Wallace, Gueye","ATL",4,15,-0.26737967914438343,34,108.82352941176471,17.647058823529413,32.35294117647059,0.5454545454545454,20.58823529411765,41.1764705882353,0.5,0.5,11.764705882352942,29.41176470588235,5.882352941176471,61.76470588235294,0,0.8333333333333334,0.8333333333333334,1,0.56,0.5194104166666667,0.66,0.6851851851851852,0,2.9411764705882355,0.09090909090909091,0,0
"Kuminga, Moody, Podziemski, Butler III, Green","GSW",3,15,-23.67816091954022,29,89.65517241379311,10.344827586206897,31.03448275862069,0.3333333333333333,20.689655172413794,55.172413793103445,0.375,0.375,6.896551724137931,13.793103448275861,6.896551724137931,62.06896551724138,0,0.6666666666666666,0.6666666666666666,1,0.64,0.529254,0.48,0.5,0,3.4482758620689653,0.1111111111111111,3.4482758620689653,0.0625
"Siakam, Nembhard, Jackson, Mathurin, Sheppard","IND",3,15,-13.333333333333329,30,116.66666666666667,30,50,0.6,6.666666666666667,40,0.16666666666666666,0.16666666666666666,36.666666666666664,13.333333333333334,46.666666666666664,0,20,0.2222222222222222,0.2857142857142857,0,0.4444444444444444,0.545374074074074,0.4444444444444444,0.5147058823529411,13.333333333333334,3.3333333333333335,0.06666666666666667,0,0
"Bridges, Mann, Diabaté, Simpson, Knueppel","CHA",5,15,4.375,30,120,30,43.333333333333336,0.6923076923076923,16.666666666666668,50,0.3333333333333333,0.3333333333333333,10,33.333333333333336,26.666666666666668,50,0,0.5555555555555556,0.625,1,0.5357142857142857,0.5459740740740741,0.5892857142857143,0.6206896551724138,6.666666666666667,3.3333333333333335,0.07692307692307693,0,0
"Hartenstein, Gilgeous-Alexander, Wiggins, Wallace, Mitchell","OKC",3,15,2.941176470588232,34,117.6470588235294,17.647058823529413,44.11764705882353,0.4,17.647058823529413,26.470588235294116,0.6666666666666666,0.6666666666666666,29.41176470588235,17.647058823529413,17.647058823529413,44.11764705882353,8.823529411764707,0.5,0.5,0.8333333333333334,0.375,0.53793125,0.625,0.6896551724137931,0,2.9411764705882355,0.06666666666666667,0,0
"Ball, Hunter, Wade, Mobley, Porter Jr.","CLE",6,15,-26.10887096774192,32,109.375,15.625,31.25,0.5,21.875,46.875,0.4666666666666667,0.4666666666666667,12.5,12.5,18.75,46.875,18.75,0.4,0.5,0.7142857142857143,0.6,0.629596,0.62,0.625,6.25,3.125,0.1,0,0
"Hield, Podziemski, Post, Butler III, Green","GSW",3,15,3.908045977011497,29,117.24137931034483,34.48275862068966,55.172413793103445,0.625,13.793103448275861,31.03448275862069,0.4444444444444444,0.4444444444444444,6.896551724137931,27.586206896551722,41.37931034482759,41.37931034482759,0,0.4,0.5,1,0.36,0.539452,0.64,0.6346153846153846,13.793103448275861,0,0,0,0
"DiVincenzo, Reid, Clark, Conley, Gobert","MIN",7,15,-13.333333333333329,30,116.66666666666667,26.666666666666668,53.333333333333336,0.5,13.333333333333334,33.333333333333336,0.4,0.4,23.333333333333332,26.666666666666668,26.666666666666668,30,10,0.5,1,0.75,0.38461538461538464,0.5826115384615385,0.5384615384615384,0.5645161290322581,26.666666666666668,3.3333333333333335,0.0625,0,0
"Payton II, Spencer, Santos, Jackson-Davis, Richard","GSW",2,15,18.202764976958534,28,121.42857142857143,35.714285714285715,71.42857142857143,0.5,7.142857142857143,42.857142857142854,0.16666666666666666,0.16666666666666666,28.571428571428573,42.857142857142854,28.571428571428573,0,21.428571428571427,0.6,0.75,0,0.375,0.5443953125,0.40625,0.4594594594594595,14.285714285714286,3.5714285714285716,0.05,0,0
"Russell, Marshall, Christie, Lively II, Flagg","DAL",5,15,38.924731182795696,31,132.25806451612902,32.25806451612903,48.38709677419355,0.6666666666666666,12.903225806451612,35.483870967741936,0.36363636363636365,0.36363636363636365,29.032258064516128,38.70967741935484,25.806451612903224,38.70967741935484,0,0.6,0.6,1,0.4230769230769231,0.5825115384615385,0.6153846153846154,0.6612903225806451,0,3.225806451612903,0.06666666666666667,0,0
"Huerter, Williams, Jones, Dosunmu, Vučević","CHI",5,15,6.666666666666671,30,110,20,43.333333333333336,0.46153846153846156,13.333333333333334,36.666666666666664,0.36363636363636365,0.36363636363636365,30,20,20,40,0,0.5,0.6,1,0.4583333333333333,0.5682354166666667,0.5,0.5689655172413793,6.666666666666667,6.666666666666667,0.15384615384615385,0,0
"Siakam, Nembhard, Jackson, Walker, Sheppard","IND",4,15,-51.72413793103448,30,100,33.333333333333336,60,0.5555555555555556,6.666666666666667,26.666666666666668,0.25,0.25,13.333333333333334,26.666666666666668,40,20,0,0.4,0.4444444444444444,1,0.3076923076923077,0.4976557692307692,0.5,0.5172413793103449,6.666666666666667,0,0,3.3333333333333335,0.125
"Zubac, Miller, Sanders, Batum, Bogdanović","LAC",3,15,35.83333333333333,25,140,12,32,0.375,36,64,0.5625,0.5625,8,8,16,72,36,0.3333333333333333,0.5,0.6666666666666666,0.6666666666666666,0.5313416666666667,0.6875,0.7,8,8,0.25,4,0.0625
"Williams, Sharpe, Martin, Clowney, Powell","BKN",5,15,11.111111111111114,27,111.11111111111111,22.22222222222222,44.44444444444444,0.5,14.814814814814815,37.03703703703704,0.4,0.4,22.22222222222222,14.814814814814815,29.62962962962963,44.44444444444444,0,0.3333333333333333,0.3333333333333333,1,0.45454545454545453,0.5172477272727273,0.5454545454545454,0.5769230769230769,0,0,0,0,0
"Bitadze, Wagner, Suggs, Black, da Silva","ORL",3,15,90.23041474654379,31,164.51612903225808,45.16129032258065,58.064516129032256,0.7777777777777778,19.35483870967742,41.935483870967744,0.46153846153846156,0.46153846153846156,16.129032258064516,58.064516129032256,32.25806451612903,58.064516129032256,0,0.6428571428571429,0.75,1,0.41935483870967744,0.6174086206896552,0.7419354838709677,0.75,12.903225806451612,0,0,0,0
"Bey, Murphy III, Alvarado, Hawkins, Queen","NOP",5,15,-13.11827956989248,30,93.33333333333333,30,56.666666666666664,0.5294117647058824,10,33.333333333333336,0.3,0.3,3.3333333333333335,40,20,30,0,0.6666666666666666,0.75,1,0.37037037037037035,0.5347629629629629,0.5,0.5,6.666666666666667,3.3333333333333335,0.058823529411764705,0,0
"Brown, White, Queta, Pritchard, González","BOS",2,14,19.354838709677423,31,119.35483870967742,29.032258064516128,51.61290322580645,0.5625,16.129032258064516,38.70967741935484,0.4166666666666667,0.4166666666666667,12.903225806451612,6.451612903225806,51.61290322580645,38.70967741935484,9.67741935483871,0.1111111111111111,0.125,0.8,0.42857142857142855,0.5220589285714285,0.5892857142857143,0.578125,6.451612903225806,0,0,0,0
"Bey, Jones, Alvarado, Hawkins, Queen","NOP",4,14,8.769230769230774,25,128,44,68,0.6470588235294118,12,28,0.42857142857142855,0.42857142857142855,4,32,56,36,0,0.36363636363636365,0.4444444444444444,1,0.2916666666666667,0.5310041666666666,0.6458333333333334,0.64,16,4,0.058823529411764705,0,0
"Powell, Mitchell, Jović, Jaquez Jr., Larsson","MIA",6,14,72.30255839822026,31,151.61290322580646,48.38709677419355,58.064516129032256,0.8333333333333334,12.903225806451612,35.483870967741936,0.36363636363636365,0.36363636363636365,16.129032258064516,64.51612903225806,32.25806451612903,38.70967741935484,0,0.6666666666666666,0.6666666666666666,1,0.3793103448275862,0.5416241379310345,0.7241379310344828,0.7580645161290323,0,3.225806451612903,0.05555555555555555,0,0
"Siakam, Bradley, Nembhard, Robinson-Earl, Walker","IND",2,14,7.741935483870975,30,140,20,33.333333333333336,0.6,26.666666666666668,43.333333333333336,0.6153846153846154,0.6153846153846154,20,33.333333333333336,6.666666666666667,60,20,0.8333333333333334,0.8333333333333334,0.75,0.5652173913043478,0.5518804347826087,0.782608695652174,0.8076923076923077,0,0,0,0,0
"Holiday, Tate, Davison, Green, Capela","HOU",3,14,-13.839285714285708,28,114.28571428571429,17.857142857142858,50,0.35714285714285715,17.857142857142858,25,0.7142857142857143,0.7142857142857143,25,7.142857142857143,28.571428571428573,53.57142857142857,0,0.2,0.3333333333333333,1,0.3333333333333333,0.4896690476190476,0.5952380952380952,0.5925925925925926,14.285714285714286,0,0,0,0
"Huerter, Williams, Giddey, Buzelis, Vučević","CHI",6,14,-29.94652406417113,33,81.81818181818181,24.242424242424242,48.484848484848484,0.5,9.090909090909092,36.36363636363637,0.25,0.25,6.0606060606060606,36.36363636363637,12.121212121212121,27.272727272727273,0,0.75,0.75,1,0.42857142857142855,0.5605678571428572,0.44642857142857145,0.45,0,3.0303030303030303,0.0625,0,0
"Okongwu, Daniels, Wallace, Risacher, Porziņģis","ATL",3,14,31.904761904761912,28,128.57142857142858,21.428571428571427,57.142857142857146,0.375,10.714285714285714,39.285714285714285,0.2727272727272727,0.2727272727272727,53.57142857142857,35.714285714285715,7.142857142857143,32.142857142857146,0,0.8333333333333334,0.8333333333333334,1,0.4074074074074074,0.5074148148148149,0.3888888888888889,0.5147058823529411,0,10.714285714285714,0.1875,0,0
"Looney, Poole, Jones, Murphy III, Fears","NOP",2,14,-77.30812013348165,31,70.96774193548387,9.67741935483871,41.935483870967744,0.23076923076923078,12.903225806451612,38.70967741935484,0.3333333333333333,0.3333333333333333,12.903225806451612,12.903225806451612,6.451612903225806,38.70967741935484,0,0.6666666666666666,1,1,0.48,0.541675,0.36,0.4074074074074074,6.451612903225806,6.451612903225806,0.15384615384615385,0,0
"Jackson Jr., Aldama, Spencer, Coward, Small","MEM",3,14,56.888888888888886,25,168,36,64,0.5625,28,44,0.6363636363636364,0.6363636363636364,12,56,16,72,12,0.7777777777777778,0.875,0.8571428571428571,0.4074074074074074,0.5276203703703704,0.7222222222222222,0.7241379310344828,8,4,0.0625,0,0
"Towns, Hart, Bridges, Brunson, Shamet","NYK",6,14,-10.714285714285722,28,125,21.428571428571427,39.285714285714285,0.5454545454545454,25,42.857142857142854,0.5833333333333334,0.5833333333333334,7.142857142857143,21.428571428571427,21.428571428571427,53.57142857142857,21.428571428571427,0.5,0.5,0.7142857142857143,0.5217391304347826,0.5607391304347826,0.717391304347826,0.7,0,10.714285714285714,0.2727272727272727,0,0
"Johnson, Daniels, Wallace, Risacher, Porziņģis","ATL",2,14,-50,26,76.92307692307692,19.23076923076923,53.84615384615385,0.35714285714285715,3.8461538461538463,30.76923076923077,0.125,0.125,26.923076923076923,23.076923076923077,15.384615384615385,11.538461538461538,0,0.6,0.75,1,0.36363636363636365,0.5173727272727272,0.29545454545454547,0.38461538461538464,7.6923076923076925,15.384615384615385,0.2857142857142857,0,0
"Landale, Morant, Konchar, Spencer, Caldwell-Pope","MEM",3,14,-13.186813186813197,26,115.38461538461539,7.6923076923076925,26.923076923076923,0.2857142857142857,30.76923076923077,57.69230769230769,0.5333333333333333,0.5333333333333333,7.6923076923076925,15.384615384615385,0,80.76923076923077,11.538461538461538,1,1,0.875,0.6818181818181818,0.5299386363636364,0.6363636363636364,0.6521739130434783,0,0,0,0,0
"Bridges, Sexton, Ball, Diabaté, Knueppel","CHA",7,14,22.466039707419014,33,112.12121212121212,27.272727272727273,45.45454545454545,0.6,18.181818181818183,36.36363636363637,0.5,0.5,3.0303030303030303,42.42424242424242,12.121212121212121,45.45454545454545,9.090909090909092,0.7777777777777778,0.7777777777777778,0.8333333333333334,0.4444444444444444,0.530625,0.6666666666666666,0.6851851851851852,0,0,0,0,0
"Portis, Kuzma, Coffey, Anthony, Antetokounmpo","MIL",3,14,27.58620689655173,29,120.6896551724138,37.93103448275862,68.96551724137932,0.55,13.793103448275861,41.37931034482759,0.3333333333333333,0.3333333333333333,3.4482758620689653,41.37931034482759,34.48275862068966,41.37931034482759,0,0.5454545454545454,0.6666666666666666,1,0.375,0.5559016129032258,0.53125,0.5303030303030303,13.793103448275861,0,0,0,0
"Turner, Prince, Trent Jr., Anthony, Antetokounmpo","MIL",4,14,48.67172675521823,31,151.61290322580646,41.935483870967744,54.83870967741935,0.7647058823529411,19.35483870967742,35.483870967741936,0.5454545454545454,0.5454545454545454,9.67741935483871,45.16129032258065,38.70967741935484,58.064516129032256,0,0.5384615384615384,0.5833333333333334,1,0.39285714285714285,0.5896321428571428,0.7857142857142857,0.7580645161290323,6.451612903225806,3.225806451612903,0.058823529411764705,0,0
"Washington, Christie, Flagg, Thompson, Davis","DAL",3,14,-47.701149425287355,29,68.96551724137932,17.24137931034483,44.827586206896555,0.38461538461538464,10.344827586206897,31.03448275862069,0.3333333333333333,0.3333333333333333,3.4482758620689653,13.793103448275861,20.689655172413794,31.03448275862069,0,0.4,0.4,1,0.4090909090909091,0.4963477272727273,0.4318181818181818,0.4166666666666667,0,3.4482758620689653,0.07692307692307693,0,0
"Jones, Bitadze, Wagner, Suggs, da Silva","ORL",4,14,-0.738916256157637,29,120.6896551724138,27.586206896551722,55.172413793103445,0.5,13.793103448275861,44.827586206896555,0.3076923076923077,0.3076923076923077,24.137931034482758,20.689655172413794,34.48275862068966,41.37931034482759,0,0.375,0.6,1,0.4482758620689655,0.5393314814814815,0.4827586206896552,0.5,20.689655172413794,6.896551724137931,0.125,0,0
"Bey, Jones, Murphy III, Alvarado, Queen","NOP",5,14,32.294372294372295,33,115.15151515151516,21.21212121212121,42.42424242424242,0.5,12.121212121212121,24.242424242424242,0.5,0.5,36.36363636363637,24.242424242424242,18.181818181818183,27.272727272727273,9.090909090909092,0.5714285714285714,0.5714285714285714,0.75,0.36363636363636365,0.5383522727272727,0.5909090909090909,0.6551724137931034,0,3.0303030303030303,0.07142857142857142,3.0303030303030303,0.125
"Eubanks, Clifford, DeRozan, Schröder, LaVine","SAC",2,14,13.570634037819786,29,110.34482758620689,44.827586206896555,75.86206896551724,0.5909090909090909,3.4482758620689653,17.24137931034483,0.2,0.2,10.344827586206897,41.37931034482759,48.275862068965516,10.344827586206897,0,0.46153846153846156,0.5454545454545454,1,0.18518518518518517,0.49065740740740743,0.5370370370370371,0.5517241379310345,13.793103448275861,3.4482758620689653,0.045454545454545456,0,0
"Zubac, Jones Jr., Batum, Harden, Leonard","LAC",3,14,-61.53846153846155,27,100,25.925925925925927,55.55555555555556,0.4666666666666667,11.11111111111111,29.62962962962963,0.375,0.375,14.814814814814815,7.407407407407407,44.44444444444444,22.22222222222222,11.11111111111111,0.14285714285714285,0.2,0.6666666666666666,0.34782608695652173,0.5058608695652174,0.5,0.54,14.814814814814815,0,0,0,0
"Mitchell, Hunter, Merrill, Mobley, Tyson","CLE",2,14,55.172413793103445,29,158.6206896551724,27.586206896551722,41.37931034482759,0.6666666666666666,24.137931034482758,51.724137931034484,0.4666666666666667,0.4666666666666667,31.03448275862069,13.793103448275861,41.37931034482759,51.724137931034484,20.689655172413794,0.25,0.2857142857142857,0.7142857142857143,0.5555555555555556,0.48529074074074074,0.6851851851851852,0.703125,6.896551724137931,0,0,0,0
"Landale, Morant, Konchar, Wells, Caldwell-Pope","MEM",4,14,-7.718894009216569,31,138.70967741935485,25.806451612903224,58.064516129032256,0.4444444444444444,16.129032258064516,38.70967741935484,0.4166666666666667,0.4166666666666667,38.70967741935484,32.25806451612903,19.35483870967742,48.38709677419355,0,0.625,0.7142857142857143,1,0.4,0.513255172413793,0.5166666666666667,0.5972222222222222,6.451612903225806,3.225806451612903,0.05555555555555555,0,0
"Williams III, Murray, Camara, Holiday, Grant","POR",6,14,-46.871008939974445,29,82.75862068965517,17.24137931034483,55.172413793103445,0.3125,13.793103448275861,37.93103448275862,0.36363636363636365,0.36363636363636365,6.896551724137931,20.689655172413794,13.793103448275861,31.03448275862069,10.344827586206897,0.6,0.75,0.75,0.4074074074074074,0.544862962962963,0.4074074074074074,0.41379310344827586,6.896551724137931,6.896551724137931,0.125,0,0
"Avdija, Murray, Camara, Clingan, Holiday","POR",6,14,18.77394636015326,27,122.22222222222223,33.333333333333336,51.851851851851855,0.6428571428571429,11.11111111111111,44.44444444444444,0.25,0.25,22.22222222222222,14.814814814814815,51.851851851851855,11.11111111111111,22.22222222222222,0.2222222222222222,0.25,0.3333333333333333,0.46153846153846156,0.59665,0.5192307692307693,0.5689655172413793,7.407407407407407,3.7037037037037037,0.07142857142857142,0,0
"Porter Jr., Mann, Claxton, Williams, Dëmin","BKN",5,14,-34.33333333333334,25,124,24,44,0.5454545454545454,16,52,0.3076923076923077,0.3076923076923077,28,32,16,36,12,0.6666666666666666,0.6666666666666666,0.75,0.5416666666666666,0.5481833333333334,0.5,0.5535714285714286,0,8,0.18181818181818182,0,0
"Portis, Prince, Kuzma, Anthony, Rollins","MIL",4,14,4.214559386973178,27,111.11111111111111,29.62962962962963,48.148148148148145,0.6153846153846154,11.11111111111111,40.74074074074074,0.2727272727272727,0.2727272727272727,18.51851851851852,37.03703703703704,22.22222222222222,33.333333333333336,0,0.625,0.625,1,0.4583333333333333,0.5414586956521739,0.5208333333333334,0.5555555555555556,0,0,0,0,0
"Hartenstein, Gilgeous-Alexander, Wiggins, Williams, Wallace","OKC",2,14,32.19373219373219,27,162.96296296296296,25.925925925925927,33.333333333333336,0.7777777777777778,29.62962962962963,59.25925925925926,0.5,0.5,22.22222222222222,44.44444444444444,7.407407407407407,77.77777777777777,11.11111111111111,0.8571428571428571,0.8571428571428571,0.875,0.64,0.61561,0.76,0.7857142857142857,0,3.7037037037037037,0.1111111111111111,0,0
"Hart, Bridges, Brunson, Robinson, McBride","NYK",3,14,-14.285714285714292,28,110.71428571428571,32.142857142857146,64.28571428571429,0.5,14.285714285714286,57.142857142857146,0.25,0.25,3.5714285714285716,21.428571428571427,42.857142857142854,32.142857142857146,10.714285714285714,0.3333333333333333,0.75,0.75,0.47058823529411764,0.585809090909091,0.4411764705882353,0.44285714285714284,35.714285714285715,3.5714285714285716,0.05555555555555555,0,0
"Pickett, Johnson, Braun, Watson, Jokić","DEN",1,14,-38.16091954022987,30,106.66666666666667,46.666666666666664,70,0.6666666666666666,0,20,0,0,13.333333333333334,53.333333333333336,40,0,0,0.5714285714285714,0.8,0,0.2222222222222222,0.6105148148148147,0.5185185185185185,0.5517241379310345,26.666666666666668,0,0,0,0
"Robinson, Stewart, Cunningham, Duren, Jenkins","DET",1,14,34.48275862068965,29,144.82758620689654,44.827586206896555,62.06896551724138,0.7222222222222222,13.793103448275861,20.689655172413794,0.6666666666666666,0.6666666666666666,13.793103448275861,55.172413793103445,34.48275862068966,41.37931034482759,0,0.6153846153846154,0.6666666666666666,1,0.25,0.60165,0.7916666666666666,0.8076923076923077,6.896551724137931,3.4482758620689653,0.05555555555555555,0,0
"Robinson, Reed, Cunningham, Thompson, Harris","DET",1,14,-18.30769230769232,25,124,44,80,0.55,12,28,0.42857142857142855,0.42857142857142855,0,56,32,24,12,0.6363636363636364,0.7777777777777778,0.6666666666666666,0.25925925925925924,0.5243981481481481,0.5740740740740741,0.5740740740740741,16,4,0.05,0,0
"McLaughlin, Johnson, Champagnie, Wembanyama, Harper","SAS",4,14,29.92213570634037,31,116.12903225806451,19.35483870967742,41.935483870967744,0.46153846153846156,16.129032258064516,48.38709677419355,0.3333333333333333,0.3333333333333333,29.032258064516128,25.806451612903224,12.903225806451612,48.38709677419355,0,0.6666666666666666,0.8,1,0.5357142857142857,0.5638583333333334,0.48214285714285715,0.5454545454545454,6.451612903225806,0,0,3.225806451612903,0.06666666666666667
"Oubre Jr., Grimes, Maxey, Walker, Drummond","PHI",4,14,-28.607918263090667,27,85.18518518518519,25.925925925925927,62.96296296296296,0.4117647058823529,3.7037037037037037,33.333333333333336,0.1111111111111111,0.1111111111111111,22.22222222222222,7.407407407407407,44.44444444444444,0,11.11111111111111,0.14285714285714285,0.14285714285714285,0,0.34615384615384615,0.5163346153846153,0.3269230769230769,0.39655172413793105,0,3.7037037037037037,0.058823529411764705,0,0
"Jones, Isaac, Carter Jr., Wagner, Black","ORL",5,13,-64.28571428571428,28,75,10.714285714285714,42.857142857142854,0.25,7.142857142857143,39.285714285714285,0.18181818181818182,0.18181818181818182,32.142857142857146,14.285714285714286,7.142857142857143,10.714285714285714,10.714285714285714,0.6666666666666666,0.6666666666666666,0.5,0.4782608695652174,0.5583239130434783,0.2608695652173913,0.3620689655172414,0,3.5714285714285716,0.08333333333333333,0,0
"Booker, O'Neale, Gillespie, Ighodaro, Dunn","PHX",7,13,-0.4273504273504187,27,111.11111111111111,33.333333333333336,48.148148148148145,0.6923076923076923,11.11111111111111,33.333333333333336,0.3333333333333333,0.3333333333333333,11.11111111111111,37.03703703703704,29.62962962962963,33.333333333333336,0,0.5555555555555556,0.5555555555555556,1,0.4090909090909091,0.5312340909090909,0.6136363636363636,0.6521739130434783,0,0,0,0,0
"Jackson Jr., Konchar, Aldama, Coward, Small","MEM",3,13,-31.77339901477832,29,89.65517241379311,17.24137931034483,41.37931034482759,0.4166666666666667,13.793103448275861,44.827586206896555,0.3076923076923077,0.3076923076923077,13.793103448275861,27.586206896551722,6.896551724137931,41.37931034482759,0,0.8,0.8,1,0.52,0.52626,0.44,0.48148148148148145,0,6.896551724137931,0.16666666666666666,0,0
"Washington, Gafford, Christie, Flagg, Thompson","DAL",3,13,42.85714285714286,28,142.85714285714286,32.142857142857146,64.28571428571429,0.5,14.285714285714286,32.142857142857146,0.4444444444444444,0.4444444444444444,35.714285714285715,42.857142857142854,21.428571428571427,42.857142857142854,0,0.6666666666666666,0.75,1,0.3333333333333333,0.5535092592592593,0.5555555555555556,0.625,7.142857142857143,7.142857142857143,0.1111111111111111,0,0
"O'Neale, Goodwin, Gillespie, Ighodaro, Dunn","PHX",2,13,23.07692307692308,26,123.07692307692308,42.30769230769231,57.69230769230769,0.7333333333333333,11.538461538461538,42.30769230769231,0.2727272727272727,0.2727272727272727,3.8461538461538463,53.84615384615385,30.76923076923077,23.076923076923077,11.538461538461538,0.6363636363636364,0.6363636363636364,0.6666666666666666,0.4230769230769231,0.5941557692307693,0.5961538461538461,0.6153846153846154,0,0,0,0,0
"Robinson, Stewart, Cunningham, Duren, Holland II","DET",5,13,7.692307692307693,26,123.07692307692308,15.384615384615385,42.30769230769231,0.36363636363636365,23.076923076923077,57.69230769230769,0.4,0.4,23.076923076923077,7.6923076923076925,23.076923076923077,69.23076923076923,0,0.25,0.3333333333333333,1,0.5769230769230769,0.5242019230769231,0.5,0.5333333333333333,7.6923076923076925,3.8461538461538463,0.09090909090909091,0,0
"Kornet, Vassell, Champagnie, Castle, Barnes","SAS",4,13,39.822024471635146,31,122.58064516129032,25.806451612903224,35.483870967741936,0.7272727272727273,12.903225806451612,35.483870967741936,0.36363636363636365,0.36363636363636365,32.25806451612903,25.806451612903224,25.806451612903224,38.70967741935484,0,0.5,0.5,1,0.5,0.5838068181818182,0.6363636363636364,0.6607142857142857,0,0,0,0,0
"DiVincenzo, Reid, McDaniels, Conley, Randle","MIN",7,13,57.17948717948718,30,153.33333333333334,33.333333333333336,53.333333333333336,0.625,23.333333333333332,43.333333333333336,0.5384615384615384,0.5384615384615384,16.666666666666668,33.333333333333336,33.333333333333336,70,0,0.5,0.625,1,0.4482758620689655,0.5077053571428571,0.7068965517241379,0.71875,13.333333333333334,0,0,0,0
"Bridges, Sexton, Diabaté, Knueppel, James","CHA",8,13,-40.59139784946235,24,91.66666666666667,12.5,25,0.5,12.5,29.166666666666668,0.42857142857142855,0.42857142857142855,29.166666666666668,8.333333333333334,16.666666666666668,37.5,0,0.3333333333333333,0.5,1,0.5384615384615384,0.5215038461538462,0.5769230769230769,0.6111111111111112,8.333333333333334,0,0,0,0
"Huerter, Dosunmu, Giddey, Buzelis, Vučević","CHI",5,13,2.2435897435897516,26,123.07692307692308,38.46153846153846,57.69230769230769,0.6666666666666666,11.538461538461538,38.46153846153846,0.3,0.3,11.538461538461538,46.15384615384615,30.76923076923077,34.61538461538461,0,0.6,0.6,1,0.4,0.570874,0.58,0.5925925925925926,0,3.8461538461538463,0.06666666666666667,0,0
"Reid, Edwards, Clark, Conley, Gobert","MIN",5,13,-15.384615384615387,26,100,19.23076923076923,46.15384615384615,0.4166666666666667,15.384615384615385,46.15384615384615,0.3333333333333333,0.3333333333333333,15.384615384615385,15.384615384615385,23.076923076923077,46.15384615384615,0,0.4,0.4,1,0.5,0.54340625,0.4583333333333333,0.48148148148148145,0,0,0,0,0
"Sabonis, Monk, Ellis, Westbrook, DeRozan","SAC",3,13,3.030303030303031,33,103.03030303030303,24.242424242424242,51.515151515151516,0.47058823529411764,15.151515151515152,27.272727272727273,0.5555555555555556,0.5555555555555556,9.090909090909092,30.303030303030305,18.181818181818183,27.272727272727273,18.181818181818183,0.625,0.625,0.6,0.34615384615384615,0.49562500000000004,0.5961538461538461,0.6111111111111112,0,0,0,0,0
"DiVincenzo, Reid, Clark, Dillingham, Gobert","MIN",4,13,-4.558404558404561,26,76.92307692307692,23.076923076923077,50,0.46153846153846156,7.6923076923076925,42.30769230769231,0.18181818181818182,0.18181818181818182,7.6923076923076925,30.76923076923077,15.384615384615385,23.076923076923077,0,0.6666666666666666,0.6666666666666666,1,0.4583333333333333,0.5326369565217391,0.375,0.37037037037037035,0,3.8461538461538463,0.07692307692307693,0,0
"Yabusele, Hart, Bridges, Brunson, Shamet","NYK",6,13,-26.388888888888886,27,111.11111111111111,29.62962962962963,51.851851851851855,0.5714285714285714,11.11111111111111,40.74074074074074,0.2727272727272727,0.2727272727272727,18.51851851851852,14.814814814814815,44.44444444444444,33.333333333333336,0,0.25,0.25,1,0.44,0.5401,0.5,0.5357142857142857,0,3.7037037037037037,0.07142857142857142,0,0
"Oubre Jr., Grimes, Maxey, Watford, Bona","PHI",6,13,-25.123152709359616,29,103.44827586206897,27.586206896551722,44.827586206896555,0.6153846153846154,10.344827586206897,37.93103448275862,0.2727272727272727,0.2727272727272727,17.24137931034483,34.48275862068966,20.689655172413794,20.689655172413794,10.344827586206897,0.625,0.7142857142857143,0.6666666666666666,0.4583333333333333,0.5854833333333334,0.5208333333333334,0.5769230769230769,6.896551724137931,0,0,0,0
"Nance Jr., Mitchell, Mobley, Tyson, Proctor","CLE",4,13,-7.26600985221674,29,103.44827586206897,13.793103448275861,44.827586206896555,0.3076923076923077,10.344827586206897,27.586206896551722,0.375,0.375,44.827586206896555,6.896551724137931,20.689655172413794,20.689655172413794,10.344827586206897,0.25,0.3333333333333333,0.6666666666666666,0.38095238095238093,0.5286642857142857,0.40476190476190477,0.5769230769230769,6.896551724137931,6.896551724137931,0.15384615384615385,0,0
"Jones, Alvarado, Hawkins, Queen, Peavy","NOP",2,13,23.148148148148138,27,114.81481481481481,18.51851851851852,55.55555555555556,0.3333333333333333,22.22222222222222,44.44444444444444,0.5,0.5,11.11111111111111,22.22222222222222,14.814814814814815,33.333333333333336,33.333333333333336,0.6,0.6,0.5,0.4444444444444444,0.5222942307692308,0.5185185185185185,0.5344827586206896,0,3.7037037037037037,0.06666666666666667,0,0
"Markkanen, George, Sensabaugh, Collier, Nurkić","UTA",1,13,30.909090909090907,25,140,28,44,0.6363636363636364,16,36,0.4444444444444444,0.4444444444444444,36,16,40,36,12,0.2857142857142857,0.2857142857142857,0.75,0.45,0.4365525,0.65,0.7,0,0,0,0,0
"Brown, White, Pritchard, Garza, Hauser","BOS",7,13,10.600255427841645,29,106.89655172413794,17.24137931034483,41.37931034482759,0.4166666666666667,20.689655172413794,62.06896551724138,0.3333333333333333,0.3333333333333333,10.344827586206897,6.896551724137931,27.586206896551722,41.37931034482759,20.689655172413794,0.2,0.3333333333333333,0.6666666666666666,0.6,0.5126533333333333,0.4666666666666667,0.484375,13.793103448275861,0,0,0,0
"Kennard, Okongwu, Krejčí, Wallace, Newell","ATL",3,13,-31.034482758620683,29,82.75862068965517,10.344827586206897,24.137931034482758,0.42857142857142855,13.793103448275861,62.06896551724138,0.2222222222222222,0.2222222222222222,20.689655172413794,13.793103448275861,6.896551724137931,41.37931034482759,0,0.6666666666666666,0.6666666666666666,1,0.72,0.5611659999999999,0.36,0.42857142857142855,0,6.896551724137931,0.2857142857142857,0,0
"Porter Jr., Mann, Claxton, Martin, Clowney","BKN",3,13,51.72413793103448,29,144.82758620689654,27.586206896551722,51.724137931034484,0.5333333333333333,17.24137931034483,31.03448275862069,0.5555555555555556,0.5555555555555556,37.93103448275862,41.37931034482759,13.793103448275861,41.37931034482759,10.344827586206897,0.75,0.75,0.8,0.375,0.55035,0.6458333333333334,0.7068965517241379,0,3.4482758620689653,0.06666666666666667,0,0
"Murray, Braun, Hardaway Jr., Gordon, Jokić","DEN",4,13,43.652173913043484,25,148,36,52,0.6923076923076923,20,36,0.5555555555555556,0.5555555555555556,16,48,24,48,12,0.6666666666666666,0.75,0.8,0.4090909090909091,0.5435931818181818,0.75,0.7708333333333334,8,4,0.07692307692307693,0,0
"Porter Jr., Claxton, Martin, Clowney, Dëmin","BKN",4,13,-37.81818181818181,22,118.18181818181819,36.36363636363637,63.63636363636363,0.5714285714285714,13.636363636363637,50,0.2727272727272727,0.2727272727272727,4.545454545454546,45.45454545454545,27.272727272727273,27.272727272727273,13.636363636363637,0.625,0.7142857142857143,0.6666666666666666,0.44,0.54029,0.5,0.52,9.090909090909092,4.545454545454546,0.07142857142857142,0,0
"Porter Jr., Mann, Claxton, Thomas, Clowney","BKN",3,13,0,25,104,28,56,0.5,12,40,0.3,0.3,12,40,16,24,12,0.7142857142857143,0.7142857142857143,0.6666666666666666,0.4166666666666667,0.47775625000000005,0.4791666666666667,0.52,0,4,0.07142857142857142,0,0
"Vanderbilt, Dončić, Hayes, LaRavia, Knecht","LAL",6,13,-21.79487179487178,24,116.66666666666667,33.333333333333336,62.5,0.5333333333333333,12.5,33.333333333333336,0.375,0.375,12.5,33.333333333333336,33.333333333333336,37.5,0,0.5,0.5714285714285714,1,0.34782608695652173,0.5638840909090909,0.5434782608695652,0.56,8.333333333333334,4.166666666666667,0.06666666666666667,0,0
"Hield, Payton II, Podziemski, Horford, Curry","GSW",4,13,29.166666666666657,24,154.16666666666666,29.166666666666668,50,0.5833333333333334,25,50,0.5,0.5,20.833333333333332,16.666666666666668,41.666666666666664,37.5,37.5,0.2857142857142857,0.2857142857142857,0.5,0.5,0.5750729166666667,0.6666666666666666,0.6851851851851852,0,4.166666666666667,0.08333333333333333,0,0
"Portis, Prince, Kuzma, Coffey, Rollins","MIL",3,13,-32.183908045977006,27,133.33333333333334,37.03703703703704,62.96296296296296,0.5882352941176471,14.814814814814815,29.62962962962963,0.5,0.5,14.814814814814815,37.03703703703704,37.03703703703704,44.44444444444444,0,0.5,0.5,1,0.32,0.537596,0.64,0.6923076923076923,0,7.407407407407407,0.11764705882352941,0,0
"Ball, Hunter, Wade, Merrill, Mobley","CLE",5,12,31.034482758620683,25,100,24,32,0.75,12,60,0.2,0.2,16,40,8,36,0,0.8333333333333334,0.8333333333333334,1,0.6521739130434783,0.594095652173913,0.45652173913043476,0.5,0,0,0,0,0
"Hart, Bridges, Brunson, Robinson, Shamet","NYK",4,12,0,25,112,32,60,0.5333333333333333,12,28,0.42857142857142855,0.42857142857142855,12,16,48,24,12,0.25,0.2857142857142857,0.6666666666666666,0.3181818181818182,0.5914886363636364,0.5681818181818182,0.6086956521739131,8,0,0,0,0
"Kornet, Johnson, Vassell, Champagnie, Castle","SAS",5,12,-17.989417989418,27,96.29629629629629,40.74074074074074,70.37037037037037,0.5789473684210527,0,29.62962962962963,0,0,14.814814814814815,29.62962962962963,51.851851851851855,0,0,0.36363636363636365,0.4444444444444444,0,0.2962962962962963,0.5733134615384615,0.4074074074074074,0.4482758620689655,14.814814814814815,11.11111111111111,0.15789473684210525,0,0
"Dončić, Hachimura, Hayes, LaRavia, Smart","LAL",4,12,57.69230769230771,26,142.30769230769232,46.15384615384615,65.38461538461539,0.7058823529411765,7.6923076923076925,30.76923076923077,0.25,0.25,26.923076923076923,38.46153846153846,53.84615384615385,23.076923076923077,0,0.4166666666666667,0.45454545454545453,1,0.32,0.556286,0.6,0.6607142857142857,7.6923076923076925,3.8461538461538463,0.058823529411764705,0,0
"Jackson Jr., Aldama, Williams Jr., Spencer, Caldwell-Pope","MEM",4,12,-7.692307692307693,26,103.84615384615384,30.76923076923077,53.84615384615385,0.5714285714285714,3.8461538461538463,26.923076923076923,0.14285714285714285,0.14285714285714285,30.76923076923077,53.84615384615385,7.6923076923076925,11.538461538461538,0,0.875,0.875,1,0.3333333333333333,0.49184761904761903,0.4523809523809524,0.54,0,3.8461538461538463,0.07142857142857142,3.8461538461538463,0.14285714285714285
"Maxey, Barlow, Edwards, Edgecombe, Drummond","PHI",3,12,-8.074534161490675,23,134.7826086956522,39.130434782608695,73.91304347826087,0.5294117647058824,13.043478260869565,39.130434782608695,0.3333333333333333,0.3333333333333333,17.391304347826086,26.08695652173913,52.17391304347826,26.08695652173913,13.043478260869565,0.3333333333333333,0.375,0.6666666666666666,0.34615384615384615,0.556876923076923,0.5192307692307693,0.5740740740740741,8.695652173913043,0,0,0,0
"Hartenstein, Gilgeous-Alexander, Dort, Wiggins, Holmgren","OKC",3,12,8,25,112,16,36,0.4444444444444444,20,52,0.38461538461538464,0.38461538461538464,20,24,8,36,24,0.75,0.75,0.6,0.5909090909090909,0.5097522727272726,0.5227272727272727,0.56,0,4,0.1111111111111111,0,0
"Williamson, Poole, Jones, Murphy III, Missi","NOP",2,12,0,28,114.28571428571429,17.857142857142858,42.857142857142854,0.4166666666666667,21.428571428571427,35.714285714285715,0.6,0.6,14.285714285714286,7.142857142857143,28.571428571428573,64.28571428571429,0,0.2,0.2,1,0.45454545454545453,0.48398636363636366,0.6363636363636364,0.6153846153846154,0,10.714285714285714,0.25,0,0
"Murray, Brown, Valančiūnas, Hardaway Jr., Gordon","DEN",4,12,38.46153846153845,26,126.92307692307692,34.61538461538461,69.23076923076923,0.5,15.384615384615385,26.923076923076923,0.5714285714285714,0.5714285714285714,11.538461538461538,23.076923076923077,46.15384615384615,34.61538461538461,11.538461538461538,0.3333333333333333,0.375,0.75,0.28,0.55783,0.6,0.6111111111111112,7.6923076923076925,3.8461538461538463,0.05555555555555555,0,0
"George, Williams, Collier, Filipowski, Love","UTA",2,12,-3.8461538461538396,26,142.30769230769232,38.46153846153846,46.15384615384615,0.8333333333333334,11.538461538461538,34.61538461538461,0.3333333333333333,0.3333333333333333,30.76923076923077,46.15384615384615,30.76923076923077,34.61538461538461,0,0.6,0.75,1,0.42857142857142855,0.5394,0.6904761904761905,0.74,15.384615384615385,7.6923076923076925,0.16666666666666666,0,0
"Brown, Christie, Konan Niederhäuser, Telfort, Bogdanović","LAC",3,12,37.73913043478261,23,121.73913043478261,21.73913043478261,34.78260869565217,0.625,17.391304347826086,43.47826086956522,0.4,0.4,26.08695652173913,26.08695652173913,17.391304347826086,52.17391304347826,0,0.6,0.75,1,0.5555555555555556,0.5233194444444444,0.6111111111111112,0.6086956521739131,8.695652173913043,0,0,0,0
"Mitchell, Allen, Hunter, Mobley, Tomlin","CLE",2,12,-42.85714285714286,21,104.76190476190476,28.571428571428573,66.66666666666667,0.42857142857142855,9.523809523809524,23.80952380952381,0.4,0.4,19.047619047619047,19.047619047619047,38.095238095238095,14.285714285714286,14.285714285714286,0.3333333333333333,0.3333333333333333,0.5,0.2631578947368421,0.5045105263157894,0.47368421052631576,0.5238095238095238,0,4.761904761904762,0.07142857142857142,0,0
"Hartenstein, Gilgeous-Alexander, Dort, Holmgren, Mitchell","OKC",3,12,-2.7272727272727337,25,120,32,56,0.5714285714285714,4,20,0.2,0.2,44,8,56,12,0,0.125,0.14285714285714285,1,0.2631578947368421,0.44810263157894736,0.5,0.6,8,0,0,0,0
"DiVincenzo, McDaniels, Hyland, Gobert, Randle","MIN",2,12,-23.07692307692308,26,100,30.76923076923077,57.69230769230769,0.5333333333333333,3.8461538461538463,23.076923076923077,0.16666666666666666,0.16666666666666666,26.923076923076923,15.384615384615385,46.15384615384615,11.538461538461538,0,0.25,0.3333333333333333,1,0.2857142857142857,0.5146571428571429,0.4523809523809524,0.5416666666666666,15.384615384615385,3.8461538461538463,0.06666666666666667,0,0
"Spencer, Moody, Post, Butler III, Green","GSW",3,12,45.83333333333333,24,137.5,29.166666666666668,37.5,0.7777777777777778,20.833333333333332,50,0.4166666666666667,0.4166666666666667,16.666666666666668,41.666666666666664,16.666666666666668,62.5,0,0.7142857142857143,0.7142857142857143,1,0.5714285714285714,0.5231690476190476,0.6904761904761905,0.717391304347826,0,0,0,0,0
"Kornet, Johnson, Vassell, Castle, Barnes","SAS",4,12,3.7037037037036953,27,96.29629629629629,37.03703703703704,44.44444444444444,0.8333333333333334,3.7037037037037037,25.925925925925927,0.14285714285714285,0.14285714285714285,11.11111111111111,59.25925925925926,14.814814814814815,11.11111111111111,0,0.8,0.8888888888888888,1,0.3684210526315789,0.6487289473684211,0.6052631578947368,0.6190476190476191,7.407407407407407,0,0,0,0
"Eubanks, Westbrook, DeRozan, Schröder, LaVine","SAC",1,12,-23.71794871794873,24,141.66666666666666,45.833333333333336,66.66666666666667,0.6875,12.5,33.333333333333336,0.375,0.375,12.5,58.333333333333336,33.333333333333336,37.5,0,0.6363636363636364,0.7777777777777778,1,0.3333333333333333,0.5014583333333333,0.6458333333333334,0.6296296296296297,16.666666666666668,8.333333333333334,0.125,0,0
"Bridges, Ball, Mann, Kalkbrenner, Knueppel","CHA",3,12,-51.3986013986014,26,107.6923076923077,26.923076923076923,42.30769230769231,0.6363636363636364,11.538461538461538,53.84615384615385,0.21428571428571427,0.21428571428571427,19.23076923076923,30.76923076923077,23.076923076923077,34.61538461538461,0,0.5714285714285714,0.6666666666666666,1,0.56,0.54773,0.46,0.5,7.6923076923076925,3.8461538461538463,0.09090909090909091,0,0
"O'Neale, Allen, Livers, Gillespie, Ighodaro","PHX",3,12,80.95238095238096,21,180.95238095238096,33.333333333333336,52.38095238095238,0.6363636363636364,38.095238095238095,57.142857142857146,0.6666666666666666,0.6666666666666666,0,47.61904761904762,19.047619047619047,114.28571428571429,0,0.7142857142857143,0.8333333333333334,1,0.5217391304347826,0.5139065217391304,0.8260869565217391,0.8260869565217391,9.523809523809524,4.761904761904762,0.09090909090909091,0,0
"Dunn, Zubac, Jones Jr., Harden, Beal","LAC",1,12,-16.66666666666667,24,120.83333333333333,33.333333333333336,45.833333333333336,0.7272727272727273,16.666666666666668,37.5,0.4444444444444444,0.4444444444444444,4.166666666666667,41.666666666666664,25,37.5,12.5,0.625,0.625,0.75,0.45,0.5108699999999999,0.7,0.6590909090909091,0,0,0,0,0
"Ayton, Dončić, Hachimura, Reaves, James","LAL",1,12,-16.096866096866094,27,118.51851851851852,33.333333333333336,44.44444444444444,0.75,7.407407407407407,33.333333333333336,0.2222222222222222,0.2222222222222222,29.62962962962963,37.03703703703704,29.62962962962963,22.22222222222222,0,0.5555555555555556,0.5555555555555556,1,0.42857142857142855,0.53487,0.5714285714285714,0.6458333333333334,0,0,0,0,0
"Sabonis, Achiuwa, Westbrook, DeRozan, LaVine","SAC",1,12,-12,25,144,44,60,0.7333333333333333,16,36,0.4444444444444444,0.4444444444444444,8,88,0,36,12,1,1,0.75,0.375,0.6059375,0.7083333333333334,0.6923076923076923,0,0,0,0,0
"Ayton, Dončić, Hachimura, Reaves, LaRavia","LAL",3,12,20.833333333333343,24,91.66666666666667,16.666666666666668,37.5,0.4444444444444444,8.333333333333334,29.166666666666668,0.2857142857142857,0.2857142857142857,33.333333333333336,16.666666666666668,16.666666666666668,12.5,12.5,0.5,1,0.5,0.4375,0.4972125,0.4375,0.525,16.666666666666668,0,0,0,0
"LeVert, Stewart, Thompson, Holland II, Harris","DET",3,12,-49.66666666666666,25,92,24,64,0.375,8,24,0.3333333333333333,0.3333333333333333,20,24,24,24,0,0.5,0.6,1,0.2727272727272727,0.5367590909090909,0.4090909090909091,0.46,8,0,0,0,0
"Smith Jr., Eason, Sheppard, Durant, Adams","HOU",6,12,3.1339031339031322,27,118.51851851851852,29.62962962962963,51.851851851851855,0.5714285714285714,11.11111111111111,14.814814814814815,0.75,0.75,25.925925925925927,37.03703703703704,22.22222222222222,22.22222222222222,11.11111111111111,0.625,0.625,0.6666666666666666,0.2222222222222222,0.5037583333333333,0.6944444444444444,0.7272727272727273,0,0,0,0,0
"Caruso, Hartenstein, Holmgren, Wallace, Mitchell","OKC",3,12,-27.692307692307693,26,92.3076923076923,26.923076923076923,50,0.5384615384615384,3.8461538461538463,26.923076923076923,0.14285714285714285,0.14285714285714285,26.923076923076923,30.76923076923077,23.076923076923077,11.538461538461538,0,0.5714285714285714,0.6666666666666666,1,0.35,0.5433874999999999,0.425,0.5217391304347826,7.6923076923076925,3.8461538461538463,0.07692307692307693,0,0
"Holiday, Sengun, Thompson, Sheppard, Adams","HOU",3,12,25.29644268774703,23,143.47826086956522,34.78260869565217,69.56521739130434,0.5,17.391304347826086,30.434782608695652,0.5714285714285714,0.5714285714285714,21.73913043478261,34.78260869565217,34.78260869565217,52.17391304347826,0,0.5,0.5714285714285714,1,0.30434782608695654,0.5423413043478261,0.6086956521739131,0.6346153846153846,8.695652173913043,0,0,0,0
"Williams, Sharpe, Martin, Clowney, Dëmin","BKN",4,12,-70.32967032967032,28,64.28571428571429,14.285714285714286,25,0.5714285714285714,7.142857142857143,39.285714285714285,0.18181818181818182,0.18181818181818182,14.285714285714286,21.428571428571427,7.142857142857143,21.428571428571427,0,0.75,0.75,1,0.6111111111111112,0.543025,0.3888888888888889,0.45,0,0,0,0,0
"Vanderbilt, Hayes, Reaves, Knecht, Smart","LAL",4,12,-36,25,92,12,28,0.42857142857142855,12,44,0.2727272727272727,0.2727272727272727,32,16,8,12,24,0.6666666666666666,0.6666666666666666,0.3333333333333333,0.6111111111111112,0.5284472222222223,0.4166666666666667,0.5227272727272727,0,4,0.14285714285714285,0,0
"Paul, Dunn, Zubac, Collins, Leonard","LAC",3,12,-3.6796536796536827,21,119.04761904761905,38.095238095238095,71.42857142857143,0.5333333333333333,4.761904761904762,33.333333333333336,0.14285714285714285,0.14285714285714285,28.571428571428573,57.142857142857146,19.047619047619047,14.285714285714286,0,0.75,0.8571428571428571,1,0.3181818181818182,0.5176863636363636,0.4318181818181818,0.5,9.523809523809524,9.523809523809524,0.13333333333333333,0,0
"Johnson, Vassell, Castle, Harper, Biyombo","SAS",4,12,-34.46969696969697,22,86.36363636363636,9.090909090909092,45.45454545454545,0.2,13.636363636363637,36.36363636363637,0.375,0.375,27.272727272727273,0,18.181818181818183,40.90909090909091,0,0,0,1,0.4444444444444444,0.5268722222222223,0.3611111111111111,0.4318181818181818,0,0,0,0,0
"White, Simons, Queta, Minott, Scheierman","BOS",3,12,-5.263157894736835,19,84.21052631578948,10.526315789473685,52.63157894736842,0.2,15.789473684210526,52.63157894736842,0.3,0.3,15.789473684210526,10.526315789473685,10.526315789473685,47.36842105263158,0,0.5,1,1,0.5,0.49796500000000005,0.325,0.38095238095238093,10.526315789473685,0,0,0,0
"Mitchell, Hunter, Wade, Merrill, Mobley","CLE",5,12,-20.634920634920633,21,90.47619047619048,33.333333333333336,47.61904761904762,0.7,4.761904761904762,23.80952380952381,0.2,0.2,9.523809523809524,38.095238095238095,28.571428571428573,14.285714285714286,0,0.5714285714285714,0.6666666666666666,1,0.3333333333333333,0.5999133333333333,0.5666666666666667,0.59375,9.523809523809524,4.761904761904762,0.1,0,0
"LeVert, Robinson, Stewart, Cunningham, Duren","DET",4,11,4.34782608695653,23,108.69565217391305,17.391304347826086,43.47826086956522,0.4,17.391304347826086,39.130434782608695,0.4444444444444444,0.4444444444444444,21.73913043478261,8.695652173913043,26.08695652173913,52.17391304347826,0,0.25,0.25,1,0.47368421052631576,0.5193,0.5263157894736842,0.5681818181818182,0,8.695652173913043,0.2,0,0
"Murphy III, Alvarado, Matković, Hawkins, Queen","NOP",5,11,28.33333333333333,24,108.33333333333333,37.5,45.833333333333336,0.8181818181818182,8.333333333333334,33.333333333333336,0.25,0.25,8.333333333333334,33.333333333333336,41.666666666666664,12.5,12.5,0.4444444444444444,0.4444444444444444,0.5,0.42105263157894735,0.4889833333333333,0.631578947368421,0.65,0,0,0,0,0
"Booker, O'Neale, Brooks, Richards, Gillespie","PHX",4,11,-74.92877492877493,26,76.92307692307692,19.23076923076923,23.076923076923077,0.8333333333333334,7.6923076923076925,38.46153846153846,0.2,0.2,15.384615384615385,15.384615384615385,23.076923076923077,23.076923076923077,0,0.4,0.4,1,0.625,0.518709375,0.5,0.5555555555555556,0,0,0,0,0
"Hield, Payton II, Kuminga, Horford, Curry","GSW",4,11,-25.396825396825406,28,85.71428571428571,17.857142857142858,32.142857142857146,0.5555555555555556,10.714285714285714,57.142857142857146,0.1875,0.1875,17.857142857142858,21.428571428571427,14.285714285714286,21.428571428571427,10.714285714285714,0.6,0.75,0.6666666666666666,0.64,0.5561119999999999,0.38,0.4444444444444444,7.142857142857143,3.5714285714285716,0.1111111111111111,0,0
"Siakam, Toppin, Mathurin, Walker, Sheppard","IND",1,11,4.545454545454547,22,122.72727272727273,40.90909090909091,63.63636363636363,0.6428571428571429,4.545454545454546,31.818181818181817,0.14285714285714285,0.14285714285714285,27.272727272727273,9.090909090909092,72.72727272727273,0,13.636363636363637,0.1111111111111111,0.1111111111111111,0,0.3333333333333333,0.44912142857142856,0.5,0.54,0,0,0,0,0
"Robinson, Stewart, Duren, Holland II, Jenkins","DET",1,11,30.072463768115938,23,121.73913043478261,26.08695652173913,47.82608695652174,0.5454545454545454,17.391304347826086,47.82608695652174,0.36363636363636365,0.36363636363636365,17.391304347826086,26.08695652173913,26.08695652173913,52.17391304347826,0,0.5,0.6,1,0.5,0.5115590909090909,0.5454545454545454,0.56,8.695652173913043,4.3478260869565215,0.09090909090909091,0,0
"Hyland, Juzang, Miller, Beringer, Ingles","MIN",3,11,65.47619047619048,24,133.33333333333334,33.333333333333336,33.333333333333336,1,12.5,37.5,0.3333333333333333,0.3333333333333333,29.166666666666668,41.666666666666664,25,37.5,0,0.625,0.625,1,0.5294117647058824,0.5948264705882353,0.7352941176470589,0.7619047619047619,0,0,0,0,0
"Bridges, Mann, Diabaté, Simpson, McNeeley","CHA",3,11,-16.45021645021643,21,138.0952380952381,28.571428571428573,38.095238095238095,0.75,23.80952380952381,47.61904761904762,0.5,0.5,9.523809523809524,28.571428571428573,28.571428571428573,57.142857142857146,14.285714285714286,0.5,0.6,0.8,0.5555555555555556,0.5537222222222222,0.75,0.7631578947368421,9.523809523809524,0,0,0,0
"Grimes, Watford, Bona, Edwards, Edgecombe","PHI",3,11,-31.318681318681314,28,107.14285714285714,28.571428571428573,50,0.5714285714285714,10.714285714285714,21.428571428571427,0.5,0.5,17.857142857142858,7.142857142857143,50,32.142857142857146,0,0.125,0.125,1,0.3,0.5732184210526315,0.625,0.6,0,7.142857142857143,0.14285714285714285,0,0
"Caruso, Gilgeous-Alexander, Dort, Holmgren, Wallace","OKC",3,11,23.578595317725743,23,104.34782608695652,39.130434782608695,43.47826086956522,0.9,8.695652173913043,43.47826086956522,0.2,0.2,0,34.78260869565217,43.47826086956522,26.08695652173913,0,0.4444444444444444,0.4444444444444444,1,0.5,0.5648175,0.6,0.6,0,0,0,0,0
"Fox, Kornet, Johnson, Champagnie, Wembanyama","SAS",3,11,-3.80952380952381,20,120,30,65,0.46153846153846156,20,40,0.5,0.5,0,30,30,45,15,0.5,0.6,0.75,0.38095238095238093,0.5613380952380952,0.5714285714285714,0.5454545454545454,10,5,0.07692307692307693,5,0.125
"Ingram, Barrett, Barnes, Mamukelashvili, Shead","TOR",6,11,-3.7037037037037095,27,96.29629629629629,22.22222222222222,37.03703703703704,0.6,11.11111111111111,33.333333333333336,0.3333333333333333,0.3333333333333333,18.51851851851852,22.22222222222222,22.22222222222222,22.22222222222222,11.11111111111111,0.5,0.5,0.6666666666666666,0.47368421052631576,0.5680052631578947,0.5526315789473685,0.6190476190476191,0,3.7037037037037037,0.1,0,0
"Turner, Kuzma, Trent Jr., Rollins, Antetokounmpo","MIL",3,11,-45.83333333333334,26,100,23.076923076923077,38.46153846153846,0.6,11.538461538461538,42.30769230769231,0.2727272727272727,0.2727272727272727,19.23076923076923,23.076923076923077,23.076923076923077,23.076923076923077,11.538461538461538,0.5,0.5,0.6666666666666666,0.5238095238095238,0.5610333333333334,0.5,0.5416666666666666,0,7.6923076923076925,0.2,0,0
"Sengun, Smith Jr., Sheppard, Durant, Adams","HOU",4,11,20.075757575757564,24,129.16666666666666,29.166666666666668,62.5,0.4666666666666667,12.5,20.833333333333332,0.6,0.6,33.333333333333336,25,33.333333333333336,37.5,0,0.42857142857142855,0.6,1,0.25,0.4575,0.575,0.62,16.666666666666668,12.5,0.2,0,0
"Hartenstein, Gilgeous-Alexander, Joe, Wallace, Mitchell","OKC",4,11,11.07692307692308,26,123.07692307692308,38.46153846153846,57.69230769230769,0.6666666666666666,7.6923076923076925,46.15384615384615,0.16666666666666666,0.16666666666666666,23.076923076923077,30.76923076923077,46.15384615384615,23.076923076923077,0,0.4,0.5,1,0.4444444444444444,0.5385166666666666,0.48148148148148145,0.5333333333333333,15.384615384615385,0,0,0,0
"Kleber, Vanderbilt, Smith Jr., Knecht, James","LAL",1,11,27.27272727272728,22,113.63636363636364,22.727272727272727,54.54545454545455,0.4166666666666667,18.181818181818183,31.818181818181817,0.5714285714285714,0.5714285714285714,13.636363636363637,18.181818181818183,27.272727272727273,40.90909090909091,13.636363636363637,0.4,0.4,0.75,0.3684210526315789,0.5343289473684211,0.5789473684210527,0.5952380952380952,0,9.090909090909092,0.16666666666666666,0,0
"Hendricks, George, Sensabaugh, Bailey, Nurkić","UTA",5,11,-31.830238726790455,26,92.3076923076923,23.076923076923077,46.15384615384615,0.5,7.6923076923076925,30.76923076923077,0.25,0.25,23.076923076923077,38.46153846153846,7.6923076923076925,11.538461538461538,11.538461538461538,0.8333333333333334,0.8333333333333334,0.5,0.4,0.4912925,0.45,0.5217391304347826,0,7.6923076923076925,0.16666666666666666,0,0
"Moody, Podziemski, Curry, Butler III, Green","GSW",4,11,15.692307692307693,26,107.6923076923077,34.61538461538461,46.15384615384615,0.75,7.6923076923076925,38.46153846153846,0.2,0.2,15.384615384615385,38.46153846153846,30.76923076923077,11.538461538461538,11.538461538461538,0.5555555555555556,0.5555555555555556,0.5,0.45454545454545453,0.5865931818181818,0.5454545454545454,0.5833333333333334,0,7.6923076923076925,0.16666666666666666,0,0
"Hartenstein, Dort, Wiggins, Holmgren, Mitchell","OKC",2,11,29.347826086956516,23,104.34782608695652,26.08695652173913,78.26086956521739,0.3333333333333333,8.695652173913043,21.73913043478261,0.4,0.4,26.08695652173913,34.78260869565217,17.391304347826086,26.08695652173913,0,0.6666666666666666,0.8,1,0.21739130434782608,0.574745652173913,0.391304347826087,0.46153846153846156,8.695652173913043,4.3478260869565215,0.05555555555555555,0,0
"Brown, Braun, Hardaway Jr., Gordon, Jokić","DEN",4,11,15,20,120,35,60,0.5833333333333334,15,50,0.3,0.3,5,50,20,30,15,0.7142857142857143,0.8333333333333334,0.6666666666666666,0.45454545454545453,0.519625,0.5227272727272727,0.5454545454545454,10,10,0.16666666666666666,0,0
"Adebayo, Smith, Jaquez Jr., Fontecchio, Wiggins","MIA",2,11,34.52380952380952,20,125,45,65,0.6923076923076923,10,45,0.2222222222222222,0.2222222222222222,5,30,60,30,0,0.3333333333333333,0.375,1,0.4090909090909091,0.5190545454545454,0.5454545454545454,0.5434782608695652,10,5,0.07692307692307693,0,0
"Kennard, Alexander-Walker, Okongwu, Johnson, Gueye","ATL",3,11,11.111111111111114,28,100,21.428571428571427,25,0.8571428571428571,7.142857142857143,28.571428571428573,0.25,0.25,35.714285714285715,14.285714285714286,28.571428571428573,10.714285714285714,10.714285714285714,0.3333333333333333,0.3333333333333333,0.5,0.5333333333333333,0.6045233333333333,0.6,0.6666666666666666,0,0,0,0,0
"DiVincenzo, Reid, McDaniels, Dillingham, Randle","MIN",6,11,-30.615942028985515,24,104.16666666666667,33.333333333333336,62.5,0.5333333333333333,4.166666666666667,25,0.16666666666666666,0.16666666666666666,25,25,41.666666666666664,12.5,0,0.375,0.5,1,0.2857142857142857,0.5518595238095239,0.4523809523809524,0.5217391304347826,16.666666666666668,12.5,0.2,0,0
"Ayton, Dončić, Hachimura, LaRavia, Knecht","LAL",4,11,-88.33333333333333,24,91.66666666666667,33.333333333333336,58.333333333333336,0.5714285714285714,4.166666666666667,29.166666666666668,0.14285714285714285,0.14285714285714285,12.5,25,41.666666666666664,12.5,0,0.375,0.5,1,0.3333333333333333,0.543345238095238,0.4523809523809524,0.4782608695652174,16.666666666666668,8.333333333333334,0.14285714285714285,0,0
"Bridges, Sexton, Mann, Kalkbrenner, Knueppel","CHA",4,11,-8.695652173913047,24,100,29.166666666666668,54.166666666666664,0.5384615384615384,4.166666666666667,33.333333333333336,0.125,0.125,29.166666666666668,25,33.333333333333336,12.5,0,0.42857142857142855,0.5,1,0.38095238095238093,0.6079975,0.40476190476190477,0.48,8.333333333333334,4.166666666666667,0.07692307692307693,0,0
"Hayes-Davis, Livers, Goodwin, Fleming, Maluach","PHX",2,11,-15.384615384615387,26,84.61538461538461,15.384615384615385,30.76923076923077,0.5,11.538461538461538,53.84615384615385,0.21428571428571427,0.21428571428571427,19.23076923076923,15.384615384615385,15.384615384615385,23.076923076923077,11.538461538461538,0.5,0.6666666666666666,0.6666666666666666,0.6363636363636364,0.5557795454545454,0.38636363636363635,0.4375,7.6923076923076925,0,0,0,0
"Jones, Isaac, Carter Jr., Bane, Black","ORL",3,11,-4.940711462450594,23,108.69565217391305,30.434782608695652,52.17391304347826,0.5833333333333334,8.695652173913043,30.434782608695652,0.2857142857142857,0.2857142857142857,21.73913043478261,43.47826086956522,17.391304347826086,26.08695652173913,0,0.7142857142857143,0.7142857142857143,1,0.3684210526315789,0.5324710526315789,0.5263157894736842,0.5714285714285714,0,4.3478260869565215,0.08333333333333333,0,0
"Joe, Dieng, Carlson, Youngblood, Barnhizer","OKC",2,11,-20.910973084886137,21,109.52380952380952,28.571428571428573,42.857142857142854,0.6666666666666666,9.523809523809524,38.095238095238095,0.25,0.25,23.80952380952381,38.095238095238095,19.047619047619047,28.571428571428573,0,0.6666666666666666,0.6666666666666666,1,0.47058823529411764,0.5255941176470589,0.5294117647058824,0.6052631578947368,0,0,0,0,0
"Sabonis, Monk, Ellis, Schröder, LaVine","SAC",2,11,35.984848484848484,22,131.8181818181818,45.45454545454545,63.63636363636363,0.7142857142857143,13.636363636363637,22.727272727272727,0.6,0.6,0,63.63636363636363,27.272727272727273,27.272727272727273,13.636363636363637,0.7,0.7,0.6666666666666666,0.2631578947368421,0.6053315789473684,0.7631578947368421,0.7631578947368421,0,4.545454545454546,0.07142857142857142,0,0
"Porter Jr., Claxton, Williams, Martin, Powell","BKN",5,11,43.56060606060606,24,120.83333333333333,20.833333333333332,37.5,0.5555555555555556,16.666666666666668,37.5,0.4444444444444444,0.4444444444444444,29.166666666666668,25,16.666666666666668,50,0,0.6,0.6,1,0.5,0.5540416666666667,0.6111111111111112,0.725,0,4.166666666666667,0.1111111111111111,0,0
"Russell, Washington, Marshall, Christie, Flagg","DAL",5,11,-14.285714285714278,21,90.47619047619048,28.571428571428573,52.38095238095238,0.5454545454545454,4.761904761904762,38.095238095238095,0.125,0.125,19.047619047619047,57.142857142857146,0,14.285714285714286,0,1,1,1,0.42105263157894735,0.5674157894736842,0.39473684210526316,0.4523809523809524,0,0,0,0,0
"Williams III, Avdija, Murray, Cissoko, Grant","POR",6,11,-4,25,124,32,56,0.5714285714285714,8,20,0.4,0.4,36,32,32,24,0,0.5,0.5,1,0.2631578947368421,0.5335447368421052,0.5789473684210527,0.7045454545454546,0,4,0.07142857142857142,0,0
"Kuminga, Podziemski, Post, Butler III, Green","GSW",1,11,13.043478260869563,23,113.04347826086956,26.08695652173913,43.47826086956522,0.6,13.043478260869565,47.82608695652174,0.2727272727272727,0.2727272727272727,21.73913043478261,8.695652173913043,43.47826086956522,39.130434782608695,0,0.16666666666666666,0.16666666666666666,1,0.5238095238095238,0.5381952380952381,0.5,0.52,0,4.3478260869565215,0.1,4.3478260869565215,0.09090909090909091
"Sengun, Thompson, Sheppard, Durant, Adams","HOU",6,11,-54.13533834586467,21,114.28571428571429,33.333333333333336,66.66666666666667,0.5,9.523809523809524,38.095238095238095,0.25,0.25,19.047619047619047,47.61904761904762,19.047619047619047,14.285714285714286,14.285714285714286,0.7142857142857143,0.8333333333333334,0.5,0.36363636363636365,0.536534090909091,0.45454545454545453,0.5,9.523809523809524,4.761904761904762,0.07142857142857142,0,0
"Ingram, Barrett, Quickley, Agbaji, Barnes","TOR",1,11,-18.42650103519668,23,143.47826086956522,30.434782608695652,39.130434782608695,0.7777777777777778,21.73913043478261,39.130434782608695,0.5555555555555556,0.5555555555555556,17.391304347826086,34.78260869565217,26.08695652173913,52.17391304347826,13.043478260869565,0.5714285714285714,0.6666666666666666,0.8,0.5,0.5463555555555556,0.8055555555555556,0.825,8.695652173913043,4.3478260869565215,0.1111111111111111,0,0
"Simons, Pritchard, Garza, Hauser, Minott","BOS",4,11,-32.411067193675905,23,113.04347826086956,21.73913043478261,34.78260869565217,0.625,21.73913043478261,56.52173913043478,0.38461538461538464,0.38461538461538464,4.3478260869565215,8.695652173913043,34.78260869565217,52.17391304347826,13.043478260869565,0.2,0.3333333333333333,0.8,0.6190476190476191,0.5174023809523809,0.5952380952380952,0.5909090909090909,17.391304347826086,8.695652173913043,0.25,0,0
"Johnson, Champagnie, Wembanyama, Castle, Barnes","SAS",5,11,-40,20,80,30,50,0.6,5,45,0.1111111111111111,0.1111111111111111,5,50,10,15,0,0.8333333333333334,0.8333333333333334,1,0.47368421052631576,0.5569868421052632,0.39473684210526316,0.4,0,0,0,0,0
"Siakam, Bradley, Nembhard, Robinson-Earl, Sheppard","IND",3,11,8.181818181818187,22,118.18181818181819,36.36363636363637,68.18181818181819,0.5333333333333333,9.090909090909092,22.727272727272727,0.4,0.4,18.181818181818183,36.36363636363637,36.36363636363637,27.272727272727273,0,0.5,0.5,1,0.25,0.5324525,0.55,0.5909090909090909,0,4.545454545454546,0.06666666666666667,0,0
"LeVert, Green, Cunningham, Duren, Holland II","DET",4,11,22.92490118577075,22,127.27272727272727,36.36363636363637,54.54545454545455,0.6666666666666666,9.090909090909092,27.272727272727273,0.3333333333333333,0.3333333333333333,27.272727272727273,45.45454545454545,27.272727272727273,13.636363636363637,13.636363636363637,0.625,0.625,0.5,0.3333333333333333,0.5700138888888888,0.6111111111111112,0.6666666666666666,0,0,0,0,0
"Avdija, Murray, Camara, Clingan, Grant","POR",2,11,92.29249011857708,23,169.56521739130434,43.47826086956522,65.21739130434783,0.6666666666666666,17.391304347826086,34.78260869565217,0.5,0.5,30.434782608695652,60.869565217391305,26.08695652173913,52.17391304347826,0,0.7,0.7777777777777778,1,0.34782608695652173,0.5899086956521739,0.6956521739130435,0.6964285714285714,8.695652173913043,8.695652173913043,0.13333333333333333,0,0
"Ball, Mitchell, Allen, Wade, Merrill","CLE",4,11,-32.407407407407405,27,92.5925925925926,22.22222222222222,33.333333333333336,0.6666666666666666,11.11111111111111,51.851851851851855,0.21428571428571427,0.21428571428571427,14.814814814814815,37.03703703703704,7.407407407407407,11.11111111111111,22.22222222222222,0.8333333333333334,0.8333333333333334,0.3333333333333333,0.6086956521739131,0.5598630434782609,0.45652173913043476,0.4807692307692308,0,3.7037037037037037,0.1111111111111111,0,0
"Gilgeous-Alexander, Joe, Williams, Mitchell, Carlson","OKC",4,11,-8.333333333333329,24,120.83333333333333,25,33.333333333333336,0.75,16.666666666666668,66.66666666666667,0.25,0.25,20.833333333333332,8.333333333333334,41.666666666666664,37.5,12.5,0.16666666666666666,0.2,0.75,0.6666666666666666,0.5284666666666666,0.5,0.5370370370370371,8.333333333333334,0,0,0,0
"Kuminga, Moody, Podziemski, Post, Richard","GSW",1,11,24.637681159420296,24,133.33333333333334,25,45.833333333333336,0.5454545454545454,25,50,0.5,0.5,8.333333333333334,25,25,75,0,0.5,0.6,1,0.5217391304347826,0.5154,0.6521739130434783,0.6666666666666666,8.333333333333334,0,0,0,0
"Bitadze, Wagner, Black, Howard, da Silva","ORL",3,11,9.420289855072454,23,126.08695652173913,30.434782608695652,43.47826086956522,0.7,8.695652173913043,26.08695652173913,0.3333333333333333,0.3333333333333333,39.130434782608695,17.391304347826086,43.47826086956522,26.08695652173913,0,0.2857142857142857,0.2857142857142857,1,0.375,0.5345466666666667,0.625,0.6590909090909091,0,0,0,0,0
"Thybulle, Avdija, Camara, Holiday, Grant","POR",3,11,59.52380952380952,20,150,20,40,0.5,30,40,0.75,0.75,20,20,20,90,0,0.5,0.5,1,0.5,0.611453125,0.8125,0.7894736842105263,0,0,0,0,0
"Poole, Bey, Murphy III, Missi, Fears","NOP",4,11,0,22,136.36363636363637,18.181818181818183,40.90909090909091,0.4444444444444444,27.272727272727273,50,0.5454545454545454,0.5454545454545454,18.181818181818183,36.36363636363637,0,68.18181818181819,13.636363636363637,1,1,0.8333333333333334,0.55,0.5208875,0.65,0.6818181818181818,0,9.090909090909092,0.2222222222222222,0,0
"Vanderbilt, Hayes, Reaves, LaRavia, Smart","LAL",4,11,-47.64492753623189,23,56.52173913043478,21.73913043478261,56.52173913043478,0.38461538461538464,0,34.78260869565217,0,0,13.043478260869565,26.08695652173913,17.391304347826086,0,0,0.6,0.6,0,0.38095238095238093,0.5137761904761905,0.23809523809523808,0.29545454545454547,0,4.3478260869565215,0.07692307692307693,0,0
"Booker, O'Neale, Brooks, Ighodaro, Dunn","PHX",4,11,-18.47619047619048,21,109.52380952380952,38.095238095238095,66.66666666666667,0.5714285714285714,9.523809523809524,38.095238095238095,0.25,0.25,4.761904761904762,19.047619047619047,57.142857142857146,28.571428571428573,0,0.25,0.4,1,0.36363636363636365,0.4975,0.5,0.5227272727272727,28.571428571428573,4.761904761904762,0.07142857142857142,0,0
"Ball, Allen, Hunter, Wade, Porter Jr.","CLE",5,11,29.16666666666667,22,150,36.36363636363637,50,0.7272727272727273,18.181818181818183,36.36363636363637,0.5,0.5,22.727272727272727,54.54545454545455,18.181818181818183,40.90909090909091,13.636363636363637,0.75,0.75,0.75,0.42105263157894735,0.5418342105263158,0.7368421052631579,0.75,0,4.545454545454546,0.09090909090909091,0,0
"Brown, Watson, Jones, Hardaway Jr., Jokić","DEN",3,11,-1.1363636363636402,24,112.5,20.833333333333332,54.166666666666664,0.38461538461538464,12.5,25,0.5,0.5,33.333333333333336,25,16.666666666666668,37.5,0,0.6,0.6,1,0.3157894736842105,0.5081236842105263,0.5,0.5869565217391305,0,4.166666666666667,0.07692307692307693,0,0
"Barnes, Mamukelashvili, Dick, Shead, Murray-Boyles","TOR",5,11,-1.1363636363636331,24,62.5,16.666666666666668,58.333333333333336,0.2857142857142857,8.333333333333334,33.333333333333336,0.25,0.25,4.166666666666667,8.333333333333334,25,25,0,0.25,0.3333333333333333,1,0.36363636363636365,0.5205704545454546,0.3181818181818182,0.3125,8.333333333333334,8.333333333333334,0.14285714285714285,0,0
"Hyland, Miller, Dillingham, Beringer, Ingles","MIN",3,11,-42.30769230769232,26,100,42.30769230769231,65.38461538461539,0.6470588235294118,3.8461538461538463,19.23076923076923,0.2,0.2,3.8461538461538463,53.84615384615385,30.76923076923077,11.538461538461538,0,0.6363636363636364,0.6363636363636364,1,0.22727272727272727,0.6279886363636363,0.5681818181818182,0.5909090909090909,0,3.8461538461538463,0.058823529411764705,0,0
"Zubac, Jones Jr., Collins, Harden, Leonard","LAC",3,11,40,20,135,35,40,0.875,20,55,0.36363636363636365,0.36363636363636365,5,40,30,45,15,0.5714285714285714,0.5714285714285714,0.75,0.5789473684210527,0.49206052631578945,0.6842105263157895,0.7105263157894737,0,0,0,0,0
"Portis, Kuzma, Rollins, Green, Antetokounmpo","MIL",4,11,41.407867494824,23,165.2173913043478,39.130434782608695,60.869565217391305,0.6428571428571429,21.73913043478261,39.130434782608695,0.5555555555555556,0.5555555555555556,21.73913043478261,26.08695652173913,52.17391304347826,65.21739130434783,0,0.3333333333333333,0.3333333333333333,1,0.391304347826087,0.6188521739130435,0.717391304347826,0.76,0,13.043478260869565,0.21428571428571427,0,0
"Eubanks, Ellis, Clifford, Westbrook, DeRozan","SAC",3,11,-4.5454545454545325,22,122.72727272727273,45.45454545454545,72.72727272727273,0.625,4.545454545454546,9.090909090909092,0.5,0.5,18.181818181818183,54.54545454545455,36.36363636363637,13.636363636363637,0,0.6,0.6,1,0.1111111111111111,0.49994444444444447,0.6388888888888888,0.65,0,0,0,0,0
"Okogie, Smith Jr., Eason, Durant, Adams","HOU",5,10,58.39598997493735,19,163.1578947368421,36.8421052631579,57.89473684210526,0.6363636363636364,10.526315789473685,26.31578947368421,0.4,0.4,57.89473684210526,31.57894736842105,42.10526315789474,31.57894736842105,0,0.42857142857142855,0.6,1,0.3125,0.531765625,0.625,0.7045454545454546,21.05263157894737,5.2631578947368425,0.09090909090909091,0,0
"Jackson Jr., Morant, Aldama, Spencer, Coward","MEM",5,10,-29.04761904761905,20,90,25,40,0.625,5,45,0.1111111111111111,0.1111111111111111,25,30,20,15,0,0.6,0.75,1,0.5294117647058824,0.5042588235294118,0.38235294117647056,0.45,10,0,0,0,0
"Grimes, Maxey, Edgecombe, George, Drummond","PHI",1,10,9.523809523809533,21,119.04761904761905,19.047619047619047,57.142857142857146,0.3333333333333333,14.285714285714286,33.333333333333336,0.42857142857142855,0.42857142857142855,38.095238095238095,28.571428571428573,9.523809523809524,28.571428571428573,14.285714285714286,0.75,0.75,0.6666666666666666,0.3684210526315789,0.5296421052631579,0.4473684210526316,0.5208333333333334,0,4.761904761904762,0.08333333333333333,0,0
"Williamson, Jones, Murphy III, Fears, Queen","NOP",2,10,-12.499999999999986,24,116.66666666666667,41.666666666666664,75,0.5555555555555556,4.166666666666667,20.833333333333332,0.2,0.2,20.833333333333332,41.666666666666664,41.666666666666664,12.5,0,0.5,0.5,1,0.21739130434782608,0.6266521739130435,0.5,0.56,0,4.166666666666667,0.05555555555555555,0,0
"Murray, Camara, Clingan, Holiday, Grant","POR",4,10,-24,25,72,28,60,0.4666666666666667,0,20,0,0,16,40,16,0,0,0.7142857142857143,0.7142857142857143,0,0.25,0.5468175,0.35,0.4090909090909091,0,16,0.26666666666666666,0,0
"Kispert, Whitmore, Sarr, Carrington, George","WAS",3,10,-1.6666666666666572,21,133.33333333333334,42.857142857142854,71.42857142857143,0.6,14.285714285714286,33.333333333333336,0.42857142857142855,0.42857142857142855,4.761904761904762,47.61904761904762,38.095238095238095,14.285714285714286,28.571428571428573,0.5555555555555556,0.7142857142857143,0.3333333333333333,0.3181818181818182,0.5505113636363637,0.6136363636363636,0.6363636363636364,19.047619047619047,4.761904761904762,0.06666666666666667,0,0
"Fox, Johnson, Champagnie, Sochan, Wembanyama","SAS",4,10,8.712121212121218,22,104.54545454545455,22.727272727272727,45.45454545454545,0.5,9.090909090909092,27.272727272727273,0.3333333333333333,0.3333333333333333,31.818181818181817,9.090909090909092,36.36363636363637,13.636363636363637,13.636363636363637,0.2,0.3333333333333333,0.5,0.375,0.5475125,0.5,0.575,18.181818181818183,9.090909090909092,0.2,0,0
"Oubre Jr., Maxey, Edwards, Edgecombe, Embiid","PHI",1,10,-43.47826086956522,23,126.08695652173913,17.391304347826086,21.73913043478261,0.8,26.08695652173913,52.17391304347826,0.5,0.5,13.043478260869565,17.391304347826086,17.391304347826086,65.21739130434783,13.043478260869565,0.5,0.6666666666666666,0.8333333333333334,0.7058823529411765,0.5543941176470588,0.7647058823529411,0.7631578947368421,8.695652173913043,0,0,0,0
"Kennard, Alexander-Walker, Okongwu, Johnson, Risacher","ATL",3,10,27.27272727272728,22,136.36363636363637,31.818181818181817,54.54545454545455,0.5833333333333334,18.181818181818183,27.272727272727273,0.6666666666666666,0.6666666666666666,18.181818181818183,18.181818181818183,45.45454545454545,54.54545454545455,0,0.2857142857142857,0.3333333333333333,1,0.3333333333333333,0.5588361111111111,0.7222222222222222,0.7142857142857143,9.090909090909092,4.545454545454546,0.08333333333333333,0,0
"Avdija, Cissoko, Camara, Clingan, Grant","POR",1,10,-8.695652173913032,23,134.7826086956522,30.434782608695652,65.21739130434783,0.4666666666666667,21.73913043478261,43.47826086956522,0.5,0.5,8.695652173913043,8.695652173913043,52.17391304347826,52.17391304347826,13.043478260869565,0.14285714285714285,0.2,0.8,0.4,0.593512,0.58,0.5961538461538461,17.391304347826086,4.3478260869565215,0.06666666666666667,0,0
"Bridges, Ball, Mann, Kalkbrenner, James","CHA",3,10,4.545454545454547,23,100,13.043478260869565,21.73913043478261,0.6,17.391304347826086,52.17391304347826,0.3333333333333333,0.3333333333333333,21.73913043478261,8.695652173913043,17.391304347826086,52.17391304347826,0,0.3333333333333333,0.3333333333333333,1,0.7058823529411765,0.5348617647058824,0.5294117647058824,0.6052631578947368,0,0,0,0,0
"Ball, Allen, Hunter, Wade, Merrill","CLE",3,10,-61.06719367588933,22,95.45454545454545,22.727272727272727,50,0.45454545454545453,13.636363636363637,36.36363636363637,0.375,0.375,9.090909090909092,45.45454545454545,0,40.90909090909091,0,1,1,1,0.42105263157894735,0.5068078947368422,0.5,0.525,0,4.545454545454546,0.09090909090909091,0,0
"Carter Jr., Bane, Wagner, Suggs, Black","ORL",3,10,17.391304347826093,23,117.3913043478261,26.08695652173913,52.17391304347826,0.5,8.695652173913043,30.434782608695652,0.2857142857142857,0.2857142857142857,39.130434782608695,34.78260869565217,17.391304347826086,26.08695652173913,0,0.6666666666666666,1,1,0.3684210526315789,0.5597315789473685,0.47368421052631576,0.5652173913043478,17.391304347826086,4.3478260869565215,0.08333333333333333,0,0
"Sanders, Lopez, Batum, Harden, Bogdanović","LAC",3,10,42.934782608695656,23,130.43478260869566,26.08695652173913,43.47826086956522,0.6,17.391304347826086,52.17391304347826,0.3333333333333333,0.3333333333333333,26.08695652173913,8.695652173913043,43.47826086956522,39.130434782608695,13.043478260869565,0.16666666666666666,0.2,0.75,0.5454545454545454,0.5156772727272728,0.5454545454545454,0.6,8.695652173913043,4.3478260869565215,0.1,0,0
"Siakam, Nembhard, Nesmith, Jackson, Walker","IND",1,10,21.739130434782624,23,134.7826086956522,39.130434782608695,69.56521739130434,0.5625,8.695652173913043,17.391304347826086,0.5,0.5,30.434782608695652,34.78260869565217,43.47826086956522,13.043478260869565,13.043478260869565,0.4444444444444444,0.4444444444444444,0.5,0.2,0.507485,0.6,0.6041666666666666,0,0,0,0,0
"Sharpe, Thomas, Wilson, Clowney, Dëmin","BKN",2,10,10.766045548654247,21,123.80952380952381,4.761904761904762,19.047619047619047,0.25,23.80952380952381,61.904761904761905,0.38461538461538464,0.38461538461538464,42.857142857142854,0,9.523809523809524,71.42857142857143,0,0,0,1,0.7647058823529411,0.5303470588235294,0.5,0.5652173913043478,9.523809523809524,4.761904761904762,0.25,0,0
"Turner, Prince, Rollins, Green, Antetokounmpo","MIL",3,10,50.18115942028986,24,145.83333333333334,41.666666666666664,58.333333333333336,0.7142857142857143,8.333333333333334,16.666666666666668,0.5,0.5,37.5,33.333333333333336,50,25,0,0.4,0.5,1,0.2222222222222222,0.5939055555555556,0.7222222222222222,0.7608695652173914,16.666666666666668,0,0,0,0
"Bitadze, Bane, Banchero, Black, Penda","ORL",3,10,6.12648221343872,22,140.9090909090909,22.727272727272727,50,0.45454545454545453,22.727272727272727,36.36363636363637,0.625,0.625,27.272727272727273,27.272727272727273,18.181818181818183,54.54545454545455,13.636363636363637,0.6,0.75,0.8,0.42105263157894735,0.5215842105263158,0.6578947368421053,0.6818181818181818,9.090909090909092,9.090909090909092,0.18181818181818182,0,0
"Dunn, Zubac, Collins, Harden, Leonard","LAC",4,10,-9.090909090909093,22,100,31.818181818181817,50,0.6363636363636364,4.545454545454546,18.181818181818183,0.25,0.25,22.727272727272727,9.090909090909092,54.54545454545455,13.636363636363637,0,0.14285714285714285,0.16666666666666666,1,0.26666666666666666,0.46760999999999997,0.5666666666666667,0.6176470588235294,9.090909090909092,0,0,0,0
"Oubre Jr., Grimes, Watford, Edgecombe, Drummond","PHI",4,10,10.766045548654247,21,123.80952380952381,23.80952380952381,47.61904761904762,0.5,23.80952380952381,42.857142857142854,0.5555555555555556,0.5555555555555556,4.761904761904762,28.571428571428573,19.047619047619047,71.42857142857143,0,0.6,0.75,1,0.47368421052631576,0.55025,0.6578947368421053,0.6842105263157895,9.523809523809524,19.047619047619047,0.4,0,0
"Booker, Goodwin, Gillespie, Ighodaro, Dunn","PHX",7,10,33.33333333333334,21,133.33333333333334,33.333333333333336,52.38095238095238,0.6363636363636364,19.047619047619047,23.80952380952381,0.8,0.8,9.523809523809524,38.095238095238095,28.571428571428573,42.857142857142854,14.285714285714286,0.5714285714285714,0.5714285714285714,0.75,0.3125,0.529615625,0.8125,0.8235294117647058,0,4.761904761904762,0.09090909090909091,0,0
"Bridges, Ball, Miller, Kalkbrenner, Knueppel","CHA",1,10,-4.5454545454545325,22,122.72727272727273,27.272727272727273,36.36363636363637,0.75,18.181818181818183,50,0.36363636363636365,0.36363636363636365,13.636363636363637,36.36363636363637,18.181818181818183,54.54545454545455,0,0.6666666666666666,0.6666666666666666,1,0.5789473684210527,0.6006763157894737,0.631578947368421,0.6428571428571429,0,0,0,0,0
"Landale, Konchar, Aldama, Spencer, Caldwell-Pope","MEM",2,10,-45.45454545454545,22,68.18181818181819,31.818181818181817,68.18181818181819,0.4666666666666667,0,40.90909090909091,0,0,4.545454545454546,54.54545454545455,9.090909090909092,0,0,0.8571428571428571,0.8571428571428571,0,0.375,0.5306166666666666,0.2916666666666667,0.28846153846153844,0,9.090909090909092,0.13333333333333333,0,0
"Landale, Konchar, Coward, Small, Caldwell-Pope","MEM",4,10,-21.37681159420289,24,91.66666666666667,20.833333333333332,41.666666666666664,0.5,8.333333333333334,37.5,0.2222222222222222,0.2222222222222222,25,25,16.666666666666668,25,0,0.6,0.6,1,0.47368421052631576,0.5564421052631578,0.42105263157894735,0.5,0,8.333333333333334,0.2,0,0
"Grimes, Maxey, Walker, Edgecombe, Embiid","PHI",3,10,-33.94736842105263,20,145,30,45,0.6666666666666666,25,35,0.7142857142857143,0.7142857142857143,10,30,30,75,0,0.5,0.5,1,0.4375,0.567815625,0.84375,0.90625,0,10,0.2222222222222222,0,0
"Bridges, Kalkbrenner, Simpson, Knueppel, James","CHA",4,10,23.80952380952381,21,119.04761904761905,33.333333333333336,71.42857142857143,0.4666666666666667,9.523809523809524,23.80952380952381,0.4,0.4,23.80952380952381,38.095238095238095,28.571428571428573,14.285714285714286,14.285714285714286,0.5714285714285714,0.5714285714285714,0.5,0.25,0.5179975,0.5,0.5681818181818182,0,4.761904761904762,0.06666666666666667,0,0
"Williams, Smith, Jones, Dosunmu, Buzelis","CHI",5,10,39.13043478260869,23,113.04347826086956,26.08695652173913,52.17391304347826,0.5,8.695652173913043,26.08695652173913,0.3333333333333333,0.3333333333333333,34.78260869565217,17.391304347826086,34.78260869565217,26.08695652173913,0,0.3333333333333333,0.5,1,0.3333333333333333,0.6009611111111111,0.5,0.5952380952380952,17.391304347826086,4.3478260869565215,0.08333333333333333,0,0
"Vanderbilt, Hachimura, Reaves, LaRavia, Smart","LAL",3,10,70.56277056277057,21,152.38095238095238,38.095238095238095,47.61904761904762,0.8,9.523809523809524,28.571428571428573,0.3333333333333333,0.3333333333333333,47.61904761904762,38.095238095238095,38.095238095238095,14.285714285714286,14.285714285714286,0.5,0.5,0.5,0.375,0.61015625,0.6875,0.7619047619047619,0,0,0,0,0
"Carter, Williams, Smith, Dosunmu, Terry","CHI",2,10,56.41025641025642,24,133.33333333333334,16.666666666666668,45.833333333333336,0.36363636363636365,29.166666666666668,54.166666666666664,0.5384615384615384,0.5384615384615384,12.5,16.666666666666668,16.666666666666668,50,37.5,0.5,0.5,0.5714285714285714,0.5416666666666666,0.51753125,0.6041666666666666,0.6153846153846154,0,8.333333333333334,0.18181818181818182,0,0
"Sharpe, Wesley, Murray, Clingan, Grant","POR",4,10,-16.904761904761898,21,138.0952380952381,23.80952380952381,52.38095238095238,0.45454545454545453,9.523809523809524,28.571428571428573,0.3333333333333333,0.3333333333333333,61.904761904761905,38.095238095238095,9.523809523809524,28.571428571428573,0,0.8,0.8,1,0.35294117647058826,0.5503735294117648,0.47058823529411764,0.5833333333333334,0,9.523809523809524,0.18181818181818182,0,0
"Eubanks, Ellis, Clifford, DeRozan, Schröder","SAC",3,10,27.38095238095238,21,152.38095238095238,42.857142857142854,76.19047619047619,0.5625,9.523809523809524,23.80952380952381,0.4,0.4,38.095238095238095,38.095238095238095,47.61904761904762,28.571428571428573,0,0.4444444444444444,0.4444444444444444,1,0.23809523809523808,0.501245238095238,0.5714285714285714,0.6666666666666666,0,4.761904761904762,0.0625,0,0
"Oubre Jr., Grimes, Walker, Bona, Edgecombe","PHI",3,10,-12.318840579710155,23,104.34782608695652,21.73913043478261,39.130434782608695,0.5555555555555556,17.391304347826086,43.47826086956522,0.4,0.4,8.695652173913043,26.08695652173913,17.391304347826086,39.130434782608695,13.043478260869565,0.6,0.75,0.75,0.5263157894736842,0.5386894736842105,0.5789473684210527,0.6,8.695652173913043,0,0,0,0
"Kennard, Okongwu, Krejčí, Johnson, Wallace","ATL",3,10,-9.523809523809518,20,100,15,25,0.6,20,60,0.3333333333333333,0.3333333333333333,10,10,20,60,0,0.3333333333333333,0.5,1,0.7058823529411765,0.53305,0.5294117647058824,0.5555555555555556,10,5,0.2,0,0
"Zubac, Jones Jr., Batum, Harden, Bogdanović","LAC",2,10,29.285714285714292,21,114.28571428571429,19.047619047619047,38.095238095238095,0.5,14.285714285714286,52.38095238095238,0.2727272727272727,0.2727272727272727,33.333333333333336,9.523809523809524,28.571428571428573,14.285714285714286,28.571428571428573,0.25,0.3333333333333333,0.3333333333333333,0.5789473684210527,0.48486578947368425,0.4473684210526316,0.5217391304347826,9.523809523809524,4.761904761904762,0.125,0,0
"Ball, Wade, Merrill, Mobley, Tyson","CLE",3,10,-9.090909090909093,22,113.63636363636364,18.181818181818183,31.818181818181817,0.5714285714285714,22.727272727272727,54.54545454545455,0.4166666666666667,0.4166666666666667,9.090909090909092,27.272727272727273,9.090909090909092,54.54545454545455,13.636363636363637,0.75,0.75,0.8,0.631578947368421,0.5608105263157895,0.6052631578947368,0.625,0,0,0,0,0
"White, Simons, Queta, Hauser, González","BOS",2,10,44.04761904761905,20,125,30,70,0.42857142857142855,20,45,0.4444444444444444,0.4444444444444444,5,40,20,60,0,0.6666666666666666,0.8,1,0.391304347826087,0.5079478260869565,0.5217391304347826,0.5434782608695652,10,10,0.14285714285714285,0,0
"Allen, Goodwin, Gillespie, Ighodaro, Dunn","PHX",2,10,38.0952380952381,21,133.33333333333334,23.80952380952381,57.142857142857146,0.4166666666666667,23.80952380952381,42.857142857142854,0.5555555555555556,0.5555555555555556,14.285714285714286,38.095238095238095,9.523809523809524,42.857142857142854,28.571428571428573,0.8,0.8,0.6,0.42857142857142855,0.6069190476190476,0.5952380952380952,0.5833333333333334,0,14.285714285714286,0.25,0,0
"Washington, Marshall, Williams, Christie, Flagg","DAL",5,10,58.28571428571429,21,114.28571428571429,33.333333333333336,71.42857142857143,0.4666666666666667,0,28.571428571428573,0,0,47.61904761904762,38.095238095238095,28.571428571428573,0,0,0.5714285714285714,0.5714285714285714,0,0.2857142857142857,0.49207631578947364,0.3333333333333333,0.42857142857142855,0,9.523809523809524,0.13333333333333333,0,0
"Nembhard, Jackson, Huff, Walker, Sheppard","IND",2,10,-40.6015037593985,21,85.71428571428571,14.285714285714286,38.095238095238095,0.375,19.047619047619047,52.38095238095238,0.36363636363636365,0.36363636363636365,0,9.523809523809524,19.047619047619047,42.857142857142854,14.285714285714286,0.3333333333333333,0.3333333333333333,0.75,0.5789473684210527,0.545507894736842,0.47368421052631576,0.47368421052631576,0,4.761904761904762,0.125,0,0
"Kennard, Alexander-Walker, Okongwu, Wallace, Gueye","ATL",4,10,-5.263157894736835,21,100,19.047619047619047,28.571428571428573,0.6666666666666666,19.047619047619047,57.142857142857146,0.3333333333333333,0.3333333333333333,4.761904761904762,28.571428571428573,9.523809523809524,57.142857142857146,0,0.75,1,1,0.6666666666666666,0.5951694444444445,0.5555555555555556,0.5526315789473685,9.523809523809524,0,0,0,0
"Hield, Podziemski, Richard, Horford, Butler III","GSW",3,10,-12.10526315789474,20,130,25,60,0.4166666666666667,15,45,0.3333333333333333,0.3333333333333333,35,20,30,45,0,0.4,0.6666666666666666,1,0.42857142857142855,0.48565500000000006,0.4523809523809524,0.52,20,5,0.08333333333333333,0,0
"Powell, Mitchell, Jović, Larsson, Ware","MIA",4,10,19.82608695652175,23,147.82608695652175,39.130434782608695,43.47826086956522,0.9,13.043478260869565,26.08695652173913,0.5,0.5,30.434782608695652,43.47826086956522,34.78260869565217,39.130434782608695,0,0.5555555555555556,0.5555555555555556,1,0.375,0.5609,0.84375,0.8947368421052632,0,0,0,0,0
"Washington, Marshall, Christie, Flagg, Davis","DAL",4,10,-27.609427609427613,22,90.9090909090909,13.636363636363637,22.727272727272727,0.6,13.636363636363637,40.90909090909091,0.3333333333333333,0.3333333333333333,22.727272727272727,18.181818181818183,9.090909090909092,40.90909090909091,0,0.6666666666666666,0.6666666666666666,1,0.6428571428571429,0.5690538461538461,0.5357142857142857,0.5882352941176471,0,4.545454545454546,0.2,4.545454545454546,0.1111111111111111
"Okongwu, Krejčí, Daniels, Wallace, Gueye","ATL",2,10,-85.71428571428572,21,47.61904761904762,19.047619047619047,38.095238095238095,0.5,0,42.857142857142854,0,0,9.523809523809524,19.047619047619047,19.047619047619047,0,0,0.5,0.5,0,0.5294117647058824,0.5231617647058824,0.23529411764705882,0.2777777777777778,0,4.761904761904762,0.125,0,0
"Towns, Bridges, Robinson, Shamet, McBride","NYK",2,10,20,20,145,40,65,0.6153846153846154,15,25,0.6,0.6,20,10,70,45,0,0.125,0.16666666666666666,1,0.2777777777777778,0.5910555555555556,0.6944444444444444,0.725,20,5,0.07692307692307693,0,0
"Jones, Isaac, Carter Jr., Bane, Wagner","ORL",3,10,26.842105263157897,20,90,20,40,0.5,10,45,0.2222222222222222,0.2222222222222222,20,30,10,15,15,0.75,0.75,0.5,0.5294117647058824,0.5460205882352941,0.4117647058823529,0.47368421052631576,0,0,0,0,0
"Sabonis, Monk, Westbrook, DeRozan, Schröder","SAC",2,10,31.077694235588964,19,126.3157894736842,36.8421052631579,63.1578947368421,0.5833333333333334,15.789473684210526,36.8421052631579,0.42857142857142855,0.42857142857142855,5.2631578947368425,63.1578947368421,10.526315789473685,47.36842105263158,0,0.8571428571428571,0.8571428571428571,1,0.3684210526315789,0.5288236842105264,0.6052631578947368,0.5714285714285714,0,0,0,5.2631578947368425,0.14285714285714285
"Mitchell, Allen, Garland, Mobley, Tyson","CLE",1,10,107.36842105263159,20,160,50,65,0.7692307692307693,15,40,0.375,0.375,15,50,50,45,0,0.5,0.625,1,0.38095238095238093,0.6472428571428571,0.6904761904761905,0.7272727272727273,20,0,0,0,0
"Hendricks, Sensabaugh, Clayton Jr., Bailey, Nurkić","UTA",4,10,-26.086956521739125,24,100,29.166666666666668,50,0.5833333333333334,8.333333333333334,29.166666666666668,0.2857142857142857,0.2857142857142857,16.666666666666668,41.666666666666664,16.666666666666668,25,0,0.7142857142857143,0.7142857142857143,1,0.3684210526315789,0.5266078947368421,0.5263157894736842,0.5714285714285714,0,4.166666666666667,0.08333333333333333,0,0
"Gilgeous-Alexander, Joe, Williams, Wallace, Mitchell","OKC",5,10,11.73913043478261,23,121.73913043478261,21.73913043478261,43.47826086956522,0.5,13.043478260869565,30.434782608695652,0.42857142857142855,0.42857142857142855,39.130434782608695,17.391304347826086,26.08695652173913,26.08695652173913,13.043478260869565,0.4,0.4,0.6666666666666666,0.4117647058823529,0.5049941176470588,0.5588235294117647,0.6666666666666666,0,4.3478260869565215,0.1,0,0
"Okogie, Sengun, Eason, Sheppard, Capela","HOU",2,10,-17.85714285714286,20,125,40,55,0.7272727272727273,10,20,0.5,0.5,15,70,10,30,0,0.875,0.875,1,0.26666666666666666,0.6492566666666666,0.7333333333333333,0.7352941176470589,0,0,0,0,0
"Robinson, Green, Stewart, Cunningham, Thompson","DET",4,10,62.36842105263159,19,147.3684210526316,36.8421052631579,63.1578947368421,0.5833333333333334,15.789473684210526,31.57894736842105,0.5,0.5,26.31578947368421,21.05263157894737,52.63157894736842,47.36842105263158,0,0.2857142857142857,0.3333333333333333,1,0.3333333333333333,0.5177638888888889,0.6388888888888888,0.6363636363636364,10.526315789473685,5.2631578947368425,0.08333333333333333,0,0
"Paul, Dunn, Collins, Lopez, Batum","LAC",2,10,-53.884711779448615,21,61.904761904761905,9.523809523809524,28.571428571428573,0.3333333333333333,9.523809523809524,57.142857142857146,0.16666666666666666,0.16666666666666666,14.285714285714286,19.047619047619047,0,28.571428571428573,0,1,1,1,0.6666666666666666,0.5063083333333334,0.2777777777777778,0.325,0,9.523809523809524,0.3333333333333333,0,0
"Portis, Trent Jr., Rollins, Green, Antetokounmpo","MIL",6,10,-49.999999999999986,22,113.63636363636364,27.272727272727273,45.45454545454545,0.6,13.636363636363637,40.90909090909091,0.3333333333333333,0.3333333333333333,18.181818181818183,27.272727272727273,27.272727272727273,27.272727272727273,13.636363636363637,0.5,0.5,0.6666666666666666,0.47368421052631576,0.568928947368421,0.5526315789473685,0.5681818181818182,0,0,0,0,0
"Ayton, Hachimura, Vincent, Reaves, Smart","LAL",1,10,50.432900432900425,22,140.9090909090909,36.36363636363637,45.45454545454545,0.8,0,13.636363636363637,0,0,68.18181818181819,54.54545454545455,18.181818181818183,0,0,0.75,0.75,0,0.23076923076923078,0.49498846153846154,0.6153846153846154,0.775,0,0,0,0,0
"Coulibaly, Sarr, Carrington, George, Johnson","WAS",3,10,0,21,85.71428571428571,33.333333333333336,71.42857142857143,0.4666666666666667,4.761904761904762,9.523809523809524,0.5,0.5,4.761904761904762,28.571428571428573,38.095238095238095,14.285714285714286,0,0.42857142857142855,0.5,1,0.11764705882352941,0.5025147058823529,0.5,0.5294117647058824,9.523809523809524,0,0,0,0
"Bridges, Mann, Kalkbrenner, Knueppel, McNeeley","CHA",3,10,45.45454545454545,22,100,27.272727272727273,72.72727272727273,0.375,9.090909090909092,31.818181818181817,0.2857142857142857,0.2857142857142857,18.181818181818183,27.272727272727273,27.272727272727273,27.272727272727273,0,0.5,0.6,1,0.30434782608695654,0.5286913043478261,0.391304347826087,0.44,9.090909090909092,13.636363636363637,0.1875,0,0
"Landale, Morant, Konchar, Wells, Coward","MEM",2,10,40,20,135,45,70,0.6428571428571429,15,35,0.42857142857142855,0.42857142857142855,0,70,20,45,0,0.7777777777777778,0.875,1,0.3333333333333333,0.5768357142857143,0.6428571428571429,0.6428571428571429,10,5,0.07142857142857142,0,0
"Avdija, Sharpe, Murray, Camara, Grant","POR",3,10,41.66666666666666,18,166.66666666666666,33.333333333333336,38.888888888888886,0.8571428571428571,16.666666666666668,38.888888888888886,0.42857142857142855,0.42857142857142855,50,22.22222222222222,44.44444444444444,33.333333333333336,16.666666666666668,0.3333333333333333,0.3333333333333333,0.6666666666666666,0.5,0.5154142857142857,0.75,0.8333333333333334,0,0,0,0,0
"Avdija, Love, Murray, Camara, Clingan","POR",2,10,-54.434782608695656,23,69.56521739130434,21.73913043478261,47.82608695652174,0.45454545454545453,4.3478260869565215,47.82608695652174,0.09090909090909091,0.09090909090909091,13.043478260869565,26.08695652173913,17.391304347826086,13.043478260869565,0,0.6,0.6,1,0.5,0.6341704545454546,0.29545454545454547,0.3333333333333333,0,4.3478260869565215,0.09090909090909091,0,0
"Joe, Williams, Dieng, Youngblood, Barnhizer","OKC",2,10,23.80952380952381,21,90.47619047619048,9.523809523809524,28.571428571428573,0.3333333333333333,14.285714285714286,42.857142857142854,0.3333333333333333,0.3333333333333333,28.571428571428573,9.523809523809524,9.523809523809524,28.571428571428573,14.285714285714286,0.5,1,0.6666666666666666,0.6,0.5294766666666667,0.43333333333333335,0.475,9.523809523809524,0,0,0,0
"Brown, Strawther, Jones, Valančiūnas, Hardaway Jr.","DEN",1,10,36.578947368421055,20,105,35,75,0.4666666666666667,10,20,0.5,0.5,5,40,30,30,0,0.5714285714285714,0.6666666666666666,1,0.21052631578947367,0.5392605263157895,0.5263157894736842,0.5526315789473685,10,10,0.13333333333333333,0,0
"Brown, Watson, Hardaway Jr., Gordon, Jokić","DEN",5,10,29.21052631578948,20,145,40,70,0.5714285714285714,10,25,0.4,0.4,35,40,40,30,0,0.5,0.5714285714285714,1,0.2631578947368421,0.564575,0.5789473684210527,0.6304347826086957,10,5,0.07142857142857142,0,0
"Gilgeous-Alexander, Joe, Holmgren, Williams, Wallace","OKC",3,10,59.420289855072454,23,126.08695652173913,21.73913043478261,30.434782608695652,0.7142857142857143,13.043478260869565,56.52173913043478,0.23076923076923078,0.23076923076923078,43.47826086956522,8.695652173913043,34.78260869565217,39.130434782608695,0,0.2,0.2,1,0.65,0.5607825,0.475,0.5833333333333334,0,0,0,0,0
"Murphy III, Alvarado, Hawkins, Queen, Peavy","NOP",3,10,-18.47826086956522,20,125,35,65,0.5384615384615384,10,20,0.5,0.5,25,50,20,15,15,0.7142857142857143,0.7142857142857143,0.5,0.23529411764705882,0.572753125,0.5882352941176471,0.6578947368421053,0,10,0.15384615384615385,0,0
"Grimes, Maxey, Watford, Edgecombe, Embiid","PHI",4,10,4.347826086956516,23,104.34782608695652,13.043478260869565,47.82608695652174,0.2727272727272727,13.043478260869565,34.78260869565217,0.375,0.375,39.130434782608695,26.08695652173913,0,39.130434782608695,0,1,1,1,0.42105263157894735,0.5115947368421052,0.39473684210526316,0.4791666666666667,0,8.695652173913043,0.18181818181818182,0,0
"Yabusele, Hukporti, Kolek, Dadiet, Diawara","NYK",3,10,26.515151515151516,22,118.18181818181819,36.36363636363637,59.09090909090909,0.6153846153846154,9.090909090909092,31.818181818181817,0.2857142857142857,0.2857142857142857,18.181818181818183,63.63636363636363,9.090909090909092,13.636363636363637,13.636363636363637,0.875,1,0.5,0.35,0.57047,0.55,0.5652173913043478,9.090909090909092,4.545454545454546,0.07692307692307693,0,0
"Markkanen, Mykhailiuk, Kessler, George, Anderson","UTA",1,10,19.04761904761905,21,95.23809523809524,14.285714285714286,33.333333333333336,0.42857142857142855,4.761904761904762,23.80952380952381,0.2,0.2,52.38095238095238,28.571428571428573,0,14.285714285714286,0,1,1,1,0.4166666666666667,0.5933,0.375,0.5277777777777778,0,0,0,0,0
"Murray, Brown, Braun, Gordon, Jokić","DEN",2,10,32.21343873517786,22,140.9090909090909,31.818181818181817,50,0.6363636363636364,13.636363636363637,18.181818181818183,0.75,0.75,36.36363636363637,54.54545454545455,9.090909090909092,27.272727272727273,13.636363636363637,0.8571428571428571,0.8571428571428571,0.6666666666666666,0.26666666666666666,0.5038199999999999,0.7666666666666667,0.8157894736842105,0,0,0,0,0
"Yabusele, Hart, Bridges, Brunson, Clarkson","NYK",3,10,28.57142857142857,21,142.85714285714286,19.047619047619047,33.333333333333336,0.5714285714285714,33.333333333333336,52.38095238095238,0.6363636363636364,0.6363636363636364,4.761904761904762,19.047619047619047,19.047619047619047,100,0,0.5,0.5,1,0.6111111111111112,0.5674666666666667,0.8055555555555556,0.7894736842105263,0,0,0,0,0
"Booker, O'Neale, Allen, Green, Williams","PHX",1,9,65,20,170,35,55,0.6363636363636364,25,35,0.7142857142857143,0.7142857142857143,25,20,50,60,15,0.2857142857142857,0.3333333333333333,0.8,0.3888888888888889,0.5413805555555555,0.8055555555555556,0.85,10,0,0,0,0
"Brown, Johnson, Braun, Gordon, Jokić","DEN",5,9,9.473684210526315,20,120,40,60,0.6666666666666666,5,40,0.125,0.125,25,50,30,15,0,0.625,0.8333333333333334,1,0.4,0.60038,0.475,0.5454545454545454,20,0,0,0,0
"Vanderbilt, Ayton, Dončić, Hachimura, LaRavia","LAL",4,9,15.78947368421052,19,131.57894736842104,31.57894736842105,52.63157894736842,0.6,15.789473684210526,42.10526315789474,0.375,0.375,21.05263157894737,31.57894736842105,31.57894736842105,15.789473684210526,31.57894736842105,0.5,0.5,0.3333333333333333,0.4444444444444444,0.481653125,0.5833333333333334,0.5952380952380952,0,0,0,5.2631578947368425,0.125
"Portis, Prince, Kuzma, Anthony, Green","MIL",3,9,38.095238095238074,21,166.66666666666666,14.285714285714286,23.80952380952381,0.6,42.857142857142854,61.904761904761905,0.6923076923076923,0.6923076923076923,9.523809523809524,19.047619047619047,9.523809523809524,100,28.571428571428573,0.6666666666666666,0.6666666666666666,0.7777777777777778,0.7222222222222222,0.5449852941176471,0.9166666666666666,0.9210526315789473,0,0,0,0,0
"Mitchell, Allen, Wade, Porter Jr., Tyson","CLE",2,9,57.14285714285714,21,147.61904761904762,38.095238095238095,66.66666666666667,0.5714285714285714,4.761904761904762,23.80952380952381,0.2,0.2,57.142857142857146,38.095238095238095,38.095238095238095,14.285714285714286,0,0.5,0.5714285714285714,1,0.2631578947368421,0.5038236842105263,0.5,0.62,9.523809523809524,4.761904761904762,0.07142857142857142,0,0
"Huerter, Okoro, Smith, Giddey, Buzelis","CHI",3,9,-4.329004329004334,22,90.9090909090909,22.727272727272727,31.818181818181817,0.7142857142857143,13.636363636363637,45.45454545454545,0.3,0.3,4.545454545454546,27.272727272727273,18.181818181818183,40.90909090909091,0,0.6,0.75,1,0.5882352941176471,0.5479441176470587,0.5588235294117647,0.5555555555555556,9.090909090909092,4.545454545454546,0.14285714285714285,0,0
"Sengun, Eason, Sheppard, Durant, Capela","HOU",3,9,13.241106719367593,23,108.69565217391305,30.434782608695652,60.869565217391305,0.5,8.695652173913043,21.73913043478261,0.4,0.4,21.73913043478261,34.78260869565217,26.08695652173913,26.08695652173913,0,0.5714285714285714,0.5714285714285714,1,0.2631578947368421,0.5336473684210526,0.5263157894736842,0.5952380952380952,0,4.3478260869565215,0.07142857142857142,0,0
"Kennard, Okongwu, Daniels, Wallace, Gueye","ATL",2,9,45.55555555555554,18,155.55555555555554,33.333333333333336,61.111111111111114,0.5454545454545454,22.22222222222222,38.888888888888886,0.5714285714285714,0.5714285714285714,22.22222222222222,55.55555555555556,11.11111111111111,66.66666666666667,0,0.8333333333333334,0.8333333333333334,1,0.3888888888888889,0.5612833333333334,0.6666666666666666,0.7,0,5.555555555555555,0.09090909090909091,0,0
"Russell, Washington, Marshall, Christie, Powell","DAL",4,9,-24.52380952380952,21,90.47619047619048,33.333333333333336,52.38095238095238,0.6363636363636364,0,14.285714285714286,0,0,23.80952380952381,38.095238095238095,28.571428571428573,0,0,0.5714285714285714,0.5714285714285714,0,0.21428571428571427,0.4956,0.5,0.5277777777777778,0,0,0,0,0
"Coulibaly, Sarr, George, Johnson, McCollum","WAS",3,9,15.800865800865807,22,168.1818181818182,22.727272727272727,40.90909090909091,0.5555555555555556,31.818181818181817,45.45454545454545,0.7,0.7,27.272727272727273,27.272727272727273,18.181818181818183,81.81818181818181,13.636363636363637,0.6,0.6,0.8571428571428571,0.5263157894736842,0.5690736842105263,0.8157894736842105,0.8809523809523809,0,9.090909090909092,0.2222222222222222,0,0
"DiVincenzo, Reid, Edwards, Clark, Randle","MIN",3,9,52.89473684210526,19,157.89473684210526,57.89473684210526,73.6842105263158,0.7857142857142857,10.526315789473685,47.36842105263158,0.2222222222222222,0.2222222222222222,10.526315789473685,42.10526315789474,73.6842105263158,15.789473684210526,15.789473684210526,0.36363636363636365,0.4,0.5,0.391304347826087,0.48644523809523815,0.6086956521739131,0.6521739130434783,10.526315789473685,5.2631578947368425,0.07142857142857142,0,0
"Avdija, Sharpe, Murray, Camara, Clingan","POR",1,9,-108.80952380952381,21,76.19047619047619,23.80952380952381,71.42857142857143,0.3333333333333333,4.761904761904762,23.80952380952381,0.2,0.2,14.285714285714286,28.571428571428573,19.047619047619047,14.285714285714286,0,0.6,0.6,1,0.25,0.5674475,0.325,0.36363636363636365,0,0,0,0,0
"Brown, Johnson, Watson, Hardaway Jr., Jokić","DEN",3,9,29.76190476190476,21,104.76190476190476,33.333333333333336,57.142857142857146,0.5833333333333334,4.761904761904762,28.571428571428573,0.16666666666666666,0.16666666666666666,23.80952380952381,38.095238095238095,28.571428571428573,14.285714285714286,0,0.5714285714285714,0.5714285714285714,1,0.3333333333333333,0.5801666666666666,0.4722222222222222,0.5238095238095238,0,4.761904761904762,0.08333333333333333,0,0
"Nance Jr., Mitchell, Hunter, Mobley, Tyson","CLE",1,9,73.94736842105263,19,178.94736842105263,31.57894736842105,42.10526315789474,0.75,36.8421052631579,63.1578947368421,0.5833333333333334,0.5833333333333334,5.2631578947368425,42.10526315789474,21.05263157894737,94.73684210526316,15.789473684210526,0.6666666666666666,0.6666666666666666,0.8571428571428571,0.6,0.590705,0.825,0.85,0,0,0,0,0
"Markkanen, Sensabaugh, Collier, Bailey, Nurkić","UTA",2,9,9.022556390977456,21,114.28571428571429,14.285714285714286,42.857142857142854,0.3333333333333333,23.80952380952381,33.333333333333336,0.7142857142857143,0.7142857142857143,14.285714285714286,9.523809523809524,19.047619047619047,71.42857142857143,0,0.3333333333333333,0.3333333333333333,1,0.4375,0.50924375,0.65625,0.6666666666666666,0,9.523809523809524,0.2222222222222222,0,0
"Quickley, Agbaji, Barnes, Mamukelashvili, Dick","TOR",4,9,50,20,115,30,55,0.5454545454545454,15,25,0.6,0.6,10,40,20,45,0,0.6666666666666666,0.8,1,0.3125,0.60116875,0.65625,0.6764705882352942,10,0,0,0,0
"Booker, O'Neale, Williams, Gillespie, Dunn","PHX",6,9,40,20,115,10,30,0.3333333333333333,25,70,0.35714285714285715,0.35714285714285715,20,10,10,60,15,0.5,1,0.8,0.7,0.5348027777777777,0.475,0.5227272727272727,10,0,0,0,0
"Sabonis, Monk, Achiuwa, Schröder, LaVine","SAC",3,9,-40.90909090909092,22,77.27272727272727,18.181818181818183,36.36363636363637,0.5,9.090909090909092,36.36363636363637,0.25,0.25,13.636363636363637,18.181818181818183,18.181818181818183,27.272727272727273,0,0.5,0.5,1,0.5,0.52759375,0.4375,0.5,0,0,0,0,0
"Achiuwa, Ellis, Carter, Clifford, Raynaud","SAC",2,9,-13.043478260869563,23,95.65217391304348,17.391304347826086,34.78260869565217,0.5,8.695652173913043,34.78260869565217,0.25,0.25,34.78260869565217,34.78260869565217,0,26.08695652173913,0,1,1,1,0.5,0.480340625,0.4375,0.5238095238095238,0,0,0,0,0
"Washington, Marshall, Williams, Cisse, Christie","DAL",6,9,32.22222222222223,20,110,40,75,0.5333333333333333,5,25,0.2,0.2,15,40,40,15,0,0.5,0.5714285714285714,1,0.25,0.567195,0.475,0.4782608695652174,10,15,0.2,0,0
"Russell, Marshall, Christie, Flagg, Powell","DAL",3,9,0,19,121.05263157894737,26.31578947368421,36.8421052631579,0.7142857142857143,15.789473684210526,31.57894736842105,0.5,0.5,21.05263157894737,31.57894736842105,21.05263157894737,47.36842105263158,0,0.6,0.6,1,0.46153846153846156,0.5484041666666667,0.7307692307692307,0.71875,0,5.2631578947368425,0.14285714285714285,0,0
"Krejčí, Wallace, Houstan, Gueye, Newell","ATL",3,9,-9.740259740259745,21,85.71428571428571,14.285714285714286,23.80952380952381,0.6,14.285714285714286,42.857142857142854,0.3333333333333333,0.3333333333333333,14.285714285714286,19.047619047619047,9.523809523809524,42.857142857142854,0,0.6666666666666666,0.6666666666666666,1,0.6428571428571429,0.5110071428571429,0.5357142857142857,0.6,0,4.761904761904762,0.2,0,0
"Williams, Jones, Giddey, Buzelis, Vučević","CHI",2,9,21.05263157894737,19,121.05263157894737,47.36842105263158,68.42105263157895,0.6923076923076923,5.2631578947368425,31.57894736842105,0.16666666666666666,0.16666666666666666,10.526315789473685,21.05263157894737,73.6842105263158,15.789473684210526,0,0.2222222222222222,0.2222222222222222,1,0.3157894736842105,0.6226473684210526,0.5526315789473685,0.575,0,5.2631578947368425,0.07692307692307693,0,0
"Powell, Adebayo, Mitchell, Jović, Jaquez Jr.","MIA",1,9,44.28571428571429,21,114.28571428571429,19.047619047619047,38.095238095238095,0.5,14.285714285714286,28.571428571428573,0.5,0.5,33.333333333333336,9.523809523809524,28.571428571428573,42.857142857142854,0,0.25,0.25,1,0.42857142857142855,0.5759142857142857,0.6071428571428571,0.6666666666666666,0,0,0,0,0
"Markkanen, Sensabaugh, Williams, Collier, Filipowski","UTA",1,9,45,20,150,40,45,0.8888888888888888,10,30,0.3333333333333333,0.3333333333333333,40,60,20,30,0,0.75,0.75,1,0.4,0.5442033333333334,0.7333333333333333,0.75,0,0,0,5,0.16666666666666666
"Williams, Sharpe, Wilson, Martin, Dëmin","BKN",3,9,16.040100250626566,19,68.42105263157895,15.789473684210526,52.63157894736842,0.3,10.526315789473685,36.8421052631579,0.2857142857142857,0.2857142857142857,5.2631578947368425,21.05263157894737,10.526315789473685,31.57894736842105,0,0.6666666666666666,1,1,0.4117647058823529,0.5058117647058824,0.35294117647058826,0.38235294117647056,10.526315789473685,5.2631578947368425,0.1,0,0
"Sabonis, Ellis, Westbrook, DeRozan, Schröder","SAC",2,9,-24.812030075187977,19,89.47368421052632,21.05263157894737,52.63157894736842,0.4,10.526315789473685,26.31578947368421,0.4,0.4,15.789473684210526,31.57894736842105,10.526315789473685,31.57894736842105,0,0.75,0.75,1,0.3333333333333333,0.47962666666666665,0.4666666666666667,0.5,0,5.2631578947368425,0.1,0,0
"Sabonis, Monk, DeRozan, Schröder, LaVine","SAC",5,8,-30.555555555555557,18,94.44444444444444,33.333333333333336,50,0.6666666666666666,5.555555555555555,50,0.1111111111111111,0.1111111111111111,11.11111111111111,22.22222222222222,44.44444444444444,16.666666666666668,0,0.3333333333333333,0.4,1,0.5,0.5395916666666667,0.4166666666666667,0.4473684210526316,11.11111111111111,0,0,0,0
"Kispert, Whitmore, Vukcevic, George, Johnson","WAS",2,8,53.246753246753244,22,81.81818181818181,27.272727272727273,54.54545454545455,0.5,9.090909090909092,40.90909090909091,0.2222222222222222,0.2222222222222222,0,18.181818181818183,36.36363636363637,13.636363636363637,13.636363636363637,0.3333333333333333,0.3333333333333333,0.5,0.42857142857142855,0.5326857142857143,0.42857142857142855,0.42857142857142855,0,9.090909090909092,0.16666666666666666,0,0
"Barrett, Barnes, Mamukelashvili, Dick, Shead","TOR",4,8,-7.707509881422922,22,122.72727272727273,36.36363636363637,59.09090909090909,0.6153846153846154,13.636363636363637,36.36363636363637,0.375,0.375,9.090909090909092,45.45454545454545,27.272727272727273,40.90909090909091,0,0.625,0.625,1,0.38095238095238093,0.5596475,0.5952380952380952,0.6136363636363636,0,4.545454545454546,0.07692307692307693,0,0
"Hield, Moody, Jackson-Davis, Podziemski, Richard","GSW",2,8,-52.631578947368425,19,89.47368421052632,10.526315789473685,36.8421052631579,0.2857142857142857,10.526315789473685,21.05263157894737,0.5,0.5,36.8421052631579,10.526315789473685,10.526315789473685,15.789473684210526,15.789473684210526,0.5,0.5,0.5,0.36363636363636365,0.516895,0.45454545454545453,0.5666666666666667,0,5.2631578947368425,0.14285714285714285,0,0
"Russell, Martin, Marshall, Flagg, Thompson","DAL",3,8,-93.48370927318294,21,38.095238095238095,0,9.523809523809524,0,9.523809523809524,57.142857142857146,0.16666666666666666,0.16666666666666666,9.523809523809524,0,0,28.571428571428573,0,0,0,1,0.8571428571428571,0.5302392857142857,0.21428571428571427,0.26666666666666666,0,0,0,0,0
"Bryant, Travers, Tomlin, Porter Jr., Proctor","CLE",2,8,52.36842105263159,19,147.3684210526316,42.10526315789474,63.1578947368421,0.6666666666666666,10.526315789473685,36.8421052631579,0.2857142857142857,0.2857142857142857,31.57894736842105,63.1578947368421,21.05263157894737,15.789473684210526,15.789473684210526,0.75,0.75,0.5,0.3684210526315789,0.6049947368421053,0.5789473684210527,0.6363636363636364,0,10.526315789473685,0.16666666666666666,0,0
"Spencer, Moody, Santos, Jackson-Davis, Richard","GSW",2,8,-16.66666666666667,18,83.33333333333333,16.666666666666668,50,0.3333333333333333,5.555555555555555,27.77777777777778,0.2,0.2,33.333333333333336,11.11111111111111,22.22222222222222,16.666666666666668,0,0.3333333333333333,0.3333333333333333,1,0.35714285714285715,0.5520285714285714,0.32142857142857145,0.4411764705882353,0,22.22222222222222,0.4444444444444444,0,0